TradingDay,TMT,一带一路,中药,交通运输,传媒,光伏,养殖,农业综合,医疗,医药,医药医疗,半导体,国央企综合,国防军工,基建,基础化工,央企创新,家用电器,房地产,新能源汽车,新能源综合,旅游,有色,机械设备,汽车,游戏,生物科技,电力,电子,石油石化,绿色/ESG,计算机,通信,金融综合,钢铁煤炭,银行,非银,食品饮料
2015-05-22,,,,,,,,,,,-0.17378813479503163,,,,,,,,,,,,,,,,,,,,,,,0.8284807656818676,,,,-0.1546194960686451
2015-05-29,,,,,,,,,,,2.2769644201977224,,,,,,,,,,,,,,,,,,,,,,,0.21987466930752497,,,,0.3815769580023066
2015-06-05,,,,,,,,,,,-0.9539686384239061,,,,,,,,,,,,,,,,,,,,,,,-0.15564598639037086,,,,0.7625029829595364
2015-06-12,,,,,,,,,,,19.007060345827938,,,,,,,,,,,,,,,,,,,,,,,6.368832085315315,,,,-20.98267050229256
2015-06-19,,,,,,,,,,,-0.17187517320913748,,,,,,,,,,,,,,,,,,,,,,,-21.391606498792484,,,,-0.21978554182773571
2015-06-26,,,,,,,,,,,-4.340162479385704,,,,,,,,,,,,,,,,,,,,,,,-0.21811095586239826,,,,-4.80981725456454
2015-07-03,,,,,,,,,,,0.17939955022941675,,,,,,,,,,,,,,,,,,,,,,,2.236174203730371,,,,-1.0644189364775776
2015-07-10,,,,,,,,,,,-0.46701838222692976,,,,,,,,,,,,,,,,,,,,,,,-0.18675788004521998,,,,0.2611876760188334
2015-07-17,,,,,,,,,,,0.2434140979720002,,,,,,,,,,,,,,,,,,,,,,,-0.6004055358482308,,,,7.090579904944715
2015-07-24,,,,,,,,,,,-0.12477157518199211,,,,,,,,,,,,,,,,,,,,,,,-12.671712601133812,,,,-0.4603754831311624
2015-07-31,,,,,,,,,,,2.2008218014568457,,,,,,,,,,,,,,,,,,,,,,,-16.28670684918253,,,,-4.44253765937327
2015-08-07,,,,,,,,,,,-0.09287180144185958,,7.265885041220528,,,,,,,,,,,,,,,,,,,,,-28.875475391738227,,,-0.6767511117654673,0.7409237144460981
2015-08-14,1.4120269831089614,,,,,,,,,,0.04224295028908215,,-0.10908653189130091,,,,,,,,,,,,,,,,,,,,,1.50791928630292,,,-11.605029076518228,-0.12656769885078917
2015-08-21,9.49760411417785,,,,,,,,,,-11.028915718035377,,3.1118363503415334,,,,,,,,,,,,,,,,,,,,,17.57677582245886,,,-0.10153812261753298,-0.0654143924480995
2015-08-28,,,,,,,,,,,0.11888501809155116,,,,,,,,,,,,,,,,,,,,,,,0.037148420002739296,,,,
2015-09-02,,,,,,,,,,,3.9485971232463553,,,,,,,,,,,,,,,,,,,,,,,-1.0738599109876983,,,,
2015-09-11,,,,,,,,,,,1.54543833488838,,,,,,,,,,,,,,,,,,,,,,,0.04380929022145852,,,,
2015-09-18,,,,,,,,,,,3.504329660069007,,,,,,,,,,,,,,,,,,,,,,,2.3521792451443186,,,,
2015-09-25,,,,,,,,,,,12.70353287512611,,,,,,,,,,,,,,,,,,,,,,,15.788458305178223,,,,
2015-09-30,,,,,,,,,,,-0.5500677374992449,,,,,,,,,,,,,,,,,,,,,,,4.328338640720098,,,,
2015-10-09,,,,,,,,,,,-4.862488172426677,,,,,,,,,,,,,,,,,,,,,,,-1.9408825422926237,,,,
2015-10-16,,,,,,,,,,,0.4360417284803547,,,,,,,,,,,,,,,,,,,,,,,0.8806868082852627,,,,
2015-10-23,,,,,,,,,,,-5.889509264926038,,,,,,,,,,,,,,,,,,,,,,,3.227047869224773,,,,
2015-10-30,,,,,,,,,,,-0.8306407390189903,,,,,,,,,,,,,,,,,,,,,,,0.6110276107006729,,,,
2015-11-06,,,,,,,,,,,-0.16040156144200715,,,,,,,,,,,,,,,,,,,,,,,-11.629559453020144,,,,
2015-11-13,,,,,,,,,,,-0.4474461793959244,,,,,,,,,,,,,,,,,,,,,,,-4.202654497256272,,,,
2015-11-20,,,,,,,,,,,-19.75685521964827,,,,,,,,,,,,,,,,,,,,,,,3.026605513610307,,,,
2015-11-27,,,,,,,,,,,-0.019538548634336877,,,,,,,,,,,,,,,,,,,,,,,-21.24293046629232,,,,
2015-12-04,,,,,,,,,,,0.3188102587153512,,,,,,,,,,,,,,,,,,,,,,,-1.783288487300205,,,,
2015-12-11,,,,,,,,,,,2.147868865726653,,,,,,,,,,,,,,,,,,,,,,,1.9091691226864325,,,,
2015-12-18,,,,,,,,,,,-9.27653350054809,,,,,,,,,,,,,,,,,,,,,,,0.21405049149390937,,,,
2015-12-25,,,,,,,,,,,2.280848824644859,,,,,,,,,,,,,,,,,,,,,,,-4.8765587401779396,,,,
2015-12-31,,,,,,,,,,,3.4654987418547942,,,,,,,,,,,,,,,,,,,,,,,20.97397248987229,,,,
2016-01-08,,,,,,,,,,,12.172113029618494,,,,,,,,,,,,,,,,,,,,,,,-10.238701006946279,,,,
2016-01-15,,,,,,,,,,,-0.7964891372959467,,,,,,,,,,,,,,,,,,,,,,,2.648999441157825,,,,
2016-01-22,,,,,,,,,,,0.4607324398769881,,,,,,,,,,,,,,,,,,,,,,,-6.556345938781599,,,,
2016-01-29,,,,,,,,,,,0.1082889244050699,,,,,,,,,,,,,,,,,,,,,,,14.974410915715316,,,,
2016-02-05,,,,,,,,,,,3.1515663996234324,,,,,,,,,,,,,,,,,,,,,,,1.63663990681177,,,,
2016-02-19,,,,,,,,,,,17.451751263511106,,,,,,,,,,,,,,,,,,,,,,,20.612358040459686,,,,
2016-02-26,,,,,,,,,,,-0.07076915989005228,,,,,,,,,,,,,,,,,,,,,,,6.461412796700321,,,,
2016-03-04,,,,,,,,,,,-4.30113613619793,,,,,,,,,,,,,,,,,,,,,,,3.9027372017690416,,,,
2016-03-11,,,,,,,,,,,0.7317889499414532,,,,,,,,,,,,,,,,,,,,,,,0.3968138264623633,,,,
2016-03-18,,,,,,,,,,,7.241826112468658,,,,,,,,,,,,,,,,,,,,,,,-2.8772786513753656,,,,
2016-03-25,,,,,,,,,,,0.26273923101862595,,,,,,,,,,,,,,,,,,,,,,,-5.88186297698776,,,,
2016-08-05,,,,,,,,,,-0.2227925631768018,,,,,,,,,,,,,,,,,,,-1.5480944786312034,,,,,,,,,
2016-08-12,,,,,,,,,,0.4396692625243994,2.3162285670532454,,,,,,,,,,,,,,,,,,-13.700804031995501,,,,,0.980683502976787,,,,
2016-08-19,,,,,,,,,,0.027123760558386514,1.7725119013727497,,,,,,,,,,,,,,,,,,16.641035763419435,,,,,1.1120703119309225,,,,
2016-08-26,,,,,,,,,,-3.6389235389917705,-0.14313651127675833,,,,,,,,,,,,,,,,,,8.640034541496917,,,,,,,,,
2016-09-02,,,,,,,,,,-1.2002046438754252,4.684192144503074,,,,,,,,,,,,,,,,,,-0.5647772917570854,,,,,,,,,
2016-09-09,,,,,,,,,,0.033689242773096595,0.6100621806148714,,,,,,,,,,,,,,,,,,-0.11148766711829254,,,,,,,,,
2016-09-14,,,,,,,,,,3.7564932460568348,-0.40467758510472174,,,,,,,,,,,,,,,,,,3.2244171974015945,,,,,,,,,
2016-09-23,,,,,,,,,,-0.5586318174019584,-0.12115035985098074,,,,,,,,,,,,,,,,,,-7.061646708180127,,,,,,,,,
2016-09-30,,,,,,,,,,-0.07260098448705342,0.12624733231805907,,,,,,,,,,,,,,,,,,-0.24483216655342244,,,,,,,,,
2016-10-14,,,,,,,,,,-0.3250183812811168,-0.09041471326939177,,,,,,,,,,,,,,,,,,-1.6108294853254552,,,,,,,,,
2016-10-21,,,,,,,,,,-25.817655948580843,-0.4539298371262223,,,,,,,,,,,,,,,,,,-0.13074624361845355,,,,,,,,,
2016-10-28,,,,,,,,,,-0.03968571757551806,-0.030000919840277092,,,,,,,,,,,,,,,,,,-0.1595504946582523,,,,,,,,,
2016-11-04,,,,,,,,,,-0.5613092795923983,15.001697426968015,,,,,,,,,,,,,,,,,,0.42654744792316435,,,,,,,,,
2016-11-11,,,,,,,,,,3.9293812612753203,1.317793536279698,,,,,,,,,,,,,,,,,,0.5068233351864179,,,,,,,,,
2016-11-18,,,,,,,,,,4.027088954724579,-38.078920594931425,,,,,,,,,,,,,,,,,,0.0018930246327933664,,,,,,,,,
2016-11-25,,,,,,,,,,15.34100280451542,-19.27432510749848,,,,,,,,,,,,,,,,,,-6.987061109896357,,,,,,,,,
2016-12-02,,,,,,,,,,-3.1402103459184536,-0.005464317297246826,,,,,,,,,,,,,,,,,,-0.23160068272653453,,,,,,,,,
2016-12-09,,,,,,,,,,7.5613426351595585,-0.19357054119197445,,,,,,,,,,,,,,,,,,3.0717298928712733,,,,,,,,,
2016-12-16,,,,,,,,,,-0.02236237898088369,-0.0539080662318952,,,,,,,,,,,,,,,,,,-0.17441521470369323,,,,,,,,,
2016-12-23,,,,,,,,,,-8.202582929711475,-0.8567036278568929,,,,,,,,,,,,,,,,,,-3.769214733020502,,,,,,,,,
2016-12-31,,,,,,,,,,-0.11511151588820481,0.4293787226373805,,,,,,,,,,,,,,,,,,-0.05233874203708089,,,,,,,,,
2017-01-06,,,,,,,,,,-25.277405536090534,0.6584211953057084,,,,,,,,,,,,,,,,,,0.13351995879624778,,,,,,,,,
2017-01-13,,,,,,,,,,-10.382707203725362,-4.748995098964905,,,,,,,,,,,,,,,,,,5.177962181446434,,,,,,,,,
2017-01-20,,,,,,,,,,12.268731632848775,0.9214221899293235,,,,,,,,,,,,,,,,,,0.7147797343355226,,,,,,,,,
2017-01-26,,,,,,,,,,-4.500693504198025,-7.137767475025579,,,,,,,,,,,,,,,,,,0.9183407991452586,,,,,,,,,
2017-02-03,,,,,,,,,,-0.37055527409422806,-0.04706666667302501,,,,,,,,,,,,,,,,,,-7.356163566760038,,,,,,,,,
2017-02-10,,,,,,,,,,0.43233283717928195,-17.045637074201732,,,,,,,,,,,,,,,,,,0.06460311305137725,,,,,,,,,
2017-02-17,,,,,,,,,,0.08208129058740754,6.1919263747083875,,,,,,,,,,,,,,,,,,-1.0628710704064974,,,,,,,,,
2017-02-24,,,,,,,,,,-0.15863090243565497,-0.06272800456016726,,,,,,,,,,,,,,,,,,0.0522210817133814,,,,,,,,,
2017-03-03,,,,,,,,,,-1.3696937921612296,-0.31857469097054847,,,,,,,,,,,,,,,,,,20.77171745253861,,,,,,,,,
2017-03-10,,,,,,,,,,-11.354347397502721,-0.00032782522439068346,,,,,,,,,,,,,,,,,,0.35319090666870634,,,,,,,,,
2017-03-17,,,,,,,,,,-0.2443528819957326,-2.2909636347871154,,,,,,,,,,,,,,,,,,-0.00778319992188789,,,,,,,,,
2017-03-24,,,,,,,,,,11.950073995063285,0.010864183332632749,,,,,,,,,,,,,,,,,,-1.7957741223347856,,,,,,,,,
2017-03-31,,,,,,,,,,-0.18982575057740064,,,,,,,,,,,,,,,,,,,,,,,,,,,,
2017-04-07,,,,,,,,,,-1.504427800136316,,,,,,,,,,,,,,,,,,,,,,,,,,,,
2017-04-14,,,,,,,,,,-0.11938363821486803,,,,,,,,,,,,,,,,,,,,,,,,,,,,
2017-04-21,,,,,,,,,,-11.045258505228386,,,,,,,,,,,,,,,,,,,,,,,,,,,,
2017-04-28,,,,,,,,,,4.907892381238675,,,,,,,,,,,,,,,,,,,,,,,,,,,,
2017-05-05,,,,,,,,,,0.672135212737124,,,,,,,,,,,,,,,,,,,,,,,,,,,,
2017-05-12,,,,,,,,,,5.853424578852369,,,,,,,,,,,,,,,,,,,,,,,,,,,,
2017-05-19,,,,,,,,,,-0.9264020683734548,,,,,,,,,,,,,,,,,,,,,,,,,,,,
2017-05-26,,,,,,,,,,-0.09419692241739133,,,,,,,,,,,,,,,,,,,,,,,,,,,,
2017-06-02,,,,,,,,,,-10.619973047195781,,,,,,,,,,,,,,,,,,,,,,,,,,,,
2017-06-09,,,,,,,,,,4.6879526720826235,,,,,,,,,,,,,,,,,,,,,,,,,,,,
2017-06-16,,,,,,,,,,0.19877499552807953,,,,,,,,,,,,,,,,,,,,,,,,,,,,
2017-06-23,,,,,,,,,,-24.131691477347292,,,,,,,,,,,,,,,,,,,,,,,,,,,,
2017-06-30,,,,,,,,,,-4.353645997223843,,,,,,,,,,,,,,,,,,,,,,,,,,,,
2017-07-07,,,,,,,,,,-0.319993528632329,,,,,,,,,,,,,,,,,,,,,,,,,,,,
2017-07-14,,,,,,,,,,2.236245587486244,,,,,,,,,,,,,,,,,,,,,,,,,,,,
2017-07-21,,,,,,,,,,-0.24427644754722372,,,,,,,,,,,,,,,,,,,,,,,,,,,,
2017-07-28,,,,,,,,,,-0.11640466051741499,,,,,,,,,,,,,,,,,,,,,,,,,,,,
2017-08-04,,,,,,,,,,-0.10821536742861121,,,,,,,,,,,,,,,,,,,,,,,,,,,,
2017-08-11,,,,,,,,,,5.699547410358529,-0.2271102940875582,,,,,,,,,,,,,,,,,,,,,,,,,,,
2017-08-18,,,,,,,,,,-0.11404289459769229,-0.9964772235276935,,,,,,,,,,,,,,,,,,,,,,,,,,,
2017-08-25,,,,,,,,,,-0.19305671266100186,0.9161400064935589,,,,,,,,,,,,,,,,,,,,,,,,,,,
2017-09-01,,,,,,,,,,-14.441544181071666,,,,,,,,,,,,,,,,,,,,,,,,,,,,
2017-09-08,,,,,,,,,,-0.5573903690040809,,,,,,,,,,,,,,,,,,,,,,,,,,,,
2017-09-15,,,,,,,,,,-0.3320434116979095,,,,,,,,,,,,,,,,,,,,,,,,,,,,
2017-09-22,,,,,,,,,,0.8614379818160425,,,,,,,,,,,,,,,,,,,,,,,,,,,,
2017-09-30,,,,,,,,,,0.015088589408136427,,,,,,,,,,,,,,,,,,,,,,,,,,,,
2017-10-13,,,,,,,,,,-7.5042817047061945,,,,,,,,,,,,,,,,,,,,,,,,,,,,
2017-10-20,,,,,,,,,,-3.9116727392539854,,,,,,,,,,,,,,,,,,,,,,,,,,,,
2017-10-27,,,,,,,,,,-0.10611260751474888,,,,,,,,,,,,,,,,,,,,,,,,,,,,
2017-11-03,,,,,,,,,,15.937449401338448,,,,,,,,,,,,,,,,,,,,,,,,,,,,
2017-11-10,,,,,,,,,,7.341140965317624,,,,,,,,,,,,,,,,,,,,,,,,,,,,
2017-11-17,,,,,,,,,,-9.330342151028724,,,,,,,,,,,,,,,,,,,,,,,,,,,,
2017-11-24,,,,,,,,,,-1.8042166898909442,,,,,,,,,,,,,,,,,,,,,,,,,,,,
2017-12-01,,,,,,,,,,-21.242218258610944,,,,,,,,,,,,,,,,,,,,,,,,,,,,
2017-12-08,,,,,,,,,,0.006196621223227894,,,,,,,,,,,,,,,,,,,,,,,,,,,,
2017-12-15,,,,,,,,,,-3.1790170315904795,,,,,,,,,,,,,,,,,,,,,,,,,,,,
2017-12-22,,,,,,,,,,3.3148047685673236,,,,,,,,,,,,,,,,,,,,,,,,,,,,
2017-12-31,,,,,,,,,,-0.37373490593455494,,,,,,,,,,,,,,,,,,,,,,,,,,,,
2018-01-05,,,,,,,,,,-1.0926952434436425,,,,,,,,,,,,,,,,,,,,,,,,,,,,
2018-01-12,,,,,,,,,,0.051000000970097936,,,,,,,,,,,,,,,,,,,,,,,,,,,,
2018-01-19,,,,,,,,,,1.6892382050325014,,,,,,,,,,,,,,,,,,,,,,,,,,,0.03131948617035822,
2018-01-26,,,,,,,,,,-3.729720559315319,,,,,,,,,,,,,,,,,,,,,,,,,,,0.08842120462004344,
2018-02-02,,,,,,,,,,-0.03518100817046114,,,,,,,,,,,,,,,,,,,,,,,,,,,-0.09309773913471872,
2018-02-09,,,,,,,,,,-0.10904196859382403,,,,,,,,,,,,,,,,,,,,,,,,,,,0.10444447587905972,
2018-02-14,,,,,,,,,,18.661464121255282,,,,,,,,,5.9667330516436765,,,,,,,,,,,,,,,,,,0.745823042109129,
2018-02-23,,,,,,,,,,1.9387857685818424,,,,,,,,,8.028539757548844,,,,,,,,,,,,,,,,,,0.05092959864923341,
2018-03-02,,,,,,,,,,-0.3313531309383366,,,,,,,,,0.1989758924729012,,,,,,,,,,,,,,,,,,-0.038685693838165405,
2018-03-09,,,,,,,,,,9.800702363128048,,,,,,,,,-0.12047482724391147,,,,,,,,,,,,,,,,,,-1.5325963857423632,
2018-03-16,,,,,,,,,,-9.165490859043835,,,,,,,,,-23.562199185316445,,,,,,,,,,,,,,,,,,-2.730954678311122,
2018-03-23,,,,,,,,,,0.06205179769090782,,,,,,,,,-4.22462456321782,,,,,,,,,,,,,,,,,,1.293372934522488,
2018-08-10,,,,,,,,,,,,,,,,,,,,,,,,,,,,,,,,,,,,-6.435172359191112,,
2018-08-17,,,,,,,,,,,,,,,,,,,,,,,,,,,,,,,,,,,,-0.5721149266900472,,
2018-08-24,,,,,,,,,,,,,,,,,,,,,,,,,,,,,,,,,,,,1.0523856483037917,,
2018-08-31,,,,,,,,,,,,,,,,,,,,,,,,,,,,,,,,,,,,7.173215015573057,,
2018-09-07,,,,,,,,,,,,,,,,,,,,,,,,,,,,,,,,,,,,-0.47687717153597853,,
2018-09-14,,,,,,,,,,,,,,,,,,,,,,,,,,,,,,,,,,,,-1.1139330559298617,,
2018-09-21,,,,,,,,,,,,,,,,,,,,,,,,,,,,,,,,,,,,-3.885143733318856,,
2018-09-30,,,,,,,,,,,,,,,,,,,,,,,,,,,,,,,,,,,,0.144347578353293,,
2018-10-12,,,,,,,,,,,,,,,,,,,,,,,,,,,,,,,,,,,,0.22155081725130632,,
2018-10-19,,,,,,,,,,,,,,,,,,,,,,,,,,,,,,,,,,,,0.6750087221248829,,
2018-10-26,,,,,,,,,,,,,,,,,,,,,,,,,,,,,,,,,,,,0.1521490865658402,,
2018-11-02,,,,,,,,,,,,,,,,,,,,,,,,,,,,,,,,,,,,-4.128291744217312,,
2018-11-09,,,,,,,,,,,,,,,,,,,,,,,,,,,,,,,,,,,,5.549146170633633,,
2018-11-16,,,,,,,,,,,,,,,,,,,,,,,,,,,,,,,,,,,,2.486880916266682,,
2018-11-23,,,,,,,,,,,,,,,,,,,,,,,,,,,,,,,,,,,,-0.5240314152826459,,
2018-11-30,,,,,,,,,,,,,,,,,,,,,,,,,,,,,,,,,,,,-0.5267108128813079,,
2018-12-07,,,,,,,,,,,,,,,,,,,,,,,,,,,,,,,,,,,,0.01926093927887347,,
2018-12-14,,,,,,,,,,,,,,,,,,,,,,,,,,,,,,,,,,,,1.5777121585504128,,
2018-12-21,,,,,,,,,,,,,,,,,,,,,,,,,,,,,,,,,,,,4.573250330043632,,
2018-12-28,,,,,,,,,,,,,,,,,,,,,,,,,,,,,,,,,,,,-0.01070915186850832,,
2019-01-04,,,,,,,,,,,,,,,,,,,,,,,,,,,,,,,,,,,,-0.03140992595607729,,
2019-01-11,,,,,,,,,,,,,,0.39181381916448266,,,,,-0.05313926129213187,,,,,,,,,,,,,,,,,-0.5523432535528529,,
2019-01-18,,,,,,,,,,,,,,-3.921162511877204,,,,,-5.669239119417329,,,,,,,,,,,,,,,,,-2.623539147543754,,
2019-01-25,,,,,,,,,,,,,,0.029361644907275834,,,,,-0.11847265677645574,,,,,,,,,,,,,,,,,-0.03040860122431161,,
2019-02-01,,,,,,,,,,,,,,0.03443600936213925,,,,,0.3190963089679313,,,,,,,,,,,,,,,,,-0.10329254191243945,,
2019-02-15,,,,,,,,,,,,,,0.15916790055184965,,,,,1.8335013561812763,,,,,,,,,,,,,,,,,0.8892433269624349,,
2019-02-22,,,,,,,,,,,,,,-12.110190237229544,,,,,-0.07359932952598264,,,,,,,,,,,,,,,,,6.091622115017834,,
2019-03-01,,,,,,,,,,,,,,0.0786387683203308,,,,,10.124629072039033,,,,,,,,,,,,,,,,,2.0617960333899927,,
2019-03-08,,,,,,,,,,,,,,-0.2084765157743817,,,,,2.2492226768638623,,,,,,,,,,,,,,,,,-0.15551247221336095,,
2019-03-15,,,,,,,,,,,,,,-0.9863627454976281,,,,,-0.29893122008634443,,,,,,,,,,,,,,,,,-11.062591284583242,,
2019-03-22,,,,,,,,,,,,,,-8.173269153754081,,,,,0.9387658359172972,,,,,,,,,,,,,,,,,15.085948884700478,,
2019-03-31,,,,,,,,,,,,,,,,,,,-1.297890550778145,,,,,,,,,,,,,,,,,,,
2019-04-04,,,,,,,,,,,,,,,,,,,-3.732420000326424,,,,,,,,,,,,,,,,,,,
2019-04-12,,,,,,,,,,,,,,,,,,,-13.19787385489781,,,,,,,,,,,,,,,,,,,
2019-04-19,,,,,,,,,,,,,,,,,,,21.374681611588855,,,,,,,,,,,,,,,,,,,
2019-04-26,,,,,,,,,,,,,,,,,,,-5.710362119439011,,,,,,,,,,,,,,,,,,,
2019-04-30,,,,,,,,,,,,,,,,,,,-10.956964112808981,,,,,,,,,,,,,,,,,,,
2019-05-10,,,,,,,,,,,,,,,,,,,2.3252317731247043,,,,,,,,,,,,,,,,,,,
2019-05-17,,,,,,,,,,,,,,,,,,,0.027033238060312215,,,,,,,,,,,,,,,,,,,
2019-05-24,,,,,,,,,,,,,,,,,,,0.821033668678129,,,,,,,,,,,,,,,,,,,
2019-05-31,,,,,,,,,,,,,,,,,,,-0.48292527917268463,,,,,,,,,,,,,,,,,,,
2019-06-06,,,,,,,,,,,,,,,,,,,-0.03863428367517531,,,,,,,,,,,,,,,,,,,
2019-06-14,,,,,,,,,,,,,,,,,,,-0.6940037655081934,,,,,,,,,,,,,,,,,,,
2019-06-21,,,,,,,,,,,,,,,,,,,-0.11412464070754705,,,,,,,,,,,,,,,,,,,
2019-06-30,,,,,,,,,,,,,,,,,,,-0.18553776915087475,,,,,,,,,,,,,,,,,,,
2019-07-05,,,,,,,,,,,,,,,,,,,-0.4198984973151665,,,,,,,,,,,,,,,,,,,
2019-07-12,,,,,,,,,,,,,,,,,,,-0.22453377803236751,,,,,,,,,,,,,,,,,,,
2019-07-19,,,,,,,,,,,,,,,,,,,-3.6005769210625487,,,,,,,,,,,,,,,,,,,
2019-07-26,,,,,,,,,,,,,,,,,,,-0.01203584351650569,,,,,,,,,,,,,,,,,,,
2019-08-02,,,,,,,,,,,,,,,,,,,14.660133029511886,,,,,,,,,,,,,,,,,,,
2019-08-09,,,,,,,,,,,,,,,,,,,8.958933101290196,,,,,,,,,,-0.16576585000992294,,,,,17.562196017350267,,,,
2019-08-16,,,,,,,,,,,,,,,,,,,-0.3010378173237708,,,,,,,,,,-6.975613703248461,,,,,-25.575481257391953,,,,
2019-08-23,,,,,,,,,,,,,,,,,,,,,,,,,,,,,-7.499194418377622,,,,,3.1570027482596323,,,,
2019-08-30,,,,,,,,,,,,,,,,,,,,,,,,,,,,,-0.666918375919288,,,,,0.15230348094977317,,,,
2019-09-06,,,,,,,,,,,,,,,,,,,,,,,,,,,,,-0.14555449765739312,,,,,1.6992215970592852,,,,
2019-09-12,,,,,,,,,,,,,,,,,,,,,,,,,,,,,-0.05793002667749966,,,,,3.0064884426205536,,,,
2019-09-20,,,,,,,,,,,,,,,,,,,,,,,,,,,,,-9.122168447675836,,,,,5.626116297890761,,,,
2019-09-27,,,,,,,,,,,,,,,,,,,,,,,,,,,,,-0.05183862845599706,,,,,21.246643698046725,,,,
2019-09-30,,,,,,,,,,,,,,,,,,,,,,,,,,,,,-0.6763563587700592,,,,,-1.5247581586390773,,,,
2019-10-11,,,,,,,,,,,,,,,,,,,,,,,,,,,,,-0.06409758104010951,,,,,0.30430344231696027,,,,
2019-10-18,,,,,,,,,,,,,,,,,,,,,,,,,,,,,0.18884068454852254,,,,,0.45663409621234974,,,,
2019-10-25,,,,,,,,,,,,,,,,,,,,,,,,,,,,,-0.21343606936330428,,,,,-0.17633831835793057,,,,
2019-11-01,,,,,,,,,,,,,,,,,,,,,,,,,,,,,-0.11905255742248605,,,,,-1.1630960721612729,,,,
2019-11-08,,,,,,,,,,,,,,,,,,,,,,,,,,,,,0.24443724676272283,,,,,-5.484867717891697,,,,
2019-11-15,,,,,,,,,,,,,,,,,,,,,,,,,,,,,0.05664673786663532,,,,,-0.0658389626843078,,,,
2019-11-22,,,,,,,,,,,,,,,,,,,,,,,,,,,,,-0.06501276917907034,,,,,-0.29150234336349923,,,,
2019-11-29,,,,,,,,,,,,,,,,,,,,,,,,,,,,,-0.0809097704969435,,,,,-0.1415671944147751,,,,
2019-12-06,,,,,,,,,,,,,,,,,,,,,,,,,,,,,3.826959772176143,,,,,-7.842404882024539,,,,
2019-12-13,,,,,,,,,,,,,,,,,,,,,,,,,,,,,0.0029054858236414773,,,,,2.0638101735844794,,,,
2019-12-20,,,,,,,,,,,,,,,,,,,,,,,,,,,,,-0.3198121258652456,,,,,-0.18875901399174952,,,,
2019-12-27,,,,,,,,,,,,,,,,,,,,,,,,,,,,,-0.13799696318462612,,,,,0.08076129468293877,,,,
2020-01-03,,,,,,,,,,,,,,,,,,,,,,,-2.6331085674497436,,,,,,5.915193390065477,,,,,0.44529855304446825,,,,
2020-01-10,,,,,,,,,,,,,,8.524809595626062,,,,,,,,,-0.10985515215311649,,,,,,5.178533194665443,,,,,-0.10550756541808524,,-0.06643054928439093,,
2020-01-17,,,,,,,,,,,,,,0.0669813042061897,,,,,,,,,-0.04520670807006878,,,,,,2.846481730200618,,,,,0.8263909507466805,,-14.341235097640338,,
2020-01-23,,,,,,,,,,,,,,8.983995355198175,,,,,,,,,-0.0739062462189223,,,,,,0.02248888535616157,,,,,-17.970442872610143,,-0.3779074857366814,,
2020-02-07,,,,,,,,,,,,,,9.465445313301398,,,,,,,,,-18.221521329149265,,,,,,0.18757509471969663,,,,,0.1277132356378462,,-0.1432806729299578,,
2020-02-14,,,,,,,,,,,,,,0.031074994249998183,,,,,,,,,6.971734657997724,,,,,,19.996135524035743,,,,,7.259710321172884,,6.104744365660938,,
2020-02-21,,,,,,,,,,,,,,0.03104513312851627,,,,,,,,,-0.9235203565627375,,,,,,-0.0008648341928781667,,,,,-6.181213302897053,,-0.1975823870900984,,
2020-02-28,,,,,,,,,,,,,,9.686201399392825,,,,,,,,,-0.05200493610233879,,,,,,-0.86966974932341,,,,,-17.63218775195977,,-1.9562774259644065,,
2020-03-06,,,,,,,,,,,,,,-2.1773573682682006,,,,,,,,,-0.9937736067262581,,,,,,-0.16554680612319045,,,,,3.694703256904659,,-3.7585999226472078,,
2020-03-13,,,,,,,,,,,,,,12.999095651338124,,,,,,,,,-25.13728099636071,,,,,,0.056940150277200924,,,,,-0.10397723774298775,,4.618901675717739,,
2020-03-20,,,,,,,,,,,,,,3.9503631066970417,,,,,,,,,-0.17658109564229713,,,,,,-0.11743853979826802,,,,,0.6500791650355408,,-0.09111185631948045,,
2020-03-27,,,,,,,,,,,,,,-0.20733929888545366,,,,,,,,,0.012445628717720581,,,,,,0.08055231717049346,,,,,21.508074934218666,,-18.497104275147965,0.4094660888527299,
2020-04-03,,,,,,,,,,,,,,0.2021663965862533,,,,,,,,,-3.071144721602277,,,,,,-23.396445054636324,,,,,0.04871417086822947,,0.046202190463933986,-0.3199408113612502,
2020-04-10,,,,,,,,,,,,,,-0.20695420760201283,,,,,,,,,8.978779112670686,,,,,,-27.543507714033964,,,,,-5.678501070414738,,-0.026713305342433782,,
2020-04-17,,,,,,,,,,,,,,-0.3567165340023327,,,,,,,,,0.061766147934829596,,,,,,-0.10381540721055277,,,,,0.05476166319957923,,0.37594670272139097,,
2020-04-24,,,,,,,,,,,,,,-0.6467926919847293,,,,,,,,,-0.5164244103729928,,,,,,2.111405622324381,,,,,0.07806447938598599,,-0.03650378606746925,,
2020-04-30,,,,,,,,,,,,,,-0.17228539246163352,,,,,,,,,0.16624783842464397,,,,,,0.017999297690715427,,,,,-0.25016588832761505,,0.09647897656583156,,
2020-05-08,,,,,,,,,,,,,,-0.09194337630493057,,,,,,,,,-0.23634089322498442,,,,,,-3.0331649021036426,,,,,0.5721020973529929,,7.617057899650135,,
2020-05-15,,,,,,,,,,,,,,-0.13617346150653725,,,,,,,,,-0.08847089065217148,,,,,,9.673240106092884,,,,,-0.26933284486137654,,2.182909547997493,,
2020-05-22,,,,,,,,,,,,,,0.288071704198786,,,,,,,,,0.5646784336213977,,,,,,0.03601069968805326,,,,,2.685770683795809,,-0.18042388459268893,,
2020-05-29,,,,,,,,,,,,,,-12.969170079744554,,,,,,,,,0.5007428277808103,,,,,,-6.808929614309792,,,,,-16.199372884242877,,0.04580204943704562,,
2020-06-05,,,,,,,,,,,,,,23.007724325851765,,,,,,,,,0.04681378177466029,,,,,,4.384969096007897,,,,,2.1275850467873845,,-0.1905809438488109,,
2020-06-12,,,,,,,,,,,,,,-0.5570340386833743,,,,,,,,,-0.12835263955172832,,,,,,-8.98936461857003,,,,,0.004657585890820992,,-0.6437408931727607,,
2020-06-19,,,,,,,,,,,,,,2.7291369359218978,,,,,,,,,0.09232571525735173,,,,,,-0.016769385770314643,,,,,-15.134896200173342,,-4.168772032288403,,
2020-06-24,,,,,,,,,,,,,,-19.64385619150968,,,,,,,,,5.418430671759722,,,,,,0.0303094547958169,,,,,1.53186064855402,,-0.02434665610594894,,
2020-07-03,,,,,,,,,,,,,,-28.750372407457007,,,,,,,,,-10.00537336823535,,,,,,3.870320604223817,,,,,-6.8899734212953305,,-13.278402249624532,,
2020-07-10,,,,,,,,,,,,,,0.027849033599559953,,,,,,,,,-6.09422360687301,,,,,,10.379079666710805,,,,,0.11815682049585652,,0.06805078025791117,,
2020-07-17,,,,,,,,,,,,,,-3.200563672280189,,,,,,,,,-0.8167410781151441,,,,,,-0.1366634066386857,,,,,0.27819732331445834,,2.1312743706843085,,
2020-07-24,,,,,,,,,,,,,,-1.5829388545679628,,,,,,,,,-0.23086831660269752,,,,,,-0.05378191944268841,,,,,0.16431863753612522,,13.689447022626148,,
2020-07-31,,,,,,,,,,,,,,-5.163374548948456,,,,,,,,,1.5365545318486582,,,,,,-0.31655348853332205,,,,,-0.8103694528884671,,-1.8547382024392145,,
2020-08-07,0.7924043387609871,,,,,,,,,,,,,-0.3310337286752599,,,,,,,,,0.882467000489287,,,,,,-22.801237933767478,,,0.0055914948807954095,,-3.472170098841604,,-6.567528518442168,,
2020-08-14,-0.3411320358987504,,,,,,,,,,,,,4.624697129551894,,,,,-0.5708091315438323,,,,6.295392093447241,,,,,,-1.4308473397302146,,,-4.05500220178287,,-0.1904821073042901,,-0.15052749935969884,,
2020-08-21,-0.2642229575503598,,,,,,,,,,,,,8.151049848556331,,,,,4.554734058524388,,,,-6.451662724494753,,,,,,-0.06977716496934025,,,0.005639514275068779,-2.0399813184071025,-25.65779149935359,,-0.08306755177590934,,
2020-08-28,-0.0553606992333338,,,,,,,,,,,,,0.20075099886208558,,,,,0.036351146221992675,,,,9.816391985395724,,,,,,,,,5.05139299244652,,,,2.0632102330887445,,-0.012724998212867766
2020-09-04,-14.009950090298712,,,,,,,,,,,,,-0.11013389890150897,,,,,-4.867822077504666,,,,-0.12093762135352362,,,,,,,,,2.537547832482294,,,,0.00943181476221845,,
2020-09-11,-0.5042947217367502,,,,,,,,,,,,,0.2040932806146683,,,,,-0.11292330428183214,,,,1.224360549992328,,,,,,,,,0.05147677450454116,,,,0.046866298500911084,,
2020-09-18,0.3668009015234046,,,,,,,,,,,,,-0.009622760918462717,,,,,3.37129564906903,,,,0.22618217055758155,,,,,,,,,-0.6067964904280969,,,,-13.598428994580228,,
2020-09-25,-0.03121183663228103,,,,,,,,,,,,,-1.024026295716026,,,,,-18.67110919194377,,,,4.419137970683545,,,,,,,,,-0.03564957471485884,,,,-0.3052169797347706,,
2020-09-30,-0.02983204451736885,,,,,,,,,,,,,0.6700297578082461,,,,,-23.451768932669207,,,,4.775381694558609,,,,,,,,,1.725180817428866,,,,0.03180488375273518,,
2020-10-09,0.06905925690355827,,,,,,,,,,,,,10.512377446173861,,,,,26.335704859227828,,,,0.2308907344961567,,,,,,,,,0.06009008303650164,,,,0.8341200712509063,,
2020-10-16,1.648716920818748,,,,,,,,,,,,,3.6298309990013107,,,,,-3.315115016884488,,,,-12.10294494826045,,,,,,,,,0.4781338983601016,,,,8.650068435221037,,
2020-10-23,2.99156640623439,,,,,,,,,,,,,3.4003277409602934,,,,,8.449311592038217,,,,7.701458102790042,,,,,,,,,-0.03804948658772882,,,,-0.0185083748200632,,
2020-10-30,-0.21771931198705596,,,,,,,,,,,,,1.3258249258882446,,,,,-0.6016969103515628,,,,-19.659950108770296,,,,,,,,,5.854244829086509,,,,-0.06985974704182918,,
2020-11-06,-0.09174025756991783,,,,,,,,,,,,,-7.486417137528955,,,,,-0.4768550287152462,,,,29.664588241190234,,,,,,,,,3.3910087156685313,,,,-0.025075513630787683,,
2020-11-13,2.3052612411583295,,,,,,,,,,,,,0.9238913153796524,,,,,-0.1550653044622768,,,,3.3355611331898833,,,,,,,,,7.661269554771048,,,,-0.08121638811911683,,
2020-11-20,-3.076784787573538,,,,,,,,,,,,,-4.7150881976380905,,,,,5.7473981219525205,,,,2.0660345651170187,,,,,,,,,-0.14476194658278663,,,,0.056602814411540164,,
2020-11-27,0.028747726675106812,,,,,,,,,,,,,0.2672103678536095,,,,,-0.02483003366066916,,,,-0.5510241646076954,,,,,,,,,2.9050115026209777,,,,-3.6132938588983685,,
2020-12-04,2.541246269897192,,,,,,,,,,,,,5.591498610563191,,,,,-0.35435349391998744,,,,0.4785718017638535,,,,,,,,,4.614767852373759,,,,0.16832906532812408,,
2020-12-11,-0.07170987312886344,,,,,,,,,,,,,-0.6863918153168413,,,,,0.7105829119903755,,,,-0.18226084395705477,,,,,,,,,0.6074251627987722,,,,1.7009954006480794,,
2020-12-18,-13.783748538217065,,,,,,,,,,,,,6.054825299107867,,,,,-0.22948846080067686,,,,0.03861556827631875,,,,,,,,,-0.023036753311977208,,,,4.600713024738702,,
2020-12-25,-2.728041175309076,,,,,,,,,,,,,-9.628337717858109,,,,,-6.134248537568593,,,,6.941937656303143,,,,,,,,,3.015746831916178,,,,2.159060254321571,,
2020-12-31,-16.00618860021942,,,,,,,,,,,,,1.464987586305746,,,,,-0.3314292110706031,,,,-0.2412423318202902,,,,,,,,,0.12761512884539158,,,,-0.01867429427236691,,
2021-01-08,10.483802737141982,0.04616441006818732,,,0.0756675982248679,,,,,,-0.011969795462770563,,,-0.10997590246915437,,,,,-0.7465081237825206,,,,10.85920081719934,,,,-0.10031580604981813,,,,,0.00904183044585013,,,0.40806437073665713,-0.011229337975511691,-2.9988760380718182,
2021-01-15,0.013974624356766172,0.13366247206139725,,,0.1480071752172544,,,,,,-0.043032430916342714,,,1.4387724843479357,,,,,-0.20216109109348204,,,,0.20442688495328493,,,,-0.08445839926970303,,,,,-0.18464956778415675,,,0.09596344026657747,-0.7851751964334706,-0.542214119264639,
2021-01-22,-0.27841112324688033,-0.061075889118787474,,,-0.035571943510960435,,,,,,-0.14938823341483565,,,3.4053335949923955,,,,,-8.424500084992799,,,,6.806259686770205,,,,-18.80843524327498,,,,,-0.015520500083948334,,,0.6614068746325052,-0.47697043869461736,-0.40117005754344726,
2021-01-29,-0.21777065931969528,0.06107978086464426,,,-0.013860914785238862,,,,,,-0.07152509142585359,,,-0.1454664170695817,,,,,-4.079813235412683,,,,0.135026031887009,,,,2.226475564907192,,,,,-0.035683390528270464,,,0.03922478267130289,-0.6621625738148709,-0.024747348537943394,
2021-02-05,-5.397553085641223,-0.11303317168061561,,,-0.0292376686441064,,,,,,-0.02685043288494672,,,0.2073234594381253,,,,,-5.609528921336384,,,,-1.809780354492914,,,,7.706596283363591,,,,,-16.425963211459155,,,-0.11725813827199524,1.9061104299609903,-2.145800186041771,
2021-02-10,-0.10178920765551486,0.43876858941836755,,,-0.3381690331738078,,,,,,-2.648453522806105,,,-0.02859918736982283,,,,,-0.4617198892236047,,,,-0.19196100781119896,,,,-1.5412034585856347,,,,,-0.5971637537943494,,,3.4111165570783433,5.094709494763878,-39.5063760215607,
2021-02-19,0.05121615593662856,0.21567412775270745,,,2.8931485627538054,,,,,,22.304674416351908,,,0.430916869409133,,,,,3.575225270015654,,,,-0.0667892602719127,,,,-0.06223253066131451,,,,,-0.0038879633886892574,,,-0.19556382982225679,-0.37519358153630394,-0.07528612794666537,
2021-02-26,2.2798430334971664,-0.27815816233420754,,,0.30325006039889285,,,,,,-0.031211751988377986,,,-0.16388967334048837,,,,,1.8656741500286325,,,,-0.9082317727606729,,,,9.29205693566331,,,,,3.8509953158106383,,,-0.22942103543229864,5.385651952458214,-0.2610993937477807,
2021-03-05,-0.08485542639984463,0.5374194118061894,,,-11.079056577122095,,,,,,-2.3985163281818354,,,-0.35396330286863664,,,,,0.7301276498649913,,,,0.24057432975426407,,,,0.043442780821697835,,,,,8.436378943413539,,,-0.7122692444027301,-3.2860338590412477,-0.693896168153151,
2021-03-12,0.1308314948152835,-0.0866270288203467,,,-4.228601705786007,,,,,,-0.05713067616189979,,,5.995533628597893,,,,,-12.710290931824971,,,,-9.98580557824089,,,,0.6054888848915296,,,,,0.008081239195577405,,,10.824549622232558,-4.158956828220411,-0.24146310230311413,
2021-03-19,1.535818604616466,-0.04019644438210649,,,-0.3150461344632325,,,,,,-0.1768731607551842,,,-1.9865255112139395,,,,,-0.9898933434734261,,,,2.206918497316296,,,,-7.32790761616824,,,,,6.764984280088112,,,-0.30076852336055093,3.22355931451432,-0.18207048956981375,
2021-03-26,-0.02302051411862082,0.08014499278672282,,,-0.43831900615352853,,,,,,0.574574674446026,,,12.557705747271271,,,,,-1.3291891364224118,,,,-0.08836320144399655,,,,-0.585912204234563,,,,,-0.06754750712409553,,,-0.01705724712175502,1.9200072034218958,19.968336115518174,
2021-04-02,,,,,,,,,,,,,,-0.0014269689882423983,,,,,-26.007603665546075,,,,2.53013124889989,,,,,,,,,,,,-3.1025109420368997,-0.25777811466200873,-8.21000506525694,
2021-04-09,,,,,,,,,,,,,,-10.006138589104909,,,,,-2.565270139570278,,,,7.8615646181855885,,,,,,,,,,,,-1.6324207994135302,1.3867372329447758,-0.04766292944704921,
2021-04-16,,,,,,,,,,,,,,5.278196632405736,,,,,0.6319850920872102,,,,-1.559337820285129,,,,,,,,,,,,-1.2020729685816836,-3.6314066862064385,4.35041562030904,
2021-04-23,,,,,,,,,,,,,,27.91473899175216,,,,,1.6810800303299185,,,,0.14307573127239603,,,,,,,,,,,,4.535919476951635,5.343295107387965,-11.130087505237952,
2021-04-30,,,,,,,,,,,,,,1.1287504660891932,,,,,4.998808714705043,,,,0.03484053608765254,,,,,,,,,,,,0.024396427868643586,0.11313698996269039,1.5441216402934044,
2021-05-07,,,,,,,,,,,,,,2.72213833666435,,,,,-12.947408798613095,,,,23.794197783858326,,,,,,,,,,,,-0.06967155631630673,-0.19291933444548068,-0.18009104829170075,
2021-05-14,,,,,,,,,,,,,,-7.6497818066737375,,,,,-10.368331257648535,,,,-19.130702765787,,,,,,,,,,,,0.11407846945216665,-0.33791096529940384,-0.10963612089288113,
2021-05-21,,,,,,,,,,,,,,3.350331782978954,,,,,5.142700221963253,,,,2.4000946178575098,,,,,,,,,,,,-2.9893380655824533,0.5597735018651702,0.5387234161743332,
2021-05-28,,,,,,,,,,,,,,-31.416983801372496,,,,,-2.7344986160841676,,,,3.4972001214572277,,,,,,,,,,,,12.259446799980626,0.42860358322351966,-0.93981549577778,
2021-06-04,,,,,,,,,,,,,,7.673208955918671,,,,,1.7478008723333462,,,,-16.740439518370525,,,,,,,,,,,,-0.3593793763290669,-0.014842885025793564,-0.18748467461100668,
2021-06-11,,,,,,,,,,,,,,0.02128725121457979,,,,,0.2599204103613373,,,,10.28763336326065,,,,,,,,,,,,7.962033874745153,-0.028824764375336282,-0.10062889234219731,
2021-06-18,,,,,,,,,,,,,,1.0755226392691566,,,,,9.379806940003329,,,,2.3386168171015105,,,,,,,,,,,,0.35338746377741403,-0.4614374218173146,1.174962931845275,
2021-06-25,,,,,,,,,,,,,,-3.733149571866871,,,,,-4.421989882336712,,,,-5.936429631090649,,,,,,,,,,,,0.04794658995814209,0.06930750768602474,0.39563562927219453,
2021-07-02,,,,,,,,,,,,,,3.8177296762509165,,,,,0.31577080354975406,,,,2.004306235088084,,,,,,,,,,,,-8.721159707372395,1.2733736071442843,0.9041230544505638,
2021-07-09,,,,,,,,,,,,,,-19.330464093375042,,,,,-1.4661446533034905,,,,-6.288766665476929,,,,,,,,,,,,0.07033132654626378,0.07384977235686112,-0.07623813177220698,
2021-07-16,,,,,,,,,,,,,,-9.964528966557852,,,,,-1.9233873778329504,,,,4.717760178296356,,,,,,,,,,,,0.010996120368343243,-0.030334760698634163,-0.09434756338818076,
2021-07-23,,,,,,,,,,,,,,0.28906402386693664,,,,,4.285550200844521,,,,3.541684769143931,,,,,,,,,,,,0.029967166283060676,2.0358268578848064,-1.1913738462214472,
2021-07-30,,,,,,,,,,,,,,3.2518691025801703,,,,,-0.24892885423028116,,0.13487477670480366,,5.022163734088154,,,,,,,,,,,,0.0435358284633552,-0.09104105919180525,-0.11891795862991975,
2021-08-06,,,,,,,-5.875979186673429,,0.3101273936312379,8.11307722128011,,,,-0.19236548380849133,,,,,8.129186367645616,,-0.6035807874531651,,5.389830492273047,,,,,,,,,,,,-0.06594850227961851,13.592342926323184,0.343667394315748,
2021-08-13,0.006878052333848233,,,,,,8.10570963973188,,-1.0377207954665375,-5.366934687831554,,,,-0.481343939043306,,,,-1.389807908277055,9.159074064334382,0.7163517841046089,2.367166418545057,,-15.71133827758222,,,,,,,,,,,-0.11974645974054318,-4.946857448286869,2.772532879910235,0.02898527906808501,
2021-08-20,0.18559823953315235,,,,,,-0.18616603768038995,,0.1726768320657107,-2.35903344975897,,,,0.2548646729088049,,,,-0.06622582237238107,9.186275722938067,0.06262702385004038,1.8217735544514762,,-12.685980335993754,,,,,,,,,,,-0.1844086996402814,-1.4408072301047619,3.062721552451573,1.2333571677376651,
2021-08-27,-7.469515903629093,,,,,,-0.22900417824986244,,-0.07659551999130014,0.02118739107688701,,,,-8.670738131771897,,,,-0.038728828500569024,-0.2509130450219189,0.38217000360029935,0.07136192357585314,,0.33386070441233734,,,,,,,,,,,-31.51106752516711,12.245972820500114,1.9811404482949289,-2.189312057294964,
2021-09-03,-0.09146937994079476,,,,,,,,-0.07183279037859078,-0.10547559120463657,,,,,,,,0.17921576351345836,-3.328685338449471,0.029997315627812434,,,-0.05079588040833351,,,,,,,,,,,0.0020069653270543275,,6.634810237075013,3.671031516296278,
2021-09-10,0.2293148216636545,,,,,,,,14.61025984913234,3.279279731343609,,,,,,,,-0.1478311522945436,2.1131348084909893,-3.8074417139681325,,,-18.919273619415257,,,,,,,,,,,-0.05750807900373421,,-7.146892514232826,0.029887907717324066,-0.5672766073512496
2021-09-17,0.16789908109194193,,,,,,,,-0.08416125927940003,-0.18122188678656342,,,,,,,,-0.7333182195077868,-2.8960164902557035,7.057671697654521,,,0.04153738512306671,,,,,,,,,,,6.880329423781044,,-0.5550286462105335,-1.21194486255159,0.6650692743672929
2021-09-24,-0.06441587362475756,,,,,,,,41.12729340107794,-0.14981077659914344,,,,,,,,-0.1605359000959688,-0.4890127072685869,1.3142489413700773,,,-0.13403747889570222,,,,,,,,,,,2.163950677731882,,-0.184327618145629,22.991866241114543,7.327657056037566
2021-09-30,-0.05626166487346245,,,,,,,,2.8538573699592744,-7.221420066844883,,,,,,,,-0.2889696233768039,2.855045315886311,2.6469513790485495,,,-0.07973749515402215,,,,,,,,,2.5970564533756164,,9.767741542260396,,2.136857106830538,0.18055074889883377,-0.1804482997423896
2021-10-08,-0.01393737469770967,,,,,,,,2.5088909433929207,-0.34861034664159285,,,,,,,,12.299038611557272,0.07658240393328332,2.785235875950554,,,-1.5233777613881294,,,,,,,,,0.8275925284617793,,-0.13398375816352545,,-0.2867644917811668,-1.140592159180456,-6.086229734475458
2021-10-15,0.19867181429068076,,,,,,,,3.717988226457222,-0.8315503088357278,,,,,,,,-0.8621468568964455,0.06973467808665507,0.04200351184482454,,,-0.05872344461577353,,,,,,,,,-0.3234568972239202,,10.20065411040634,,1.7524072864602769,0.09040201981030008,1.4844044398117782
2021-10-22,0.0001141333256762557,,,-1.9772983639959596,,,,,0.5009998818774714,-0.24700193351589475,,,,,,,,1.1463930964845204,0.043252686045469675,0.4016302724523004,,,3.1759656702366694,,,,,,,,,0.05352085952456252,,0.1305274895559556,,-0.13959685329227473,-2.5040240495336827,-0.010308208752968253
2021-10-29,0.8083248000337862,,,7.659545443515324,,,,,-6.600922900843569,1.4667185819182813,,,,,,0.11748848626317909,,-0.10391490767289395,-1.0598949138051776,-0.28466693668465587,,,1.8259884556288692,,,,,,,,,-0.2795342453682057,,12.814280855508732,,-6.924511794226063,-0.05780361478350099,-0.6947482858342473
2021-11-05,-9.927081419884454,,,0.09824340742360574,,,,,0.2619129245542422,-2.527647830585249,,,,,,-0.057809788870085005,,0.5183922136333441,0.012129942499682482,-1.3761469708759764,,,-4.446852657104101,,,,,,,,,1.6119400598337232,,-0.15671191514568233,,2.7006415868276363,-15.245592488985258,0.06614827166702231
2021-11-12,-0.04771208404613433,,,0.061770316533123384,,,,,1.7898071790893748,-0.19694890294002587,,,,,-2.599056475219602,5.155528006809944,,-0.06912214304129316,-1.2935626817802452,-0.02961342604362073,,,-5.2415852518956045,,,,,,,,,-1.3438858740993138,,-0.09691755994870095,,6.473552973218413,-0.3651820064812211,-0.00567080842579059
2021-11-19,0.20739854686396342,,,-3.5161597116174614,,,,,2.303699808929154,-0.2414820923852153,,,,,0.5898802758833652,0.01924145617865409,,-0.0378180712052288,0.35763443038793796,-0.06151850565229203,,,-33.29454164075617,,,,-7.461297733554705,,,,,0.039236015368556386,,-13.868207332655267,,1.4790205199628592,0.9737649852551077,-0.00697948454858066
2021-11-26,1.1142253766017918,,,0.05945689045552949,,,,,1.5837086395714772,-0.2882220232984114,,,,,0.14071431178290972,0.07619725788234209,,2.4770998598217275,-0.743127314886137,-0.04148350204194614,,,0.505957598191932,,,,-0.2655564151880572,,,,,-0.015374401704444707,,-1.4223487697898038,,2.7441980574136973,2.2772870520310278,-0.054011318478050664
2021-12-03,-1.5444390314667706,,,15.515181166377168,,,,,13.965706560522703,-7.458744270211955,,,,,0.0929492903400099,0.24132047460801062,,0.23344332143541519,-0.00024742652295064657,0.010677661703830114,,,10.765429120905136,,,,3.2982733994381888,,,,,-0.06174978896981281,,-0.33108735740471923,,4.501427262968509,-0.695498361789336,0.07681675915188607
2021-12-10,5.071049967563458,,,0.8757084042074179,,,,,-0.9925882930866163,0.14631167293197747,,,,,-0.027923382662276154,1.3812593611436925,,0.5419330638630115,-11.094569682660048,-0.03570620882725846,,,4.544333886560836,,,,-0.031950763762607026,,,,,6.359452855168174,,-4.713467584484841,,4.317572568614344,-3.930083536405375,0.5707233537890608
2021-12-17,-0.6640879029298975,,,0.07888880009181955,,,,,33.2360082269378,0.6050036222668536,,,,,0.07802452618292054,-0.4236444355598785,,-1.6332097008457689,-0.2511651662960801,-0.37352845436203574,,,-0.06783667236122454,,,,0.012734283066068552,,,,,-0.34860206103142855,,-3.12851795321537,,-18.642921549961226,-5.024858710652773,0.4473936342407557
2021-12-24,2.4344255641526047,,,-0.06913830047352278,,,,,-0.36581484952160254,-0.7122263249009823,,,,,-0.89876468697077,-0.39749607023983957,,1.601445944835453,-0.052500006524837495,0.9525693806736717,,,20.212503263854728,,,,-0.3610812095785062,,,,-0.292691054136494,-0.030085639406714968,,-5.8256168128550145,,-14.671210117504973,-4.8764489456434195,0.09724315707536063
2021-12-31,0.09038537595525341,,,0.2850697565698557,,,,,9.508996733911076,-0.5379540289055104,,,,,-1.8704319296745529,0.02326187233430564,,4.9837761239041605,-0.0657585849796154,-5.284453554260127,,,-0.37698661299486247,,,,2.0450144365460825,,,,-0.0019105787934389357,-7.896907347024662,,2.8227557932502627,,-0.29431643770262145,1.191779337934154,-1.1342861674742255
2022-01-07,1.5531950282845997,,,0.05244913016849341,,,,,8.917085654747982,-2.139118972274361,0.07965502610828752,,,,-0.11350638130558853,2.0630901085979865,,-4.123626903254458,0.650724244302828,-0.6749463108656987,,,8.745076465502311,,,,0.13833716126279055,,,,-0.5687730768988032,-7.217090112484303,,-0.12088343873897099,,21.97467744107782,-21.1532627550969,-0.14084854242080114
2022-01-14,-1.5073244761070324,,,0.6236118069405601,,,,,30.08239894942828,1.5125275523516462,-1.2524385049397144,,,-3.551647894203727,-0.1520278068795861,-1.6694160993067633,,-7.719983794135697,0.2669540734943477,-2.418772462001737,,,-32.747549825296026,,,,-7.472414308347993,,,,-0.004557680286269743,-0.07849315825174119,,-0.06976786868943786,,0.26797621533058996,-13.9105606752967,0.07035949502599437
2022-01-21,-8.982349911815374,,,1.58671486502996,,,,,4.511910534255157,-0.14341345959436175,-0.008309193215338816,,,-0.16870988003080226,0.1395245454501755,0.04840368578607444,,-0.13688812058062894,-0.0030136902014088387,1.964843373756812,,,2.8315037493054467,,,,-1.5192319739094562,,,,0.5169710463405774,0.1720251414026641,,-0.1642273279925423,,1.0424343314187847,7.453839242665702,-0.0039020573711024053
2022-01-28,-0.06344157693242783,,,0.864731938460616,,,,,7.111499625208131,0.7927956513336417,3.2326148820515797,,,-12.173349836153218,0.02410633222354547,-11.58885149956874,,-25.820252625583805,-0.03272507146320415,1.1680482771737535,,,-3.77546111699968,,,,0.003230528570815183,,,,3.7123844089595903,5.456767307193456,,-0.23038707099739977,,-0.7184821729279263,11.16812395858271,-0.06717464686239186
2022-02-11,-0.27104175133708236,,,-0.6538299510501857,,,,,2.704717871815324,-0.43668446386496756,0.04666378299612878,,,2.8113236404254587,-0.00563071856056941,24.814583772885253,,0.022880205546295787,-1.6703636396099797,-1.0616844422298846,,,0.691245881844501,,,,0.14873611276564683,,,,9.630438248637786,-11.354243959399367,,-0.00944168714418827,,8.578992679752314,-0.22816169641348905,-15.052607849186877
2022-02-18,0.45765801860474004,,,-0.015722147464019925,,,,,0.31306231210608787,8.944993908521653,0.03514382202119659,,,-0.3235265511098313,0.8906085609832626,-1.3719420210466668,,-0.1496002213923644,-0.06590811462887101,0.12953424718630263,,,-9.266588504777825,,,,-2.0158962834609455,,,,1.0960685810873387,1.5283843724031858,,-0.2103354027735045,,9.826045587744886,-3.3805225062263915,6.6697147448811185
2022-02-25,0.16162377976226003,,,0.4451715212084145,,,,,-0.36080524006557163,-0.2219411301926574,0.11500524691389247,,,-0.7009150255845666,-0.35264395164101264,11.082996144299754,,-0.1360166830457893,-7.268175644292237,4.247511017791116,,,0.8784934552503365,,,,6.537156330901005,,,,-0.1986935470311804,0.16106056097910715,,5.834577412733027,,3.9542752803232917,-12.977806939746696,0.4248234267264146
2022-03-04,-1.2074795851446811,,,-0.0008998747401703991,,,,,-7.799517029066807,-0.2865499705110479,7.265053246345758,,,2.007378453989207,-0.08346333254101554,0.2074247304663062,,-0.1609544193006957,-0.4323579127890668,4.993621103604168,,,-7.306683126707581,,,,-0.3010608419978118,,,,-6.865776207995545,3.4573278549894515,,-1.0730014432795423,,6.497284343107462,-2.006369210971607,-0.023592165836309104
2022-03-11,-1.3641857037201073,,,-0.021390962579684203,,,,,-0.920002783803415,-0.42708577997707337,0.05651120505846005,,,1.1944622497315045,-1.3319672050572922,-1.2728590984118706,,-0.15989355498761965,-0.05312840122175364,7.635082048652705,,,14.538345033147605,,,,0.6434151880346027,,,,-0.08048524996982608,0.09275065070429397,,0.5764591673243151,,-0.33771004973700725,-14.224627472620305,-20.06268316126765
2022-03-18,-0.3463114761220667,,,-0.3546896506338683,,,,,0.08361267309573941,-0.4968412430291469,0.11625207912856425,,,-0.17512738545989143,-1.306301588498302,-0.036602906183435785,,-0.13648990036992775,0.0012460537881007917,-0.5008359958491759,,,-13.72924293346998,,,,-0.18360067313752046,,,,2.6633632050287934,18.751862302565407,,-0.2555622119312555,,-6.627630766080007,-5.293093530722363,-0.7368179425271523
2022-03-25,-4.567405061758288,,,-0.1685270516738559,-1.0921738496493059,,,,0.884270187825011,0.07788325743800335,2.2593103990361696,,,0.11851470000454847,0.0018638343310191166,0.47698079091514767,,0.22403764177197635,1.1065977247566208,-0.2807946982707752,,,-1.0161867948114738,0.13967204756391632,,,-0.6811421214390015,,,,0.12826166200073671,0.659821366602638,,-0.027237180291404556,,-0.041382477607478846,6.233634609068197,-3.470664425277246
2022-04-01,-0.07237295009793032,,,-60.48269656119349,,,,,-13.094052255324428,,,,,,,0.08035855188879817,,-0.5073519148589757,0.02667224116741556,9.030173668645666,,,,,,,,,,,,,,0.06296310753306504,,1.7546715317552986,15.337807190763703,
2022-04-08,-0.002388455442014421,,,-0.1099251188040353,,,,,-0.03612976783598694,,,,,,,-0.3807628415023787,,0.09407084536109628,0.09463766249611133,-0.060256894412310774,,,,,,,,,,,,,,-0.13085631789883273,,-19.694607913930085,0.4902188979853188,
2022-04-15,-0.02494419683588195,,,0.11549874025962381,,,,,2.577761555898831,,,,,,,-0.05838389882065237,,-0.05329641724625845,0.003969650051388052,-1.8986892054403317,,,,,,,,,0.05006895915229198,,,,,-0.039101973200132645,,10.433459500982853,5.294562003994826,
2022-04-22,-3.098872421683677,,,0.05725266154653089,,,,,0.1484955989391109,,,,,,,1.1868392905882996,,0.04804881897838656,6.434597496133609,-10.574198737633774,,,,,,,,,0.010189553739343174,,,,,-0.009105177915686463,,-0.6430311192720716,-5.081416565972453,
2022-04-29,-0.532405209163034,,,-0.007643553551156035,,,,,0.019164296017123335,,,,,,,-0.0771744555578355,,2.1919478694872656,0.04521403388454811,-10.294690513362097,,,,,,,,,-3.863784623251731,,,,,-0.13538602435308023,,2.0589906785483247,10.04850197520548,
2022-05-06,1.092175945291396,,,0.2649877214948764,,,,,-0.013863414553396097,,,,,,,-5.4113363200884015,,4.172265015403953,-0.1705438013385634,-0.1358952149536739,,,,,,,,,0.04706341237898773,,,,,-0.30152960734649403,,-10.495437842890613,8.188734201713208,
2022-05-13,-1.2208669334515005,,,2.4057614637825298,,,,,27.480142261727973,,,,,,,2.4581278799732766,,-0.6073221370367,-5.908366495717658,12.273931218502996,,,,,,,,,0.11653304368189052,,,,,0.042228195034148416,,14.53793440637822,0.2208228036497168,
2022-05-20,-0.08995549555944946,,,-0.11617287229318374,,,,,-4.671449506891004,,,,,,,-5.944713793751022,,3.02881553570365,-1.6189496576223028,-0.3083369727652456,,-0.6862605823023208,,,,,,,0.41156652939543203,,,,,-1.6767569470896133,,-3.6816314846200533,-9.068787466682467,
2022-05-27,0.6671573821363037,,,0.28243127795244305,,,,,-0.4386952280772057,,,,,,,-0.023507490654911183,,-0.4686337738712504,-0.010281769894212792,0.4133293023052645,,1.7302896494822353,,,,,,,-0.3622640660648202,,,,,-4.691415512780876,,12.273778736250446,-0.5584993713734084,
2022-06-02,10.824631630395235,,,-2.749310974344631,,,,-0.07107484632856412,-1.9565702428439895,,,,,,,-0.061265539448005106,,0.14572558258264662,-1.9117259750446947,-2.1814916006063303,,-13.029296664003903,,,,,,,-15.337616415202051,,,,,-0.09189500248637493,,0.4990027534301634,1.6325533581801022,
2022-06-10,-4.607954003527219,,,0.005209777557408889,,,,-0.5354586056297075,1.8781180930128965,,,,,,,0.06220991663529964,,18.344529143490913,0.6580375781055994,-11.219400122701307,,-6.706512604729805,,,,,,,-0.018419199606278434,,,,,0.02487406671640313,,3.7315765607179414,-20.549109415425605,
2022-06-17,0.6049291677597156,,,11.612673159686311,,,,0.7448010193901493,2.1398643182512966,,,,,,,9.934984849881955,,4.555736255504047,-3.909777816192993,-8.466548463059688,,-7.018013527110394,,,,,,,0.009613288898827628,,,,,-0.15969372599395332,,-6.400714068679587,0.7885297111334149,
2022-06-24,-0.8194809858772913,,,1.0219961836586644,,,,0.26112320680566126,-0.33932282793506063,,,,,,,-5.8645390914328015,,11.427316126021655,0.10401695757468599,1.2490417148388226,,0.20299310842122403,,,,,,,1.0024830791312227,,,,,-0.08821526319436367,,3.8015174279329385,3.5012095694243364,
2022-07-01,-0.0886502513586115,,,0.9838866794654878,,,,0.06709437577278328,-0.29893368334115583,,,,,,,-0.03887026657515434,,-0.15781573361122703,17.783253143257966,-2.7331187109930934,,-4.10271530129567,,,,,,,-3.378836050628393,,,,,11.62366910930749,,4.384321680898543,0.8458019199546013,
2022-07-08,-4.915894151595315,,,2.126154387044859,,,,5.757011201591089,0.21647602600805485,,,,,,,-0.0569589770270084,,7.741425576599927,1.021756143558196,0.5951947454987984,,-2.245985804755227,,,,,,,-1.8080363144822846,,,,,-0.09157652977222261,,9.48429495921537,-1.314214372215654,
2022-07-15,1.9214525497322357,,,0.3008828979794836,,,,-1.6185222288836083,-0.10812107407600634,,,,,,,0.056205436863719684,,-10.819546563616026,2.5173986746124357,-16.92694738094159,,0.4604862080431681,,,,,,,20.04823357610868,,,,,-0.017439131704444846,,-0.8183040951560745,-1.2084819298925975,
2022-07-22,-3.2000886410054457,,,-1.1736074635480946,,,,-0.02741081348174646,-0.0009736638043586383,,,,,,,1.5229018006977415,,0.22394052584127966,0.7450288787417017,9.47876888781783,,-0.08871695593324133,,,,,,,1.267459520222766,,-0.5635999625611344,,,2.088044358188915,,0.7102068699352879,-2.5983351404647554,
2022-07-29,-4.08641977215839,,,13.523066312372775,,,,-1.512659542577851,3.006769683467279,,,,,,,0.4089127314726749,,12.073922033789067,-2.6392002879054837,-7.472726905615346,,-0.5896297297079698,,,,,,,-0.4619191598636267,,-0.20146816566276743,,,-0.02274302511362559,,1.800144390515275,-40.645439698884516,
2022-08-05,6.177282899281459,,,0.4150352370389281,,,,0.01122872629690651,-42.11564397918972,,,,,,,-1.9100091977260245,,10.135632225083258,-0.36999728752179206,5.559403465744681,,-0.06595114112422899,,,,,,,-19.409615976355326,,-7.971424704353268,,,-33.18053733362571,,0.520160256491072,0.8047573492554004,
2022-08-12,-40.9072984641479,,,0.01840658597928252,,-1.0077975712416625,,-0.757980672769319,0.00990761159347392,,,,,9.00206323117581,0.1447446010694051,7.128108844940402,,-27.240316536285672,-1.9068776164628565,-26.990495736180698,,-0.04310066146981893,,,,,,,-9.495737202714551,,-0.106506274563826,-0.4494596192947626,,4.928844498829917,0.009482666196586068,12.279748670186258,-1.4437140181515398,9.787106374635822
2022-08-19,-4.003195364351034,,,-0.24813340482261664,,1.442171389026014,,-0.7127584362374539,-0.7103977655491622,,,,,11.99350321905303,-3.3439596526291044,1.7986179840664462,,1.824868137964236,-3.2218089092111337,-3.9999486301591025,,1.8908942884931403,,,,,,,23.7323524011106,,16.30612273645685,-0.3416744920349062,,-3.807892636698555,-2.5999879548662053,3.8571709311772038,3.8160959490990782,5.7366904011188575
2022-08-26,-0.6008685419334976,,,0.3225296424258135,,-5.844357244518449,,-2.7115661230577146,-0.04113972531474161,,,,,1.5694566832918388,-0.3804482054071226,1.5766400066927098,,3.561345768486892,30.049209294255405,2.7896282722881756,,0.405191812424599,,,,,,,0.052358150719483576,,-21.200388501574274,7.556171593547337,,-0.0277829261343069,17.886943841761465,0.6801919855261197,-10.96098392672646,-4.085149311117865
2022-09-02,-12.040884792958366,,,5.7148448915020635,,-0.750475279368841,,4.986593197365345,-0.43404837577242733,,,,,0.21449876130358422,1.0911672729916253,-0.011931625756383957,,-0.04381923407583124,9.455670477447484,0.8110248329125538,,-0.6413915337328757,,,,,,,,,,8.04758656025936,,0.08879876904599296,,4.054961631219363,-5.1738111070853305,-0.04895263258691599
2022-09-09,0.013245573172405142,,,-0.13599128331593746,,-0.06189221476751332,,0.05015697697079387,-0.7139012534562836,,,,,5.943635923279525,-0.7997199383550723,-9.690000984627133,,0.3345921803535053,-9.12595386922552,-5.246163976596257,,-3.1703150899910826,,,,,,,,,,0.592585054488687,,-7.6251445294993,,0.5603656237165543,22.021063146893614,1.7255813311006993
2022-09-16,-2.0046865972384658,,,0.3287019847609065,,0.5028773301344622,,0.7522933737895122,4.506709492692115,,,,,-0.22960386574140024,-0.0031365098512187717,0.5226122434048174,,-0.25333742356897526,-13.545975862214211,4.336240670045827,,-0.196540957271166,,,,,,,,,,-0.8008303477060545,,0.26109488923215496,,3.827457728852989,22.554989619232828,-0.8424326552072374
2022-09-23,-2.1227167158800704,,,1.1255763709056543,,-0.009039259592665383,,1.860587649157013,-0.2045337777459308,,,,,-5.073166191993446,1.558210330446652,2.5502861570632005,,2.9809464317778964,3.49144484779489,0.018154914795126986,,-0.1577521241678036,,,,,,-0.1743941369936471,,,,-0.35724119266180815,,-1.2793482827072,,-5.354807542058848,-1.3997943644075521,-0.26489492285792865
2022-09-30,-0.912279192547403,,,-0.3836448202822652,,-0.6006794189464075,,-0.15424893352237828,-1.5653053258573866,,,,,3.081741367584633,-0.043643651786374804,3.8232849010959136,,4.4837750397530565,-14.633364162019575,-8.141806509153389,,0.9713859527607093,,,,,,-0.7197065336507922,,,,-2.9164533485282917,,-0.28661879205823315,,0.01117399173187017,-5.459610377533855,-0.6379295102421856
2022-10-14,0.6360084350886672,,,-0.8733505369656164,,3.0092651287295347,,14.803053158301184,-0.8062817711911021,,,,,-0.6360574313599486,0.8419847665134785,1.981726061581917,,-3.7634202198079074,6.667290877441454,-4.41066878493939,,0.11718636214167455,,,,,,-5.28241064456991,,,,-3.5699720689444288,,0.03772030121649651,,-0.8413888587719309,0.9368006066670865,-0.024699266698815982
2022-10-21,-1.8312028678188579,,,0.24683883062301815,,-0.039246533082712455,,0.2041050305548044,0.575352525998669,,,,,2.889320470360951,0.32493777593639384,14.519309001702897,,-0.3666207367567943,1.4405236875392564,-0.25810843280462537,,19.15203677490075,,,,,,-4.766634161163979,,,,-0.9626176528975195,,-0.3911146176925552,,2.010720778635112,-2.20749564060662,-6.619074681248259
2022-10-28,4.84791281864143,,,0.08607554011585634,,4.037560397412067,,0.36754075434511657,0.17076222963831883,,,,,2.3173003695570875,-0.02006678685489295,14.39361236359664,,0.07673941833494202,-11.063564544442576,3.672472189548901,,7.472595840119325,,,,,,-15.875855986270276,,,,4.26936904264795,,-4.447042726914734,,-3.5905324393995324,-1.6065777503643621,0.10869028596752806
2022-11-04,0.05142932313646355,,,-4.623232816227155,,0.05350361986867251,,-13.172829420500355,-0.4897333759105708,,,,,-1.2085524775239316,-0.061190024757721624,-1.4676031931611715,,5.97689314654512,0.9225422449603948,0.16676872689552258,,-13.240677480369769,,,,,,0.7754833126576156,,,,0.7869864468225569,,0.12265683504992997,,0.9390859720743165,8.213932829378773,5.360450180615707
2022-11-11,-6.03988264683674,,,0.03654298743627982,,9.24355816315421,,1.8800302720474218,0.4525845874866429,,,,,-3.457025921174179,-0.651286963755676,-7.160087487740136,,31.614004865001014,10.828922472491454,-10.941395053179916,,-0.285218964490817,,,,,,0.19086980975839776,,,,3.29386267876319,,-0.010564439147429244,,10.402980865915115,-3.2824981680893526,11.679732755798534
2022-11-18,-0.5028727292936892,,,0.1951274475189187,,0.04061339086311139,,-0.5679628617238182,-2.7105616783943125,,,,,0.5976536526887293,-0.9722033947554464,3.367348134174991,,0.34764792664155036,-0.16038344335432425,-0.1264346953539991,,-0.14267752709389023,,,,,,-0.016908450973743175,,,,-0.25118235935227895,,-3.9149441416231845,,3.8577109587873215,-2.505542509806344,-0.11020730142655522
2022-11-25,0.20241467119395756,,,2.2459960047675254,,0.42293169274152487,,-0.502520269856218,-0.594775017547039,,,,,1.163438111938146,0.2593199620472528,-6.819810208150749,,0.3799657286905769,25.74832555729262,-8.522015557776943,,0.26630789473528305,,,,,,-0.36156112402413376,,,,-0.6005169540490366,,-0.21559348337636894,,2.3206913189346654,1.3099452931456497,3.4480411175709973
2022-12-02,-4.605535245518558,,,-0.9282886685614815,,0.26119787321021753,,-2.002747658255514,3.346602174234139,,,,,-0.7348394442242725,-0.003564959190792142,1.1733969228632766,,1.766898680583736,5.809670055409765,-4.226298141813592,,-2.665762383215883,,,,,,0.214988640733202,,,,-3.229646981443179,,-0.035296319540086496,,0.6208046855196616,-0.823777289228636,27.246556549322705
2022-12-09,-0.2144143838104882,,,-0.08118416921120972,,2.4212243272062812,,18.24371577875128,-0.11685961418901657,,,,,-26.714157755168042,-0.7310128942576114,-0.6907013840242171,,-3.4822061787529983,-15.95517383616854,-2.95895876152215,,-8.398910836919946,,,,,,-0.0018595363586671743,,,,-8.842526300859284,,0.2873488403896294,,0.0915824168036164,-0.2715916599106418,-22.481302224544137
2022-12-16,-0.043231722115325694,,,6.195523120484676,,2.265775353761721,,-0.8225638073647282,-0.45504414358088785,,,,,7.757249131142018,-0.0656778917178898,-1.6646312882506495,,1.8943565416854864,-0.4368096022972398,-0.009040384766743903,,0.06981907415717618,,,,,,0.00650858096453618,,,,-1.4136030303486633,,12.629099255113797,,-13.620146944732884,0.448085133611364,-10.294260073072804
2022-12-23,-0.6678535129828341,,,9.55884515895003,,2.692114597317309,,0.007988911106008398,0.02705296767568219,,,,,0.8579923884823808,-0.2619394674562916,2.694405729144636,,-3.5003999363623826,-12.130756123102595,-0.40873793371391304,,0.12659805022282558,,,,,,-0.08527065712581346,,,,-0.1433325515298245,,-0.062430885570693546,,0.3415245879659816,29.486275787854396,0.18432853039587144
2022-12-31,-0.4881083786334326,,,0.041132669079401676,,0.09567182561816903,,-0.9121685002939355,0.0953236546171165,,,,,-0.07243767896884212,0.011711625223888585,-3.3247768810105214,,-2.7113333168908307,0.951444808155741,-1.309998399923666,,0.7618500174901341,,,,,,-0.5787873317532729,,,,-0.1964192796542279,,9.504949398022184,,0.012031838933223904,18.676572109170678,-0.24971256115202195
2023-01-06,4.924875662090292,,,1.2208344560457063,,-6.797473383451431,,3.6904769078762065,0.8732256561969618,,,,,-1.0654904747724272,1.234148422766006,4.929474829648937,,-26.91841198284505,6.237408383888703,-0.1508822181845386,,29.1469214364183,,,,,,1.4838664331707418,,,,-0.3794722665185898,,-0.010948861700902614,,-10.880750726159343,-4.462725649440402,-0.27455335660401126
2023-01-13,-0.5624921658646571,,,-1.1352657429888824,,0.6386787576836168,,7.341710492017773,0.228265868945845,,,,,-15.464081076380225,-0.39585524858376947,-1.4085429326410317,,3.7909922699445744,0.5814518065792939,0.08914308957819148,,-0.12736348520904445,-0.2722768935292692,,,,,-10.572069910470319,,,,-0.18053249821710088,,-0.12033219998673467,,6.783132992926075,-6.42317258732851,2.0870094835054953
2023-01-20,-2.8350349037182605,,,23.33342765015397,-0.610361364551538,-0.41368641975763587,,9.054834734848635,2.500539350909205,,,,,-9.691526725508968,-0.32455384421431843,8.168790281237529,,-0.20885466903442573,-8.897599497911644,38.74580875301279,,7.304318622839226,-0.03658311139200356,,,,-1.5019471813866825,-0.00658489653032901,0.020078462567214822,,-15.4606257852953,6.158780819041836,,-0.12952116219796833,,-8.705170052920291,-0.30080009555814685,-0.13282566574287558
2023-02-03,1.7232786045560873,,,0.27240208561494605,-1.7599320075932163,0.08146826173351207,,9.444080140374654,-0.48513056789458897,,,,,-0.15143661278018894,-61.646948416961536,-11.514803349445398,,-0.9782730602668419,-8.1540102899648,6.040136723403666,,-0.20207674872016784,-6.3709028027445,,,,-0.08157691638097396,-0.03686825232369051,-0.1611127537832812,,0.017082011840255235,-3.490200527113469,,1.0255887293035169,,-3.458076007898035,0.3619092511742934,0.4341169588004908
2023-02-10,-0.3471793975207349,,,1.1067125408843153,0.16416643525950755,1.1855337912613029,,-1.4864121066246436,0.014358960773908386,,,,,-17.34883063942147,2.7777916431641803,-1.2441345545219493,,22.970444031586073,2.479378747150579,0.528814252399995,,-2.6945689835086917,1.5964350496288244,,,,0.24797197168635227,-10.758389551393755,-0.27701162435638554,,0.10012042263711404,-9.099826923188253,,-0.11708672083043963,,3.1168407360455865,0.12146056363020613,-1.5985812132370905
2023-02-17,-3.4881602264972384,,,0.4667352146561624,-2.0400673342520834,0.08679692095177843,,-0.7347427244283646,-13.763952849364571,,,,,0.226144659892209,-1.183196014662411,-4.691395154622691,,2.0386263461319682,6.423162398927194,-1.977147514130002,,-13.789589307420519,3.822963417669018,,,,0.07650181256410399,0.28755969069320464,0.35076455625242275,,0.027054926792959066,2.356088609656628,,2.0530044963064684,,0.6299292753723686,0.943659877914784,-1.2748997040267045
2023-02-24,0.7426862783614747,,,-1.2449511832170495,3.201636516346254,28.93923622070052,,-0.3720435504246103,2.5338245790539946,,,,,-6.295824587656062,3.3355584810048686,-2.631101466610857,,30.310162699043627,5.439370230485252,-0.4873890384400016,,-7.3449063272429065,0.32774979829415646,,,,4.540097852584122,6.907565782228199,0.857947318740298,,-0.8296864559757159,-7.5281582255117625,,-0.07538470048654514,,1.3106803264916018,-0.9966510845676939,-1.740976143719442
2023-03-03,12.695214768712916,,,0.45739476204978347,-1.0047107790572403,-9.431678753133241,,-0.06343112942580816,-0.6834209470013332,,,,,25.138081430073978,1.3481315719060378,6.952168421762179,,-3.390342436300994,-11.11462049819567,-1.243251907687533,,0.2606820413069197,-0.6753396144517727,,,,0.18951663279328873,-2.0690632358383585,-3.3036935761337363,,0.5388202841315688,1.112379113401699,,0.1430641816379327,,7.086358237090532,-12.669869451072207,0.8512472563468774
2023-03-10,-2.636333111408845,,,-1.8217776213422079,0.2547010463780671,-1.410154779404754,,-10.496532627648044,14.524393501396622,,,,,-1.3116569848377235,-5.118220858015089,13.40064621566436,,0.47359295066692986,6.286506115341832,34.92529822753477,,-0.19336109305390642,-8.820758381064067,,,,3.3345964158526806,-0.5555462451158261,0.008101941296340686,,0.06734643568916444,-3.129777406023231,,-1.8599380573408593,,5.3163101136451445,3.8845820836157077,3.268306921401639
2023-03-17,6.215192529031582,,,5.568131718335525,0.04048951689824956,0.017608109037372643,,-1.4898224930560093,-1.5221477805849017,,,0.011954225634862065,,20.570865307895822,-0.08491524647250881,-2.423473803283236,,-27.093819064233077,-47.30657221692805,-0.9676605615567572,,-10.54234695072035,-83.72497985275521,7.915346347803373,,,13.412249354895689,-4.40691004026616,0.13715211681316397,,-0.08364353829614214,0.8275715405040585,,-0.05564641574121692,,19.11322088717789,1.0244827160547834,0.21876349144355567
2023-03-24,-2.311232349334164,,,10.08800259132574,-0.16551055370666157,-2.67371661542632,,1.6049969336725938,19.09672685031327,,,0.05094376332354167,,-4.447430831909587,-60.7638973793968,-23.890241201878816,,0.06632699378017898,-1.1236675209462816,-4.26308619242709,,-1.0378385486071893,-0.615832374400342,1.6710963249085555,,,0.35750805279358816,0.17510025607921456,-6.130450012210721,,1.2216642761257448,-2.851229037132053,,5.805581445447246,,-36.96072196956176,-6.233901261966949,9.693200197442376
2023-03-31,5.647472488506439,,,3.3654694754495345,,0.13601949084041798,,0.14077004879395127,-4.884559273697971,,,0.12529974194454704,,-1.3249405079214804,-0.14633856172595777,0.6597056368152888,,-7.1785924981036295,26.055061307610323,-9.526637670924007,,0.09508381082790612,0.5879828203352476,,,,,-0.2395068702247043,-1.6690825785615107,,3.3750649689450833,3.62896894254636,,-1.4509767679018362,,7.949450039087336,-0.12438222552398424,0.3530358143209015
2023-04-07,4.415105958228441,,,0.436563847334855,,0.2190394737440616,,4.0175330645196485,-1.0887945794142968,,,-9.530333207831763,,-2.1359385821879884,0.12215547826883214,-1.9928131668939084,,0.1796988273074937,-2.5353680498785067,13.060305543221231,,-0.16163766056246376,39.897439467857474,,,,,-2.778548961849275,-1.3255463435410757,,-0.7761791970417689,27.714710362711934,,-9.506567934927482,,-1.6678837755552218,-1.4299109788715247,5.301633625772503
2023-04-14,-0.2033244463335906,,,0.04231056671858016,,-0.0649005898212916,,-5.5721362482339085,2.621388423588763,,,-2.183857429567532,,13.882038521733316,0.32403426518388856,-0.21404158904224058,,4.462678038758486,18.97278820493005,7.725279948348228,,0.6862682313916544,-1.2766852349037112,,,,,0.22711222885594112,0.007550450576516501,,-0.08674415795882108,11.608202391665953,,0.8717163727312789,,1.7864215668085892,0.12819789522436686,-8.871975606461037
2023-04-21,11.173434808128507,,,-1.0088480868438245,,-0.07438138902861885,,1.961271448937214,0.08465081246644823,,,0.029858249686822116,,-29.232405137077734,-1.7721026529035873,3.8897049041963,,-0.23215523405956415,-3.727870760019015,1.9384809413232325,,-0.10010142793185045,5.179225454462823,,,,,-0.28841800216719315,-1.9499774113092694,,-0.03200302261865465,1.7679635610706796,,-0.17847593566453882,,4.643394466805632,-0.08558876698961765,-0.17774825371453332
2023-04-28,-1.836732262443498,,,0.9374659747392827,,0.4154764575096106,,11.665851757746971,-0.03385736400110702,,,-0.6370160412743368,,8.895184331962039,-0.09705604206062385,29.339481949282273,,-5.134328029437197,-15.36184444111216,1.6955245593431836,,18.403309079355555,-34.525490459850516,,,,,-0.087732041235065,-1.4986884572860486,,-1.0597445865262183,9.911298894268628,,-0.3081887067132575,,2.4373476863533847,0.3064791645986995,-3.7073536155926616
2023-05-05,-2.560830851140161,,,-0.26565232738319877,,-6.02951934872256,,0.14261550005774615,-0.03600830915407922,,,15.637218834537533,,7.053344634244021,0.01800800486769143,-4.9231641685978484,,3.1057718711594573,-1.0067745560853805,5.320574028058987,,27.475470528566802,-3.751757684607877,,,,,-0.24614435069433604,44.07111004216475,,-0.05238618883248769,-8.98494085999904,,0.3073046724320906,,0.3561964455053319,0.17474324028966018,-6.6070308298709515
2023-05-12,14.55344655844248,,,-0.054456982567953116,,0.3850189989482553,,0.13559889907883366,-0.47583781780450896,,,0.03221954247217772,,-10.256410771565474,0.06731381278984505,-13.299007821776854,,4.331657061268955,1.8586795119193595,5.150545828927708,,8.021167952577098,-8.866970974415725,,,,,0.41476502631905,-0.3141596091562813,,-0.5362599894524637,-0.21605156486852906,,1.1156448957869904,,-1.370151497342827,-3.0228800690754647,1.6092480245013219
2023-05-19,0.21319003134012912,,,0.7508577049581707,,-0.9197960756964729,,-0.7220515769434641,-0.3566440455058164,,,-0.9507583269891593,,0.21930805871893883,0.07993523905664582,0.3159879447522657,,-3.768250093589652,5.418389851403999,31.519248988578617,,0.09554542334273763,1.9680049326256068,,,,,0.3913762266208851,-0.6183274710569069,,-0.33038124835134147,15.407216592822442,,-10.848303427720214,,5.0814547659463685,-1.60423704745592,4.099493181656353
2023-05-26,-1.3785049463437216,,,0.3841995542189969,,0.04278666893688997,,-6.909220347425491,-0.8796210684778767,,,0.48460274561123784,,-19.08668164712687,0.4398203447357304,0.07331489219392617,,-6.9629687408603855,-3.342776561798052,-34.88030779717986,,0.05527051121754693,0.18830001148860992,,,,,0.03309585311393995,-11.115148995126196,,-0.15347554930584612,-0.7885902490320327,,0.09257138016259653,,7.06129746596457,-2.80308023335499,-3.225534150145598
2023-06-02,-13.448008288455846,,,-0.0238662503311285,,0.11139143181774325,,0.33380734430724546,0.32735822943168347,,,-8.862595417378673,,-1.5075180806670334,-0.04238870631138018,0.22498259352220465,,2.610737362369302,3.3534075262830587,4.78140942762031,,8.198091368238341,-0.3889630503699912,,,,,-3.0724458875783722,9.093957114330973,,-0.10640988322135275,-0.41728794164672023,,-0.10905534286091857,,-5.235605007255005,-0.2032306961510233,-0.24499137476357158
2023-06-09,0.030929390019179895,,,-0.1492057427664229,,1.2874407330579154,,7.682479991364108,-0.06787419683561172,,,-0.7375631637528255,,12.570454317457795,0.07633063674077059,2.2266657466602813,,-0.08349582568600675,-6.572551371150868,15.359771243375436,,-3.4698699840871363,-1.1228882986763455,,,,,15.40018221843629,-0.43158998292421663,,-0.3893500672486121,-3.5847018927679954,,-10.777790544266201,,-2.2422149041719686,-3.804135138516027,-0.7270238342398853
2023-06-16,15.067110888950037,,,-0.5042015067273538,,0.016745533170172383,,0.278137768845484,1.683070109030599,,,-0.5102636325776772,,10.514791849498572,2.325422793475183,2.4252619808263214,,-25.861162240894433,3.1204418647369887,0.2700495077084685,,-3.846397133163142,-0.09570098814282221,,,,,1.1364300162528267,0.27327083978070443,,1.31938265023261,1.7553887497334157,,16.711506165028297,,2.829088684420177,-0.14678426594744465,8.110262864480381
2023-06-21,-1.7334009360408658,,,-0.2660327306861046,,-0.008947732422390893,,1.8279336518469718,-0.06760632848749841,,,-0.004875400960125224,,3.479230037014744,-2.9376101885948356,0.47352945583608963,,-0.1650537658327278,-2.2713842937466535,-2.2578288435694045,,0.9733422854873475,0.2691744882245648,,,,,1.25695206896689,-15.575287755536015,,0.07481189685716474,-8.2046978557669,,-0.04963598931472932,,-26.08133227676774,-0.2905340461076982,1.0209034766089369
2023-06-30,-5.434494358148319,,,0.07051702267703475,,-0.4239804978364493,,0.7468597648398776,-0.5201189388786207,,,-0.4942356854115127,,2.669313190040084,0.06322539668540661,0.9997535932646101,,6.170127611042213,8.554716848449129,-6.13662302493009,,-0.1629896837650097,8.072238167282373,,,,,-5.536432498447347,-1.1187847511442848,,0.006960963163957903,8.052575924378631,,0.0018301452942409598,,-0.88576396114804,-0.29592041426232507,-5.836056111524294
2023-07-07,-1.6052878666459158,,,0.25606438666208753,,-0.0951120394285046,,0.8428553679875355,0.13873082690401492,,,-0.02416883553137132,,-8.760563096357497,-0.060789488943029324,2.709668593850732,,0.15553960045449192,3.7052179028019725,-0.9023454752455524,,2.4660274305438303,-2.427876602644864,,,,,1.7482825472339285,9.676482362089086,,-0.10007638298596067,-0.8931040247215914,,-0.16085472186331562,,-5.051286350245395,19.29633626981824,-0.1454387358708909
2023-07-14,10.367209708714128,,,0.09983507246237745,,-0.37683673689164854,,0.2928680334078646,7.821549681011991,,,0.331441841565347,,-5.427096336237057,0.017119253440354067,-2.1484901825394185,,5.288545766602203,11.469820476052206,4.303581287772832,,-0.1744762424736161,-13.278708437903784,,,,,-8.838483411522978,0.2167154425837346,,-1.730677571028195,-3.0246818599164227,,-0.10113432502635557,,7.603498620703913,1.8022698843385287,-0.47375155145802983
2023-07-21,-4.00656019112007,,,0.5290144239060695,,-0.022817521735334814,,-0.04177963565458254,32.33574111916553,,,0.21837400106753396,,-1.0003224276876517,2.8311910447075737,4.698256499906822,,-7.306216635406642,1.865392668560783,-5.278210908577451,,-0.05379280890115123,-0.4133402935512704,,,,,-4.464849887413759,-0.1553098716852993,,-0.5172855281512551,-0.761918077749717,,6.045613980686712,,16.00572860044917,-34.17496099965874,3.443427930970238
2023-07-28,13.233228419963522,,,-0.0948648905838157,,-0.03863584572215191,,0.043600533297103734,-0.7898085637240599,,,0.28337600996827916,,-2.398180660762062,0.03574455153934883,-3.4606185949941777,,31.57215442644346,-30.492230970098543,-0.4442006665931023,,-4.938688365556075,25.630013732261503,,,,,-1.8582816146141212,-0.11328915025139089,,0.32196587480675387,1.692847676127466,,-4.653273791319016,,-12.184404167766719,-0.051067215406320095,-0.1758163916738026
2023-08-04,-1.2435396846863114,,,-0.2861392300690992,,-5.717553725341611,,6.734858055798542,1.3571741829923438,,,23.30640362298133,,4.284171109026988,0.007385346860809595,3.0848553587235035,,2.842646333582278,-6.504896095915358,21.64228882014652,,27.365950909518396,-0.6257730470081595,,,,,-10.84224069196212,-0.4195782584760727,,0.07984097788881436,0.564093964230794,,0.014559603878115526,,-8.7044579995306,-1.6682446194531102,-2.0375503459471194
2023-08-11,2.023455328942223,,-1.4753718128434374,1.905596871523778,0.23214821584322065,-1.3156978263970882,,5.081924796835597,1.1206589608385218,,0.27381720661553816,-6.040710693695786,,-1.3358068176406706,-0.7916908209715754,-1.1684626422791236,,0.16144678292320677,2.128485677484594,-18.326232121353144,,0.13589534731480124,18.71931148551156,-2.999772055240636,,,-8.472257772379132,-7.30365101840546,-3.3382111224291844,,8.075621908621217,2.4254020830983105,,-0.10353670669849607,,-26.402839651985698,-2.6085451335788306,0.45253593033518674
2023-08-18,-40.92306192972782,,0.1791363006553024,0.029908439403526693,-0.12227301523588452,2.9033590756196976,,-15.533854028586484,-13.435356167511934,,-0.027866782455619812,0.06453835993008877,,17.851310415579327,-1.622133622908098,37.81600059385845,,-16.7169654965438,-9.165330610093156,-2.0122409488193873,,2.5455069125440346,1.384641015270918,7.622714835604214,,,2.1581294336249037,10.886336742119806,-0.456155352365467,,13.642454269527253,11.595713463552128,,2.6063622781655407,,-5.343369571201205,7.114455964497712,1.2534821494339379
2023-08-25,-14.14768964538538,,7.962564547393723,-1.891474195157612,0.6468919563002317,8.148329924351156,,-0.4101246846681947,6.233233485127629,,-0.019022872024554438,0.3241066693908713,,2.3721100099350707,-1.3573141240595576,0.8984888566826594,,-0.42378550550847116,2.2765328771940823,-7.87364013292357,,19.28339502964253,1.0562828868779417,23.549785563737935,,,0.357620951449777,3.227481042132475,2.6745001956124606,,-26.262716353361775,-12.640980650055639,,-4.424805850332702,,4.295308344009188,0.4901077924156555,-0.03840162873690456
2023-09-01,-0.03099475359967563,,31.806516820882514,0.011578120450148159,-1.264372375825503,0.03456761094167458,,5.718968106137828,-0.12064533447881404,,0.2808506672672513,5.357951238161153,,-1.2764498797084467,0.7487382265448701,3.3035500377112643,,4.409722916598645,10.07502951666841,0.027989806444763315,,0.04374833937723438,-8.54101313347913,,,,-8.88345368449748,32.028392272253356,0.8799731657323281,,2.140228939951461,,,-0.06787038524874144,,14.82049043473961,-1.254961298742052,-0.7987787699213476
2023-09-08,-35.51764468534335,,24.964744187282058,-0.5814295394588955,0.01337723126566007,-7.437702146362302,,0.01681162552128887,57.247313345889125,,0.5639838385611402,0.021445085158262905,,-0.6013226911876592,-0.1344652322590251,1.9719395130471908,,-4.001099174254929,-7.4423361464586435,1.7739353302095586,,-0.0423225361224821,-6.546528849839923,,,,-7.797850050013592,-3.8039349893430887,-0.9966999815296717,,0.9075148291831773,,,-0.09127617548478222,,2.4042502089852524,-8.605670389450554,-5.438898606584495
2023-09-15,-4.716928857685429,,-56.31008445769339,0.9466856176073015,0.04310457506977744,6.47841676615873,,-0.7853585417968382,-13.6894601761517,,-2.9704474907727882,-0.23799341622881875,,-1.3145372003472224,-0.3061154298614833,-0.7226016796775857,,-0.1358917347782545,-13.664109995295942,0.7570018492008563,,9.77836467399279,35.19691532287237,,,,-9.214902987305239,-47.384433879631686,-2.460963489949783,,11.905858796786765,,,0.00407853267100463,,32.76125338348403,-0.4280570332121964,-0.6180645142524271
2023-09-22,-2.044499652688609,,8.645649669058956,0.9581558449496503,-9.029492249743878,-1.6453618869153674,,-0.5806934716418976,-6.915891448548894,,0.12957065463302628,-0.1052953772378058,,-3.0586416013712143,15.23434758587414,-3.2980413668951343,,2.6615208761510947,-42.921449205182334,27.840232643957133,,-9.57940661374757,5.6016158032585555,,,,-3.460703945792822,-4.830192050682407,4.354296971282042,,-31.74099226000987,,,-0.05395992678446761,,-2.5410797885650034,4.572595803508324,0.13150579733293755
2023-09-30,-0.03465351088196384,,30.643729455197747,-0.3410306500897448,-0.056868582351401374,0.17686236936276384,,10.320771139623016,-42.187271687003445,,-0.0054561095564742215,-0.15800491113096493,,0.24395855864580238,0.11350271993850027,-0.18363120400925836,,28.340838890105253,38.97227448967702,6.627296503202488,,-18.34516905026736,-4.592150555836077,,,,13.242465330912664,3.6141304522099027,2.964349447093137,,-0.7371432734332652,,,0.04017974354344407,,5.535470488606041,2.2369891406693947,2.4606901810228554
2023-10-13,-4.951015857906021,,1.933253773008349,0.21420379920099927,-0.03707837606369832,0.059969588834970305,,4.202783641923312,-10.971188999676766,,0.41680439972154504,-0.023886747261378176,,7.6355633728311645,-0.4823073421626465,0.06114911214374033,,-0.037551996410778214,-25.519031196386784,-4.199310946469772,,-0.2212196402873738,2.0267158870095026,,,,4.892618850308946,-2.398576168439586,-4.729655012358062,,-1.2090977287100997,,,-4.58891344111374,,8.60901877764844,1.93007206816438,0.19292329971587394
2023-10-20,-3.0583272897620573,,68.88450682,2.5165720674530143,-2.4023910998007745,0.0020300813976595056,,-0.6441620627524994,-0.3782290889614106,,-1.3107203495100306,0.3726572408826444,,-1.2263360220239146,-0.18169442645063172,-0.45200143666241416,,-6.973747064821795,3.6532544794961614,2.137207734422215,,0.23343748296293365,2.2589501926931694,,,,-12.568186701539556,0.33861792085010256,-1.0029390041515365,,12.27901385358308,,,17.816227968605574,,0.6115512080140764,0.4998432162705087,0.0399968736020003
2023-10-27,-0.21333683634080644,,17.703632319660763,-1.3455588946541082,-0.19212212064688716,-2.3068514430196334,,-0.9841834267995949,59.78536174986144,,1.0401054047550233,0.8060505602822828,,2.0245024044101942,0.3535087155917016,10.69289756600446,,-0.11680647683772384,-34.26513070212637,0.21993647259796312,,-0.8257196035663785,9.614781506619416,,,,-0.8164963432561139,-1.1377190039569114,-8.082067285451032,,5.789788326221041,,,-0.3630745559715785,,-17.2310821333057,-0.6479222894427918,-0.42274212426715246
2023-11-03,0.019601979434651903,,-53.122295094316556,0.13670008197173528,2.7279117236907457,-0.19110289627914168,,0.3207353857043251,5.333508482118371,,-0.00907437367575771,-0.6288441546967578,,2.452044915847873,1.7531486822448508,-5.7249001921434655,,1.3906754111900168,4.408359640396479,8.451120796133534,,-1.0732623353413793,-5.841418454989647,,,,-13.742869173609929,3.6692513589086295,-65.35047225958704,,-2.649131845454666,,,0.32340497547025987,,-1.7260483034518628,0.42904538413418625,0.22887191741187535
2023-11-10,0.27139827377069836,,22.430335172362803,11.132309778398671,0.03867398491002854,0.3240584288645648,,-1.4679825406458376,-7.537484488085136,,0.03567534149009584,-0.13074526720209312,,-3.375921062931197,5.523060152239735,4.539066084819954,,0.1612140177821563,57.47624224148597,11.88332080592033,,-3.4520060298680226,0.5045268277974068,,,,0.7243426801228665,-6.000638518710109,-61.30949188107114,,9.826027425920259,,,-12.647768453247169,,-2.8660205172514033,0.1293995542662021,0.07901125160244733
2023-11-17,-6.984866261084053,,45.112145411649294,-0.26360520720747865,2.620767470090363,-2.4061913434594535,,0.35867923977452554,1.350553251079156,,-0.007923424240646765,-0.18928487865919977,,4.7565258770087855,0.125937894160228,6.29142347858031,,0.31836906140437227,-11.996802660732756,-0.3299414374488716,,0.029189208083947704,0.035248454563198126,,,,2.8696956695735194,-2.3049927403628097,-8.258302156231322,,14.503138380386206,,,17.82004721515391,,9.190595165899733,-12.178808985038296,-3.442160839477152
2023-11-24,11.784968766791518,,-0.3003541678337145,0.07442723348463279,0.055770000275754815,0.1813020696238496,,0.08819073465088023,-0.2542201346455549,,-7.132437677913678,0.13801108489123537,,4.507100182039148,-16.671526934784218,1.4272480657689468,-8.058967343408401,-0.33400974523744326,13.66734920450206,-0.7791544431025095,,0.7505550301733145,-5.973313025442261,,,,0.19028518561230334,1.6602314181337774,0.6806462118747477,,-0.7426154788157571,,,6.122233036225468,,11.898957211722179,-21.422221760737266,2.348618225138753
2023-12-01,3.820124487287241,,3.4738451541267104,-0.1022166659774898,0.10837740541422401,0.9720750583034411,,-0.051452669437203585,12.552995359667694,,-6.360119036136734,-0.20328490844098335,,-2.5626103947366707,17.006883698946417,-7.752617486919,2.6142030570470687,7.301237129376066,-0.07878661613947324,4.842344839952058,,-2.2714593314571903,-4.1677675159646626,,,,-3.566718565237648,-0.9468344293150288,-5.070173907692682,,3.1435307355481195,,,5.7964398212005985,,-69.33096923736213,-4.242910376929105,-1.9793304987206084
2023-12-08,-26.093812920963686,,67.96783357435613,0.203119773212259,0.5505398067291577,-0.044166308467430526,,-2.2154708583393594,0.21656345046293224,,-12.735865828617781,-0.529568121008681,,-1.9301266910715489,0.03393936112038959,26.550436615329975,0.13572469751272492,-0.10120293167421834,7.793455832038601,-1.5891060861909834,,8.365186454387786,-39.57837536648282,,,,10.247082267874973,7.408507391887725,3.4892081513685445,,-33.888438315723334,,,2.109411752038698,,2.6892915301981404,-0.025204470006713595,0.08144565645403552
2023-12-15,-0.4868017200076865,,-3.4252402920329246,-0.023215554065609493,-9.435169047139453,0.056793918999685916,,0.5540838382696962,0.023707730717451414,,-1.755665996827716,-0.20191405621474853,,-3.4954595011520726,-0.12696475203743793,-0.4772301729999903,-0.14271311630072653,1.4123206779144328,-3.866428285648092,-4.7756494358624195,,-0.16136446931261073,-24.501148265384884,,,,0.36768071007521197,-9.210632520469376,14.321849368236213,,-0.024281802832687646,,,-0.07541613500440258,,-5.89385676805333,0.44564988543534234,-0.17027107904988048
2023-12-22,0.026326906943027542,,29.99852371528101,-0.056208176394316585,0.3765921346660889,-7.937210108221269,,-0.6417437535186488,1.7668213566707038,,-0.11010679660763195,-0.04486090582487595,,-4.621554833938094,-1.9916830992742716,9.931707003206663,0.4585312453934357,-4.668611218913254,-2.986278681658126,0.7305750846624369,,0.3665085097312055,20.194825787313192,,,,-4.16429463668489,-47.59027937636029,23.10900707438015,,-2.1571666071077247,,,-0.023545254712334,,0.1736927993494859,-0.6537503759186535,-0.028192474333745353
2023-12-31,-0.1615913299202446,,4.480674944316006,0.042982644447791096,5.708551771914913,0.1317776603380372,,-0.9323530869989154,2.8478342443427067,,0.7512638232880484,-0.32840114709486257,,1.4691854184811008,-0.01123956648358735,0.46862991902865725,1.561640299057104,-0.6658683788975429,2.7414272044843413,1.0910737178870942,,-1.3029304193138018,0.6404686795717635,,,,0.9811223094230129,-5.720666673973719,-5.415895384436761,,6.405632258197026,,,0.006890398086012509,,-13.068853290665759,-6.147111208095839,0.08627431627149065
2024-01-05,-0.04834908664064955,,-2.593504586308468,-0.004848880182633471,2.9322819554652098,-0.17242680451247278,,-1.8102160227511401,2.1487194665606046,,0.10966730458686749,-9.981600166557365,,0.38717576806549414,-3.4501660720411724,0.947306411559631,-13.696890474749438,0.3076104944220908,19.28487348519364,0.07984444885224623,,0.03665865880106085,-4.448111743981629,,,,-4.350200904298246,18.208281346164924,-0.9044388684266413,,-10.19933810707538,,,0.009152330788450513,,31.60178162239629,11.471266095350186,0.06725153186328292
2024-01-12,-0.20712438926456062,,-52.569937447282584,0.03727885515076493,-0.35925237790111264,0.01751555892988471,,-0.12820152898182713,0.6191322369291119,,-0.12070489842655255,0.4356718644717186,,-7.459981253665227,4.1197721926745245,-3.2256501708421648,-0.22812960171423616,-0.0006825755840661023,-24.993999530597602,15.752839863042631,,9.066607729141644,-12.12107402363953,,,,8.077368910639866,5.302114515736279,-4.118693588115171,,-2.4172027081232166,,,12.044184256003916,,7.15070141293007,0.1271733304494427,-1.107086310431988
2024-01-19,45.899711747823424,,29.37189447723004,24.904701563997914,-11.02778251343782,-0.199459452156537,,-26.25358525805093,-0.07844457361338641,-0.023627013295750537,3.040981275802526,14.335812575236137,,3.6683414550927593,0.7253389629241545,1.8879847446129265,8.831565060143857,2.5664588529593177,7.406972757443832,-6.839382958524912,,-1.8867089148176124,-14.319652109242842,5.951213042569327,,8.378541229879355,-13.879547868233466,11.197461458583039,-1.2129641316896755,,7.571343529223669,0.5439946777846886,-29.762378357801254,-3.399244167321884,,1.915746461956852,-24.406124531985917,0.05188060921067822
2024-01-26,3.0215049833349177,,6.566680770755507,8.710999890785878,-0.5115065521957145,0.12315370936890187,,2.969958319024913,-0.7775395783971942,-9.336973561638448,0.13930977740368944,0.8608260996890305,,0.708243900428876,-0.12537318245501583,11.586284590769033,12.969532568383116,0.0034777972223125203,-8.056722467640519,-6.259596957156875,,0.23846483025160897,-3.207417020143388,7.180896363955645,,-0.04300289535000765,-0.573294311520264,4.24334992705618,-5.21969037809051,,1.2357219817813319,-0.15909615464858506,2.100192699927325,-0.9542258337577869,,1.4430941736873728,-4.912025175184003,-1.0569000645406814
2024-02-02,10.36005848813084,,36.826533156728445,39.95560030381606,-0.09868775866721002,-0.08357254040302642,,1.13647053648582,0.8332755424680185,-0.011445544494431442,0.22643609107439083,1.6227943958307705,,19.66588041291907,0.4832835290683015,0.12421236473793461,0.957747204329433,-25.49636561906808,-12.268387948601882,-8.38928167707569,,-0.3623576353771182,7.796782497976561,10.170666260122138,,-1.7154536917493566,-3.4324024431624776,-1.649426580327762,-92.49018264501272,,19.409845040549044,-8.530276938972898,-6.907805091378455,1.1629899152767684,,2.5931984771879084,2.1793110482250357,-1.8911124325036368
2024-02-08,-1.013914321322536,,23.580677840564707,10.879111821153165,4.0533050434446185,0.30377977225338426,,0.29669467742156624,10.52394822073036,-4.423447097722933,0.3639370588281216,-5.598663718058632,,1.839075453959638,0.04934965790586823,2.1351425700479822,-0.490594604887125,0.1346822817006148,4.248171211611741,13.156714557852542,,-1.1140947756998,-13.422219667357012,-15.782007193927264,,0.24541711155524243,-6.333386725367397,57.90481755718508,-1.3279001574611926,,0.9212305947396431,1.6852904491260843,-6.45169404828927,1.7326525382692086,,14.769342752144786,5.500251262856653,0.833991399271107
2024-02-23,-1.6481531923408839,,25.76023718341677,-61.59292542246533,-0.014430699426618114,0.00804108016869895,,12.551180714722634,-20.14270091945107,-0.21610675970881132,2.6914906773815668,-15.000905365107394,,-0.05020787113051561,0.7396533649575268,-2.5004694479182503,0.05631568798388023,4.6585374826600106,2.676666791575502,-39.03342737400943,,0.036919670982908215,7.7342200706105775,7.217018676766778,,0.012438665736256002,9.966791372734871,-104.6462720567041,-4.71855154447196,,-14.842744305909465,-3.717487480160824,25.13814233513045,2.2075346903590045,,-13.460490629638194,17.146590937555814,0.007595359251310059
2024-03-01,3.71417274129015,,28.944393995307404,-41.00720866682893,5.71853055460405,5.7521026459371125,,8.570961037710267,0.3888829885027927,-3.60440968873903,0.11745514732391177,0.04025791648821647,,10.1765708977554,0.45996370666025677,-6.534970167219634,-2.5351347582507855,0.04641558021085557,-11.270260890599378,0.8839103228181296,,0.4820404043086788,33.69200480142506,-2.4725224230315064,,-0.009503158448753369,-14.598406320564964,3.304510771103919,-3.0123275538072654,,-0.049079865171030246,-37.26383363660455,1.0281643458362295,-3.3296057865483837,,3.24622187915725,-31.041834798293994,-1.0679332318703285
2024-03-08,-0.7699996990088992,,8.337430166959422,-2.758146552791675,10.373180157249594,0.09272643384174865,,-2.147684815299233,-39.13257465291918,-0.4332977834926981,-0.06794891973336536,2.809551685576034,,-13.922895556472124,0.6003452528678963,-17.44093445590211,0.15579621629964324,4.551006960789245,18.04317390282806,-19.632360187852225,,-0.05684661132603655,17.406038831150433,9.435491920112698,,-0.24820878827212234,5.129699792112442,-13.386713609334004,-15.284780183762727,,6.628012438316794,-19.97335493124012,25.258453301590237,-0.08553329606707044,,-0.2502066946668006,0.2661986839607617,3.404476527159768
2024-03-15,-10.86026452413018,,-50.52876907451786,-33.179474038649154,-1.2276829156056102,3.907223822693318,,-13.732006949699016,33.13432866167402,-0.0722459564635625,-0.1814052116460989,-0.15750947016449324,,10.521069705833776,-1.1539351991595541,-4.3798110431754225,17.18979304931767,-3.8511562384699727,-2.7927760869256746,-5.22807255691583,,-0.004993915864355311,-0.12349110240654021,0.8704625665463124,,1.0668837207384407,-0.7304211644148051,14.737673410844108,-6.847257703061017,,-35.12314742883036,-12.896973939070358,-8.872189062784587,-0.004243387173143811,,7.6149567000430585,4.3959633942706855,-0.04595711139384959
2024-03-22,-33.716535968275934,,-8.288269659332869,3.9393767738689878,-14.26770960273442,-10.207614288975538,,15.725637944841944,-27.058968392445536,-1.0878447296923148,0.04628518647707245,-0.8343449621121416,,-0.2237467936751365,-0.5336642170948784,5.618103032774043,-0.946074508668428,27.283069824110978,6.752152850021578,-71.61543162480545,,-17.61901624156415,-7.336687491962009,-17.447799477196007,,0.32389568090981574,-15.219189901617506,26.563483753898108,-15.668870651485648,,-5.253898030453025,-1.6279928892296287,-2.406401087388003,0.3869873911694446,,-6.634841397612558,8.29367409975271,7.448201613240159
2024-03-31,5.780606178484269,,,30.31432516280026,-0.3098362219602701,-0.03863867142752228,,-1.4755631767128565,-3.7992062009993006,-2.067186818367527,0.02525183550105643,0.5637750040252434,,1.0268579194394136,0.03655387224364258,-3.44978117217068,-0.13877865494263292,-0.20211807832668682,6.221273564904193,-3.8521802899146502,,,-44.4027742708841,6.195962358680091,,0.5907852866468736,0.15225038329587104,-4.860436472870401,26.860723705270537,,17.795259508780322,-16.7634131366631,0.02755670034641558,0.20382487708782254,,-2.7526276892577624,1.7048058561244477,
2024-04-03,0.49222176849547195,,,23.655483214747978,-0.4602362439462489,2.66906370787127,,-19.93539093813976,-0.4999534144216172,-1.0678010592871523,2.183373657521633,-3.1966319804836902,,-2.5568539921678086,1.9539307578690037,-3.381567696332951,-6.774467510989291,0.22155878719159006,-12.21340889772133,12.77551421704678,,,-4.9825036334137796,6.820145354007301,,0.022004134243782322,14.55608493846944,0.5051774456176792,9.548828426428592,,-0.5736768534126302,47.97861866808402,0.03110153320871472,-0.6215586800741646,,-2.577394427458842,-9.867941527406476,
2024-04-12,-6.443026501070285,,,8.516385537924107,2.781204369576481,0.9880496478028283,,1.6544603544846903,0.20127042717112764,-1.6441352503377988,-2.368923992591942,7.645840680764403,,-1.4751240111647488,-0.6622347700653347,6.606341166272537,0.032445565285601,1.323566032844214,7.964797275051582,-5.70570694498275,,,5.329430135886585,-8.201974181219768,,4.33189867473658,-9.337495081629605,-0.6689274148443501,-1.2796959142842887,,15.501527011714211,-19.92073630461567,28.656518607192666,-0.08575181998751334,,4.091258351874962,2.701978784341013,
2024-04-19,1.2741899305312407,,,-41.56370762741859,5.587736738322114,-0.030147465633938074,,-4.668666915962845,1.4642221839124392,-2.1495669028237887,0.3425133057480334,0.13497202533220698,,0.6966786859198093,-0.05670553824942193,-4.541785985851837,5.906110409265533,0.2615418798298224,3.4129040349534625,-13.69721670947685,,,36.84162219940006,-4.802442579730346,,-0.05627219235720127,-3.27716226488616,-5.614142918401652,-5.199284032837693,,-44.55714568979377,-2.0330606846586545,0.004796452048031502,0.10091769674734796,,-4.528377756263786,16.68043753608932,
2024-04-26,0.2904501824302972,,,25.824028963936073,-9.864549739221939,0.06045870969376284,,0.36626167781761465,7.088119412572745,0.18113680928393122,0.026827353530646636,-6.274999282521863,,-15.248448644803041,-0.07941281706156991,3.7727788641465874,2.138302118617056,-5.205836653221722,-2.2001953454764225,5.1789946247805485,,,11.292835060464888,1.3883275987429793,,0.16025182185780285,-16.08082959390664,-1.4018559356524867,14.709843748962198,,-1.628382094760398,-9.303288899955662,-0.02725140829859181,-0.31082252694697543,,17.495352739166375,-7.211191318566597,
2024-04-30,10.191898933843177,,,9.47786547502437,-2.6730469284225986,0.035391290256316016,,-3.136601644172194,-0.23695252615457096,0.01103159121382783,29.24182391808829,1.022876140309106,,4.536095901253816,5.603726573490922,2.234946421323782,-0.14367234119943437,2.375625657247351,-22.0538393274232,41.534743290269134,,,-4.360308861200798,-24.052410425000403,,1.568221732616692,10.94320524199302,6.2591714944345345,10.079668242206354,,-2.6295771105782686,-12.42773187858531,0.03830465682885571,-0.009195002367300979,,-8.512162430213444,-0.5803370368203887,
2024-05-10,0.732796229076671,,,29.711417832414877,0.18695280469712094,-0.047594137806599934,,-9.311743793712203,17.47603002905038,0.06937311778055161,-0.9479494206827258,4.115953396038691,,-2.931304030162783,2.52435064454073,0.48777927882913147,2.271599331088088,-0.13627899161282203,-6.165668065657324,-0.5898788927792783,,,-20.785995309997084,6.275369503585025,,-0.6428277026359996,-1.316960461059887,-13.46468829170134,0.6696153385522075,,-4.607493304001964,0.5599431136097829,0.08630871414975563,-2.90957736052525,,-1.2400835417056486,-0.15870089268312246,
2024-05-17,5.366242555842601,,,-2.244294581903164,-0.02933059160433172,0.011147329792505684,,-0.21818924974657267,0.4136162302988149,-0.005638171525790672,0.12650873956565384,-5.426367154708026,,9.006533143078496,0.6343776176280369,0.36124951517584303,-0.9779007197676135,3.125444554975461,-3.0695437364338085,1.4548874814274346,,,-13.669497542850301,10.127998282335398,,-5.8240503371418955,-6.992093294942264,19.017429938075477,-24.877381239381776,,0.9508496077899329,-41.70503216907597,4.4483015775998265,-38.221506294317194,,0.40340295618197075,-3.074615798307429,
2024-05-24,8.11781992934454,,,18.88760172029587,3.035210099003079,3.357295996718762,,6.182577833925065,-12.711928265470316,-0.37216089803689123,0.10668235291542619,0.6885905263602629,,-3.437564228722989,-1.038305058583552,0.08392755370730623,-0.1658756721311842,1.9039149638536692,13.477325855800094,0.2835987610946111,,,4.195180765958332,12.010291240759496,,-0.022861975265943357,-0.03274321765538035,-9.32000743255188,-0.8184611203094372,,-9.3841070116448,-26.553210779675222,-3.5812261218570907,-0.32076696856714365,,1.7347444268271413,0.24830630461152792,
2024-05-31,-0.8122009253045849,,,-45.41977250250374,-1.7385280759350277,-0.019503989464169064,,2.7195054391645774,-0.05972555551974221,-0.1568492902870389,0.08122945904374296,-0.0999963650541702,,6.138898332424396,0.36007645793434845,1.5412299134438954,-0.15065143732591865,26.988314145736524,-16.14698696594489,-1.159382709978512,,,-0.7501978636649518,-3.2964112768623393,,0.3548569376867734,3.9113091473252015,-57.58800691570426,-18.138370639589777,,-2.3132532921700335,-0.9980570470216924,0.8192528195987367,-0.0025736825557066134,,-2.0089226752648375,0.7136218396490681,
2024-06-07,-6.4212705633716505,,,23.14757614022479,-4.014793553885326,-2.255978470868496,,0.2559221025796594,-0.10585722801614075,-4.912965666682027,0.025834183250118825,-7.677339406493216,,-0.5254457620036573,0.3741341452089748,-1.1317242809482413,-0.15350313771750582,-20.152533350588588,-37.73442884811999,16.30594316892541,,,-2.964806568604813,-4.695570905530981,,0.8279971888078402,-21.925389622462117,-5.177404757877579,-2.029927284208934,,10.731972957709841,-1.9495537630375979,0.10213643523264865,-0.14199873035871682,,-21.396046280169212,-0.8142123784206988,
2024-06-14,3.1791469168349127,,,5.916696499289794,4.828306216910153,0.0446956844970518,,1.063953176053076,0.11257998318383258,0.24516680345465452,-0.5564886233789519,0.2719738430668384,,1.4501494578647023,-0.26110065814118316,4.9973487300113755,-0.2089831773291473,-3.7048614989766815,-22.23333762842459,3.1988972777215787,,,32.86788032585203,5.311256057765191,,-1.7304484965042966,1.460316615033602,-10.960106335477995,-7.921915531921991,,-18.006198561265226,-8.998723292685222,9.828042682355754,-0.006546420995860107,,-0.2757025996635045,2.6386658055623595,
2024-06-21,7.0519353444155985,,,24.441996572266873,-4.058531651847135,0.051779032651557116,,-7.855438774461586,2.6750731918051103,-5.543601361779826,0.24567898895370266,10.515422280097807,,37.222120782257576,-3.349411454365227,1.7301973255916274,-0.02643954250058588,0.00745132216325952,-26.471812230016752,10.216807144725715,,,-37.843842821286074,-2.654851416086052,,0.09646461086910882,1.548141782016319,5.926690008795508,-2.435062209621055,,5.603671276264314,-41.62547638500274,6.176053225655615,-0.11509355764606291,,-0.028359719257662577,2.5015328542976945,
2024-06-30,-1.4858903694986896,,,18.71807285231661,0.10732142216429977,0.30156312593726986,,-1.4350767337063215,-0.25122494588172317,-4.620039954858994,9.478227878817219,-3.7136248395108726,,-4.872684478885689,0.08484625860833497,-6.3670195543183485,-0.10502731252722351,4.509720711897099,70.28943992002013,-30.911637586144547,,,-18.368862695701058,-1.1803787239820769,,31.32271633037,40.502483905968624,-11.502336519761156,19.384639245584154,,-1.3833742901103887,6.049082507436172,-5.752665600266948,-6.41246811809452,,4.60981359222051,2.8168403955901233,
2024-07-05,-1.3703498455250707,,,-2.194653269338576,-0.20580813099833994,-7.559081537125743,,10.72396716523727,0.027196103341816602,0.01499643458412829,-3.280527824047746,0.42667270765113363,,9.46314317506923,0.11381148273996114,-2.2995947910410095,0.03152848617665206,-0.52050587074413,2.943512534425458,1.3053401864648808,,,2.602974519463862,2.590955898181812,,0.3002321662410985,28.60301919109931,-2.8903896538487084,-3.355989623564352,,-2.068522181650023,1.030757226387481,8.424372309161448,0.7696145723517585,,4.188886450443551,-4.943574391522304,
2024-07-12,-9.221546029855155,,,17.212522856011557,1.6290796453158753,0.3454980454536173,,-1.4965167340873435,-0.7058351817565169,0.5302460548846729,0.053349380404120045,-2.183182480216498,,-3.440271029471667,-0.19743640628256104,7.444638069621663,-0.8062314465093008,3.0230952102544784,-17.221525112483906,-17.22501312059777,,,-8.838369216261366,-1.1717570991995558,,-0.2427111864543683,23.900446122627358,-0.3065408752896839,-7.507042436982909,,-32.54705088495315,-6.571203491361745,-0.009001194957374087,0.059259533846035994,,1.6709828256995967,-1.016973747925307,
2024-07-19,0.9140564153784905,,,7.010027881664371,21.47321664953448,3.070527886866936,,17.27195285352189,-0.2354660917822785,-8.354932004116211,-2.025308047084647,-0.9556717004144653,,1.3565095830455092,0.07881845459058157,-0.5836631895241532,-0.8859218454570621,-0.029319443462921972,9.677228765388453,1.5996900802214291,,,8.766921780536679,-1.2697893058379852,,0.025707846603456153,0.2313608886763152,-52.502716584233355,-11.451544359746038,,-3.0437062744231858,2.7730383641354304,-11.577902469227393,1.1910806753334433,,-2.517522680115491,-1.0890376989002817,
2024-07-26,0.055786383108085424,,,-2.6877577869095073,6.907381512477041,0.14353362641944645,,-0.1833055156591326,7.187951263394054,0.4421299516078313,0.025637645592098676,-14.46025403544784,,-0.6300425551802,0.010951680528099146,-9.080583453803275,-0.1637482276771652,-0.38702843815920746,-21.58397990267127,-0.4254365395906136,,,-45.398954096702674,-43.591208908289346,,9.377920923603797,-53.95962358166284,-0.071266937177912,19.03245984692628,,0.392611741716556,-15.464371923362751,-1.4063119914168816,-0.153419278481937,,2.1872724615203145,1.9420037795357408,
2024-08-02,-0.33227924980204504,,,12.234206616508732,1.04323961185014,-0.08924346289967569,,-0.10920794809101517,0.5323900621223863,-0.28365947572756645,0.40368921187583284,0.1696182119334686,,-23.426679704313436,0.6374165918212608,3.6321692450419487,-0.01338906398718262,6.297761221604636,16.93999529132386,-1.1819774516017012,,,-4.398592324123676,37.59212360019589,,0.173983564167359,-5.791798590300782,37.04715038753541,-2.787821885167811,,-4.781317927591745,3.9471961690544837,-6.330755616841721,0.9687713815125313,,0.6292157759784173,-8.706693295099232,
2024-08-09,-2.087726633830409,,,25.051958172480713,-13.42408988437644,0.11291877234725221,,0.48054760142704167,-2.1520336098993225,1.468856361785769,-0.004992191752300187,-1.6322820176116304,-0.06690786236214194,-1.667338809692355,0.5749191336531269,-8.004023378660753,-2.9989957418163016,-22.780750744822615,18.0349791558008,-15.862445386030334,,,28.76896898659214,-32.94702187376529,-17.94358435305049,-0.011341363595005177,-7.864377584913768,-16.084996619776284,2.138736179880786,-0.9702583374926426,-4.287765783287255,-12.744347644126078,1.2291928808940482,-0.07494953698912502,,3.364109367466477,-3.4310993893177915,-0.5701720643091828
2024-08-16,-10.298094499905794,,,-47.02747859971006,4.201786949340308,1.1474789132955943,,-0.7530846889447346,-25.980262202491467,0.07388742009129268,0.4056901794227087,-8.243976394489863,0.8173453446360368,-11.090869560742757,-0.5003211617257941,-0.05639199715438173,2.308187346533712,-0.43457517391499106,-7.925841251320338,-2.71163733437921,,,14.098031181920978,16.373372120394848,-1.5812429608346996,0.10473704654514127,0.9061544732595108,-1.682628058782635,17.1370235244425,-5.89047820218785,0.6776690603637059,4.68903825463537,-17.67713024323787,-10.60352805728186,,-3.441443889368753,0.05999780571546619,-0.36496472032764377
2024-08-23,0.5158001970655065,,,-37.50531575322023,1.2067343683445486,0.1866024607063479,,-0.6414610395248853,-0.5569426768713381,3.8737466001451977,0.059885184108093556,-4.554783934282243,1.0871214514900804,-5.643397246614359,5.013674646532422,5.594781548375531,-4.059055953223352,25.485445880901786,-2.2902889396933857,-0.6450426352927763,,,1.5081638201248944,19.57595805398184,-1.4698464277730459,-3.0600575180732603,-6.922873094614115,3.547156555688632,34.45395175237103,0.15855268159800615,-6.933551262399275,1.8678539634087592,37.02612953187351,-0.16651264890100803,,10.74134161742292,-1.8927857008538622,1.241833821434511
2024-08-30,-2.5523470401207855,,,10.93701978034487,0.05986133015904032,,,-0.07209665141677951,-38.33689785615026,-5.317697523698534,0.12739910546097596,-3.5217991409130605,,19.78370152898019,-0.09591289003606573,-12.080684578191576,0.22047869995961727,2.633925402024895,-2.2058770298973363,4.12594757136477,,,-3.159963752920342,4.506185876584511,-22.00845825045419,,3.415874433138067,-8.31592122344736,-0.09913322442756076,0.43167366986622135,-3.00122100931227,-2.8641379074979474,21.673181080228968,-1.153126343484645,,-0.5135849431688874,-1.331414233322045,-0.644781196239105
2024-09-06,4.212062887866996,,,8.545929246809763,0.0236131124326645,,,45.37495146743309,-0.512144806472487,2.0715547754771455,1.067291941685694,-2.1412610930443807,,-0.2984237271816159,-0.34118598000363864,0.003217370913187509,0.6667862170338265,1.2168389819451326,20.727948684740166,-4.36637837368865,,,-22.359792362513037,2.304412035456911,8.693115017053513,,-1.807552390854061,-10.844881705969003,-70.71731361135409,0.22250095901582895,-0.9928886438957916,-86.79908986574542,-1.735590301568031,-0.05929040511312211,,-3.3014575794370105,-14.583153399604239,-9.9577778685866
2024-09-13,-27.106967739449964,,,22.519701049828868,-2.463353237824086,,,-0.2208101864891734,0.04127405170352776,-11.970451396256397,0.3219740048897715,-1.403392995828886,,-8.168723377576622,6.777823133190262,5.42812142083407,2.6453846764977986,-2.3213480784045704,2.6089220451577577,28.416243988708107,,,-9.725880105019233,-105.61655220841841,-0.6716089624909494,,3.428615417556375,-6.450106839177634,0.763048168856289,8.682255260363107,7.5369289826798065,-4.641029631179768,-20.420227856129795,-0.03427831738247497,,0.7049967656328763,-0.4616960955319116,-12.064433209263115
2024-09-20,10.54012579467616,,,58.44351660483193,0.3111242032732005,,,-7.913018464509313,-0.6253356846921931,3.9562506282973535,0.06458559184035678,-5.180155156511487,,-2.592519079476631,0.10377834853711516,1.4722829363197794,3.990300767203822,-7.205268281169903,1.700601935617172,42.277249319548325,,,-25.293542966215025,-28.620926790386317,-17.99585934964617,,-8.533338044399779,-11.142546173471214,0.628430083972161,0.335339107277245,56.51502342438231,-0.807511342618021,-20.277933631158206,-0.01337873652588668,,-0.5837379411625536,6.1177288785992765,0.18654340704104078
2024-09-27,-0.3208535147234416,,,-2.8151065836908726,-0.2167408224785855,,,1.3341219061356226,0.14008652442601452,0.09276444014841985,-0.3538175162211457,-18.185645852158796,,-16.825243373345245,-0.2729494741149926,-4.952075881303806,-0.9847809635456694,0.217876930822144,-4.5662822498701265,-13.559581498339488,,,-14.229052233349698,34.30502460528259,-3.3197027061298474,,-1.7429311412533814,1.6975790606100007,0.4187949055292669,-0.12414545846507466,-4.403914802344666,-2.9580210527633364,-2.0674059359911765,-17.436511793948977,,-0.5214755605904979,-0.344826808237481,-0.8046416066657266
2024-09-30,3.537399564239182,,,-88.63896295589211,-0.027951559549027373,,,-4.005631504935298,0.18350912479763812,1.1333755083388137,3.8260398371543634,-0.32515951456171094,,4.76139892499158,1.6099504336871846,2.506302008380277,0.355108349337823,-0.19265783799160519,7.509246653165825,-0.16756771394871292,,,53.7649669142417,-31.851342974860643,6.5765642840711225,,2.71257916944018,-1.7632933017448886,-4.747334498182254,0.012241235255078753,-4.473554628503436,-0.3316429421323033,11.892605246542738,0.12230138704677097,,0.8535011923025606,3.612445347007423,-0.2154946227186716
2024-10-11,-0.10942584065091221,,,12.616417284747527,0.06154486702693873,,,-0.1955877568495761,0.13910546103384147,0.03009243189875843,0.1026429549988555,-0.9691868538215206,,-3.690683518455274,-5.286745530270047,-1.0203418682389174,6.403308943222893,2.3840860571772127,49.006599711898545,-5.674092869272762,,,-12.983432964395618,6.248554989575125,-0.5265633785709527,,3.0863692231374826,-9.234302689025242,2.228194439965979,3.504434543933903,-17.59041604609891,-2.3556839976894186,-1.0269409860123186,8.378760858094783,,3.9749469174541687,0.07255274811124929,0.03136439493219567
2024-10-18,-3.8273813433711035,,,19.567791621688926,-0.6317121773223642,,,-12.467430639960877,-0.06215354473987862,-0.1989376378399528,-0.662580146096591,-18.677244166239035,,-0.3583491702497008,-0.3463200041821445,-1.3481808300547808,-7.589612144596939,-3.4865512135985743,-11.744602274521654,30.075560349036845,,,-10.06952252621393,-5.371149864400064,-10.892966863335673,,-9.524216739651145,-6.538559381907594,-0.3264570347821798,0.19624003860934902,1.4725429483603394,-0.38726638293114457,-7.744898398748027,0.011994774791926123,,6.228881466930738,-9.584186858313169,-0.08256969730949455
2024-10-25,-1.603808577976932,,,6.7193007778310125,8.199769838127262,,,-0.3774079972700195,0.5644172788854455,-0.07387039004712967,0.24941034890704156,1.4933702982652177,,-8.076655114500763,1.7460898102089049,-0.05951707733301008,-3.3815142389629687,0.21641136284256618,9.411032220753352,-0.19933049277945536,,,-15.989945786487064,1.1396833353031033,8.771224108791758,,3.7253964122933367,-1.1598252492808427,22.98681188409741,-57.52786428282158,-4.031047364773489,0.6405211176390785,10.984922222442018,5.7576724446272305,,0.4643896126742154,10.238370145421271,-0.22698842722696005
2024-11-01,1.1234958153943453,,,3.833221228431859,0.3997745883885403,,,-1.948934682912276,1.5025633319078664,-0.025390593038021422,-1.9538347714031183,12.164189167627642,,8.15235167091355,3.2159678746435545,10.031473757486639,0.20452495136865034,3.877178779523871,-1.9265226378125084,-33.19986782978527,,,0.37558462835898543,-1.2095741490646894,-19.656309927866776,,3.308153526309509,-53.4158106800777,-0.2906969887215023,0.04523999402041182,11.481545169016133,-0.9252068324782535,-32.63064646293551,4.8886353044339685,,2.007141014034405,-14.572580826392375,-3.2523092540618226
2024-11-08,9.449122408803188,,,-9.952475504207035,0.20413551263440374,,,-0.5411062775737047,0.8893058783563851,0.44074261311449436,-5.612927886914282,-0.7010377598262933,,-6.717635313912292,-0.14184546884713922,-0.05070457863690629,21.458341778709592,0.8990608573622156,5.073996611060299,0.13347044481698728,,,-1.7934030313812346,29.47580670663289,-3.0858944580699363,,-1.6767506778517127,-6.706576421663286,-0.17180508236812153,0.08371511769993237,-1.7232365065705941,8.489550525568708,-99.36730056198977,-1.4931319709749007,,-3.2903365350256046,-3.0847987750015626,0.15690133829116665
2024-11-15,-11.776239606035732,,,2.4344727598593066,-2.3509230101144905,,,-2.7556504258513868,-0.038260272276633624,0.17922539780680902,0.007388181591652027,-1.8363003100729185,,1.5267353370532208,0.9106034249138641,11.739210437658311,0.020921477025365426,24.84524292117233,10.839869562771176,18.882766649184816,,,-8.421779428442722,29.334405316011594,9.465024474072168,,2.822972925197756,-4.756006743770509,-4.71816104617637,-0.11476815749442286,8.6556453478351,-4.375644985568055,5.680732996968615,1.254448387678584,,-8.473901322343277,1.7659307716161083,3.3451065099059925
2024-11-22,0.9639888240782196,,,-30.715620946639334,5.337283388562478,,,-0.198983339104367,-0.041307455931500175,0.6531383456611711,0.01919360278007648,24.763317398629383,,10.412688810080041,-0.0669571230367424,-0.5664263941542842,-19.646356023997594,-3.3393187772249955,-16.5483283428376,-13.892896327655547,,,-67.83177749217126,-5.488890455395223,-20.660635240211718,,-9.907906073925094,2.592900485187108,-51.08611462397222,-2.1951605926516504,-0.03559749728534257,6.222781302218472,14.701235778091078,9.638406755908294,,20.322907710140733,-0.23309102730840547,0.09658634819982315
2024-11-29,4.433848546121869,,,12.236932649135621,5.540183680157638,,,0.01734266009194918,4.9730421899929755,0.28823781766131923,-0.008710770599335671,1.5573376334615763,,-20.472696282216397,-20.345019164689997,11.385051870089487,2.0211521827048844,0.13703708308722629,-23.44550794996295,-2.917948259692025,,,-15.797490803648452,-3.1411487884857836,-2.975582389287291,,1.7211675647069964,-1.298697960114583,0.732071102822055,-0.2613094636068085,0.03900371752010012,-1.052453506794493,-19.888868843640513,19.3123472048604,,-13.001934689444166,1.9329248426391386,-0.5400775925069896
2024-12-06,8.409251692275138,,,-19.726848902375643,-0.057976673721048824,,,-0.25416463877962736,0.14294142602167142,0.08459283057664402,-0.4390671412703795,-10.87054492122977,,1.989747875430397,-1.5403996848753545,2.857583472808852,-68.66273619551914,-5.8406607944837035,12.293298188264133,-3.6818372316573615,,,3.686117330825929,14.550472449734356,-1.5389692089176472,,4.923037629010448,-11.833258367730656,-5.531950488529031,0.42716283464298893,0.736492013789992,-15.786306835953106,-1.805988588269861,-4.913572865923444,,5.090223386444561,1.3211107943411617,0.5700196750700208
2024-12-13,5.473451885245356,,,6.117302262196434,-0.0056484065607933735,,,-0.4154201118971614,1.0248111140772163,0.17270280522643003,0.00423568060513993,-15.352658434893211,,9.377932374195733,-1.9899400602779118,-0.10331514260257067,-7.044142951358468,-3.0588408829688296,-3.398995866399222,11.7391027854812,,,40.19817862239426,29.87639655973841,-22.79863106957323,,-1.6284259246391426,2.076742099271801,-0.18702652226114125,0.11223949954727702,7.911684974724223,0.6263631544220758,-1.1801382576641877,-0.09978656740967416,,-3.6836284973967466,0.16279865641477867,1.686156647313993
2024-12-20,8.18776402037769,,,24.97176214985541,-0.36665880995440836,,,-6.982811423729197,0.49602597497792017,-0.046656134448952,-8.968435527595531,-4.321064989888812,,-6.762813690978043,10.161666221525802,-0.728153134632177,0.05317421316260228,-0.5501889223693899,-0.3841058328760235,-5.961890285158912,,,67.1533907626884,-54.67213194008368,-3.2228729195314787,,2.4575346364694557,34.89727014362253,0.2103261484728995,-0.34872729520798973,-6.548354404977919,1.8788196945275855,-2.5724050109171923,0.009238388820233211,,0.10522405832958248,-2.051010069780414,4.248247855903381
2024-12-27,8.620223066918388,,,47.934400891977326,-0.09785256961002724,,,1.1222994202104473,0.11310165924497012,0.287884396652501,0.16693072991324787,7.36846691349843,,5.942137835123255,-2.0126846334514847,0.6857139748746697,1.2086156190903663,-0.02471731420180924,-2.878604270169068,5.344452614042006,,,7.4661052031884,-39.09954246160727,11.691504441574848,,4.618983585146828,-8.073217139722422,0.1892163007978554,0.1408479034534354,-38.081613551261896,-0.14547733363773901,8.7764198891291,0.01920429362527092,,-5.713779158128321,3.7080019924059187,-0.052283183180642914
