TradingDay,TMT,一带一路,中药,交通运输,传媒,光伏,养殖,农业综合,医疗,医药,医药医疗,半导体,国央企综合,国防军工,基建,基础化工,央企创新,家用电器,房地产,新能源汽车,新能源综合,旅游,有色,机械设备,汽车,游戏,生物科技,电力,电子,石油石化,绿色/ESG,计算机,通信,金融综合,钢铁煤炭,银行,非银,食品饮料
2015-01-23,,,,,,,,,,,1.189444249597548,,,,,,,,,,,,,,,,,,,,,,,4.421483356990735,,,,0.002165130175825887
2015-01-30,,,,,,,,,,,0.9744752788245896,,,,,,,,,,,,,,,,,,,,,,,-0.034277690661834,,,,0.0027265160604061766
2015-02-06,,,,,,,,,,,0.017767299469017846,,,,,,,,,,,,,,,,,,,,,,,0.06692818286756395,,,,0.2954151586455553
2015-02-13,,,,,,,,,,,3.7645953436934887,,,,,,,,,,,,,,,,,,,,,,,0.02616144754674691,,,,-0.7135589190442435
2015-02-17,,,,,,,,,,,0.05932355305332908,,,,,,,,,,,,,,,,,,,,,,,-0.0280904184833983,,,,0.04659404493107771
2015-02-27,,,,,,,,,,,2.1667490064283657,,,,,,,,,,,,,,,,,,,,,,,1.2092237797178969,,,,0.06647556947459023
2015-03-06,,,,,,,,,,,0.41094006228131996,,,,,,,,,,,,,,,,,,,,,,,-0.042347189935156224,,,,0.26739126825261983
2015-03-13,,,,,,,,,,,-1.1645150127154316,,,,,,,,,,,,,,,,,,,,,,,-0.7532492734455397,,,,0.11615448665089875
2015-03-20,,,,,,,,,,,2.1167598374692256,,,,,,,,,,,,,,,,,,,,,,,-0.3111580615855091,,,,0.2385017066281046
2015-03-27,,,,,,,,,,,-0.2266848128789194,,,,,,,,,,,,,,,,,,,,,,,-0.45485318401995667,,,,1.0146525357783602
2015-04-03,,,,,,,,,,,-6.39628786986819,,,,,,,,,,,,,,,,,,,,,,,-2.3980054298342877,,,,0.01147875185110768
2015-04-10,,,,,,,,,,,4.216345199472929,,0.15516545342777038,,,,,,,,,,,,,,,,,,,,,0.09842178479484094,,,-0.005897856218588715,-0.011039950889241227
2015-04-17,-0.04616007750089671,,,,,,,,,,0.0011528604163523488,,-0.33216021310000693,,,,,,,,,,,,,,,,,,,,,-5.333551074101608,,,9.825104954337217,0.06349910307620653
2015-04-24,0.041454310655939616,,,,,,,,,,-0.028418366084012752,,-0.647045116856615,,,,,,,,,,,,,,,,,,,,,-5.04760727927857,,,0.18755409249789481,-0.1987301307022095
2015-04-30,4.416534579647758,,,,,,,,,,-1.292523803616482,,-0.07487513505971573,,,,,,,,,,,,,,,,,,,,,-2.6369674235253413,,,1.363770525612537,-0.02362147620245775
2015-05-08,0.14958133692033204,,,,,,,,,,0.002946031033421257,,-4.040309256456192,,,,,,,,,,,,,,,,,,,,,-0.6061131608516455,,,-0.25596224283752406,2.5042796795455593
2015-05-15,-0.1321485242656505,,,,,,,,,,-0.013416132617096349,,0.001184743281174122,,,,,,,,,,,,,,,,,,,,,-0.7809230104741932,,,-1.5859204917270155,4.554178124559118
2015-05-22,1.167787728700703,,,,,,,,,,-0.016653238023088122,,-0.07404813535779019,,,,,,,,,,,,,,,,,,,,,6.406873394123481,,,0.052537098763638844,-0.5125096090362883
2015-05-29,-7.821143098974946,,,,,,,,,,-12.238875549956244,,-0.008140182139026906,,,,,,,,,,,,,,,,,,,,,-2.1918764673269404,,,-0.0038692044723175334,-1.1003584819116492
2015-06-05,-0.04241014575726319,,,,,,,,,,-1.018343111379124,,-0.0042362080070687995,,,,,,,,,,,,,,,,,,,,,-0.39062100452251125,,,-0.024145799127917575,-1.460805848935234
2015-06-12,-0.08363312958324895,,,,,,,,,,0.0061315998434210124,,0.026539047775325286,,,,,,,,,,,,,,,,,,,,,-4.252403732925048,,,-0.00013595603195921263,-0.13624810019840866
2015-06-19,0.10272010224061343,,,,,,,,,,-1.3536167983743665,,0.5855467209230498,,,,,,,,,,,,,,,,,,,,,-12.321631740866042,,,-0.008774874658738118,-0.07663061636633435
2015-06-26,-2.794896843737951,,,,,,,,,,0.18290580994521144,,-0.008147163502396868,,,,,,,,,,,,,,,,,,,,,-1.7532724234299129,,,-0.009885996852531925,0.02906724327910848
2015-07-03,-0.037709964635425565,,,,,,,,,,-0.024146942295508955,,0.8000516222118429,,,,,,,,,,,,,,,,,,,,,3.5423808204881126,,,-0.17156031117455783,-12.206606028845119
2015-07-10,-0.8985153996159956,,,,,,,,,,0.05637336569747127,,-0.018629415481329865,,,,,,,,,,,,,,,,,,,,,0.6678383545076105,,,-0.15364720841476526,0.020146502644230072
2015-07-17,-0.044645930937299495,,,,,,,,,,0.18841174316471285,,0.05737882535832216,,,,,,,,,,,,,,,,,,,,,-2.170481046251895,,,-0.0031135159010745126,-0.236762193543902
2015-07-24,-4.0430276081936345,,,,,,,,,,0.04727827447163153,,0.0019204092385773537,,,,,,,,,,,,,,,,,,,,,-0.15714887597780997,,,-2.3240015085451455,-0.015321768848475636
2015-07-31,-0.020837774957083555,,,,,,,,,,-0.16927968112361755,,-0.08298260631776752,,,,,,,,,,,,,,,,,,,,,5.503852136019363,,,3.525157688925484,-0.15485007809780557
2015-08-07,-3.0574075256479865,,,,,,,,,,-0.49266041586159537,,0.08963421107892042,,,,,,,,,,,,,,,,,,,,,-1.1682601991397679,,,0.8340657671968461,-0.006263607597647066
2015-08-14,0.19569928234301104,,,,,,,,,,-0.3796800423864881,,0.13544447693082648,,,,,,,,,,,,,,,,,,,,,0.380939092469028,,,7.567276458977711,-0.002465215491538623
2015-08-21,-0.10989025116517397,,,,,,,,,,-0.43904721301970034,,0.00013384850445754068,,,,,,,,,,,,,,,,,,,,,3.8240641789302345,,,-0.4697144895700513,7.894594096957498
2015-08-28,,,,,,,,,,,1.1776404311279451,,,,,,,,,,,,,,,,,,,,,,,1.6092307399313248,,,,
2015-09-02,,,,,,,,,,,-0.0317709597437709,,,,,,,,,,,,,,,,,,,,,,,1.1413989306678445,,,,
2015-09-11,,,,,,,,,,,1.0551121028100703,,,,,,,,,,,,,,,,,,,,,,,-3.3075807456325803,,,,
2015-09-18,,,,,,,,,,,-0.0019053734786263583,,,,,,,,,,,,,,,,,,,,,,,-6.775704380751984,,,,
2015-09-25,,,,,,,,,,,0.13619279271772572,,,,,,,,,,,,,,,,,,,,,,,-0.2501600754771356,,,,
2015-09-30,,,,,,,,,,,-0.004396530480395934,,,,,,,,,,,,,,,,,,,,,,,-0.004492462328212567,,,,
2015-10-09,,,,,,,,,,,-0.38405720399914756,,,,,,,,,,,,,,,,,,,,,,,0.014407563341184523,,,,
2015-10-16,,,,,,,,,,,0.7850834322608117,,,,,,,,,,,,,,,,,,,,,,,-0.5517265095099347,,,,
2015-10-23,,,,,,,,,,,0.06017077524932746,,,,,,,,,,,,,,,,,,,,,,,2.032777563602071,,,,
2015-10-30,,,,,,,,,,,-0.7310206966401325,,,,,,,,,,,,,,,,,,,,,,,2.122710994631369,,,,
2015-11-06,,,,,,,,,,,8.52732829319121,,,,,,,,,,,,,,,,,,,,,,,-0.058667965626625435,,,,
2015-11-13,,,,,,,,,,,4.920892911633626,,,,,,,,,,,,,,,,,,,,,,,-0.17602904545572762,,,,
2015-11-20,,,,,,,,,,,0.021562996302136622,,,,,,,,,,,,,,,,,,,,,,,1.182622454277566,,,,
2015-11-27,,,,,,,,,,,0.9572645085082099,,,,,,,,,,,,,,,,,,,,,,,0.14820386340364788,,,,
2015-12-04,,,,,,,,,,,-0.011465686199881354,,,,,,,,,,,,,,,,,,,,,,,0.20088555011150397,,,,
2015-12-11,,,,,,,,,,,0.2310712480827064,,,,,,,,,,,,,,,,,,,,,,,0.4591834743152902,,,,
2015-12-18,,,,,,,,,,,0.013044946229326101,,,,,,,,,,,,,,,,,,,,,,,1.1619283215956517,,,,
2015-12-25,,,,,,,,,,,-1.8108762091988875,,,,,,,,,,,,,,,,,,,,,,,-0.5376853073651762,,,,
2015-12-31,,,,,,,,,,,0.27039852217100807,,,,,,,,,,,,,,,,,,,,,,,-0.2792343260498702,,,,
2016-01-08,,,,,,,,,,,3.255120932856112,,,,,,,,,,,,,,,,,,,,,,,0.22681897949528212,,,,
2016-01-15,,,,,,,,,,,-0.0023691583287326636,,,,,,,,,,,,,,,,,,,,,,,-1.4953375511759595,,,,
2016-01-22,,,,,,,,,,,-0.12651857646896575,,,,,,,,,,,,,,,,,,,,,,,-2.377113911383687,,,,
2016-01-29,,,,,,,,,,,0.053693492537999946,,,,,,,,,,,,,,,,,,,,,,,3.7085808873306076,,,,
2016-02-05,,,,,,,,,,,-0.7668853851289589,,,,,,,,,,,,,,,,,,,,,,,0.7296388194707291,,,,
2016-02-19,,,,,,,,,,,0.18329221986860805,,,,,,,,,,,,,,,,,,,,,,,-0.669032935145117,,,,
2016-02-26,,,,,,,,,,,-0.004981833404402598,,,,,,,,,,,,,,,,,,,,,,,0.5627160917363269,,,,
2016-03-04,,,,,,,,,,,0.04051686118192345,,,,,,,,,,,,,,,,,,,,,,,-3.326216170756702,,,,
2016-03-11,,,,,,,,,,,0.01862504919681025,,,,,,,,,,,,,,,,,,,,,,,-0.15877676128190854,,,,
2016-03-18,,,,,,,,,,,0.0690973867858379,,,,,,,,,,,,,,,,,,,,,,,7.372430215772848,,,,
2016-03-25,,,,,,,,,,,6.507892999402471,,,,,,,,,,,,,,,,,,,,,,,0.6874891425049054,,,,
2016-04-08,,,,,,,,,,0.018229973400912196,,,,,,,,,,,,,,,,,,,0.1938223019032665,,,,,,,,,
2016-04-15,,,,,,,,,,0.0029770629043073724,0.03115709388585703,,,,,,,,,,,,,,,,,,-0.020407891304253606,,,,,0.22744812840453893,,,,
2016-04-22,,,,,,,,,,-0.3709358597899739,-0.04475380293210213,,,,,,,,,,,,,,,,,,0.040629032929869496,,,,,2.538783866523121,,,,
2016-04-29,,,,,,,,,,0.4108239716330684,0.0341534720946712,,,,,,,,,,,,,,,,,,-2.817852654774381,,,,,-0.013143252583037779,,,,
2016-05-06,,,,,,,,,,0.4589347590772943,-0.1858456227303376,,,,,,,,,,,,,,,,,,3.670198483213422,,,,,0.1359926348386841,,,,
2016-05-13,,,,,,,,,,0.040384880386688825,0.04664101449555699,,,,,,,,,,,,,,,,,,-4.286685823547568,,,,,-0.16461943306621796,,,,
2016-05-20,,,,,,,,,,-0.0027199001936260986,0.2552197652172343,,,,,,,,,,,,,,,,,,0.04488134354155652,,,,,-0.21491779278635445,,,,
2016-05-27,,,,,,,,,,2.1039005467886476,-0.006479890091849901,,,,,,,,,,,,,,,,,,0.9065626131969523,,,,,-0.4781524250515171,,,,
2016-06-03,,,,,,,,,,-2.7130684509210377,-0.2066525356255916,,,,,,,,,,,,,,,,,,0.17026088306472537,,,,,0.07048827457033728,,,,
2016-06-08,,,,,,,,,,0.006412804966280751,0.02377627041230259,,,,,,,,,,,,,,,,,,-1.7233576030019424,,,,,-0.029492183000223167,,,,
2016-06-17,,,,,,,,,,-1.222628182784789,0.06144505818348346,,,,,,,,,,,,,,,,,,-2.0417915889882776,,,,,0.7724335534458687,,,,
2016-06-24,,,,,,,,,,3.2285536214250294,-0.01601821568737491,,,,,,,,,,,,,,,,,,-2.427587871587177,,,,,1.2839648018456453,,,,
2016-07-01,,,,,,,,,,-0.054383440963932585,-0.0070044216191070315,,,,,,,,,,,,,,,,,,0.260889420900145,,,,,0.016314413348124265,,,,
2016-07-08,,,,,,,,,,0.013609847817737507,7.7009474214448455,,,,,,,,,,,,,,,,,,-1.8209707454819521,,,,,-0.017556813627323375,,,,
2016-07-15,,,,,,,,,,2.505570383745996,1.4844250716077418,,,,,,,,,,,,,,,,,,2.9919800987989786,,,,,0.01893245468873756,,,,
2016-07-22,,,,,,,,,,-0.09128376346661471,-0.04299107247127363,,,,,,,,,,,,,,,,,,0.2551701571893399,,,,,0.37700557834711323,,,,
2016-07-29,,,,,,,,,,-3.9669735080870505,0.10164728720515068,,,,,,,,,,,,,,,,,,-0.8919453395760572,,,,,-5.047694176203441,,,,
2016-08-05,,,,,,,,,,3.8395851648015045,0.05859885300949408,,,,,,,,,,,,,,,,,,-0.3460174675363811,,,,,2.7248382152417863,,,,
2016-08-12,,,,,,,,,,-2.447333801905574,0.024157112049241022,,,,,,,,,,,,,,,,,,0.2445606419965079,,,,,-0.04383768565140282,,,,
2016-08-19,,,,,,,,,,0.24122939589502365,0.15422171236801624,,,,,,,,,,,,,,,,,,0.6122526489942297,,,,,0.07129718058134554,,,,
2016-08-26,,,,,,,,,,-1.4847405181969775,-0.07277805441779715,,,,,,,,,,,,,,,,,,9.00209453232665,,,,,,,,,
2016-09-02,,,,,,,,,,0.29126293427822564,0.010168397618414253,,,,,,,,,,,,,,,,,,-0.09049032216305841,,,,,,,,,
2016-09-09,,,,,,,,,,0.10544632261460972,0.5327630280989419,,,,,,,,,,,,,,,,,,-0.8948048102937047,,,,,,,,,
2016-09-14,,,,,,,,,,0.8513520215489878,-0.031146480174472198,,,,,,,,,,,,,,,,,,0.3953272749396639,,,,,,,,,
2016-09-23,,,,,,,,,,-0.09397419061991437,0.008166236826823756,,,,,,,,,,,,,,,,,,0.20839725330032752,,,,,,,,,
2016-09-30,,,,,,,,,,0.2074902876989033,-0.39152746058816723,,,,,,,,,,,,,,,,,,0.003066034894171987,,,,,,,,,
2016-10-14,,,,,,,,,,0.0023324842164435954,-0.6236140978357755,,,,,,,,,,,,,,,,,,-4.463726940915206,,,,,,,,,
2016-10-21,,,,,,,,,,0.012431615768867012,0.3224855398647422,,,,,,,,,,,,,,,,,,4.186252771835957,,,,,,,,,
2016-10-28,,,,,,,,,,-2.4698659463701977,1.7379290273162313,,,,,,,,,,,,,,,,,,0.004926976273693005,,,,,,,,,
2016-11-04,,,,,,,,,,0.017718528455832647,-3.281896009349445,,,,,,,,,,,,,,,,,,-0.009682013825721118,,,,,,,,,
2016-11-11,,,,,,,,,,0.26286470218535724,0.43173317911252806,,,,,,,,,,,,,,,,,,-0.18140947802122492,,,,,,,,,
2016-11-18,,,,,,,,,,-0.3944743581719239,-0.0017455520023048465,,,,,,,,,,,,,,,,,,-3.9330009332960185,,,,,,,,,
2016-11-25,,,,,,,,,,2.780442350478589,0.01236826423279824,,,,,,,,,,,,,,,,,,-0.04121679027500315,,,,,,,,,
2016-12-02,,,,,,,,,,0.949705078019272,-5.1819466951790325,,,,,,,,,,,,,,,,,,-0.04451944021307071,,,,,,,,,
2016-12-09,,,,,,,,,,0.053370459381735715,-0.09462637013720905,,,,,,,,,,,,,,,,,,0.05275653932377277,,,,,,,,,
2016-12-16,,,,,,,,,,-0.4124683454282188,0.15196149414075527,,,,,,,,,,,,,,,,,,0.1527040167626265,,,,,,,,,
2016-12-23,,,,,,,,,,0.21884837162572401,0.0011585709544306814,,,,,,,,,,,,,,,,,,0.2658730320375121,,,,,,,,,
2016-12-31,,,,,,,,,,-0.46231641111655314,-0.19057296004993604,,,,,,,,,,,,,,,,,,-0.060557448138078195,,,,,,,,,
2017-01-06,,,,,,,,,,0.005723738071681275,0.00314776610273424,,,,,,,,,,,,,,,,,,-0.007863908691756398,,,,,,,,,
2017-01-13,,,,,,,,,,-0.14670309105750418,1.6676911191190127,,,,,,,,,,,,,,,,,,0.02214165842250558,,,,,,,,,
2017-01-20,,,,,,,,,,0.0196841618139122,0.1500071799395046,,,,,,,,,,,,,,,,,,0.012023318575724987,,,,,,,,,
2017-01-26,,,,,,,,,,0.6301099208318679,0.05719213233819507,,,,,,,,,,,,,,,,,,0.007152044338620123,,,,,,,,,
2017-02-03,,,,,,,,,,0.7561843554505221,0.00149805582354898,,,,,,,,,,,,,,,,,,0.4444188211722282,,,,,,,,,
2017-02-10,,,,,,,,,,0.1891875084260365,-0.33293316331568135,,,,,,,,,,,,,,,,,,0.14350336823889115,,,,,,,,,
2017-02-17,,,,,,,,,,-0.013982347546563547,0.09517073365723697,,,,,,,,,,,,,,,,,,-0.007088381514657915,,,,,,,,,
2017-02-24,,,,,,,,,,-0.3803974523848499,0.04522147083159531,,,,,,,,,,,,,,,,,,0.02107280957748573,,,,,,,,,
2017-03-03,,,,,,,,,,-2.896603175498166,2.761750303544986,,,,,,,,,,,,,,,,,,0.06406031970689284,,,,,,,,,
2017-03-10,,,,,,,,,,0.008010959113981466,0.2852476538753514,,,,,,,,,,,,,,,,,,-0.6746005397965766,,,,,,,,,
2017-03-17,,,,,,,,,,-0.6164154893753004,0.3278695543532235,,,,,,,,,,,,,,,,,,0.006336444494765779,,,,,,,,,
2017-03-24,,,,,,,,,,0.1952357989493812,0.003847348257608217,,,,,,,,,,,,,,,,,,-0.030859045526246347,,,,,,,,,
2017-03-31,,,,,,,,,,0.005221289606649371,,,,,,,,,,,,,,,,,,,,,,,,,,,,
2017-04-07,,,,,,,,,,0.1451425122464386,,,,,,,,,,,,,,,,,,,,,,,,,,,,
2017-04-14,,,,,,,,,,-0.011978632407622014,0.00181782308676803,,,,,,,,,,,,,,,,,,,,,,,,,,,
2017-04-21,,,,,,,,,,-0.0055448756174542695,-0.018526489970528047,,,,,,,,,,,,,,,,,,,,,,,,,,,
2017-04-28,,,,,,,,,,-2.8269521157239708,0.007379652734020324,,,,,,,,,,,,,,,,,,,,,,,,,,,
2017-05-05,,,,,,,,,,0.00509251159721857,-0.01060265266813107,,,,,,,,,,,,,,,,,,,,,,,,,,,
2017-05-12,,,,,,,,,,0.011382864846680819,-0.02168589470176007,,,,,,,,,,,,,,,,,,,,,,,,,,,
2017-05-19,,,,,,,,,,0.009967011029503273,0.019571104297194247,,,,,,,,,,,,,,,,,,,,,,,,,,,
2017-05-26,,,,,,,,,,-6.772241799404802,-0.1859979261342522,,,,,,,,,,,,,,,,,,,,,,,,,,,
2017-06-02,,,,,,,,,,-0.02260646969702973,-0.366073431257657,,,,,,,,,,,,,,,,,,,,,,,,,,,
2017-06-09,,,,,,,,,,0.11575034513933406,-4.994090338272649,,,,,,,,,,,,,,,,,,,,,,,,,,,
2017-06-16,,,,,,,,,,-1.7638953735670935,0.04035165946257741,,,,,,,,,,,,,,,,,,,,,,,,,,,
2017-06-23,,,,,,,,,,-0.8043978141107037,-0.016060329072838966,,,,,,,,,,,,,,,,,,,,,,,,,,,
2017-06-30,,,,,,,,,,-0.00843969589908209,-1.6760448615272994,,,,,,,,,,,,,,,,,,,,,,,,,,,
2017-07-07,,,,,,,,,,-0.07710706008296601,-0.16531073660567633,,,,,,,,,,,,,,,,,,,,,,,,,,,
2017-07-14,,,,,,,,,,-0.5283523304185714,-0.038083643418859295,,,,,,,,,,,,,,,,,,,,,,,,,,,
2017-07-21,,,,,,,,,,-0.9303360245317461,2.8022803062094934,,,,,,,,,,,,,,,,,,,,,,,,,,,
2017-07-28,,,,,,,,,,0.764041025619711,1.7298061280605808,,,,,,,,,,,,,,,,,,,,,,,,,,,
2017-08-04,,,,,,,,,,4.567118050833985,0.6218935666126105,,,,,,,,,,,,,,,,,,,,,,,,,,,
2017-08-11,,,,,,,,,,-2.2367825048630756,0.2608068722937198,,,,,,,,,,,,,,,,,,,,,,,,,,,
2017-08-18,,,,,,,,,,0.760860930481448,-0.020581115090236322,,,,,,,,,,,,,,,,,,,,,,,,,,,
2017-08-25,,,,,,,,,,0.0021869776567172154,-0.00512159993949898,,,,,,,,,,,,,,,,,,,,,,,,,,,
2017-09-01,,,,,,,,,,0.7294833913220418,,,,,,,,,,,,,,,,,,,,,,,,,,,,
2017-09-08,,,,,,,,,,0.005547837701715019,,,,,,,,,,,,,,,,,,,,,,,,,,,,
2017-09-15,,,,,,,,,,-4.036572912386063,,,,,,,,,,,,,,,,,,,,,,,,,,,-0.2967460989756799,
2017-09-22,,,,,,,,,,0.07497192071012856,,,,,,,,,,,,,,,,,,,,,,,,,,,-4.720243723720456,
2017-09-30,,,,,,,,,,-3.4148161476769183,,,,,,,,,,,,,,,,,,,,,,,,,,,0.8290629258547679,
2017-10-13,,,,,,,,,,0.005826630486813615,,,,,,,,,,,,,,,,,,,,,,,,,,,-0.1667699665028483,
2017-10-20,,,,,,,,,,2.443259000722999,,,,,,,,,0.0018974080524730673,,,,,,,,,,,,,,,,,,-0.3936673131243766,
2017-10-27,,,,,,,,,,0.27930002772015405,,,,,,,,,2.309041574369963,,,,,,,,,,,,,,,,,,0.019876227448083452,
2017-11-03,,,,,,,,,,0.3676938657335911,,,,,,,,,0.016704810498561307,,,,,,,,,,,,,,,,,,-0.014847767578022973,
2017-11-10,,,,,,,,,,-0.10468129244921434,,,,,,,,,0.0046502748128854614,,,,,,,,,,,,,,,,,,-0.07692255846355621,
2017-11-17,,,,,,,,,,0.000993889322220256,,,,,,,,,0.17967044757668876,,,,,,,,,,,,,,,,,,-0.039233195010195905,
2017-11-24,,,,,,,,,,0.022398620836125007,,,,,,,,,-1.8156131008131944,,,,,,,,,,,,,,,,,,1.769520168098095,
2017-12-01,,,,,,,,,,0.8642599221949773,,,,,,,,,-0.2249440596035026,,,,,,,,,,,,,,,,,,1.364230693105405,
2017-12-08,,,,,,,,,,0.02101581576127346,,,,,,,,,-0.133026934045931,,,,,,,,,,,,,,,,,,-0.14438902162670542,
2017-12-15,,,,,,,,,,-0.0009730326826349403,,,,,,,,,0.32768228014175077,,,,,,,,,,,,,,,,,,-0.14422052954592646,
2017-12-22,,,,,,,,,,0.850201160722476,,,,,,,,,0.016219983752962734,,,,,,,,,,,,,,,,,,-0.3353315069101808,
2017-12-31,,,,,,,,,,0.06579343976217983,,,,,,,,,0.14105803205985354,,,,,,,,,,,,,,,,,,-0.3701250377998695,
2018-01-05,,,,,,,,,,0.035030479052124044,,,,,,,,,-0.023561207664122008,,,,,,,,,,,,,,,,,,-0.07495852044417381,
2018-01-12,,,,,,,,,,1.9839052289438488,,,,,,,,,-0.009777551934259478,,,,,,,,,,,,,,,,,,-0.04452629900740413,
2018-01-19,,,,,,,,,,-0.09911559661379352,,,,,,,,,-1.2770409811317374,,,,,,,,,,,,,,,,,,-0.015531012284831483,
2018-01-26,,,,,,,,,,0.001415810029508005,,,,,,,,,-0.2351437736912529,,,,,,,,,,,,,,,,,,-0.003380739861766638,
2018-02-02,,,,,,,,,,0.11030919041257638,,,,,,,,,0.14941111069252713,,,,,,,,,,,,,,,,,,-0.12084097869131223,
2018-02-09,,,,,,,,,,-0.04040690457947653,,,,,,,,,-0.0136759792888272,,,,,,,,,,,,,,,,,,-0.5802146439729603,
2018-02-14,,,,,,,,,,0.06249751402812573,,,,,,,,,-0.8091056098173437,,,,,,,,,,,,,,,,,,1.803054556278615,
2018-02-23,,,,,,,,,,-2.4816041737156214,,,,,,,,,-0.10698161355825328,,,,,,,,,,,,,,,,,,0.09781842157702236,
2018-03-02,,,,,,,,,,0.02155355557715988,,,,,,,,,0.013656738536089022,,,,,,,,,,,,,,,,,,-0.03148515703528787,
2018-03-09,,,,,,,,,,1.848468272158835,,,,,,,,,-0.010822913889516273,,,,,,,,,,,,,,,,,,-0.10008436601676313,
2018-03-16,,,,,,,,,,-0.24043077188318074,,,,,,,,,-0.045746933599651346,,,,,,,,,,,,,,,,,,-4.523435354901009,
2018-03-23,,,,,,,,,,0.12701715698267008,,,,,,,,,-1.2594520493050443,,,,,,,,,,,,,,,,,,-0.20208302042087706,
2018-04-13,,,,,,,,,,,,,,,,,,,,,,,,,,,,,,,,,,,,-5.947802110079875,,
2018-04-20,,,,,,,,,,,,,,,,,,,,,,,,,,,,,,,,,,,,-1.3375471968357358,,
2018-04-27,,,,,,,,,,,,,,,,,,,,,,,,,,,,,,,,,,,,-1.679595712629271,,
2018-05-04,,,,,,,,,,,,,,,,,,,,,,,,,,,,,,,,,,,,-1.3734680418092844,,
2018-05-11,,,,,,,,,,,,,,,,,,,,,,,,,,,,,,,,,,,,-0.26823092903967555,,
2018-05-18,,,,,,,,,,,,,,,,,,,,,,,,,,,,,,,,,,,,0.7583811919923026,,
2018-05-25,,,,,,,,,,,,,,,,,,,,,,,,,,,,,,,,,,,,0.6102268657762577,,
2018-06-01,,,,,,,,,,,,,,,,,,,,,,,,,,,,,,,,,,,,-0.6081912295632245,,
2018-06-08,,,,,,,,,,,,,,,,,,,,,,,,,,,,,,,,,,,,-0.010823203430158908,,
2018-06-15,,,,,,,,,,,,,,,,,,,,,,,,,,,,,,,,,,,,0.8468102357651873,,
2018-06-22,,,,,,,,,,,,,,,,,,,,,,,,,,,,,,,,,,,,-0.1828693858542461,,
2018-06-30,,,,,,,,,,,,,,,,,,,,,,,,,,,,,,,,,,,,1.1770772759814745,,
2018-07-06,,,,,,,,,,,,,,,,,,,,,,,,,,,,,,,,,,,,0.026563710489210912,,
2018-07-13,,,,,,,,,,,,,,,,,,,,,,,,,,,,,,,,,,,,-0.21956920207876746,,
2018-07-20,,,,,,,,,,,,,,,,,,,,,,,,,,,,,,,,,,,,0.12933810289163103,,
2018-07-27,,,,,,,,,,,,,,,,,,,,,,,,,,,,,,,,,,,,-0.10387354660858804,,
2018-08-03,,,,,,,,,,,,,,,,,,,,,,,,,,,,,,,,,,,,0.39010998135632535,,
2018-08-10,,,,,,,,,,,,,,,,,,,,,,,,,,,,,,,,,,,,-0.004618123923701167,,
2018-08-17,,,,,,,,,,,,,,,,,,,,,,,,,,,,,,,,,,,,0.01994988660175768,,
2018-08-24,,,,,,,,,,,,,,,,,,,,,,,,,,,,,,,,,,,,0.0425382948231481,,
2018-08-31,,,,,,,,,,,,,,,,,,,,,,,,,,,,,,,,,,,,-1.0424549095366087,,
2018-09-07,,,,,,,,,,,,,,-0.044471852598264874,,,,,0.012645220676711855,,,,,,,,,,,,,,,,,-0.020425284685210175,,
2018-09-14,,,,,,,,,,,,,,-0.10653045439544921,,,,,0.019176799809315772,,,,,,,,,,,,,,,,,1.1295453472310957,,
2018-09-21,,,,,,,,,,,,,,0.13290769107072936,,,,,-0.020353823512208352,,,,,,,,,,,,,,,,,0.015405948369386767,,
2018-09-30,,,,,,,,,,,,,,-0.4595112299256337,,,,,-0.019000603188405116,,,,,,,,,,,,,,,,,3.81740529247027,,
2018-10-12,,,,,,,,,,,,,,-0.06535022594426758,,,,,-0.17084489685309143,,,,,,,,,,,,,,,,,-0.06702357352554071,,
2018-10-19,,,,,,,,,,,,,,-3.1534748263554837,,,,,-0.8393130293600772,,,,,,,,,,,,,,,,,-0.3834106197927252,,
2018-10-26,,,,,,,,,,,,,,-0.451399929770923,,,,,0.006504475844257208,,,,,,,,,,,,,,,,,-5.101136932445933,,
2018-11-02,,,,,,,,,,,,,,-4.734676661699611,,,,,-0.0002784852800406035,,,,,,,,,,,,,,,,,-0.013714071549532485,,
2018-11-09,,,,,,,,,,,,,,-0.06997674933397532,,,,,-0.024925892373097416,,,,,,,,,,,,,,,,,-0.14963394854048753,,
2018-11-16,,,,,,,,,,,,,,-0.08027793448931647,,,,,0.04113389896069157,,,,,,,,,,,,,,,,,-0.002758557189838448,,
2018-11-23,,,,,,,,,,,,,,0.007954126934108085,,,,,-0.1295066310622737,,,,,,,,,,,,,,,,,-0.05374782393010445,,
2018-11-30,,,,,,,,,,,,,,-0.01335619076568928,,,,,-8.23476700815318,,,,,,,,,,,,,,,,,-0.011927505356373021,,
2018-12-07,,,,,,,,,,,,,,-0.009507041780900987,,,,,-0.1973379710830226,,,,,,,,,,,,,,,,,5.73959081967465,,
2018-12-14,,,,,,,,,,,,,,0.058130040784722836,,,,,2.104172701156948,,,,,,,,,,,,,,,,,0.07132715331382486,,
2018-12-21,,,,,,,,,,,,,,-0.8059325970871614,,,,,-0.04471345015776567,,,,,,,,,,,,,,,,,-0.0035759153950803953,,
2018-12-28,,,,,,,,,,,,,,-0.06578204320489996,,,,,0.008939571897991497,,,,,,,,,,,,,,,,,-0.06724896819672643,,
2019-01-04,,,,,,,,,,,,,,2.7111852746973737,,,,,-0.28673512555052,,,,,,,,,,,,,,,,,0.6841983689860581,,
2019-01-11,,,,,,,,,,,,,,-0.024657578227758534,,,,,-0.000633471232518863,,,,,,,,,,,,,,,,,0.08128451296981225,,
2019-01-18,,,,,,,,,,,,,,-0.013004783029166961,,,,,-1.9595633203339504,,,,,,,,,,,,,,,,,-0.12304250912495468,,
2019-01-25,,,,,,,,,,,,,,-0.03350194052866953,,,,,-0.009787534378709628,,,,,,,,,,,,,,,,,-0.9577812963170246,,
2019-02-01,,,,,,,,,,,,,,-0.10846452507684966,,,,,0.006568349307359807,,,,,,,,,,,,,,,,,-1.6409257563071176,,
2019-02-15,,,,,,,,,,,,,,-0.04788737836435475,,,,,0.0229912219311392,,,,,,,,,,,,,,,,,-0.018990557202854093,,
2019-02-22,,,,,,,,,,,,,,0.08991847001252423,,,,,-0.008456946129046574,,,,,,,,,,,,,,,,,-0.06843400228818255,,
2019-03-01,,,,,,,,,,,,,,-0.004447034031569534,,,,,-0.02871874670998524,,,,,,,,,,,,,,,,,0.007770660497125711,,
2019-03-08,,,,,,,,,,,,,,0.021601632183046122,,,,,1.0774243968284558,,,,,,,,,,,,,,,,,-0.03267298592627317,,
2019-03-15,,,,,,,,,,,,,,-0.03810074252325232,,,,,0.44306280100457957,,,,,,,,,,,,,,,,,-0.025519270549367708,,
2019-03-22,,,,,,,,,,,,,,0.5727877173112194,,,,,-0.17533696486750316,,,,,,,,,,,,,,,,,-1.0887016349688199,,
2019-03-31,,,,,,,,,,,,,,,,,,,0.24643500967243864,,,,,,,,,,,,,,,,,,,
2019-04-04,,,,,,,,,,,,,,,,,,,-0.3400965901919219,,,,,,,,,,,,,,,,,,,
2019-04-12,,,,,,,,,,,,,,,,,,,-0.009182433322911581,,,,,,,,,,0.11708805992707529,,,,,1.6248094244232592,,,,
2019-04-19,,,,,,,,,,,,,,,,,,,-1.0481221682677497,,,,,,,,,,-0.014518190113069512,,,,,-5.030609195149143,,,,
2019-04-26,,,,,,,,,,,,,,,,,,,-1.2734359172925631,,,,,,,,,,-0.012103553221724113,,,,,0.009917669814696661,,,,
2019-04-30,,,,,,,,,,,,,,,,,,,0.741027382551574,,,,,,,,,,0.0039263000905036425,,,,,0.08052248459630806,,,,
2019-05-10,,,,,,,,,,,,,,,,,,,0.0886130161796283,,,,,,,,,,-0.014397905334304368,,,,,0.1426975637558932,,,,
2019-05-17,,,,,,,,,,,,,,,,,,,-0.010148478509872938,,,,,,,,,,0.01387982399318009,,,,,-0.01926191324283947,,,,
2019-05-24,,,,,,,,,,,,,,,,,,,0.010350835839019478,,,,,,,,,,0.05232931093968056,,,,,0.012737949539988032,,,,
2019-05-31,,,,,,,,,,,,,,,,,,,-0.1685210070352221,,,,,,,,,,-1.0508187819629162,,,,,-0.002612312449351127,,,,
2019-06-06,,,,,,,,,,,,,,,,,,,3.6877176165888694,,,,,,,,,,0.02128863330227382,,,,,-0.29941687797381733,,,,
2019-06-14,,,,,,,,,,,,,,,,,,,2.819706423205426,,,,,,,,,,0.43349679007413844,,,,,0.942764560236209,,,,
2019-06-21,,,,,,,,,,,,,,,,,,,-0.21821245840677278,,,,,,,,,,0.29523008537965734,,,,,0.14881838543172485,,,,
2019-06-30,,,,,,,,,,,,,,,,,,,-0.0001552054695812758,,,,,,,,,,-0.08409730091025273,,,,,0.3382706533360804,,,,
2019-07-05,,,,,,,,,,,,,,,,,,,0.06394088009905506,,,,,,,,,,0.030680949761730733,,,,,-0.0023736283751490525,,,,
2019-07-12,,,,,,,,,,,,,,,,,,,-0.15832886352010847,,,,,,,,,,0.13504514361375097,,,,,0.21269488259010322,,,,
2019-07-19,,,,,,,,,,,,,,,,,,,-5.762753794337697,,,,,,,,,,0.13840464459486293,,,,,-0.31989582298542923,,,,
2019-07-26,,,,,,,,,,,,,,,,,,,-0.05099235728493245,,,,,,,,,,0.15334715677161526,,,,,-0.00793856824652666,,,,
2019-08-02,,,,,,,,,,,,,,,,,,,-0.46062025429872644,,,,,,,,,,0.02354331623994175,,,,,2.4879060339461834,,,,
2019-08-09,,,,,,,,,,,,,,,,,,,0.06264826892905902,,,,,,,,,,1.2242267901295145,,,,,2.2989834803619105,,,,
2019-08-16,,,,,,,,,,,,,,,,,,,5.703890107997164,,,,,,,,,,3.517875227770024,,,,,0.161309023580987,,,,
2019-08-23,,,,,,,,,,,,,,,,,,,,,,,,,,,,,-0.015191023175958458,,,,,-0.0003073594439913825,,,,
2019-08-30,,,,,,,,,,,,,,,,,,,,,,,,,,,,,-0.11926301139245599,,,,,0.4216576945742131,,,,
2019-09-06,,,,,,,,,,,,,,,,,,,,,,,-0.05472752473076982,,,,,,-0.013968411937986466,,,,,0.23563113274175032,,,,
2019-09-12,,,,,,,,,,,,,,-0.1527300380112256,,,,,,,,,-4.136940225742732,,,,,,-0.6597049375227861,,,,,0.0013616823981183242,,0.5660258216749857,,
2019-09-20,,,,,,,,,,,,,,-4.063039487786331,,,,,,,,,1.8486476421278608,,,,,,-0.01944035275396622,,,,,0.00020725106245960404,,-1.8719769970379814,,
2019-09-27,,,,,,,,,,,,,,-1.8041123917678275,,,,,,,,,-0.14458330244332535,,,,,,1.4307861696280006,,,,,-2.0988714697629245,,-2.670341538194494,,
2019-09-30,,,,,,,,,,,,,,5.61387404967988,,,,,,,,,0.09021788258857794,,,,,,-0.05644027067803778,,,,,0.15485433226485917,,-10.015062450274415,,
2019-10-11,,,,,,,,,,,,,,-0.007268054718259535,,,,,,,,,0.16477896195943842,,,,,,-0.0052187967187075045,,,,,-0.08078688994387362,,-1.9738494851950046,,
2019-10-18,,,,,,,,,,,,,,1.0368994004712675,,,,,,,,,-0.9901772705371935,,,,,,0.02580775960220799,,,,,-1.5962261003824691,,-1.7160645196226174,,
2019-10-25,,,,,,,,,,,,,,3.5416546843499903,,,,,,,,,-1.2961643549368853,,,,,,-0.03874489335472483,,,,,-0.14626251179656138,,-1.7227030793951748,,
2019-11-01,,,,,,,,,,,,,,-5.523817816810686,,,,,,,,,3.9234688324753613,,,,,,-0.010223473152079087,,,,,-0.05508030170868541,,-0.7596060428697727,,
2019-11-08,,,,,,,,,,,,,,0.05995779759215142,,,,,,,,,-0.08865123623664589,,,,,,-0.16069043749290304,,,,,0.19714885844016383,,-0.30036260475385634,,
2019-11-15,,,,,,,,,,,,,,0.03503626774452268,,,,,,,,,-0.4461124000009211,,,,,,-0.24835945178749663,,,,,0.044510572768275775,,1.0427185124028704,,
2019-11-22,,,,,,,,,,,,,,-0.034647042015167634,,,,,,,,,-0.04486620371807077,,,,,,0.18143247760863357,,,,,-3.3319209133588754,,0.07270441374302057,0.02973098411574388,
2019-11-29,,,,,,,,,,,,,,0.09203197634855703,,,,,,,,,0.16091774777535633,,,,,,-0.09658751221015699,,,,,0.1835387890016186,,1.7590080436695907,0.0695340028905268,
2019-12-06,,,,,,,,,,,,,,-0.022137137671630364,,,,,,,,,0.5484369445324982,,,,,,-0.9271271252624662,,,,,-1.3152908919572426,,3.938316904496009,-0.0003372075636309898,
2019-12-13,,,,,,,,,,,,,,1.5779121655079809,,,,,,,,,0.037342940433051496,,,,,,-0.9309663267041208,,,,,0.06974979140459357,,0.032867564024409705,-0.048361277835377796,
2019-12-20,,,,,,,,,,,,,,0.2084554381033928,,,,,,,,,-0.33343836238388136,,,,,,-0.787155033601374,,,,,0.15843015066044017,,-3.687613958776447,0.022480466444828977,
2019-12-27,,,,,,,,,,,,,,-0.050081191211586634,,,,,,,,,-0.03897021840604603,,,,,,-2.230771920899315,,,,,0.39500468685322876,,-0.8192129181839234,-8.977389108535922e-05,
2020-01-03,,,,,,,,,,,,,,-0.09198387323784178,,,,,,,,,-6.119845049265452,,,,,,-0.0721999308564392,,,,,-1.572393739412051,,-0.003940876862452561,-0.32587910282565447,
2020-01-10,,,,,,,,,,,,,,-0.9665112734825538,,,,,,,,,-0.005264745296221882,,,,,,-0.6099874969837351,,,,,0.14009836739609943,,0.004293498161890133,-0.08033650576141957,
2020-01-17,,,,,,,,,,,,,,-0.012747798232325674,,,,,,,,,0.02615923958238546,,,,,,0.27427033414578184,,,,,0.32133606711974605,,-0.5827461315802454,0.03155828748341807,
2020-01-23,,,,,,,,,,,,,,-0.16481217873609608,,,,,,,,,0.03850988067730539,,,,,,-0.033622384156356704,,,,,9.948990383443329e-05,,1.8541328880127539,-0.9004884941495894,
2020-02-07,,,,,,,,,,,,,,0.859675992137421,,,,,,,,,-0.8774431450422655,,,,,,4.499381724486079,,,,,-3.5482133092153867,,0.26195781595218737,0.008821651540750175,
2020-02-14,,,,,,,,,,,,,,0.41408550198126326,,,,,,,,,9.250027114804952,,,,,,0.03437187844250435,,,,,0.052950929870666304,,-0.2447860980415387,-0.13266573162790837,
2020-02-21,,,,,,,,,,,,,,-1.25546128596355,,,,,,,,,-0.004303318121781738,,,,,,-0.04467707953842302,,,,,0.4450953132273117,,1.3415335758458238,-0.03452758947900395,
2020-02-28,,,,,,,,,,,,,,-0.6126513252191714,,,,,,,,,-0.32025863124439713,,,,,,0.0022848303234149605,,,,,-0.03579833135184253,,2.238267475649929,0.05310157336581087,
2020-03-06,,,,,,,,,,,,,,0.00934696730842971,,,,,,,,,-0.18462166985947345,,,,,,-1.7900728225564217,,,,,2.4319562176545966,,-0.009908506359113093,-1.7192095102045188,
2020-03-13,,,,,,,,,,,,,,0.34651577445008175,,,,,,,,,0.24263904948693174,,,,,,-0.43637808013699375,,,,,0.11388209286370199,,0.07183610672490243,-0.08946071748755906,
2020-03-20,,,,,,,,,,,,,,1.1017930153194433,,,,,,,,,-0.2398228497085223,,,,,,-0.04296054292557328,,,,,0.028297971200582066,,1.0792368089227318,-0.001728281522322309,
2020-03-27,,,,,,,,,,,,,,-0.024089422282586963,,,,,,,,,1.0095181991849949,,,,,,-0.050195713445329804,,,,,0.008168564006309081,,-0.04138493004107255,-0.07771962283016552,
2020-04-03,,,,,,,,,,,,,,-0.026719465391570905,,,,,,,,,-0.016994411797394388,,,,,,-0.14596873610302905,,,,,0.008887845649369789,,-0.011377222135750629,0.21232231510293254,
2020-04-10,0.003669251826855599,,,,,,,,,,,,,-2.4927381262726893,,,,,,,,,0.16927694916158564,,,,,,-0.07552192242673873,,,0.25244341049887853,,-0.06966823437964802,,-0.3114160772754889,,
2020-04-17,-0.23688526011980102,,,,,,,,,,,,,0.04661069001223084,,,,,-1.2207330375562828,,,,-0.025949910557677116,,,,,,-2.1989278066087854,,,0.0017309643436358541,,-0.0037657400245012075,,0.0032821751842137883,,
2020-04-24,0.021465908269414462,,,,,,,,,,,,,-0.018878600425141234,,,,,0.009600790133516043,,,,0.15917560251588814,,,,,,-0.13423197980638957,,,-0.01676526035654033,-0.0025027705507417774,1.828529847901828,,-0.34290607328989586,,
2020-04-30,0.028045404932172932,,,,,,,,,,,,,0.4870283967174296,,,,,-0.39045421981367995,,,,-0.8102840707643221,,,,,,3.251842013414146,,,-0.8915575911335843,0.015702891362993313,0.020544380686331715,,1.5933383567251558,,0.06416357764187908
2020-05-08,-0.14384143829332263,,,,,,,,,,,,,0.12787254977079146,,,,,0.30933626788157126,,,,-2.9128986778597445,,,,,,-0.18846396813831254,,,0.019804727456891727,0.049468663184698565,0.9499388567602826,,0.06463166263086703,,0.033482661597043946
2020-05-15,0.0010304367191839598,,,,,,,,,,,,,0.03290886155847507,,,,,-0.00011262868809878567,,,,-9.223001518315598,,,,,,-0.1504947911515929,,,0.012524373379719794,-0.2986338420150304,-0.051480324659624,,0.4570553270089613,,0.1025686869028978
2020-05-22,-0.005311603559057295,,,,,,,,,,,,,0.19138453770620195,,,,,-0.0006394080109290385,,,,7.429734402562066,,,,,,0.010428578392595571,,,-0.12997720784228592,0.19900445092498872,8.567163452222557,,-0.4666441489131159,,2.321159837527607
2020-05-29,-2.378644683361337,,,,,,,,,,,,,-0.04638630311040895,,,,,-0.2366875117082426,,,,-4.0688157039177,,,,,,-2.0447537414326797,,,-0.36846526298394905,-0.56218185712139,1.7301320315222437,,0.005762752759550168,,0.14379309721884564
2020-06-05,0.034519761701364914,,,,,,,,,,,,,-5.1027644672809505,,,,,0.11984219447163312,,,,-0.019348436307223927,,,,,,-0.7119092839953121,,,0.010262348973545023,-1.7050688484629655,0.06378485788577977,,-5.80080869484459,,0.09442863691399757
2020-06-12,0.5536693085011344,,,,,,,,,,,,,3.197140062385065,,,,,-0.7276164118561215,,,,-0.10482745341107069,,,,,,-0.024007809477892196,,,-2.1371432558601793,-0.03434951000745165,0.10353321788059612,,-0.0010139502575348541,,0.008410863743572033
2020-06-19,1.496983011863611,,,,,,,,,,,,,-0.005558467519304845,,,,,1.1272927347356858,,,,0.8524676947241927,,,,,,0.022897385074125226,,,0.013151202269824174,0.013690288093020971,0.35029079183838235,,0.1295792493849368,,1.9186744018106068
2020-06-24,-0.6566760800235991,,,,,,,,,,,,,-0.3869052093936062,,,,,0.26265289631108335,,,,0.13334941271982353,,,,,,-0.005651314370501231,,,2.8531658789881043,-0.015426026196247927,1.58016639184825,,-0.24456411395588099,,0.06485809517771624
2020-07-03,0.0057534981480698326,,,,,,,,,,,,,1.2896282463514266,,,,,-0.050427454985841745,,,,0.8280285272886176,,,,,,0.0110184399274339,,,-0.01725089236567114,0.013671640394606357,-0.04531949249830368,,0.011291986286309494,,-0.05109863393063044
2020-07-10,1.536317521473442,,,,,,,,,,,,,0.05086447118994317,,,,,-0.00023868428549966289,,,,-0.06453653573082074,,,,,,0.12444827948268261,,,-0.007016757629811431,0.16115621925137802,-0.05545449235206823,,-1.274409664350227,,0.6283269042758004
2020-07-17,0.3295089341298272,,,,,,,,,,,,,0.0005228962404448248,,,,,0.5158094360966099,,,,-0.04779191133935692,,,,,,-0.20926908650186685,,,-7.166880403439028,-0.005023683223057591,-1.0792101718853702,,0.005486357962043248,,0.19198697913076546
2020-07-24,0.2099666232012447,,,,,,,,,,,,,0.23401003756188501,,,,,6.130394124339365,,,,-2.3515036250517687,,,,,,-5.3038292232444935,,,-0.01296706694417292,0.07433537133233617,0.5055911040550192,,-1.8579886744601026,,0.37604661449657956
2020-07-31,0.0037937225862851908,,,,,,,,,,,,,-0.010137704490866368,,,,,-0.011584161943144714,,,,-4.0563050492395485,,,,,,0.015913207356768256,,,-0.03889988863219059,-0.008635556449826753,0.0322981140475982,,0.8077238378182543,,2.5200890562588385
2020-08-07,-0.1907561930302828,,,,,,,,,,,,,-0.019386557399508945,,,,,-0.03421220883174948,,,,-0.1121257228470163,,,,,,0.33546161342306985,,,0.052812345158668506,-0.06571561290843946,0.012195764774571538,,0.9589487344881252,,-2.11160308999572
2020-08-14,-0.049320182310383535,,,,,,,,,,,,,-0.06418300786569545,,,,,0.5868472422802729,,,,-0.11738891948030689,,,,,,-0.02204072924523065,,,0.9866230647075218,5.540748281405253,0.05400828033955021,,1.1352213273557932,,0.009148157080518977
2020-08-21,0.23372707589206884,,,,,,,,,,,,,-0.02798528891577469,,,,,0.021947541361338613,,,,-0.1237341346511685,,,,,,-1.3853403928920018,,,-0.4195908497243752,-0.05613053645396907,0.03857009402382036,,-0.02782159240304053,,0.13787653604099362
2020-08-28,-0.002197858107082693,,,,,,,,,,,,,1.4017175570294356,,,,,-11.704228064924022,,,,-0.19823150807666723,,,,,,,,,6.7971885410147355,,,,3.0193744222082266,,0.8044326964883992
2020-09-04,0.002166033049068554,,,,,,,,,,,,,3.400997174755372,,,,,0.7499657208274688,,,,-0.06955161813188848,,,,,,,,,0.5886703961635615,,,,0.34587027092397665,,
2020-09-11,-0.04406051484201968,0.10835038250030386,,,0.022246466562049743,,,,,,-0.22363872923156505,,,1.2196402468278364,,,,,-0.46547127425580115,,,,0.7830610956150461,,,,0.933897353585357,,,,,0.1559554327002992,,,0.0017011002049319714,7.375387958573622,-0.03919055804109768,
2020-09-18,-0.05705432988013925,0.04443022990366406,,,0.0021190275531486657,,,,,,3.036914580383436,,,-1.3793131056815904,,,,,-2.1734463703793696,,,,-0.00040648265439117287,,,,0.25872898772407005,,,,,-0.07683576612818527,,,-0.062305754033915424,-0.24477413015658728,-4.993134319420861,
2020-09-25,0.09377032332792079,0.04118155068731978,,,0.006339171724391725,,,,,,0.1606057541057981,,,-0.05846080827543001,,,,,0.5516252584557585,,,,-0.4608405098950263,,,,-3.089135008291267,,,,,-0.04292174608460371,,,-0.031833677545391084,1.084542304502,-0.7721628834830563,
2020-09-30,3.7670561126131403,0.9765102959470177,,,-0.04561510640887817,,,,,,-0.026572824815661332,,,-0.6372112494325635,,,,,-0.3062459188225579,,,,-0.4722782100743998,,,,0.33061364241484864,,,,,-1.065564253468441,,,-0.009277472187612728,1.3732342136211138,-0.11446462373175653,
2020-10-09,0.03543334132746866,-0.0014764385962567073,,,0.010454470722062924,,,,,,0.06934477922397653,,,-0.11412442179759663,,,,,-0.12440838185023617,,,,-1.7912785815678987,,,,-2.383894493888707,,,,,4.027359429791208,,,-1.5954186180500645,-0.09023442307417888,-0.04226788811902698,
2020-10-16,-0.0006490801348828252,0.010121311839218617,,,5.862892671552739,,,,,,-0.7736630164089097,,,0.15042303988051503,,,,,-0.5710938275484471,,,,-3.477013726502255,,,,0.6529307940849616,,,,,4.420393680096798,,,-0.021993880589775038,5.65847463487436,-1.2195347152371672,
2020-10-23,-0.025463278413564293,-0.031956610439527765,,,0.013974235104471112,,,,,,-0.1981228687692406,,,-0.21710328133034912,,,,,-0.562235063324251,,,,-0.07422467099863893,,,,-5.896837215365199,,,,,0.0011363278779185897,,,0.43013336521803136,5.360160977599635,-0.061449259613007345,
2020-10-30,0.004505995849410249,6.419764413762627,,,2.996417423733231,,,,,,-0.04611854398449403,,,-1.5253503050052912,,,,,7.124773442708529,,,,1.5127657403834067,,,,-0.22099432375789413,,,,,-0.1527257307716613,,,0.058675550841563597,-0.13645259012110877,1.7362448221428441,
2020-11-06,0.024866198265632362,0.014445084758274607,,,0.028103132426544046,,,,,,-9.568934024875709,,,-0.04003076523801628,,,,,-1.1150139266774677,,,,-0.37665455383685786,,,,-0.06952966324465484,,,,,0.0025624153852157666,,,0.04333280268556908,0.12071939946532648,-0.03247669020789926,
2020-11-13,-0.07018670184605746,-1.0705864589421583,,,-0.017602586599301195,,,,,,-0.07092680780199409,,,0.7375372723792015,,,,,0.014039133045968342,,,,-3.367803321565475,,,,0.2032793603653385,,,,,0.4306484576346403,,,0.0008280680661841946,0.42082538379616435,-0.3715103642825192,
2020-11-20,0.004461818808128872,-0.02704831659625486,,,0.332392430710969,,,,,,-1.6489490461189193,,,0.0033432485468012953,,,,,0.039401703479477496,,,,-0.03509718534397628,,,,-0.115641536451897,,,,,-0.0055622109337728496,,,-0.22244618622051965,-0.06389167333500446,-0.6413487924311778,
2020-11-27,0.031489152484738485,-0.02778343682537939,,,0.0015378359096075503,,,,,,3.715088809898763,,,-0.9858405183286985,,,,,-0.06941433646390602,,,,-1.0344014819088698,,,,0.13291847729804662,,,,,-0.01893707909043462,,,-0.017309510867969388,0.014311312820385957,4.378134633388415,
2020-12-04,0.02444997780752366,-0.001696342738196706,,,0.007580190071186488,,,,,,-0.37459001117792284,,,-0.00840561619939328,,,,,2.495056966930131,,,,-0.02269978975144782,,,,5.616847183996413,,,,,0.00399496808348721,,,0.2134589561911611,-0.00020969287861185757,-0.42489117344204824,
2020-12-11,0.0016342284283073732,-0.03978016187318727,,,0.04880991011249168,,,,,,-0.024898230935574982,,,1.2755805016196053,,,,,0.010984448502247751,,,,0.04563154060506249,,,,-0.7112133410008399,,,,,6.029925206042382,,,0.08398254586581906,0.7170297951610041,-0.08962261546315774,
2020-12-18,-0.5359695192275779,0.6274326131611928,,,-2.1536383471584726,,,,,,-0.03247890094155526,,,0.1290301353439024,,,,,-2.0390089762435735,,,,-0.05407418991364109,,,,0.027173710076967526,,,,,0.026573799265500003,,,0.6445046458287041,1.0931129309429943,-0.037036181196110435,
2020-12-25,-0.1809864744525741,0.009266496077876881,,,1.1632059647217692,,,,,,-0.35208874854200944,,,-3.082741511389648,,,,,-3.585323249276752,,,,0.09383595567917613,,,,-0.17736107690190864,,,,,0.021304391770665086,,,0.2647492411523407,-1.6014907419226563,-0.5439437176190636,
2020-12-31,0.24812655579274123,-1.0234432545803482,,,0.20502507460737127,,,,,,7.326214487398305,,,-0.588156862555981,,,,,-0.8721401285422015,,,,-0.08237341132912468,,,,1.4882923024350072,,,,,0.2189300733392482,,,0.4216772619187679,-1.1840000401979964,-0.03164652426877204,
2021-01-08,-1.9254186484363842,-0.01678158884726522,,,0.0766341711418729,,,,,,-0.05307220276497385,,,-0.020083759260873316,,,,,-0.08072286186899558,,,,-0.09260888482709355,,,,-0.03408670669350374,,,,,-0.02313879236982737,,,0.2671094447638237,0.49706650094079113,0.00030904565963376686,
2021-01-15,0.03032939586833367,-0.08269065020959043,,,-0.13822208904812178,,,,,,-0.1458258446415148,,,-0.0031723569260985515,,,,,0.2488018001797592,,,,-0.217303278459256,,,,-0.4127655040367376,,,,,-2.2041724223156676,,,-0.1727411384269472,-0.10150213741776579,-0.9102537319012395,
2021-01-22,-0.011046470136113047,0.004600461398022143,,,0.05556242800105116,,,,,,-0.20997957827262811,,,-0.03924365240531259,,,,,-0.16972030430547963,,,,-0.014706954743245394,,,,-0.7660370770980108,,,,,0.02986122534906044,,,-0.29555299460302964,3.5793576754969085,-0.21010247470512278,
2021-01-29,0.007010806046335012,0.17768951686482626,,,0.04009470636037721,,,,,,2.5832686734123422,,,-0.058783037565024475,,,,,-1.200529897819644,,,,-0.02595548219148623,,,,-2.7899798101625235,,,,,0.03651840123006833,,,-0.0254480205144176,0.03321350536900043,0.007390589603513707,
2021-02-05,0.018789458790757385,0.05871421200061404,,,0.00921070311533267,,,,,,0.02018812569486572,,,0.011499941549832953,,,,,-0.025152528391875595,,,,-0.014774524183991155,,,,-3.4447861659543166,,,,,0.0031226531226331636,,,0.050206083358514876,2.5461071486399742,-0.08427415227711521,
2021-02-10,-0.11165390603374512,-0.010797316663914982,,,0.044016147019814586,,,,,,-0.19209701072258778,,,-0.0740885993086031,,,,,0.9841419047842662,,,,-0.2308486758064466,,,,-0.12534496436170012,,,,,-2.9138590536148308,,,0.0007414752517753501,1.247170106253118,-0.10051248641371083,
2021-02-19,0.14626213328167056,0.05709111687769001,,,2.9514893386204735,,,,,,0.025916026609128947,,,-0.5120093584737846,,,,,-2.9672053456932757,,,,-0.03809651497615657,,,,1.5748358199759807,,,,,1.909401480918202,,,-0.18462588438450436,-1.3071932280735938,-0.2682817810498529,
2021-02-26,-3.4400372034013307,-0.006606631670247432,,,-0.513882832609875,,,,,,0.0012233123355713804,,,-0.016059092515186075,,,,,0.007172160478158301,,,,-0.2894648886951017,,,,-0.003189789260641094,,,,,-0.14684208736795828,,,-0.03912519120836902,0.019057461399008702,-0.16880004145510946,
2021-03-05,-0.015378898087695301,-0.024571223877266835,,,0.17812391951676387,,,,,,-0.025980808718100684,,,2.052447981230357,,,,,-0.018576865291298657,,,,2.1388345255751977,,,,-2.103697457679262,,,,,-0.004758399888099213,,,-0.03447448450108773,-0.04856585469645992,-0.04978485840360598,
2021-03-12,-0.8331122283917034,-0.04033213967656645,,,1.7621302204113984,,,,,,-0.08812823474717851,,,0.009773888743289494,,,,,0.20018980323911456,,,,-0.2633884661248971,,,,1.3378105411495607,,,,,-0.6655346364231436,,,0.009780137905685559,1.5279633692477947,-0.11823142430782846,
2021-03-19,0.004697720333999499,0.004428619770936991,,,-1.2270742472957292,,,,,,-0.06403509121064416,,,0.038214843464734145,,,,,-0.370239205999528,,,,2.6293304785423084,,,,-2.5576684179389853,,,,,-0.05128411563651742,,,0.0008443086918685875,0.4911553148064239,0.29670426050727283,
2021-03-26,-0.017776568935669652,-0.34556526122881004,,,0.012710123622572705,,,,,,-0.04745684479577388,,,0.2759626830586543,,,,,1.5104769904494129,,,,-0.2110072422470774,,,,-0.3347541442778209,,,,,-3.3944167881427396,,,-0.09580152204528115,0.6120760171045461,-0.21868955245361968,
2021-04-02,,,,,,,,,,,,,,-0.6263524592663116,,,,,1.3672561011518436,,-0.03505324944400341,,-0.004380380181452634,,,,,,,,,,,,-0.1275527374440233,-4.811545464779284,-1.0478954614708025,
2021-04-09,,,,,,,-0.030184422841089423,,-0.02213687593727158,-0.03125056739705529,,,,0.046058577769251464,,,,,-0.1966637557773537,,-0.6586608140197469,,0.24496207568485606,,,,,,,,,,,,0.5179349748194929,-1.7600808183496668,-0.11416187037288397,
2021-04-16,-0.00487511155123417,,,,,,0.08617497007920483,,3.9507080414123554,0.025106000973154678,,,,-0.03951625835733699,,,,0.012085600656048226,-7.196007936925761,-0.08261648753515258,0.13975940910931084,,-0.2487041568716495,,,,,,,,,,,0.005145944125654805,-0.011961262406399387,1.1803668615336436,1.8602184416776477,
2021-04-23,-2.062152221128115,,,,,,-0.02741920554746296,,6.323584802232874,-6.682692098287186,,,,0.18285733267746976,,,,0.008858731799785005,-0.2798448605557241,0.004218796147523705,-0.17764255876137855,,0.002684761158787862,,,,,,,,,,,-5.95894576998044,-0.04251449802046263,-0.11317245582323754,-0.26191286764500377,
2021-04-30,-0.06091094216462984,,,,,,-0.15274227602540108,,0.025585749673306978,-0.01863216706976826,,,,-0.034747293328470694,,,,-0.12273927443120874,-2.2186085397704707,-0.3144592062915558,0.08752166260211479,,-2.0126715799642287,,,,,,,,,,,0.007638618179244397,0.21416498604649595,-6.28081644790417,-0.2303901502415247,
2021-05-07,0.14903680991732898,,,,,,-0.004123027378199985,,-0.012443289356027844,0.0025062639436464907,,,,1.2901316138133585,,,,0.5782428693838895,6.667927141397402e-05,-4.396799971852745,5.148105389434027,,-0.05330082599806216,,,,,,,,,,,-0.43389920667817483,-0.02054995177280256,-0.11859580301564943,-0.1415099606623852,
2021-05-14,-0.021988327341522274,,,,,,0.03454994147136864,,-0.619606103165387,-0.2392216493085086,,,,-0.0035744449331879505,,,,0.5829307826582562,-0.9975666685502862,-0.007566977099113081,1.0943538626062055,,-0.7498565640729123,,,,,,,,,,,0.03227756782839928,0.14816447008545824,1.1034773475555568,-1.7614120078834798,0.007206470478564198
2021-05-21,0.8942019669994286,,,,,,-0.01418470717633184,,-10.66920530139522,-3.2705659852300024,,,,0.05263145480777463,,,,-0.018477532175332035,0.08888258329983179,0.0013099234582946654,-2.675591998333107,,-0.023472323938791152,0.29463142795466274,,,,,,,,,,1.4939268729818966,-0.00041748291859094316,-0.17647970300459187,2.770458682977051,-1.8516309712340269
2021-05-28,-0.1955840689600118,,,,,,-1.6400050823361045,,9.446654656036474,0.07936162621591013,,,,-0.005030095885621834,,,,-5.608860485726176,0.638172532921332,0.001952574148727288,0.041201503739043646,,1.1186869365167604,0.004564201761437037,,,,,,,,,,-0.06931958446209664,-0.8741946432243399,1.9152877108165134,-0.6841742085430172,0.2992038083389194
2021-06-04,0.0024546315190368652,,,,,,0.2351249284062551,,2.7209192759023444,0.08965067339092456,,,,-0.0028760151275795997,,,,-0.2008606028822621,-2.9550969519718366,0.009423430630449054,0.2706976594176241,,0.02605531102416392,-0.14896090383779292,,,,,,,,2.6485438129342462,,-0.0009847182061133353,-0.9577436138706006,-0.5785817518950467,2.255328064672736,0.03191377581771789
2021-06-11,2.6288365339620143,,,,,,0.09449945112343108,,4.3857545795119695,0.13639738051099592,,,,-0.079317262408483,,,,0.34758389437639126,-0.1983912055081668,-0.016280299889058804,-0.19425633889795735,,1.286664027082248,0.025678007657414743,,,,,,,,-0.6655457387239082,,-0.5849299559811169,-1.8350216444808265,3.0078351756009827,3.846004543849349,-0.05635484685214768
2021-06-18,-0.028328945450883464,,,,,,-0.37795068703246526,,-0.1841518267355682,-0.6373452052687387,,,,3.3037339658329374,,,,-0.060125810677235735,0.0815860480515635,-0.2862454066508918,-0.11741149087312297,,5.566628188637764,0.03589134925126849,,,,,,,,-1.026884620594445,,-0.10840621553695855,-0.38633269746210563,-0.2966247677986994,-0.017674059608191618,-0.4135739438872355
2021-06-25,0.009926047463957454,,,0.0018352611289038994,,,-0.40637897877932166,,0.38281268913680433,0.000708829330991978,,,,-0.025262566486406093,,,,0.845412373067643,-1.0141348739618448,-0.08346457497335102,0.03378970130228381,,1.6641171707121856,-0.33087645714042224,,,,,,,,-0.0020416163754525467,,-0.001361570989001727,1.4418018943065916,0.7916916529081872,-0.06600133483178132,0.04034560097940467
2021-07-02,0.2516459370473969,,,0.010182099070405492,,,-0.04284620359699566,,3.2085940823277106,0.06667892505748413,,,,-0.03827521904938504,,-0.10885187025564089,,7.1152514698248615,0.031142164664437092,0.0012525518162507512,1.4281615692330483,,-1.2771103726307633,0.015048645487279981,,,,,,,,-0.3688879841127163,,7.0358568225786735,-0.06244788684379345,-5.735948098274497,-2.4678290279046173,-3.492458882225697
2021-07-09,0.928427044125985,,,0.5160701073092374,,,-0.008768791338223805,,1.1854544848694748,0.015760603916451833,,,,5.842615906577027,,-0.06809984088318549,,1.6073460500356345,0.4564867620877945,-0.016627617106981234,0.09903944463561631,,-0.03654120862518095,0.006866712130490615,,,,,,,,-0.04285866047065717,,-0.08445177041403218,0.18139318985524774,-0.04289848028690703,2.3987133738250996,0.09702023364963457
2021-07-16,1.0252114616112722,,,-0.005736167086781298,,,0.17287359944380734,,0.132370444792558,0.10848006102853741,,,,0.0631317032439719,0.5692450683555479,-0.1967974355732442,,0.10656033617751073,1.5000063484451789,0.007146671582570709,-0.03705738137247709,,0.11624240726791112,0.06639523660139356,,,,,,,,1.1904519350257918,,0.141354001577057,-0.006511972575487912,-0.05031851637910149,2.124853986856057,-0.13666652639842414
2021-07-23,-0.00533136656393581,,,-0.017698265565318186,,,-0.00020560553402389908,,-0.0759051120253958,0.05535056244715498,,,,-0.003795541145949773,0.019270852103836424,-0.2950045702487267,,-0.767569791924595,0.06314973620732697,0.0010980606582505128,-0.20812805316420385,,-1.1061410683370687,0.03518099469261411,,,0.07544206275282901,,,,,0.23742795613556103,,0.471250494631861,-2.3078650675722376,2.1016306284208346,-0.7653078141053694,0.014637449952268688
2021-07-30,-0.0028981756230356025,,,2.096161953302472,,,2.0578837340806513,,-2.597226997784874,0.0030943727346538843,,,,0.02519982910315012,0.11669523265598089,0.45269807721264965,,-0.006021111179894127,-0.0768298927048495,0.14790936840498073,-0.16810342845666656,,-4.365246039338566,0.03011089952689328,,,0.02456948855706138,,,,,-0.03750324575302851,,-0.11210273930115125,-0.051235953116996046,1.9646438604467482,-0.38827628867748076,0.002411914766882245
2021-08-06,-0.14989139999952075,,,-0.1848093718401092,,,0.10022464576198642,,-0.013458086540340898,0.08429010560755416,,,,3.119245208581114,-3.1053995066567404,0.1302912401087528,,-0.3277809746370606,-0.40106111277984363,-0.10360106549056874,0.2679196111050316,,-0.5674972144416365,1.5607872051087581,,,-0.010980022420044849,,,,,0.32253624607187903,,-0.22172836324782666,0.5307551641983895,-0.005846039553811577,0.6073704186444662,-0.7939721149337383
2021-08-13,0.04376608962087161,,,-0.006931805348971139,,,0.024683925545554167,,-6.706737688915809,-0.16507326447174256,,,,0.07163068167326829,0.005597776481286631,-0.18273923923745192,,0.17324007542943645,-0.4192273188829251,-0.03727801256826985,0.07317149384757388,,-6.603994797763478,-0.9779612870874059,,,-0.03680224216762448,,,,,-0.7160116571203825,,0.018763793348173022,0.0518058375512945,-0.6015699638077339,-0.4394883077870152,0.06790849618128221
2021-08-20,-0.0031886922448645,,,-0.011927698413454882,,,-1.4404144407492374,,-0.9183634420439635,0.03947399325601843,,,,0.1323881745837834,-0.031277923823739145,-0.3056996133800017,,0.4591324617828394,0.0008544051719334769,0.010939656369328327,-0.6015209569275688,,8.608170553302676,-0.18413600254872198,,,-0.22009897134827305,,,,,0.3067760385811612,,0.003991523477667395,-0.7730673290646405,-2.0731756440773945,-0.04635580478682712,-0.007254978156389508
2021-08-27,0.21182673066269753,,,0.5742489052403181,,,-0.06020736685017973,,-4.307404563883254,-0.0035986421136273983,,,,-0.010974132069025007,0.0034355867090655615,-0.0036391175755789372,,0.13113159196676977,-2.632268768902198,-0.23074637568798914,0.6856164022871363,,-2.299092529632811,-3.5678327695506993,,,-0.5412649701775181,,,,0.14607951776124067,-0.8971468971387686,,-0.27303545551359454,-0.07542058395715259,-0.0479476590499871,-0.25910004236433065,0.029402307036328637
2021-09-03,-0.18948468813522748,,,0.6071166115563846,,,,,-0.16740658256921861,0.09541194674660791,,,,,0.2441144483761688,0.06455840979017119,,-0.1950449488764571,-0.07566007626673504,1.195421336537543,,,-0.3270415307361034,,,,0.3729771110325565,,,,0.8066912472377481,0.0014469933852238465,,0.36582865832427447,,0.050307384955707746,-1.013552171187594,0.009867772386351075
2021-09-10,0.014640752386532861,,,0.03319105483123906,,,,,-0.8417710962103095,0.027179637687637766,0.02495025899939372,,,,-0.04841210338722653,1.2293246820277584,,0.4726711366196966,0.005155657700034682,0.8878926561915285,,,2.129144291253819,,,,1.907738939748502,,,,-0.0294598934814683,-0.6237023552439638,,-0.05601900930399934,,9.065670448516068,-0.2594901823215576,-0.009517194497128057
2021-09-17,-2.117720353806901,,,0.04457681592961161,,,,,8.527512895605609,-2.0248205971753226,-0.09116437514868514,,,-2.318400834049275,0.42451691746379394,-0.28566851377525726,,0.0022014291287992416,-0.1340646046879112,-0.1511448528704126,,,2.0852175042627707,,,,-0.15649358756530468,,,,-0.30746599232743665,0.2791573345702484,,2.3737258579599962,,0.7830180769520536,-4.640739769440584,-0.22501159022487413
2021-09-24,0.3236200346918982,,,0.014315302818355623,,,,,-0.9244682623811626,-4.50615673449725,0.11487580120746933,,,-0.11064828453576941,0.44461296394228345,0.738679573876273,,0.0360668779916794,-0.04127828108540643,0.03228006593490052,,,-1.5198618585848118,,,,-0.053885900415443305,,,,0.08006905941708745,0.2358776783391867,,-0.007509394110592408,,-3.2316115103811898,0.3941389547315005,0.2626954662167518
2021-09-30,-0.0006726834542683502,,,0.07491862419759557,,,,,-1.33787290342943,-0.025743588563441295,0.0029737026867653824,,,1.0769041263902537,0.6408455710963669,1.104345760183255,,0.01888986126188976,0.11852059292563569,0.20406999294402384,,,4.663176497902542,,,,0.0256307636498758,,,,-0.004467643774228678,-0.04008398727679189,,0.21357903355050695,,0.4246503966751054,-0.07319245629435982,0.536323602306143
2021-10-08,-2.596172134696964,,,-1.51210247885879,,,,,0.2589006986497013,0.1206671350310833,-0.013447572154718895,,,-0.02982383098177721,0.006577766259561992,-0.00943417131175249,,5.371259553368992,-0.011731031370213498,-1.1923251621312523,,,8.417577458586491,,,,-0.02669775593583691,,,,-0.01655150509960641,-0.041473440824542365,,7.465915904463432,,1.1221796006445754,-0.09254193328577719,0.0935743761800061
2021-10-15,-0.08045938180405851,,,-0.004498566740277347,,,,,-3.4669026828197897,-0.06831231325202168,-0.030355457777334616,,,1.3100638018508737,0.03655978013497462,1.2084920037065843,,0.004820603637230259,0.011501256937438977,0.0761130887072774,,,-4.7865459377306125,,,,0.03427082766780545,,,,-1.014031904080586,0.9862472214192691,,0.5542699382772773,,1.1249579942713632,-1.584877836501695,0.48675378641035905
2021-10-22,0.07248747846334336,,,0.5318823572309725,,,,,0.5851826640982977,0.14723675848014045,0.0020783136805408928,,,-0.019242695730905913,0.024171724968253837,0.965114367386734,,0.02595340706448012,0.016010127240715183,0.3957213857626776,,,2.427743878236418,,,,-0.0681654111228939,,,,-0.13572730806530517,-0.9153507914966212,,0.030842345625596453,,1.1369057535448779,-0.6810234598046128,1.5937480873778953
2021-10-29,0.02131042202888766,,,0.4992137323580434,,,,,-3.2289998298826785,0.046878969958496636,0.3659792662160106,,,0.7515586148803575,0.003320359212382374,0.20625229476361373,,0.6133313715084687,-0.1949637096773497,1.4352814758764463,,,-5.505564100704395,,,,0.02972476330709731,,,,-0.19752328518638418,0.06473007273689577,,0.051283711645164855,,3.7488471492018838,-0.5140334578563663,-0.08054058370417982
2021-11-05,-1.2422450301652468,,,0.002949551535842344,,,,,0.9493244991078058,-0.4323074387716365,-1.01287064966884,,,-0.31287328628178934,0.09294656393348821,0.0027691244807632256,,0.042364157938755226,0.2849831557344847,-3.6851421569003353,,,12.978208351742438,,,,3.259965637786435,,,,-1.4668005321418565,-0.057850865420292996,,0.7624025524129195,,-2.8262860626761848,-0.1795224562962416,0.9227612762840481
2021-11-12,0.006163364937954429,,,0.8700379937850391,,,,,-0.5553298282512532,0.011625271800445805,0.6126417857052879,,,-1.7502644923284834,0.4649251241439951,-0.09957767529453215,,0.011916558662506939,-0.07973741421591045,0.39579822164349554,,,4.757482538452463,,,,-0.33971284107555233,,,,-0.6369102725304898,0.022429358199102366,,-0.00061160942676276,,0.2101370753510769,0.08891072035387987,0.175724121938014
2021-11-19,-0.2674409677768791,,,0.3849535180847954,0.4684223812468343,,,,-0.6618859872168383,1.8740213164943058,0.0611035049263727,,,-4.137124699500843,2.089332113323631,-0.21498936986217543,,-0.041614060375205535,0.033592126933062946,-0.10274236522963714,,,-0.12310270514160886,0.17863142927569842,,,-0.030299874827950282,,,,-0.06934049163967318,-0.4945475484524683,,-6.215452621936152e-05,,0.012252688997954685,-0.022850055569024787,-0.4552224957330943
2021-11-26,-1.3888348130503092,,,-0.5132648126509379,-0.8003846150279033,,,,-4.084480530799671,-0.07692374402499795,0.016870813951745816,,,-0.022913658320421602,3.2065516945316155,0.0028291217681145663,,0.001648851063144074,0.0748015419773166,-0.14518432942948578,,,-9.293433219245465,0.5696865046578119,,,-2.3169080694875874,,,,0.6214429151686829,-6.613993047686808,,-0.46240260138613126,,-0.5956232812209041,-4.3112808431094365,-1.3541558711746595
2021-12-03,-2.593434732297829,,,-0.004185898491912542,-0.003379471021719369,,,,0.4348151077817978,-2.725339720248425,0.028203405664756372,,,-0.3494369106261329,-0.18545605135885618,-0.8032033161953763,,0.956366843301471,0.6614170221307397,0.6880274977845733,,,-1.9349756170799481,-0.9521973794905649,,,-2.3229960029104255,,,,-0.944368697763837,2.6390161246600154,,-0.01978478586455738,,0.7961955140237809,0.2938608103996158,0.28550115614784033
2021-12-10,0.2056103080827597,,,0.0038688172251839363,-0.09821655817171142,,,,0.9589137333853442,-0.11466412120102026,0.012744796599743575,,,-0.030162555503805165,0.02595477219917877,-0.44300100640798745,,-0.003423923357945283,-2.7395708086469437,-1.3571737120687746,,,0.00867049848454235,-1.1918616793333348,,,-0.6202664634568792,,-0.24460229578526715,,-0.033102268076309845,0.7731563396010569,,-0.017673589929706964,,1.0285660855370813,-0.1761662612464505,-0.9991265788222059
2021-12-17,2.8089260174039534,,,0.016761624918876283,-0.2772855593221735,,,,-0.1909325293797757,-0.024246340822842997,0.17642324238418824,,,-1.253129079840202,-1.7430936766429657,-0.793326386643258,,0.6498113504260961,-0.005006484655587692,-1.3513714371726409,,,-5.9565718041592675,2.8345358327132963,,,-0.07663370691806895,,-0.0033169939994888856,,0.0990852435313534,-0.02259565104670305,,-4.699628479552389,,0.4057797560391168,-2.0239814797753124,-3.5050362569174034
2021-12-24,-3.11508665052133,,,-0.02880786255177109,-0.031077629859578668,,,,0.44046770580400424,0.016224330298728815,0.02082616569690646,,,-0.34148291943258424,1.1569353859522469,0.009093493108214484,,-0.030409688746356453,0.001499726425460333,0.2936440464070287,,,14.09790826988339,-0.02815594674948518,,,0.01514360364268347,,-0.025479778921198393,,-0.051627858095931095,-0.14003382961113742,,-0.1031665068396677,,1.2988333751975596,-1.5751490974819433,0.41446838301732547
2021-12-31,-0.3415659937099886,,,-0.33208024257141305,-1.680738722313205,,,,-0.24985608871862675,0.054479968281457083,0.025871877673879703,,,0.010662095282559169,1.6805310975997363,-0.029122199195383204,,-3.0697558460847034,-0.6382019832309829,-0.02769780183974999,,,0.27870928968060604,0.013477610333179764,,,1.1171349680503861,,-0.02219626652069588,,0.1875610622300428,-0.5414748303034823,,0.07794876473378883,,4.801086081145197,-1.1820114096202854,-1.3363567191078263
2022-01-07,-7.2816169183949775,,,-0.040574734708118385,-0.021189105761458077,,,,-2.5557936468071207,0.11337850895296323,0.07727302701690626,,,0.05071692304491088,0.06963839903476095,2.8625767285316073,,-0.8043000189862273,0.028763923976570148,2.880910394925338,,,-4.1387605206137446,0.08737776133000384,,,-0.1709039788514773,,-0.0036919905829483272,,-0.3247193635320679,-1.5306570481452515,,0.13920319852190233,,-0.11732451100759281,6.8796353098920076,-0.12322222587939548
2022-01-14,0.028175345131285986,,,0.020985790353931992,-0.060689598571071215,,,,0.13048179461475504,0.01768824994567203,0.013535377396353392,,,0.3022244792533457,0.03704313255739484,2.0904440303299907,,-0.024895392341073803,-0.45680171239555134,-1.1296319947297178,,-3.007170934984573,0.001865149851208052,-0.09528961741692474,,,0.011633443655427326,,-0.05280648754046981,,-0.01865321815964584,-0.10204828436195651,,-0.028131332497057335,,-0.036260423499221484,3.0997963159948134,-0.37426039362691504
2022-01-21,0.11185477095570978,,,-6.1758502277163245,-0.0012707931135887912,,,,-3.9319196627984665,9.449614027154736,0.015131172872827097,,,0.5507592573504136,0.0772817834683304,0.19172303649295785,,0.129499531988219,0.689775354467363,1.5533923551606617,,0.026047805094121794,-4.505543485252152,-0.08234113981875069,,,-2.4282095044860426,,-0.2020134673018242,,2.531070454051188,-0.4855233504493034,,-0.01528857527064247,,-0.0732699345718249,0.9717702743056599,-6.262991384828789
2022-01-28,3.0205377188621827,,,-0.23063059632877775,-0.001202050694135077,,,-0.06834385441074532,-1.8655063753308887,-0.003619940393338919,-0.029517474643267767,,,-0.4342989527962749,0.04378905512199841,0.0067705837487863855,,0.01959314650636078,-0.0004321232716750934,-0.5090895023033513,,-5.789004428160757e-05,6.675615572048906,-0.01910875967610409,,,0.0022421887170042433,,-0.1879291636501311,,0.12912448682226174,-1.212972178279791,,0.15280672961831543,,0.6973451899986063,2.002441793930015,0.14275022052129568
2022-02-11,-0.21164894176777416,,,-0.06471338040556263,0.3849393380413982,,,-2.644126404156026,-1.2312010552775803,0.6484856482871731,0.07978860573351347,,,0.5666299149135139,0.00648783360575848,-0.014680049281337357,,1.84727268013367,0.14220788867410117,-0.21130527605844152,,-0.00846357834376392,1.9618952891174133,-0.12115175190210245,,,-0.03397674408047023,,-0.019088905941147448,,0.29270755355003975,0.42174079187829516,,-0.0004017983807735087,,1.3347002257687568,-2.062737632857794,0.1593770676915183
2022-02-18,5.4131175992343445,,,0.23079075139477345,-0.017641732501660037,,,-1.8770744731618039,-3.5488736559502647,0.13146117617572095,-0.07105687314290465,,,-0.059754234404801924,0.01900095217608257,-0.001919972344087608,,-0.14155586484505367,-0.0033520351203584833,-1.5665177869863118,,0.04507480228279826,3.6841489755073824,-2.0367039813473635,,,-2.4255884152405875,,-0.026991342675243862,,0.02028234279651877,-0.5028745052122635,,-0.018257919691881702,,-0.11438339818614805,-0.10954912292490715,-2.0360821356815495
2022-02-25,1.5624900701654643,,,0.06720788216192677,0.18674513730626022,,,-0.0207191241113892,-0.5832239052177886,-0.14018674970826844,0.6304363757584681,,,-0.1398652443726592,0.02070531782827488,0.1170354083524488,,0.8264501572872347,0.18988896024065355,0.6250272845027802,,-0.3049707816562325,-5.453244882294977,0.4040191831725663,,,0.20515600753956786,,-0.007792685780429542,,-0.00941517135575745,-0.2201441798232797,,0.038821642069717464,,-3.1254924523944183,0.08132742996296247,0.19383001769858205
2022-03-04,-0.4167780260725028,,,2.129935106972156,-0.01111531047837829,,,-0.009275827235919241,1.0424408318866272,-1.0418453335910802,-5.651366292952223,,,-0.15995579884662772,-0.364007030013921,0.07802360122567295,,4.304294208198304,0.05655698780775402,-2.1221703479483764,,0.046966361630099596,2.8011051871855104,2.2405863768868617,,,0.28147020651763277,,-0.0035804629821240795,,-0.0301149889179436,2.8262474073060138,,-0.0010152602679074862,,1.7903392821447737,0.04027031329649484,-0.5244007753082673
2022-03-11,-0.8380795501223084,,,-0.020273229418665127,0.5941154926501488,,,0.003179628844015639,3.0793971986979085,-0.17836336953766185,0.3091165158748391,,,-0.022084721064792638,0.2264306195659408,0.08615738455934852,,-1.1379744880095597,-0.06541540047157222,0.72434153526214,,-1.6395077812986678,6.60359631561584,0.017527739171814237,,,0.034873955400772205,,-0.046510901394453394,,-0.023836035578254016,0.015995888908749114,,0.040842088904286575,,-1.4070095727529375,2.8052999799150893,-0.10448508695584006
2022-03-18,0.25249797416654574,,,-0.4623166115713041,0.0028266500149605103,,,-0.004475064105577092,-8.678227589016085,-0.05391647226490286,-0.09073040482612896,,,-0.040920620162663825,-0.010463176713313972,0.06133539723057392,,-1.7175369692356848,-0.2838085114717975,1.610126206769025,,0.047854155404959416,7.036082573422406,0.2514653406261434,,,0.007787933979926092,,0.11801251726919282,,-0.6460178593308795,-0.09730699740981619,,0.22619283441895582,,-0.8878249358225707,-2.2387140983433085,-0.07476984230215467
2022-03-25,-0.8114429960264475,,,-0.05813704103803123,-0.02364421074535233,,,-0.0025818954163100497,-0.18617508715956305,0.3616149863964732,0.03919490906026708,,,-1.9351209914198244,-0.012246051744267369,0.007038684427710945,,0.686025608128944,-0.13123889047476994,-0.6282033147089354,,0.08069474781887528,2.9148131531015236,0.046433769711861445,,,0.07788604040988202,,-0.2672160186078967,,-0.11804517326067232,-1.6537371984544968,,0.02107420915543727,,0.7433115181441455,4.00754006255307,0.8522085702042688
2022-04-01,-0.3002903790476723,,,1.3103318224943634,,,,-1.5869614739490965,-0.10622776015013684,,,,,,,0.3459926197754314,,0.30785035735958366,-0.7243273436439893,-1.1060623420504734,,-0.13221280950726674,,,,,,,-0.011177836051630315,,-3.5802287393978496,,,-0.04459750776257544,,-1.4261215653047625,-0.783700139283398,
2022-04-08,0.07745810905635732,,,0.024631983477098444,,,,0.0021535234068901033,-0.012617580010970127,,,,,,,0.13886596821096758,,-0.1708863701824156,0.6644450453854975,2.3463047774630703,,-4.623772366599892,,,,,,,0.04728073403400305,,-0.03416801536153858,,,-0.03297915069352949,,0.20765648040320875,-4.350977883939836,
2022-04-15,-0.20171443122479052,,,0.022945121579037143,,-0.1434573732906747,,0.034078535371286196,0.0009164511856896117,,,,,-0.36264856625292285,0.07952068338348058,1.8294875898173806,,-0.1244323156814931,-4.952746040129106,0.11418883145944175,,-0.9403283938824638,,,,,,,-0.38288478682126137,,-0.18841146972085343,-1.2930888029572656,,-1.055062593400454,-0.02817948265949111,-3.8928940919821065,-4.560802109883876,0.019042897346613744
2022-04-22,0.04891510810662103,,,0.17011025444413283,,-0.395383045033572,,2.947492053883158,0.004994352313977314,,,,,0.004565499830036271,0.40622679062085143,0.6668205295773831,,-1.524408249946597,0.12784106984894264,5.545624182329355,,0.025735228489944077,,,,,,,-2.827137541720838,,-1.2214511612367285,-0.408432231051322,,0.1924082641251202,0.007777087278660719,5.966723627538142,-0.023963460614243016,0.008172372366951591
2022-04-29,1.0213517841010713,,,-0.16244477971163024,,0.10632515093616983,,0.017969002961627366,-0.023070239138621027,,,,,0.07015480180608559,0.0004803303497130056,-0.5052489899547188,,-0.1672642400160772,-3.6429450171493247,1.3904923446679076,,2.3636111395568107,,,,,,,0.14252959597188058,,0.044483780186542206,1.115759915583491,,3.30719652027642,-0.009332501613572054,-0.9951628218541775,-0.17163354852540197,0.965525093466707
2022-05-06,0.032839893674671994,,,-0.08806981877140165,,0.620803136831854,,-0.8346158972661537,0.007498734656082751,,,,,-2.7916891065949883,0.032205762521284174,-0.05417283925183787,,0.02921075108365294,0.7607924844964997,-0.8257539248361098,,-0.06515308668686048,,,,,,,2.366391745990443,,0.3124791826011445,1.6536948605455757,,0.08654161976554345,-0.2125678909306325,1.2635043558932615,-3.636110308884092,0.00464148398493508
2022-05-13,3.018628976453381,,,0.08381005272894254,,1.2981798257692334,,0.3794958950383374,-0.12235395198312272,,,,,1.2524316742119341,0.024096046930816482,-0.016930164165164463,,-0.35328103361556984,1.041104167937958,-3.3406566819004495,,-0.3029224270433911,,,,,,,0.6156221488895004,,-0.023070613711865938,1.138816363103913,,0.0627027775357305,-0.010604201350262032,-6.686172792506767,0.3254916094952853,0.04173123811201575
2022-05-20,-6.169769814347584,,,0.720143631140313,,-0.03698408616543955,,-0.0773907449997983,-0.0007415159125372598,,,,,-0.24694526100951011,0.18268656323646748,2.2621774924494016,,-0.4187134596869311,2.400184307921829,-9.82636816151513,,-0.16239739212468696,,,,,,,-0.9476556568332863,,-0.07489729557188254,2.6495475311456356,,-11.374967549457654,-0.0806875305871994,-3.962767045601794,-4.65078085828326,-0.12311600579178317
2022-05-27,-0.07436288824894129,,,0.1077044848480673,,1.2443088130045232,,0.5825179234555644,0.8639773184224331,,,,,0.36574663740264923,0.017875965957873087,1.8044063155374281,,-0.001755044148120062,-1.2288017504727349,1.706302682194992,,0.04107565846957711,,,,,,-0.002810167180083105,0.10406470662754483,,0.7154837863907789,-2.1273535169986904,,-1.9403924957102796,-0.016181042826921076,-3.5076770802865735,-0.3511793012674718,1.813388872542257
2022-06-02,-1.6007591323226158,,,0.05963868141551339,,0.04345840503369758,,-1.7101485272383128,1.3314969529590774,,,,,-3.359754637195506,0.0038167707868574864,1.493353932457335,,-0.5527002245863029,0.2426551566831063,-7.709502763530752,,-0.25716013496009293,,,,,,-0.5295649594765761,-2.3801494596607755,,-2.1419983275557284,-2.8521351460128774,,-0.4677579700992286,-0.18433608657707232,0.00684725877115408,-7.567372743561113,0.07884122641634854
2022-06-10,3.6832506399205696,,,0.06274053282910103,,0.02200961500867011,,-0.2493911577652111,-0.03628804855793548,,,,,0.029759252959343535,-0.012551214196557069,0.9244351495532902,,2.937039378224371,-4.8398825002088035,11.003291078361455,,3.606174013119765,,,,,,-0.08441620733971862,-0.0569652384330053,,-0.055064876620531486,-0.972890546805843,,-0.0008192893903136502,0.10398724259582728,-0.7574919232768025,-3.6586970715802067,0.04564572395942454
2022-06-17,4.437760688120829,,,0.032370235343112196,,0.43402178385827184,,-0.15464102818747447,5.2885164182441695,,,,,-0.16131045471143216,0.5611859007889178,0.41711147226795187,,-0.017782924962706736,4.349648764187964,2.9511855530491062,,-0.04281403695757355,,,,,,0.03212025364987426,0.7815231156627179,,-0.012714640029749188,-1.6084464479669616,,0.041434596799064916,0.0004441483582021552,1.3866037034495837,-0.17187935980734065,2.0757576387998906
2022-06-24,-0.5508133900645399,,,-2.614450430646376,,-0.0027479395897400958,,-0.009687361246813554,-1.674979832534306,,,,,0.006474887116030028,-0.022811610394458542,0.20594540850689322,,-0.8551763430737298,-4.392210378490771,2.197805836436783,,0.03632917192184382,,,,,,-0.11295273921577276,-0.3172283321042226,,0.15340363842564536,-0.27362533366288555,,-0.016135552576367132,-0.003039424289425857,4.964645150039498,-6.047004919404127,0.3332960248372224
2022-07-01,0.2797078074104426,,,-0.7019142429163732,,-0.046429065824216825,,8.017572272978544,-0.027061032597574742,,,,,-0.0009886269941856369,-0.03911081143640935,1.0235080506825593,,-0.428641834715836,-8.839808948757186,-0.6313335403082633,,0.08185828448012168,,,,,,-0.011580271851340878,1.6641204104641287,,-2.812902847185603,-2.37948735066511,,-0.028583682550995058,0.7481249003001471,-0.06249557612950591,-1.4629045543498214,0.09828331431578395
2022-07-08,-0.45223109427255875,,,-1.1349373119928396,,-0.04842543004564227,,-0.13125227217412921,-0.19694724768402583,,,,,0.01931899829630808,-0.014065419552450005,-4.749076773497565,,0.7019861469941375,-0.06897459515428274,-0.3598099820000232,,-0.22097478188565514,,,,,,0.001915355570819983,-0.11929517773813995,,0.5082582249467376,-0.12725325092415687,,-0.004913552048214861,-0.015374992206907682,1.280025571601014,0.5735424224084712,0.10918151558753357
2022-07-15,-3.3724608014049067,,,0.6429440771333279,,-0.045108962598996605,,1.774310683151334,0.027767465978698967,,,,,4.959595686798112,0.08478690811435244,0.43857122527067605,,0.45237523178417727,2.4620312645587714,-0.31753162955134395,,0.318719647303792,,,,,,-0.33815267858295833,0.2882026754113789,,-2.78242569836046,2.8664432707862733,,-0.21183788645729368,0.13153802532143022,5.873721019412935,-1.3284090333687,0.06561808612693318
2022-07-22,2.0307393229854154,,,1.130706752248171,,-0.09213991145867773,,-0.04577577377093609,7.011647721888442,,,,,0.3981589094981812,-0.010337496551998775,1.7203250657823443,,0.3255765815288984,-3.4854412670744184,-0.18209238139283637,,-1.6361151415185637,,,,,,-0.017124972808532063,0.5419850316120369,,-0.0573087927842465,0.018782763201786783,,-1.96767856370789,-0.039251028519264194,1.8874220915587472,1.3247234530997036,0.9961863875808509
2022-07-29,2.349739788881128,,,-0.011413601240064655,,-0.8242972241387142,,0.13220743991275125,0.4478545476471739,,,,,0.8994468322618031,-2.4441075184326126,9.625122862630194,,-0.22148680683292366,-0.35053546450698286,-1.5568961711784417,,19.996015061981495,,,,,,-1.1204325012393181,-0.32194645911624287,,-0.36870213179480854,-4.675037465988993,,-0.007719664501184279,-0.018845762381727825,-5.132770659272879,-1.0646641961522707,3.029862239335568
2022-08-05,1.5062895412713597,,,-0.837120357434597,,0.018713126531346772,,-2.3892280894459397,0.004250050320846599,,,,,0.6183771442533146,-0.051272713972473995,2.030957002592549,,1.4177800638874731,-4.400255787479383,0.04816019624912006,,-0.02587573104331195,,,,,,-0.22986806848472735,-0.010944834524703519,,-0.041637848849187566,-3.283554345040068,,0.006665960648365066,0.005184357823616156,-1.505542691327467,4.283939442111169,0.720627435256763
2022-08-12,-2.239657735950912,,,-0.02147220397529223,,0.12049127400115249,,0.1832641958868475,3.4931000926156606,,,,,-1.3423815794626004,0.03180171591438253,-0.3072959892175799,,1.042798525679083,-2.106716405670279,0.08976554064705504,,0.83715518043457,,,,,,-0.11954749254879163,-0.004153857114668719,,-0.18327300667130478,-0.014884009508425965,,0.051565241151621186,-0.02919705571352375,-1.0556633464093084,9.364760397671992,0.20467752047982063
2022-08-19,-0.4009427830831406,,,-1.7159352891595439,,1.2923646261747221,,0.6937236787322438,-0.13218704139425763,,,,,1.8403580863457434,0.17169773777894012,0.5490590197056481,,-0.116016848607704,4.0306257764844435,-2.0744487987485436,,19.514309948057903,,,,,,-0.032683048455025815,0.040680351657190264,,17.800835921435677,-0.12910180107740987,,-0.367566951263098,0.7023643369235456,0.44828946997885155,-0.6388557269184187,0.02188682952430691
2022-08-26,0.16317310652130518,,,0.04053364717004543,,-0.0019531564866876894,,-0.7581614831400689,-4.55123902550518,,,,,0.3378848542680211,-0.336187360855143,11.298631000964416,,-0.22142080640400208,0.34466294666544445,-0.21624109521246906,,0.014241932534036772,,,,,,-0.5814431803101409,-3.256863618208036,,0.05012421932100157,-1.3526566536275841,,-2.952697839524384,0.1226066138123304,-2.4536325223435966,1.729980700614969,-0.034163770042815345
2022-09-02,-0.2916395918787692,,,0.6852480636244577,,0.000677315445317606,,-0.17681697948176955,-0.0007512657069553715,,,,,-2.7631836099126694,-0.01185616565720678,0.2841956313184043,,0.3883251157658608,-0.2248209988747287,-0.04715836859241515,,-0.051400546241839526,,,,,,-0.36250281750856866,,,,-4.176830430733489,,0.031768376349855854,,-5.086606496848136,2.008376559076111,0.10975250528832386
2022-09-09,-1.2426844765441991,,,2.2898920364435082,,-0.003918280321512126,,-0.13491589062491122,-0.18750772158201817,,,,,-0.1466119555144449,-0.13217112256381042,-4.981769958532327,,0.11102325166895179,2.2595119357519184,-0.8216642326410731,,-1.6347106558643163,-0.324294549694759,,,,,1.4838778080781876,,,,-1.368476139539891,,-0.004860387362871658,,1.0324836343300154,-4.734150247206764,0.03585939258155482
2022-09-16,0.008069224799768359,,,2.2924727596075183,0.3520274137777234,-0.04839959190153252,,-0.21604719721530385,2.448832097683961,,,,,-4.406945085143436,0.607992346256408,6.25644967909646,,-0.7803093201242738,-0.5189106123745988,-5.810997579626298,,-0.3144174489521747,-1.16703784712693,,,,0.07378777250882614,-0.27790637719742495,0.05967968483868091,,-0.20406857519230912,3.145073561472963,,-0.05584625744408912,,4.259019998365098,0.03788454397790506,-0.03986795968183644
2022-09-23,1.1344117785574057,,,-0.020024152729578627,0.042091329516021,0.5380762282805329,,0.06818809280702354,0.0011524763382211867,,,,,-3.7859588323021636,0.7325660236324951,-1.397866816457022,,0.5794558905220654,0.18065378761717385,-0.35973482979528876,,-6.306439846995855,-2.8077151537943195,,,,-0.002505562518102413,7.265040178123832,-4.551881405775056,,-1.426391768702372,-1.793364123892657,,-0.01046995830392507,,2.9196430004401996,-0.04564913848972935,-3.3048147227982905
2022-09-30,-0.8045153739878421,,,-0.7191979288869348,0.023065435354058576,-0.0685043291913913,,0.20586161533623287,4.664590191520716,,,,,-7.312778217697937,-0.2772503199897364,0.284867970376928,,-0.28895284174034036,-1.6305373494451487,2.107338844149385,,0.03737954860697599,0.2421697575764879,,,,0.026434287063698495,-0.10863055896536175,0.6670451953944457,,2.213220031816662,-0.05272819826408635,,0.04213030389100102,,1.1048663274684545,-0.36805113109730425,2.904814749783583
2022-10-14,2.9637063747170025,,,-0.025426539895635245,0.007987646676742191,-0.39461299373082265,,-0.04981005713387932,0.13882015040654194,,,,,3.9559787770121835,1.235812264332475,-1.4462974541915186,,3.7903864707707244,0.28566220433761236,-1.7750173640845783,,0.01570361223850275,2.72679625984514,,,,-0.9660455369628246,-0.06134273820913526,0.016911184848183432,,-0.03147506124170528,0.067777806348582,,0.004030217856344316,,-0.7330784320194403,2.1135244257234658,0.5291865192445719
2022-10-21,0.07178405412506442,,,0.03186516969949345,0.008202156811809573,0.1463351563077504,,-0.4022429202825866,-1.0047469706058894,,,,,-5.365136729578666,2.6550618203820364,-0.5846127779688565,,-3.8023266358296928,0.3034612742984611,2.5556104738259258,,0.43488386256481915,-0.2331454608229035,,,,-0.5501671571711958,-0.21927087818933635,4.515632361642373,,-0.032545589482195075,7.937616661904389,,-0.22143532033438912,,-0.06000718674556477,-3.37791468274331,0.24743147749898659
2022-10-28,-2.0459838808387842,,,0.32583792678021506,0.004479873727914429,-0.028159252376430143,,-0.07090454274707142,-0.05206024302045587,,,,,0.5724524414064193,1.010022010399062,-0.6653483337601703,,0.9462889393102552,0.6187371458021407,2.1071735435867724,,-0.010245193370526522,-11.363617863115845,,,,-0.8934194327290139,-0.4589554090674444,1.2595539485624434,,-0.14867509688721764,1.3880114715399503,,-0.6930684118316208,,-0.5506479808149344,-4.915354311925494,-4.580603075347814
2022-11-04,-6.9860756005934785,,,0.37788312117379325,1.3403723436646708,-2.7221642369657544,,-0.34639839828534047,-0.5757823651271883,,,,,0.8114328806262288,0.01958550093713287,1.1239839918943306,,0.32515490175032374,-0.05848233390277634,-1.040270155160899,,-0.06030661550996915,-0.002561040438047525,,,,0.1568576345822284,-0.598394884502813,-0.0012156270580935351,,-0.027494018650557665,2.5571424123917494,,0.08349759864883229,,7.578879268190551,-0.9695894794206138,3.3124360436644844
2022-11-11,-0.17648756400581067,,,0.05050294487019416,-0.6680091608056693,0.015591459931506124,,0.07755814556712279,-1.5538488612728616,,,0.7369352978245532,,0.09752988028343518,-0.0033323392052429183,0.31397101498483,,1.972764685175263,0.9936207553784999,-0.012209662274239141,,0.2855595083675528,-1.8644363344528982,-2.61183826344128,,,-0.09778876713711254,-0.42030908433966196,-2.3881530687436556,,-1.0309442512092697,-0.9211299521899261,,-0.018311082362088876,,-0.0761404650539419,0.5470554659889262,1.8880624493502052
2022-11-18,2.0280237412761535,,,-2.907493291505816,0.00648893804512417,-0.9553948497987678,,0.49986418098663626,-0.13939431948970044,,,0.26074140002425256,,11.616665281809128,0.20655144804693903,-0.2928900869569061,,-1.151318478055985,3.4502080387028204,-4.462215458687436,,-12.062565868164455,-0.3965462210912773,-0.7295806994453387,,,0.001722850387023998,0.9437659908114266,1.479726263097022,,-0.00035172330764717246,1.6588723845450315,,0.038338109232448285,,-1.8504803533277339,-0.14758343395861728,0.2240407979741346
2022-11-25,0.6248369120187304,,,-0.23917071827190373,-0.0756718331541835,-0.04512077904742165,,-1.6203448786030081,-0.01672153126936545,,,0.07249476673385903,,1.3258141744486172,0.384532487002183,-4.429135286339262,,-0.030703056536793706,-0.32601671766963963,0.6802828796533226,,-0.1786040493597337,-0.2524370692607891,-0.6519774811882307,,,0.024607815285928047,-0.05152099531026762,-0.017256789941632777,,-0.048955374997566525,-2.041290130019711,,-0.9645565324751948,,-0.9775487700511072,0.3985044468294046,0.42146785348404014
2022-12-02,0.44124531560684294,,,-0.09608581588901734,0.5855905136135358,0.9518596456371484,,-1.382895025401078,0.1132075034586601,,,-0.04283363129463486,,0.8019068610621712,0.502590018006084,-1.060282578925353,,-0.4655220279953649,-3.7869714125418765,6.786321086257985,,23.668949415908774,-0.2802560391823315,-0.5051027866568663,,,0.007705237061610587,6.569749629450789,-0.1392782404163853,,-0.03039240189013734,-3.0421632356138093,,-0.009338965777951213,,0.8082236341472896,3.2957359036602987,0.0019336172502387589
2022-12-09,1.5162789803971952,,,-0.4576183026882833,0.6923531932754192,0.0007973523973659406,,0.23372796438404103,3.356778074379858,,,0.2868674292098425,,-0.7308993340241603,2.4065451090966965,0.13998689746992451,,-0.5705873007146207,-0.37099011892611367,4.006774137514641,,-0.9719779696352119,0.37125603944575514,-1.4172880701776078,,,-1.378479525743547,-0.1552820401876414,-0.0024943331351441776,,-0.01916325022148157,-2.7534393826757335,,-0.031388811846909385,,-4.205208219733393,1.391382862326349,0.02983687164711547
2022-12-16,-0.08133583953698166,,,0.24219453843788807,-0.2739918525354782,0.002192505772107923,,0.05885195428357705,0.027775673747149864,,,0.0909901461226892,,1.7395413673259266,0.021696465521450367,1.0469828999754873,,0.1344568701526943,8.759923325125184,-1.9357402698372725,,-0.03883582323279579,-0.3473807761790883,2.7826748248830313,,,0.3350108598605193,-0.3794551860252056,-2.6944541516326637,,-0.7169892925667927,-4.368372182818458,,-0.0668749012454046,,-5.453020480845734,0.6677271439867489,-0.18168109159679224
2022-12-23,0.10800620233815739,,,-0.13110393722162694,0.01016843096468303,-0.11062950652245314,,-0.0237521544194951,0.18235449172387058,,,-0.014832632737725074,,-0.3158399976917732,0.04868811772738307,3.119603554345147,,-0.37732114696182617,1.3355941530453947,10.689810952527083,,-0.5599330554247524,0.014056932954595716,-0.16519487166122515,,,-2.6586408255290777,-0.93571376402505,-0.029492373411604194,,-0.0157668284097312,-0.7866547283209451,,0.0030278114588524717,,3.5587144384583462,0.6744353559241887,0.8206993806780379
2022-12-31,-2.9279465417818598,,,-1.0713437635376273,-0.05563776810562539,0.0012619927426712162,,-1.1168341901609233,-0.31232205451471273,,,-0.004974801798231671,,5.099963080006267,0.05660928787313127,-1.1242618585559705,,0.2827412393788643,2.246494254631743,-1.362344693894847,,-0.9429412018063179,0.1743488902047679,-0.02243709649568036,,,-0.12174232040946623,-0.13111727292413847,0.30962064651893967,,-0.15847639974659766,-1.345238080849373,,-4.455966671979507,,0.30159971152941956,-0.08975556436614233,1.3721335862371862
2023-01-06,-0.1881297654203092,,,-0.9438172034513927,-0.18809594190985252,0.05539608905615928,,-1.2256702913853266,0.5480954307037185,,,-0.24365735422984694,,0.9633817511818832,-2.1469787481496083,0.15490230620102952,,0.06135885235585253,-0.3977222324752989,-3.710798634111746,,-0.04129582154715804,-0.07877364740579701,1.9252391484359594,,,-0.064314573064456,-0.012146769243537692,-0.005067279220646269,,-0.0061295273768602375,-8.604024914184492,,-0.05733396892481038,,1.9928029647136758,0.7724577188586486,-0.8096800009528212
2023-01-13,1.8183314954145369,,,0.000643122799598663,0.011880750173357098,-0.1962051433867207,,-0.11754712551274046,2.904520415712452,,,0.0041166100829008725,,0.08635699120102777,-0.036458447244119487,-0.8851707270712226,,-0.9764345539743693,-0.2145879057304479,-0.9503576993286302,,-0.21590509239190314,-1.6782385661689911,2.560597367287718,,,0.928731324242611,-1.3721724189602846,-0.02888275840155228,,-0.05877930362792714,-4.5480666623875985,,0.5096781743229168,,-2.8221671263021166,-0.21096284849801977,0.004966914018016064
2023-01-20,0.03996666721905752,,,4.353243299182353,-0.012659691072818214,-0.07136173509413957,,-0.06647544310880249,-0.11459794468329296,,,-0.021171092079404402,,-1.2784202823583313,-0.5224743164041955,1.074411119048917,,-0.2791745819628633,-1.3721156044203984,1.5261271603921986,,-0.06495540135454697,-3.0571505533857404,0.16086398175405492,,,0.033119330098629655,-0.11150545464941611,0.04511285292604002,,-0.7206028835385491,-0.2930648936265956,,-0.023150589903232585,,2.731069218514475,2.2816552626734956,0.06806179323145106
2023-02-03,-0.4263005917516065,,,0.09917158336665015,-0.011980896908525662,-0.23753403119620273,,-2.8016762012983474,0.05380953923275972,,,0.358280982730504,,1.5453040319927143,-0.2986545343318429,5.202363673667973,,-0.0481875891365595,0.009933320564675961,1.4827693573903726,,-0.11637847522306091,-1.2628969256618154,0.006172761402917195,,,0.0010739720312026415,-0.2107914787097715,5.7844659561464615,,-0.0023313607074977967,0.521931073866731,,0.04417209331299687,,1.877959846660934,-0.5503999356317978,0.19837257931843782
2023-02-10,-0.659176495270123,,,-0.13490708550593464,0.003812685271127054,0.16359494590994905,,-0.04794610559753814,-0.11867934481316646,,,0.0019101078055430015,,-8.301329790978178,0.498133915456604,-4.3435329636603,,1.0059233022840803,-1.3108571173413317,0.6520369755605382,,-0.3941902107696433,0.0357367698940835,-0.11122746248730461,,,0.09740041569938096,-1.053140564409661,-0.9464101724341677,,1.094082695759273,-0.9128080021718188,,-0.5897744012385733,,-0.045827280696555506,-0.7569815632384471,0.2600532156810223
2023-02-17,0.33384839910697317,,,0.18863065842309748,-0.06953175477975322,-1.4371263449099296,,7.237059255110362,0.2017863598864021,,,0.7204484276411884,,0.2166706481526604,0.054157089813368225,-14.93779670324497,,-0.21094037130971927,0.9061614123399266,5.232942425767326,,0.01577013537000517,-0.20068457414420088,-0.03081880397181505,,,1.1628063163857447,4.433612514528392,0.1689034800728632,,-0.00268765484624327,0.6224211894971396,,-2.8642098884807274,,0.48781168758503035,0.15360987451704014,1.3049003398280412
2023-02-24,0.24643405662051535,,,-0.008326472888809826,0.3362427966608103,0.004166567536313586,,-1.420546509868999,-4.426995292009112,,,0.0020092208922120928,,-2.440972230558862,-0.06064596897019911,-6.445566948613943,,0.0021740209907770668,-1.7780921217760512,-0.9456251536426272,,0.13758859675356322,6.868051620948668,-0.2192524727953537,,,0.002671658799745594,-2.726859916506151,0.07939075318094489,,-0.010736547230543795,-3.642923377751737,,1.2705903515672827,,1.1159240259632897,-0.21787224635177077,-0.5053867645578581
2023-03-03,0.08056440790140433,,,0.23778667674311027,0.0025412625305364697,0.46053368141487727,,-0.1511980222944872,-0.0020605016589264682,,,1.317972237678743,,1.0797214127968662,0.6337992333478341,-1.9735984487360099,,-0.4760091600895392,2.7961901379622756,1.565431205399115,,0.29139139375143736,-6.69949398620746,0.41144974540876944,,,0.013647067336542208,-2.1974077944432913,-0.011044072623410759,,-0.008162771445475938,-0.11452016822270811,,-0.037257094245733306,,-14.077821099111013,0.5019260545439816,1.9424084304990872
2023-03-10,-4.016123857808176,,,-0.15073253215873567,-1.0649905383426237,-0.0249147772461957,,0.0026852668498815267,-0.11921747227738869,,,0.05170332487507855,,0.06889125935915641,3.472061833211856,0.7357815506423717,,-0.01474716934816005,2.973031328318943,1.6284283783456537,,-0.2357172881467074,-3.9369923369049817,0.11740141664071924,,,0.5485594658681779,-4.939737060166221,-0.0019342377101677583,,-0.016354912986041897,0.5003838371705269,,4.255726967165266,,-4.413993899156781,-0.013711874145303504,0.09732501950539676
2023-03-17,0.2833723597895214,,,0.22574152561543562,0.004666658101716154,0.041880973911821696,,-0.2551952721243565,-0.1061352017056284,,,7.6266534162780575,,12.945859842941031,-0.0197315988037495,-0.6235818162832014,,0.24150961706613583,0.31113627693958734,3.735895666227385,,-0.008382580935702877,-0.030890302048656317,-0.9554334362479358,,,-1.4668199362103491,-0.20959539272471975,0.054062151079976105,,0.976554242071107,-1.2975105961557196,,2.0542341373613726,,-0.04135504129607655,-2.29449289268129,1.2244211037019288
2023-03-24,1.051030897737659,,,-0.7450269329108067,-0.01203339770296873,-0.031601671706264475,,-0.18212058917946153,-0.53362971626256,,,-0.0460368244770024,,4.368380874040371,0.012954224218213878,1.2853775104000142,,-0.023735113422637732,0.3400849345358036,-1.0318741417404138,,-0.5121312739008308,2.051605831215849,-0.7899772108983193,,,-0.2186477329938304,-3.9450976726246436,-0.002731218552173663,,-0.23140462760272174,0.36595827559808203,,-0.5385057129078846,,-1.2847371977277544,-0.9846890962304706,2.955472523248992
2023-03-31,-0.9708457530794659,,,-0.01570167812235907,,-0.00693770990178329,,1.7940945245880444,-0.9904444983771286,,,0.0037766366751563222,,0.7040706270018802,-0.03102970650064063,-1.231358086621666,,0.05192713728184832,-0.14802807711536692,-4.446973756653796,,-3.2670365390309453,-5.879661836090154,,,,,-0.008093215314950056,-0.0955683223405769,,-0.3737378749788869,-0.03016023855773678,,0.00493779569420669,,-1.8123177893714204,-0.05530604959464977,-0.12533874016955177
2023-04-07,-0.23002316571526943,,,-0.05325980651828102,,0.0010756224602860263,,-3.954390880813126,0.10875127127203232,,,-0.8133053886770039,,0.1839578193520176,-0.05614567566454928,-1.3484224761750752,,0.20924663236872904,-0.3076659772433995,9.223289136815483,,-5.937287739576104,0.3252723730251944,,,,,0.7031283927783346,-0.0018597272409797555,,-0.3584958250058927,0.92069413878281,,-2.2277467418080787,,0.2759185149767942,0.054391346167870835,0.8203524966420378
2023-04-14,0.18117471925338,,0.6853826839116642,-1.2206379939339924,-0.052560102305850565,0.034783202430097464,,-0.0936110299213489,0.4214005963868388,,0.018102784768287562,0.4553667928421661,,0.8464842362466589,-0.050862935575234115,0.3972957727439148,,-0.15817684183845634,0.9601751318558579,-0.23259319592264122,,-2.648871930338939,-0.06305736278509956,-1.1384648263319626,,,2.1731217844123867,2.6353504028314503,-0.5549432122820168,,0.6905316131457525,10.906473541284198,,0.5371036048971899,,-3.8983530650663956,-0.05435241376356503,2.463879290629307
2023-04-21,-3.3032748420646607,,0.014028701336951666,0.008826756601868034,-1.7638964424921892,-0.18318403600879746,,0.03749036266198226,-0.04006875143439886,,0.019065846431229133,-0.0047838117577004464,,-4.19799485500468,0.023677992518996868,0.021285165066034395,,-0.050207384928140884,-1.0281374281269124,0.04269653773864812,,-0.20359705224993738,3.961787513494218,1.7363275710119233,,,-6.482214063038107,-3.79670407127342,1.1664982625319957,,0.006109481847788534,3.6676859367638506,,0.004232245916088735,,-10.815534354620407,-9.310724025521047,-4.591379732580249
2023-04-28,1.2468287575852948,,2.4803503683277413,0.006634590876779096,-2.912276812487702,-0.0014289637180291566,,-1.0710929539209053,-2.1411402573375504,,0.43937200839743085,0.0024741922493633417,,-0.2551578299364678,0.04044219598281233,0.19959709819913315,,3.7599386202418965,-9.432365440267453,-2.8300569478344633,,-0.03713619963510527,0.18299010673691674,2.8089926363344375,,,-0.6848937917286665,0.3884510713097447,2.568454746386576,,-1.3200166678821657,-0.025897454384608387,,-0.13365994859569266,,1.7699800842177078,-0.00318100821765932,-0.22279114847575765
2023-05-05,10.046564575601906,,-1.2235692530483746,0.03114759832787252,-0.0032430067395808103,-0.09943944118074187,,-0.7415772575267257,-0.041889955417716014,,0.06389642942200113,0.0025330816655006637,,5.776870844861833,0.08437085999319965,0.05228155063056833,,-0.1320444140933044,5.545065763738407,-0.31339440149785414,,-0.17339702176498467,-1.293479753053074,8.744384031186918,,,-0.3852582257490589,-1.621320511602715,-0.061926212681557846,,-0.8034045360265875,2.252377329047821,,-0.30062236039296486,,2.665499671877801,-0.769172872555993,0.024581101658513155
2023-05-12,-0.34946506706762626,,-0.17059268240007391,0.003789098130454999,0.21762852580839104,-0.07340144336113533,,0.12933843765060818,-0.12888731167529635,,0.09193923215324555,0.012144874002176138,,2.4713011579686226,0.9972265454284424,-0.23392692152757946,,-6.991142483159011,3.982065683165068,0.09117853130051319,,-2.3323651993322834,0.37495026898988076,13.777532706999045,,,-0.3889387057610942,2.531417076088334,-1.3167190035056993,,-0.08769843829673107,1.4461546260228348,,-0.0759208856076237,,2.1753057966585203,0.20239059569829357,0.1546051932385879
2023-05-19,-2.0406919415891447,,0.15847492346372538,-0.0012177607047246606,0.8859445079964907,-0.017980688294657016,,-4.67193528097839,1.5554050138646702,,-0.059910028604517884,0.003901466995935053,,1.3376857316239583,0.04532365230469075,0.07924872932432234,,0.055326206074690715,-0.16672036424238051,-11.792741425626179,,-0.0647446859223999,-3.8559442043936114,-1.8799296290119147,,,-2.7868270415106355,-0.9195783765371215,0.05353509625079953,,-5.497395457093665,-0.1526298899770175,,-0.028102105984326657,,-1.4058689263046402,-0.05415472278007771,-0.06864209127132986
2023-05-26,3.1486494568196433,,0.8995595066049523,-0.019801397780545554,0.6696911532971146,0.024128799025313497,,0.03363719297489534,1.0999962938466599,,0.0769929332126917,-0.3381578355618507,,1.3595178949055307,-1.4948695460750312,-1.9719863514706306,,-0.6311744125768173,1.2652806841969826,-1.7697306394201777,,20.190982400039335,-0.7066399538881027,24.548390040008723,,,-0.2600251812673625,-0.365554870697107,-0.8549836838742856,,-0.35820546708975737,3.247601314432144,,-0.6513864610691653,,7.584926452817237,-0.5768267556096583,0.2856048497311052
2023-06-02,-4.986629268289829,,0.22596697296089413,0.7447162180671407,0.0060068435192483895,-0.008697909091314002,,0.09951358991638645,-0.811895840490148,,0.49157421061577855,0.025569273106247094,,-4.2994509051377365,-0.09723595489610061,-0.16510418142116695,,-1.2407524467125597,-2.6608307401285245,-0.8654311709372735,,-0.1010670943684272,-0.764820162443455,-0.09257574774704902,,,-0.6628699058032603,2.9876005206073053,0.2075770116799885,,-0.1549238750629018,-0.6516729651345784,,-0.038815798248761635,,-2.018233481945054,0.1437127748261839,-2.2609326951886644
2023-06-09,-1.944177231594233,,2.244397552934567,-0.23557355370581082,0.01580938900255493,0.0013527204957845195,,-3.800201482007364,0.7671793851990824,,-0.24524650376109292,-0.05079386677556384,,1.0336510098146487,0.021974440919888878,-0.6573627620599172,,-0.32192912326155915,-0.022508631154789474,-4.49399060907432,,-0.39408711401272895,0.4388212137783767,-3.5378935706410246,,,0.17074013243718839,0.737341838074842,-2.066938502256251,,-0.46521463555039394,0.9771021133399327,,-6.615955641258678,,-9.18460096671951,-0.7210492189049338,0.08680374619843793
2023-06-16,-0.07940910001615151,,1.1452144726993083,0.005262137329368464,-0.012665333336116372,0.017089911334808385,,0.09319231348270038,0.10626014125699197,,-0.016331740766578284,-0.23813229787177995,,-0.27475349708725266,0.23006433574318902,0.6939402160569987,,-0.14918563914679678,-0.6314224421308404,-0.5944209348961399,,-0.018361326072105586,-1.1302472831351285,-0.9520868484055982,,,0.506129836981041,-1.9001868876467254,0.2934173290991302,,-0.6410702498378918,-3.1530273336382355,,-0.007036432481243004,,1.63800274820728,-1.7575840373637828,0.19902753338473872
2023-06-21,1.6844588340738962,,-3.592748582499123,-0.016736797704922916,0.05185925100416544,-2.109094130101332,,-0.004002572429929227,0.0003442647135839874,,-1.6403602649125002,-0.9186025203780722,,-1.3451867625261098,2.360500277699571,12.390273917063631,,-0.5160136251835273,10.301140627302859,0.8296483142187583,,-0.3698782859974911,-0.41172066874448193,1.1106568004243453,,,1.463690154733175,-3.0045994475066777,-5.062587951207157,,-0.38980515910990843,1.4905564892766603,,-0.3210071401459334,,3.715044173607616,-0.06390742276697242,-0.19759155907318168
2023-06-30,0.12732730728469566,,0.21807562659674048,0.09814394349854842,-1.1102717109298754,0.20999137829364442,,0.005157299875416015,1.6155718961346566,,0.014215697568462912,-0.27011879521308907,,-2.2412535268354006,0.006896544595607927,0.2066549582649661,,2.7894264325846154,0.5637085173888665,2.154091169719885,,-0.08533408454108934,-15.894511905387398,0.9980396970792604,,,-0.4200007370603014,-0.6115066716020634,-0.5873433321654841,,5.374833816307614,-0.3750623793058331,,0.1766259912535915,,-4.760067426469001,-0.2562761176264273,2.2212103747841905
2023-07-07,-1.3492084921217202,,7.95138559135941,-0.0006105341832223976,0.049968030983044275,0.06193133922362656,,11.687813994099875,0.1669060340256357,,0.017954018956232144,-0.018601741838838247,,1.1018688789181754,-0.11123705293188499,0.03428611220978575,,4.908363671959215,4.1374943245473395,-4.323814908704549,,-0.4068635250492046,0.2807602143158211,1.312266323185205,,,0.27130101671746887,-1.3408293377281657,0.09895602173937358,,-0.9488809206572658,-3.9208407457816525,,-0.005086276991463523,,0.48202327783068777,0.4127254849568517,0.004925749628906725
2023-07-14,-5.246981048786503,,1.7743645186646226,-0.06087467430639324,-0.014664163650481902,2.631650948800028,,-2.1769872408182773,0.7626325868560365,,0.4548129953023907,-0.009720629318236838,,-0.42603500121173365,0.4907884849802212,-0.1338696104670474,,0.7512356280945817,-1.4251638761453502,0.3782251722438345,,-0.1016806052442386,-0.3315497869275856,0.45896593417658527,,,1.255211210040364,-0.23056115287927087,0.08800780005790465,,-4.17132950611945,-0.17740464483193355,,-0.34850132227930264,,2.351105398618479,1.6024782962969517,-0.027010026950367312
2023-07-21,1.5774051242237086,,0.4453742406022936,-0.02462663611282486,-0.10943007412674025,0.25087647111397543,,-0.14858369929695028,1.5473841283656895,,0.22804493836852646,0.24883698010532967,,1.5648928223596403,-0.09936454714778162,0.11090655164685748,-0.007588448471650314,0.6601691728247057,-0.19660360419720932,-0.48518739546946016,,-2.71833886245807,-1.951659235653785,-0.7855900490865952,,,-0.17705929515424837,-2.5896723958080767,-0.8204559983924381,,-0.3330894707684606,0.42731288647320403,,0.24603421483114124,,-0.9556878467461319,-0.34017107038408223,-0.22962112072508623
2023-07-28,0.8877595488536374,,-0.06010257867490493,0.07305626375490397,0.6964306952415942,0.8826291629083716,,-0.1319723364719263,0.049445850900387424,,0.009086524089085488,-0.07923751671379498,,-10.471225407915387,0.01930358285556881,-0.14587513711729544,1.2469122662041374,0.7834723900185135,3.4248742035993702,-0.4784822246096588,,-0.022942674916971793,6.474362570626681,0.2131534092049996,,,-2.657177725623589,-5.658319535334857,-1.872817657562709,,0.6166457942168153,0.21815175936960146,,-0.016744522201899367,,-2.787173461740042,1.5038286509764247,0.029620470433402844
2023-08-04,-0.548410406717419,,1.01201474447748,-0.34279268891845815,-0.007398885782764984,-0.10117880706765034,,-0.022067968707462415,0.05195850255720435,,0.7582741270947804,0.1795890441549787,,-7.0282939425916275,0.03766962175304609,0.5318275114859022,-0.09915221964464235,-5.689532335958481,2.4329522757497077,-0.8882385628467903,,-0.28676097194395156,-0.025797345594524155,-0.5116673292241568,,,0.26004043047546754,0.41644308636818606,-0.6969200425211957,,-0.048725947989628565,0.0033725321806702385,,-0.011310765055170032,,0.4046787710692461,-0.7717770120290538,0.3171048564949174
2023-08-11,-5.643295088575076,,0.15154559904019305,-0.14041829513271972,-0.0012507369820909876,-0.010043999899760625,,-0.09000363594767838,-0.07291365298944309,,-1.4028302652732012,0.4957430469425654,,5.892558176517175,0.00538853322284779,-3.507777038533049,-1.904832461601384,-0.2537237129749141,-6.213846117657869,-1.014765788557181,,1.2051473758148616,0.08652367117956275,12.440426017810362,,,-1.4787322533762228,-0.12176797387992354,0.36180449341847076,,-1.5181188523336018,2.652403393761315,,0.013107148336349878,,0.33088773849295894,3.937454474108139,-1.1345184054763933
2023-08-18,1.5634890060829285,,0.6020116297361862,0.24391211290811363,-0.009690895520258038,-0.009341982505827195,,-0.04425005843869534,-0.06668416416869914,,0.004813388226099457,-0.15204257408462996,,0.190592979547897,0.25314143502870057,2.6106231353887885,0.2724436174783228,5.612425873620367,-0.1162246377792517,-2.872139706623773,,9.543436959455093,7.849674111301038,0.5580934759084513,,,1.6138245420067734,-0.016751043073434727,-1.7203805804275418,,-0.1041737994772862,-0.5839639649690864,,0.005996976927153365,,-2.6425848351045893,0.008290399200362706,-0.6630024610412797
2023-08-25,7.034052934185411,,1.9678271099658518,-0.09107583929784846,0.29433201481768156,0.16341650090267054,,1.9557440536357198,-0.07453768934316692,,-0.498434880768015,0.7555956216926825,,1.2518393823106766,-3.3200265865959278,-4.141988742971392,-0.005659743174220161,-4.078813621923837,-1.4587016860316817,-12.002716502351456,,-0.3725372350663818,1.2390576632967698,-0.8073961723727336,,,-0.5028925729930147,-2.330790467602788,-4.5142571710512,,0.5770263701539453,2.6966945216815343,,-0.0340685273353669,,1.794756467591084,0.94324132487392,0.30866239213262747
2023-09-01,2.199789916900129,,3.8857043357915755,0.0210744288258382,-0.0007050831607016116,-0.28339190727802477,,-1.2332235764329247,3.9741969211011003,,0.03169631225727389,0.02286156433682446,,-0.23170777598993822,-0.2196520673070958,-2.0555598177749874,0.17369336686097472,0.00038366105990612193,-1.7471053223550064,-2.9604576278699763,,-0.18443948395992546,-1.14405159492581,,,,0.43653521447880544,5.383486077456051,0.8691552123505727,,-4.81151466309203,,,-0.7257974805045901,,-1.886103807006636,-1.209126769350464,-0.2780230810186855
2023-09-08,1.746959952281306,,0.8009322432919164,-0.3580519079121938,1.3391672329475595,-0.005391585093651603,,-1.0827022663196404,1.4907183550401177,,0.03172034513507925,-0.004974530135064464,,2.3292014730776227,0.014027309985959947,0.05047083908142848,0.007310555410067745,-0.6991024464988761,-1.0821785020335903,0.2508219629342506,,0.13305300725846478,-1.5234036210678954,,,,0.14291455423105845,1.1331955893916128,0.14212083462780328,,-0.598760565066354,,,-0.0009697783724356094,,3.3509908429337134,-0.20116674361011838,0.24952078307617498
2023-09-15,1.8914201578742031,,0.4644259770615808,0.45570752639934653,-0.6191946718166741,-0.0882976560693288,,2.337344949392195,-0.6864267768024315,-0.01986043787970808,0.5518150583929676,-0.06374003452372844,,-0.16566557820145392,0.22216666771753266,0.3379016441362669,-0.005172345366740732,0.015013491850451127,0.8785483328544,-1.3308527828628576,,0.06331766546901568,-0.6665111350448103,-3.148255313840849,,-0.011641597705798725,2.565727902227098,0.02424174323116251,1.1050473195821442,,-0.2692757183291443,-1.172848464104056,-0.9129904517609907,0.007752021530692365,,0.014640000654017745,-0.1825024323086953,0.3766143234924064
2023-09-22,0.14127427572604706,,-0.26582811641426385,0.6897538032022623,3.34132684747511,-0.005740620450706979,,-7.992351522846871,-11.550115417915706,-0.08879101472441531,0.3690956473375975,-0.008000599561346928,,-0.491071147929009,-0.17650343897270743,-0.09755268033064785,0.3179852639671549,-0.33690784821389896,-0.345036546697824,0.040639648843357835,,-0.12631683599070476,-3.4821010455137094,4.937604673457907,,-0.8169922912215187,-0.13348593275165527,-0.5503629346849418,3.3112581992054406,,-6.1812744309986885,-4.01540175503961,-1.6222342625204356,7.554440450801936,,0.6423919237940766,-1.4403836957082472,0.003122254641362566
2023-09-30,-1.0876998294625488,,0.44407639449444514,2.7079423977710455,3.525150804272941,0.00048334532520091664,,-0.41527558719008906,-0.06845910392481203,-1.7358305126386788,0.6090931545368636,2.0445591995465215,,-0.9943177531381734,0.15449108204291018,-4.326843038691543,0.022605292055519685,-2.954223973502942,1.5063505820254866,-1.4430906272559276,,0.59981349495055,8.264243618545141,4.712818603438344,,0.035831732863403805,-1.2622681321992202,3.1806189588401255,-2.231455007178368,,-1.2825382024553562,0.012724051220094346,-0.16575107896133162,-0.01888181810554239,,-2.53103612920107,-0.5463333247553577,2.558275484004933
2023-10-13,-0.18070255253775375,,0.03571024976047689,-1.2873304027317425,-3.806573144398022,-1.716137311335978,,0.49170339568898785,-0.028097997234310716,-0.053029124727505185,0.02674287825277025,1.0337908075863789,,6.683146507788899,1.3533941166932042,-1.2276091546703936,-0.02410518674297643,0.0639764129837468,-6.003524370868945,-1.1026588127260752,,-0.025594775288780746,-0.8845471179617429,0.4016700978614461,,-0.029079079893777046,0.01740799158854303,-9.0691292626002,-1.6565779753277998,,-3.386022947893999,-0.9003879772573384,-3.4933843007543617,0.008437391381293471,,0.6190920093392044,-1.4308656129442323,0.13858137033329707
2023-10-20,-0.14811841253395577,,2.509965033604386,1.4142815054765532,3.9547451709042676,0.0011917527934231645,,-1.044788000229777,0.32505956006635567,0.6030192005420281,0.9973395330056892,0.8401483008977662,,0.4416387401206775,-0.031236365951589018,0.14857951320945506,-0.03723224531821676,-3.9160331009683444,-0.28400053614699067,7.539443304819338,,-0.04773058014882089,8.588215663374651,-1.6899452971919584,,-0.08881326624843251,-0.11094254902683873,5.050871354346382,0.789315024920588,,7.116118785012985,0.26791905763651475,-0.027037661543999114,0.33744890550026496,,6.456164952752214,-0.7103988110691032,0.8512268032761895
2023-10-27,-1.9674345212937863,,-2.0388948481167835,1.001010476636808,0.009498536155765866,-4.2691075312180375,,-0.17606979987150734,0.09162474125236529,0.001439829196719732,0.1370677372547874,0.07347778447772879,,-0.3009817571777226,0.014905532018242436,-0.6327225116199477,-2.3627202339375173,-0.0714567580978935,-0.28353454651561794,-0.024688073152293467,,-0.004617771078670018,-0.21144346607061323,12.203109547894806,,0.14028760578120614,1.6837134750836087,-0.28346600683054757,1.4520449369044068,,-6.706978346921117,3.0995146912598455,-0.43632774909737976,-0.3522663041934345,,0.0813295507469323,-0.07508330732573391,-0.010671287800192924
2023-11-03,-0.08968015320915446,,-0.2710043542084813,0.5909856749793146,5.965624056801226,0.0015864185081192353,,-2.1637920199750122,-1.6462426321914618,-0.1115977205238495,0.05331860333552745,0.7163886346230532,,-0.4752699806497225,0.07745837154665958,0.699146000172848,0.4411798933447462,0.1934966005541459,1.7617531321569426,-2.7014349614345115,,-0.01701670089727516,-15.65433320750861,-3.214544159209145,,0.2822209138666281,-1.7837235075170272,-7.8893603799798315,-12.080452972154312,,-3.836130408246717,-0.18993143536231583,2.839332932376055,0.0011799245489587402,,0.24867301901548478,-1.286574727892576,-0.16329960467663363
2023-11-10,3.6792509022803426,,-0.1583963636126694,-0.09465965499201093,0.24021859982008587,0.019996112582866987,,0.05635340463469199,-5.649402230370622,-0.21535928273981383,0.08997915971031989,0.15423704227455376,,-0.44361145105222216,0.1526648799477871,4.833041869096928,0.014193924274679819,0.18201110232578432,0.02192624883674246,0.27200853279746745,,-0.2366829584317921,0.17245992228943743,1.8630559686950294,,0.005038852092526299,-0.2000729964449138,-1.055481454923891,1.9058156283672019,,0.36219257481111,-0.34543504013422943,2.2168196652985426,0.009284458189661173,,0.3449510491701688,-0.011110207596069639,0.10301217170792043
2023-11-17,1.6449052362825938,,1.0723239592477314,1.77736244628622,0.04755090511625068,-0.029834872689271603,,-0.9305521502552616,-0.0348922670483989,0.6604262453333858,-0.09667997400066503,-0.39356780712316125,,3.957749355239928,0.267319399637148,0.16244012552741338,-0.20380873235879993,1.5843897620583034,-0.14017995032569708,0.061752321259907456,,-0.14505828506315793,2.250801325576659,-0.4123052930782186,,1.4864027121020624,-3.994607089906422,-5.175404987090719,2.8842450902613006,,-1.171742347342177,-0.5151460686512563,5.293734776103227,-0.07447451283171365,,-1.9227760370249127,0.11646258557022413,-1.4501034957975814
2023-11-24,-8.106598807408307,,-7.562808706888502,1.7905486153590007,-7.021729681712275,0.004233449354722843,,-2.5357422073954106,-5.108693556142839,-0.013626886427430714,3.550618462395316,0.5369122029278883,,1.8863438592560369,0.161537363691632,0.4760243563719351,0.10405464501376938,-0.009737512274524365,-3.2738365845163506,-1.8559301578464487,,-5.607007163291401,0.7778568219749855,8.79901498900066,,-0.9918576727687127,-0.16691623795035726,-1.0719358159550556,-0.5830528103687376,,-3.3483064057374445,4.506126609751192,-0.207558217229598,0.017350761547209367,,0.905018210812055,-2.4253586142866737,-0.009576147266139286
2023-12-01,2.1003861959399512,,1.034154606241913,-3.1360226918376366,0.02608704427850929,-0.00596195284527061,,-0.16269366916750455,0.21156026536714517,0.015237724670986972,-0.010093058025727178,-5.19416256255597,,2.2997584649027014,-0.5630030924304088,0.3946356651003472,4.1323806929286,-0.873628975162235,-4.679105997445387,7.0422022015537316,,-0.07563849381912827,11.180137935815203,-0.41734927771110153,,0.008474549122618759,2.8896544279538823,1.758805412012181,-1.9858033339911514,,-1.4942735820727375,-3.9092847571325855,-1.1330865956982696,-1.3331750486355811,,-0.17291506946258017,1.4093625684852653,0.7574272679139276
2023-12-08,-0.1311316178826054,,-0.4269861488730445,3.3731974470421844,1.4863192908081835,0.002865076506090929,,-0.34107642099117735,1.2487796398078794,-0.34060520888946644,0.02274424624657239,2.9488625992516115,,-2.59567652596992,0.11223581479270231,0.2911036906676433,-0.4586277716938074,-0.09558002748196595,-7.168615929729103,-5.90669519732544,,-0.5981385277118252,21.072519983195303,0.5601562878031352,,-0.3857768878662695,-2.3760763121474007,0.21133058543367136,2.99761231091194,,10.68100590051414,-5.843814929747994,-0.038798969666229734,0.24541353892121043,,1.3738444165738544,0.8556442569378825,0.012046226524057005
2023-12-15,-1.5649632411750949,,-0.14587286312638484,-1.9003799718725776,0.08338495470528233,0.017898328979336884,,0.22233879103713056,0.1643363502991327,-0.1608640761301376,0.05737959158172176,0.1918617990137486,,0.37868878790103094,2.7917961616231572,-0.6545400076879295,-1.875180940789214,0.15248938237902962,10.559991736610922,-1.9687005138986864,,-0.030528630908225607,17.997644938195492,1.242126953708694,,-0.01228257162579277,1.4534000302419714,0.051175758400775824,1.7074865490092184,,-1.7181538480074943,-0.8122451532349719,0.16490788897502648,0.0024917998911917105,,3.6455122110805465,1.0054911350011424,0.4113267733389026
2023-12-22,2.3360667427951034,,2.7241866122371103,0.07315460622130913,-0.4879936904934864,-0.8259907926472473,,-0.4035741599480832,-0.06319860832182604,-0.10308477516918119,0.0012986638619466567,-0.19409375114633784,,0.033254549073904405,-0.4353602862740634,-1.3279363414741536,-1.214018079108229,-0.6462190248200097,-6.453620092146191,-0.20152148956192883,,0.7805640604402632,-4.563694730426741,5.467552833764144,,-0.03496196251973725,0.08350879098600866,1.809748881233411,-0.28676737277062025,,-3.5117505552309063,-1.893174432652747,-0.3954411689129842,0.03924906531956446,,1.2558563450067322,-0.01756583497246423,0.0005301678470281273
2023-12-31,-0.706865130424758,,-4.539638068035129,0.11318563252722548,1.400742581957271,-0.009678244929464832,,-0.6471971162471555,-3.118351220667996,-0.07865324778990174,0.014415429735210669,0.3530241039871218,,-1.886956221227082,0.47230122925883045,2.6131441106118434,-1.5597270807679422,-0.07375519627894359,5.984620513949498,-1.9506632283769116,,0.18891057413658552,4.820681702396225,1.5341017959792709,,-0.522443410455852,-0.3400660817263168,-5.502717675622646,0.16459114581847822,,-2.1033169181163855,6.065604234699221,-0.24482027301393894,-1.000525456692854,,1.923881399991786,0.7236376533502642,-2.45082669319075
2024-01-05,-0.6421606236677324,,0.9218423326001548,0.26030415047751737,0.29596213359656387,0.11184558158590038,,-2.0235147784852305,12.489058810747792,-0.027899700388842964,0.016363156768788648,0.0283357497822783,,-1.3188007073106707,-0.009552033175223539,-0.10714517767140873,0.8682274755379601,-0.029022270777219125,4.632409698293619,12.050138276346066,,-0.0644279460716595,-9.029516351590571,-0.25470037137483664,,-0.017239470023412157,-0.018971191305189983,0.8925582268493173,5.09230940508715,,-2.9795422189198577,-0.7089492885381831,-0.3279334965934874,0.13208612347177556,,-2.23701604670005,-0.37215688248653667,-0.23044473694467515
2024-01-12,0.3212363315658501,,-1.0918579250681946,6.365466307734924,-2.1619026114411266,0.06852043859337137,,-0.5544172245120635,0.013940361441176,-2.165707768307167,-1.1958897209074344,2.4575614675673716,,6.836015443320679,-0.23500226784563072,-0.19465124571783546,-0.26464874941883176,-6.327521191327834,-0.03565215002171648,1.9457474882063273,,-0.10321417560340032,-0.8912860353745821,-1.6845210170092992,,0.10251835665658682,0.1726351647643395,-1.9277060906647576,-2.644708378488132,,1.9587530128371182,-10.198979109749896,-1.9793557694188773,1.1930210231853149,,1.1655950485401818,-0.10309378606566674,1.5854041532526209
2024-01-19,-0.4951424150918017,,-1.839477535684853,0.44025504731428844,0.35790526998607175,-0.002519795598562532,,-2.191015231645016,0.04412794412582034,-0.031409071142140726,0.4716396388407973,-2.0368215499557887,,0.3324635825039344,-0.3418138023414336,0.7007195627718846,-1.6027561922626337,0.20825698733229783,-1.2527896239945437,-0.4102077231910424,,0.025431484005441908,-1.2166243311141833,0.6128622263856571,,-0.0013406802152547137,-0.08990022447996181,-0.3821636297898923,-1.3667973443351151,,4.268369667124922,-0.7740708155774968,-3.9774711783296155,0.08553887545683486,,-0.9301560253620305,-0.04138945352539253,-0.04819681526948948
2024-01-26,0.541780813832535,,-11.687070299887951,4.20757421357641,3.3363077312085303,0.009992194174200941,,-0.058268056914411503,-4.773730648093611,0.32917413149773916,-3.5042307476977417,9.77653665034316,,3.7744427806760283,-0.005469442036973839,0.053883974870889806,-0.449122053477951,0.15621488235178413,3.1440469440242493,-0.6815101475251779,,0.5204086954199478,-7.656418072091743,2.3003913147133708,,-0.6432412633121314,-0.5880235938948396,-15.164768065790163,-0.1832241087482045,,-0.6070622231344629,11.718008169100214,0.03276730006800013,0.10003807112009117,,-0.009470971805063191,0.4281060380420837,0.035617889853179256
2024-02-02,-0.745752837301359,,-0.6846348256319817,0.7335192754553156,2.887218423469265,-0.017012223915319362,,-3.535637496202863,1.2304675347036893,-0.022675165142569027,2.406945933678071,2.2130179828178385,,-0.1471578594037353,0.10895822298795504,-0.6326128853871081,0.25652350887318454,-0.07765812812371578,-0.19435042457697588,5.980020804405615,,-0.14339578563524902,-1.917943779248519,-0.39944053830656584,,0.014396994486886994,-1.1039699425500131,-0.31329688940627287,0.007076177323161736,,-5.429136629885906,-1.4305948144404212,0.5065134163451868,0.005387156802035134,,0.23752156368754282,-6.142776911783247,0.02082167512302547
2024-02-08,-1.4070596520715908,,-0.4498321624918717,4.659862750457209,0.014256397457434723,0.04600773967558306,,-1.6620242839285888,-2.7321580931258973,0.025586791786645968,-0.34899393775306786,0.48136087861981075,,0.6715159341626353,0.09623372515263694,1.3088149980551353,1.406149633461744,1.8147700387051533,-0.999417262328688,-12.45736859237622,,3.4908423399513913,-3.8573943590932944,1.474148802993264,,1.0834319102051204,0.29332405988795274,-1.4144393069090107,0.23472147441684843,,-3.539022088054388,-2.3421953277690784,-4.8103716723752905,0.0011225109304025074,,4.634690208153529,-0.03894969866852968,0.10353954562121492
2024-02-23,-1.8891941994680548,,-0.17626537067473924,-0.16159683908053665,6.64501060707588,-0.07668485638684058,,0.030754919055360458,1.76361687735903,0.39447412895937134,-0.5247984256913013,0.480327645498822,,0.10342963685631786,-0.03438559689300643,-0.23228121697220702,-6.332055714605497,0.12025496542273664,-2.363264333245478,2.988916073613576,,2.9323901916323187,7.245380199722945,-2.022776732267283,,5.995490571094965,1.3222788285243159,-0.9671634180068822,-0.14911550095633824,,-0.17061166769806657,-9.109115472960646,-0.9585206301120859,-0.016965278620274967,,-1.900014953072878,0.7765262954063143,0.0007176607857064053
2024-03-01,0.13396467567044562,,-1.1980495034274687,0.6960245746364297,-0.7468466371236003,-0.19521401223373885,,-0.27968378640990355,-0.029039612617637753,0.0017199207718968275,0.03963727393310053,0.8102733740408367,,-0.7478907579657126,0.22852079012898827,1.1619847169324697,-0.14071683975534272,-1.8556592694017089,2.9051581665849016,5.723714294136206,,-0.0014975588878364254,-12.722311080789336,0.13495445078605753,,-1.7533163873721056,-0.12825945312267492,-6.850860973326013,-3.1135139247409254,,-7.993277320784579,-9.705045677655885,0.03616346208614929,-1.7863780839999157,,8.387259580948323,-0.05666759577773267,-0.043888558024384176
2024-03-08,-0.08135998162163877,,-0.33246911102834015,6.137975925659592,-0.10911872062791594,-0.013963318648266589,,-5.971021384007901,5.167353571827836,0.012989341658394677,-0.014893345813844081,1.1937987527354577,,-0.03167790516421334,-0.04125884182950077,-0.7869256620142249,0.4246076168635371,-4.043656022525813,-4.335229771952068,0.17697032014634817,,0.7876222609221722,-0.8077892197284151,-1.1609653187081104,,-0.05259571177008743,1.465159913786139,4.0211820154798055,0.3580775079817269,,1.3603073494682407,-6.461579268208775,0.21240645354754964,0.16496283091326733,,-0.18196751519046306,-0.07027009134246184,-0.16668916455546323
2024-03-15,0.5516946172055611,,-0.8150475095985168,-0.5615713052786182,0.0966365773780947,0.007028010521619376,,0.9740559686050461,9.204635361978406,-0.09335430814040029,0.025177517747409072,-0.12176996118328143,,0.16367484568104784,0.15187885037947735,-0.24913116274960492,-4.620579647383179,5.561976900547703,22.379089412086852,-3.1580310987106315,,0.04612723079848071,-6.474840126510954,2.4402565355765384,,-0.40460023296856196,-2.5790389330829955,-4.704157390480209,-0.08756086421041487,,-0.1794193687060477,0.602017133448764,0.6472962012246266,0.026480291361787468,,-7.770052408862863,-0.24487417483668786,-0.018598112248416624
2024-03-22,2.737334321825268,,-0.05279182444667854,-0.7208366202009572,-0.28494421630407024,-0.17337135519839442,,3.0837058257358176,-2.0126537321490905,0.12517878906914098,0.030994656686062584,-0.7635571344751282,,-0.9032583563332054,-0.4049419828127433,-2.3437647991874413,-0.3589938319891374,0.8463261460023406,-5.73920174015804,2.888849098530682,,-0.10533038885716636,-5.2089651665975865,-4.778516108203173,,-0.009282431641080693,2.414513034918018,-8.70088940179101,-0.7920375655154572,,2.1650060721541937,3.064199107664332,-2.9927288126963854,-2.8917470859319128,,2.216400762104538,-3.1642969794147047,-0.15403510349879643
2024-03-31,0.46939861687156664,,,1.261947569267125,0.026534490032741928,0.037357253720297905,,-0.020034392183463187,0.19577027702933772,0.006865294212708704,0.04063823929033967,0.4197275284489205,,4.7413583892840965,0.02045517158581084,3.145264631219869,-0.6187379480428928,0.024790923482537027,-3.0798870245648633,-6.037340024697597,,,-13.584670301519955,-1.2646514916451166,,-0.09330650721528548,0.7246961879842331,-12.040775088579323,-0.09804745917827405,,3.809840328786789,-0.27757899074809367,0.2262223755458713,2.139606310334949,,-1.273789633778844,-1.383867738779392,
2024-04-03,-6.129000790702713,,,7.433534568952796,0.03465826979837887,-2.003677922599962,,-4.124447251945797,0.07017898373336127,0.3302329278979409,-0.381088566349086,0.009606765096995406,,-4.553299130281252,0.1659380740887468,3.072888293000718,-0.009751999277554402,-0.45404844992426185,-2.008372107770001,1.8293698884150333,,,-2.7235440333223013,0.7988291880753753,,-0.10407869299377026,-0.6791186381124731,-0.3832579786152154,3.164520428111978,,1.6218884944600094,-8.643664077170266,-0.07981056324450186,0.1260954594049365,,1.138401098906325,1.5222918571933746,
2024-04-12,13.73062841287137,,,-0.7011816399148654,0.17655691437906898,0.015809383660216968,,-0.08111514997165753,-0.02883738594027864,0.14462943951014787,0.17149098819881808,2.088404069330045,-0.09354758036581923,1.066368913659261,-0.8740146040628788,-3.153362629442465,2.7094494539898,-1.74382248589292,0.08337508381684688,0.6021428662901105,,,5.366199685266034,-1.0154505846010147,-5.887759597625551,0.0006434848115773207,0.6301141246452304,1.8698126546160265,3.6509416816133258,-0.003441352624848232,-0.05274113141432124,6.275560866932346,0.2337228500787294,-0.042763075268263964,,1.0255067856281364,-0.17145145068208903,0.6270154159111192
2024-04-19,1.283666369517324,,,3.7320795011367194,-0.0009335350194008673,-0.0028540848470768408,,2.8485844986937834,-2.6633242875525966,0.019678154665805615,0.05493031405806828,0.3758593983860382,-0.0631140962786832,-7.007628168934643,-0.03621448460336283,0.7198013829996933,3.513403051367839,-0.18114517189859972,-0.007638820230155385,0.25307488962968167,,,-4.195261165407757,2.6802639210446775,-5.228400875485024,1.8363524156873599,0.47594130537532775,6.054235255643858,-0.4608736728270729,-0.8497171570061945,1.8928333047874721,5.751895227709032,0.5069670719251765,-0.03583123039498597,,9.559989073415379,-0.44567354817597643,0.014046939235126059
2024-04-26,-1.297204048655602,,,2.479526207796341,0.05014059020851398,-0.04043177917534233,,-0.11880356455179494,3.4245135044426127,0.029272950484536833,0.09784652604587263,0.09763444893710765,0.9355868479700474,0.36939504108903737,-1.6296930382264172,-0.08443579549166944,0.7696238440540191,1.389543214909125,-1.5485648659706408,-0.04511106089182127,,,12.129122131016912,0.07541432792636235,-3.564769700349648,-0.37743030310126513,-0.4186121659983495,-1.970050448027463,3.805775619051472,-0.017231426355344453,0.05406430127961312,-8.620984033434238,0.1457540397848362,-0.351826212340186,,-0.39271157567217974,-0.6594079854767886,1.3835192031855457
2024-04-30,-0.9904661821906883,,,12.304124904663611,-0.14094154183499652,-0.0052411965227694285,,-0.7814974935611118,-0.4522756728750834,2.937527981803062,0.39347489535040203,-2.9943392058173695,-0.013102682392829723,-0.6903178569420744,-0.9540614767459212,0.28416037365672936,-0.691615454365779,-0.059380126037047426,-2.3580513500735485,-5.388414008063873,,,0.1847704662488704,1.8653292109788044,-1.0127468498280727,-0.003411703444128375,1.9655672056036644,0.333280942355368,2.9309024669776,-0.00863604834252988,-9.472651543592573,-0.42938694274224254,3.857049523646823,1.502955945796806,,-0.5360700615795684,3.948865401742116,0.0034009121428701487
2024-05-10,4.259482444631432,,,2.589427992185788,0.4647788668947731,-0.128006094382189,,-1.4191098141325245,-0.012535236242966038,0.08345263652364415,-1.6090377667614701,-0.3514100825842632,0.0018302910000377907,0.6289814906745872,0.04141125221497613,-0.5137692226595179,-0.20125306997967768,-0.11150899573584598,-1.104899810252274,-4.369017962312263,,,-9.480509275401559,1.7617398919551213,-1.6025313734948574,0.07000082724226359,0.015880667029618017,-8.892629940005214,5.801159986215301,-0.9276596784625204,1.208269846710555,1.28337375416569,0.27339232226705434,-1.744042809645037,,3.007697896644789,0.07901806110299914,-0.28462482565462394
2024-05-17,-1.047221825725642,,,-2.2494328888611834,2.739760907046436,-0.18573103861278098,,-1.58532593534271,0.7534056141787109,0.8810317825651331,0.010112603664429568,6.834701120909835,1.4083523763100942,-0.035276278126854445,-0.5126765508261422,2.6648482735938996,-1.4609800034684814,-0.379417372203038,-3.0101802206096755,-6.720617057854926,,,-2.2549387357644592,-1.7909646178399135,8.345216793930911,0.010367724316226885,-0.32114799792573084,1.8088612825421853,-7.9595006634268115,0.0033893083158036486,0.06539007287847268,-0.2612088132964236,0.4266867150946443,-0.005062623089124764,,-0.7320953197978763,-0.02018946620317065,2.66888369129639
2024-05-24,-1.3169902560858857,,,3.6062589631267556,2.0963507980541096,0.002206989431108867,,-0.17623714017088224,0.06283399376212287,-0.0018632212018399007,-0.10745798447168586,1.3772136768579752,0.3708100437315563,-2.6571935404980147,1.187350085551846,3.187629377316114,0.25891090826750385,-0.055470977112382955,-0.6942092623085132,-0.15186799071967957,,,-5.630786990195845,1.4933720413417977,-0.13322904986200243,-3.520953565688157,1.1039081530959436,-7.646107736288105,1.087760737157484,-0.0557887633728713,2.6180094641068012,2.2332241385403626,-5.645131464942373,3.2445010524241344,,4.861243774784827,-0.007117377811038856,-1.3365512121936312
2024-05-31,0.312494722941725,,,-0.7047435440467076,-5.390190578052962,0.8450546853433987,,-5.846998217007469,-3.8551939222278504,-0.3004460208172124,0.05410405649411326,-0.734599171683486,-0.004809808999113644,0.3404151972068377,-0.02284123099750324,-0.10577681011977502,-1.0118552010115363,-1.5622561460596627,1.632602950000254,-0.704700791192012,,,3.3767345803600164,5.029947421544244,-0.6894826279152328,0.16638094751667176,1.4832361236221203,1.1374824217592214,2.5184681281692107,-0.21887341698352095,-1.1934385528829627,-3.451507880175937,4.681723588713143,0.012198414383418565,,0.29749613289509547,0.7630912728405698,-0.6882168143201368
2024-06-07,-8.527440347153313,,,1.8310294898248647,-1.0520267076421899,0.01604164952735193,,-1.1631306545872038,-0.1454987378197563,1.1539328264250512,0.12313770531469738,-0.054059859615775,0.0012941612201261984,3.556581123129442,0.1206883379152415,0.13218432660217597,0.3044523316383907,-0.8046471271485359,-2.0925250651793474,-0.013273914250971151,,,-4.3936946183750765,0.23732326601565168,-0.017823807488993957,-0.4925953891224921,4.069679091581149,-0.42962898599698307,-0.16840347619457263,-0.09183826252071159,-1.1928674153785603,-2.3253580713301147,0.2856958962693137,1.2270288559085751,,1.7624262468520344,0.03577400430987785,-0.361680512158214
2024-06-14,4.892934134359427,,,3.7975552711606633,-0.9439473936936094,0.731571921118892,,0.11954509180359799,-3.3650485046622434,3.4292959396376013,-0.0023300490762986764,1.8864568375981188,0.2207817849928427,0.5217726782337959,0.025529245065547115,1.239140112620333,0.047778625230243926,0.08385293392307899,3.8653235541854967,-0.13624579057879183,,,-19.023901641119828,-1.914043996904153,-4.394395815421126,-0.0043118750579425515,0.2867911034999726,3.1910526559794645,-1.68658535103418,-2.9691944828147254,0.7422937208294788,-1.373796557201728,0.6996792384353314,0.0113715008057929,,2.5438606265441175,0.8991236157754872,-0.16435975568877112
2024-06-21,1.0140434597853898,,,9.721973676277965,-0.7606896153098792,0.19492527306388285,,-0.09863219098191624,-2.3409730646053504,-0.03199985282715776,-0.03369766720833617,-9.787395251943547,0.05496169924721584,-0.43910885437188135,-0.5065168774160065,0.45824740330010916,0.022461980452305002,-0.0729833536935815,1.913293183498066,-1.1084294872432001,,,0.42658595437557706,4.172661116955141,-4.770632066658256,-0.005893687446192342,0.8478260385593487,2.3577169473492825,0.23643906759975825,-0.028267080680495747,-5.8709016207686675,-2.491431641923369,0.6052354040794661,0.05543900390586515,,0.2248308640440625,-0.8363236718052824,-0.0035043965738148844
2024-06-30,5.034942574022721,,,0.02332540536777304,-0.0246472930437307,-0.02192870994573913,,0.34898433078820407,0.02663310664155355,-2.0376591466667047,0.022722334735306854,-3.1383738999473554,-0.04299261117224223,-1.097996614626884,0.4542715970962702,1.5421189598848923,0.1389089686291183,-2.3597331088308198,-4.290537386370733,0.026223845927276154,,,-4.630502123065176,9.976610571511454,-1.415043900082022,-0.47597903945056497,-0.13946315140350346,-0.6163091990615426,2.6724921634237107,-0.5561417713268568,-0.41929282721940914,-0.10856719043120304,0.6999371815927772,-0.007879014667119079,,1.7319315964445472,-0.14963452629239554,0.0020547100651222977
2024-07-05,0.8255536955456583,,,2.7372160495469524,1.8954664874896805,0.004499518241428541,,-2.2285595988302527,0.5032922607302205,2.7142471270229183,-0.06991268493311692,0.8173893540287516,0.026802169165312584,0.7060775733012932,0.16157293236814774,-0.2862039697643627,0.3601541212562477,2.392653536966879,-6.607177430467139,0.9479603052333647,,,5.795615418308916,0.7623265787098051,-0.7410978397346677,-0.004525077426501496,0.276430816681526,4.528915451074017,-0.061334259106359,-0.16244724556205692,-0.6032892158082865,-2.098747967475401,-0.8714095863296925,0.1514575014843582,,0.8509445926240584,-1.2059819281897814,5.0945788269047165
2024-07-12,0.7218881780742562,,,4.046804345961196,0.1938441630541006,0.1471168097955199,,-2.0095513217043974,1.0266639181568165,-0.12845363076025748,6.747283512637594,-1.7634773700585789,-0.03721916629671349,-0.23516263862350975,-0.17386397918033902,-1.561710001559347,2.415345219045825,-0.33250231075616243,-5.0768979883957694,-0.5679750102087155,,,-9.645990528991343,7.2227696760032405,0.15915872354577243,-0.016370023027536477,-3.323282256382612,0.1844370288949614,2.0166201588600745,-0.03151516791451218,-1.84486776136296,-1.2974887234655834,0.7927163458461981,-0.002150096757324662,,2.9928123742434996,-0.0040906472721284285,-1.5554832884789636
2024-07-19,3.7766950045090444,,,18.814681251239932,-0.4873013141116175,-0.009061761553203818,,-0.4248558426555442,0.3791701233489674,-0.8909304481179481,1.5578989683872084,-2.229538411275122,-0.025416731515915614,0.4931697106969611,0.12198693602326852,6.109096702774262,-0.028048446018294648,0.05901489434608789,-2.362470954567776,-0.584791581955465,,,-3.159814243812711,-1.597723874441138,0.4861392840578591,0.003670740813697823,1.930316234646118,-0.7125192062047696,3.822041492998732,-0.07138390208151335,-0.0908601064985874,-1.6527374343414487,0.30719561952655505,-0.06024030809860872,,-0.4014696650319983,-0.016253472864670635,0.061040362800667755
2024-07-26,-0.6281983956398873,,,3.7535175338748292,0.291271940049696,2.2591656331885623,,-1.1640278353012485,-0.07863697086540569,-0.7727823745923941,0.0076589645367266986,-0.10796341695785941,-0.1937741283955777,1.4437819088178716,0.31261671035214955,-0.642095516676234,0.6223948982294838,-0.07392706336553904,1.3167058699638932,3.927025086840449,,,8.214512231235343,-0.613592532994555,0.2438750250567126,-0.18746674873782168,1.151502571079723,1.2084694991788494,2.2938057481015726,-2.6017392899158303,-0.3468891642539279,14.140042831355398,0.42942859454764876,0.2164291731524837,,4.100284074232276,2.4296645899850686,0.1660679959987721
2024-08-02,-0.23815114649311497,,,4.673872628041083,-1.170409080159689,0.012893247082410662,,-0.21432849434254408,-1.073703905788419,0.18179552210349426,0.02955318934086748,-0.2962089094187853,-0.011411301686488151,0.9117956619167011,-0.3105352986073099,-0.391322185126016,3.677743750172674,7.657892513232703,3.066276027328855,0.272144998695231,,,3.5227560711011,1.7214350705987194,0.07748431122437135,3.715171284473193,3.42768788971094,-1.0499532456178002,1.2219430005223237,-6.197379911583472,1.3311593091910694,-1.1972629491792992,9.756927920655423,-0.020213631330494804,,-0.7154608702898615,3.165817822699392,0.007545062314599088
2024-08-09,-1.2013347962100958,,,5.149747854783882,0.5348145114268311,0.06655428191871605,,-2.594483249575548,0.7583182522152346,0.4499505360158954,0.18918692244935895,0.024298763879943504,-0.023371288230884964,0.3411598318362379,0.6466188088496702,-0.017023940760371115,-4.521129922241277,-3.137311089770187,0.1684593261026907,-0.6306171906326699,,,19.161577115272383,2.8326050693654983,2.207619057395591,-0.050092260296503044,0.5220594327181127,-4.032301409629835,-3.548810278821553,-1.558806308110422,16.322592656099438,2.8250306065269033,1.9816753292780551,0.05616274750374722,,2.7706126992511306,-0.052271230101303856,3.4593751580475356
2024-08-16,0.4144818526980302,,,18.470819565771876,-0.33184486467813606,0.025589411697996944,,-2.2539356513814663,0.04910632226495906,0.017116482976424135,0.06360921315384467,-0.002314007542937639,-0.14558394910842717,-3.1473054912941114,1.1476324465498644,0.010137119636676507,-3.3502266143550847,0.6150875023012932,-8.731459199726185,0.28319001886171224,,,-11.814645990273085,4.905992289752694,0.10102091093752066,0.28998169830112325,0.7922690814753041,-0.02611172965232733,-0.7676553877059059,-0.046192315837866774,-0.3647097983651569,-1.063540833592272,1.1135916295515091,-0.02776458187361711,,-0.5471838006369149,0.3782490832947922,-0.016210583329950647
2024-08-23,0.15312742330700765,,,18.423823450732478,-0.06855710024363863,0.006058942986512037,,0.20690945807452563,-1.4730882095694784,-1.1047372044559594,-0.02478265588328965,-0.023425492800990138,-0.03517439555716316,2.542084305879812,0.42673234346089317,-1.9113067557059331,0.01680085117264244,-0.06730350816016885,1.415430520037284,-1.1633058173154147,,,-3.191594417714763,-0.08384382825498021,-0.9041998211454646,-0.14818368129686502,-2.716135361074203,0.23367135058272392,-0.20682925473349997,0.014014839496607059,-1.6827130784213877,-2.927723511604829,0.6673590699253025,0.4325574521921781,,1.2380781571153836,-0.7074320179189998,-1.8510562974322755
2024-08-30,-0.6787529578752469,,,-1.9178234126064313,-2.559241296905061,,,0.22989494920866815,-0.2768797588434087,-0.4756946534431995,0.023094977193535565,-0.000710676921425693,,-7.138038734951571,-1.2704018022872177,0.1501016211539822,2.0717164623949342,-0.35726236415765994,2.840265762651926,0.18973780234969925,,,-0.6083454759837633,-1.8114219128782596,0.2514626542739643,,-0.32291075904074285,-11.045216034900406,0.018131997092834175,-0.023360626399606843,5.297893349123729,0.21299337193012952,-0.10955162815692907,-0.07581418387293212,,1.1636091963658077,-0.037790461950093224,0.018617794214912026
2024-09-06,-0.09505216372011355,,,-14.235591821283785,0.017939696382165093,,,-0.1742157872978584,-0.012739547478272703,-0.015491202290182077,1.6296500085745376,12.446528613810706,,2.2876765556106844,1.7144172368812693,0.18337189272294777,0.07512825537058462,0.09687276488325372,4.407551424975214,-0.17750207942360327,,,-2.5851552119257963,-6.304389872952296,1.0463736653263136,,2.58512109486478,-3.032922404399934,-0.3362952231552124,-0.04563084484000085,-1.9640753208170005,0.1498547426245341,1.15021399721692,-0.6942535541316509,,0.7459632167410094,1.9315732597309163,0.002256287708815464
2024-09-13,-0.011935207532998465,,,-4.109512882648738,0.010168860580819542,,0.24822964529244937,-3.258078523677714,1.459599510190205,0.007989695592412954,0.018024996693005172,-17.460627004519356,,0.9355053271497169,0.7478136909084959,0.03285825758270996,0.025740584453453594,2.371280719525488,-3.206208455613757,2.38326421564397,,0.030514756349942378,-5.518477409311524,-11.022118904310744,-4.522540225337504,,0.12124291481439903,5.319513369139475,-0.6873985236607199,-0.002686759695303103,-0.061246103144091915,8.77869998015849,-1.3961325655165533,-4.478412525886439,,-1.3396842371354873,-0.3818606884882111,-0.0006149729728912902
2024-09-20,1.9431286237786232,,,9.391714011063007,0.03583242479735437,,0.18415315224492382,5.878870660208748,0.2424727915576438,-0.15713949908544483,1.0262199619215433,0.1684858722369043,,-1.7701784811380603,-0.22047454509440267,-0.03903699062334869,1.5500127228581468,-0.22362577097328884,-0.42630223900648756,0.7455457161222392,,-0.18345378140428115,-8.791246187771595,-0.008894348110797118,1.0955308435089208,,-3.3576092694040436,3.022863924934491,0.07130412685679625,-0.03375789128755867,3.3052580267302503,0.31213051379392354,0.0448330870069267,0.6587144307380229,,0.13049573082714438,3.629082521382349,2.9411251050764236
2024-09-27,-0.6631666400169248,,,-21.57602186059706,0.0033911423981139964,,-0.005114047911444375,-0.010144531770619934,-0.0038475396971805746,0.3405896667565511,0.008725560605400338,0.044984384517363515,,2.9796084616489806,-2.53219683182361,-0.06361525349002131,0.061530336823263185,2.18489836964923,-0.6106298638267806,-0.247415217419015,,0.2097447450158771,-1.0206988693217056,-3.1892632400332595,-0.6479187405940072,,0.4261034056771551,-5.269827447709496,0.5382696565526479,-0.0005956887314259823,2.135341629404075,-0.8114096923410976,-0.04976670587992438,0.08749902948352414,,1.1481002615121834,0.39441593604247016,-0.01291275622626192
2024-09-30,0.005298707815166822,,,23.500804544841124,-0.43832338895416195,,0.04158385585649645,-0.02629460585134638,-0.2700017633313287,0.25864000361078854,-0.001717371872217873,-1.5828297173201509,,4.063897989710015,-0.17545451486696406,-0.36275460868038634,0.6785976376613714,-0.10998070277954677,-0.8644328814039758,0.17859654363743194,,0.027685632523380188,-7.038284019711732,-0.9610536562408537,-2.0943441508892477,,0.014228790979501197,0.13036114781319838,-1.997141284981633,-0.005570048615165996,-1.0354755189745415,-0.05016188574017265,3.7486801979914164,0.008883730817608626,,-2.9584525042127634,0.22843048366418964,0.7865000205830686
2024-10-11,-1.3075903352259535,,,7.114098585054168,-0.03987592859442615,,0.009486436566240465,-7.191327540341092,0.005018820505954235,0.18112062418382818,0.3553280043592948,-0.22527831655320454,,-0.007706020787518832,0.14159604385839247,1.7220486187384845,-0.1723239923973065,4.268461269042547,-0.6853443014590856,8.472613933530948,,-5.23888806502314,-2.074170220773715,13.878957071726013,-0.9163750885943379,,-0.08587009115381916,7.345257559724723,-1.0801292141029641,-0.12675566540864258,-0.022650190591607316,5.281422973963684,-0.736086972462498,0.0013014714659645296,,-7.519235827923679,-0.472789993394406,-0.4829529012092528
2024-10-18,4.018632534775054,,,29.553145549403816,-0.668338416081963,,0.02627795926950668,14.18256896402885,-0.1329919822508949,0.013155702330924474,0.2648205675501579,-0.4704640037915611,,-5.804295278244705,-0.25510836848954255,-0.31165196998297495,0.019816429026283375,-1.6771319620031528,1.953459269329282,0.20444755552282629,,-0.09304545995488601,4.226923544311409,-78.75990990699302,0.2914230753147947,,-0.6668966218158235,0.5309055954992035,0.10187996822570047,-0.019167255425491116,3.1070952420041946,0.2950460464399207,-0.035881408799952885,0.1939605782222421,,4.6994185267133775,4.628183053928062e-06,-0.2464341758248963
2024-10-25,0.5546888621362827,,,12.466863407742522,-0.32381747083135753,,0.05008828056360181,2.110554437743067,-0.02530557123381856,0.0013415437796805239,0.1244584025836018,24.24812420043354,,0.5292820394008245,-0.29960228495671826,-0.8111634055632844,0.5091815974725228,0.1486194797225956,-3.5799221415749134,-0.2224616102262558,,-0.2233238915560138,-0.6397563609741402,-6.5035279235169545,2.7041033953622673,,0.08950008377321957,0.8704254973865908,-0.022004347682766105,-0.0016436525318176485,-0.04571430830904465,-1.0929028248066848,1.8357879675362612,0.0068584006219788145,,-2.802022269929176,0.6279202689390029,-0.6102089054445727
2024-11-01,-0.28213076222540134,,,-1.1136673825682877,0.003026081851400397,,0.0731090558578134,-6.213203164464515,-0.255625552614092,0.5958142277555014,0.05292365657281636,-0.1857813295071851,,0.03892365964256638,0.09351477080763437,-0.4363456087368619,-1.533999025465269,-0.9367127023665629,-0.9742779281409519,-0.26330327540952597,,0.08138306641684646,-5.2144960102185545,-14.255146744651453,1.6028716946579968,,3.5498051964982684,1.70829494349689,-2.3086984429447703,-0.0018293728121563972,0.7731210987015418,0.08948658196918381,-3.230778252577385,0.08318378710323726,,-2.784622152732882,-0.024231967267900906,-1.2683453390144048
2024-11-08,1.9616517668587157,,,0.1681274623756569,-4.448160366585745,,-1.140281885960966,-3.437318345166326,-0.07357861525658928,0.009873026582947364,0.44723983379507914,0.2539089236443436,,-0.3339300020452747,2.84748148911689,-0.35676051619533977,-0.004049425468005567,-0.29781478049804233,-0.4168836270543534,-0.08765720425115553,,-0.13369894806477173,6.023225278570922,9.874229062059335,-0.01113611976215408,,-1.2973653452805842,0.9665186144950368,-3.984557634208296,-0.022130262239636336,-0.04487760561201641,-7.427408277732874,1.2097520602362937,0.04704012607815285,,2.7459928844571144,0.027787180881985354,0.04318329421225853
2024-11-15,-0.33743560015822893,,,9.24123844168999,-0.4957112433469798,,-2.5682009366650345,-0.13148720041175133,0.7698514350464072,10.58471209319889,0.28619998208055775,-5.094036101384373,,0.36741474176877587,0.5869772688577034,-0.0384099789791347,0.065408247899375,-0.047785305035214665,2.5211451879054585,3.826099683596644,,0.05414504622093651,-5.31564803052882,-14.125782268715067,8.610619910496345,,-0.211350034030164,-5.6899294490912276,-0.09748742715153308,-1.0721261584701671,3.0923284570563183,7.793673926748584,-1.3906475703144545,-0.004153503317131151,,3.5500362664300766,-0.23584018439263404,0.48887974920126115
2024-11-22,-0.31029612328281586,,,1.3394730945397038,3.669517745459118,,0.3627048365843727,-4.253783925859027,0.006703676381923738,-0.23082003731811915,0.029463102249482464,-2.8745911476010333,,0.40773249327745753,0.21793489552679457,-0.3322770361545575,0.17002364967947317,-0.7981908715466368,-1.1733213901998212,-2.435388937235475,,-0.3221213462536938,6.12465886610322,-2.3094454073809345,-0.9120716970753595,,-0.9389433440576158,0.21788940046147748,0.12806854669762083,-0.07906885659354042,-6.286321133919623,-1.0816447106603486,-0.4107422883652463,-0.8439458797737738,,-2.6557170812752102,-0.023330570562122312,-0.1396345735899797
2024-11-29,1.8350877033268331,,,1.1116626627000281,0.14723851613597058,,-0.026507790936351736,-0.24053207208972793,0.03684591291496157,-1.009766289395452,1.1614187439844201,0.1589304115381814,,-0.04466206355235852,-0.42133101446215554,-0.05808308141007219,2.9461998784195904,-9.536937197356673,0.9690191808682285,1.773294495701692,,-0.08406535262697634,5.398813051536141,-0.24950026302208633,21.78815042544725,,-5.080172179670688,-2.1581095623750426,0.8952739659648442,-0.663973536638759,0.09065049487225893,-6.5953747558826725,-0.004620124232910076,-0.14723899408732904,,0.11716874757188123,0.00813213276340365,0.05335470651730405
2024-12-06,-1.0607516305573137,,,21.651351778357114,0.047831000256147796,,0.043571956593796396,-1.1973559694400622,9.279382489859422,-0.13303503102274422,0.040797600608735045,-0.15382961674011467,,1.5782025491206833,0.2649424400573711,-0.12751534138251708,0.07268703492657627,0.009497958966590836,-5.847877473437354,-2.631101320434853,,-2.0462811857547787,0.5931781766215353,-1.9744588547350923,-4.107337085993562,,0.5662792268606357,1.5543602761335176,-0.17225225957282447,-0.03443615922156648,0.4250047440817008,-1.0095365844618807,-0.8605953738575055,0.003157014706336914,,-4.919215324102876,-1.2838216964414557,2.121926626261561
2024-12-13,-0.28584483629977875,,,0.16006555357221344,0.0816731965451666,,1.1090330783943407,0.10847232941809612,0.0029982888362261647,0.12681216264720255,0.04438946658980486,3.7377360091760594,,1.7142468361284338,-4.012606148981552,-1.5559481699226114,-0.3848487892224574,0.9914615415163436,0.3882542753656194,-0.029558317599703746,,-0.009002639886230958,5.255621724952549,-1.3341392007901645,0.42609388026864625,,0.16615905586824842,0.4491815108626895,-0.07312051331800572,0.009588868097529797,0.3026381044704363,-0.40538318071240864,-0.3456204150584089,-1.475211383230504,,-76.83273934146668,0.007797107506524002,-0.022048309241870172
2024-12-20,-0.24075925375895424,,,-13.922523848737342,5.550725219800134,,0.05373753582988408,-0.36760470932892053,-0.09559430057530932,-0.049510719685663104,0.5936286746732764,0.11261509863517448,,-0.07975733466357854,-0.14738344779130377,-0.09069317702381297,3.966210803153386,0.10678822557237302,23.819964246949585,5.2005443436389465,,-0.11946715999336519,-1.4495406949351217,-6.928754389518551,-4.586242679374136,,0.045813836556105964,-1.1208315875752854,12.484906147743379,-0.13618322917760944,0.5974338518714534,-3.5129905517864555,9.278159238747264,-0.09276400131564981,,4.1895170001032875,0.6341057349546044,-0.4119028117348945
2024-12-27,0.006932078880048306,,,-14.76425189769544,-0.04944118002851859,,-0.09345415782031607,-6.340789132862484,-0.03126756901978138,0.02846781679630013,0.35440941271657556,-4.616788939881825,,-0.7361700647797448,0.24435685992254644,-0.0033932009080066897,-0.4000917930652228,-0.042676634538524744,0.053079165219723695,13.41169279684497,,-0.44302939404715885,8.3148641432778,9.029962630245937,-2.1293532358914042,,0.9243777307629497,-8.437569513525832,-0.024346797299041725,-0.22614349891540408,1.4274331368592315,-6.44484512393825,2.318448975169031,-0.33607968309454006,,5.453632994832029,0.035329289963635165,0.3796663002916201
