TradingDay,TMT,一带一路,中药,交通运输,传媒,光伏,养殖,农业综合,医疗,医药,医药医疗,半导体,国央企综合,国防军工,基建,基础化工,央企创新,家用电器,房地产,新能源汽车,新能源综合,旅游,有色,机械设备,汽车,游戏,生物科技,电力,电子,石油石化,绿色/ESG,计算机,通信,金融综合,钢铁煤炭,银行,非银,食品饮料
2015-02-13,,,,,,,,,,,-0.06537663302206359,,,,,,,,,,,,,,,,,,,,,,,1.9428660776288802,,,,0.06851393359110228
2015-02-17,,,,,,,,,,,1.0456841747758638,,,,,,,,,,,,,,,,,,,,,,,-0.08154803306989168,,,,-0.984703981846669
2015-02-27,,,,,,,,,,,4.389371060599679,,,,,,,,,,,,,,,,,,,,,,,0.02752990863414137,,,,0.20424955516238835
2015-03-06,,,,,,,,,,,-18.07352772799944,,,,,,,,,,,,,,,,,,,,,,,0.2386551047376806,,,,-0.008980103961883219
2015-03-13,,,,,,,,,,,-18.79055275668962,,,,,,,,,,,,,,,,,,,,,,,-10.935816494840434,,,,-0.027636670118879988
2015-03-20,,,,,,,,,,,0.29810920362414384,,,,,,,,,,,,,,,,,,,,,,,-3.1336515724933967,,,,-15.702543962625732
2015-03-27,,,,,,,,,,,2.6011329490307142,,,,,,,,,,,,,,,,,,,,,,,-0.028472075250544838,,,,2.5508325670637704
2015-04-03,,,,,,,,,,,0.612050819663227,,,,,,,,,,,,,,,,,,,,,,,-5.456275504988881,,,,7.381783006508179
2015-04-10,,,,,,,,,,,1.1138743884533828,,,,,,,,,,,,,,,,,,,,,,,1.5573228219513235,,,,0.01517101790665908
2015-04-17,,,,,,,,,,,9.229158597922902,,,,,,,,,,,,,,,,,,,,,,,-13.221209267417093,,,,-0.02115197375134537
2015-04-24,,,,,,,,,,,0.08142009309399663,,,,,,,,,,,,,,,,,,,,,,,0.0652496970413027,,,,0.29298696308787037
2015-04-30,,,,,,,,,,,-1.1512171130179392,,-0.04083703586918717,,,,,,,,,,,,,,,,,,,,,-0.08522605283321065,,,-1.0191372834946435,-1.2132040072879622
2015-05-08,-0.18494225493945818,,,,,,,,,,0.0022642900676727133,,0.0385816545225822,,,,,,,,,,,,,,,,,,,,,-4.102761544378891,,,-0.5553809853018702,-2.6408906455692347
2015-05-15,0.16363357696043979,,,,,,,,,,0.06074587977459859,,1.5023810909499895,,,,,,,,,,,,,,,,,,,,,-6.9449657843356025,,,-0.0335494350539608,-0.14790513959464283
2015-05-22,-0.3073739601660188,,,,,,,,,,-0.14620128994173406,,-0.12064338357534957,,,,,,,,,,,,,,,,,,,,,1.8970299837912785,,,-0.6383940994907997,1.1891964919303004
2015-05-29,8.696764054038672,,,,,,,,,,2.5226002092731,,0.02771241100455585,,,,,,,,,,,,,,,,,,,,,3.5540947849090943,,,-7.998371897116103,0.48342705621779936
2015-06-05,-9.960644483697628,,,,,,,,,,4.417354101274739,,0.22290719951976287,,,,,,,,,,,,,,,,,,,,,2.431797282313549,,,-0.06601417253479414,-0.052937182027262344
2015-06-12,-1.6483704482244097,,,,,,,,,,8.119312742621451,,-0.5068509490802637,,,,,,,,,,,,,,,,,,,,,-0.1492997388175818,,,-0.23195246622123783,11.65908926005675
2015-06-19,-0.0944781882334784,,,,,,,,,,-0.09019085054135917,,0.2741810966960153,,,,,,,,,,,,,,,,,,,,,-0.09291523974959759,,,12.525925539319786,-0.08829456601559718
2015-06-26,-0.09276381762419929,,,,,,,,,,0.012322977542416302,,-0.28062752306308536,,,,,,,,,,,,,,,,,,,,,-2.8664227504689466,,,-0.3526908874216481,0.08514165175620313
2015-07-03,-6.722395329108358,,,,,,,,,,-3.015588074341956,,-0.08200932340806416,,,,,,,,,,,,,,,,,,,,,-20.060124314568526,,,2.9214825249209238,2.56089593098107
2015-07-10,-0.16956066800879033,,,,,,,,,,0.17358511012963496,,-0.03534751142804327,,,,,,,,,,,,,,,,,,,,,3.304630080680243,,,-0.17983410868223337,7.004469792496927
2015-07-17,-4.998190151921863,,,,,,,,,,0.17119427590522449,,-0.009650913153468317,,,,,,,,,,,,,,,,,,,,,-6.147489034802698,,,0.4475571500772994,-11.048935290461849
2015-07-24,0.06972670625580532,,,,,,,,,,-0.2768387385158738,,-0.01081452365629988,,,,,,,,,,,,,,,,,,,,,-0.19415374646262373,,,-0.045858314146284565,-0.6466815078600385
2015-07-31,2.290960441453698,,,,,,,,,,0.00598014351101752,,0.12916716285042815,,,,,,,,,,,,,,,,,,,,,-7.358426620990408,,,-4.5888444351630024,-0.015031844460132483
2015-08-07,0.03359638128933254,,,,,,,,,,0.3206748345155732,,-16.189607532477535,,,,,,,,,,,,,,,,,,,,,-0.07701448326608114,,,-0.10940142953892151,-1.8117071660376378
2015-08-14,0.14558637911286124,,,,,,,,,,0.07518235152046422,,-0.10756449620634351,,,,,,,,,,,,,,,,,,,,,-9.683953039032428,,,-0.017287823660826283,0.015836198978287336
2015-08-21,-9.342499210429438,,,,,,,,,,0.2030972450183511,,0.18401596794533256,,,,,,,,,,,,,,,,,,,,,6.0585196136042025,,,0.38297887852103996,-0.002188878129810337
2015-08-28,,,,,,,,,,,-0.8834073496774281,,,,,,,,,,,,,,,,,,,,,,,-1.3445752665246247,,,,
2015-09-02,,,,,,,,,,,-0.0351498885406062,,,,,,,,,,,,,,,,,,,,,,,-3.432564903731919,,,,
2015-09-11,,,,,,,,,,,1.7452136232315536,,,,,,,,,,,,,,,,,,,,,,,-0.11966837026556636,,,,
2015-09-18,,,,,,,,,,,-0.6288419637550908,,,,,,,,,,,,,,,,,,,,,,,0.5610400262008103,,,,
2015-09-25,,,,,,,,,,,9.455437238361235,,,,,,,,,,,,,,,,,,,,,,,-0.9173332007070558,,,,
2015-09-30,,,,,,,,,,,-0.6804132699615629,,,,,,,,,,,,,,,,,,,,,,,0.1642404080763996,,,,
2015-10-09,,,,,,,,,,,0.6696693536078144,,,,,,,,,,,,,,,,,,,,,,,30.199489569887973,,,,
2015-10-16,,,,,,,,,,,0.11989841365424606,,,,,,,,,,,,,,,,,,,,,,,-0.2978829949672055,,,,
2015-10-23,,,,,,,,,,,0.23044783730530508,,,,,,,,,,,,,,,,,,,,,,,2.7712770266638858,,,,
2015-10-30,,,,,,,,,,,-0.08429999644913877,,,,,,,,,,,,,,,,,,,,,,,-4.442018488850721,,,,
2015-11-06,,,,,,,,,,,-0.6384078355349975,,,,,,,,,,,,,,,,,,,,,,,-1.9203335136827482,,,,
2015-11-13,,,,,,,,,,,2.6174547230068366,,,,,,,,,,,,,,,,,,,,,,,-0.9365009117629225,,,,
2015-11-20,,,,,,,,,,,0.5053350736601963,,,,,,,,,,,,,,,,,,,,,,,-0.6363498055707139,,,,
2015-11-27,,,,,,,,,,,0.13699975858821994,,,,,,,,,,,,,,,,,,,,,,,0.1477361111487845,,,,
2015-12-04,,,,,,,,,,,0.2966386653312582,,,,,,,,,,,,,,,,,,,,,,,0.0807470446962981,,,,
2015-12-11,,,,,,,,,,,-0.04879798914091177,,,,,,,,,,,,,,,,,,,,,,,6.087775886662557,,,,
2015-12-18,,,,,,,,,,,0.03776244483615434,,,,,,,,,,,,,,,,,,,,,,,11.82458208376768,,,,
2015-12-25,,,,,,,,,,,-0.1401829770572787,,,,,,,,,,,,,,,,,,,,,,,-3.9980481262851812,,,,
2015-12-31,,,,,,,,,,,-0.3428570955885567,,,,,,,,,,,,,,,,,,,,,,,-0.3407534423836189,,,,
2016-01-08,,,,,,,,,,,0.036132957595964285,,,,,,,,,,,,,,,,,,,,,,,-3.2536241547771207,,,,
2016-01-15,,,,,,,,,,,-0.09355004639224565,,,,,,,,,,,,,,,,,,,,,,,-1.3952973608728474,,,,
2016-01-22,,,,,,,,,,,0.01838371023246686,,,,,,,,,,,,,,,,,,,,,,,0.4432305009052498,,,,
2016-01-29,,,,,,,,,,,2.263027518483054,,,,,,,,,,,,,,,,,,,,,,,-1.3441104371149044,,,,
2016-02-05,,,,,,,,,,,0.22166052502063502,,,,,,,,,,,,,,,,,,,,,,,3.11541693746067,,,,
2016-02-19,,,,,,,,,,,-0.01326010120705762,,,,,,,,,,,,,,,,,,,,,,,0.4019230300318527,,,,
2016-02-26,,,,,,,,,,,0.18022734562083867,,,,,,,,,,,,,,,,,,,,,,,3.8814687911230044,,,,
2016-03-04,,,,,,,,,,,-0.03279594251679676,,,,,,,,,,,,,,,,,,,,,,,0.03464471003273203,,,,
2016-03-11,,,,,,,,,,,0.09016126257343496,,,,,,,,,,,,,,,,,,,,,,,-5.550522586111244,,,,
2016-03-18,,,,,,,,,,,-0.3052439989332646,,,,,,,,,,,,,,,,,,,,,,,-1.9509827042956582,,,,
2016-03-25,,,,,,,,,,,7.179198953974255,,,,,,,,,,,,,,,,,,,,,,,0.5422464493725468,,,,
2016-04-29,,,,,,,,,,-0.08369365265544874,,,,,,,,,,,,,,,,,,,-0.06491099471792186,,,,,,,,,
2016-05-06,,,,,,,,,,-0.02653712536936137,0.019142612380649855,,,,,,,,,,,,,,,,,,0.4287669421176693,,,,,-0.4684288596571586,,,,
2016-05-13,,,,,,,,,,-0.012017141324413574,-0.0948209948853019,,,,,,,,,,,,,,,,,,-7.41226408977732,,,,,-0.062193614027123555,,,,
2016-05-20,,,,,,,,,,7.007671939704371,0.18383806672412745,,,,,,,,,,,,,,,,,,13.537215439035812,,,,,-0.07649388307227098,,,,
2016-05-27,,,,,,,,,,-0.018767331165783108,2.739967300058873,,,,,,,,,,,,,,,,,,3.357273831566498,,,,,-0.08373314962538152,,,,
2016-06-03,,,,,,,,,,-0.06910086487684239,-0.386913313445137,,,,,,,,,,,,,,,,,,-1.8023079263030761,,,,,1.2325521355987428,,,,
2016-06-08,,,,,,,,,,-6.381896339014773,-0.24845794566299945,,,,,,,,,,,,,,,,,,-5.529745859879691,,,,,-2.03253000847442,,,,
2016-06-17,,,,,,,,,,-0.06700989083060505,-0.08025760676833688,,,,,,,,,,,,,,,,,,-0.1009191691526822,,,,,0.10724290554874141,,,,
2016-06-24,,,,,,,,,,-0.6778833813907964,2.394923976873036,,,,,,,,,,,,,,,,,,-6.853510137743358,,,,,-0.002447695940436555,,,,
2016-07-01,,,,,,,,,,-0.18934455520960147,-0.08676827858873605,,,,,,,,,,,,,,,,,,-1.3222830503422613,,,,,0.19820447708694344,,,,
2016-07-08,,,,,,,,,,0.022010129852841506,-0.12116034295350635,,,,,,,,,,,,,,,,,,-5.110756712274795,,,,,1.0346346151705172,,,,
2016-07-15,,,,,,,,,,-2.7749441585433603,-0.2509524154085351,,,,,,,,,,,,,,,,,,-0.9271073594868638,,,,,0.3048021736240678,,,,
2016-07-22,,,,,,,,,,0.45652631022374335,0.2037708720266062,,,,,,,,,,,,,,,,,,0.41986989914705114,,,,,0.028659733019422682,,,,
2016-07-29,,,,,,,,,,0.5129855618103873,1.0813107525863295,,,,,,,,,,,,,,,,,,0.6667270284195934,,,,,-0.06057725565900912,,,,
2016-08-05,,,,,,,,,,-0.017666666705902154,-0.04521555559432841,,,,,,,,,,,,,,,,,,-0.8829630137908765,,,,,0.2659424098694044,,,,
2016-08-12,,,,,,,,,,0.7959618628160178,0.002260842255462303,,,,,,,,,,,,,,,,,,4.079150112554935,,,,,-0.5313830577999842,,,,
2016-08-19,,,,,,,,,,-0.9985840321160512,-0.0278563947822961,,,,,,,,,,,,,,,,,,-1.8565599729115374,,,,,-5.507771102136075,,,,
2016-08-26,,,,,,,,,,0.02611344534784098,-0.008879624275476304,,,,,,,,,,,,,,,,,,4.07074453887202,,,,,,,,,
2016-09-02,,,,,,,,,,-0.019257614699096016,0.005388925273667924,,,,,,,,,,,,,,,,,,1.2024635983598624,,,,,,,,,
2016-09-09,,,,,,,,,,0.01673798361402771,-0.2886536679959784,,,,,,,,,,,,,,,,,,-0.6356623203181591,,,,,,,,,
2016-09-14,,,,,,,,,,0.19117592388223661,-0.026388070292370273,,,,,,,,,,,,,,,,,,-0.1438814903862933,,,,,,,,,
2016-09-23,,,,,,,,,,-4.638163010353111,-0.03858645743352693,,,,,,,,,,,,,,,,,,-4.199554528173003,,,,,,,,,
2016-09-30,,,,,,,,,,-0.01726941051045295,-0.2507778170665834,,,,,,,,,,,,,,,,,,6.751498704548828,,,,,,,,,
2016-10-14,,,,,,,,,,-0.40812943970252813,-0.11308621745413998,,,,,,,,,,,,,,,,,,-0.01421924006265263,,,,,,,,,
2016-10-21,,,,,,,,,,-0.1624616755235538,-0.06835888451471626,,,,,,,,,,,,,,,,,,-0.06278164871900416,,,,,,,,,
2016-10-28,,,,,,,,,,-0.0668205191942485,-0.09087569372097515,,,,,,,,,,,,,,,,,,0.002113319768247402,,,,,,,,,
2016-11-04,,,,,,,,,,0.07645773143731044,-0.31863164198820193,,,,,,,,,,,,,,,,,,0.028038024095487266,,,,,,,,,
2016-11-11,,,,,,,,,,0.027055569483038083,-1.0115385757634057,,,,,,,,,,,,,,,,,,3.661694673612085,,,,,,,,,
2016-11-18,,,,,,,,,,-0.5008454007746366,-0.15544047390413124,,,,,,,,,,,,,,,,,,-1.3427116490624276,,,,,,,,,
2016-11-25,,,,,,,,,,-0.09079007202740166,2.006537608341998,,,,,,,,,,,,,,,,,,0.03825164854422677,,,,,,,,,
2016-12-02,,,,,,,,,,-0.6143742713773949,-0.16495824953434662,,,,,,,,,,,,,,,,,,0.014967668824476851,,,,,,,,,
2016-12-09,,,,,,,,,,1.066962456086923,-0.10461124832222776,,,,,,,,,,,,,,,,,,1.7517569709725946,,,,,,,,,
2016-12-16,,,,,,,,,,-0.16803429097107928,0.0030452712515712157,,,,,,,,,,,,,,,,,,0.34153622721420895,,,,,,,,,
2016-12-23,,,,,,,,,,0.9472514442334202,10.565279014621947,,,,,,,,,,,,,,,,,,0.04927098659416105,,,,,,,,,
2016-12-31,,,,,,,,,,-0.0033052121528991413,-4.205314492354604,,,,,,,,,,,,,,,,,,-0.08449330972282025,,,,,,,,,
2017-01-06,,,,,,,,,,0.0014713832304833947,-0.08433518821636019,,,,,,,,,,,,,,,,,,0.02835397198043399,,,,,,,,,
2017-01-13,,,,,,,,,,-0.7785048540365096,-0.06688471884699515,,,,,,,,,,,,,,,,,,-0.03544310019428893,,,,,,,,,
2017-01-20,,,,,,,,,,5.101552972541519,0.20067325571865985,,,,,,,,,,,,,,,,,,-0.0023545744877492628,,,,,,,,,
2017-01-26,,,,,,,,,,-11.039739008758998,0.371545482139882,,,,,,,,,,,,,,,,,,-5.446955319586167,,,,,,,,,
2017-02-03,,,,,,,,,,0.040929584479916264,-6.672036684576277,,,,,,,,,,,,,,,,,,0.6326354271248267,,,,,,,,,
2017-02-10,,,,,,,,,,1.0626859408989626,-0.7789471032356441,,,,,,,,,,,,,,,,,,5.291446623779366,,,,,,,,,
2017-02-17,,,,,,,,,,-1.1624103560528227,-0.6810918174332798,,,,,,,,,,,,,,,,,,1.6466158514466733,,,,,,,,,
2017-02-24,,,,,,,,,,0.4265585838729278,-0.19266740237689484,,,,,,,,,,,,,,,,,,0.05408606889094188,,,,,,,,,
2017-03-03,,,,,,,,,,-4.40768649334964,0.0015473811299429943,,,,,,,,,,,,,,,,,,0.550057834105474,,,,,,,,,
2017-03-10,,,,,,,,,,0.0002713029616362144,-0.009466538716452144,,,,,,,,,,,,,,,,,,0.04221586118596025,,,,,,,,,
2017-03-17,,,,,,,,,,-2.4825248865476826,-0.054146802447022614,,,,,,,,,,,,,,,,,,-0.9822227427227497,,,,,,,,,
2017-03-24,,,,,,,,,,-0.07730752473736602,-0.5306202801721187,,,,,,,,,,,,,,,,,,-1.3296897518363655,,,,,,,,,
2017-03-31,,,,,,,,,,7.150836494073326,,,,,,,,,,,,,,,,,,,,,,,,,,,,
2017-04-07,,,,,,,,,,0.058859041336486236,,,,,,,,,,,,,,,,,,,,,,,,,,,,
2017-04-14,,,,,,,,,,0.2189801508176677,,,,,,,,,,,,,,,,,,,,,,,,,,,,
2017-04-21,,,,,,,,,,-9.01243798889745,,,,,,,,,,,,,,,,,,,,,,,,,,,,
2017-04-28,,,,,,,,,,1.8839153328301264,,,,,,,,,,,,,,,,,,,,,,,,,,,,
2017-05-05,,,,,,,,,,-1.1986390044853596,-0.032182780659089444,,,,,,,,,,,,,,,,,,,,,,,,,,,
2017-05-12,,,,,,,,,,-0.13451556874519066,0.9976602609643637,,,,,,,,,,,,,,,,,,,,,,,,,,,
2017-05-19,,,,,,,,,,-0.04628536300702798,4.498106684941794,,,,,,,,,,,,,,,,,,,,,,,,,,,
2017-05-26,,,,,,,,,,-0.25155603063757515,-0.038299509208538765,,,,,,,,,,,,,,,,,,,,,,,,,,,
2017-06-02,,,,,,,,,,-1.2723479082811224,-0.02916684460250485,,,,,,,,,,,,,,,,,,,,,,,,,,,
2017-06-09,,,,,,,,,,-0.06302584924822283,-0.7326097469510617,,,,,,,,,,,,,,,,,,,,,,,,,,,
2017-06-16,,,,,,,,,,0.003118175848377817,0.3942563348250001,,,,,,,,,,,,,,,,,,,,,,,,,,,
2017-06-23,,,,,,,,,,-0.013821136114131504,-0.007367037849119412,,,,,,,,,,,,,,,,,,,,,,,,,,,
2017-06-30,,,,,,,,,,0.6049768736181287,0.8324510055267675,,,,,,,,,,,,,,,,,,,,,,,,,,,
2017-07-07,,,,,,,,,,0.259095737888135,-0.27324349639032414,,,,,,,,,,,,,,,,,,,,,,,,,,,
2017-07-14,,,,,,,,,,-0.2477328185845703,8.624450214430434,,,,,,,,,,,,,,,,,,,,,,,,,,,
2017-07-21,,,,,,,,,,0.02433399036140315,-0.3389665024719296,,,,,,,,,,,,,,,,,,,,,,,,,,,
2017-07-28,,,,,,,,,,-0.24448116232708172,-0.047284775046213784,,,,,,,,,,,,,,,,,,,,,,,,,,,
2017-08-04,,,,,,,,,,1.0400364068433108,-1.2607889636739344,,,,,,,,,,,,,,,,,,,,,,,,,,,
2017-08-11,,,,,,,,,,0.11734571394482726,-3.62809542273254,,,,,,,,,,,,,,,,,,,,,,,,,,,
2017-08-18,,,,,,,,,,0.04813050011650282,0.023339164482619384,,,,,,,,,,,,,,,,,,,,,,,,,,,
2017-08-25,,,,,,,,,,0.06888514246550723,-0.015944750520740562,,,,,,,,,,,,,,,,,,,,,,,,,,,
2017-09-01,,,,,,,,,,-0.016376212551625812,,,,,,,,,,,,,,,,,,,,,,,,,,,,
2017-09-08,,,,,,,,,,-0.6704274079989886,,,,,,,,,,,,,,,,,,,,,,,,,,,,
2017-09-15,,,,,,,,,,0.00885920086930899,,,,,,,,,,,,,,,,,,,,,,,,,,,,
2017-09-22,,,,,,,,,,-0.12690232029302895,,,,,,,,,,,,,,,,,,,,,,,,,,,,
2017-09-30,,,,,,,,,,1.3048661065259486,,,,,,,,,,,,,,,,,,,,,,,,,,,,
2017-10-13,,,,,,,,,,0.4177167954158132,,,,,,,,,,,,,,,,,,,,,,,,,,,0.13153078389367048,
2017-10-20,,,,,,,,,,5.820107203547359,,,,,,,,,,,,,,,,,,,,,,,,,,,0.015162153632901541,
2017-10-27,,,,,,,,,,-0.006250407386421127,,,,,,,,,,,,,,,,,,,,,,,,,,,0.11929542297964113,
2017-11-03,,,,,,,,,,-0.025250643810038213,,,,,,,,,,,,,,,,,,,,,,,,,,,-0.04505548455721364,
2017-11-10,,,,,,,,,,-0.03989023782831175,,,,,,,,,-0.3046089936276014,,,,,,,,,,,,,,,,,,-0.06389086769172356,
2017-11-17,,,,,,,,,,0.015321312541369004,,,,,,,,,-1.1790596332292789,,,,,,,,,,,,,,,,,,-2.4447104158132102,
2017-11-24,,,,,,,,,,-0.24080247550345182,,,,,,,,,0.010652611432030728,,,,,,,,,,,,,,,,,,-1.2822285189654814,
2017-12-01,,,,,,,,,,8.84128908518858,,,,,,,,,0.0043185802186908396,,,,,,,,,,,,,,,,,,-0.01765352277393359,
2017-12-08,,,,,,,,,,0.004204168637999382,,,,,,,,,1.1952677373526746,,,,,,,,,,,,,,,,,,-0.0572884418738644,
2017-12-15,,,,,,,,,,-3.187016110661821,,,,,,,,,0.02369487047321169,,,,,,,,,,,,,,,,,,-1.1106526174117186,
2017-12-22,,,,,,,,,,-0.00928990496031976,,,,,,,,,-0.8261532248899477,,,,,,,,,,,,,,,,,,-0.06498466151141216,
2017-12-31,,,,,,,,,,-0.0077463929215895195,,,,,,,,,0.05517338198635251,,,,,,,,,,,,,,,,,,-0.05310837714863169,
2018-01-05,,,,,,,,,,-0.005314733393959584,,,,,,,,,0.10822103310294476,,,,,,,,,,,,,,,,,,6.784140720232254,
2018-01-12,,,,,,,,,,-8.993079668734081,,,,,,,,,0.06991521122435194,,,,,,,,,,,,,,,,,,1.3699857540869196,
2018-01-19,,,,,,,,,,-1.8394711822394318,,,,,,,,,0.054027160464065166,,,,,,,,,,,,,,,,,,-0.595399987151263,
2018-01-26,,,,,,,,,,-0.27890077325600826,,,,,,,,,-0.013207344038888173,,,,,,,,,,,,,,,,,,-0.1726085300582635,
2018-02-02,,,,,,,,,,0.4425621273846407,,,,,,,,,-1.2197280350554065,,,,,,,,,,,,,,,,,,-0.17122582167581718,
2018-02-09,,,,,,,,,,0.026112482183535207,,,,,,,,,0.015115333480647657,,,,,,,,,,,,,,,,,,-0.1170928576259699,
2018-02-14,,,,,,,,,,-0.9493739186118286,,,,,,,,,0.027665299066640142,,,,,,,,,,,,,,,,,,0.9800206530145669,
2018-02-23,,,,,,,,,,-2.80695343036654,,,,,,,,,-0.46372170595466783,,,,,,,,,,,,,,,,,,-3.709564638133857,
2018-03-02,,,,,,,,,,0.003638136765198209,,,,,,,,,-0.0030817593634915944,,,,,,,,,,,,,,,,,,0.08795976559477336,
2018-03-09,,,,,,,,,,0.4759453238633094,,,,,,,,,-0.018643208245035618,,,,,,,,,,,,,,,,,,-0.1263328073433688,
2018-03-16,,,,,,,,,,-0.39074666585147855,,,,,,,,,0.26011176220483173,,,,,,,,,,,,,,,,,,0.16359401868057405,
2018-03-23,,,,,,,,,,0.46343279062472653,,,,,,,,,5.429415937006231,,,,,,,,,,,,,,,,,,-0.05218821760751093,
2018-05-04,,,,,,,,,,,,,,,,,,,,,,,,,,,,,,,,,,,,-0.43609319259903334,,
2018-05-11,,,,,,,,,,,,,,,,,,,,,,,,,,,,,,,,,,,,0.32900928211561997,,
2018-05-18,,,,,,,,,,,,,,,,,,,,,,,,,,,,,,,,,,,,-5.826782334791321,,
2018-05-25,,,,,,,,,,,,,,,,,,,,,,,,,,,,,,,,,,,,-0.37632280323307965,,
2018-06-01,,,,,,,,,,,,,,,,,,,,,,,,,,,,,,,,,,,,1.1095365760954334,,
2018-06-08,,,,,,,,,,,,,,,,,,,,,,,,,,,,,,,,,,,,1.6716637357157216,,
2018-06-15,,,,,,,,,,,,,,,,,,,,,,,,,,,,,,,,,,,,-0.0245888573289995,,
2018-06-22,,,,,,,,,,,,,,,,,,,,,,,,,,,,,,,,,,,,-0.007176865768834728,,
2018-06-30,,,,,,,,,,,,,,,,,,,,,,,,,,,,,,,,,,,,0.8598514022966138,,
2018-07-06,,,,,,,,,,,,,,,,,,,,,,,,,,,,,,,,,,,,0.14980963856560844,,
2018-07-13,,,,,,,,,,,,,,,,,,,,,,,,,,,,,,,,,,,,-0.7414978387002187,,
2018-07-20,,,,,,,,,,,,,,,,,,,,,,,,,,,,,,,,,,,,-1.4810459916606509,,
2018-07-27,,,,,,,,,,,,,,,,,,,,,,,,,,,,,,,,,,,,3.943312626590375,,
2018-08-03,,,,,,,,,,,,,,,,,,,,,,,,,,,,,,,,,,,,-0.30600812869234045,,
2018-08-10,,,,,,,,,,,,,,,,,,,,,,,,,,,,,,,,,,,,-0.01674628882012702,,
2018-08-17,,,,,,,,,,,,,,,,,,,,,,,,,,,,,,,,,,,,-0.3604409795549202,,
2018-08-24,,,,,,,,,,,,,,,,,,,,,,,,,,,,,,,,,,,,-2.167221920157583,,
2018-08-31,,,,,,,,,,,,,,,,,,,,,,,,,,,,,,,,,,,,-0.03374987585485423,,
2018-09-07,,,,,,,,,,,,,,,,,,,,,,,,,,,,,,,,,,,,-0.04551273624319315,,
2018-09-14,,,,,,,,,,,,,,,,,,,,,,,,,,,,,,,,,,,,-0.010722866024230521,,
2018-09-21,,,,,,,,,,,,,,,,,,,,,,,,,,,,,,,,,,,,-0.24486375438052976,,
2018-09-30,,,,,,,,,,,,,,0.07237239748077945,,,,,0.13739557642042344,,,,,,,,,,,,,,,,,0.05323899924981201,,
2018-10-12,,,,,,,,,,,,,,0.012772169332388159,,,,,0.0010881130647144334,,,,,,,,,,,,,,,,,0.06570382966682904,,
2018-10-19,,,,,,,,,,,,,,2.4194586520974415,,,,,-2.8850484521584017,,,,,,,,,,,,,,,,,1.632924689021901,,
2018-10-26,,,,,,,,,,,,,,-0.008932734680040948,,,,,-0.0016162550787284687,,,,,,,,,,,,,,,,,-0.005577068412104685,,
2018-11-02,,,,,,,,,,,,,,-9.072627921740711,,,,,6.966877137886801,,,,,,,,,,,,,,,,,0.930990848489677,,
2018-11-09,,,,,,,,,,,,,,0.017885460929100403,,,,,-0.008631842528866545,,,,,,,,,,,,,,,,,0.052550023055094444,,
2018-11-16,,,,,,,,,,,,,,1.0901469319065908,,,,,0.459440801213855,,,,,,,,,,,,,,,,,-0.48648311752741336,,
2018-11-23,,,,,,,,,,,,,,-0.43794411891241647,,,,,0.7590986287945751,,,,,,,,,,,,,,,,,0.5365698102676301,,
2018-11-30,,,,,,,,,,,,,,6.135904050175711,,,,,0.035634231738713766,,,,,,,,,,,,,,,,,-15.760478321151224,,
2018-12-07,,,,,,,,,,,,,,0.012922085497478995,,,,,-0.5336023328780497,,,,,,,,,,,,,,,,,0.8346194837930183,,
2018-12-14,,,,,,,,,,,,,,0.015594800065210183,,,,,0.02015945040993957,,,,,,,,,,,,,,,,,-1.351212081970943,,
2018-12-21,,,,,,,,,,,,,,-0.1158025215738607,,,,,1.137442092901619,,,,,,,,,,,,,,,,,-0.04487208925398003,,
2018-12-28,,,,,,,,,,,,,,-0.2723669275531083,,,,,-0.026398971793969217,,,,,,,,,,,,,,,,,3.7224514754023295,,
2019-01-04,,,,,,,,,,,,,,2.7636471222480345,,,,,-2.353460285447566,,,,,,,,,,,,,,,,,-0.016997042661017092,,
2019-01-11,,,,,,,,,,,,,,0.13863427936925224,,,,,-3.746680349713172,,,,,,,,,,,,,,,,,-2.6449359542547035,,
2019-01-18,,,,,,,,,,,,,,-2.470079130307136,,,,,0.19323827521756576,,,,,,,,,,,,,,,,,-3.8720545461831817,,
2019-01-25,,,,,,,,,,,,,,-0.4344433456254614,,,,,0.4740532425408601,,,,,,,,,,,,,,,,,-5.076684560824409,,
2019-02-01,,,,,,,,,,,,,,-0.07066354749739898,,,,,0.3137434490170606,,,,,,,,,,,,,,,,,8.894520952720201,,
2019-02-15,,,,,,,,,,,,,,1.5125627065023282,,,,,0.08886755447786637,,,,,,,,,,,,,,,,,0.010337558286400945,,
2019-02-22,,,,,,,,,,,,,,-0.022211889275905547,,,,,0.005632795630657831,,,,,,,,,,,,,,,,,-0.0045300366017853285,,
2019-03-01,,,,,,,,,,,,,,-1.139080564869061,,,,,-0.5748338396989826,,,,,,,,,,,,,,,,,-3.3474991549411333,,
2019-03-08,,,,,,,,,,,,,,2.5467750842508177,,,,,0.03579658947464277,,,,,,,,,,,,,,,,,0.07364790250708242,,
2019-03-15,,,,,,,,,,,,,,0.04682180426470744,,,,,-16.34709862507889,,,,,,,,,,,,,,,,,1.91381770319148,,
2019-03-22,,,,,,,,,,,,,,-0.02172538865958903,,,,,-3.4056429838718953,,,,,,,,,,,,,,,,,-1.5354982280408107,,
2019-03-31,,,,,,,,,,,,,,,,,,,-0.019329166384845494,,,,,,,,,,,,,,,,,,,
2019-04-04,,,,,,,,,,,,,,,,,,,0.0017630833706606622,,,,,,,,,,,,,,,,,,,
2019-04-12,,,,,,,,,,,,,,,,,,,-1.3725979701436375,,,,,,,,,,,,,,,,,,,
2019-04-19,,,,,,,,,,,,,,,,,,,-0.08391133395900158,,,,,,,,,,,,,,,,,,,
2019-04-26,,,,,,,,,,,,,,,,,,,-6.9704962254301766,,,,,,,,,,,,,,,,,,,
2019-04-30,,,,,,,,,,,,,,,,,,,0.4658483983794053,,,,,,,,,,-0.2940247329418879,,,,,0.09080592759079775,,,,
2019-05-10,,,,,,,,,,,,,,,,,,,-2.022908521146102,,,,,,,,,,0.3549949444042215,,,,,-0.12159205715906479,,,,
2019-05-17,,,,,,,,,,,,,,,,,,,-9.813299057048908,,,,,,,,,,0.829100460801284,,,,,0.2699501321592143,,,,
2019-05-24,,,,,,,,,,,,,,,,,,,0.7408191178820103,,,,,,,,,,-3.7556323975132475,,,,,-0.1081952600393858,,,,
2019-05-31,,,,,,,,,,,,,,,,,,,2.0313296335103614,,,,,,,,,,1.1261907360006482,,,,,-0.1263109222690043,,,,
2019-06-06,,,,,,,,,,,,,,,,,,,0.035223561878747096,,,,,,,,,,-5.642932229828366,,,,,0.1285484173988527,,,,
2019-06-14,,,,,,,,,,,,,,,,,,,-0.9182391910542089,,,,,,,,,,-10.307253921961284,,,,,-0.10275458263158364,,,,
2019-06-21,,,,,,,,,,,,,,,,,,,-0.7086220435793202,,,,,,,,,,-0.1445408178233554,,,,,-0.0639860375800504,,,,
2019-06-30,,,,,,,,,,,,,,,,,,,1.5447569081314556,,,,,,,,,,0.11529132589116242,,,,,-0.005827426849285486,,,,
2019-07-05,,,,,,,,,,,,,,,,,,,2.308708246714296,,,,,,,,,,0.15180331435122352,,,,,-0.0032726085887927886,,,,
2019-07-12,,,,,,,,,,,,,,,,,,,11.052756272209244,,,,,,,,,,2.637721850819323,,,,,-0.048263159886503634,,,,
2019-07-19,,,,,,,,,,,,,,,,,,,0.03889351854441785,,,,,,,,,,0.011001449039820498,,,,,1.2251770283961214,,,,
2019-07-26,,,,,,,,,,,,,,,,,,,0.15661203507722413,,,,,,,,,,-0.28644746831803225,,,,,-0.014864647725011962,,,,
2019-08-02,,,,,,,,,,,,,,,,,,,0.46156894079667254,,,,,,,,,,-0.050694409457888515,,,,,0.0712560189524708,,,,
2019-08-09,,,,,,,,,,,,,,,,,,,0.09482416515616293,,,,,,,,,,0.12817744586696617,,,,,-0.5824000928220854,,,,
2019-08-16,,,,,,,,,,,,,,,,,,,0.5339296619716375,,,,,,,,,,0.05009457501308753,,,,,0.011887967074940258,,,,
2019-08-23,,,,,,,,,,,,,,,,,,,,,,,,,,,,,0.3824514719926672,,,,,0.6925461596001112,,,,
2019-08-30,,,,,,,,,,,,,,,,,,,,,,,,,,,,,-1.8583503731883573,,,,,-4.1061240877745515,,,,
2019-09-06,,,,,,,,,,,,,,,,,,,,,,,,,,,,,3.343348815052797,,,,,0.031055011741457323,,,,
2019-09-12,,,,,,,,,,,,,,,,,,,,,,,,,,,,,0.035624779975025174,,,,,0.04725021638617172,,,,
2019-09-20,,,,,,,,,,,,,,,,,,,,,,,,,,,,,0.003179873580173598,,,,,-0.811331473946557,,,,
2019-09-27,,,,,,,,,,,,,,,,,,,,,,,-8.936876613081008,,,,,,0.093588244543971,,,,,0.11655615031100547,,,,
2019-09-30,,,,,,,,,,,,,,-0.27935863804368166,,,,,,,,,0.3429055509765573,,,,,,0.08130339099593331,,,,,-0.0003309811246216118,,-0.09088341501576438,,
2019-10-11,,,,,,,,,,,,,,0.007602878609895773,,,,,,,,,0.5824655823605767,,,,,,-0.0004283726867443634,,,,,0.26019555516337317,,0.6448209831389158,,
2019-10-18,,,,,,,,,,,,,,2.3161460633233197,,,,,,,,,-1.8528326961797457,,,,,,0.005694395859196167,,,,,-3.756837378647518,,-0.6028185673771963,,
2019-10-25,,,,,,,,,,,,,,0.9141377747802383,,,,,,,,,-0.04905093950162176,,,,,,-0.00115500985594863,,,,,5.043000353603162,,1.1222111518414881,,
2019-11-01,,,,,,,,,,,,,,0.45066954168146767,,,,,,,,,-0.05061026841378688,,,,,,1.0564823188937826,,,,,-0.03412402875376852,,-0.7708031676069008,,
2019-11-08,,,,,,,,,,,,,,-5.105754941841199,,,,,,,,,-1.3335096965144833,,,,,,0.04970180956442496,,,,,-0.8936930225627626,,-0.06083924757051215,,
2019-11-15,,,,,,,,,,,,,,-0.022682130012109548,,,,,,,,,-3.092881387303396,,,,,,-0.028463149643854074,,,,,1.1695074011853837,,1.5077346233050521,,
2019-11-22,,,,,,,,,,,,,,2.508848872711985,,,,,,,,,6.093889656427798,,,,,,-0.10030325641984533,,,,,0.04085837514167291,,-0.06175677769524435,,
2019-11-29,,,,,,,,,,,,,,-0.028534071663285795,,,,,,,,,-0.20087249818330344,,,,,,0.023725800008229117,,,,,-1.7547127584838977,,-2.6592475510961244,,
2019-12-06,,,,,,,,,,,,,,0.017311210632190564,,,,,,,,,4.425820925602119,,,,,,0.545353395931446,,,,,0.29182271012148403,,-11.801234246726551,,
2019-12-13,,,,,,,,,,,,,,3.858423108648779,,,,,,,,,-0.19830982825991342,,,,,,5.7393857772974535,,,,,-0.0444270209550187,,2.341686470893424,-0.07692056364403632,
2019-12-20,,,,,,,,,,,,,,4.443467603909656,,,,,,,,,0.17337781117102896,,,,,,0.04971454168635621,,,,,0.02314352257327173,,2.5340017153382868,0.008677296805471343,
2019-12-27,,,,,,,,,,,,,,-0.020773689124100162,,,,,,,,,-0.1058493218323603,,,,,,-0.014228201924640556,,,,,-0.3337510121432239,,0.5830216609318797,-3.730593686117359,
2020-01-03,,,,,,,,,,,,,,-0.45642593885928207,,,,,,,,,-0.10158571857724003,,,,,,0.46335212052117924,,,,,-0.00872864872360582,,-1.1241382301626108,-0.006302396329209791,
2020-01-10,,,,,,,,,,,,,,-0.05262190870623508,,,,,,,,,-1.2505362689295345,,,,,,-0.14661624705102422,,,,,1.4286862440026165,,-1.4327635595708188,0.003570589961357592,
2020-01-17,,,,,,,,,,,,,,-5.3689663328969255,,,,,,,,,0.15363404809287035,,,,,,-0.0983210074728757,,,,,0.2888950691194636,,-0.5160746539050385,0.03939570467045027,
2020-01-23,,,,,,,,,,,,,,0.04779957424344075,,,,,,,,,-0.7656786553907364,,,,,,-0.46219467535280556,,,,,7.897034676768863,,5.535661796679815,0.009538537426511465,
2020-02-07,,,,,,,,,,,,,,2.9718259840954997,,,,,,,,,-0.32616472153570725,,,,,,0.020422306838707376,,,,,0.02811615103646447,,1.5400407468269528,0.010501791454593604,
2020-02-14,,,,,,,,,,,,,,-3.3444686480152677,,,,,,,,,-0.12403398627932374,,,,,,0.2166856477866722,,,,,0.059375025708490375,,0.009070263011919405,-0.00461146775093204,
2020-02-21,,,,,,,,,,,,,,0.013914804767143813,,,,,,,,,-0.10880780200669954,,,,,,1.002964007790112,,,,,-0.003277292891418748,,-3.4899246251826717,0.2206394360893042,
2020-02-28,,,,,,,,,,,,,,0.22659224887795315,,,,,,,,,1.9376767621729267,,,,,,-1.9157528594120061,,,,,0.7110495875074192,,-1.1016583397022803,-0.31877079724902657,
2020-03-06,,,,,,,,,,,,,,-1.0695834504588542,,,,,,,,,-10.446779970467993,,,,,,0.06323793253506894,,,,,1.3278694699441544,,-0.28055941962477393,-0.05751066079081645,
2020-03-13,,,,,,,,,,,,,,0.7747570810686075,,,,,,,,,-6.440997527850187,,,,,,-0.018141762115754828,,,,,-3.465261948078936,,2.6463723030653736,-3.2110405610316026,
2020-03-20,,,,,,,,,,,,,,-6.92820662895756,,,,,,,,,3.0443291877816256,,,,,,1.623962818586041,,,,,-0.00048013628667186413,,-0.020127110381236317,0.001214691838419338,
2020-03-27,,,,,,,,,,,,,,2.0479502621525367,,,,,,,,,-0.06492687343335594,,,,,,0.018312949429728734,,,,,-2.138615043284885,,-0.07545949191369478,0.005398526907846255,
2020-04-03,,,,,,,,,,,,,,-0.014440686945095944,,,,,,,,,0.5760850562604425,,,,,,0.7056501427358335,,,,,0.18825247851265098,,1.453821893730606,-0.4735173794243206,
2020-04-10,,,,,,,,,,,,,,-6.078478805843464,,,,,,,,,-0.10460568333040554,,,,,,-0.04500522553753458,,,,,-0.025032485379393062,,-0.24312372267000493,,
2020-04-17,,,,,,,,,,,,,,-0.19944594310015423,,,,,,,,,-0.9265461132163448,,,,,,-0.017273032637989818,,,,,0.06862321433130329,,-0.008628171300460978,,
2020-04-24,,,,,,,,,,,,,,-0.1318897963983628,,,,,,,,,-0.21260666280877782,,,,,,-1.3236112155646342,,,,,-0.040975827926042596,,-2.3317007961056286,,
2020-04-30,-0.049126004267648175,,,,,,,,,,,,,-0.2144818205330285,,,,,,,,,0.6296965961342527,,,,,,0.06245124030847652,,,-0.0005305982625465502,,0.6967777878362182,,-1.557020047319543,,
2020-05-08,0.24313526070704056,,,,,,,,,,,,,-0.039212077770382506,,,,,2.2064224370877534,,,,-5.857308502258184,,,,,,6.044658043456449,,,-3.875308613120722,,0.23921056247136482,,-11.47380347117096,,
2020-05-15,0.6305840459115286,,,,,,,,,,,,,-4.155442890426583,,,,,2.1219342909994268,,,,14.082419218880567,,,,,,5.584914405427712,,,0.032374064747619676,-0.11223400125714231,-1.1465400423360963,,-1.0730539359124922,,
2020-05-22,-0.009658614804220457,,,,,,,,,,,,,2.374801404065973,,,,,1.1273340951983055,,,,-5.335690791842906,,,,,,0.039603808595097295,,,0.056629239292843296,4.3290092560867945,1.479914493075739,,0.08307550006495029,,0.004664580732823921
2020-05-29,0.9208901855375347,,,,,,,,,,,,,0.6448353096287087,,,,,-0.020308752679628984,,,,2.6051087248498774,,,,,,-0.26735286669482905,,,1.8046699578651084,-2.533205456291072,-2.2807353654573337,,0.020002267672462923,,-0.01588667072835417
2020-06-05,-1.2662865965471601,,,,,,,,,,,,,-0.09217223608722296,,,,,-0.6843024555735653,,,,-0.08254394280906133,,,,,,3.524146367218541,,,0.048070044472743226,0.2922752414561678,-1.8450674069822743,,-0.03286524703250985,,-1.5210584392105564
2020-06-12,-0.6816924480891635,,,,,,,,,,,,,1.8105418561841218,,,,,0.0022302529182982762,,,,-1.9604771774663388,,,,,,-0.025251667080429356,,,0.015133772992737198,0.002428385426652747,0.14435383879479674,,2.3197456358641637,,-0.033022974952096426
2020-06-19,0.04648094271698277,,,,,,,,,,,,,0.10615200311853844,,,,,-1.473537808271972,,,,1.0402714973072378,,,,,,-2.8543031998643564,,,-0.015871379665873556,-0.028959285978431323,-1.8719571765965526,,-0.014695510733403437,,5.435519857792165
2020-06-24,0.14821555549012555,,,,,,,,,,,,,0.3028354859317115,,,,,0.3677133142693183,,,,-0.43978246527983633,,,,,,-0.04947713241801631,,,-0.0006374733205697205,-0.007821769670711637,-0.39369818156757375,,0.9319032206867467,,0.025165079773747934
2020-07-03,0.5361468074343447,,,,,,,,,,,,,2.2581704839619574,,,,,-0.05010567761330134,,,,-0.11067486730378617,,,,,,-2.3321439081548796,,,-0.026705162391454613,-3.577109003325125,-0.5406411754739581,,0.8281858946564638,,0.17718872523566476
2020-07-10,-2.5916611692510476,,,,,,,,,,,,,-0.0682088778043865,,,,,1.1199546913295566,,,,2.1443056595287944,,,,,,-0.02458921398701519,,,-0.04143605221961999,-0.005851318056792433,-13.262750194957416,,-0.02947722962149496,,-7.053689942478372
2020-07-17,0.6199556293240598,,,,,,,,,,,,,-0.33588369993223827,,,,,0.20043483643417637,,,,-8.798474356770964,,,,,,0.46654577695357763,,,-0.463893805072165,-5.081256625789386,0.13914314068448944,,1.5032842245685956,,-0.022045166334307774
2020-07-24,-0.8797430409166955,,,,,,,,,,,,,2.2483860188296054,,,,,-17.36199238464498,,,,0.09426715230952798,,,,,,2.3028362967252716,,,0.3388834030866458,0.0016959721907435564,-3.99782354967122,,0.010166856287995758,,-0.35579893950495367
2020-07-31,0.05856941510388477,,,,,,,,,,,,,0.12426892732737649,,,,,0.04872572348293801,,,,3.2414971404656012,,,,,,-0.12185133671816029,,,0.0921748656329438,0.17600565061526469,0.1289957405327991,,-2.4088175339410474,,-0.0027616702908949014
2020-08-07,5.3631462204850555,,,,,,,,,,,,,-0.12245497395372856,,,,,3.2532305761821227,,,,0.008138543448506348,,,,,,-0.35950114732663296,,,0.707507967465626,-0.04283536774011415,0.7710523654576926,,-0.655935788547076,,-0.010286150256067318
2020-08-14,1.6698799080432034,,,,,,,,,,,,,-0.008898685991065323,,,,,-3.4947621632166666,,,,0.028488483103544876,,,,,,-3.6089015693989177,,,0.9431426057231878,0.0159143973561485,-0.09352600425013138,,-0.01725730900940428,,-0.053519218563975145
2020-08-21,6.053533516339388,,,,,,,,,,,,,0.2112163346017974,,,,,0.9533117673066297,,,,-0.06439710018384426,,,,,,-0.0665352650396333,,,-0.01953034245235183,-0.9170073503205953,0.027782483423019005,,-0.06718058618869002,,-2.9350887666984473
2020-08-28,0.08474065811980783,,,,,,,,,,,,,-0.046395127306377355,,,,,-3.041113683370421,,,,0.12110607191754028,,,,,,,,,0.05989624327383698,,,,-0.032694574769298324,,0.12017905731699205
2020-09-04,-0.3915429505499398,,,,,,,,,,,,,-0.020360287398492206,,,,,0.03337610273809212,,,,2.375742430275503,,,,,,,,,7.447901026586507,,,,0.34753186217516074,,
2020-09-11,0.01076032165608935,,,,,,,,,,,,,-0.4815609839033947,,,,,-0.47551129911935447,,,,0.06714916949992228,,,,,,,,,-13.867647710411168,,,,-1.6481013485043572,,
2020-09-18,-0.053775148768786835,,,,,,,,,,,,,3.6116246026784915,,,,,1.2009976492684464,,,,-4.390707469464797,,,,,,,,,-0.0550057598655407,,,,3.835775513705544,,
2020-09-25,-0.03496504517175994,,,,,,,,,,,,,7.639821130262892,,,,,-0.5419519326105559,,,,-5.443348577055642,,,,,,,,,-2.150343662911189,,,,1.1530337638798858,,
2020-09-30,-0.10864692757545183,-3.6384723351558406,,,-0.014467308719488016,,,,,,-2.7921942701700164,,,-0.07751250425366521,,,,,-0.7501511939489448,,,,-0.4325633381624088,,,,0.6863863052979611,,,,,-0.09227117734387706,,,-0.19288648600256042,0.7193773158226211,-0.16071323985750757,
2020-10-09,0.015174864370413415,1.1972882343754574,,,0.9772023301714805,,,,,,-0.07153166524715665,,,-0.09108754376349272,,,,,0.29913146918841416,,,,-8.984411432421226,,,,-0.05686526355605542,,,,,2.243595020866107,,,-1.5116637588478703,-0.34593896373688493,1.0987988920014837,
2020-10-16,-0.004416181264961302,0.04311118632928819,,,1.9032411496297947,,,,,,-3.9586993186350474,,,-0.024196675909736162,,,,,0.714628722883774,,,,1.0274779588287397,,,,0.34173125565284945,,,,,0.055550694827977365,,,0.5623385828932264,10.07791956152266,-0.2508179694850141,
2020-10-23,-0.42468343693257626,0.06870821949601742,,,0.0024031756972468545,,,,,,-0.860204511052351,,,-0.36227325539694777,,,,,-0.21472274699799096,,,,-3.7037557975175392,,,,-0.1008970866952475,,,,,-8.52675369111363,,,-0.05497923826209123,-0.2409155030581278,-0.13218903811935076,
2020-10-30,-0.6466712879345429,-3.0171632772395425,,,0.016000457809914822,,,,,,0.004407165296500148,,,0.6478771964357959,,,,,-2.1061248095270932,,,,7.5482089879035925,,,,-0.060908139741546685,,,,,-4.385935939287044,,,0.4976497615631415,1.6753820293492039,-1.1397253922884347,
2020-11-06,-0.09777252809594153,0.40815870875298454,,,0.024243402651372422,,,,,,-0.015485805902353895,,,-0.861350756042906,,,,,-0.007192764562465592,,,,-6.721681247066556,,,,-1.5361180217272403,,,,,-0.49498476738789327,,,0.016690476438971775,0.3238591906293262,-6.036304239451255,
2020-11-13,3.4090436810838263,2.5804388392622704,,,-0.6559568907777062,,,,,,-0.6442943267013814,,,2.810889087353661,,,,,-0.042544152775111296,,,,0.3919143239030275,,,,0.20829962752392586,,,,,0.29440129700978374,,,-0.01604808287420568,7.474033881406267,-3.6965208264183165,
2020-11-20,-0.9163931296505228,0.14329876590348645,,,-2.570767722905246,,,,,,0.6067198592662848,,,0.8636985709501649,,,,,-0.35513359690272656,,,,-0.1974877191892454,,,,-0.7363969539987703,,,,,-5.201137995109122,,,-0.049199522282334866,-0.13838518949121867,0.6191601316285713,
2020-11-27,0.02857285503862235,-0.2445442711212802,,,1.5568437515801277,,,,,,-0.44313578466870407,,,0.4308554843572915,,,,,-2.748624514486215,,,,-6.582556404551379,,,,-0.22979846287941008,,,,,-0.0533061734321586,,,0.02572917518893801,0.3945168051461452,-0.04663586188439989,
2020-12-04,-1.9407115214108788,0.004692087816497242,,,0.023579110610308936,,,,,,2.9274723633292945,,,0.04600051514032958,,,,,-0.11937201960730193,,,,-7.098790150593032,,,,-0.14890657735059365,,,,,-0.07973895263767537,,,0.017470562996238143,0.14399924820721655,-0.4334604852367241,
2020-12-11,-1.3629298706886839,0.022742349528462096,,,6.061688671170276,,,,,,-0.0018748636559620079,,,0.3545333808145964,,,,,0.7092666524511745,,,,-0.15735192064563025,,,,-0.4278790501691794,,,,,-0.12692320293243442,,,0.07684998775313623,-7.874391343341043,0.018930449398434634,
2020-12-18,-0.3782445851360141,0.7224764096541176,,,0.003346476828659958,,,,,,-0.9444750193563718,,,-0.0680987605768951,,,,,0.10564844428067105,,,,-3.029153610752493,,,,-9.262296054831124,,,,,3.73822357114612,,,-0.03636084791504171,-1.156210859071911,0.03712645102373826,
2020-12-25,0.06005276001826194,0.02986577222710135,,,0.032226355669973776,,,,,,3.0168628214325564,,,-0.06384710128467819,,,,,0.5507512611729781,,,,-0.04667713389740729,,,,1.2951001283048758,,,,,-3.782334453430797,,,0.609176754537104,-11.845759178154433,-0.08759693978640154,
2020-12-31,0.0418680078707245,1.484869025749669,,,0.7417257907527065,,,,,,-0.155598720146757,,,-2.8108225401931124,,,,,4.939333778772136,,,,-0.09101977117528853,,,,-8.05609244257686,,,,,-0.01755522784613361,,,-0.45303056260998453,0.10719297540086714,9.759697972015807,
2021-01-08,0.1406095640695071,0.030598708770083024,,,0.022330236066320897,,,,,,-0.017017750697268297,,,13.053307753865962,,,,,10.92774282591024,,,,-0.10591843294951023,,,,1.9606246802517808,,,,,-0.040649661433955535,,,1.326820375393008,-13.611519170404431,11.732009212825561,
2021-01-15,-4.027048129165361,-0.385174202585463,,,-0.6608585520596261,,,,,,-0.04269264679479377,,,-5.636544630685181,,,,,-2.0599421509052145,,,,0.03969107898894236,,,,-0.26724412382066803,,,,,-0.013973686049710131,,,-0.06750288772215694,-0.2703488186031473,-5.708940482659981,
2021-01-22,0.004689579430327102,-0.6128730857204454,,,-1.026424387509063,,,,,,-0.024530151262372287,,,-0.03618148726290174,,,,,-4.941073905214961,,,,-2.2899758195494364,,,,5.468788685768303,,,,,-0.019693439613276912,,,-0.007807551527058179,-0.9440416181225597,-0.24799385782429334,
2021-01-29,0.00527792686326892,0.06543817775881579,,,-5.90101870855194,,,,,,-1.9287327174960007,,,1.013245888963944,,,,,4.3189402601693905,,,,-0.8632818881534381,,,,-0.04220949107614663,,,,,-0.023199508867865187,,,-0.07930872948649419,3.4208116850430663,-0.46723184857911804,
2021-02-05,0.004747605295826681,-0.03873161051047071,,,-0.01169456179508844,,,,,,-0.07662947723202328,,,0.25341809084485994,,,,,-0.479217433216964,,,,0.10025862754109735,,,,-1.820725544165656,,,,,-0.3432804679216679,,,-0.04607313271643834,-1.8146408318789926,-0.16832833983499332,
2021-02-10,-0.049048385654593005,0.030532586455364993,,,-0.09345690000027242,,,,,,-0.10143694452894625,,,-0.049461689142586716,,,,,0.06805717992006019,,,,16.913563448814894,,,,1.6574245945513344,,,,,-0.02678324909465415,,,-0.006671427372462015,0.5880864509019049,-1.4110160529979974,
2021-02-19,0.04217972840134132,-0.20007571062802576,,,0.029271033249296505,,,,,,6.947199338357039,,,3.3031083781498944,,,,,-1.14851506618286,,,,0.09773398225424612,,,,-0.054704618006973585,,,,,0.0933823312782946,,,1.2498095883661835,0.5711356738072506,3.5420091685550563,
2021-02-26,-3.6200497362258557,-0.10507034726403058,,,-0.16984204743947381,,,,,,-0.012450363386193021,,,1.237887145494287,,,,,0.05578799649267263,,,,2.9366045304240425,,,,-2.6786361288204166,,,,,-2.246197761821664,,,-7.607016305541494,0.6688183932813324,-0.05315935406514799,
2021-03-05,-0.040388164563022896,0.8172746106712186,,,2.9907540902848284,,,,,,-0.05502417173138957,,,-0.01430411665873317,,,,,-10.959294885699698,,,,-0.30365974855185623,,,,-0.23623883360371298,,,,,4.184531051145832,,,0.36303469353637263,0.022758829027593935,-0.24814621338167164,
2021-03-12,-4.904156565632902,-0.027649466692118888,,,0.0024637367911475314,,,,,,-4.249448540256128,,,5.348361798301702,,,,,-0.0002243458739094829,,,,7.7780711402790885,,,,-0.13067399714783845,,,,,-0.006766666288426814,,,-0.002978626067301638,-0.018739503089103327,-0.20664322885623682,
2021-03-19,1.008823119672382,0.039624325990857745,,,4.909953409787666,,,,,,-0.05061607888079864,,,0.028988287923066205,,,,,-0.0789876683956578,,,,-0.06778580093668514,,,,-0.03938465422301083,,,,,5.2272794809812,,,-0.660448304985829,5.545569003690389,0.2814062695759393,
2021-03-26,3.7245170389069857,0.026169149182165237,,,-5.761195858324721,,,,,,-0.03036990431572549,,,4.759115844702466,,,,,0.04792693055002234,,,,-0.2571982520250398,,,,-0.18550407156736398,,,,,4.192518039007057,,,-1.9178055943986623,5.007631292266437,-0.03734913022569783,
2021-04-02,,,,,,,,,,,,,,-7.746636196849415,,,,,-0.028875700886955482,,,,2.35178781072071,,,,,,,,,,,,-0.10263788887767869,-0.031378855711883764,-0.05808351352689452,
2021-04-09,,,,,,,,,,,,,,0.16011883289112486,,,,,0.18632287062761343,,,,-0.7912420112235816,,,,,,,,,,,,0.012315909572750866,-0.07062047922392678,-0.3851675400898742,
2021-04-16,,,,,,,,,,,,,,-0.05958795678358681,,,,,-1.2265050734149137,,,,-1.699708443109061,,,,,,,,,,,,4.4684094718178695,0.8591065703268956,-0.1233130820096513,
2021-04-23,,,,,,,,,,,,,,-1.6670589923221772,,,,,-1.7228887704950075,,0.060209790807182965,,0.03737934769444706,,,,,,,,,,,,0.0400985413097277,0.18695761653217788,-0.059224167701883004,
2021-04-30,,,,,,,0.07993338763190777,,-1.4010957881111936,-6.769813110334617,,,,-1.9786870501734115,,,,,1.1835632365965396,,14.739015422931816,,9.523892465955829,,,,,,,,,,,,-0.7403614809212784,0.24524996595990023,-0.06836786970184343,
2021-05-07,-0.3332968692820697,,,,,,-0.25404600647818665,,-6.885213587642395,-0.08175950843434551,,,,0.9040979315021108,,,,0.044792183529599,0.1218360933291566,-0.8370712196279733,0.09681724743640086,,0.2108875099751371,,,,,,,,,,,15.602339083171946,-0.020411264995581706,1.3227894623988592,0.034346787734648276,
2021-05-14,0.25549067185144714,,,,,,-0.5185882628090407,,10.223588330624576,0.21315821418580772,,,,0.226326052186123,,,,0.605145981296951,0.22258532763889854,-3.0252933962220054,0.9028432771290884,,-0.1070730033053883,,,,,,,,,,,0.007368356186375344,-0.0028755912281564072,-8.89756090109029,-3.3248776791543264,
2021-05-21,-3.069768596027974,,,,,,-0.08103220297361399,,-0.06920426716917447,-0.05477676693108889,,,,-5.197651057621034,,,,-4.222938528459446,-2.4166195045315932,-0.1444589239800314,-0.0881161277567977,,-0.11842805948171824,,,,,,,,,,,-0.1122205300993759,0.05912823156419321,0.9789851926092838,0.05429941222780785,
2021-05-28,-0.033264439144247926,,,,,,-1.2469126704306497,,-0.005771040837416358,10.944694886738542,,,,-4.859877555149175,,,,-0.034906747597207036,-1.4807690247559655,-1.6628810129929747,0.5737208444401293,,-9.111406291739824,,,,,,,,,,,-4.005078950448771,-0.2457461527041212,1.5230576083346217,-5.853394875994153,
2021-06-04,-0.26031736706852465,,,,,,1.5642634327652754,,-0.009064728634156097,-0.0747333842134111,,,,2.9209795230347777,,,,-0.09688520872840711,-3.8604494552449786,-1.0135387746317932,0.03127286929409157,,-0.08723136528691033,,,,,,,,,,,-9.217097289824785,0.04342233209664915,-0.2465348679894019,-3.842744039489132,-0.4289880554725515
2021-06-11,-0.12255050755454354,,,,,,0.05181919405977036,,-0.19294301487179388,-0.14282921212755978,,,,2.221897553010367,,,,5.209116205700955,8.510988187302019,0.017768449836816087,-0.8012328527939037,,5.2163629456086,0.0021620931066774138,,,,,,,,,,0.04567569404654388,0.9243246468809871,1.2636953349459032,-0.20099919585119613,-0.01072499479418343
2021-06-18,0.7141729328042268,,,,,,0.07553251431923443,,-0.5894141230545611,-0.002045340354852848,,,,-0.03817270415108274,,,,6.271722220050082,-0.4411648539567045,0.06505938287300486,-0.06661613435521732,,4.547321051761699,-0.047887150958144775,,,,,,,,,,0.03226410285477782,0.03317421728206958,0.20747331119885098,-4.7072491400892575,0.005169657059590641
2021-06-25,-0.32820391447986685,,,,,,-0.025825180242967656,,0.0017159357182948698,-0.020534034275855616,,,,-0.05916484728169286,,,,0.033680930504538825,-0.5069040196210223,-0.05581592807848657,-1.924306429757616,,0.09765263213405886,0.019443217555961942,,,,,,,,-0.05561969906167519,,-0.01272499736790983,-0.6364996493240787,0.01559401586866184,-0.019865406044052663,-1.6853827478640073
2021-07-02,-0.09685483368692681,,,,,,0.08163689461585155,,0.43548578201817945,0.07847958005918376,,,,-0.5897557769543179,,,,0.026797221645364598,-4.937067782214353,-0.3815239988018031,3.3289600367058925,,0.06472307397076407,0.011324376168245165,,,,,,,,-1.3213161622663767,,7.439017848718534,0.10802390302230591,1.0399118201321478,3.3629289095048827,0.06756839472577332
2021-07-09,-0.029611222314677187,,,,,,-0.020401800664015472,,-0.24422317176889768,0.7493648727756432,,,,0.043764929994692406,,,,-1.1480080691767331,-0.0882031224402082,0.09752047097640312,-0.2980038398842637,,-0.012415984039156506,-0.30723167909134047,,,,,,,,-0.049760201998887255,,0.03254260391377063,-0.44153159356480837,-0.35385945096925386,0.6301404819024781,-0.05988174502884147
2021-07-16,1.1454123642680867,,,2.080414850192943,,,2.236683909814549,,0.01975251397721601,-6.507587464272316,,,,-9.862768465795748,,,,0.02214265581320059,13.370580537858286,-0.2657793263504842,-6.069359224984625,,7.347521781629853,4.708666511671728,,,,,,,,0.47813350960195583,,-0.0443081292754127,0.011788203502769944,-1.242337138194477,0.016276428159720746,0.14346400812239457
2021-07-23,-0.014946378453718125,,,-2.551051457493163,,,2.696707280740192,,-5.504342071536193,0.05598968940735251,,,,0.07825807497155741,,-0.381832337915346,,-0.0069700063953141425,-3.228886545402354,0.0008036538674974902,-0.2710728215323972,,-3.1354988259121086,0.06063151788145091,,,,,,,,-0.13644221333428547,,-0.22588448754081214,0.2973057389477822,-4.099339625335591,0.7913024085868052,-0.3413431289804761
2021-07-30,0.6376745713700257,,,-0.01876583976549149,,,-1.1741514497144185,,-0.5909650651929017,-4.738916729064016,,,,-0.009842036480518946,,0.16366887177030784,,3.894346481296873,-1.0119452459273903,0.08613237383071626,-0.19040277731321564,,-0.3255880217527233,0.7662828831323162,,,,,,,,-0.03913362671810107,,4.268056526999427,0.06299240363567765,0.14183028011012322,-0.9161890155244065,11.526543428864057
2021-08-06,-3.090107131472893,,,0.06741284897712116,,,0.11255235773980402,,-4.172744389441806,-0.10880390870661105,,,,-0.23400580147482655,4.846004640820857,-3.388865214634445,,-0.011957795498859572,-0.14265822860899346,-0.491758807077761,-0.8450520668239005,,2.236157391693114,-0.18354079289222888,,,,,,,,6.777161618849237,,0.07661303728902645,0.07922081947661863,1.7934954927963038,-4.453556538919416,-0.012532956813886852
2021-08-13,0.017817138189425354,,,0.04921689001472413,,,-0.14823003810575108,,4.949653288240082,0.25114606767533204,,,,-0.02356965298365369,0.3593292426768429,3.2806165656873425,,-1.808064482060431,-19.883152919883194,-1.5379886977110722,-0.03450452318822974,,-0.41191474294021346,0.8413248858322967,,,0.0573600703252632,,,,,-0.07825647594108841,,0.020803857934018857,-0.17105256832769264,-0.7196766705187063,-0.04597005660410654,-0.0014868017157869914
2021-08-20,-0.04387247149191456,,,-0.20825558134350017,,,-0.027573927313548793,,16.866284148812838,-0.004384164730129074,,,,-0.0006697922982509979,0.06648302728673287,0.0001826335287850086,,-0.10888659447425544,-0.044874343622610835,-0.0011637348772113344,-0.12047867705743043,,1.7079007659916732,-0.018820685949095736,,,-0.024633287284887565,,,,,-0.038924343356223676,,-0.1965444484065769,0.30448978789216596,2.955157982999073,-0.16404010177019543,-0.31838902238222366
2021-08-27,0.03448668580520775,,,0.054356115695042506,,,-0.2848444598225983,,-6.050605680124039,-0.14321511501098022,,,,0.031869876374861356,0.13038404315458293,0.03540501476844937,,-1.3630119520132589,-0.44687900255637236,-0.18127910910541345,-0.030132797311463663,,-0.4007446698226106,0.02770400798815944,,,0.1672718800188869,,,,,-0.018614221260480554,,0.011231037825607311,-0.00659507538422921,4.430447933893806,-0.014161225288741674,-0.012414087629977337
2021-09-03,-1.0660034525832358,,,-0.01547346328621498,,,,,0.05822535018271455,-0.5680426431009215,,,,,0.08951185685917445,-0.2133084091577579,,-11.862030255022464,-0.2392003712137492,0.036737182386417155,,,-11.953156791287093,,,,-0.05243345759576172,,,,,0.5758768878497991,,7.201660052494741,,0.021514176096156537,-1.1900174004420374,-0.012750609577311523
2021-09-10,7.336288162686361,,,0.009359614296819424,,,,,-2.321568271093219,0.033966874115208164,,,,,1.0332565993545575,-0.03197393028981814,,0.07631253300134783,-0.019040522434422055,-0.10063977818581778,,,1.9457313169598909,,,,-0.008664128488723548,,,,,1.822082501142802,,0.0693022688911221,,-1.1406735286626972,3.778481104621841,-0.010989687549006321
2021-09-17,-0.42900497725437226,,,-1.3361009669135684,,,,,6.476949085806921,-0.10883549113720037,,,,,-0.01024746616283347,2.076154879323369,,0.6544624140990932,0.135911856036794,5.292080151018569,,,-0.2776490206323051,,,,0.12251488461409901,,,,0.7844033313287155,4.621221189988875,,3.0888440643500936,,-0.44968160182781075,-1.2633160574957985,-2.820191360188198
2021-09-24,-0.8542454131396318,,,-0.00846166939864517,,,,,-0.8720397235967765,-0.058824539203710925,,,,,0.6915531760095931,-0.04611760286045655,,0.06839122080811465,-0.05413433436029166,-3.228916033794797,,,0.771053014039635,,,,-5.537584589091875,,,,-1.002507519845153,-0.0591960714078362,,0.06820935868623043,,10.155990607131526,-2.8628818136855743,0.009225612072863798
2021-09-30,-1.007310811777489,,,-0.01578124240658991,,,,,-0.3462961974097586,-8.744325852720724,0.02777970521812142,,,,5.824419741549576,1.7673260337535375,,-0.4912487695097102,-0.04074002540612216,-0.3970793268987727,,,0.06870051775983987,,,,0.14074693194569932,,,,-0.12689049572428163,-1.1868183709863143,,0.009509115238645402,,3.117183402392935,-0.08793787377641465,-2.0063662719385715
2021-10-08,1.4934544656491622,,,-0.9439969607699413,,,,,0.16859978318884797,12.41295378224133,-0.1328474236739754,,,-1.4215433439594882,-5.632502724420031,2.441071078213369,,0.7611587949686491,7.19228469224737,-0.502551363500511,,,1.6726045858112586,,,,0.8250889002668217,,,,0.5536746453556671,1.7107869514852072,,-0.02751003493276716,,-0.5253552516151695,1.9247250960828084,-7.572323798837076
2021-10-15,6.207749419712174,,,0.06328049927586658,,,,,-0.7295685649378133,0.06095458626644441,0.0061117694208307274,,,1.5854732695757623,0.07074075908020062,-0.20818023052801435,,-0.07104793137796048,0.0017910127761925354,-0.6068006433208702,,,8.343613874607978,,,,0.02165389582754663,,,,0.08172414978102786,-6.883083431040785e-05,,0.00539733773958286,,-2.543838574897248,3.5823524748135624,-0.3062197198543346
2021-10-22,-0.06210799295301216,,,0.04246539583812209,,,,,0.0342830591832584,1.0629507687857416,-0.009750415497635959,,,1.0310386810139156,1.327600382131044,0.12477504209111229,,0.01781881613308035,-0.009327440020461202,1.1952625757565138,,,7.508379025330014,,,,2.324889956230592,,,,-0.0072620056022769525,1.7896849304253923,,-6.790226817389357,,-6.497889267554735,-0.1260269585897106,-0.032979328818926346
2021-10-29,0.0019926268789706545,,,-0.3517827960311636,,,,,7.8661439792856465,-0.008264241490074339,-0.4324754764695593,,,-0.14284913226730284,-0.451625991961648,0.06804670637762059,,0.7667402062661077,-0.7713204619944354,-0.02135662205249774,,,-0.23993413353635015,,,,-0.7187336875343866,,,,-0.9572299226987784,-0.8908397359298215,,-0.1549227847422146,,0.022471000067833435,0.0024534628051309237,0.3729992710368504
2021-11-05,-0.006644215162412811,,,0.039601407869756036,,,,,4.402240186393787,-0.023980022252346612,0.020985777078624337,,,1.1477734985049879,1.592476549662814,0.1995098024491243,,-7.9282874782941875,-0.7979275463671109,-2.495637031625774,,,2.220151827367313,,,,-0.39964597424918924,,,,-0.9980382908975145,5.562379691258625,,0.016064848151250404,,2.1740842769627506,0.7623693747064023,-1.0762122166077221
2021-11-12,0.36343007039277947,,,0.21937353688257638,,,,,7.745105868938553,-0.11019559177139192,0.16375869591978437,,,0.017651325524190346,-0.05098276327581941,0.38647143095210007,,-0.04482349445691239,1.5932938355097392,-0.009370295609693241,,,-2.5584325161706616,,,,0.058826452575363994,,,,-0.04175679173254935,-0.6003204616439972,,3.7796550838981857,,-1.793038972171313,-0.0734488346848329,1.9491291088074711
2021-11-19,-0.11531263081373622,,,-0.13433666230926877,,,,,5.773275701567851,0.07891228514466082,-0.07366539650965598,,,1.705343760490812,0.08884125210071578,0.4585453787993681,,-0.022601215849581857,0.031414377855915734,-0.4532898686304273,,,20.101293674737867,,,,-1.1560030759934432,,,,-4.446671433978678,0.5409358154524179,,0.35300133521035043,,-0.2668904531724561,-7.397521146174031,11.720647160938436
2021-11-26,1.5266672663305096,,,-0.0375231911454781,,,,,0.07132597253124251,0.10756331939213379,0.09617525221769718,,,-0.03481786620146609,-0.052114402485370775,0.0014629831086966551,,0.08484846779387498,0.04188123210011754,-3.9149277198578183,,,0.09345691063367534,,,,-0.052372215411002995,,,,-0.0879078065354277,-5.576066954634832,,-2.1452381175882334,,0.6410441205939741,-0.7266257446655691,1.0734744485837222
2021-12-03,0.3045323373600261,,,-0.023602813870782956,,,,,-1.7350220020488496,0.3169423491387902,-0.13052714850998015,,,-0.009582737525736688,-3.7988175326731053,0.04728038323368643,,-0.7693151850028876,-0.2022486925734699,-0.5617197746368798,,,2.579437902454307,,,,-3.049117909442009,,,,-0.3816676656605294,-0.9733546601211972,,-0.10987629123842958,,-2.5609297328625864,4.823271207131871,0.682585555046897
2021-12-10,-0.1394487840960802,,,1.4137152593340128,-0.0013576498356255807,,,,-0.19031358138989196,0.48303860103027996,-1.5553124821501259,,,0.002217313700350384,0.5822029042708181,0.7319315434190268,,-0.09755172050582085,0.007944017404890279,-4.468799649968234,,,-1.206639997944239,-0.38453055965173344,,,-0.6565751119892445,,,,6.62758997010317,-0.739015663868644,,-0.062174146426172826,,4.079062312502187,-0.9468094666393891,-0.029150701016473032
2021-12-17,-5.5248694871364235,,,0.03710866380179921,0.010914730338629764,,,,12.247591670941038,-0.010905575442830426,0.010537054586747746,,,0.12948356273798373,-0.04444467918039087,-0.4311773019423267,,0.04199700048500139,-0.17111690858524142,-5.234639970777313,,,3.587867887546444,4.786816340509866,,,0.3501787485025447,,,,-1.530344575212304,0.07315977698663723,,0.09504112144094734,,7.463609583257814,-9.231420624367063,0.31074535672199105
2021-12-24,4.117308550201686,,,0.16819251521527218,-0.021650945891877195,,,,-14.032974559659575,0.36579857691513723,0.03480609312305792,,,-0.029398176558709542,-1.1011398144879212,0.010856916446245814,,0.9714258858187909,-0.21345638473374334,3.932555824813954,,,3.126144870107822,-0.34564746300404653,,,-0.13067036230842877,,,,-2.7454875481285628,-0.19673387838678613,,-0.5380863420333392,,-0.5751575696615364,-1.4241481264086557,-0.7475854098396942
2021-12-31,0.8070015860177937,,,0.00693531402294326,-4.2492707720083045,,,,-27.641801854720832,0.3859226529167586,0.0511804244060253,,,2.26398541230796,0.2051390790595491,0.04909456285616472,,0.4626690450748668,-1.972831510093215,1.0502165966354045,,,-9.765921419540936,-11.631356108391754,,,-0.04445847539545161,,-0.062033250210194804,,-1.4497965673393622,0.18830485123328278,,4.094868457448609,,0.15333134256176906,-0.08867841876368698,2.2463026539844284
2022-01-07,0.13241163953014,,,0.1074790926044259,-0.4664533094285981,,,,-3.3964829592401022,8.317019890798482,0.02132549876588043,,,-2.246116803795526,0.021582599335030633,-0.004138733460211028,,-0.03458496230948444,0.5264995376937107,-0.849854398558693,,,-0.9213107681632721,1.703378520111966,,,-0.017578651858179067,,0.7610908603154309,,-0.26988257270326854,2.123012384567681,,0.010037593824065199,,-2.462093394369987,-1.568099791143291,-1.450063993180498
2022-01-14,0.2465626565895691,,,0.011516410609461014,3.878533055604093e-05,,,,-0.6472953683401718,0.12990642969128083,-0.019268293803568936,,,0.012576214228862737,0.012256381322342741,-0.19618553621633053,,-0.15089067801208605,-0.19207247379788386,-0.030118044321993807,,,-6.465343728254938,-0.2834441793723613,,,0.36948491700361763,,-0.07134195569158854,,-0.02909970063397909,0.05133049201379711,,0.17416161672318925,,0.8438709896325458,-0.44066009378812837,-2.3754093716777778
2022-01-21,0.0009413776327423656,,,0.009863608166685642,0.15727901273544428,,,,0.9885859875937415,0.2032558145942986,0.03961637764349925,,,-0.15501864487815487,-0.057923701098042145,0.012689514658235907,,-6.788565327199126,0.27084098464120077,-0.26105824714636083,,,-2.130229478531327,-0.5112260359297546,,,-0.42688696339893756,,-0.05379474911633696,,0.038812089676023176,0.7275456426226681,,-0.4512299809209587,,1.2632736381341245,-4.0755633990196225,-16.881529650387563
2022-01-28,0.0239677882831016,,,-0.04905536700515507,0.09677782166519835,,,,-0.6763548259281171,0.025597572784698423,1.1622534811933574,,,-1.9255509179826604,0.038104973039821494,0.3956429418849948,,4.545307244992473,-0.007950518581849877,4.0866488978976125,,,-1.3826109787713605,-0.06700835257660287,,,1.15077857303794,,-0.0077431612276978425,,0.5543454133809702,-0.07104820682834127,,0.3337378672435466,,1.541633350780495,1.3313303913875816,0.10378838680009497
2022-02-11,-14.157066174831314,,,0.08481912184331232,-0.007597258458531239,,,,9.332213976817666,-0.032659399679117386,-0.04485178938952732,,,-0.43911586614759707,0.6399335979456753,-0.022418418310271235,,0.9747206949459519,0.21438914045089769,-7.306678860174921,,0.0984887764765382,0.91799726118407,-2.015211223904879,,,-0.06262543306498802,,0.033197166879488496,,-2.0671858640034917,-1.339795709416666,,-0.49365394442163096,,-0.9101532942548638,1.779557512408685,-1.970735716425334
2022-02-18,-8.085418168538782,,,0.0198959147599469,-0.33196592069756425,,,,-0.8156483167931154,-3.3495481459403935,0.0606519315547593,,,2.5775481778238687,0.0152196825609094,-0.11027522724455956,,1.2743895100862788,0.11619444270200602,-4.034837396305683,,-0.06440009974814624,-0.6323684166943205,-0.2515751225864583,,,-1.7303708285543327,,-0.11704300680384985,,-0.05901133829394807,3.161968998950261,,0.03530496007018331,,-0.7453699699633398,-5.783804993232459,-1.2478087513449174
2022-02-25,-0.2549935464846841,,,-0.010619426458232847,-0.05846933740121839,,,-0.008151143771369326,-0.6192610355807755,-0.0036463277732788377,-0.0539061654838531,,,-0.00021377195585030317,0.004318999481325404,0.08024840892255992,,0.3366115085385075,-1.7152295523414647,-0.29066652764344814,,-0.46380916595715893,-3.1363019030054495,-0.3323070506543344,,,0.07119077792293277,,-0.008794301564847637,,0.8359965312214739,-8.696875130887804,,0.05595363967152717,,0.38369335279594025,-0.027847338503503377,0.4548233258451656
2022-03-04,-1.284929413751093,,,0.03982169944926317,-0.0004993124715028226,,,3.681218546064128,-3.0460990963370946,0.2046506005057836,-1.0798971027375877,,,0.04327993719823414,-0.22678962538472175,0.5885926307034571,,5.360824199018789,0.22788843026923308,0.9110847664696765,,-0.14732421291297748,-11.136610963433613,-0.027799465863048097,,,-0.9826528931649263,,-1.416074263429846,,-0.013942313720831295,-0.0021060064903025977,,-0.04388042886330167,,-2.192474156561191,1.3819456644271588,-2.1795558895624865
2022-03-11,8.605736476014492,,,0.0008769760491762792,-0.26448946223869796,,,-0.6426783362769183,9.467359533660307,-4.074272492764937,-6.253353299767309,,,-0.17332630775803415,-0.6537872637445121,-0.016172366092365262,,-0.04768307741495085,0.20278759643790661,-0.5679464373975399,,-0.19204022187476327,-6.505423525126391,-5.506603611857419,,,1.1063536120366624,,-0.01006110255017278,,-0.010073113415517651,-0.07452249365906255,,-0.03979378535160859,,3.8088855363942535,0.01015105976502724,-0.5140604003249797
2022-03-18,-3.954771645267432,,,0.3587168459990821,-0.795294683074433,,,0.13271377682132307,2.252885152825394,-5.059603179879926,-0.05556747987437711,,,-0.03211846528912424,0.05226455195115236,0.0020274002525550415,,0.7284630903864254,0.12776894225668614,-2.0574150288215964,,-0.00859847996718422,-1.9648743598929819,0.046730162314724405,,,3.593050396336752,,-0.07418499183611589,,-0.4524599004116394,2.3658140948630955,,-4.7088876487042715,,4.241953411616545,-0.384566658105447,-9.298263283438711
2022-03-25,-0.3620142837308535,,,-0.020036238763294405,4.271244890525176,,,0.9027919594121583,0.01778530541324952,1.696927558497268,1.0539644012110632,,,-1.2672297514938538,1.5659603903535793,0.027243965446313464,,-7.7998129587271725,-0.41891577388332735,0.25469329557650183,,0.005285268832932958,-0.7695340977390415,0.06224864870081437,,,-0.5060669727510212,,-0.34181808592921625,,0.119873679968166,-11.909825232372865,,-0.06495961142724535,,0.28342782504437514,-0.12468106406820861,0.28102737431253444
2022-04-01,-1.356676569671295,,,-0.42543894523811915,,,,0.046854026881006615,0.1332594566149209,,,,,,,-2.342899454625994,,-3.645037417537637,-0.04037674836331184,-1.0422597832436378,,-1.4140537602544083,,,,,,,0.08858620035905486,,,,,0.04537922391813289,,-9.899444302753732,-1.4703453985212467,
2022-04-08,0.28207415064630864,,,-0.3331014739842493,,,,-0.010432614396832633,-0.6545444128974129,,,,,,,-0.47207725869945927,,0.25034742220624434,0.2284353793446838,3.9043302323995004,,-0.25694812902595315,,,,,,,0.6842531103023225,,,,,0.16780290803298178,,-5.234182017721999,0.508302654916757,
2022-04-15,-1.6345345131011526,,,2.244508926106256,,,,-0.9790624826010866,-0.22050622347858478,,,,,,,-0.9465345720173646,,-0.5418330117930568,0.10158705635241269,1.0576912549394446,,-0.503703654809777,,,,,,,-0.13267890673066338,,-0.04520546818958895,,,-4.936430957720728,,0.17389258421157824,-0.2236937124018627,
2022-04-22,0.10122312596251576,,,2.9067281023112286,,,,0.08114563004063553,0.10483262026499866,,,,,,,0.004167982652123221,,-0.2876358158671609,-8.347455012231402,-6.025484809517627,,0.09157004004935687,,,,,,,-0.11955838336715485,,4.094760305798648,,,-4.565146186159614,,0.11145825904054064,0.16598075961067704,
2022-04-29,-2.8480850812561522,,,0.06531647883057178,,,,0.061589626575156,0.4667597958502391,,,,,,,2.6799870170755367,,0.0400181520712235,-0.34390036069248003,3.6571166544007108,,0.35751844514680997,,,,,,,0.38317830834531225,,-1.59474964838609,,,0.10822615748126863,,-1.2364820655886686,-0.5407187011652531,
2022-05-06,7.435721479288543,,,0.018035154533854576,,-0.15875682598101692,,-0.9500931874275097,-0.0027543646683144732,,,,,-2.6402005505594777,-0.11884082715598465,3.975107306296139,,-0.4110359924080534,-2.9971109770099424,0.15893251779158935,,-0.17751350756395123,,,,,,,3.5692218806264413,,-7.476964083624079,0.6789280751915096,,-0.9881138273555276,-0.47495976861127354,7.779728287751862,3.191994715345031,0.0038171152914863067
2022-05-13,4.236728109706222,,,-0.4243101805055446,,4.375455198112004,,-0.08362495612905743,0.14019614069634245,,,,,0.23841033052803504,0.0035110512044889478,0.588514948387158,,6.452721771272278,-1.4536999308582332,-1.0725744738534433,,0.26634394918155746,,,,,,,-0.15470766061520988,,0.9956488255107421,-2.2212702194940115,,0.03511312729638893,-0.06556925000269728,-1.1186287731917943,-2.235190342792327,-0.005149694224545508
2022-05-20,1.0341298040446631,,,-4.853997980635256,,2.6451028556749763,,1.268250735548243,0.2700612751433042,,,,,0.5441855435700682,3.8815232940999804,5.169144100852356,,-0.13035032201551616,12.467259118443991,-11.256495605988588,,0.13897982650238133,,,,,,,0.000766796542963924,,-0.8562248766808944,0.7426599751794503,,0.6514293318362053,0.9295522269186757,0.6106625408330875,-1.5317318370864181,-0.20764467666172254
2022-05-27,0.24346398814202205,,,-2.932813735535991,,-2.7528158588857705,,-0.0008615948188911565,-0.016215567243231744,,,,,2.971044332843262,0.007062551929206767,-8.065790626026505,,8.275611411393433,0.7880685822455892,1.9552960598140938,,-1.2140247167962743,,,,,,,6.321931663258054,,-7.295972001477396,-10.526766116669949,,0.18686462715064375,-0.06273284183033925,9.05648995487761,-0.4523886885278378,3.9582227585309058
2022-06-02,-3.661043147371722,,,0.02039442278641409,,-0.6533445563980094,,-0.12440763569502392,0.09868919281976525,,,,,3.9477712667800513,0.01939631659380616,2.6409784345144662,,-11.209455974027318,-3.558605016464079,0.7381056742587522,,-0.14064149492755862,,,,,,,-2.1818398468956324,,-0.8326661684880251,-3.9467902145869225,,-2.732060791794499,-3.0390417463064603,-0.07263240551558378,0.9608341448033263,1.7645617304866175
2022-06-10,-5.855473114700264,,,0.10491570097782899,,0.5073468435887688,,-2.5882525042109537,-5.618857701882639,,,,,3.5075266727570167,1.7278081825367275,-4.354914914865135,,-0.9459394992160111,3.5232243508352505,-12.786069924937879,,0.13722283584895975,,,,,,,-0.6683130186994791,,-3.929498434834986,-2.2845741110224846,,-17.190511100567644,-0.014070320999433117,-2.1242528152395925,-3.7056154615374197,-0.1690493331268721
2022-06-17,0.5049360947189341,,,0.22076909285867413,,-0.4303087019921228,,14.005043333933695,-4.2514950341949405,,,,,0.8277748929281594,-0.2856471084878867,-0.03944593607288381,,0.037421703606198724,6.824738154065199,-0.6633537303981616,,-8.569635088660485,,,,,,0.2621591086120937,0.358786357823681,,-11.152938565236461,-4.107985165760163,,-0.06210606981111551,0.026934971438913196,4.6697055669189975,-0.09952728032972002,-7.142414100644103
2022-06-24,7.095735163240193,,,-2.197391808918128,,1.2558160341961933,,-0.17172647740051378,1.8394063567570198,,,,,1.0330608489905948,0.020458727522783077,6.714305908263752,,0.6555590511779904,-2.2440045475230663,1.7920198077180765,,8.145332271046632,,,,,,-0.1124996103169098,-3.220548500642777,,-0.23807676614129394,0.20279446412164326,,-0.010885069117169691,-0.03661770684583692,2.34758213042174,-2.5890574109545685,0.03621748986350975
2022-07-01,-0.13018806846551215,,,0.6022103965454756,,1.6022146635899843,,-0.4379135679284152,-1.370849700257474,,,,,1.006867364647457,0.07332268215265544,-0.09222003654414847,,3.5741880839970848,-4.375957437994659,-1.3901813341402063,,-0.23558718345914498,,,,,,-0.11738126085003057,3.1511177358874876,,-0.30069854683518815,-0.6743708674605369,,0.9254871559804586,0.011918083937553042,3.8873168359596875,8.933246671498052,-1.4898220013685424
2022-07-08,-0.41197751593310883,,,-0.023208989207724462,,2.9180842162093987,,-0.11688466258204921,-0.4386115953081748,,,,,-2.1690194429966376,0.09227351598436692,-0.03193561351401664,,0.4863010661367251,-6.152269859686414,24.131885495494167,,-4.3741202553645815,,,,,,-0.017372306278853212,0.005063352040431915,,-0.06756390363438958,-0.1577830289001576,,-0.058807390746053345,-0.04481357769040872,3.6963255330135527,4.240981673006821,2.2437949669537853
2022-07-15,-4.424887390307539,,,0.49484472260637796,,0.015594996928677666,,8.018888144282613,0.0404530410886417,,,,,2.7983648228730766,0.40753767847976163,2.972734137783593,,-8.361981926636382,-1.350789601929073,-0.012446906584335365,,-0.10914583407672523,,,,,,-1.851962662748286,-3.974145213461006,,-0.11164028726291747,-4.22713956951909,,-0.05973272868774576,-0.017854266771907688,-0.24712674402251503,-7.949863594366589,-3.406028151399953
2022-07-22,2.03459420717278,,,0.3044276892127821,,0.19361032979142606,,-0.27106058180537007,-1.154726547950767,,,,,-4.349035476902257,-0.08572669627338096,-3.0273855981564695,,0.05463126680866455,-1.15528553793682,15.070862559237714,,-5.693543228068794,,,,,,-0.09606292427080229,-0.19092923696719327,,-4.924161157424763,-0.20457279333801343,,0.3962488679264817,-1.0655800883448856,2.816040979372447,0.1784658037153346,-0.0961868388239515
2022-07-29,0.5552646695080682,,,-0.21506854043019089,,-0.15594762231377285,,-8.705368385190965,1.6738282632992092,,,,,6.544274621612398,2.6816012843286425,0.33180064276417914,,0.2414554913857943,1.4227251996039278,7.434403219015872,,1.3460669142554176,,,,,,-0.0212880324325599,1.616492135486345,,0.08617488155172964,-0.8644424058107429,,0.0637101934250467,0.014763766058050404,-0.6471553935859461,-0.9256442550928642,-0.05220577265553669
2022-08-05,4.594808368840665,,,-0.3848486937336143,,-0.6487443767668779,,-0.08544027944798466,-1.91932801534927,,,,,1.8377826735618912,1.7915292304635142,2.890922973592584,,-0.23898026268791406,-0.770397974484831,-1.565165273442532,,-9.80048210186976,,,,,,-0.06523514502250412,-0.06913564285895708,,-0.3469097616964874,-10.288053904505961,,0.08634820970035885,-0.0702704386918035,-0.3960623670650567,3.0195009854267423,5.503541905536974
2022-08-12,-1.0577296817054027,,,0.6098257163508234,,-0.027356474241981316,,-6.116079019666539,0.014282927843396243,,,,,-0.1607422786084578,0.06196458403570289,-0.7817846800062296,,0.48779609472543395,-1.8631205058604585,-3.9069200665799255,,-10.230984226918082,,,,,,-0.1719500514407431,-2.130843088816955,,1.1087029751762945,9.138848235291888,,0.04086314735415666,0.052678640374629326,2.463512829842338,-0.4295163517654122,-0.026978056202726863
2022-08-19,0.06702983684589708,,,1.3229019904822303,,-1.8458192175657724,,0.3289413270111281,-3.449213983336475,,,,,-0.0014045407635705047,0.8765170995254761,-2.5726171944238376,,0.09734478244164416,-1.0031820762615309,-5.626984728860742,,-0.8151233900007773,,,,,,-1.0016437762343426,0.49174738411675795,,-0.2710382593819547,-1.8999442957391814,,0.017535746578150057,-6.948752885426552,0.25310983236514595,-1.419878471380013,-0.00516900321672018
2022-08-26,-0.7924845302122416,,,-0.019818700514607206,,0.3783529499334619,,-0.10272600348396344,-0.17531112990165693,,,,,-0.09648560158345283,0.0019425948329738277,4.092351716443239,,2.226312517123271,15.583949098531862,-0.05826782629236198,,1.1191875721035998,,,,,,-0.04363599095623949,-0.27979171588287116,,-0.06336158199941683,-1.0753417831794672,,6.325107919594074,3.3715550457133463,2.523784342569089,-6.045846345360217,-0.19599496637119762
2022-09-02,0.8557796025378672,,,-0.07950964117781854,,-0.5361487369031461,,-0.25179238634624845,2.969231497724269,,,,,-1.616125504136689,-0.013418341602949906,-4.924189645362256,,0.026116960808037187,-0.48774329374147696,-5.534042059394294,,-2.0767128693597305,,,,,,-0.09014649880662547,,,,-0.32900013647620696,,0.014173731072578846,,-0.14227865435114945,15.05562237647785,0.11505236763249702
2022-09-09,-0.04873993201378005,,,-0.3826238662743813,,0.007117925060540909,,0.028131593829598078,-0.0626001010230982,,,,,1.7863006106704946,0.04818123858268127,2.0274419485690323,,0.5043800827204319,-0.34230406928327484,0.9291747679657867,,-0.17865047434510806,,,,,,0.06836158708042568,,,,2.6858347094239154,,-0.06808025853047377,,1.0014243186862717,9.459328850290767,6.56881454442043
2022-09-16,0.6492464562491903,,,0.022054647525733943,,0.36689843274852585,,-11.907102538310392,5.251883978945971,,,,,7.423430418950029,0.0055805287278494434,-0.6563263105791491,,-1.107236934973233,1.597699950459935,3.4814872698690538,,-0.4823595495800712,,,,,,-1.8031684683959017,,,,-0.26474270468175887,,0.11519087093299357,,3.8997838275301677,7.569970145259242,0.0013724286745967866
2022-09-23,-0.05231114580478297,,,3.5971387635049683,,0.15576907376539806,,-0.9347682968880126,-0.03444859543852024,,,,,4.460487609547075,-0.010232416391422014,1.7350483132073704,,-1.7733078415324919,-0.48396896032280556,-0.020273571368458497,,18.53399400051356,,,,,,-3.5998038761971904,,,,0.0067528264779413705,,11.248341412611046,,-0.34641245736862386,5.637439486357213,-0.0004603709015854555
2022-09-30,-0.17592040123480146,,,2.5918052797695985,,0.11888630571169402,,-0.2906687781918047,-0.23567569336317112,,,,,0.9111260010813754,-0.04176436692984732,13.154686771907633,,0.3022296876280995,-0.7249544868408411,1.0495689310413818,,0.020418470274969222,0.10409014257064848,,,,,0.3409876268083575,,,,6.779740724414127,,0.24606132790847493,,2.9192337347686843,-0.8261469702805909,0.15000612230780921
2022-10-14,1.412249482228409,,,3.5649442452864313,-0.48277206699553366,0.1015897481828785,,0.06059820246772931,0.14348724295363816,,,,,26.292324758483378,0.09482936313874232,3.3849460193880683,,1.2607763049182235,31.228684059968202,23.771631172898253,,-0.03605289310712094,-3.1839645725281827,,,,0.028836806425796634,0.3672484516875521,-0.07424775138082564,,0.23463283111261712,0.36154437778510845,,0.9974903019158639,,-0.0882095362044035,-0.4911238222226491,-9.345556932810243
2022-10-21,-0.40259306424632024,,,2.4283348336503288,0.8117782123871911,0.01965722497030095,,0.1597000886982603,-13.016709079946118,,,,,1.3233117886095143,-0.10374550686281905,18.543793041404225,,-4.954915353749305,5.596914638924839,0.031345887628817695,,-0.2824495226454875,-2.5475312403515478,,,,0.021477846884313558,1.0418245414692435,-0.02646002260071889,,-0.021166841936863162,2.222492427883233,,-0.0034479913511191902,,3.960578150175621,-1.110663565802316,-0.7323542001635995
2022-10-28,-1.3067616154905446,,,2.1615977598159506,-1.4578446421051212,0.0020725363285060555,,-0.00677536780002847,-0.07547436016411145,,,,,-2.232340207840841,0.06419040162858725,-4.481461967978552,,-1.2210442983429957,-0.09916721630514146,-0.718682086094508,,28.873598180038847,-0.0893083162843432,,,,0.028896578156699607,-8.425242099644622,2.1797606127105915,,-0.20318401614672663,-1.4008339529837317,,-0.017988647056179804,,-0.5087631480738513,-4.139674236997953,7.710847313511416
2022-11-04,0.26592220650454523,,,0.05107607460445315,0.5039952376796203,2.898174750039666,,-0.6345236968875688,-0.899601512954129,,,,,9.128767095442933,-0.05610693780502604,-7.322682850436589,,-2.438944945074211,-7.433768997920415,5.040120881567246,,-0.45520587421852954,-1.3407784491880486,,,,1.2472423311798253,-0.14843921758403472,-0.05477120194276788,,2.1168491097904845,-8.861523552533333,,-0.25583702341107206,,-3.305949453196071,4.087588255842068,-3.1338946200666244
2022-11-11,0.22041559869813532,,,2.117866912659639,0.022755536937279046,0.010851762826553106,,-2.7266438838241656,3.7533072633850875,,,,,0.3685483073480153,0.24427188316461174,-4.194812183091781,,3.890622955168263,-5.506072248099524,-0.8394291979272457,,-0.08378078833341446,-3.605882343646906,,,,-0.5606448416438251,-0.3310491226694218,-0.06436456033652681,,-0.389939945342785,-1.837626108410598,,0.03622661588573183,,-1.0722888075015813,0.3860214280272191,0.022116002036575585
2022-11-18,0.6531107251140725,,,-0.35442818069471177,2.9642913504636645,-4.656226230143304,,-0.8322541387809494,0.020708349883890198,,,,,10.76596680642286,0.04696684568492974,1.272271298873005,,-0.921739724585851,-0.46033813639147947,6.246894126568436,,0.597212582452517,-0.054031857838750204,,,,0.06942544447919807,-0.3305546410492115,0.2168507816340395,,-0.8012671744183951,0.04871635581701568,,1.1577163248782234,,-0.006097156968314754,-2.8736848519929508,0.957873680692962
2022-11-25,1.8080700699987304,,,0.19591353330009753,0.8544160139937522,0.012629457686831557,,0.12151083770172985,-4.423103320052555,,,,,4.629108585127963,1.3126913211663493,-5.167736686037282,,1.0010780934683254,-1.5224104215613121,3.5811214483280134,,-1.633040184646423,-0.4593921209360291,,,,-9.205612487646375,-1.6154766664702986,0.06811435449081268,,0.04200927016985154,-0.6133125467684843,,-0.0317121887387155,,-18.6592041323115,0.08984407902612812,13.331571111667689
2022-12-02,-0.3531483537165457,,,-0.8840179072414168,-0.1366009245488945,0.12570934786293686,,-6.0199993300489245,-0.04286551331614371,,,0.015871847884609276,,2.645469885913678,-2.743981248603865,8.461426527495098,,5.437559234195431,-1.453553812043003,-4.985137568345859,,0.012459359173307719,0.1888533380240157,-0.2526655474169714,,,-0.025852647327817897,-6.045919280059466,1.671813782595137,,-0.004043832542212409,4.767861457858517,,-0.06423525669384729,,-9.869616237827614,-0.08972815676345222,2.0459390818497942
2022-12-09,-0.8969920325103656,,,0.05161775948962112,-1.9423185394022306,-0.11111300531196652,,-0.15611077834979328,2.1620092275351324,,,-14.31144174063239,,-0.05685606113583179,-0.07176879921815413,-2.3314960501136492,,-1.618839064460685,-11.10824817747695,17.829471496572058,,-0.11762130917746741,-3.648868137109653,-0.6915545427084344,,,1.117083816907461,-5.536102191987847,-0.03993389326180971,,-1.5595711736151068,-0.050470070371289755,,-0.10561765853395509,,-5.359195900228332,-0.1784173056161906,-4.552530547650684
2022-12-16,-0.03453501859321302,,,0.17201466865368675,-0.003271277102424759,0.04108681659179876,,0.7742316819848304,1.6838292120368055,,,0.27608783005144527,,-1.4769965286617712,0.5240787586292972,5.621356280988755,,6.038732424372335,-0.33975262199220446,3.7185272928632083,,-0.0767739609366328,0.017522283324961734,-0.11691087798201547,,,0.020494292091783238,-3.8675202730275786,0.060567901249276135,,-0.007185777570177517,11.669598096655795,,0.3661813973810357,,3.8622499098853917,-4.705061008403276,0.8464214280682634
2022-12-23,0.0036961019494231584,,,0.07559918786530583,0.01539765218895256,-0.5420168512814934,,-2.0489605431671,-0.6279533591981945,,,9.791948630423446,,-9.847195964634247,1.7677802081271443,-10.691262255368981,,5.0958465352954425,-0.23817891718382683,1.791623401784089,,-18.849299565811073,-2.7718796531645857,-1.2703181103343886,,,0.7816579764803134,0.16577289160575862,-16.860856848598793,,-0.022305499693548444,0.4697929485167165,,-0.013499151849535238,,-12.173778128428589,-4.064138005889159,-0.2224288237630161
2022-12-31,2.162205102758504,,,-2.365400822515883,-0.0068639524390750085,0.518578274642274,,0.11128171126203204,4.317933605600842,,,0.20376982154788348,,-0.4568521088451793,-0.01693212194661109,0.21044776593209724,,3.378447641431023,-1.6257970362863443,-1.3913651531629123,,-1.2274333872755157,-2.389594466398006,-1.922923301969488,,,-0.32955372962127694,-2.414056131830676,0.1428975282810106,,-0.08551391640403533,1.582720619307154,,0.03288838519004505,,0.4627478551058839,0.9981525812497773,-0.1315312227703563
2023-01-06,0.8043730455958708,,,-2.06192176804503,0.029970674525471905,0.5616953594639509,,-0.6350706534325692,-0.279759890202669,,,0.08075311474372365,,0.025965980011630307,2.9670045215635446,-0.6465902462441837,,0.3420636147120651,-0.7537112185296804,-0.4845162281159858,,-0.11772605839210198,-0.20327076393409885,-1.3222420327970736,,,0.10101437014561027,0.3296089839673152,0.09746069422636307,,-0.04049311508908639,-6.6861231069322855,,0.12224849515988583,,2.7150792105396464,-0.9043051265219973,1.3624059986258883
2023-01-13,4.902255113267415,,,0.009228882980069263,0.05246129579608651,0.5844183056071262,,-0.6198753566327192,1.1688629697454578,,,-0.6970624070060161,,2.841265778615186,0.8134296649214822,-2.1775483969214116,,0.46275131153939764,1.181033218341834,3.1613986241013743,,1.4372377837049617,-4.612999040850244,-1.2679755272829047,,,0.01927165197835127,0.7278498417883246,-1.6411880205155827,,0.6064395539366834,-3.185991974544362,,3.4422605487920253,,3.8712927740073613,-0.5907872218344643,-1.983399733230893
2023-01-20,-0.11893466737590666,,,-1.2969934852702052,0.3658360758615484,0.360355871679819,,-4.89261959347942,-0.005855664717511946,,,2.650771388847178,,-2.0116392708317603,-0.11611261142263941,0.8105206159103178,,4.648297864884775,4.730754398262684,-7.208830403705877,,0.6032560481573284,5.26334539873447,-1.3581800942941993,,,-0.005316021345330409,-0.09020927723954474,-0.2394975282398273,,-0.08091134635268446,14.508925522533108,,0.03326732609046597,,0.9182703293404343,-1.1023860077561842,-0.07942437388930569
2023-02-03,-16.645757732976946,,,-0.9411965449142224,1.0625389841128545,-0.2837182575172219,,0.46762154813392487,-0.5207419550723302,,,-0.0948905392505685,,1.0959466956521555,0.2802903682356657,0.16315126670907676,,0.8172524390901457,1.8732511937890304,3.881128583842118,,0.05819656188379417,0.09207625998615793,-0.09828038630656666,,,0.08122362364701369,5.154578951602167,-0.1995858791299719,,-0.00680569747198841,-1.994945494611331,,-0.06176248899509273,,15.282645494707884,-0.9518421495059812,-1.6185894022782121
2023-02-10,1.278653156440186,,,-0.06237481280862662,-0.4031989128828634,-0.001361304438974329,,0.16184065864617558,0.3179395175411429,,,0.15521476938968085,,3.676381406881703,0.02007353945723836,2.0696418122969873,,2.7916621834934316,2.097083478392507,0.1827007543274307,,0.3044127651394819,-0.13952565320507498,-0.5038732041135788,,,0.007410679885209483,-5.060550475362306,-0.16033717588764654,,-0.04850277968425012,2.858995581232684,,-0.19464830400529798,,1.5426460416299719,0.01301331769971742,0.10215447642366086
2023-02-17,-5.713688255910003,,,0.01940202913498658,-0.0259971968015851,0.01082608926608402,,-0.8107951830189445,1.2941248709618303,,,0.24756781200683417,,-3.0137376667852864,-0.062607689273392,10.076961019587129,,1.9473616867746473,1.0285780727315212,-1.8389329898864122,,-1.4675500568717892,1.628174867616036,-0.22429912172565772,,,-0.2272317942267243,-0.46673827542102647,-0.4066209236808623,,-0.32151346906807426,-1.1492900233794727,,0.07547856822973656,,5.375794070665439,-1.9214967636033708,-1.6466124369631718
2023-02-24,-1.6549822443098916,,,0.03282229132639029,0.0021008039324504485,0.03412215342963498,,-0.17022585198651544,0.03828166358075559,,,0.7274787874152912,,-0.011380418598966102,3.1245599889554576,-0.30090509438443347,,-0.09888276009426104,0.034892366330495965,-2.5293398432449044,,-0.7177022417939238,-0.06834986220410919,-0.376344306221515,,,0.40096231192655096,-1.3507043189121424,-0.2637501752771453,,-0.027903084453950625,2.312025356661714,,-0.0063437159866836035,,-2.780788105229951,4.445675540593933,2.106388337490698
2023-03-03,-0.6226777627034905,,,-1.0575951081312942,0.3790582759295301,-1.0477080051144991,,0.5472881421602862,-0.432172814523449,,,0.7324600926177703,,4.087346248922781,-0.4615302222419299,4.5449145639451745,,-0.8327107883720426,-1.553626530134527,-1.9490645357207854,,-4.161790231133736,1.2198126572058685,-0.20211809394979102,,,-4.840817741096355,1.6493983595132207,27.974559879644218,,-0.7421726176084333,2.6840204875636013,,-0.3586454562346233,,-1.142450791558841,0.3432024586430536,0.8484938364109257
2023-03-10,0.06544315443553354,,,-10.368485767772096,-6.610685239910341,0.16918339284466005,,-0.12332772930552413,1.3378923489064245,,,-0.3908073567838731,,6.624311047073648,-0.30326310401306905,-1.2777306103538644,,-0.08954122851761095,1.4257340719981568,-3.8225707860335443,,-0.6385068944690367,-2.4805650618429835,-1.4978187277335338,,,0.02429783296900312,-7.434529416096055,-0.033834249897359385,,-2.0675078705961556,5.33844261257435,,-0.36125367048471474,,-1.6482596660543638,-2.1605692953638904,-0.01520659021961767
2023-03-17,-0.354108994183268,,,0.040179153919608177,2.0594637063252423,6.2878064292407885,,-0.0030548641101324943,0.1749850925178273,,,0.08580779312812442,,0.0238291123504481,0.92526152765564,5.873603972194091,,-1.5322864043619195,-0.38918792873233304,0.9670006235513733,,-12.637398408765836,1.3357360630057207,3.7416799170424335,,,-0.22644419538265972,-2.268929744696244,-7.224673014042259,,-1.2592743209824768,0.182218421258308,,-0.03955850477767797,,-0.2509558277058903,-4.608574607087624,0.6980854792087955
2023-03-24,-9.47359110882592,,,0.11949027031241423,1.6642023126816292,-3.0444115649085193,,-2.459657927268117,-7.404050021688759,,,-0.08647367231440463,,15.797907537343292,0.7391483360948277,2.5089177962962816,,-0.06557804350571478,-5.7930545156527655,-10.617186064582844,,19.413441164177158,-0.22049641577170306,-0.5390218346031084,,,-1.2388933868488836,-7.398874950068933,-5.410201908846252,,-0.10022032367990368,5.261081530512643,,0.5553397555390183,,-1.8774792645532115,-3.3942820747007576,-0.0678996115075042
2023-03-31,-1.0345877999991628,,,0.14331572791427044,,-0.008630618686366137,,-4.406914997099985,0.11569707472029876,,,-0.01072133426392299,,1.1299604216292611,0.8231729515671715,1.8417185826771427,,0.7199703921913974,-6.950551812199644,1.890711891263906,,0.057364497349746246,-1.1015943466242808,,,,,-0.2709831306115208,-0.503753875629587,,-3.527175773998902,-8.61626776653513,,-4.259169029888996,,-1.8073793036134818,-0.010885209913846155,1.712416199568538
2023-04-07,1.5576149128083692,,,0.17053845010635035,,0.009870956665187114,,-0.40077056768821373,-0.053430212754285,,,-0.1913200860059744,,2.9123688560697083,1.619058922518164,0.17415906685750016,,-0.8504397431055075,0.2676256154719695,-4.340031340739912,,-0.24627399099285552,-0.30422615076916654,,,,,-2.9079120588495027,1.3550875696844509,,1.3179824546565255,0.06073947920583229,,3.9581813589152857,,1.0521314935958848,-0.47252306715754067,-2.2379370419275086
2023-04-14,0.4166184745620665,,,-0.19774577826236575,,-0.12433110561321731,,3.183079622808259,-0.21693760726312455,,,-0.015519863058736486,,1.4145580089927676,0.13110004374278267,-1.156593988081168,,-9.766766792023862,-1.0755771092218325,1.8863888914361073,,-0.37521869471950386,-0.1054679272317707,,,,,-0.027276656418001023,-2.151103549459739,,2.351515724932223,0.917104765439199,,-4.690958445156605,,0.9786548902737952,-0.5059506939171139,0.036419787047352006
2023-04-21,0.15920783676697006,,,0.02668311145388805,,-0.034641189574219265,,23.92019310137836,0.07276414463724822,,,-0.003448195827848206,,1.0335084365549756,0.980463854782663,0.5495776533801129,,0.19718545264111664,0.6775699131675808,-0.15991303594848816,,-0.3032599787407007,7.540786176606018,,,,,-0.6222177411424976,0.005041915493712003,,-0.5549585125307152,1.7764039904069122,,0.016226509263732262,,2.9224032636158066,-0.006856208468455551,-0.18614876449019221
2023-04-28,2.9734977762840487,,,-0.010042834243938866,,-0.923281070277272,,-0.13884694243430062,3.8626835913363253,,,-0.08525281109303434,,-3.269859401786566,-0.00023135399390767156,-9.609807118541625,,-2.1817037453034054,-7.479983060978386,-10.046014356950241,,26.93079809330275,-0.21472152211920842,,,,,-0.9486034825508898,-0.0756424524289682,,0.007340412759303196,-8.59580822029502,,0.2744755400604949,,0.8347606363135801,0.09933765252686028,-0.01521492636230231
2023-05-05,-2.079556675578016,,0.49524780736076734,-0.00646953959503346,-0.6733087679717582,-0.3560043460630988,,-0.7431363241487224,0.6172873838080668,,0.09439067155539249,0.012004147914493099,,-0.08021423065453606,-1.0307366053809444,-0.42813394749962724,,0.020155362007229644,-5.984943956537756,-0.10714965645922103,,-1.3787088364318059,-0.5720028794626977,26.861475785639822,,,-2.0658045178455384,-5.547080515761001,12.391051805945517,,-1.5505139415613107,3.6537282940415547,,0.43974980986454953,,-6.789508039479797,-6.50577636073991,-1.8003495665492786
2023-05-12,-5.350117641592075,,0.6141568833765945,-2.0032383789879322,-1.6762294617404105,-0.7256682457372935,,-1.7996132212277516,2.2341995811901403,,0.04106202126058725,0.2763234980762283,,-0.09968169813237594,0.17933259893340447,-5.1363682296356545,,1.973986022582945,4.101010247270208,4.849006613784491,,-0.1719489227635862,-0.5706377801185112,24.830361455442592,,,-0.6014408041506627,-4.053695381182449,-73.57613127098662,,-1.3329599158594752,-0.8183925141023385,,-3.658573128613471,,0.2595412517187906,0.22129351337810416,4.921606581350988
2023-05-19,-1.6698298587838656,,2.0967959467915462,-1.7422501053138992,0.9024526859783636,0.02944334796610569,,12.19617051915208,-3.4600083252388605,,-0.01175974024180619,0.0016636275225195424,,-4.612700876924384,0.04967522401090145,4.59895712888116,,-1.092403388311853,-10.212724788513704,30.17939768388046,,-0.17837428995807764,2.3308317559722447,0.7622652195309324,,,-0.21048723699751393,1.2084782001925856,2.492059078476429,,1.635804344497673,-3.723431692518293,,0.18580851441943233,,-3.4506657169779853,0.3664622858257134,0.028545315669687363
2023-05-26,-12.280028318552494,,1.6895341233772179,-1.7454310915088445,-0.814318968601785,0.010075377050543725,,-4.40082027492638,-2.5464632739928734,,0.049848215041849164,0.10563932102569522,,5.953618905295088,-0.2023555336425213,-0.16325786066015988,,-7.056605103440597,-0.3899677634281504,27.491259216125123,,0.05498756044170522,-0.26200168333500684,-33.49287192242444,,,-0.33436666552881317,-6.107442766631733,0.7855515075319044,,-2.515786785035548,1.2300276153241618,,-1.1633648335469613,,0.2705854307729258,0.3643773452681547,-0.14423044300491933
2023-06-02,6.6034509521687825,,0.2100227036429048,1.535829951433414,0.6149406843816273,0.09715733885992084,,-0.3501330587627994,4.1085304318813956,,0.1032689589999301,-0.4663672722279504,,6.466074635546989,0.004790975553047069,-1.7945472429858595,,-0.036595111117484466,-7.997668251929077,-0.4734591008266779,,-0.09546213631139487,10.796499100909095,5.80393828516293,,,-9.362407855073787,1.4187458159367354,3.187509337838454,,-0.20415205251369384,-3.720773642749303,,0.0779132951079686,,2.2604366866184535,0.16573154154880862,1.7184647261142254
2023-06-09,-0.19609321725704912,,-0.07776309333464321,-0.9389552015471151,-0.2082420129919896,0.028591917326662122,,-0.5252808319621056,-0.4577486511248661,,0.029469018090753998,0.12297468663969778,,-0.47263068706599587,0.3069511198527175,2.3602698820393178,,7.346575424124051,0.48192332503351176,-8.12408365323444,,-0.10471387317776056,-5.79302975489011,31.76489000463512,,,-2.2698326608044854,7.675115260818906,25.122776346664814,,0.363058569173147,-22.416210465235316,,-0.07465556354938355,,-0.7394937262337314,-2.2884437160427527,-0.011127230992167047
2023-06-16,4.401151842259693,,2.0300248026200673,-0.038712273911690714,-0.013649099301283546,0.9974933040434304,,-4.7760579208227405,11.228147367669752,,-0.07325262373584795,-0.143238467707415,,9.821467219249447,0.0145538793072063,-6.8470149854765285,,0.5490849622206557,-3.941760453175587,1.0102992987702446,,-0.0471038051163975,-0.3294398055289444,-1.7855257040540995,,,3.13407635123762,-0.3117700657931136,-0.05958844865888718,,-0.9812534831175305,-1.0483908675518854,,-0.16456195351938593,,-3.8150162466652153,-1.1037912550962226,3.494853698983929
2023-06-21,0.9162518923720733,,0.3163937286212093,0.0050710508076009745,-0.25565201851014513,-0.6341544924061163,,-9.10183798466869,0.7575893715764859,,0.1888688732552812,0.32550455987276317,,0.3918990639177944,-0.09639721892144024,17.34872549709124,,-1.0894662643398638,-2.0735203263693998,6.352424948559822,,-0.08402925606461595,-0.049203210695224875,8.193122677157794,,,-2.520644023991793,0.10476404507201804,-2.8368721445921863,,0.11558060864396597,-18.49106091624339,,0.20686743644095984,,3.2405489839476758,-3.459675181898244,-0.014453261445101201
2023-06-30,-8.608824862222283,,3.0549097723177185,0.28063032653325026,0.040246033575153314,0.12449961028146182,,-0.3186008020774369,-0.061663693939797495,,-5.324235905381686,-0.8718896577918371,,-1.1216783920047537,-0.34351531341989167,2.131071439592009,,5.271873976656773,13.880572979831278,14.162063014755926,,1.2457071568119717,1.5196121564797411,7.814026312793055,,,-5.408149504329259,-1.514748774580103,-1.3593333886604901,,-0.17919103294088307,0.14074830589617052,,3.0411244475964625,,5.09079224076192,-0.8519836327986888,0.6751067370984559
2023-07-07,-0.3777996026712826,,0.13920078568765737,-0.018122549530611647,2.058121147790619,-1.445858739029096,,-0.02761780982045456,-1.7241129252561065,,0.048699732728018724,0.01813263470781054,,0.7797118265634174,0.021631133308146824,0.1432642229045919,,0.06628447362551027,-13.159703925848598,-4.477738941012716,,-4.450426732077801,-1.7507984414058464,0.34464057578380436,,,0.5873880056346334,-4.12650406608318,0.463563202000691,,-1.0846605179801068,-0.25682072798919603,,0.028993088951937508,,9.399286283492163,-1.1911932010177253,0.5326118164839627
2023-07-14,-0.12177827269394101,,-3.0744224797066373,7.48415136043397,-0.11591439225451185,-1.556282682915048,,-0.7437308624243594,-3.677800464067114,,0.1039819555391793,0.009435138992728714,,-2.02987943279245,0.032727292800430824,-0.09493626341795161,,-1.3083628247780847,-0.27997718113882036,-3.0796193374819927,,0.016169627874602965,-0.038889380382960526,4.597753561600526,,,1.133830396477479,-4.027362995010364,0.9532224469392798,,3.509643363945241,8.647498907725488,,0.014720495616896425,,0.5464232709619071,-0.02345241399070709,-0.4484629438126867
2023-07-21,-1.5143494656248482,,-0.3805420990103423,0.12220295114977474,2.1697144459841904,0.05397591510472951,,1.1130304691318644,-0.15636237056316787,,-0.07346416944083678,-0.059035955904257226,,1.0658591650353584,-0.0042546480429277445,4.382254610564116,,3.7795553256812124,-0.2884033681063805,3.4103224831893497,,-0.175825271780515,-14.285153228087324,40.620440767474506,,,1.6349337637109849,-0.07186716295608125,7.012688088178477,,4.281548465354797,15.125132556276919,,5.4174819615808225,,-2.4318446702815484,4.212685118169938,1.0192658823787693
2023-07-28,15.068734380793828,,0.7127131776015148,-0.012269620392826551,0.19173406367308354,0.8280754155144432,,-0.1342678899954563,16.170678839841084,,0.03836469404044727,0.03653548325583243,,-9.254032220546497,-0.07040901671626895,0.4396560384033095,,2.835927812691826,8.518088936708915,0.6854478254618337,,-0.2884243320749298,-4.136743799004141,0.7663143747453631,,,-3.368189500324692,0.6112276601069,-0.7914307799306186,,-0.5177121611415213,13.92068080786064,,-0.001241309584657949,,2.98031330871771,0.300186568324506,3.497791767015682
2023-08-04,0.8711875318903806,,0.1498057076278333,0.017199406526418163,0.013768669681725623,-3.881459916914762,,-0.1064377478900816,1.9787261116591621,,-0.09173786364631376,0.5133820883121627,,-1.5405853581457536,-0.42258545822515187,0.6975986256324394,,0.045076815189582106,-12.29718302046127,1.4804575839449263,,-0.08296372422847642,10.103272616897053,1.2305230812834227,,,-0.7336514233681466,0.4974107931016291,0.2510629466113516,,-0.4323713256750569,8.499960756626388,,0.04486929270780118,,10.012167680705383,-0.3284203646638783,-0.028609636836772402
2023-08-11,-12.728212360089733,,0.44404036988300943,-0.0010912530242857404,-0.043118338146667774,0.06075570168819473,,-4.521209691582961,16.06843500530972,,-0.042477291989860506,0.07383855570671327,,4.072281693089485,0.34463030841288,-0.47884383989410345,11.753300202586244,-2.4635931877670196,-0.8063190302279707,-7.169439251759774,,-8.66379546670411,0.5819452428652286,18.235150915505876,,,1.263905407299734,3.279193349623929,-0.4076476165828233,,-0.34979937603998557,2.510206570489086,,-0.04663392962828286,,-18.524075205427355,-1.6087740083622657,1.48987834329097
2023-08-18,0.03429968928150662,,2.6345625092963543,-0.14469031135982957,-0.47610046174107745,-0.1719929317586243,,0.14276503558813303,-0.016609997857657155,,-0.01266753358557833,-0.03957589257233597,,-1.7419228043616448,0.5216432253730782,4.114646817273318,-1.1813945709921816,0.46255046593893856,5.273919317232949,-1.036218342135843,,-0.05021889391373634,-20.483130771311192,-2.352558516974387,,,-1.2868489927990248,-4.694651945858444,-0.45944368684192194,,-0.0028322674874528735,-0.4701025500753471,,0.06156238453112363,,-3.7605754205352104,0.11128155794587108,-3.2634823337130503
2023-08-25,6.720979524028292,,-0.2965525078682285,0.25776099574692807,-0.015155122628029503,0.07501448329719118,,3.156289491505881,2.329340609518969,,0.04654286740660182,-0.11747225349709872,,-7.684093373715018,-0.34058535584616195,-2.03216291763498,-8.984011016010548,11.827599917503226,16.829614043919037,-15.801494350308252,,-0.6635665087275201,10.238362922833812,3.575728132189949,,,0.7707684401540618,0.3118037058545843,0.447354130844666,,-0.07145579816104078,0.44199554294299925,,13.65723589610782,,-5.414317473422415,-1.2242120916140968,-0.35134752907998607
2023-09-01,-17.24615985783874,,-2.9240529866920983,0.006402887614648564,-0.1217980635013685,0.15997504909438864,,-0.09937044675823734,0.09035299760392279,,0.6838602930260179,-0.004286418782786246,,0.9148714369168398,0.0013650027563546115,0.059543777034109624,-0.0815543633744966,4.0720105610502655,-20.813142058205273,0.10181228969679397,,-1.092410429051628,-16.919027771008025,,,,-0.23500775786800993,1.2331561189047722,11.021056019679762,,-1.3626140068718242,,,-0.0126633884080972,,0.10457340497277978,4.458349833810658,-0.5668896436325309
2023-09-08,-0.7171821593600443,,0.01870114176728327,0.03786943413380973,0.12574493316237034,0.009894519732824035,,4.909203985502104,-0.30744909946172805,,-3.087017613825892,-0.9507150912787715,,2.6021561928666763,0.4043073850099448,0.5240370486254778,0.08884250659742744,-0.08269879423784042,-0.6733373862892722,-1.4269835914264408,,0.3159721420837297,13.524204701935412,,,,-0.3765358833394169,-0.15814484558105435,-0.25370018864280397,,-0.6300662190208106,,,-0.2615465007107249,,-1.688403268779745,-0.8035616889563914,0.7029139803296198
2023-09-15,10.014310475206697,,1.4770842658906955,-0.7339912665759796,-0.9547412288104383,0.041907474124865424,,0.12072149356000775,0.8927504504711163,,-0.6950273213566112,0.012216926309937126,,0.3289551064249168,4.177055969863138,0.060736840710239076,1.7862396458628873,-11.378207563307196,4.56452212192975,0.12794254435631855,,-0.09714612483306245,-5.363842686228075,,,,1.4629502114074706,2.269495225607585,-74.1058559031119,,-4.441964106130072,,,0.135248482753588,,-8.675674249802947,-1.22537355906056,-4.282002959772878
2023-09-22,-2.8877030356837228,,1.1176518806845395,0.13182301411767083,3.461482006661675,0.02508008075231232,,-9.049816087513161,-3.480319623994711,,0.1433291820748795,0.006600207855779145,,1.4180273926222027,-0.4218622541147886,-0.3864421003695262,0.03124922514219407,5.718203409327502,-2.0883891790283995,0.19755515930368123,,-2.24322669431049,-8.936055866304487,,,,-4.963220813936449,-2.6020822422039935,-2.5397977993581224,,1.5325929814887234,,,0.07686609277197223,,2.4386299133293745,-0.07751260727537049,0.20926703649728995
2023-09-30,3.908866309357829,,0.545682119552729,-1.3514412224872379,-1.2265787210741514,-0.006767416877342242,,-2.9480683812509128,-0.7859151573265775,,0.005859171924711415,0.12185721863790722,,-0.6776891602376577,0.09180691919289337,-9.89342316228836,-1.3497766769164155,-0.103781367154145,3.835136042600982,7.586598308077181,,-0.0761415025080878,1.6912696628495192,,,,-0.7981346568910052,-2.6493389929502755,-0.9557347782653242,,-0.14171717285328156,,,0.02210254412069347,,-1.3471851822107572,-0.9376591974502946,-0.07231005623953554
2023-10-13,-1.6476989414501748,,1.0173357542139567,10.793030676108557,-1.9257682513320837,0.08924589595876413,,-1.7109661839856471,1.2799284479924922,0.18199142166494453,0.06186128424134418,0.24408041578655948,,-1.5736923054683876,0.2332202551005343,0.5498135097981931,-0.11705678198592227,-3.848037754574062,1.9292357868796093,-9.977605033027821,,-0.3773229324496506,-3.5113607949455883,6.754516224005982,,0.01914737494350382,-7.585938576514126,-12.060003477956402,0.37351164454957225,,4.0059771213361755,0.9027120684101457,-15.263281912109878,0.01976546478143144,,1.6180180275025253,-0.35735176505209976,0.019387626100014533
2023-10-20,2.4033416272748167,,2.4330123730952953,5.218566309629666,18.193792714261527,-0.008905367881508777,,-3.847930465981824,0.5306329100733321,0.15658135204818321,0.04911762720028095,7.9680120176417235,,-6.9553407107311065,-3.2053563112246675,-1.4763774000935552,4.8493721563719125,-0.0496839354438345,5.33590577349345,-2.5878784061934734,,-0.10611805665842826,-1.2328861060089005,0.3188256368623884,,0.06437654427618962,4.289153674324195,-10.589754903724755,0.023837964611799656,,-1.2420349190343862,-1.4026422663559852,0.04351274119454854,-13.877017854917343,,13.777505760423672,0.1720108126470706,0.5942050682361437
2023-10-27,9.557542825705985,,3.220819036426517,-4.864421075186642,-0.1254460447005672,0.09797743827373995,,-12.300269176991367,-0.10465229459101094,0.0701567365052865,-0.023607123724224577,4.605617887687698,,2.8873537754036622,0.03851511438418065,0.6548068928602232,0.05604326149343558,-0.025435874056645158,45.785026222376175,2.4334408930154,,-0.06644841656780894,19.255725431383233,-3.041938368017964,,0.004689934953873626,1.315337121074817,-16.411302966830007,3.987206683538511,,-8.277775215567669,-0.3606020305460971,0.040776970726746575,-0.0070444745483814394,,0.24713759731576918,-6.461011590993867,-0.06401594998391891
2023-11-03,-0.385007084266853,,-10.321442544572998,8.135230986712179,0.000902813801569328,0.03575557275976472,,-1.0119631574881762,4.206768503346552,-2.520774953195798,0.020046523805296576,7.849857371949849,,7.829741968489076,-0.0656037513760413,2.0500100809233355,-0.6411027693387317,-0.7066820315518374,-2.921141316877654,-6.841647748950377,,-0.05704059778746186,0.9094711976414562,-1.0917575709577578,,0.06610873145818405,-1.4844974611619315,3.1143662981453124,3.612894335554997,,3.8883446942844806,-0.12375599776215987,18.000530264896245,0.06040775084922415,,3.918329721120394,-0.005345399508515654,-0.08501642929547097
2023-11-10,-85.32693366577823,,0.06544715182324568,-5.782416552898047,-1.4792614467495855,-0.0041653345317080315,,-0.5249380547258866,-0.4509906188920134,-2.562605978492018,-3.787028973779549,-21.305545513419844,,5.109391290141818,-0.04523016709253086,1.1559301748606674,5.880369043071763,-0.053068215794293105,60.498425842130175,13.619752171946729,,-0.043020015663324744,-12.185733847874404,-5.141072521703576,,0.011975826202344386,-0.03150477247910888,-14.770761858458501,-0.10914265369278692,,8.653186442600884,-0.47188343504118974,0.8942172702546678,-2.3304873716237946,,0.8960311213409033,7.226397037622391,-0.13485031783986062
2023-11-17,22.255171759828364,,1.6973563462196957,-1.798427406992108,0.060111711967080095,-0.24818652561461932,,-0.4971438581216714,-2.9033357409704816,0.020859596503980952,-0.034892711807666156,-0.5890466794278955,,1.4408830360515206,1.279633198757407,0.12443885807412201,-2.289443746146115,0.5836707951366683,-0.8824812186622036,-12.583568417564534,,0.19770213869781572,32.59204139554955,-2.175370996400308,,9.219238842675765,1.258645446004468,15.256332937602902,0.8769692718644875,,1.271330357221125,8.543945623810243,-3.2522975544976176,-0.01933529603635192,,3.157144017534755,-0.25481729273572495,1.1497200252401598
2023-11-24,-4.61084953294218,,0.8835349471062346,-0.5026171742746998,-0.622887345520892,1.772460514332815,,4.423665027436653,0.07769756559068322,-0.001833041903379867,-1.3852427239448473,2.949629077802451,,4.555870976653197,0.47037725125227836,-0.8793831486860183,-5.864796199803229,-0.009965672039574882,-2.4609154992022066,27.811762033803685,,-0.029652846481247646,2.0996598451163715,-1.1275681498564076,,0.8508687777430142,-6.88589094042262,-3.656162115474781,-2.406456336772907,,-1.2697163642057299,-3.358702335935154,-3.349084365540296,2.8016337684187276,,9.971874253802204,3.5754611361522857,-0.2101022384882037
2023-12-01,1.6393928563836937,,-0.19310366964195783,-1.8595314576835098,4.3559914463725065,-1.0701576450202102,,-0.3663605147188613,-0.08962278703345006,0.5813528619669416,0.014050903925310837,-2.4114450871414457,,2.5589599008836643,-0.018958749352075463,-2.3724470638787922,-1.0244809366992282,0.8696372348158932,-35.50343709301672,-22.99410241037935,,0.06695161091148058,-22.056982773444517,-0.17104111971848482,,0.05666476785649234,3.2352781746876724,0.032866954423025146,-11.919163878680944,,2.039320893393079,-12.704470173319423,10.255639087571359,-0.007840486932875148,,8.486990251807129,-1.504023885851835,-0.36753913275289085
2023-12-08,13.061555920107777,,0.5823522337953178,3.739315080613889,-0.9294062279912688,0.08111672384201926,,-1.8130861104084826,-0.40550493929909837,0.49742429906528307,0.026285005915199933,-1.6182052075033981,,6.1392354307671955,-0.31031955692697066,0.23635581283321172,-0.18647385431026847,1.0174478810039176,-4.034853061158149,-25.098190673345336,,-0.66223331437674,8.790786469617082,0.5982916906695519,,1.9327430010888587,0.13421518398257204,2.0295227424084676,17.6380801667989,,2.4993955982212355,-1.9004549065186147,-0.03665291423926165,0.74792083696672,,3.8912717046631378,1.1641895690537587,-0.26564200819791667
2023-12-15,-4.081216597039099,,0.09595592849912707,-3.231506580151528,0.3993639027098849,0.3872154808584569,,0.7355042959132264,-5.4316978352508425,0.019603711258569155,0.014726759891156661,-5.003866920672618,,4.7065209067475084,-5.0161017321514825,1.1823649246233245,0.05710416759701955,-16.149703925528694,-2.222487841800449,-14.417330320121453,,11.808193958591806,23.66125785015538,-13.976070902466063,,-0.8649313817369626,-3.202218197782202,-5.623652762813631,0.7395461300526174,,-5.6810203474970065,-14.181879633756525,-12.551383257659094,0.22828223504424336,,1.4628238003541534,0.03593210696708652,0.19523513301462012
2023-12-22,-2.3151746268615416,,-1.43533885919559,-1.6961673227873244,-0.46006617271049555,-0.14948849133591888,,-0.44549180783879044,-0.14467450788403255,-0.07857720055112026,0.5377970962448206,10.980830927932967,,-0.8446565252973467,0.2550368501515048,-0.1626974769584039,-5.802852529612384,4.109499115720469,-0.30724265375594495,-1.0787574311303907,,-0.5035854167531344,1.4414406753185276,0.38724055952065145,,0.9391621601052158,-0.43590386152979477,1.0422078408502145,2.8445398049196533,,0.23838262353278897,-11.15303633693895,-1.02753208903728,-4.189730323725536,,4.265015841899607,0.0820626870647365,-0.06520272536426273
2023-12-31,11.034054608309104,,0.056070517432053116,4.958608103133783,-0.40864563856877023,0.04362693163418299,,-0.7296198138122602,0.43593515763443846,1.0886871724523186,-0.02615169014277737,2.4756068538965104,,-1.0006980245074757,0.08366318967915717,-0.46520071913572847,-0.03782603094349005,4.157883167891433,-7.894282706567102,-2.516977872963602,,0.21099265904448788,0.34649702604537125,3.225037060374284,,0.023735760372790016,2.505049104426785,3.1274209743573116,-0.8638587228821436,,-3.1151232306882477,-3.5549546165561052,-0.15255925241152332,0.1338687407841268,,5.901916219007717,5.645308426480394,-0.3986671077363759
2024-01-05,9.57796918018179,,-1.8195576354451248,-5.252582910702211,2.9031970936508857,0.46365090434048395,,-5.068404533809379,0.11678606661239493,0.004865663374097252,1.4431987603899956,0.6730696774232914,,-1.138614566674911,0.2755618314784035,-2.544228519378367,-1.464737017941014,-0.047787474699536446,-7.4923560885767495,-0.8325869051871528,,0.3703550904623872,7.460747533839001,-1.0490881786671067,,0.16968505225907507,5.078531939603158,-5.753315656613218,2.541911701671853,,-10.256418075617699,-0.5603535518295936,-1.7029554106037792,0.24790588028457733,,2.706068544760798,0.263904635344395,-0.06720293403127807
2024-01-12,0.565402452808056,,1.2318485010525515,20.59944065375568,-4.055190139253531,-0.005272163567891513,,-2.2896615435911953,-19.25715602799621,0.38598391870732496,-1.975568033321315e-05,0.9606216996948436,,3.415536914721122,-0.40256507623544024,4.753531277900731,-0.8303068909422724,-2.6007976090387763,0.5709156523265179,-11.322218080446666,,-0.4219558850454752,-5.618663285487366,-0.31945244364578307,,0.01614435240193387,-2.0723296969021825,-1.5496012720272883,1.6648860506950216,,-0.7359802311576846,-23.81240793842741,-8.838568126484198,0.08242278963452382,,-3.0235500729570473,2.7368447649871745,-0.029614120290696634
2024-01-19,-0.00819233945829878,,0.2761112165027815,10.209560059836933,-0.022329070836212453,-0.006447284656410436,,-5.307168651229887,-5.859002278416069,0.038045417331102074,0.027516857245509292,0.00954324120161909,,-3.8299054390103056,0.09651795956645448,3.2894626934687596,0.6347110179209547,0.09301625763670618,-5.318606663452896,5.382201305542532,,0.0805812605412378,-11.04906566656511,-5.604187115588479,,0.002629655669766827,-3.3391513534139285,-2.1041439930262706,-8.744785038512367,,-4.370338412408163,-6.928394467735777,-7.1789467830862765,0.1909926316848887,,-1.0297856294718493,-0.2614211688196304,0.14919018782515428
2024-01-26,0.04548373472430131,,-14.223328432978077,5.5257221898446,0.32277107539548605,0.24730360964778483,,-7.734684467721272,2.6731974444851567,-1.0614274641361146,0.04592664730895962,-1.2337454720638366,,2.5762598226571862,0.15947414889437,1.3833188316406786,-0.21223725003778393,4.158077579015669,3.0503751803778405,0.6439403168843552,,-3.9889337220711982,14.061958111039147,5.77906967784133,,-1.0482303751823911,2.890992265820876,-22.5647220328194,-20.486377596041972,,5.451336065878965,-8.605582776090962,0.5770491546802532,-0.030247960199234012,,-7.32545412466583,-6.559347004844286,-1.8218158754046672
2024-02-02,-1.18329420474854,,-1.3394601110130013,6.689095299078426,0.16145487236210238,0.02192603888264119,,-1.818256575568345,-0.7119333002874328,0.6582666557835465,-1.5032311959424471,-1.128825100083217,,4.481460771512798,-1.6269519190649457,0.5426735354138557,-2.5775223499198394,0.25435762385713656,3.902382664560441,-0.7363583193269911,,-0.010978945034874149,-12.493705771030939,3.4760200533311045,,0.9794122565274832,2.920898864682939,2.2714931927370405,-9.138623224878362,,7.247857148058944,6.623874842638696,2.92141871518106,-0.05400777188037037,,-3.0773336520873658,0.2912128029552883,-0.3632045866826499
2024-02-08,-0.7209265588666969,,0.19041457742116646,6.627087034464592,-2.6878824123680563,-0.019447125458536496,,-2.0823726218204524,19.44608522277284,0.12041861788681446,-5.333065594917283,0.9612806509689256,,-0.8094544607438618,0.1923005688452247,-0.39336102431582154,-0.12253704921398885,-0.5106641728868612,-10.157853656486399,-0.5659286448169544,,-0.0933195388441564,-2.101212515960803,-3.0682239178846054,,-0.1957749264400453,0.45983205419071266,-2.748454703047779,-6.909560716735902,,6.890032041425744,4.531211090324742,-0.4646348101271133,0.1858580247456781,,8.987805057749759,-7.230643120317141,-0.9247277132891846
2024-02-23,2.4150416091150615,,4.154413574773469,3.8156496231352897,0.9387706554561164,1.6223807914099364,,-1.9900535165878916,-0.644018013745868,0.3239470230197625,-0.035644267334657795,-0.09880791487913951,,4.7813995178086595,-0.1683706283043705,3.1067051114505135,-10.573641787141323,-3.135198535639326,5.545932302724199,-1.3613145263849507,,-0.13934328617863034,3.8871874987650474,-7.945261193061159,,0.06887412286859379,-1.517619913264259,11.05269577171735,1.0745327957103772,,0.10608544404438747,8.098283040689955,-7.471363400881892,-0.03757120843950543,,-0.5423121206001381,1.4505046925778822,-1.6063076312927564
2024-03-01,8.584664521632654,,0.36697656252677635,-2.4215651719326736,-1.0104607499700464,3.7680254954993533,,-2.52629596428375,2.5502335648026926,0.022744900503688475,-3.400188209761429,0.2114830269633875,,1.9998982018112277,0.29621246303413534,6.033320941535804,-1.1434063100079133,-0.19251935403490855,-1.3934623811072686,-7.792989006154833,,-0.08803896809638692,-21.540619356148024,-4.395217081606088,,-0.03942545685066673,0.6547097768726462,5.538280438199413,-11.450404618893883,,-2.283103449515191,-6.7452188693719,-2.77582463286895,-0.03292566893806864,,-0.5154826069680174,-0.35617617131433443,0.05595172083886239
2024-03-08,-8.377701590018951,,3.657879632556418,3.0127607442175877,-0.3844421778827893,0.10987196800935481,,3.145778156822282,4.359172935423116,-0.08909286539667263,0.05696407234113666,1.9488633106924012,,-1.86286601383385,0.01655013711193427,-0.052574394518024814,-0.08122458860554765,-0.1368076341455576,0.4419766124837915,4.553652433729816,,-0.23818428195925406,-15.463079581060855,0.5431091706958868,,-4.750132088738587,-2.150712305163897,-4.009644281615046,7.227823535622915,,38.08417956328384,-20.15274466655079,-0.16424705735874282,0.033089852779627844,,-7.727011109552033,0.08137995584252715,0.6791116886039491
2024-03-15,-6.219671494263933,,1.358364543870128,2.424506144018875,-5.901655451619823,-0.1982117138091397,,-0.8723775617057516,3.9682544907184694,0.2784104820076557,2.7962377596327186,-2.0587338336262575,,2.075729824461032,0.7750207613649391,0.4694762494993533,-10.617793281397102,-0.4314932096462729,-0.07585206460672428,-9.82705293465588,,-0.04962778122519353,14.331656115404279,0.3601110593177098,,-0.007297843256098432,-0.31526481794771755,-1.6822840727137873,3.9135498786096075,,-0.7179418187424577,-1.6909315039102424,-2.0662494888233756,0.12852387342751118,,-4.428868553031474,-9.079157537275725,0.057380859223437886
2024-03-22,9.683741856893887,,4.561191343833481,12.797159006127783,0.24109513403474292,0.022590526185623013,,23.088090930599172,2.7031659827235894,-0.07209860905358191,0.1045778074256089,0.1169602456450757,,1.773815595320545,0.18939687971412805,-3.9954226589451767,-0.7216670790538976,-2.505645331147342,-0.42176987183650366,-0.8370473373191671,,0.4459659886070799,1.1943914821691943,-2.0002366181111197,,-0.057952621604666875,3.550129056563917,-5.958461332184561,-6.032627149296092,,1.312651870660028,0.11045483306395257,-0.5807628373571364,-0.02916309814879084,,3.12540594354992,-0.4198305047320474,-0.05574761008760489
2024-03-31,-8.301572804101328,,,3.2998769022932812,-0.04435638784305142,-0.12031438558314642,,1.1645141143059934,0.757610716457016,-2.7135539746314974,0.07754977106773961,2.171626067548306,,8.415145691230794,0.057875665009457844,-7.37600678205754,0.03680575162940359,-0.05442917886910176,1.5659483273115131,4.014005246580712,,,33.45302182312122,-0.19801468968031233,,-1.6352761301751055,0.5029769967303739,-11.226159136148354,-0.07365051587552732,,-0.6488346375549253,-0.7125031507623754,-0.47338624730655704,3.999715366001744,,-1.811250957796404,-0.11063080834962648,
2024-04-03,1.3745013521013,,,16.081423754003993,-2.4174834001458168,-0.13021265568583257,,0.4354916375603401,-0.03725130896520891,0.30611891393777424,0.03561152476265009,0.05415974435882017,,0.8772957054426582,0.0009693339652750016,6.697017590799462,-0.3627348555945545,0.8284050357047142,-7.056455871550137,-6.920422868933096,,,4.775746246830805,0.21493933139643606,,0.7131650432523158,2.8327865212250503,22.02488532713832,0.41669314180469236,,-0.11570781788360174,3.0157232644365384,0.023790157340353005,0.016773059980733064,,-0.22141214030055023,0.6134861558340751,
2024-04-12,-0.30650215814555426,,,9.439204377891754,3.4967279532902897,-0.02433064610848816,,-5.470464071423263,0.1753207454883566,0.1722457397343801,-0.008842007004766107,4.959382224183856,,-1.7851660111761767,7.370628783561995,13.310182016010286,0.8301349513018172,-0.11635707556147165,-12.978572696447324,-0.12905213465126095,,,9.750314029730843,13.898868703601442,,-4.984495221619474,0.5199972881385687,0.9145328531887458,-6.909666496713507,,0.45404869309522417,-3.795038976316369,0.08641711436242372,0.5034655859094344,,-4.434769043239834,-0.021293347889462126,
2024-04-19,0.025959021195232444,,,-22.288368659883375,0.6801707098078066,0.48119248460440855,,-0.2727377950836053,-0.19776981154250522,-0.24648547016975042,0.17323631302740314,-0.11222993804272437,,-8.225665454935646,0.05173306904864619,4.574883959265985,0.012051872410173789,9.721336895836757,4.757261929175177,3.226346908472545,,,1.2786251108196192,-1.8116520655265629,,13.63703955885498,1.9832523674367755,-0.03056700278558569,-7.460723151662392,,2.2801351536822625,11.873389267410637,0.5598443866436615,0.07116049625290528,,3.996645656937246,-0.4174112814642866,
2024-04-26,0.5567606146643856,,,5.625946256178623,-1.3607057524632968,0.034573546587406835,,-7.050413308759696,-2.5547352290209724,-0.0595662264567407,1.721666901701031,0.9698880298615669,,-3.7076414360001646,-0.010014772671629646,-0.05323225566864391,0.004537296905087947,-2.334326357142497,-2.136128776004741,-6.238584937286928,,,-16.86791464541983,0.7320717563789183,,0.020372211420893772,2.385843699982385,0.13204646869857767,3.970177729504921,,-0.04950079370620372,8.165020432485775,1.3423157886548165,-4.387871833960426,,-4.713478851145249,1.172810745383929,
2024-04-30,6.752031652320099,,,18.341666307729803,-3.5551350939736412,0.03555845843696441,,-1.212221042406736,1.4791838560202721,-0.44515513559183295,-0.024349519330746736,1.2002322783321673,0.15984198880999806,-3.5218567455662004,0.12689763109717783,4.455656588959419,1.0569411852777724,0.1397788462711055,-1.0257143092975407,-1.9897793188563044,,,-3.5447989412850567,-0.1365415594499404,-2.8478282269773953,0.3318801145516978,0.2030226641240671,-14.747231061858754,4.974184969504852,0.09157479938390284,-1.1444668063458252,7.590504976374302,-1.4741407033260976,-0.0334645190492751,,-0.7316065525593405,0.05079573140538807,3.6400746906570096
2024-05-10,4.4961626392913505,,,32.071676650034675,-2.0106286683594536,-0.3585295897833894,,-0.33626521847245705,1.8541659550488572,-0.311679523480308,-2.6857839571364917,0.4036737861812674,0.02514549681421352,4.776764459537914,-7.7324426537293585,-4.542757615198781,-0.06025142889251989,-0.8811786098164482,-4.579965206825845,-3.0616992183196445,,,-3.9308472364438325,-10.39926226307881,0.01661041761073162,0.6313984330592971,-3.3637474788899078,24.65862189601829,12.580195463839093,7.231649169160027,-9.997145315364968,-0.5219004759037658,11.948470492301176,-0.06505794269340295,,-17.806214920042105,-0.01629992218929882,0.301231310373284
2024-05-17,-5.284685060699163,,,35.84808422612972,-7.538065375593864,0.05967187937768517,,1.176568449306444,2.0026426976303617,0.04970241592591594,0.13086403047376613,2.520214838815205,1.6947260766929384,1.5186120953723687,0.9178202345659096,2.592781059810618,-0.0750023981477212,0.3403147966928187,-3.2472900199473753,-1.9820118657452934,,,-0.3832917294556059,19.649717905285055,-0.9484411706548154,0.04763104098860943,2.298321114389454,3.6193982012970967,26.21726204534088,0.034237252546749336,0.8364457115074688,-15.41722829563352,2.3290044125924885,-0.3205079886186447,,1.008990153943134,0.03095608643141498,2.332043038895505
2024-05-24,-12.579145340233058,,,3.4810426596513335,-5.978057902650993,0.48293435174530763,,-0.2441617796381635,-0.7736606472665185,-3.9520431044813886,0.41318166321712335,0.005509040050369986,-3.653734322299912,-1.6523642258616453,0.9398744489426742,-7.8601630184648155,8.941353615521297,5.694997469387463,5.040485008561255,-2.2378243036340706,,,30.191126432709254,-0.4980479037686396,-4.687775480124978,0.04701826271603579,1.5241450541864743,-3.2235004812567887,-3.766780146713846,-0.03446382022174844,1.798572132316828,-33.35517381681274,-2.4067848948466004,0.05218885841688042,,-2.202289813347851,-1.439931257531505,-3.9867090070026365
2024-05-31,0.03164738812612944,,,25.201049994432022,-6.823114578338421,0.2969270376052502,,-20.362466649821688,0.11759670309569692,2.0833807583711725,1.2726292638182148,0.13011840590642693,0.28120974186743475,-1.081634373111285,1.1542126268083266,0.7256297366805324,0.07366300546442428,0.21175750432389784,-0.3109135652020383,-1.0429801019298315,,,1.4538497718495194,-1.6528390169254323,9.667754414409334,0.26317169558156384,1.381736173658982,-1.9454770186917676,-2.7278637103568326,-0.06901085208021497,5.7008196650314495,1.7522281199998266,0.5077416491102684,-0.2785687380336045,,1.7112537252243873,-0.06524720409741883,0.9938264703099908
2024-06-07,-0.2491373426955823,,,12.23702112735031,-1.1347588835781397,-0.0016704533830743558,,-3.004937556887527,2.396853884455627,0.5663124242713565,9.384199192973272,-1.1820828332282995,0.06978821997903532,9.561132151296867,2.111627269248101,1.614889921617329,-2.5185274784630884,0.5857040466123046,-12.853938018873956,0.19932338221789903,,,-0.9934546546495762,22.577105628631323,-4.485882406300198,-0.018100702519253924,0.4258644971992135,3.252795549144192,11.222369752398096,3.9472675320368897,-1.5666117753905688,-14.771682310565726,2.9364952212933915,-2.4247311882798592,,4.813951849755654,0.7703695639888952,-0.08826122487605467
2024-06-14,19.552717590987033,,,-4.089984646575862,5.977259861334458,-1.266635199278496,,-1.639868384142222,-4.923174587397855,-1.7568866771419016,0.05083061329401356,1.742155067656156,0.026111985122853815,-0.9320825448526762,-1.2764812897395608,8.85901907545528,-3.245228509757843,0.27736887994058185,-0.448975926491731,-0.22645482175672987,,,-31.047912910979505,-0.27063484612124533,-0.04852569128254686,0.14958984237172368,-0.10947038188401936,3.1993733963486712,-0.20742262242685786,-4.036080232628917,0.6029163954444445,-7.832939167782358,-1.6726422942288717,-0.11541354919501173,,-3.2230706120560266,0.04879158653415325,4.292514828577172
2024-06-21,10.770682245081302,,,18.201482472351714,0.23481459673991983,0.563194103614225,,-9.003923602283056,9.068560353485147,-2.2038406001760644,0.3022974194743404,2.684890498143349,-0.020633139879190472,1.0076843594557436,0.22868511084703652,-2.9393752157436217,0.07693685995084137,1.7422223796061485,-1.0832881165680817,-2.251678093036296,,,-16.126899523312137,0.19888045317783773,-0.2904707363689616,0.877265125749066,2.688006325758356,1.2146320132440191,4.455393494809533,-1.2068675649139895,-7.631242235580545,-0.9013413565902743,2.6944857205648995,0.3811357872694824,,3.566810004072932,-0.02411059690225065,0.006013743586106807
2024-06-30,14.785288270092552,,,-31.354898448417888,-0.6422877630154247,0.013080461856339064,,-0.907442402283216,0.11829079362853273,1.5347768409236768,0.5366477767910072,-1.9233787632908916,0.026735813444307005,1.2132920317294587,1.9201479883087404,2.407266377575478,0.048480927582614915,-0.26493848619237464,-11.77452731226048,-4.604429442773346,,,2.176906943281307,0.1754412201982617,-2.780367086225567,0.006490511617479926,3.397626014775617,-0.84448922857204,-1.4470582968294448,1.1358764038040887,1.4800400110856895,0.4912468948064177,3.1676988762918357,-2.5264970963453712,,1.8064873447505454,-4.463860517780862,0.27242886874790107
2024-07-05,0.7964676606413507,,,8.044956120377385,5.511384479843498,0.01739512304865871,,-1.4795061611728688,-11.559796980240284,-2.080224792922754,2.3916714357714373,-0.15796157590050344,-0.5075453729640387,-3.2064579203882064,-0.09180763411152462,-0.2910027043991915,6.867794487073521,0.26227846183162146,-2.3416046234495793,3.100107096935804,,,-0.20572534828095268,13.241850660349492,-3.6905412274695184,0.29240578227365965,8.314566684579694,-21.776601144074323,14.343666697770534,-1.1767110813385924,-7.046605464354244,1.4932374260951784,-0.2897472445634709,-0.14397619221375652,,-0.056083207974913125,0.4627989287937284,2.3147304551025303
2024-07-12,14.562630525061492,,,33.015316349432396,0.9861922946784006,-0.020037302216761248,,-0.7204820247492485,0.6688325290775289,0.8278276790489013,-0.05230781161332593,-0.3420735076132175,-75.06726867207414,0.3134025349406574,6.627905205809655,0.33707536760293205,2.1619274242397557,-0.12385657140895477,5.753628479246962,1.675537932346539,,,-6.416910051020373,-5.637013073756013,0.1008124568428877,-0.09959142639705515,0.2678066845416057,-4.254588399254496,-0.5893440458336481,-5.293646037001736,42.084864917160054,0.057526430184047794,0.7057008803995128,-0.0053964056102059725,,6.940998003818258,-6.58520727711049,4.074769953101078
2024-07-19,-1.868830472886624,,,4.465430928359236,1.4152629843060736,-0.013317903505504842,,1.5212915449806481,-0.44974219827726314,0.6243234605605377,-0.0001843730062023735,1.8690093380956625,-0.015320714915467801,0.3777867772163819,0.31476137725981146,0.028234580574848418,-1.3160886892190988,-0.02191190837414667,-15.80688715333647,-3.542969967382766,,,1.0886807833993526,-4.407098435902894,0.06906694454240558,0.05278529832808242,-5.511802949007423,21.687315999227735,-1.598009305059289,-0.2237567611193667,-0.6151676480188462,2.123906809357681,-3.8734466763901043,-0.014073275695604329,,-1.8550586093767343,-0.012347966037488944,-8.858810652664413
2024-07-26,3.0360067970853515,,,1.9458077741811126,1.924400493869453,-0.2913560765015273,,-3.03532115261609,5.066995280579744,4.335353741565034,0.007340933712486397,1.2655523833302047,0.04707334887644465,1.146840168496765,-6.575956451022876,1.5693118868312252,0.05187302093236042,-0.18052818608248408,2.712213198142096,10.141351749492491,,,-3.3618005026887494,-5.863847033703477,6.591496455289232,0.016377435688038157,2.262173017910087,-7.644000772087837,0.9925063479604858,-0.25045478406035415,7.4275650092611585,-9.11892151621168,-2.006517599239518,-0.14283950341036267,,6.081464223528315,0.6993246723529835,-0.8955536131332659
2024-08-02,1.0568448807698234,,,55.84264090458202,-7.3155248838545806,0.4910168172427387,,0.03617146781508294,2.5118337461215123,-0.8019111129025661,0.03387140021860978,-0.18708486075485764,0.003788170526460747,-4.276149818574343,5.428900441607087,0.9623122667903766,0.033118358420765645,-0.016082801210346963,-3.8395687847721045,-19.16818664061094,,,-11.739869880223893,9.17599168286912,-1.7170251656079882,-0.12505299622053,-6.888792896290102,-9.161421639121084,-4.4085716081378905,-9.112434082096348,-1.8310346976644658,-3.701666078240437,-0.6404750387665575,5.885543203552366,,-10.071472794276167,0.11941410511497971,1.190062931665693
2024-08-09,5.902477499134547,,,41.67774129428559,0.5970596881203591,7.458724744945863,,-2.1246595306228855,20.60251103837079,-0.5013991627425991,-0.10206681130272344,-8.18732316176908,0.06884967367758862,2.530191221162858,-0.05402638829031385,6.170433448851009,-0.14074684999352804,-3.2324438265748907,-3.660717767534477,-11.54952223274932,,,11.542516908605181,-3.1089547663737065,3.416407183390752,-0.0923378943400896,1.9256326249140465,-1.5520667513108313,-0.06630787930330731,-0.04870413221398116,3.597039902413921,2.317510753289138,14.005285766207667,0.04971881697727277,,-83.29588343426289,-2.2219473822338047,-0.08013045008666769
2024-08-16,2.2659052481009527,,,3.3067394663884597,-5.956354481636529,-0.03080193206754868,,-0.17122446113018547,0.18910740679656385,-4.966210571887676,-0.05475104345312018,-1.0342326384366842,-0.1536081917822371,-2.9329890012756468,3.1294281006949154,-0.8588488727885845,0.1061010376414428,0.6295033791874799,-15.405896695596429,1.1915356887369368,,,20.25975152515579,-1.813510845450955,-2.558071460867232,-0.12860197310592827,4.237942144700505,2.315746463893901,-1.5022260794803532,-2.162105605543399,-0.657729679161129,-0.9462471025500387,-0.09534047854162941,-3.6666665852600433,,11.465344379223104,-1.8821606167391565,-0.0104437609342722
2024-08-23,2.0088624470383314,,,31.53311043391424,0.1428700382244944,-3.724420667137575,,-0.4843526431460998,-1.7237217351233525,-0.6006315876705863,0.06544145746044035,1.645773921668329,0.017061894834394374,5.643103960512268,-0.2134457351461112,-5.004876280092726,1.5856462939464786,-2.3910155182901267,-2.294150842518602,-4.4860530583363305,,,-17.34149369674736,-4.962581225200851,10.72256732864292,0.02689600339124887,2.9383640526106216,13.878270529603522,1.2053008493593664,-0.9781912695916882,2.3670243582674875,-2.083941073364848,-0.4705225995452855,-0.05116748468836341,,-6.952779564519298,1.606198315017588,-3.2280004260529958
2024-08-30,7.4907124122523845,,,4.014160041557479,0.8755625113512876,,,-0.28008122465083674,-4.597481879631527,1.0620527931654544,0.025304020038235953,-0.11724702493428718,,3.494475081294918,1.3744828670402165,4.912473257743692,-0.014571893621097218,-0.4805690890456356,44.07768625842877,-5.147383868520386,,,-55.00281996001388,6.379281809090997,7.672660231545882,,-1.403195341670825,0.012567587179044968,7.096593110310325,-0.013469448724597745,-7.74762720843943,-4.393268256747794,-12.743555722762222,-0.003724263430740055,,-0.12670584153891537,-5.713350225277059,0.0467201525918704
2024-09-06,-1.4609424295357818,,,-36.62152731913002,-0.005585671439305603,,,-9.988144075415656,3.498437243343835,8.723528261594268,1.9776683855952566,2.9131138710124733,,2.85606056220186,0.8778905641325669,0.5075979416417371,-0.29339638259998124,0.5930129635797065,0.01481862028844283,4.377208419727751,,,31.15139820744237,-8.746535071361969,0.02582873572350109,,-0.4070794254285209,-3.1329737411131067,-0.269040360057642,0.3935425630552394,-1.1818908754915087,-5.13557138307128,0.08392004550928539,-3.4651632803673627,,-1.0363045722034407,-0.6276472536979282,0.04858303315257645
2024-09-13,-2.176976905314871,,,40.94939333625475,-1.1351407430773894,,,22.12648100056715,2.496049345408763,0.020887483687383974,0.0629926644940314,-0.009031504141480984,,-1.588939963761435,-0.9644246063280701,1.2472741474398887,0.016025232974098504,0.8581214890596756,8.4369971713014,-4.78386602287959,,,2.9406423437894826,-3.3235103019690615,-3.6560345338096636,,7.126144304429693,14.187743643449192,-0.07603166329606431,-2.0615638979963817,-0.33019451402395983,-0.8235391228373014,1.4030546420579908,0.1737294050925951,,0.49489714288726294,6.631690616400812,5.704415084303533
2024-09-20,0.07651695156333549,,,9.54677692795232,0.006055418972046673,,,-0.12098426580022094,-3.3992511429988146,0.06842732304585264,0.1711400946701505,-0.06331209800317772,,-2.8683078807268934,-0.6932047479110404,-5.77677092547521,-0.19742929447233065,6.647674010666902,1.9927517234044074,0.5959751863111844,,,-16.193410564815522,-4.168606734568951,-0.17706004089566407,,-1.6486839540838463,-0.34583504901487905,0.12784601600090065,-1.4549559700713786,3.025142173931133,-5.910721409793431,-6.1070147275267805,4.164435072968432,,-1.1048919205054595,6.924562138647032,1.21820544078372
2024-09-27,-2.102866158682986,,,4.303769385781243,0.05936753112188625,,,-0.27503106927074505,-0.20047261191985086,-3.577808437578327,0.2154839140683219,1.6723948451829411,,-4.944464842325566,1.332127799312048,2.951942215805364,-0.01376787513737407,-0.137165817164689,-9.55326086916035,-0.05824802302881731,,,-4.590080290669488,-0.5583050984335006,0.0630470779998727,,0.22569194066378662,3.2635990393142302,-0.6741077751851656,0.24678491443266415,-0.25591404430288606,3.4413400085790498,-13.129259437654664,-0.01580426454633517,,2.6154515313213276,0.8269047918924962,0.42237478286869357
2024-09-30,-0.6254534094559099,,,-14.436444257334195,-0.00039148860130392836,,0.01106425389429437,-5.155953193146135,0.03802272877784328,-0.04827249869537109,0.009366111406020852,-3.57685356517747,,0.1359532977142793,-0.6462294950816759,0.27767714463705945,0.061665621870429545,3.8747349662137016,-0.197164802824885,-2.547338086560335,,-6.681420601697774,11.791217662816202,31.944621603530337,-2.740939561109663,,0.17860499952312406,-4.236808186431616,0.3565185187348132,-0.21297064843835972,-1.348767920788303,-13.603502249592015,-6.183839490726807,-0.5116902096426925,,-4.65035654591051,0.0173480587010679,-0.1158820734553686
2024-10-11,-0.8496665630870779,,,-2.3201882957860476,1.3368835248914879,,0.006651124378571176,-0.8210177217446623,0.07125599899098127,0.01030391375505443,0.5621729155485847,-1.0197864731195865,,1.4308230277150922,0.9184036483998417,0.4866474676221006,3.5436373818451523,-1.6306059445548224,-0.5164843693736187,3.39076960537114,,-0.022722731922499587,1.2401096366718471,-7.9928087080768435,3.2779432929163903,,-0.49421622847979796,-3.8780114198794586,0.9520098497992657,-0.11393597954499028,-0.1494818650897911,-20.847376188784487,12.501293597644086,0.007459483143806098,,-0.6127638211950499,-2.79135340655377,0.7547711855851256
2024-10-18,-0.11254907277997955,,,5.745718165307791,0.6572840763794081,,0.005190170881431595,-2.49604109292812,-0.29852575063700354,-6.135602491025824,-0.019671548833241747,-0.1492412174907258,,3.674932646087818,0.8750421791075041,-1.5436410714994762,3.5744785615366927,0.174820246689276,-2.005437503779981,-0.5140220617280455,,-0.41090726048333803,12.764925291356876,-3.022935917251945,-1.9436707785138518,,-11.610692240514375,2.4207411195245854,-1.8273310118677433,-0.07135932481406775,-0.18584222846971676,8.326137301174416,-4.899405160072666,-0.8840211032516184,,-2.7375424137491957,-0.014336604262974994,3.9075339487414094
2024-10-25,0.20620719889764488,,,22.29938834255217,4.395430958122435,,0.3642726835818837,-1.1913086325265483,1.7457818371152747,0.07706868083057183,0.17183387789823895,12.510813063237796,,2.85854518414574,-1.2925899147389335,-0.1313657859218661,0.016982898005174295,2.709328439899291,-7.17289430377767,2.1185615318717343,,-2.2965513546501506,-20.70910262630394,-14.514513621527342,-2.0216970347056855,,-0.43980760357164983,4.21355258909864,-12.477444652407048,0.2824968761668219,-0.5132386115796588,-4.383391403847664,-0.05354032559715538,13.967953551594471,,-10.555122150613524,-0.021726921356912288,2.1867488683218372
2024-11-01,-0.2571773043034087,,,-11.824274296178897,-1.8517371877748976,,-0.06602680804642437,-0.909181797273346,-0.01744307359271419,-0.2287015952140612,1.207399125125758,-0.23399798188489768,,1.030403405210201,0.1740243962280459,-0.08311988984449473,0.5006452527350063,2.8580995596347214,1.10963753994307,-1.4634271706041417,,3.0586678234729003,-11.361036962052987,5.906510176351463,0.6113314851234976,,6.224715137520791,-0.42972865873300564,9.053159361714949,-0.5611793894642503,0.5532627707852957,19.070771756052842,14.65856406303282,0.014708662319258964,,-0.5977098603381213,-0.3031916319565802,-0.2512726136061284
2024-11-08,-0.006979077446536815,,,32.768089952215334,-0.03723888485292354,,0.10768361579355253,-0.9115238821402333,3.9252777139261346,0.04088527370117118,0.14973649557449736,0.040674797562067135,,-3.8225914522001005,-0.6472456793085263,-2.1814410004309206,4.806446009635061,-0.1669987320471926,1.4678233730635557,-0.786103670756856,,-0.6314820508504101,2.2994620817397813,-9.60481550920057,0.5979537741017104,,4.837801174682293,-0.38033496858894006,0.27738193927354254,-0.04349271403092713,-11.999967222449593,-1.0750069872950712,-4.911460920775922,0.13743766820648373,,-2.6075323228963305,1.0703088670700565,-0.09516318157304235
2024-11-15,5.762574193207072,,,7.245115050622752,1.6142486604482256,,-2.580903798458171,-3.5479850999135913,-0.02999552938078915,-0.005527745101418,-0.03546170241780036,-2.4809050349749677,,1.5775036451826256,-0.35240782827972816,3.9468541236611348,0.1777480552180298,-1.433848764852031,-4.570622506503264,-4.47260024158046,,1.803819098079261,-2.143346264569441,-15.990710736467673,-7.426689887547775,,-0.6235261903540716,-18.583384389490437,-4.990005917604664,-0.1426408223576903,-1.9073799641738733,6.854017061701047,-1.8929728530303933,-0.23189904991569277,,2.8000187697850016,0.7499582337898973,-1.6690611794112638
2024-11-22,0.030918673095105494,,,-30.96232412289727,0.007806991547574879,,-0.36759743928607086,-0.4305410828965323,-7.791084648555368,0.03312441244640202,0.022040290332954297,-1.832942428811461,,9.188359189567347,-0.03969352412727914,0.008433828399538802,-0.46860150468433365,-3.640933140074836,-11.650082994108578,20.4485356589127,,-0.21930715948817836,37.68591638075293,8.208625370040792,0.36674021810216084,,1.1861160550230165,-3.1164475490488823,-4.188903549570892,-0.06081780911804789,-2.772569549756887,-18.557193473544864,-4.891345033694709,-0.03485734730508071,,2.2608717511020906,-0.15258070289243697,0.008236954073352301
2024-11-29,3.0403775037329432,,,6.8447002658146445,-0.4669134021143745,,-0.14500124257676922,-1.0985123539384216,0.10495626681586104,3.1553395155899677,1.4275326089720406,0.46478718071093905,,-1.0086100468476107,-0.8878819199802304,1.974819446867274,-2.2039001352095138,-2.9298218307541357,-2.790669941610676,-1.0766581576770744,,-0.07745648164445218,-5.918708030562748,-6.6291815414516595,12.386849423280868,,0.1917669412752392,1.5851753734600986,-0.36665140476623936,0.23010054166510624,-7.254193628792497,12.229236562918391,0.3732451223345289,-0.00842059450316007,,0.15949466922032443,0.016386250454882872,-0.20959967104569616
2024-12-06,0.07589112885358118,,,-1.641212047000689,-0.9205770986733011,,0.3150953526981203,-9.855475775538125,3.0045372158443038,-1.1267764611678524,-0.030548636768697873,7.895747560949293,,2.6407119647453685,-1.007048040329359,-0.2201487736281746,1.9710421024885045,2.7889935536983845,-11.759979594220678,-8.131664092404167,,0.35679903135811303,-0.17442478348272134,18.5100653247243,-2.4381024702501852,,-10.167201368009248,-6.427531957584113,0.16550901248189004,-0.09791531786619893,-0.6801454014504033,-28.588687491571164,3.7225511577875094,0.011779931449962637,,-1.045026421637483,-0.7069038337815847,-0.0029016870448744514
2024-12-13,5.312960903871444,,,3.6017471571113204,-0.014118456382948834,,-0.018856572812878995,1.2292960325966342,-0.0660783022514894,0.06198890410972197,-0.0008147241468386968,0.058126921585253524,,0.7602325833992447,-0.023757137698542735,0.00439454730500286,-0.0896779490780355,0.20604627779409385,-14.575599601037066,-1.872783999782879,,3.256656040470517,-9.264913577658222,-4.828735426872112,-0.48364679525739923,,0.12962855062261708,0.05885014436822687,-1.252193899832763,-0.25265536363495633,11.512454174626127,2.049432711545371,-5.50917251935136,-1.587294367641921,,-7.7353880332787615,5.1110693203621675,-0.027745242010359574
2024-12-20,1.5165269107647412,,,5.705276301382961,0.030892859213725265,,0.6001354742192522,0.5852851675283713,0.0020907002758863463,0.004584477061872191,0.23366634431888222,-0.9768778921005755,,-1.0142464062959002,-0.004667311491868045,-0.5888008190327232,0.8584375352686082,-16.667574597364666,-0.5483917164336354,0.25976939656068665,,-3.7580024198612745,-3.3893571611471973,5.757642323100789,-1.270739907309139,,-1.5953332292145723,8.742641241171182,0.16522395907301807,-1.9440338563548822,-0.2587373810508755,-18.122452584720985,-0.1978173452943393,-1.4953413066622363,,-3.2976213842172113,0.17300943678171285,5.8260977303696855
2024-12-27,0.524682061026472,,,34.298211456369806,0.005193692544368437,,1.0884626255576144,0.3091696860477763,-6.506156919326626,0.12047375964715396,0.023461972311939645,-9.065223229036013,,-4.7158535515487605,-0.15266816058286842,0.5486552088181363,0.9001078480897139,-1.9574785389428504,-2.4843928362959797,1.9243406801652099,,-0.6701950408870487,-11.483623625547555,9.602109957986075,-8.850583876546706,,4.008391561370805,0.9725993259096217,-2.244582283944535,-4.237192340792878,1.6932744486941886,-7.91475320934951,-3.229723599408249,-0.001803954365016419,,-2.850417914242076,-1.2492147989084426,-0.06834064912416067
