TradingDay,TMT,一带一路,中药,交通运输,传媒,光伏,养殖,农业综合,医疗,医药,医药医疗,半导体,国企改革,国央企综合,国防军工,基建,基础化工,央企创新,家用电器,房地产,新能源汽车,新能源综合,旅游,有色,机械设备,汽车,游戏,生物科技,电力,电子,石油石化,种植,绿色/ESG,计算机,通信,金融综合,钢铁煤炭,银行,非银,食品饮料
2015-12-11,-14.632393138354763,,,,,,,,,-6.556303895195478,2.472493094397122,,,67.39415548495981,,,,,,,,,,,,,,,,,,,45.72578894358793,,,20.091133605071743,,,0.02957640688052776,2.6848601279619704
2015-12-18,-6.851921751316986,,,,,,,,,0.0578807152489694,-13.385580301241472,,,0.3033883590848259,,,,,,,,,,,,,,,,,,,-12.560279550354684,,,-6.110605319893221,,,0.2831143001049376,-10.552994841701198
2015-12-25,-2.0094732783217735,,,,,,,,,-0.5838618576035763,-33.379281740474106,,,-4.095947952290059,,,,,,,,,,,,,,,,,,,-1.1181114074175933,,,3.50772274852231,,,73.5511028103865,-0.7162756671507591
2015-12-31,5.825698617276545,,,,,,,,,-3.3244850947140216,-6.091212364745059,,,-0.6218514753566136,,,,,,,,,,,,,,,,,,,12.43710871415108,,,-34.73874599894995,,,-0.029870086558686948,23.282999694358836
2016-01-08,17.85667275901251,,,,,,,,,-1.3701004444019802,-15.583269167482534,,,0.8055004672639849,,,,,,,,,,,,,,,,,,,-1.334019046248913,,,-6.092683415570562,,,-1.6211337958698568,-3.1853673415836257
2016-01-15,6.432296642647583,,,,,,,,,-53.701445306694815,10.014203320955462,,,-3.627575884225487,,,,,,,,,,,,,,,,30.808641584598753,,,-2.6904458776133984,,,-0.6229951360442871,,,-0.03662758031850784,-33.043076215614974
2016-01-22,2.0937224982442126,,,,,,,,,-3.641263767972464,19.685738671358404,,,-1.7101097580882874,,,,,,,,,,,,,,,,-0.02877731019867147,,,-0.24677587391157188,,,-19.828144002812174,,,1.8761250039789314,1.8925836894051735
2016-01-29,-20.12908330422452,,,,,,,,,1.7219485001360195,-3.4346258037005515,,,3.7053975359110467,,,,,,,,,,,,,,,,-2.3583475256200135,,,-17.649913086786793,,,75.40131442998297,,,4.512277375791289,10.99394020582591
2016-02-05,3.095256092777088,,,,,,,,,-18.08914630811298,-9.550072038798806,,,-2.9324714570341075,,,,,,,,,,,,,,,,3.0901954749573006,,,-71.61762513084008,,,13.53322639262618,,,-1.3361488962424835,36.510272313198755
2016-02-19,8.370717441047326,,,,,,,,,-1.1443551003352832,-1.2594491855849481,,,-0.7247946659903866,,,,,,,,,,,,,,,,-0.07729078287232982,,,-0.1878625554323814,,,-76.48595666416699,,,-0.30651857355955703,-0.5860571122239608
2016-02-26,-1.8274518300149918,,,,,,,,,0.37524093592494945,-17.619456527434195,,,0.6181199816719896,,,,,,,,,,,,,,,,1.3321735163504032,,,4.196305144352446,,,2.9942481539935453,,,-0.9732374899429342,-0.32449735854549494
2016-03-04,-1.293039567620427,,,,,,,,,-0.6960919576614757,-45.43731198170426,,,-16.770783850519173,,,,,,,,,,,,,,,,-2.5207374494825174,,,-1.732696957446623,,,13.397076852355836,,,-0.3398939808504994,0.8467406507552764
2016-03-11,-22.82913712455979,,,,,,,,,-0.6215293788846656,-56.016478685388535,,,-1.8873471351186661,,,,,,,,,,,,,,,,-5.530071346814058,,,-3.24565521190304,,,9.008444735326412,,,-0.10001290726331716,-8.374054900879797
2016-03-18,-1.8239842908620416,,,,,,,,,-1.7527426821428083,-2.0701064932719513,,,0.2680665373077582,,,,,,,,,,,,,,,,-1.8495261029104741,,,4.724218925340329,,,24.67354090453341,,,-1.1753727379739534,1.4244822816816156
2016-03-25,1.7057263053511056,,,,,,,,,1.3737057506663963,-13.010851422712163,,,33.83815486917264,,,,,,,,,,,,,,,,1.743013986851898,,,-51.9116425391187,,,19.17467859264089,,,-0.39590082727416176,-0.2415727138606636
2016-04-01,-52.016908441361366,,,,,,,,,-0.36736921996644656,90.2252084431116,,,-3.876875250939263,,,,,,,,,,,,,,,,3.9464345384937727,,,0.011421690083302738,,,110.42393170189604,,,3.5782564249781617,18.000411234135868
2016-04-08,-0.4327309412751539,,,,,,,,,2.902996181569109,1.0324790741890744,,,-3.897087366895056,,,,,,,,,,,,,,,,36.34762550066923,,,4.454711789146511,,,-11.26675303062746,,,1.3035294815785634,0.6532138901126212
2016-04-15,-6.622126984394364,,,,,,,,,10.895025480969796,7.084957512196832,,,0.7032852510616021,,,,,,,,,,,,,,,,-0.530965388034621,,,8.809330375009907,,,13.987217232401472,,,15.259337333012684,-7.559358871196638
2016-04-22,3.260024017410856,,,,,,,,,-0.2630643923602574,45.10091037970698,,,-0.31568133481819294,,,,,,,,,,,,,,,,-0.2295267383098067,,,-18.97924650743521,,,45.64315479513435,,,-1.3751163287041823,-0.5581261807702959
2016-04-29,19.509348305142506,,,,,,,,,-0.2340435617843854,-5.684208318505832,,,-0.5129678644490455,,,,,,,,,,,,,,,,-0.48159142782703546,,,-1.5790776134373319,,,-42.038310906420705,,,-0.18591139581136037,0.11399911649993145
2016-05-06,-31.36411613007894,,,,,,,,,-1.507309777181828,2.935828445318425,,,-9.140003200780288,,,,,,,,,,,,,,,,0.1383566534946328,,,14.04169088759724,,,24.85942547798328,,,-0.6076996128049579,-17.49311200912071
2016-05-13,5.736062673095921,,,,,,,,,-0.6634359545106342,2.9659341315956387,,,-0.7820162551817776,,,,,,,,,,,,,,,,-0.0491674564525133,,,15.52734750374616,,,-15.309420476516776,,,-3.099261193946284,-8.916278497534211
2016-05-20,24.177914078196405,,,,,,,,,8.754433887816695,3.2143806334097644,,,-0.5476829149629086,,,,,,,,,,,,,,,,-13.303155651958608,,,-4.570470608594394,,,2.5668785654605193,,,0.19302592943891206,-13.428053748044963
2016-05-27,-17.082652356750383,,,,,,,,,-0.22893070846267152,5.018664439000464,,,-0.06041555958790401,,,,,,,,,,,,,,,,-1.4899458206740894,,,2.6667275816810276,,,6.4803471509984085,,,14.208429639485043,0.381718451588005
2016-06-03,6.453845284812858,,,,,,,,,6.897949638954998,-9.280217638559213,,,0.36102210938552837,,,,,,,,,,,,,,,,-0.4442963822070101,,,35.16343286406169,,,-7.4049684905960556,,,-0.0718031680512572,2.555273895355607
2016-06-08,1.657771072271176,,,,,,,,,-0.0230968811398565,-10.656518284429373,,,-5.636184110133552,,,,,,,,,,,,,,,,4.5293219707936005,,,0.5644585067993545,,,7.481182496920235,,,-1.355955425294227,22.06012761026503
2016-06-17,-5.2503555842212,,,,,,,,,-6.6892585423908395,63.27349964791294,,,-4.523557404208615,,,,,,,,,,,,,,,,-0.03191487292565018,,,0.28578581466227426,,,25.501429451735774,,,-1.6348344545657114,-4.461955154879488
2016-06-24,-7.708627712912525,,,,,,,,,0.06229325556262877,3.344289987712812,,,0.9076150865579917,,,,,,,,,,,,,,,,-6.537982161006931,,,-30.95450609662803,,,14.526637207166452,,,-0.3221141877108932,-3.3407787581209263
2016-07-01,15.52366832677002,,,,,,,,,-1.2884092123749653,-2.161104215755909,,,6.853507761770544,,,,,,,,,,,,,,,,-4.944213717359306,,,-24.744380844826047,,,-14.603556558385728,,,-15.942611796695134,0.4248049838794455
2016-07-08,-2.0044112061869583,,,,,,,,,-0.1624203436507075,-13.244859973066987,,,13.660384285886012,,,,,,,,,,,,,,,,-2.696270659779485,,,14.6185623865755,,,-11.897747558726643,,,-0.4412760554723222,11.519307903781197
2016-07-15,-6.584635956672102,,,,,,,,,6.393667311119128,15.776617064546992,,,-0.4155477688317163,,,,,,,,,,,,,,,,-10.437930268267976,,,-17.366428123992012,,,-9.018556842851144,,,-0.5779283529890773,36.1695503378473
2016-07-22,70.44047057437542,,,,,,,,,-5.13023822606897,-6.051537374634443,,,-42.59859827356688,,,,,,,,,,,,,,,,0.20827097552828294,,,-0.31948445706282624,,,-34.57631325992536,,,26.395125066819347,-8.524344154905108
2016-07-29,-37.24416145726053,,,,,,,,,-0.03460346977156825,-9.19513823784331,,,-9.787577781470715,,,,,,,,,,,,,,,,-2.9496565614288217,,,-3.7499236348634133,,,-0.8748674757605848,,,5.034840538891945,-0.8734007126957105
2016-08-05,-6.54572633347636,,,,,,,,,-4.262429413220879,-10.302286203770839,,,-2.659879852725905,,,,,,,,,,,,,,,,64.42619634851793,,,2.1277495957639454,,,-28.614970378446532,,,-0.08276407238684469,-1.746424490430442
2016-08-12,1.8594377037941179,,,,,,,,,-0.5901790703721872,10.77381463114424,,,-4.683625486707159,,,,,,,,,,,,,,,,3.1185138181622896,,,-3.810398640914751,,,-27.272204128608323,,,0.0839158798892492,-11.686730661649337
2016-08-19,20.93737811936597,,,,,,,,,0.10666929491068211,-2.806257866332115,,,-1.7363011239665032,,,,,,,,,,,,,,,,-0.13006312528307956,,,-1.039727298906085,,,68.53597401935097,,,-0.6090804855241405,-1.6258397827341409
2016-08-26,6.845014201652166,,,,,,,,,-0.020607252137043293,-2.679426356220252,,,0.8643263776780165,,,,,,,,,,,,,,,,-1.7308547538390195,,,31.709861832660604,,,-0.7332062568119981,,,-0.2284988823778677,4.485056387630089
2016-09-02,-2.9551492721096886,,,,,,,,,46.96324644414341,7.957291276524566,,,0.005259799728047909,,,,,,,,,,,,,,,,-0.6442211103249544,,,1.6398578963243824,,,-36.88752402655797,,,-0.05846881689534722,-17.65444856155254
2016-09-09,-22.748314651237354,,,,,,,,,-0.08756103883134429,69.23722589383082,,,-1.5044172327497733,,,,,,,,,,,,,,,,-14.792703930732293,,,-17.376256969663782,,,-1.4821863430385467,,,69.97981769001521,-0.13930632163214224
2016-09-14,-2.613337447540119,,,,,,,,,-2.5015339829536196,27.43801027976735,,,-2.3126475084466174,,,,,,,,,,,,,,,,0.01669927892614123,,,1.6646667757717148,,,-15.157810466941172,,,0.46321338656146455,-6.549073378931847
2016-09-23,0.7132388796843889,,,,,,,,,-0.13591358022728403,10.447166209001498,,,-0.6895694452428247,,,,,,,,,,,,,,,,-3.716958194711261,,,2.3471997496479373,,,64.46986497367838,,,0.012173434182289028,36.32403001118423
2016-09-30,4.561247768358456,,,,,,,,,-0.3160022225652053,-14.675487548119538,,,-4.7288017079796765,,,,,,,,,,,,,,,,15.704941565617945,,,-0.13902499863931622,,,37.45413607825627,,,-0.32754985044619755,1.28452306727082
2016-10-14,-26.556101920421757,,,,,,,,,0.4064550760923543,-48.972287779807544,,,-2.2687256628855863,,,,,,,,,,,,,,,,-0.3264161850908515,,,-4.497372909878684,,,6.917498358565608,,,-1.1813334008770568,-32.8061835080049
2016-10-21,10.271267682163158,,,,,,,,,-0.0759167093835392,-25.68806619144585,,,14.386333157521324,,,,,,,,,,,,,,,,-0.16533671239637782,,,10.182854508307297,,,-23.8160074962995,,,-0.7631044132064332,-2.123041140163749
2016-10-28,2.611479641326747,,,,,,,,,-0.7646687796032046,8.235702109489937,,,-0.5273929016527641,,,,,,,,,,,,,,,,-6.624576044532267,,,-4.920519904372139,,,12.947494096827704,,,0.07714224430701677,18.111360257490077
2016-11-04,-0.17837855902585192,,,,,,,,,0.4832565030443566,10.834105559954391,,,-0.2866038040863892,,,,,,,,,,,,,,,,-0.26726522073209674,,,-1.5084661836537672,,,-1.4166367783044265,,,-7.184383416702829,23.202574923945186
2016-11-11,-2.757761277999443,,,,,,,,,-26.65843458409368,18.62455444973561,,,-6.350450538036679,,,,,,,,,,,,,,,,-39.25986368353038,,,0.6419004691027316,,,0.6256966419677528,,,-0.1604705412822694,3.12917316168068
2016-11-18,-0.7798992003100127,,,,,,,,,-0.11163763704112395,-2.080149509598103,,,-0.2136371263382717,,,,,,,,,,,,,,,,-4.662134984274087,,,7.431233923569334,,,-13.435592125398856,,,-2.1462343785396727,0.4686331270342986
2016-11-25,-1.6414602294648295,,,,,,,,,-0.009281238582927065,-4.852776912426851,,,-30.757592548524833,,,,,,,,,,,,,,,,-7.861268286693673,,,70.37180064658803,,,-2.043306561452175,,,-0.04076460309658814,-1.4603051252427974
2016-12-02,18.550803932329355,,,,,,,,,11.483765676724026,-19.644545778915912,,,9.463647592229316,,,,,,,,,,,,,,,,-0.3032957619190177,,,4.059072807518077,,,35.703764167727236,,,-0.11874584488716032,-0.36454293924307474
2016-12-09,36.590060212759326,,,,,,,,,-0.4327832818479724,11.23847498424159,,,-19.445317537583563,,,,,,,,,,,,,,,,23.184431309783562,,,2.0471869315425666,,,-1.6068666247955556,,,-0.9722014203678102,-9.888907333481164
2016-12-16,2.5603328271187413,,,,,,,,,-0.9606651514663392,21.230565538112884,,,-12.764555483880244,,,,,,,,,,,,,,,,-8.169604692418275,,,-0.32825934913781485,,,0.9958832919547169,,,-0.2567149024122834,85.2911157941492
2016-12-23,37.35860132637232,,,,,,,,,0.22641065302234187,30.052719134540144,,,2.4998722592401217,,,,,,,,,,,,,,,,2.2452012872631677,,,1.0539070008556233,,,-6.9584998059456336,,,-0.23695774526865565,-0.2633717488213205
2016-12-31,-56.927786383239116,,,,,,,,,-0.08364883775945876,-4.18220997766472,,,5.534547691727175,,,,,,,,,,,,,,,,3.489978048858848,,,-0.3993681425754243,,,36.28075026498619,,,2.5574975448174735,-0.2942745098529261
2017-01-06,4.172593958516231,,,,,,,,,-0.10917152297618754,-12.811869503710039,,,-0.7476043231225246,,,,,,,,,,,,,,,,-4.595523498484906,,,-2.6128960055752004,,,51.35953484502848,,,-0.19590714386366725,0.17774468214551215
2017-01-13,5.209860348414295,,,,,,,,,0.16227136100072004,-1.5464193793633374,,,-0.562788325244763,,,,,,,,,,,,,,,,1.370835345800035,,,-7.9450083313124,,,12.032168366682939,,,-0.40445240511815705,-21.8900034601341
2017-01-20,6.993386121758018,,,,,,,,,-0.22380676934552793,7.59499420263243,,,-0.47671508384652617,,,,,,,,,,,,,,,,17.606072353354197,,,-1.261139366436762,,,-44.03653841646413,,,-0.01710907665469638,-93.25830913258939
2017-01-26,5.178306251035909,,,,,,,,,-12.656633779740472,-13.144339760472635,,,11.526732853035886,,,,,,,,,,,,,,,,5.579523197502354,,,9.776134968607826,,,28.29671617020913,,,-0.016451151491309046,-32.56720926170194
2017-02-03,2.954466549709023,,,,,,,,,-27.732588886478865,-57.95030056611366,,,-0.6508008116685813,,,,,,,,,,,,,,,,-1.5220161122602358,,,-5.1324172023687025,,,-13.539731948612154,,,-0.6440848325791003,-17.29490416003432
2017-02-10,3.9673979633361793,,,,,,,,,-0.05437158403937098,23.382536173213364,,,-2.248233419207624,,,,,,,,,,,,,,,,5.343325752536195,,,-16.820608878767032,,,9.52291938657472,,,-1.3290072922285106,-23.351206396343006
2017-02-17,-2.3134582891975786,,,,,,,,,-0.09025603386308359,2.156870153081716,,,-0.33929353786937644,,,,,,,,,,,,,,,,-0.08080144966925595,,,11.744557318571095,,,-20.321632209638747,,,-0.32366109679501714,-1.0974518176943582
2017-02-24,2.6574659831340455,,,,,,,,,0.26027700188816183,15.324049375399412,,,-21.719420577722307,,,,,,,,,,,,,,,,9.87342529040134,,,0.40030527505023383,,,-7.02193094541666,,,-0.1856578670860657,4.803499164588034
2017-03-03,11.218109606781258,,,,,,,,,0.10097546874986313,4.190984678126905,,,-0.2171072172587225,,,,,,,,,,,,,,,,-1.7123145115426595,,,7.567068144524762,,,-10.112716813104356,,,3.694093276542186,-4.711143058464602
2017-03-10,-1.5288146640699747,,,,,,,,,0.1788764520411171,-1.2595203653777358,,,-2.241883912480477,,,,,,,,,,,,,,,,-1.616440631018373,,,-4.006120919571706,,,-1.783058024240173,,,-1.3411702331254918,-0.11196152276102489
2017-03-17,-0.9418431277440855,,,,,,,,,0.9359287370148075,-14.000047795161436,,,8.381313729152401,,,,,,,,,,,,,,,,-1.6514922827042309,,,10.959591683669936,,,-8.57486125897504,,,-0.009771606062930038,-47.78367970494755
2017-03-24,-0.7187981630928485,,,,,,,,,-29.87085548046348,23.654979119342705,,,-1.0505255616077027,,,,,,,,,,,,,,,,6.393568307399434,,,-3.9407728311928283,,,27.762421503704456,,,-7.825913328980889,-5.429077264010637
2017-03-31,-15.49447998328493,,,,,,,,,-0.113675668283018,-61.87673492511957,,,-1.2359640540480104,,,,,,,,,,,,,,,,-10.272296371934665,,,-5.10005171617827,,,30.9144924028688,,,-0.418397224278543,-2.4950935308280418
2017-04-07,-8.383618491250516,,,,,,,,,-0.3327883939548633,-55.39584314529665,,,-0.6254557151241854,,,,,,,,,,,,,,,,1.0190656991683051,,,1.5992243476483794,,,20.485684374795618,,,1.72320186429216,2.2441931117453824
2017-04-14,-11.248494517305446,,,,,,,,,-0.11316434276205498,-1.8518998358021461,,,-1.0499454614496921,,,,,,,,,,,,,,,,1.6496699979200664,,,6.571415748469456,,,-4.739680212582327,,,-3.189494480469353,1.2982496454905645
2017-04-21,-16.659331973156988,,,,,,,,,-1.9143846483880607,2.4663447753952945,,,-1.1735725899568399,,,,,,,,,,,,,,,,-2.4064334619462953,,,1.9908781104769873,,,39.553432495809126,,,-43.56803671508004,16.111806327704382
2017-04-28,-0.06603366139010125,,,,,,,,,15.092965657530609,5.236340862780704,,,-0.03689246643493074,,,,,,,,,,,,,,,,-11.843993243070498,,,1.0066198464522107,,,8.63542890824945,,,-0.044377346774443896,-0.5502521214666374
2017-05-05,0.40362640198302135,,,,,,,,,1.4648006662909518,-0.718463474609164,,,-1.1695024961163907,,,,,,,,,,,,,,,,25.04967057974317,,,7.637734619542257,,,34.39413339216495,,,0.02767731536647161,0.06906145133551134
2017-05-12,-2.924919872551059,,,,,,,,,-0.44444402623683005,39.21293104343505,,,-20.350320887598997,,,,,,,,,,,,,,,,-31.83619714651193,,,10.990966719640996,,,-21.760568085054956,,,-0.8777002184764564,13.0848742276287
2017-05-19,-12.034903513495724,,,,,,,,,-0.3285132339912718,5.757384880163254,,,0.028288440812180883,,,,,,,,,,,,,,,,-75.08273858538074,,,0.6939028961719789,,,-58.238560059127536,,,-14.859162660237631,-0.5064671326792476
2017-05-26,-3.0086799014633137,,,,,,,,,-7.48509737793638,-4.142628195614431,,,45.76086902306885,,,,,,,,,,,,,,,,4.592447024001409,,,-7.669839215709043,,,-5.243956550439362,,,-11.928228612077099,-4.740897283594894
2017-06-02,-5.186390411205032,,,,,,,,,-0.29972590526826653,-2.3769493577051457,,,2.8946380219991736,,,,,,,,,,,,,,,,3.524554602947687,,,-2.5931954714511756,,,-42.8084050211334,,,-0.002334502539012656,8.344376417663444
2017-06-09,0.04134519832415595,,,,,,,,,0.17699167016772588,-9.87919806627735,,,-0.11917746994684464,,,,,,,,,,,,,,,,-1.4626902042716192,,,-30.826071509923864,,,4.377376075401732,,,5.128247647706962,-2.2472171052591228
2017-06-16,4.899221466825384,,,,,,,,,-0.532633839451091,78.00760260207778,,,10.761232370165992,,,,,,,,,,,,,,,,22.168243547211706,,,39.653441219063424,,,-19.310916846834225,,,-0.2747826830276082,-0.8031521252767914
2017-06-23,-3.838795587314905,,,,,,,,,-0.2739197666553072,-14.894236910745141,,,19.23969966694452,,,,,,,,,,,,,,,,9.018437261761932,,,-16.793829376070878,,,-5.558901100308837,,,-0.40630575119287127,-4.720893678679838
2017-06-30,-0.06582904015023572,,,,,,,,,-14.656364795934142,-1.1005976194819862,,,-1.3014091785801325,,,,,,,,,,,,,,,,-11.501300931604442,,,-2.813531295881117,,,-46.31140575826043,,,2.3302720999308364,5.611925923070681
2017-07-07,-8.711121691321967,,,,,,,,,-1.4995855074249054,-36.58539071995174,,,-1.6602946200242468,,,,,,,,,,,,,,,,6.158895257337897,,,-4.010221297068758,,,-5.232415911359844,,,0.36139685098755764,-0.565249252291316
2017-07-14,-16.480876276843595,,,,,,,,,-1.8697421390225162,0.9286920251219468,,,-52.81560432136095,,,,,,,,,,,,,,,,-9.612359536873292,,,-29.460114687571586,,,15.89174738807235,,,-33.61298203961179,-2.1772961809493023
2017-07-21,17.43796216376779,,,,,,,,,1.418114558340434,-7.436707722007723,,,-1.435900714139404,0.37576282363772884,,,,,,,,,,,,,,,-5.121222325427007,,,-10.889817346349162,,,-0.8132850689861706,,,-1.496088975229012,0.10853843022114879
2017-07-28,12.533178730172725,,,,,,,,,4.291723051376184,-7.92424785672602,,,-9.66694740426796,-0.3596751076192053,,,,,,,,,,,,,,,-4.800245560852137,,,-11.459122243314912,,,-22.819984243563866,,,0.659593613374524,-8.686173437530659
2017-08-04,1.324515279129963,,,,,,,,,-0.18583131607111392,6.87349038822741,,,1.6267629431211363,-0.15352715112070436,,,,,,,,,,,,,,,7.290428184212471,,,1.4901458928859674,,,88.11474234056642,,,-15.370904372488479,-2.3707907923495477
2017-08-11,0.8566682844021891,,,,,,,,,-4.92443614016881,-14.027759084363748,,,-2.780452470681598,6.458825353549177,,,,,,,,,,,,,,,28.774933304008783,,,-1.6012939996949882,,,6.721599133736219,,,11.908958625511993,-5.77020427033255
2017-08-18,-21.820908119372085,,,,,,,,,1.6179513835003765,2.1107008831360385,,,-0.4409432849825723,-0.15678380097677683,,,,,,,,,,,,,,,-39.73056056805182,,,0.13329615374309367,,,-18.88306508166524,,,-1.1201963421317627,-0.6585154489290993
2017-08-25,-5.814644987002687,,,,,,,,,-0.2706901335134694,4.102747623502143,,,0.4205818327768085,13.18726676284103,,,,,,,,,,,,,,,4.3873910868989725,,,-4.247713878505594,,,7.686798944832815,,,23.666025793546286,-0.6355700049554398
2017-09-01,24.468612526810897,,,,,,,,,0.002281680657150842,-26.62948134682241,,,-47.538399154505285,-2.9546180092133385,,,,,,,,,,,,,,,-1.8422580799836785,,,-29.113259443497196,,,-32.059290474909595,,,-0.7788146170513186,-0.026809414211273336
2017-09-08,-0.8399495855138852,,,,,,,,,-0.250987199227667,-4.0111428075846245,,,-9.650192454735636,-4.416892509630071,,,,,,,,,,,,,,,4.435701625038572,,,-0.4478664550446452,,,-33.90957036883978,,,4.983284018440553,-16.933290647414065
2017-09-15,4.217770303917781,,,,,,,,,-0.15477750445890173,0.2318272084397024,,,-0.6632332678089972,75.20143476472367,,,,,,,,,,,,,,,1.6996386819094715,,,-28.99074616993314,,,-95.467941814997,,,-2.1858066309771695,7.262979830808383
2017-09-22,10.75790154017627,,,,,,,,,-0.36263252985968314,15.442264020927173,,,14.613374663495764,-1.6425307283405253,,,,,,,,,,,,,,,20.93811652678731,,,-3.5512141581585004,,,20.020862714570974,,,-58.563951715169964,-35.93183942596316
2017-09-30,82.26496995675858,,,,,,,,,-0.4239225704631649,-24.88041552465192,,,-1.464217366618784,-4.016280291406717,,,,,,,,,,,,,,,0.34235319342946485,,,-7.6895175636297015,,,-1.8019218303134599,,,-0.5564861228556985,-0.14937926200931928
2017-10-13,-6.677010959479017,,,,,,,,,-0.3620127156149241,-37.451791729295316,,,-4.753706578007742,2.4723463612499366,,,,,,,,,,,,,,,-0.403465534088418,,,-3.9099064613089842,,,-13.699228554438863,,,-2.8986402806257496,0.48658518432496184
2017-10-20,-90.60205496739881,,,,,,,,,17.813999225546244,10.116939676802188,,,-0.9651305974719139,2.9929482571085493,,,,,,,,,,,,,,,-6.601868515674534,,,64.08540306028081,,,18.86198582564629,,,-0.7732360878363523,0.003850449966464581
2017-10-27,-5.768521691930548,,,,,,,,,0.5979299915993797,-9.098036744788498,,,-0.9711382126699174,-61.73321299044372,,,,,,,,,,,,,,,-6.418813833844015,,,-16.335786091865113,,,9.278902498087964,,,-5.930334814255717,5.4261139180298965
2017-11-03,-5.489515519804896,,,,,,,,,6.60261791599107,16.964117250977818,,,-0.4480543739557572,25.63432200859629,,,,,,,,,,,,,,,0.14654125160063503,,,3.5909730220073524,,,13.510333711364794,,,-1.5018350319210425,-1.1423114636748768
2017-11-10,-20.24966710295811,,,,,,,,,-0.16604610571717165,11.652077413611405,,,-3.1804322600363157,0.1709779528331199,,,,,,,,,,,,,,,0.15066572261260244,,,-1.2274313630034748,,,-51.00079185953628,,,0.7697746675894634,-0.0021895009389363146
2017-11-17,90.5772776173511,,,,,,,,,-4.3485306274527105,19.76980741882987,,,13.453588133393167,-3.993539430630763,,,,,,,,,,,,,,,-3.320968005250319,,,-4.765337080738545,,,4.056712709969224,,,47.11310634383767,3.4877174700585876
2017-11-24,-16.269329048822314,,,,,,,,,35.76729829266443,7.232444538758322,,,-9.103366414794642,-9.5139324373969,,,,,,,,,,,,,,,-28.649010166798405,,,-1.4697121802364497,,,1.1732058335873832,,,-1.7096711232915727,0.178419533615491
2017-12-01,-3.2588657075281144,,,,,,,,,2.2850770765502793,-0.4770074577530134,,,11.665023665758723,11.14587857579693,,,,,,,,,,,,,,,4.577524961930438,,,-0.4883017153115333,,,16.380445933172876,,,1.3505224037086834,1.7389962722201104
2017-12-08,-9.459251186490002,,,,,,,,,-23.49869774223265,2.940211313254257,,,8.098596337810228,3.4930358854361194,,,,,,,,,,,,,,,3.052774703928397,,,-2.4049252051240533,,,-4.468185917071649,,,-15.031127298819063,6.171683287470165
2017-12-15,4.645560014500785,,,,,,,,,3.9569715676477095,-27.13175590663615,,,10.044692145769071,-11.369564152159334,,,,,,,,,,,,,,,-31.264093988174423,,,21.49895999742526,,,-17.3599806879373,,,-16.83596533591023,-5.066333596946899
2017-12-22,-11.025058614035993,,,,,,,,,-0.7584431322544044,-50.595026817961,,,3.859071858070825,1.1477713405519872,,,,,,,,,,,,,,,-54.65136773267158,,,-3.2882626033524476,,,23.440355397351862,,,-11.849893983871608,-4.052739457596072
2017-12-31,-2.2714698073603756,,,,,,,,,0.3571763957470418,-1.8673444155428016,,,-35.17925756679388,-0.9583260770437598,,,,,,,,,,,,,,,-18.682760838857998,,,3.4866868340308055,,,-3.737779002889919,,,-2.2393265991410525,1.4978038673139797
2018-01-05,-24.005968061137054,,,,,,,,,-1.0090505644480738,2.1128368398041286,,,-2.1904458754252714,-0.17136221323572687,,,,,,,,,,,,,,,0.01073224278317475,,,-0.8632460129648527,,,-13.238397119363635,,,-2.5865478166855578,-0.46948669694401685
2018-01-12,-24.09810241091736,,,,,,,,,-3.204250270581509,-18.79819494881264,,,-0.4860847056312498,-26.129586379506158,,,,,,,,,,,,,,,-1.8020471779172544,,,0.2574158159781673,,,5.753205495957725,,,6.797071459153344,-0.8872463854342768
2018-01-19,17.152761768064924,,,,,,,,,6.645983463971569,-4.317683659010532,,,-1.424663277846062,35.523696586234685,,,,,,,,,,,,,,,-8.212552108826902,,,1.1479232973384053,,,-5.682199413972182,,,-2.605171346087416,-30.394175391053853
2018-01-26,16.123813942953838,,,,,,,,,-0.13270303232287295,13.524245393983286,,,-15.94473960809276,-15.622249441668817,,,,,,,,,,,,,,,15.212242572732091,,,-10.84831904937323,,,-31.984019424893138,,,5.155739060562843,-0.4743341083447424
2018-02-02,-2.308600211287702,,,,,,,,,-0.35882736109890273,5.827216412283703,,,-0.28291269750576054,9.141748971940213,,,,,,,,,,,,,,,-5.546598737779586,,,-10.645464915659824,,,3.548563285804546,,,-0.4622674768705437,9.871923698541524
2018-02-09,5.198543207228001,,,,,,,,,-1.5269925308244274,85.79226711703598,,,-4.914487935057249,14.606273398606321,,,,,,,,,,,,,,,-5.172518388607078,,,-0.6625026086646776,,,49.23168255657532,,,-10.46914779561749,-5.540729389040353
2018-02-14,15.509137490036448,,,,,,,,,50.46527949776144,-123.12365775023498,,,14.56058473608861,-2.6680815015792287,,,,,,,,,,,,,,,1.1440664467379307,,,18.63151942292302,,,-12.439351666261162,,,-14.164069682305616,-10.591972694233476
2018-02-23,3.0396984459292833,,,,,,,,,-1.106737657891732,-19.213808379196443,,,0.9180684426879262,-58.14265553431931,,,,,,,,,,,,,,,-3.3148160695099183,,,-8.286046587097575,,,-10.861328501006405,,,0.3228129657246462,-29.59991137710643
2018-03-02,-26.166596304284628,,,,,,,,,14.42341700607735,0.6580539340847907,,,-0.04253836178648207,1.3703074929112562,,,,,,,,,,,,,,,-0.05111385136104604,,,-13.249795196057786,,,-14.050684756203635,,,33.86493397637973,1.2591922001462899
2018-03-09,4.444074024166274,,,,,,,,,0.37644408165781834,-16.352160339255157,,,7.801610825456573,4.7775280285013135,,,,,,,,,,,,,,,1.2019540256365933,,,-51.57837652235062,,,-18.167591628281226,,,3.558649952743208,-0.31868273135922887
2018-03-16,-6.873185453988846,,,,,,,,,0.4279595500657073,-51.31945346210158,,,3.377503679684583,-0.051739286274645635,,,,,,,,,,,,,,,-1.0460205855459344,,,-1.0824762333343132,,,26.26584203807313,,,21.709737111427653,4.10150100242288
2018-03-23,0.3820039194696929,,,,,,,,,53.47431201515609,-7.225782575520283,,,-12.321527312206456,-14.923691245600311,,,,,,,,,,,,,,,-16.07924632860913,,,-0.8693278875808076,,,-5.479268755437747,,,1.1306282434735389,2.536849108648016
2018-03-31,1.0120171807521117,,,,,,,,,-0.9574873479067441,-26.834758919224793,,,-4.6295808660797055,-13.335110280727704,,,,,,,,,,,,,,,10.924425086273825,,,37.31079827361829,,,-2.722590581165374,,,-0.6091535612544884,-0.09755089842017393
2018-04-04,-0.04836772115035359,,,,,,,,,0.026858185072832885,-17.521034890531297,,,3.1289632457437517,85.31196397101344,,,,,,,,,,,,,,,1.61847564082533,,,-7.952617814447952,,,3.3252336672730447,,,-19.487654790744507,-0.4764682702308093
2018-04-13,3.0917449038932476,,,,,,,,,0.07653211262965215,12.893015405114298,,,1.2781610462948654,-11.426263729494766,,,,,,,,,,,,,,,-0.14857730809616723,,,-3.2825158828117065,,,-2.875815667234668,,,19.158045463555425,-2.675341966911918
2018-04-20,-6.78973347359005,,,,,,,,,0.04792345655650851,-4.088995270377575,,,6.829417793486492,69.43872317241525,,,,,,,,,,,,,,,-19.45800894753725,,,2.7146444371876877,,,15.13913605063738,,,0.4138669688044939,-0.4275793177554438
2018-04-27,-34.83276832937301,,,,,,,,,0.6066114214088133,-2.192997165673497,,,0.7128668765305135,-2.366230060135273,,,,,,,,,,,,,,,3.3651553978209545,,,54.448215472700085,,,18.82764773342482,,,0.7060647141274348,9.678492657540312
2018-05-04,17.444776170770492,,,,,,,,,-1.6579344334502153,-0.6219744585497282,,,-8.66254812049393,2.9124248724216204,,,,,,,,,,,,,,,-0.5922795827894358,,,-6.65755989023257,,,-11.344818257623416,,,2.7887280542301163,1.4913574741077096
2018-05-11,-1.1316961946768398,,,,,,,,,-0.2397569885110766,29.642509844731308,,,-0.832333971777504,-58.60143962796791,,,,,,,,,,,,,,,3.930928004471477,,,-31.38568557530178,,,-35.97981960179563,,,-29.6864321771811,7.555682236643024
2018-05-18,-0.8145686214515713,,,,,,,,,4.544208393558886,-4.082438773942929,,,-0.9336639208165376,-12.972188538670332,,,,,,,,,,,,,,,28.965201248858385,,,1.1567308878016207,,,9.549102334923806,,,-1.1517513285628258,6.989078331734003
2018-05-25,-1.908817617467644,,,,,,,,,-0.1972041991625904,22.302398578410106,,,-9.928158778077453,0.9094634803476442,,,,,,,,,,,,,,,-16.920204292494628,,,3.0833102976088984,,,-26.066486434112296,,,1.0846640368431306,12.872870235221109
2018-06-01,7.828961377296895,,,,,,,,,-0.4592576659180445,-58.65011048435881,,,16.408152934746184,-32.695483209636635,,,,,,,,,,,,,,,-14.135461136310802,,,-15.574366473414884,,,-5.063266917554167,,,-10.548422190116021,1.0096095739200281
2018-06-08,-17.75344043866594,,,,,,,,,0.156887508211745,-10.266060202835742,,,-0.3651350832181841,-3.7442707974694343,,,,,,,,,,,,,,,-9.278594347779698,,,13.42387899075748,,,74.87423518080156,,,-6.986530670786801,0.8430659386429713
2018-06-15,-15.643996485001935,,,,,,,,,-0.33735278987197925,-30.25284803269902,,,0.5792132061650817,0.9111238239057668,,,,,,,,,,,,,,,-14.69879799178876,,,0.516019851267853,,,2.47290615885497,,,-1.2694709254774734,15.746585091961553
2018-06-22,-0.802623371278867,,,,,,,,,-1.764632068189947,2.3354015257116387,,,7.219370445011774,2.9857016287330618,,,,,,,,,,,,,,,9.005358319274992,,,0.04398815884296958,,,-13.6932088666231,,,30.452375443007774,-44.90423341779287
2018-06-30,-8.977416544073517,,,,,,,,,1.044430414967298,-29.527066940439774,,,21.172811339791156,14.14872895584863,,,,,,,,,,,,,,,0.3779087790864597,,,1.9188358091880469,,,1.2865611464264428,,,5.066023735936519,-1.7503898892156105
2018-07-06,2.7586961563693833,,,,,,,,,-0.4127815204190016,-12.780104284867353,,,-4.543493445292295,-11.818234138214414,,,,,,,,,,,,,,,-34.648226062580626,,,2.9989477810028813,,,93.11458948307384,,,-22.264422336692483,-1.8685225493658084
2018-07-13,-56.625101399519195,,,,,,,,,7.194824573660637,-8.484582433107537,,,13.95696373651607,11.441595813202888,,,,,,,,,,,,,,,-1.21352148331734,,,15.292155277019742,,,-41.69581474722419,,-17.94112474014342,-7.055349228057553,1.439360469430074
2018-07-20,-14.98888325847833,,,,,,,,,-0.36522224029600137,-13.177198565180609,,,-0.5344609308953678,1.817426533165841,,,,,,,,,,,,,,,-7.282071877354406,,,-12.55949936022429,,,-0.42965216689524016,,2.355180639085239,-29.329672527870965,-0.28083077440491
2018-07-27,3.9321303787032096,,,,,,,,,-0.2562012441599642,-2.528318839650737,,,-5.867474368000812,1.7864846780797268,,,,,,,,,,,,,,,-0.2156180628759058,,,-5.839001166312183,,,-48.562913386911745,,0.2224025225288523,-8.145965205785494,2.0107733437854147
2018-08-03,-4.854448524423365,,,,,,,,,0.35421869669992123,36.18202056551059,,,0.2193425839877864,-31.017980054558862,,,,,,,,,,,,,,,10.497990899052573,,,0.8008844586036328,,,-40.127890313260075,,0.016969556771611355,15.947086502393855,-1.6224562705521743
2018-08-10,-4.970048722999492,,,,,,,,,-0.3396842340486004,-55.037457225901974,,,-7.48565765363452,0.9959061157304282,,,,,,,,,,,,,,,-0.16111450113051262,,,-16.16810919261578,,,-3.668064205699092,,-0.9737824555618728,5.809792285870586,-0.621956374530898
2018-08-17,1.196697476988627,,,,,,,,,7.272355815067341,-42.729234626594156,,,7.421098355204242,-1.1558141714668466,,,,,,,,,,,,,,,-18.99897432762269,,,-57.035576079199885,,,-10.654595143770825,,-1.089868406166255,2.7790950232963567,-1.2909855174535199
2018-08-24,-1.8673382290784788,,,,,,,,,-15.232215107213976,-4.171764795170286,,,-3.8076083364092748,-3.5656999616130185,,,,,,,,,,,,,,,21.94066191704933,,,1.3949234656649079,,,-47.3312457916572,,7.836860645829317,18.810111290959348,73.23228849306767
2018-08-31,-0.16034927726705056,,,,,,,,,-47.48042261422639,0.02490067585261313,,,5.156344429788362,-29.678244679158695,,,,,,,,,,,,,,,4.430800398037847,,,2.8320607721851045,,,6.362006682531382,,8.690811596761549,-1.6130062843130142,-4.712107258415142
2018-09-07,73.20423626406561,,,,,,,,,-0.12443819655860493,-12.683461012000596,,,-18.410297323969676,-23.222628268357802,,,,,,,,,,,,,,,-49.437404515693245,,,71.63833508529143,,,0.4082052112173701,,-0.7677722599309729,-6.419756625626478,-0.17584497185242315
2018-09-14,-0.40423467486890974,,,,,,,,,-4.505236410150149,-1.910504492468438,,,13.910447864919963,3.310130230223268,,,,,-0.36897831710528983,,,,-107.28857890140362,,,,,,-3.8796902628756476,,,-0.49259180625405924,,,-8.164158470296785,,2.781810892754798,-1.2304677077658321,-0.7199981586779185
2018-09-21,13.806891057507071,,,,,,,,,16.540073528637684,12.71791884015105,,,0.6843778878982176,10.931887796668834,,,,,1.220969571178896,,,,-0.3541124399110781,,,,,,1.8633134034081476,,,11.80292500642891,,,-115.80514256009594,,-1.887488606935242,-16.562349312362265,30.764965703369448
2018-09-30,0.870007135100339,,,,,,,,,2.663199755647483,33.875483312726,,,-0.8798973451607301,-2.294354304813107,,,,,-0.9498160283953359,,,,-0.4988616594334164,,,,,,1.8369649355985018,,,-2.495637081684581,,,-19.847137427176463,,-1.2907073962294544,-2.327767312134495,-0.12054947432831176
2018-10-12,-10.80321234479686,,,,,,,,,-0.1757369405641323,-10.626335501254623,,,2.018654653688405,8.538426755106572,,,,,1.851335376415304,,,,-0.3878297029545146,,,,,,17.31704999290992,,,0.28848475961010145,,,11.408728502129453,,-0.17622788167430659,-2.560172594588451,81.47542115942095
2018-10-19,-5.683946867885631,,,,,,,,,-0.6678333523049327,2.2248398684492026,,,2.1823997801170383,-22.356530093208207,,,,,23.768743193691186,,,,19.293670629196136,,,,,,2.0504829248142635,,,-1.3231911863344805,,,4.788029132145436,,-9.140480785351487,30.68981701610391,10.989594736296525
2018-10-26,0.9156958536286468,,,,,,,,,1.5507449452879225,-3.372658652987525,,,-24.959453266503147,-6.102295523304512,,,,,-0.10742094316702983,,,,2.4814864637136007,,,,,,-9.53575068366424,,,-34.4608051062457,,,3.28835862606603,,-12.566796280693382,7.80050616507965,1.9814007315924724
2018-11-02,-4.263149438749016,,,,,,,,,-0.8400153102502672,5.080978095533619,,,-3.9850617588718893,-4.1326942952778705,,,,,1.7015091790202646,,,,3.310399182144252,,,,,,0.4305289548836323,,,-23.573103996836394,,,14.527318971354862,,45.39744612142479,5.0370159445682825,-0.6536445128044008
2018-11-09,-0.21701544312421872,,,,,,,,,-0.3778327581464895,-40.12817947766562,,,-10.101524279967926,-18.757400840564568,,,,,15.862164228159784,,,,-1.502931987827452,,,,,,0.026064748797234305,,,16.259367957898906,,,-23.394696815035083,,-1.4725875273373399,-1.3192675814689323,10.407639809841811
2018-11-16,13.443852418330675,,,,,,,,,-0.06842691603910517,-5.80497795686977,,,-8.897249397097463,-6.6743845476021875,,,,,1.8611353968768707,,,,-0.3020495864232141,,,,,,25.320807803999266,,,38.1203781228742,,,4.211945874252376,,-3.9178820739325357,-0.30863441791431256,-27.705214475256938
2018-11-23,0.8232565212753444,,,,,,,,,-0.6067896471100133,-16.776232377159367,,,-45.23432414473653,33.540786490982924,,,,,-1.301158419331981,,,,-12.88901290417676,,,,,,2.972146804116426,,,-2.963071358016657,,,-9.185563153975902,,-5.017430869640538,8.792154597640588,-19.181235396743592
2018-11-30,-7.332125925701904,,,,,,,,,-0.9142903255843217,75.67897940555612,,,21.407901833452282,17.406532932265137,,,,,0.6288360445598278,,,,-0.6310951915330967,,,,,,8.78835529608287,,,14.677608639286817,,,10.232265921761442,,0.7433579023551564,-25.799285212320868,-21.68354122103062
2018-12-07,-9.75096153750266,,,,,,,,,-0.3920721517265804,28.894975331027755,,,-36.32924195309521,80.58832557948645,,,,,-3.7283263899449652,,,,-0.23152022115914958,,,,,,-13.735439119074575,,,55.94317436777976,,,-13.639353920572372,,4.207017262620373,47.782898592212625,2.844367732309243
2018-12-14,166.25764882364746,,,,,,,,,-0.21974862734442824,-2.298345145182311,,,-34.03492543728471,1.0211858094067296,,,,,0.3439210411292075,,,,-5.9297123860087275,,,,,,-1.8258851663746314,,,-2.782423380299556,,,4.991057740707796,,-51.808065579313755,-1.8769704241264618,0.38371294451738086
2018-12-21,-12.718634552701985,,,,,,,,,-4.307601629829645,-41.02180571196373,,,3.9564901774421335,-1.2427617458918723,,,,,-1.4421834822413189,,,,4.807267272605516,,,,,,-5.156991377864928,,,5.650535028404605,,,-5.731249557502566,,-10.257052281637911,-8.966123813138541,9.693153908939815
2018-12-28,-0.4969738318363488,,,,,,,,,2.0728863133611,5.167826850766329,,,55.74681149254033,-35.73732420850952,,,,,2.354385387774287,,,,-0.36193837589475153,,,,,,14.889503327543766,,,3.906798494834619,,,1.1373022729025943,,-0.7187312592708528,-28.220763132835224,-0.6521972281216443
2019-01-04,40.39793554113416,,,,0.22751408624799374,,,,,5.70526045145917,53.76800316263292,,,-4.036278265656771,3.9059127406823277,,,,,-5.700007713121582,,,,-0.3989001292610307,,,,,,-8.444851328616668,,,-9.350037298693536,,,27.934667436531644,,61.030593263238444,14.105032619360955,-8.585689139100868
2019-01-11,-6.736456829325479,,,,5.847927067840368,,,,,-0.1047662900138886,8.555303268522502,,,-1.554893972363581,6.62679442467772,,,,,0.06351125221625786,,,,-0.05353607223717136,,,,,,60.046732835862926,,,5.550344932989508,,,2.4334730703599727,,1.7110667732909957,21.706416678995097,-0.5794550410998651
2019-01-18,1.6972528849313226,,,,15.588387642393837,,,,,0.9655556398267302,29.289429034339804,,,1.2096429994828966,15.446523588903805,,,,,0.0304705762502962,,,,0.003970158377120558,,,,,,12.052557433371504,,,-1.3705977175743314,,,-41.09464994613775,,-60.144391562187906,49.862937025947524,-29.000246385109385
2019-01-25,-19.90017782993586,,,,0.9066819155006596,,,,,-0.23616011374191961,54.15742862853759,,,30.137113570628564,-26.712131245853215,,,,,-1.1468719226954334,,,,-8.304642369732216,,,,,,-6.799705121858841,,,-4.588063062155745,,,-30.480046131186644,,0.5696813466628794,-57.972917831425605,0.2692188016221712
2019-02-01,-17.569330919185006,,,,-0.20527190247295365,,,,,-7.827935241550706,-15.716879605226485,,,27.268507748531206,-4.0369478258722635,,,,,-0.2316915176774455,,,,0.05249550266803493,,,,,,-1.9250560407725026,,,-0.05835602218305186,,,129.59437597769175,,-3.1546264016920507,-5.267108287303076,-2.3876476349099636
2019-02-15,10.12959755725558,,,,46.98560968166747,,,,,16.05944877416611,0.9337378472722078,,,-7.834152214651667,1.4957199665324328,,,,,0.4557774231129825,,,,0.6341315422118863,,,,,,-0.007164984568160754,,,-1.6976932035232597,,,-3.2103996973328885,,-17.03966143951273,9.739321432272547,142.7689749547029
2019-02-22,-15.798711797365486,,,,-0.2131501956491298,,,,,-0.022076342446919334,1.1880332207101774,,,-4.3149719610537325,-7.224915958802143,,,,,3.670530335017906,,,,-1.485568029138616,,,,,,-0.4702002282520674,,,-15.722262120864288,,,31.613969394690233,,11.547392942348875,1.700837537979527,-0.4932235936579483
2019-03-01,1.1329196833018895,,,,-0.7432162188902997,,,,,-3.84838005340168,-4.48832914387742,,,26.13796386149302,19.379813141394518,,,,,-4.191903767031397,,,,-0.5190998471856999,,,,,,-5.245125847918164,,,-28.227434794803262,,,-32.02868251719357,,-4.63007495946156,-3.4018051773398876,-4.084494878801752
2019-03-08,-11.66899141608679,,,,-1.2696301434741213,,,,,-0.5250210993598555,8.960250785076457,,,-10.075564858877517,-36.71479431458509,,,,,7.647799159404562,,,,-37.04240403953835,,,,,,37.06480157292622,,,8.878408535749536,,,15.893055282649502,,-9.766006094616067,-54.195236438697506,2.2946408427620066
2019-03-15,-0.6827723866522311,,,,-1.3550541414801518,,,,,-0.9908442582683823,-11.046965339425299,,,33.64101364411788,-30.808123869455983,,,,,-0.36122457493611954,,,,0.24205415156813342,,,,,,82.00517143890673,,,-16.576732300637204,,,2.4219568547677843,,0.2595280839763106,-34.93188524375911,-13.553316004862497
2019-03-22,-3.8976400463131897,,,,1.6698630913300754,,,,,-1.3645555149286395,0.20264658141696446,,,18.5980153074843,-5.986748096368904,,,,,-0.4728505863045939,,,,32.00518091240342,,,,,,-1.6692221139773122,,,-36.900937803930795,,,9.428415694792669,,-54.49142802704558,3.8390610135223837,1.666635715636518
2019-03-31,0.0675643886591191,,,,0.08719691651333387,,,,,0.3129575040060584,-3.760689384045441,,,-16.847455835289168,3.316084148353835,,,,,-0.3547813994113844,,,,8.639250362499398,,,,,,-0.0740131994474154,,,-35.97694807791321,,,-8.777092706966371,,-14.877675874564495,3.1037517673954063,-7.650782575865446
2019-04-04,0.8433188064067856,,,,12.470455316184378,,,,,-5.030938514508536,6.552792117765111,,,-2.525859982151392,1.692287185525606,,,,,0.3605384352938532,,,,0.15439527573136513,,,,,,-36.29827530434939,,,66.2109754541269,,,-2.847396255492698,,2.1632724360495685,68.01945800563514,1.775493958078217
2019-04-12,-0.1766541734460088,,,,-0.055256303824171266,,,,,-3.9845326071601983,-0.7676007907680074,,,0.15940916617999987,-0.07825904187620542,,,,,0.16049046283256785,,,,-0.38215962827460326,,,,,,-1.2790190858127979,,,-4.963773714610705,,,-9.930596042440321,,3.0876331831113815,0.8248079631273892,24.10265737277993
2019-04-19,149.24336451461667,,,,-0.06416722169064745,,,,,-0.5834221673545689,-19.406609566234383,,,-6.894526236946972,-4.761102024447538,,,,,-1.141869716826426,,,,-46.19087959180962,,,,,,23.67222671257376,,,-19.06922380862531,,,-6.970495281842914,,0.5947827104287616,-13.803333209978092,-25.503195736386026
2019-04-26,-9.130272836824012,,,,-0.045275516510816405,,,,,0.2539026375955316,3.0539715227354707,,,-8.521142513583817,0.8704167450115102,,,,,-0.16380263209785778,,,,-0.03956247118983486,,,,,,-0.5122857133712675,,,-18.42311006982698,,,-10.441911172808142,,-16.45131453370333,37.26832832230706,9.043617598532386
2019-04-30,-4.427221560163098,,,,-15.55074546804169,,,,,-1.4868978363098169,-7.28705096498065,,,8.955711271443041,7.790143408288157,,,,,-0.544457509870437,,,,-0.10353151358655127,,,,,,-0.9109313081397721,,,-5.55288642610113,,,1.0267786480138164,,0.04529089531509878,-19.99740128505933,-0.24884298669112218
2019-05-10,-4.9342541741119845,,,,-0.1337375321339524,,,,,4.312757883756797,-1.3211979947971904,,,-20.39446685580228,0.42407730530783067,,,,,-9.189842820805568,,,,-0.6345288114962659,,,,,,-41.200738265684926,,,-13.197994333111263,,,-25.77401795450694,,-0.30086091778671636,-52.48591185083026,-0.12324621222254796
2019-05-17,1.4944060941625157,,,,-0.39706562872026574,,,,,-0.5775709304998298,14.938200521414542,,,-0.39020593003622867,8.969233136228793,,,,,2.1897353313633383,,,,0.1484488918555691,,,,,,21.80842674008226,,,-2.3662407567850465,,,7.080074454094669,,-1.4384756784199988,-3.7236773765615,-0.5527472670132239
2019-05-24,6.555660663001884,,,,0.3228441984644652,,,,,5.31713470103416,-21.94537295918947,,,-3.5675009167165754,-34.756431235351236,,,,,-0.2911428359824361,,,,-0.5407908175263009,,,,,,2.57017891834218,,,29.27837754103027,,,-75.21832051961694,,-7.8324090025810875,-11.711468776740569,83.84861933990288
2019-05-31,-26.814114598279485,,,,10.445547674428793,,,,,-0.05180599759336226,132.61618787577476,,,-34.67966105896195,4.6017508411432075,,,,,-0.19365428643028015,,,,28.311970417878236,,,,,,5.350702921224274,,,2.0155117107145903,,,25.571838988772956,,49.0429430936759,4.928347471664321,-0.13558271968821145
2019-06-06,-2.5451402324168373,,,,0.3297708984255401,,,,,-0.08795935233883245,3.3491084287598705,,,-3.005590623961556,6.895960255862304,,,,,8.684405277731045,,,,-3.6284789754813174,,,,,,8.779927018609483,,,-1.989136087592133,,,-34.95123602426886,,25.389680422674743,-14.915847919178436,-17.710747391833994
2019-06-14,-21.37324906045825,,,,-0.9959628618943037,,,,,-1.2652822344669177,-7.350084103477268,,,-2.1169540585050526,4.676090227914206,,,,,-0.024473666394169508,,,,-71.96466543499515,,,,,,-1.7036316629308392,,,-7.421020440010108,,,-1.234090068286076,,-0.6819636166795066,-9.073840007493088,-0.8110945849842551
2019-06-21,-24.841922519346348,,,,-0.1658507582330149,,,,,0.6309637173315901,-2.7343233114038945,,,5.354044438910852,59.78645143551128,,,,,-49.845043744984046,,,,-0.44533728518146715,,,,,,-17.56222027041806,,,-39.13045610778509,,,-45.26253105950417,,106.22891697292631,20.5630607883908,-7.162443418867472
2019-06-30,-0.5434119647342384,,,,-86.22084738884799,,,,,-0.7566023071584611,5.9285376772218035,,,-2.6037188753965883,1.3928080079389091,,,,,-12.93394797596758,,,,-1.5019541834711783,,,,,,20.073499593927476,,,2.253936302685849,,,-4.653590298184378,,1.8447000360445456,-2.3493368173080587,1.1387626857405535
2019-07-05,18.12064479213491,,,,-0.32859487256501807,,,,,-2.0072820158304543,42.82722831287596,,,64.18383060760476,7.990612888929527,,,,,-0.2242731627733177,,,,0.20463498584777737,,,,,,3.182854175748792,,,-0.9400558446053556,,,-3.0599952619419084,,1.9195001810479975,-0.7647068092537797,-37.90752931384891
2019-07-12,-0.41023158738133214,,,,4.017682058173431,,,,,-0.06185941535469727,1.4493191742049554,,,-0.35304866880398045,-11.59730985062508,,,,,4.028903958530552,,,,-31.878795717659276,,,,,,2.069808333573601,,,-6.152696009137825,,,40.99250762198923,,-4.001372695528872,7.768780336088246,-2.1502473638798927
2019-07-19,-0.2570228535263498,,,,4.207426984604317,,,,,14.342479255438807,-26.037178937104155,,,7.761299038913357,1.1219237130657653,,,,,1.6510002061575086,,,,0.025411672675003542,,,,,,16.994579678862387,,,8.231970666228044,,,-8.71253361797512,,-4.650352124075441,5.303384660597251,-34.88006231544277
2019-07-26,15.738162525221414,,,,2.3699559604193037,,,,,0.5065547725850883,4.6787701102824455,,,2.2035875861186485,-10.90448091493116,,,,,6.102164171451885,,,,4.984447116859542,,,,,,4.791305516290362,,,-8.398312517531426,,,43.122735705497846,,-24.43553947337627,15.748080239974652,-11.25851557142558
2019-08-02,-6.789030591492488,,,,-0.7529820783623291,,,,,-0.949296046163956,1.3038173956470254,,,26.167319595801033,-52.06251501775069,,,,,-0.07297823506014524,,,,-0.2899315959674094,,,,,,-6.61387038935383,,,3.4120800862467404,,,-11.509686264674526,,-2.0213708435142337,-8.864427757720067,125.09241865272753
2019-08-09,-1.9615995665949268,,,,-0.0752478097393513,,,,,-0.30345286291556767,3.7204733983978353,,,-2.2418698250269222,-4.64095363406298,,,,,0.21216383034478306,,,,-5.578514281367512,,,,,,-1.608065856832115,,,6.2673234118335,,,48.90593105860961,,-4.064618702682625,7.235148924622546,-0.8425649312456054
2019-08-16,-29.00373018249769,,,,0.5746626690915067,,,,,-11.45060622694016,-7.925256750352546,,,-22.280869481312955,-0.8152613766864779,,,,,-26.791443793495247,,,,6.537566933714056,,,,,,0.5341232634928563,,,0.5100250696712714,,,-23.844885919720028,,-2.9932525804948407,3.3769642602576138,-0.4871667434818365
2019-08-23,-0.7480210391657638,,,,2.6660601801751183,,,,,0.005296635145830786,-13.490840242240633,,,3.305916410108692,1.5206408490697374,,,,,-0.0990872237959289,,,,4.674659305876494,,,,,,-8.217632592249391,,,-12.905385536143877,,,0.5096578722636405,,-1.325684889416542,-1.5466277256383,58.74364748064873
2019-08-30,1.2912538169697734,,,,-0.41064124190333356,,,,,-0.10543378198944375,0.560657500783587,,,-0.7909536304986658,-6.516825849483658,,,,,-0.3366225078202337,,,,-28.53105724024448,,,,,,12.14703192233912,,,-8.248061091245473,,,3.028170122935722,,-10.431614306368616,65.25514455437096,-0.23686369794819004
2019-09-06,-9.114456613090203,,,,10.53150924610772,,,,,-4.20112792713428,14.125773896509168,,,-0.5930898629598118,-0.248198164957174,,,,,17.572164394167782,,,,2.5238747389043352,,,,,,-0.7462044655492509,,,17.603860576700608,,,0.8715194588985464,,-1.5599868698693045,-71.91649960395519,-24.820873659171657
2019-09-12,-5.719552983863544,,,,0.3485416090025184,,,,,-0.03304514471141247,2.808384744903286,,,0.1527930945401249,-12.578779593924853,,,,,3.7056745334030294,,,,-2.506604402195703,,,,,,-0.8934271018384365,,,-1.061022099309311,,,6.804295862603803,,-6.66696373404484,-14.89560302442541,0.30389310121183427
2019-09-20,-5.467560439945803,,,,-4.715216927709773,,,,,-0.5139903011731312,3.9523999324299526,,,0.19487637826836823,-72.94210535630329,,,,,-0.2887627292199934,,,,-1.8382574400305192,,,,,,-3.118942237132617,,,-1.0178798873936357,,,-24.747759085646436,,0.39723525817676825,-41.14823662770462,-0.02769710089594367
2019-09-27,-19.58754857040669,,,,-10.41075969713549,,,,,-0.14387524223143816,-5.0472073537681155,,,0.9917964729911809,2.0714855216717734,,,,,-0.7061548577328222,,,,-3.2932088276563523,,,,,,27.827693222972368,,,71.9682378369155,,,-6.508704721824739,,2.6789219146433148,85.75208249448792,2.4591753312200004
2019-09-30,-8.717632076675946,,,,-0.1078395441592865,,,,,0.010192554976796664,-17.75185636099912,,,-17.545402199539566,-12.347486341515365,,,,,-2.2778735003692345,,,,0.06027069708598884,,,,,,14.945478726118122,,,0.9000185268475009,,,93.54519115692683,,-3.9627973672979158,-36.30659783737666,0.6082071400294764
2019-10-11,-17.481530899540182,,,,0.23904473479614124,,,,,-0.2941637920975269,24.469500710263016,,,-5.685490796593739,-11.269864123098541,,,,,2.1939427260251567,,,,-4.861826671859038,,,,,,-1.2105277257905547,,,-9.668165019458344,,,13.225715762724251,,5.649728361895554,-9.290367217603572,-0.17754610178951316
2019-10-18,-0.18656033332819827,,,,-0.24248910869112866,,,,,0.034939531472934104,-14.04111819565237,,,6.733195822780731,-1.0061005119293231,,,,,-0.014440785134335582,,,,4.814602223615101,,,,,,-0.06623134034995581,,,4.40001499292035,,,-25.603829689666544,,12.77987212934086,-12.144062885592215,-4.448785172212309
2019-10-25,-19.619620187189643,,,,0.2662608317474634,,,,,-20.065887372592286,-29.86136530915958,,,3.0463045202856684,-54.38248679133521,,,,,2.402915170019887,,,,-0.39903347861963795,,,,,,21.63681615697526,,,5.08466193111761,,,11.698112964882714,,0.4739269676986374,3.3383634010381336,10.098657947353681
2019-11-01,-0.5333029783569643,,,,-0.516981645732917,,,,,-0.43383953514683943,-6.945180286509521,,,-1.032505495981246,8.55665271524138,,,,,-0.2757050456140596,,,,-9.403012357832543,,,,,,2.1124474248981158,,,-45.2871076709126,,,-56.51583167836925,,-0.12885766778775026,-37.38349226534522,-2.0961406890087666
2019-11-08,3.254481085547652,,,,-2.1346426747415874,,,,,0.0014779287723465373,-0.3060318642682187,,,0.006759840981908988,62.87875780190596,,,,,7.714827068549148,,,,-1.1570976857342603,,,,,,-2.7699786522679055,,,-2.8221892221354836,,,38.72268608773321,,-44.22156349657091,-14.28981959848202,7.992691764551701
2019-11-15,-0.19066106709656294,,,,-0.227162720481767,,,,,-0.16525038186847119,-5.417886556293081,,,-18.07419753978722,2.8644254841166497,,,,,-0.0642104353860044,,,,-2.9622197883336336,,,,,,6.201749518302753,,,-15.531190241991471,,,-13.243351467609816,,4.947899647271333,26.361730714474913,0.7395807318070853
2019-11-22,-2.91755886790221,,,,-0.03836120785592842,,,,,2.2091598893294315,-29.626173897947577,,,1.579462397480064,-1.518776824258312,,,,,0.2242266713631137,,,,-0.3203918800995702,,,,,,-1.315039284284015,,,2.3566411721530858,,,-7.403380686856293,,-2.481479378371391,-10.041666386249581,23.91511034772528
2019-11-29,-0.2769335375751837,,,,-11.330549229478535,,,,,-0.16372244997411178,-2.06833228067463,,,1.4188958508367964,0.6297718962677177,,,,,-5.438440153620434,,,,-0.5163852794539624,,,,,,6.526637596371392,,,-1.1345407544077046,,,-3.6075350410639127,,-10.971651293286367,-1.0626964805311538,-0.6142903149670587
2019-12-06,6.716213243457238,,,,-15.109971788216813,,,,,-0.26904921144991034,-3.122303782549608,,,-3.0795403175275,-5.804121529532203,,,,,0.5872839657544889,,,,-17.8006432859115,,,,,,6.542473474497347,,,5.363462781292375,,,-8.561463507519374,,6.103433691910329,0.6094526561412059,-14.16809715501489
2019-12-13,4.815913805910467,,,,6.210048341672879,,,,,-0.22600413003859318,17.949030932931848,,,-2.0031963417190184,11.25196681047679,,,,,-1.278041139572553,,,,-1.3731140530588637,,,,,,-1.4983437492189255,,,2.6012013233073112,,,15.473180802528015,,-0.9018953043423433,27.24768620263395,79.73619352737096
2019-12-20,-0.04900444989687586,,,,0.4444248055968801,,,,,-0.09952742368746498,-41.489704005662226,,,-1.3435648774240563,-44.67578182758513,,,,,0.3585959122649689,,,,0.13440874736181385,,,,,,-0.010755193594439522,,,-12.454356726304393,,,-27.043659248732858,,1.1618659049681912,33.2711755995721,9.45067581020582
2019-12-27,0.7929275843478344,,,,0.08625844330983701,,,,,-0.43636244535500857,-33.71473172122237,,,-17.377338361136633,-9.945178626639512,,,,,0.4759848044062058,,,,-0.14973649078597578,,,,,,0.8770355292328029,,,23.136065073127327,,,37.30294410073526,,-1.5440444333814831,-14.74951019315817,-8.91835282686786
2020-01-03,0.6166315228650292,,,,-0.07379830227997165,,,,,-0.9149166938925442,42.785827942300216,,2.7858826883325563,-4.954081960310746,9.365360690071299,,,,,-0.04301702508454208,,,,30.395914031864585,,,,,,-1.3436951899167038,,,-2.8533120675147776,,,35.12376807925256,,-8.31125004512422,-7.504150636566571,-11.190086902739893
2020-01-10,-8.062466502071599,,,,11.521475551161526,,,,,2.9203084312365126,-37.86534485489167,,3.110676118896307,1.9148816972862837,18.132801732754942,,,,,9.41227343529179,,,,1.5095039564802988,,,,,,-0.6328625749155512,,,10.55605921863907,,,-29.205177996596184,,-0.9662540247163007,-0.08706961160885218,6.657034472008844
2020-01-17,6.27905003071151,,,,-15.383288613994171,,,,,1.426460670274377,-73.81719997826431,,0.5375017483112061,13.438331275392791,-6.429031703104458,,,,,1.0481959943420147,,,,-0.9712335044792408,,,,,,16.786443570461326,,,5.4241485942348495,,,-4.598075386550141,,1.4344552598589235,-2.926063167921361,0.696417497382845
2020-01-23,86.76500522774623,,,,-0.70250299650746,,,,,1.6197747693968552,25.438290567536278,,-1.3100731290948793,8.560812216195654,28.662338167485437,,,,,-0.25711242903157017,,,,0.23245396856984957,,,,,,-0.7940107847963559,,,-8.058686726654063,,,136.45010249643744,,4.457454125367465,-5.711035557126009,-0.45632384580679997
2020-02-07,-2.6642970895553875,,,,4.3027095067304675,,,,,-4.077957447853476,20.140411405156257,,48.51770374172999,-1.4487239419398414,-3.476245451965762,,,,,-0.037158742442129716,,,,-0.524193370763415,,,,,,-31.01059989913934,,,8.709249555252951,,,-0.5374854870838317,,-0.5375878185129732,26.323674433763603,-1.1136663632959882
2020-02-14,10.02061292339719,,,,-0.02587479497397109,,,,,-0.37188298963728694,9.798006467387783,,-0.9784969568436659,-0.6632017733597149,-20.14628691262467,,,,,-0.07213414071993984,,,,-0.0036308567873764575,,,,,,-12.322477820874047,,,8.414632585689803,,,30.60165294739765,,-55.945143185277466,-20.53375479779482,-0.19625296537957868
2020-02-21,7.948053849804987,,,,-6.283774581411718,,,,,-16.706204744344426,11.105602760133332,,-1.034321875863989,0.5813098601233464,15.59044956435626,,,,,0.48069925492208876,,,,-2.9138559437264533,,,,,,0.022663230672521156,,,-4.686912837009606,,,-2.962415337011955,,-0.33810548511293703,25.77352057669815,2.1477331875764833
2020-02-28,31.065334380792827,,,,1.3594498392679653,,,,,4.5808702879353085,-15.18860263460442,,-26.72584038570248,-7.217646272420788,23.073321617077635,,,,,0.128089210503241,,,,-0.03467316242548059,,,,,,-8.58375494115635,,,-0.4682331105187057,,,4.026922364773002,,0.6006586391438096,4.7143622611314715,5.285689785810931
2020-03-06,10.126312207158914,,,,0.07976760150894321,,,,,-0.45138700284271926,-29.973564806726557,,1.9777330031652134,-2.7983090852452865,6.8466991911382715,,,,,-9.159384237938074,,,,0.42977244801886094,,,,,,4.44714409343977,,,8.434703055690209,,,-10.753009960209855,,5.417005831230826,1.9095560255506534,-0.35706453411314826
2020-03-13,-6.165692928230852,,,,0.1519471777766036,,,,,-1.586741960317157,-10.71308403140283,,10.880095162727404,32.87512211233375,13.506925279871131,,,,,18.289032420845516,,,,0.08197326555505918,,,,,,-16.61165155299353,,,-8.352125546496605,,,1.6137045525124107,,19.017453766342918,-45.29285371306134,10.046875617143384
2020-03-20,-4.509112069987661,,,,-0.244463807356123,,,,,-0.2566437270084727,-0.9090123644202291,,21.42755578582147,15.211710754474007,1.7358013036002182,,,,,0.379620383750971,,,,3.4229879798246157,,,,,,0.13967256935397726,,,11.665923716743437,,,0.6770643672932946,,-30.69460941924027,9.444601288988157,-6.17211870881141
2020-03-27,-56.1027698339415,,,,-0.35481866897269143,,,,,-4.576016107364984,-9.651174095323285,,7.064299326193293,-0.6774574651462781,-35.43334420169514,,,,,0.4721827931076601,,,,19.816108832776443,,,,,,-23.869470586345045,,,-14.309493947949354,,,-11.516604139865501,,29.901451757451728,13.702824255836518,-0.5147916146490568
2020-04-03,4.386798951563712,,,,-0.5388544136766324,,,,,-0.19568031255846913,-4.908001113955258,,-103.89599888184722,-1.499906186891022,6.782388944026338,,,,,0.3814003652626903,,,,-5.261736904331176,,,,,,-86.65954174859941,,,-6.869438550327066,,,8.190913917949855,,-4.103304497564216,-5.395891469756269,-0.3094905382438243
2020-04-10,8.132965525260316,,,,-0.20950801928247653,,,,,-0.0625555963283845,-7.45807867457704,,-1.8593441169257117,-0.18527914913687582,37.72325361610944,,,,,-1.2561854859527215,,,,-0.3127092675222549,,,,,,-1.0577617526321652,,,1.962618248856943,,,-1.8339426767184364,,7.636244059615317,-1.0773529182329433,-1.9145345263009188
2020-04-17,4.954539653148243,,,,0.16895898094372458,,,,,-0.0763913964955003,-18.743775384131418,,-40.575789897804924,-3.0092624914630286,1.868730438329353,,,,,0.07994051877300123,,,,-0.7451206233994903,,,,,,16.166213636460373,,,-9.708193314186246,,,-15.829332124167454,,5.070927923472096,-16.388840778427817,-14.224769863595226
2020-04-24,0.6851819433697874,,,,-0.45386861331267214,,,,,-0.45393568322113254,-9.138386739022165,,-4.862980591512935,-2.739328693655003,66.30866313724121,,,,,0.7882676853405132,,,,4.743916561661903,,,,,,-1.6381421050139795,,,3.6325568654341445,,,-23.524376777790337,,-10.228416072717316,-1.9671421999434962,-3.85492748623624
2020-04-30,2.017687081128543,,,,1.781335449894915,,,,,0.019784664859040707,40.72042379361443,,-9.627122254565204,0.3263452507907362,7.366347819201281,,,,,0.3636694660678813,,,,-0.04897947047397899,,,,-22.502171368569424,,-1.3219574255751945,,,-17.074854158297097,,,12.164022181132834,,10.53361632830213,4.024395806923818,0.977067297762908
2020-05-08,42.60659870302705,,,,-93.90172150151318,,,,,-1.298253870696763,38.60411194355217,,70.64129865276759,32.97343364762432,-9.791793455038365,,,,,-0.058651649085840765,,,,-0.8642181549199375,,,,-0.7151756341598028,,-20.10973363100605,,,5.617151192711158,,,-4.618013083999534,,21.626832136745172,-12.271908447222225,25.03499049273465
2020-05-15,-1.5831236987948683,,,,-2.552309090070575,,,,,5.394815031895442,1.0680372980508581,,7.18562799206147,11.916415591462176,-32.85683544394388,,,,,0.07335512756055519,,,,-0.47794090949466217,,,,0.12186836108827204,,6.238335612210269,,,19.110327409411656,,,-3.9792126805681,,-3.1946916516468633,-0.2187066463475062,0.6349679961424437
2020-05-22,-35.920284575456435,,,,-1.9156018623980908,,,,,-0.2728976278305182,-15.509017598656875,,-2.3974701416688764,0.3985155190697539,-45.64985988261551,,,,,-1.8742180946546156,,,,0.36947010313538087,,,,-8.630146499467372,,0.7083499535550254,,,3.0724336829004186,,,22.35735982336622,,7.736042972093442,-8.651840904462444,8.84675888175369
2020-05-29,53.70080783745739,,,,50.00942218630872,,,,-0.2422427901072296,-0.21186379463963353,69.30692014529818,0.034653252705039356,-41.61759031827149,-15.921961275188746,-3.833996337103825,,,,,-0.11431017054236649,,,,-5.046094806430833,,,,-16.606853569016934,,-1.4982228263569146,,,10.371268160645608,,,-48.25166890380391,,1.0679247208435738,-25.887322587517716,3.1445899354236593
2020-06-05,-0.10542693543515491,,,,-0.18412894845741107,,,,-0.10885764549183352,0.5941840090241639,-1.9850793423237518,-10.328962129089959,1.9546999350928962,1.4812211912397895,-78.17657907908576,,,,,-0.2979864415092607,,,,-0.07826873241679413,,,,-1.6724599284176003,,-11.70667662070753,,,-10.247535330061204,,,-20.074320523648346,,-4.937581117948489,-2.0729331306493033,-5.835558142041301
2020-06-12,8.41612820889334,,,,-0.27676500504176893,,,,-0.43779130833025703,13.201003006967815,5.591182832605389,33.54856574914134,6.088443499534683,1.5337850620733118,3.9871666424251826,,,,,0.040996111542389704,,,,-0.1319226447573902,,,,1.4347627329238228,,-2.1285005480021946,,,2.9084711261904452,,,-0.06832282712126769,,-3.609436615637136,-34.62066288599397,1.7941247316051343
2020-06-19,-1.4331361795410296,,,,1.4809118726208985,,,,-14.82926906261225,-12.770493111530634,9.212937306705152,-0.9499888729326318,22.05750487380793,-1.2275201844143906,-0.08394284641364536,,,,,-0.8848453900681419,,,,0.1585579806479589,,,,0.06371364125560368,,-4.057826743884564,,,-7.052981934290635,,,-14.6138794836154,,13.34499786982618,2.3716299248203536,-7.129685905033989
2020-06-24,5.627643278090696,,,,15.767205489787107,,,,-0.6500900608338909,-0.67131797169053,-1.5508299581120986,0.6083377449575837,-11.346922521483808,-1.2120122939835638,-16.288217676116314,,,,,-0.42373998243958716,,,,0.7441257954704951,,,,-0.37539640372337785,,25.085081624483692,,,-62.57857875196798,,,-26.338826614396595,,-6.589302921151052,4.6842770739875235,0.05523693846459854
2020-07-03,78.80457786606435,,,,-0.1510615570473141,,,,-0.08628760455542608,5.0348231135051975,2.82321687704378,-4.4283230894292345,8.53749854309574,-0.4493091064710716,4.644484121136937,,,,,-0.23648966325949128,,,,-2.743682428098935,,,,7.038858856542906,,-0.5795940450422641,,,-0.6994992246614375,,,-31.81145639428294,,7.7408108324944855,33.59353696492849,9.83372031966535
2020-07-10,20.525812326612467,,,,4.788486753421937,,,,-1.0269985200065803,1.4800179664064506,-24.249435397975233,0.3966789198833304,21.019801849333756,-9.746584089049849,-3.6281566961255574,,,,,5.091682227594732,,,,4.3646910896919575,,,,5.932421727834465,,0.5281998953310965,,,-3.3063554235253854,,,-16.917919244962096,,0.45360687154705004,9.324423296719427,-1.2894772590088035
2020-07-17,24.02548052501662,,,,2.813982969286359,,,,0.37380665471889285,-2.3615149896752183,77.94832379826818,8.973513541043245,-2.7731002747323497,-0.28364154561755506,-3.414717618266221,,,,,-0.39509012296665347,,,,-2.28826181945181,,,,10.511652885191573,,-3.557625036913687,,,-1.8198116786966736,,,-23.787113570080034,,7.571307129546467,-20.481587475218475,28.680701614824198
2020-07-24,11.30538755945877,,,,68.050821787377,,,,-1.498431782298236,-1.3949659465392203,6.701316176433981,-36.01723539743542,-2.1960751207608964,-6.163028062230163,-0.6205215708985415,,,,,0.1470867576121485,,,,0.6878087441320917,,,,-0.25014232641686635,,21.67809940735068,,,-1.3198682621285065,,,-26.55160609792612,,6.926764148240526,-2.930046343250153,-25.047759068730233
2020-07-31,14.389385448401633,,,,3.6807730626028787,,,,-1.2601535792503893,-0.037616053967923335,-15.192675925391995,13.580088061597298,0.07096552450984706,35.82313653695774,13.210175317953581,,,,,-7.726301543196335,,,,4.911536491720477,,,,2.3703266671309935,,64.52205236958419,,,-1.488798418247356,1.7553459939044924,,-10.135845812756568,,13.390204629585266,-6.031042241760273,-5.44349382281765
2020-08-07,-0.11872677995804146,,,,0.4722556900680023,,,,-0.2307121230794047,0.03622016607254544,-0.5575212431111831,37.097940123035464,-2.709773967871125,-12.419185278407754,-25.292798785619233,,,,,-22.11658461454642,,,,-0.4395565193361969,,,,0.7039864548473086,,1.3050712582325987,,,-29.798825814049113,-0.32205823544377044,,4.176485257289982,,3.0730916993210293,-0.9892213950026887,-2.670177842566205
2020-08-14,-4.918716231183253,,,,0.5985406232997904,,,,-0.34643812242206246,-1.7276229804439667,23.32241605283174,29.47061550613247,-44.0835299631209,0.958114542047437,1.2818446668681958,,,,,-0.03031532216430164,,,,-17.97809523507199,,,,-0.45038002669009614,,3.652492766825668,,,5.911238270459272,-0.05687040060986037,,115.66830103671471,,-3.379273811932478,-7.263931531620518,0.9714609910539145
2020-08-21,-1.9744016957288493,,,,-1.3897489724711947,,,,-0.8848641144786328,3.4508181198469,-11.916438074491168,-10.997666555843706,-3.4373523174950127,-0.8783257133395557,4.345558151903391,,,,,-0.9346775025559063,,,,-11.510676366274827,,,,-1.7050844689474443,,-6.510441611559651,,,71.66084465713304,-5.226844665651485,3.2712241240054563,-1.9739514862953067,,0.15679993541398562,71.58134435053196,-12.992933538464623
2020-08-28,-51.857234663071296,,,,-0.3881077273932849,,,,-4.024092849904937,-20.797575309353036,0.8782457396773727,0.04878341447320389,-0.5672595266057873,0.3793418130051265,0.7802762262834628,,,,,-0.7279864470101072,,,,-0.49808498622811903,,,,1.2442338835838993,,-16.75647354829365,,,-14.07013285272914,-43.959389341313546,8.874354368273135,25.050841437509277,,-4.160273851430182,12.631325188984214,-14.801757547082683
2020-09-04,-0.25459814417546733,,,,-0.21917291118994375,,,,-7.599690289419293,2.054999102698394,-18.327776659922492,-0.1634625184029267,10.534763629492174,-63.933862551328616,70.76882038493405,,,,,0.011665944711271664,,,,0.25205954715797996,,,,-0.0037245688599893134,,-2.307343780294507,,,3.8290819926427124,-12.415884676514825,0.11828127578359554,3.0694330259777423,,0.020182331052049446,-0.6336615848582832,1.3574150709383634
2020-09-11,24.729525619205724,,,,0.4762502208060452,,,,0.49833219632306636,-39.44674765875241,1.7146847515683907,-1.338179517045333,-4.340067993763316,-14.32779918136031,9.230851836777962,,,,,-0.20504175417000808,,,,-0.1538063213269079,,,,-0.14410574285601535,,-7.598213265499304,,,-0.7028813275636321,-0.5672481396236142,-2.075266979291829,-15.451780091927397,,20.9167932601381,-1.2873602603099052,-24.13724025012807
2020-09-18,21.66832649729776,,,,0.09264415487315011,,,,12.12813849000904,-7.734715845364228,-1.9116686205881956,0.6282594648819815,7.187421281633619,9.11234830385949,2.792521983954504,,,,,6.648035652365133,,,,-1.4359573153606713,,,,0.1613428170573932,,-0.70804792362584,,,-1.927409244484632,-0.27900502197480537,-0.22009271651219303,6.058577292727691,,-0.8358213343566603,0.39579469426969205,-0.9043427239671393
2020-09-25,16.524491081244097,,,,3.1429995180635326,,,,-1.3918394555020346,-1.6675565819226525,-3.2077078424347887,-17.826792030519236,4.024090244371468,1.7272701513795314,37.311995058547296,,,,,0.04616808392917893,,,,2.0218167141491508,,,,-0.45102444243763595,,-0.8716199261940916,,,4.378327125682204,13.297765204856242,3.3929549355580546,-16.644262132591848,,-1.607059916140888,-37.293796912408986,40.41731627951538
2020-09-30,6.2422110615448805,,,,-1.6768367816787642,,,,0.27157557075233485,2.2784801534641375,-8.386769850154115,-0.16854553717264245,-0.9536114252651787,-0.820498823451539,10.977054185635685,,,,,0.03230507971540422,,,,-44.8444295671749,,,,-0.938359865364667,,-1.2841586795374533,,,-3.2251057780116783,-0.16813630066099233,2.4366629709338863,-8.1330850172589,,22.20798970541159,2.4220824501589515,4.494850804348019
2020-10-09,-6.527664766178404,,,,0.3331167174312184,,,,-0.10712385254286284,-12.317107114279349,-43.31345236819628,-25.135763687916516,-1.0944696461408308,11.681612982583372,-102.39325343324487,,,,,-0.9799252068304701,,,,-0.9795368733239472,,,,-0.8512291506425349,,2.058952874832851,,,14.389479887275737,0.9983712026118279,9.629392616587163,18.038479762575445,,7.902148937299561,6.545535402606714,-11.949238231186964
2020-10-16,2.31481421699206,,,,1.5120170579395884,,,,-0.30943204137396896,-0.4218664910717267,17.812865270670766,-3.4849487496658442,-94.29773129899775,1.157563262691118,0.3317312755319318,,,,,30.529812902349033,,,,3.134288510692332,,,,-9.771829952797919,,15.716975428517888,,,6.186141947218519,-0.020900742804211947,-23.152586562549654,-6.089738219194088,,-0.5947045452919191,-63.53510912790723,-6.346784319961994
2020-10-23,11.656264627236764,,,,-0.04170720320732796,,,,-0.7450101725462077,-0.06446473146480122,-3.968187670868608,-0.5314475890847327,-8.310518149248363,-9.338999299060358,11.677598382420904,,,,,-8.428639063564612,,,,90.06009626295187,,,,-0.7413367979251341,,-19.09625464523642,,,18.806806864978448,4.720066697693325,-7.119100230962507,5.897623839605487,,-22.658563658545226,-3.5816559591819854,1.9330895257724525
2020-10-30,16.376561323552927,,,,0.370447586345911,,,,0.430657429494472,0.16522787151998686,16.746282501188578,-1.1692655405662855,-11.8117867684194,-7.606288756687316,-103.67354903573994,,,,,-6.843160908457766,,,,-39.849203303773535,,,,3.2120749663574837,,-0.9318993093310847,,,-0.8177491358713471,-2.1069268269629124,-0.11536110857238102,-36.18727488692945,,-11.24147358411457,6.941256841426259,-2.403623878823757
2020-11-06,2.5324119271183587,,,,0.6023031775520515,,,,-23.077217784659798,-2.107265958891529,14.328325698819947,-1.0117286743164935,-5.902549778803828,-0.7382263356157484,1.23664615236047,,,,,0.055220024814250146,,,,-0.6718755584796454,,,,-0.7256880232612206,,0.2459880329065381,,,-5.590503035026836,-0.3760799835001686,-0.19504308597924952,-9.611747231220678,,1.8626597276278956,-53.777336554299914,-42.736247653053184
2020-11-13,-14.004012319933036,,,,0.4323586782846086,,,,-0.12691351807805357,-0.4276118234713317,-0.7642871267527624,3.88019118308286,71.50389384632044,29.061750064811374,4.856919085156122,,,,,-0.04949989113731865,,,,-32.59346367129296,,,,-0.30751160259455773,,-1.8235413721635083,,,-59.767322867538724,3.4053880729542114,7.261890186147172,-5.895495094858431,,74.28694392069386,-3.4150805991636304,-0.5652561146314925
2020-11-20,-22.81339997619398,,,,10.375395611831465,,,,-7.317215859521832,0.03361164569194344,-10.264279387729088,7.902146023976112,0.30306964054729857,-5.805216634552031,-59.99844306306536,,,,,2.4796502996093714,,,,8.270543950414908,,,,-7.326859252316997,,-12.726587030565405,,,-0.23635997506226375,1.3371518582936335,0.9233308095649213,15.778722474980539,,-3.2297499643266216,-40.919162648352994,-23.70173800995586
2020-11-27,34.4705188466335,,,,-0.33873017993007537,,,,36.855510847819886,0.8697156272843685,-1.6911638329614762,-8.75317772746712,11.52566164234519,69.71691253010607,46.11447958416132,,,,,-0.45576222256493726,,,,-9.249511486802916,,,,0.18105015144855696,,-17.68315650355075,,,2.008132038385819,-0.26343602257868465,0.08084060220474154,-20.86242220960902,,0.4563210285270536,-66.90714167221994,2.6841348300033907
2020-12-04,-16.474075394540787,,,,3.8385534577575715,,,,-0.26607446786285954,-0.16881740513881788,-19.457897391254996,9.942534083046157,-11.47162882269259,-7.482737790076484,-43.94537774332946,,,-43.365511317888405,,-9.513475467573475,,,,0.21604766253969804,,,,-3.592422952261275,,-0.6188003103633534,,,-0.8685519112752046,-0.06052474093738655,-1.544379371568088,-6.482604868893304,,3.690944968099914,-12.729821045345497,11.40305490347458
2020-12-11,-43.78011070145222,,,,-0.27341064241485613,,,,-0.11095432970698568,2.3922998185944864,5.6988198445785425,-1.1202790818573496,-19.753023746285823,-33.867487537483655,-55.232348375054855,,,-12.47591536337566,,-14.767516769949603,,,,-0.10595904312298866,,,,0.3788398989947752,,6.761788198346616,,,0.07672042264736909,-0.3875481615763964,-0.5570990403752251,1.4638161808313797,,-94.7586727888585,3.6166653254598127,-2.9343616931905476
2020-12-18,18.150894185773694,,,,1.441050973153188,,,,-0.06918670170234956,6.9596759749264745,26.536457315561695,-5.7239931154999875,-30.37362182316958,-1.257554722400271,2.2970107813219647,,,53.61282316221346,,0.1998498238016532,,,,-0.12461845309583275,,,,-1.9485273010241477,,1.2077896705578972,,,-0.2200234082956816,-0.8397143444764783,1.4846182416182403,-24.188234851365916,,9.64620943495193,3.152796267338791,-0.618104766701219
2020-12-25,-13.87107881756133,,,,-0.12483623960494926,,,,0.10560272922337233,-7.500829838281157,9.354034059943876,-0.35510119224326303,-13.99527350056221,-31.452133757229447,11.479249606436781,,,-55.32007363188471,,1.914100322406672,,,,-2.7631952697260447,,,,-2.5012159163920193,,-39.682149803248734,,,-0.8924806081400676,0.13628017914220214,-4.741898471462902,3.9995353475410647,,47.43416703317779,64.6378440171692,-1.0539125482151985
2020-12-31,-3.9315634125781047,-3.148915280714456,,,-0.146014327816538,,,,0.06752545089845052,-0.7327652825794315,-93.7159301126528,4.061276641662736,-0.12045370719021692,-4.4951308434849295,6.728001850559336,,,-9.998808670531691,,-12.655357761015988,,,,2.825401600359424,,,,-29.18377721662695,,9.445277151837672,,,10.179193379910393,5.151064055083839,-1.8957346296703648,8.7156220284147,,-31.61281853410292,4.558824647900205,27.596930408128298
2021-01-08,48.068824590213005,12.250999458671703,,,-0.1300291053785103,,,,-12.720333896705073,21.637909587141433,-15.696609624004012,92.09858595325326,-0.7200206119236565,-0.018758608737747984,1.0019005067440037,,,-6.659111220357017,,0.06859303424625951,,,,-0.19092182749906478,,,,10.160268577038819,,6.317696051256862,,,-3.145830236602934,-14.490138518377165,-0.23028487043156415,21.358138158121598,,-47.62606699804872,-57.06693147638349,19.885260496431396
2021-01-15,2.398778101967281,2.913171918145275,,,-4.733713440203355,,,,1.2723389784549888,0.5354724390078698,0.8319013326085267,-49.82305442766004,16.709040464154334,-1.1279579316653052,11.99942312704053,,,0.603745981186232,,-2.8853685913599456,1.3879360434761163,,,-0.09794099746208434,,,,0.7551417037221846,,-1.571720679978006,,,-1.237242020113183,0.5903882697938424,-28.966454033369118,71.01304725297422,,1.6729960861553346,-2.688554603189153,-2.8366857336446962
2021-01-22,-133.7817657415363,8.444765833118218,,,-0.06584184571990695,,,,0.2293584762620942,0.258891980167627,2.7710955175073524,-7.3084670228828745,-7.843102456545738,6.1646684294619485,6.697044777481286,,,-5.83190075304052,,-3.418008604180282,-0.17205554273879528,,,-0.6692541851502823,,,,-1.1503590571679032,,14.548505222799516,,,-3.2785144658965235,-5.491565539195398,-0.9533077273691957,-3.208466109123218,,-55.97437922671496,0.6414672608562555,-14.982123789738647
2021-01-29,-36.067621600351174,-0.6717167258435763,,,5.5132274136458115,,,,6.529427479469019,1.3233747903962068,-18.43643184815977,-56.80184130267913,-1.0056285690790006,23.94833236016931,19.239587660972784,,,4.326363302907034,,0.027507942762169668,-0.14786877801718057,,,-0.6156376961085728,,,,58.30017363452015,,-4.253386755283842,,,3.205469892718075,-0.7443739201901642,6.092865570425771,-24.236155874564577,,-1.6199037884719945,-18.45238070332242,7.709714788694413
2021-02-05,5.02139677846601,16.678885164852765,,,-0.13944054281741597,,,,-1.7809241235881124,-0.022518614703395,-53.97979918834717,-1.5790044048660041,9.466266034403116,-1.9203255042196627,16.98544102419059,,,-10.288927918755972,,-0.6824329310687984,-0.0600807774974384,,,-0.4980197371601675,,,,4.338677694372127,,-1.9342971131863933,,,-1.8609179574799057,0.23077178219639172,-5.774158263618093,-4.143814845471268,9.418508629733154,42.96228201932521,-3.2465798379104114,-0.42370175733908355
2021-02-10,-9.708863710670732,0.9087430382389117,,,0.4118432205556195,,,,0.04034935803970052,-0.09566537049675633,102.3064480426164,1.296654839626028,-0.04674545379841555,-17.201377927521005,1.681896414940892,,,7.780496934783879,,-0.13127337297415503,-1.013919195897035,,,-64.9211168495088,,,,13.332788732269464,,21.112623262001332,,,-5.742854642707691,0.14616366388071392,-4.155285842174099,3.625907515688238,-13.585504511044736,-0.3352551069756091,0.4812154390908571,-1.3632980238111263
2021-02-19,-0.8867194201061226,-0.4761311245125115,,,-0.13295208220029656,,,,-0.6845903214013935,-0.49477283475055633,-8.607815124315938,14.418890315566637,0.609104403773331,0.412434769555858,6.0597638302978325,,,17.227220870890857,1.1192300483614388,25.224126380156648,0.8699790447267355,,,-12.22382364518053,,,,0.2800767935242795,,32.571782246363554,,,7.29858311017358,-0.6421098241968941,51.6500929804783,8.046328919475524,-3.875249963767854,-5.96911903184257,5.969528925952439,2.4509756010906942
2021-02-26,-12.760354082814517,45.7759952463094,,,-0.6736757726961731,,,,12.212948964325001,-6.842890171557467,-19.939170801569777,3.5710290969538283,4.853728230260877,-16.068390865863716,-24.14062218472779,,,-9.630824646107026,65.05605604780067,0.04349181190756171,9.622556671484444,,,-0.3502998846926428,,,,0.9627563625157292,,68.94721530840928,,,3.1429911718885855,-0.4013957035878207,-0.5608186284612424,23.141245873662786,3.280662798214483,13.539828451189525,1.6997898146065156,5.91375692135777
2021-03-05,11.370741185859732,0.5313232299620005,,,-0.8327465790722429,,,,-0.07095061167611943,-0.16096534360056086,14.441108265626514,5.203912751928035,-2.7100431547331807,6.187754671169405,-45.904949567889645,,,-10.903226724267657,10.678900315694364,-0.5027560155150641,9.715670170128746,,,-0.22859920851410745,,,,0.4410802021616611,,-11.193024652017026,,,-1.5687792356878372,0.4611497602483082,11.703562773726786,-25.203379145546997,3.548493682561211,27.369817071106944,-95.08854816430029,-0.3816747876106019
2021-03-12,16.350630119474882,-0.7809450165496683,,,0.050005384521069535,,,,0.30448914978188435,-2.0434592728036014,-121.52841454265631,1.263400022294821,-15.676882248680009,0.3329101382752745,-1.9812698435515275,,,5.2174047738264475,-19.232649127079576,-0.6201899783048954,3.518348725369366,,,0.43635664183959266,,,,-0.2022967266737798,,29.445593931742476,,,-2.179986448246459,8.492316707483845,-0.8799353890740154,35.288951283933386,46.53817989972274,-51.483356238761594,-20.93305258301052,1.5352765735832345
2021-03-19,11.903516135028024,14.687713434678253,,,-0.16665269745310463,,,,5.547817268243137,0.30098425564744646,-23.95077804268333,25.683349139092584,-16.60915388830126,5.5924639954428566,-8.707739472719876,,,54.668169170050945,-0.5088182456421517,0.7269771849891054,-1.4843658140590372,,,59.714292214029456,,,,-5.156450977214913,,-19.782803925319218,,,-27.40018093858136,-71.59512038767728,-135.95340630435146,-19.721402360689428,-2.1892248773142615,69.12448602568838,-6.844801836648882,-8.984867598005517
2021-03-26,-3.945394996871759,-6.332432377988371,,,-15.948551203869986,,,,-0.14944365846136654,1.0644430185623417,-38.79974537987543,-32.85140854177632,4.927470655548925,-1.6617859659296284,-14.2768147881248,,,0.6464175559541054,3.0056297609889615,-4.345512094933919,-0.8538648170634882,,,-0.3129007428330657,,,,-0.48484594305568796,,-56.138538782972205,,,5.514687680607899,2.093175105242537,-3.0221415352872247,-11.021847931684412,-37.217792569681464,0.2345650179550125,27.085345903947264,-7.254223488842512
2021-04-02,-21.78913824028725,24.155050639962678,,,-1.366069740562593,,,,1.6872753852291642,21.841692160718868,-20.081779448716407,80.24950714029991,-0.29579072701650544,-24.336391590740586,18.970645313095716,,,47.59655087698107,-8.622346257128028,9.532459239009992,50.0731227725168,,,5.271109423913526,,,,1.0470957896554305,,-0.9861744283314953,,,13.049514871031167,-0.6619179406724677,25.33567136985649,5.358609958368376,-1.494392172842034,-10.269041411635985,-19.327805511295217,0.9220590700393332
2021-04-09,-37.71411865101212,-3.5332316321374546,,,3.813338792045264,,,,-2.3076830845873078,-11.637518216728083,25.061206639073,-62.20770722069913,4.404878730121288,-3.866936918567293,-3.3328479957595336,,,-3.939486907435377,-18.192973291521625,-0.14128358991027332,-0.6340186347786366,,,2.495929461883545,,,,-7.247756540141319,,1.805414641395502,,,6.031246563617135,-8.238168265667728,-1.169112311660312,-18.089458229889175,-1.8486168393021818,-8.16733118965344,2.777432237762768,0.12844247837480618
2021-04-16,-9.55242811652545,-11.02632029764238,,,-0.34243091970833334,,,,-0.010018282596997996,-0.7652197503304962,2.229063444183158,-97.66940072963614,-2.6059478966242935,7.83082789551843,-0.3502069365995564,,,-33.28221264882485,0.14642041502729447,12.320173763338506,11.34831322733847,,,0.7640633902856364,,,,-0.3588556887054061,,-1.1886603288276767,,,-24.986168073278318,11.259539747593031,13.093002926193515,-62.886231316923045,-22.638595334615633,19.66182298802329,-9.060582241208628,-1.5802009387769678
2021-04-23,-38.2995436707929,-8.64819670998198,,,-2.319233037591978,,,,-0.4981506779228754,19.364039760539036,-50.46546904096896,-13.991158584806612,-0.584693136899731,11.39417617168792,34.940668007665494,,,71.42261967748425,-0.47863227732286473,2.8485020790051463,-3.798516264706846,,,-0.5428377729213612,,,,3.438965896255021,,-46.257333056013664,,,-1.1925789430675817,7.28123237914628,-6.468068068273158,-42.87176123821024,-21.981275426344745,54.06356049516226,18.68659521417241,7.0212351229176875
2021-04-30,-35.35646305624651,0.584822160731519,,,2.2222824864069137,,,,-0.41556057144693376,1.3280437186778742,-1.682915021787554,-15.569335482743757,11.53342882522529,-1.8665150644083703,1.412828891669435,,,0.3621259775506327,-4.929890472989702,-4.236033547322329,0.3006843192837208,,,-0.41903223201725126,,,,-8.241860312038193,,3.5939099649349897,,,5.979135915088458,72.00142368140408,-61.97123667676253,34.574141724706664,-0.7925330364755732,9.263940365296445,-23.71772199853966,-17.649871032053714
2021-05-07,78.47353638430357,28.448123557313792,,,-2.6258225231585604,,,,-11.361579140710123,-12.46083599357928,-84.3148228863312,-0.012024653882486191,67.04587127832558,-5.107623496044845,45.900669894905306,,,0.1465665513746643,0.3660871610388372,0.9191011740264157,1.2026696279344253,,,-0.26721629568298877,,,,2.8869664736277123,,-67.32818783458428,,,2.3411559414797276,5.258695272641714,-23.784861054167603,-34.88299412525523,5.3847646687314885,-4.396365822882874,-3.895248483739688,-0.3848981946672927
2021-05-14,-25.300281256714147,-41.25901888424981,,,4.20780294720543,,,,0.6381265536474947,12.533375810690705,-4.6845487599006645,-3.1678644631547392,0.10007679998082775,12.965930713457777,21.067698456725054,,,6.367791597154848,-0.1869565947382144,-2.2725593995665294,2.9121271206494987,,,-0.2629528749674818,,,,1.7980349038450303,,4.0410708802099125,,,19.631302426961902,-0.3097692224708367,-0.3781856380150576,25.977374392368283,-0.3199296088415309,33.81077706027974,15.504035124781105,-1.8869454320242731
2021-05-21,8.011304827131642,-16.14841625821247,,,-3.4651178573218244,,,,-0.12549736761144425,-3.0529501330728923,-4.636871855622677,58.35906188248674,-3.0001559597493395,-1.1359007135737882,-60.20473866602893,,,-3.4089858906696424,-1.8976684980467304,-4.978155829509322,18.102457052887583,,,0.08027244795284502,,,,-0.08452178356938361,,41.023645649533954,,,7.8708997568037775,2.2626957618829495,65.01610209256008,9.744984879193407,-11.252547650491497,19.393620693013375,-80.33607041739991,0.6759107327183633
2021-05-28,-9.839459614067893,-3.201613615161515,,,0.5947631061108898,,,,-19.142607567936174,-45.136128463045,19.773303717193304,-46.49451841691254,8.820958611247512,-0.1443364721284799,-18.010060194134926,,,4.31464597791107,-3.71722664624087,0.08313916765595974,34.365789542250255,,,-0.6499306481213184,,,,0.3694100036757184,,7.189341895136604,,,-8.083486952708409,0.7194479537294278,106.02073704715585,1.639108291595167,-3.3596597787395837,20.997379654241332,-35.4146902185867,-3.4366109227351407
2021-06-04,33.56605433788098,0.25685366482404126,,,-11.845365599343555,,,,6.533303197708127,0.5126082305995517,-7.2334676957633945,14.60020758632721,-1.78519343341016,-16.198269300076937,-1.5182950308750516,,,2.115139332698429,-1.842798264650887,1.5287852789280654,7.560980942969529,,,-0.2595411648935039,,,,-0.028582561078103377,,2.5279983890612483,,,1.4037982424454203,92.58418556197944,16.624763726523668,-11.951825504502356,-13.476639888364463,2.05109753511782,-1.1143343309133118,-0.9880118231764541
2021-06-11,-35.53574301361086,15.701779414797858,,,6.228326546873646,,,,3.3575001100748354,-21.129258262749428,-8.601564332179544,3.2764213754583116,2.784964281248715,-3.009501249432298,52.72660247810784,,,-16.552664421560184,-4.099199727512577,0.9047901915820757,-105.01739179916761,,,2.807560628719056,,,,-0.10044438613287054,,-0.03923788981654805,,,0.7527724511776092,2.5349553930247963,-6.60059182186485,5.244335311968414,-1.304474166169278,8.231472365462935,-25.880086990922237,0.3735826824741313
2021-06-18,53.71772792613104,-85.41611824503727,,,13.586076580054725,,,,-0.19777811493375752,-9.03257199267821,-27.04342117091249,-15.94288059059855,3.1275904183626464,0.05201650160461624,-57.400433629135556,,,11.972992309920498,0.21872234139055324,-0.022955722362777042,-0.3974956539151448,,,3.791451620284058,,,,-0.036898341635768966,,-17.695180844145238,,,4.896102631662058,0.4618990830058064,21.107752628624905,-57.73676989868123,-2.5086511390422936,-116.35483517148157,-23.927860389221188,14.222123778588097
2021-06-25,19.26580246408327,-1.0962648026119317,,,63.48064070804234,,,,-0.0642528138045443,-18.665895800646148,7.261021687942687,-2.4488572469842325,44.86531481525505,4.715170823503147,-3.922537402308676,,,-12.741127643693334,2.083223318676506,3.6177081921544545,-0.5059060182451223,,,13.930901536306829,,,,-12.065756006640814,,-4.567085835771991,,,-0.7186256564374351,0.9229936062189066,-4.982888566129969,61.281625398709345,-6.905547657300329,18.577980800022427,25.85681716178043,1.878970675921646
2021-07-02,-27.05749265294072,-3.3905218285211105,,,-3.756923813721836,,,,-12.226395802615057,8.74038347488949,-22.580268692653483,36.995466802984055,16.965588388785953,-3.499460821953385,-8.084647906462926,,,-2.9763978612733277,0.00653939574768285,-0.6111508437774322,-1.0003659239750184,,,0.8883503895499616,,,,-0.43012700155297234,,-83.4080152975555,,,-2.0151323505781877,13.864856275407709,32.682820388743515,35.486838018688715,-1.1293110032255342,-7.005993846717991,14.717316143937538,0.08491424622327363
2021-07-09,-6.5125565616116505,-0.8686326398492368,,,-0.7660840605124086,,,,-2.2326261421691314,1.4760862807339987,-0.7874001661282533,-23.717205297732004,-25.71948721751813,8.261471004671979,-0.32513566626357854,,,-0.5360301169050403,-0.6154913331599462,-0.034131471636424715,11.050854278850787,,,34.48529093981193,,,,-0.16119821755253871,,30.010271342948517,,,4.045185860573414,-25.196465246307262,-16.84508295712814,15.115848008158228,-0.4764693835729078,-66.32324327718744,22.970659342515045,48.9690621297856
2021-07-16,8.850445219814496,-0.5476888542705918,,,-3.246015166379761,,,,-0.24378835281585332,-2.523113289738167,-4.754454390207474,-8.891983552339468,2.5008539412621196,-0.7432432303515211,6.566271846805598,,,-6.596741007564608,-1.8400907298819096,8.152573447904434,-3.0367002834924848,,,-5.8361233445576,,,,1.5655032578650667,,8.654034714329267,,,0.6822311785897417,14.451596816353087,23.00886849936351,16.97431237215708,6.538104697811406,-87.19217508063828,-7.168853087332659,6.611373792864906
2021-07-23,35.45091270147944,-11.986472118473037,,,-4.291042118418591,,,,1.4716767118884861,-4.058197866877985,-9.99012854856257,-12.046490261372366,-5.312179130413685,5.9803574464862335,8.981209365425492,,,63.6060520389816,0.5190066820079502,-1.1320489207454343,-0.7074493836063732,,,0.08453847232613376,,,,-0.23606510009710457,,82.801026501025,,,2.632968022497912,14.835352610296699,-6.997195607727229,47.73763352949862,-7.593131040840373,2.478840868105194,7.4829203352474245,5.896933093258926
2021-07-30,18.538465304645023,-87.43413115667113,,,-24.535874046407333,,,,5.82518827161968,14.149092424799688,4.55021172640798,-28.909674685444504,4.952160820728688,-1.012476383641154,20.498394663905817,,,5.858587197182692,0.6967449949302704,2.1416241729546286,-67.51676333386766,,,0.7353670835661756,,,,-4.125926310067467,,2.223480623110796,,,1.2989857984351643,-4.304734179663791,-7.40018811062461,-2.0503868653286794,4.482052974332656,32.48777042954918,25.58047541594188,-2.037228190757107
2021-08-06,-7.460828263474491,-1.0999885720325997,,,-3.1010836525703533,,,,0.3544066927274352,0.15938518893575687,-13.353279278338938,31.611739432408196,2.3151180048814872,-2.2304280480590744,-0.9401465321073925,,,-8.432655805867041,-1.8933936099573503,-0.04185034720727243,5.177209275689827,,,-0.012979534548776789,,,,0.2721775284490195,,-7.683574919957337,,,-4.104958718079571,1.1991942666853705,-21.124442977502092,7.983664764362082,-11.730012043926074,37.27630486331095,60.36067359878538,-1.70626232522519
2021-08-13,-85.49502792838793,-3.7192532852986684,,,5.67933876680165,,,,18.765666262129635,0.5551208894797096,-1.3280874650175134,-48.29595321825285,-2.8125321826010543,6.163885061315458,-10.97641419491062,,,4.165296340789283,-6.663226781001299,-0.0505618768096282,42.21777139514966,,,-16.866279128700782,,,,-0.07218061043738709,,5.257289314154963,,,11.708412846209836,-1.2440396453291884,22.400289648823474,-7.701422787334283,-13.212692358860016,20.223826446080405,-36.088447145586585,-15.568223680444904
2021-08-20,-29.046136746570056,-9.883737117930352,,,-57.6025605105374,,,,0.1949665555500743,-0.2859742229859946,53.39681095316873,3.9864991683412794,3.2876435345684194,1.0637156484888726,16.60278013223909,,,-45.2082269078133,-2.192828346959477,1.5806372251059941,-2.7902634238956585,,,-3.38675370174351,,,,-44.10074594935584,,-4.210955670858684,,,21.42810832878664,3.0435389553795726,-8.23064741685135,-13.577918016176639,-7.911179800796423,-41.33218056525505,40.70345401537447,-59.897101252800326
2021-08-27,-29.499578932174813,-0.6130395835269762,,,-1.3611431967055252,,,,-0.10383446550781154,-18.40857106731956,35.04644044876166,6.390001021787206,-3.4700211311896876,-1.1762646381404422,-8.993686690520269,,,-11.101301688159953,-1.7770423284371155,1.1915517202026251,-2.00587096627622,,,-0.2542650175464068,,,,1.8106188091959852,,18.537598739844643,,,-0.7455349795776859,8.788463122453045,12.985834223647826,-7.691261944046246,1.7613585150405984,-22.476298359194594,-24.825242035952233,-18.072671226087035
2021-09-03,-29.986800596028587,-0.022424149713298203,,,1.0430124411129744,,,,-0.12349278411919096,15.473519008758302,8.843394137951599,26.356631715495656,-38.11016089163733,2.0327666588806714,24.79005459404504,,,30.216994074539254,1.112240727400905,-4.616431174125969,15.428259786331154,,,-0.038901333110230696,,,,-0.021750087420005892,,-2.694553190306645,,,2.3903151761383987,-43.962972114241914,27.434384837225082,-4.260913612925889,1.967217519534977,34.3196534132977,7.534405871283911,0.11323732463623887
2021-09-10,-3.771329990738155,20.770443510291887,,,-2.5414097902309374,,,,-0.04181027473531876,-1.2063346768029817,-15.699475190813777,-2.0718782897465733,-10.619307764293527,15.954038794921807,22.628685605533015,,,3.5996541737040433,-1.2966793357341406,-0.16746673517134736,6.026604259683235,,,-13.572040212261104,,,,-0.14465733249308335,,-34.42985414697836,,,-2.372116693924813,-135.20796637567128,-8.55780570992969,-63.896167280506944,4.2950250039281235,-5.368559051089691,5.732287858060964,8.010613895731467
2021-09-17,-51.48274082636144,1.5794569097378974,,,49.60693542657755,,,,-0.11485366681011966,-6.332938242119612,-13.976161588658478,6.155968104221403,-3.1250024353536334,-2.3712578034491747,-2.4379353448769328,,,-68.04820283579721,1.9422766932570967,-80.72835727325518,1.29065645190942,,,-0.7594271767577303,,,,-0.2330814025808311,,66.19010959658813,,,-30.117317965797778,17.749487193327255,-3.883559242498287,101.43840393494435,0.3446129419689976,1.6763243151642584,-16.67052344552368,1.5098732780470736
2021-09-24,-64.68472170146012,24.918432434108272,,,-6.167532688790352,,,,-0.2510670885416803,1.159048999228342,1.199570144091025,-32.091838305195395,4.1433747915262344,-14.688429162488426,-2.080620229116432,,,20.766908124643734,-16.887177800516792,-1.285666484494532,60.06507885051414,,,7.44778955312161,,,,-1.1604426770148328,,-10.869893444615542,,,-2.6781513781974526,-0.2782097600735238,9.042195848935048,-20.58348208201897,-0.1412287003204963,20.16494185959593,-20.547690539953912,-9.449724295950206
2021-09-30,-7.83699635315727,13.462149295528112,,,61.05740571846263,,,,0.006801728213963326,-14.921896597291845,4.609320323951177,-0.3212124024372951,-52.24369129789593,6.235914132115522,3.1411453619358296,,,-0.3916309995627217,-4.160302500873248,-1.9240972614479503,-21.103148019308353,,,-0.29622106208261106,,,,-0.3507496712469238,,-21.390887614081613,,,-13.166453373045256,0.11962368418053848,1.757840950753418,-4.180470264554364,-1.4012595698154233,1.6977541834692789,27.809441692341746,-4.643455409292576
2021-10-08,18.912978278151044,1.1971129771026388,,,-0.7821271265827802,,,,-0.13018289885824252,-35.02718426442716,24.50276399563758,16.79701545789127,23.731628308647416,-4.693686886469013,1.490678929655993,,,-8.390681880748954,-3.8382745766156923,2.618782773292452,-0.22336465956243412,,,-0.03705357837316488,,,,-1.2823468736933714,,-21.961805331174034,,,-24.083936655415012,-0.8566069542693991,4.106747068244644,26.111744203045355,-29.321385856963,-23.756866793689266,-14.550048720890615,-1.541710565978721
2021-10-15,-14.911457633857946,1.2597652002448292,,,-0.48106796172925764,,,,-0.9449191365823214,-3.4472021058764577,-90.95456755446368,73.88225826374702,-0.831343727693357,4.036594410944218,1.0199358192084773,,,1.4628102536442449,-0.16962380317548853,3.2530512361962183,-7.23507336048314,,,21.049952615711177,,,,3.5337014667923246,,14.579343999438604,,,9.031990388796803,-0.8698865038840538,7.853582293537732,0.9291478139902758,8.035799399299055,24.30473074484758,-27.71834599479972,-5.347610873438251
2021-10-22,-0.14409375260773793,-6.864308257947553,,,-1.557542686351629,,,,-0.39308040991190135,-13.319068499921732,-0.5944174719571758,17.20619026880764,-8.688411182245368,61.86458712229093,-3.8204255149428383,,,14.415701070918512,-11.076688243143376,-2.050333249770934,-13.812456458341963,,,1.3295016902797234,,,,-0.8560599233934074,,-0.8988579403271962,,,1.7042288037627595,56.982473405854364,-7.641130502078376,-0.9567922739861796,-0.27638073984818334,7.088345684576871,-13.937498362349663,-0.7188567931223612
2021-10-29,-39.77166349568442,-0.6130514945979797,,,2.3724073057003303,,,,-0.4116075403978269,0.854361236088674,-1.044498281896098,-15.392142753968859,-71.22722528078873,0.23389809455652188,5.992439993989413,,,48.61813059115814,0.05575039622669753,-20.14507012870122,106.23310017322389,,,-0.3656296542425518,,,,1.5862872100404255,,-15.257528554677005,,,-27.654868708638972,3.046176112128044,-0.8627510407452199,-66.64822195281546,-0.0034204253589611433,7.34668552230973,-8.226011191353377,17.82583330386943
2021-11-05,35.55623464548758,-14.422814658352738,,,-5.678266124865806,,,,-0.26401218198398746,61.82613634654026,39.33070442329078,-27.082628531845113,-1.3717008068054324,-0.19538409563281578,4.709387360132958,,,45.12552402099641,-0.28648563554303175,-0.7969526362851387,-7.40159496819957,,,19.08116289622602,,,,0.1811160964691786,,10.793213946044439,,,-5.4389455026398075,-0.6113715709434923,-46.70637449930808,3.447370105916265,-36.30611667129724,11.726589427419977,-10.705955691401057,-0.37889048027042865
2021-11-12,-43.1235298883439,5.375896733031297,,,-2.155375917291711,,,,-0.31038182406688936,-1.802744501923495,-8.078254350053859,-2.8043677653648884,-14.494850161478393,-4.786534419570413,-8.143238398323842,,,-3.024184133178838,-4.14609804893977,-6.9029401641350105,16.362352186783895,,,-5.018965644025858,,,,0.11528498648291374,,-13.045608971272111,,,5.86369929212536,8.973844957057231,-31.19843365849843,0.8413374156052242,-19.279127851684724,-9.851946060637099,107.63054969602611,-1.5231798868435322
2021-11-19,74.15812905584087,-1.494027904496679,,,0.15717538561287042,,,,-19.188476273993466,12.605900303087367,-13.801344040089871,-41.19142548611553,2.655598717582247,2.576319317700613,-1.8406566775514677,,,-2.7351002339863557,-0.7363327756956768,-2.0805535581775976,-6.31423729231403,,,-0.24703059770144994,,,,-0.23778685217724777,,-2.0960376922493333,,,-7.221513461901045,-10.055413835673038,6.115948543375696,9.386417738005203,-0.11863655852771918,-95.21812136489571,86.20281664228516,-6.991548487289047
2021-11-26,75.36419487959455,-4.741877691578502,,,-2.123014165590095,3.075913589432296,,-2.946099387159564,1.279044618067642,-2.1857130552995856,-0.7612313579653215,9.50461787361083,20.39500813821005,-14.226330191772794,-0.6252685866683725,,,-5.698340242393933,-0.0909851644924745,-0.28637853960786996,3.553427057060082,,,-0.40660036985913484,,,,5.938884895243235,,0.35328857488855236,,,-2.013871064344864,0.03074154050437064,30.697337485775613,-2.3766459476978765,-0.6143030847682127,-41.61151200472553,-22.00421763970289,14.934820129744455
2021-12-03,38.531773315947106,-11.636452960867539,,,-5.974508910003952,-0.8294022036342777,,-0.890449683659847,5.81140838304247,-0.1101005475608681,1.7984535127941914,3.546221265020387,-3.2925881976873437,70.11980928292992,73.22156584421496,,,0.3985471075637331,-0.6906407745548819,9.653865802968053,-0.2912383034578425,,,-0.3669453020994472,,,,-0.4654617359405434,,10.980302085762979,,,1.5364055118499451,-29.452292934517136,2.463056645915333,22.71970468794629,6.986382885058513,15.134685222511381,41.54199898783138,-14.870349798304732
2021-12-10,-44.01515592247892,-5.237326074020951,,,-5.40738127871417,3.7572855552100926,,11.148769924797751,-0.21809084459260097,15.131434907332117,-1.5652047057105833,-132.44304530665016,-13.01182078126613,0.35517902826964187,5.876586843678592,,,0.8659593900749678,2.9987726602222526,-8.039308720502962,49.23162343466152,,,-0.5422407182484917,,,,23.94373321500445,,-11.152242848425235,,,2.612416573073203,-0.3006332317144823,52.60728651854441,-25.34112421854347,-1.8918886356473905,5.82382918106217,-8.140621838863032,20.999858854754077
2021-12-17,-15.279234433968568,-65.19598417964374,,,1.9764982707829433,35.71437352459088,,-1.9260928496925716,-0.1432440484118718,-33.66132355924796,-1.185980370486079,-0.9912260240934757,12.78659899583019,-9.329883191600732,1.1033756893291744,,,0.19081486081017474,2.698825388031098,-0.8428347937843859,-2.3199169944285627,,,-0.3490361241964549,,,,-0.249586388682745,,21.084836287906867,,,30.080787124006967,2.167069255173525,9.434102758694316,77.45193816654667,-0.03222108775157098,-17.376353526681225,5.740671732868985,7.076033802267145
2021-12-24,22.78350265350915,-8.486970754191063,,,8.910282470877753,-7.699069581641743,,-8.61276878716852,-68.95811453524868,7.63932504529558,-32.98227196972853,8.646394560194802,-8.350165615271479,-9.435473342677032,34.70521114506873,,,-19.558785319254987,-0.23194227405905837,-15.192981665375417,2.9448540969370587,,,-0.23774524352114793,,,,11.327877089788693,,13.561484575029866,,,-5.502617439232753,-13.695575867284337,11.512841725808059,19.248556376073974,0.5693551275567852,5.928034466446241,32.803596710696716,5.036520395284402
2021-12-31,-31.81947171917866,4.246125643590288,,,12.770294053875189,1.0498162674344658,,-0.7207221525794125,-3.284502754903433,-22.830991557800964,0.06288982064874138,23.322952991413324,41.816233262005,33.19486350311975,11.18389234035309,,,8.315808835288486,-29.552369104172257,0.4441117535671695,-13.338688966731894,,,0.2670587425679427,,,,0.48456348139183136,,18.763929017175187,,,-1.6775995622247382,-0.6462610966794791,-4.026779178892081,-3.302670093813333,-1.8225884649606787,14.750038958543866,-25.727889643407472,-9.737285130637353
2022-01-07,17.053469600542282,-0.005801208596529023,,,40.14805794812709,-6.5889764620685,,18.54945035709718,2.053293453504671,-1.7540546729513822,-45.10144077791174,-71.7970611833543,-32.585524629122716,1.4318947639527808,-1.7496253764602985,,,-5.524711439936598,0.03901848505792446,-1.195868104210209,-8.285841578359442,,,-0.07692180530519233,,,,-5.784444043132233,,-2.7050567827302765,,,5.37651676704167,57.02151810553059,-0.9253225880402814,40.15180543428577,12.5961498822757,-17.982753194562985,0.9430893817070436,-8.304093511678122
2022-01-14,-9.239853545285555,-2.7310059246814946,,,0.3104884494285298,-22.068640562549348,,24.67658105129656,-0.02124551435222316,-2.6942368175235214,-18.594744644026758,83.71848845331695,-1.222534879185687,-4.340784053870715,7.966467672719897,,,-4.282531855480963,2.422759031204021,-1.1171881261588201,-97.79558150859836,-3.54962034254774,,-0.18570023812066092,,,,0.6887428225378045,,-32.54561292053688,,,-3.8759533458814346,-54.98794584473496,-17.495998387789893,14.958684658450252,-0.8831966552129878,-5.091180930411226,27.26109634758538,-16.61968989115629
2022-01-21,15.756728280097498,-5.393568294938973,,,-96.51739299630566,-1.6355228573984626,,-3.474257904939932,-0.2746744923607601,-2.510800219274694,0.9637741427608045,6.731856453172639,16.375962004445512,-18.01357099303656,53.950094469820904,,,2.7426841580335655,1.5179492357570497,-0.5537572327652407,-40.563443923728165,0.052753060173386546,,-0.7066806581293246,,,,-0.90105932876109,,18.36141783102024,,,5.910928013438219,-3.30160062396942,-19.50935871899304,60.923579397558825,-6.998545552219941,18.41909864478295,136.83894143876992,33.32995123422776
2022-01-28,24.20382546770047,3.9858367103713297,,,-6.66180993578817,12.521668200519507,,-14.194824036141158,-2.3461254663302573,3.8838285127276864,6.144590683114261,-1.5569659196733117,5.140337916370183,-26.315733468971345,8.147264034486346,,,-7.498210811894602,-0.857816770087399,-12.443847676181676,98.4703724118034,0.0037384989616963266,,-0.3332294275115756,,,,-0.18176209726531045,,-13.876935545855641,,,-10.812031246255538,-0.771610068377184,-4.193181900673784,-20.800195671553283,-2.9712425211413978,0.85153008389811,3.5383524309403525,10.261228783324281
2022-02-11,24.28259503181696,-0.6076837256261932,,,-57.362523260848576,40.27157518847306,,-0.10426827608565459,48.94516595110936,9.417329811546146,-4.868014577448699,80.43879238308031,0.7184686628232438,-6.294640460521841,-5.957560880452055,,,-6.386194925157018,14.689937398886476,24.799250969657027,-78.31785065057726,-0.1713755004050683,,0.48815756233751806,,,,-113.90035662363658,,-4.954927391683643,,,102.52450196118883,-15.889202112079992,1.0014472233234357,1.9604457400281299,-0.38897406523724387,-4.422119919822922,-92.06492480555607,-6.704085263059738
2022-02-18,-2.7610061537369597,6.376603020328279,,,-2.349614348710901,-4.716408371507884,-45.80954211274785,-20.518443195364135,2.33241889422041,7.006734219989381,-7.987758123805276,-5.614216669529808,2.30688825817972,-11.804640122490312,10.434044721016916,,-0.36880017906402673,17.57122683779188,1.1495714345908397,-4.091295702894868,16.172282734983263,-0.30824477391838123,,0.14269773216872744,,,-1.1517188920595194,-95.77061494711566,,25.68493663658708,,,9.562429872642399,8.255720363427553,-13.57273057796013,4.682576929755745,-1.7765358190386538,0.20543629456279855,-25.68997978567523,-0.027397369707038294
2022-02-25,-19.45539195853987,0.6585785916424024,,,-48.66696270464876,-0.7108197112505225,179.84358836005003,-57.26484954288813,-0.6614623081347268,-5.805713160577335,13.436826438235089,-1.4831706451481046,9.539308851937584,3.8464173094803815,11.613094003868667,,-3.6654693631955104,4.957103616779657,-1.3258996066351612,-3.462727720271003,24.480684741641884,0.609284472675637,,-3.178241049279046,,,31.357080961303687,11.131165829479258,,12.107875498731671,,,2.8674544156306565,-2.8008804572037214,62.799227993994876,-26.839529797867975,-4.293579063554316,-58.43362354220372,-40.779347189479736,94.573438064753
2022-03-04,17.290347987887312,1.2198190603581793,,,58.25643122653514,1.5929872450508107,33.737795737583895,37.806264856349756,-1.6664109304693167,50.15369089781,79.81873610851785,36.432002630571034,23.772533280256503,4.186564181413287,78.39625908480413,,38.84746693979881,0.08220626375857787,-54.0980708534275,-0.362139744149795,-50.89615066271223,30.130745877017347,,-1.1853016364148352,,,-24.18948105172646,-124.52848677191689,,-31.17406215984852,,,-6.658815766005236,5.435728563088714,7.496763560755214,-43.725677539743124,12.687690005295355,-104.4145949365987,36.82065934273274,-63.701878158380204
2022-03-11,-32.32105594530151,0.6788327707749178,,,-15.003059137258528,29.900877905019783,1.4848064291000813,-4.4234812719438406,-22.630293343565125,26.11771849610009,-31.396296382240998,6.080753466801767,-1.3176369964764882,-0.573758043361217,-0.6154781822804722,,0.9072927228660264,-5.209181156789069,0.8980482116107043,6.60040253281713,-37.366478313500195,0.2951944174045278,,8.944881128238409,,,-0.45390429984040104,-16.78122524634108,,0.08189788721756486,,,48.666773856992016,-34.730576298503436,0.12185374820599248,4.324548329151615,3.0440393988715075,-4.01214612427165,11.482163698420388,121.83002895355918
2022-03-18,-18.33308359218703,-3.9821329343928733,,,-7.073136031487863,-11.33862224449877,11.409523967971186,24.07217238229329,-49.749477528173955,-6.517603142198695,22.715351810701527,4.48195385089574,1.19552313430611,57.557412084725044,5.517673171463043,,-0.3477253750345203,0.346511910466044,0.10972459509028348,4.267846804105249,-27.854023914687122,-0.23153850002633142,,50.36608861831597,,,-59.46906509029256,-18.769808401402813,,25.25010339620429,,,-57.419589971496166,-87.61722597691514,5.1671241455343395,-22.754775629620774,-29.272419216900115,-0.26279460488541523,-178.95682822357415,31.9651578809601
2022-03-25,5.478507374341955,8.285751174756248,,,-34.94660806827039,-1.8615400631164345,-30.657587367638527,37.311920414044614,-41.38918233188206,-73.07424162699616,4.262572836284072,3.9909203434577316,-6.058926068335211,0.07179904122775227,-4.056630208961685,,-1.7730342510979529,53.05445369667321,-6.382383020759859,14.956819328631102,-69.77036166718842,3.0224919913599204,,41.88384560324209,,,7.743948419175086,32.46206887135992,,58.46514903031267,,,-16.50871878520729,14.141185945055629,41.585437717967935,-42.54437609570929,-14.281779885463326,186.199366114622,-32.902370184085626,30.02735014353585
2022-04-01,-2.3819911997458907,2.5569537828014948,,,-6.944847224769148,-59.54339096613578,-22.039204611420942,-3.445207686554406,-129.62000120822438,52.947699140285174,3.1548581628649677,14.274151825853956,34.915315377270645,-2.4043823862732134,50.653162236953776,,-26.76732220387798,15.983753424206077,0.37746118399116124,1.8105910194669161,5.858530615245346,0.35846032429820607,,-29.869983064056292,,,-2.254751973494971,17.32582302597339,,-2.2016498893232463,,,89.9177173027865,-137.69833858178743,-1.7965314608735037,-18.776534704716667,-0.9965795665078138,6.085014205486063,-63.336691043299574,9.60947340469368
2022-04-08,57.9249466871122,-2.2024617914245797,,,26.238105059640546,39.13125529483495,-41.197367996214254,-10.84294212917164,8.112742040758732,46.75579526516672,-4.588139578554558,1.997672070458764,-3.2623967506599243,-12.912414429557408,4.562291163983705,,1.5105793747427843,-0.35508269776166346,-0.09458316558857768,0.20712890190309943,21.08224267943323,3.143631705201482,,-15.837562299758435,,,-47.78361471106053,-85.73222956853384,,-14.287853543990668,,,-21.590932644593366,-35.558710820337105,-3.1408277314703996,25.63254710260051,0.4118683596745786,-86.04933998565583,-28.203111921261325,0.8868575089800935
2022-04-15,2.968104817760966,-34.222930416595496,,,8.691968831406143,49.02776008889105,-6.409531342647994,13.590456864680965,-96.45680552756181,-140.05674027328172,-69.04202898590552,-4.193675191065721,11.976760194254958,-8.875660341705416,11.916398661807166,,-1.4505854098959605,-22.012607499028253,0.24772207612454888,-0.49204134463912463,52.916011273344516,-1.4229751721017034,,-16.83237215874697,-39.363889653104806,,68.83481508188673,25.771334260027245,,8.112219761167626,,,4.765471142673887,9.701031130134364,34.8214326703993,40.3439221129513,6.9376515072165645,0.9192851310826684,-39.1961124847455,61.86160990115333
2022-04-22,-38.74550847117936,0.17202863391831547,,,66.76788494597714,-63.15135856956045,25.573598427725813,12.431515782282473,87.56971934710886,-13.958521819089793,-8.732571885335137,60.55250090140797,0.9512554131790232,-0.5426690180889908,-14.640405119203841,,-11.69262635462265,-16.711626416273177,2.1221476078507093,-0.4466578466611986,-6.370316146347022,0.9975778149515078,,-1.713545059332144,-0.8952474325827884,-0.08906345227807448,-0.39396707832860667,69.3945425255895,,-5.276809225457645,,,-91.38370223397814,-54.34650659946958,46.24906442087182,46.64560287851505,-0.28377154709099517,9.817192449738016,0.8025343138534627,101.09852720921849
2022-04-29,0.054805035423283854,2.721438819173197,,,73.39292898981233,0.16621470467930832,-59.07820915438701,10.643555782785757,24.464772472404995,-132.46297098599814,10.135211216412488,-6.012178030843788,1.5197986654504407,1.4874811781109316,-37.234887268206194,0.48074863552156316,-12.740862182448447,4.728340107726486,-0.28093350193670047,-0.932096486416218,16.236206520758532,-8.058972072541096,,-49.36889045672482,-4.2743782549880525,59.871347263953986,-8.15573338383824,-149.14677789134538,,-26.473000208045967,,,-6.632901228021378,-23.215569707039453,16.262816622522706,-0.4813419116443498,-1.4848999264228229,1.5727072570078993,-13.102192926427415,-26.094919824867183
2022-05-06,-150.3085774984538,2.0935775875989036,,,-3.3665779817490145,-9.573065675691362,-4.633172313071843,108.306192641899,24.374147139821762,56.17791607185743,-37.52262537806451,-30.52135800255953,45.66411879355853,1.6270947834128655,1.5446348419855527,-0.14743170311498158,-13.757312486870816,-17.054011034200084,16.40933702662632,-14.47723182181953,-11.816685983380529,-3.3235029520921247,,47.98028710765095,0.15646641813062895,-0.566685658292179,34.59739892645992,-110.54285580331182,,-17.818526172722958,,,-85.4915899214813,-106.91130337962706,38.134828248142625,-9.169126515371996,0.020849118638154307,112.61549907927157,-137.95371782089396,-41.2957890399119
2022-05-13,8.193352886688803,-0.9685114226344408,,,-2.5087015403720017,-75.85631121836651,27.274216380043633,23.574896102479734,-15.406121240951162,6.323608381168196,11.232080448502476,1.4280294193009264,0.028272208790356634,8.127922162188025,-12.106586514434786,-0.6150200000189456,3.8850092138202723,-3.883325393675162,-0.7220514248676156,-2.3545815570475837,11.068898640097823,-2.4552111471700457,,-52.557755586448835,-0.3134027829573588,-3.5686307716419225,-0.5078318715539247,68.81237111810607,,6.357524104031148,,,-11.11171805018952,-39.95768596524177,-7.841780223342652,12.528421647373754,-1.678070986366258,-31.809139347062803,-21.29698757889544,-29.485351501848744
2022-05-20,-25.387824295262,-11.314704642243628,,,-77.56321017293664,-65.53148592438687,-69.50228916738968,-28.421428155757294,19.516743256899147,26.762438545648237,-8.99515844410122,13.73538579779899,-0.5058349199907035,1.306403162460601,-17.022656614923687,-1.753944321371385,45.84293851185819,1.4268868827778904,-0.4247440313327404,-1.4184929331697282,-12.472663053881123,1.1471226827419243,,-17.10191672941504,-8.885176617276542,2.125629503489677,-2.0015745414914505,-59.10705160123946,,-5.404589278468832,,,10.7050173866048,1.451803093991252,14.366284733114261,-10.536925971418095,-1.5924975026083716,-53.83325252077455,-7.462339642238636,-1.260601608353463
2022-05-27,1.2133884076579702,-0.9331289701464662,,0.9694163165082537,-65.97209691769987,1.0725990732554913,11.161792480168288,-23.400488380293627,0.9024255385948107,-66.90704625213861,27.89376608252483,25.00291063755848,-16.52087265232978,-2.3620863780729886,-0.4955613407392363,-0.4251992853531379,-8.060073217808847,9.829724613575314,-0.5567124279115847,-0.15340732717038297,42.74312104496969,-0.15407327761811773,,-5.587693242767707,40.853328210661786,-5.61776549845043,24.919973849273376,103.1952829659486,,9.779767931662596,,,39.591576739091714,-10.08619554271075,-9.619173379265547,3.5506370249997765,-3.240491479784095,-8.123170823374632,-18.438815150517524,-99.29207698298897
2022-06-02,-12.244832841407012,9.213417798755014,,-0.9143155840702772,-13.780321936542428,-1.9250938698956186,-39.49583674513856,-19.724816435736628,-114.7917121252833,-1.504880318743318,68.47156721283243,21.853872422966898,-1.1685389245927003,8.4082629874283,-26.91098457333255,-0.04041258998601615,-23.520004032508357,53.49256764453655,7.335373414573745,0.763262609172274,-15.368763694986185,-6.395085142066077,,101.7925782604823,26.986417659981168,0.30157746394679635,-1.2372448268588618,2.353676336403318,,-27.232843602567705,,,-39.695848274680685,-99.63867576372306,5.326126584883818,-49.48003084799726,1.0612936419421044,147.99699235862226,-64.28475923246559,21.148729893287232
2022-06-10,42.24351476702775,4.750119118741629,,0.07264105159958813,-95.60140507742813,-9.234942544023497,-61.35631672206065,-17.39395825882421,24.793008666825763,11.272239584204009,3.009690438097858,-48.07371561408291,0.15616075208793578,1.3730050298115426,-11.030931318728946,0.011338381890753755,-4.881363368247491,3.0978076695684194,-17.196155204548642,-0.5628216060656606,-64.08601553915197,-10.120281161862259,,28.428815997405557,2.8301014015299955,1.5348368565477948,-8.909894990838666,28.8407063856737,,2.926994198512652,,,-28.59217676755173,36.23621973198038,-1.1118074018867057,7.492453365780941,-12.097538027249009,12.080344324912375,24.070154641013218,-45.61313842909217
2022-06-17,16.21023434159202,-38.16804084897193,,-0.8648485462863351,62.46657525079649,23.663431639359807,-1.2384591724899348,-3.7894276872830925,14.63310868720907,-34.32548233786543,-24.815774275293776,72.16828901024932,0.6872917025446812,-3.370469263433095,-90.97425225922113,-0.2734820858717251,-7.598762891016912,0.3914953888337318,-0.5476720236996768,8.412244500154706,-6.977498879818556,-0.8468085225936696,,-16.923878110168527,-20.860904330921496,-0.08044155774510706,-1.7437794535890192,-80.68296037293878,,6.7596220338801345,,,-20.616249320601142,-34.78354891656386,-5.092519399498378,-5.31622818082736,4.2085074536845735,18.44850014340539,-38.600406982704754,-110.49879779718601
2022-06-24,1.1398683668280516,0.36660163451957783,,-2.806460146420428,-124.09913924159858,54.77253546261613,13.526548220009214,-92.32653636324501,119.90185601822442,-2.429254198506327,-11.813035297612789,10.889248184807835,5.001730910274773,-1.423923677837605,-86.33184662206679,0.23348534213632943,85.12620519311803,-27.080494628509552,20.9241803335337,-17.974814779207396,-17.733009372542497,-2.9346326588004303,,50.27505501369008,7.966975809401077,0.003511614597685321,-12.367224860390197,26.58506939366123,,-1.4920837620979277,,,35.90891930005294,-15.445807651649636,-5.552417343729605,25.189822612870024,-1.1399577456849035,8.07636114010657,-1.4993647830320853,35.76146300680514
2022-07-01,-13.828549843491444,54.326202327595375,,2.9198877301131128,4.437484654859348,-58.19105896315055,-134.1924334822874,-13.47789211772776,-259.2599222843021,53.13473601416985,35.76767639843681,-16.838361507354627,0.2315846903667632,6.98191117323538,28.297533587828894,1.1670742454929415,-1.2122641170639423,6.946887383791516,0.059827660644406144,-0.2224865290927025,-1.2966100020547198,9.541857668343784,,-3.659216041039586,-2.967866851802109,4.04767085107142,12.69549374990023,-39.3956806121453,,-12.618462666333498,,,68.74800510569092,-53.15412625954687,-90.34700416473574,-78.51076703865351,3.231231897372765,-85.69481135259076,89.57401382986285,6.4096460250748155
2022-07-08,9.544393853224232,-1.9131886096771646,,-0.11636594088591848,-99.06399530923201,0.12724943874349515,-88.13883641917036,1.675512671906851,77.95813570776167,10.035228174843079,19.584260217765873,43.88666725886003,-92.76332538663685,-6.043401099413228,0.12961033653615373,-0.3839652357285033,43.64972755995173,4.094936336449924,-1.3482828024010558,1.4112128421078762,-15.418427801770342,-11.58754252694943,0.08003991049915932,130.38067502401822,-3.665825662387365,-1.512888609891235,-1.9037192551904372,78.8874299432062,,-9.297230443890749,,,2.8693117646610617,19.175211581757015,-34.53871878830318,0.5219265045496613,-10.138140052022209,75.137608601324,-77.94931707217306,10.72387364319242
2022-07-15,0.15128086633300653,0.9703470101272335,,1.782898773587931,-42.619899692387335,-0.7458653385762375,37.56465224039238,13.908403580214157,-95.34488102143732,16.018619480699435,6.0160681476616515,-22.37797113110477,-0.5276476491246145,19.90807705157463,-12.160960542357978,-0.10873424408543161,15.095944311743203,2.7376811803988073,-3.692381637747684,-6.299941996805954,-36.8783831560803,-75.89348296558082,-0.824165194368776,58.96755314042359,-4.182554885593236,-0.9487697224576079,14.740358757828087,0.5087367917235088,,-12.2390338443028,,,-4.454244775316661,-170.70298630030322,34.131063300912146,1.9859892169798763,-27.944872465073466,-0.5031377743836223,110.21384172249498,30.29991053615382
2022-07-22,-64.72627156169874,-2.6988944242983766,,0.10911789029750617,9.465058273890435,42.86155895738081,31.961907571145918,-122.03397803381316,143.9329762165911,-29.546701942686468,14.225137806461142,41.11056554184999,-1.9460427562630698,3.8088230194520096,100.11607336043522,8.707899859786425,17.425327489968968,5.363920226209336,-1.4990112380839093,-18.30929676520725,-71.45731839043667,-3.786393382725502,2.5726150041890925,-30.507547912413862,0.08177139088624916,0.23203653907230187,-6.9198675573508535,-57.211257466356614,,-11.543536566148902,,,-26.136175788052775,2.3961018860559484,-4.756487482693961,-27.315358685161094,-0.6603634627341969,85.56507228595619,-27.65690353844336,-36.75268798805497
2022-07-29,56.51928778206985,0.8133495287424641,,-0.05654242661641014,-13.87351467937343,70.27250427082512,-49.487105943176864,-2.980244659356912,-53.89017469931804,-21.972338551126636,10.584312622776118,-36.277217080406025,-1.4598564742305984,-1.9021034426910381,-8.470593887586595,0.18292198730267065,-8.263397131807093,-1.5086369751983977,37.95530749484083,-16.78566169451961,-4.769394049069683,-2.370649118999921,7.298478567255035,-70.2399902937312,2.053863936017991,0.8205813177010404,-17.429320951448915,24.503072432401456,,95.66088506918314,,,-62.39526818218676,-108.70505465620978,28.289937834588294,-91.26864697498965,-0.969406735615571,13.494507759629272,-15.478129441439693,-10.304268832850573
2022-08-05,26.340919619646872,0.9457150265681749,,-0.4315825810228191,7.072902254637442,-9.81191442582324,-50.13926646053703,5.415636546829054,8.832660044805525,92.01495565398884,4.033001000309294,45.79785079855979,-9.000985720012228,-13.665955099356593,-0.6313968993263037,1.4895298298723012,-4.546120717711903,0.5477600242106062,0.060563282358441245,-93.93512778981831,58.74968430713235,15.615656420208603,-0.4181084714544449,20.74115422063258,-5.473930399394904,-0.19898884059412672,0.041426316343014455,-23.744750868573576,,-40.34887953984969,,,-33.7548275515813,9.041786349259963,-60.344444107628284,3.5533909425354095,-2.918138680923706,-12.86101721133766,18.666307430514248,-46.08471137578912
2022-08-12,-6.605679411007253,-15.566936086475458,,0.036515125027346676,6.107070764414569,-93.0313793398391,-63.80624977792798,-53.75599419742743,12.770334957792734,-10.541036297116012,-116.7229995165273,56.27375177511752,4.339320170175477,1.3230430322332987,-26.483320564264382,-8.591317125915007,0.9970656963790927,-1.3487413528769563,1.3076293015066789,58.69000107636204,-115.15766416224501,3.6310961133500053,1.0061735216530199,37.548570052501546,0.09433524932038666,0.049069931734555955,-30.91798322096584,-85.11476084255415,,-13.720910582486681,,,-5.858121706953817,86.48582657722872,-5.0460681441333595,-29.95005218185063,0.33683222042675554,-28.746706862687837,-38.574008758333264,-5.546286301664894
2022-08-19,30.09503596970362,3.0661101459436524,,-3.010335536849698,13.694657327839971,13.946789779305174,-23.42567891037755,12.429957578870624,66.53787007647313,-5.052237790523607,3.4231868214016803,-55.23444394102162,-9.711184388295546,11.177967481816165,-16.077449851204385,-1.276133250897204,-42.71220650558626,20.248819127972464,-0.9971785748794476,-7.87348846886036,-69.39900527916348,-7.457984888024403,1.5242584829139438,-22.59168063440927,-25.23377463670163,0.1289007744464072,9.346175823211539,-171.85007894745624,,3.626307269447892,,,-30.59569793965528,-25.2252472601344,-25.82722282437753,-18.18048709901854,-1.5918951007300954,-3.6298198949042604,-0.32047845343954545,54.490087128627174
2022-08-26,11.936777792873825,1.1633315838194538,,-30.76575146710459,14.033387367626304,-11.113936452202097,5.241926781006413,2.022591302186111,54.2210938527462,-32.559832658733114,30.91232479126481,1.8042771215284268,63.39008757875629,7.54066561714475,-85.49863660685163,-3.378652225042226,16.072432173843914,-0.2507207540473638,-11.781872074858201,4.181995915875602,-73.78350723461057,30.18367160819414,-0.9108303357270144,102.97676576604185,14.810081129995856,1.2240715641544242,63.367966979675515,-80.67954686503204,,12.0901827589484,,,33.61480249520993,15.820496090680596,-127.89268448703574,-79.5002040605455,-0.29563056696367945,-76.35520448492751,-133.19693549506417,-12.053207872136486
2022-09-02,-53.37393224292628,-1.410838044482551,,-0.07704436069889212,-8.592783226582174,-23.488483757048833,-7.787211158716904,6.288237489626262,26.030305488804874,-15.917351171680902,3.0664202410161097,-30.83155509269431,-13.874316375128837,-1.032559226861308,-50.96692464684706,-0.5391476993818891,-9.547733604181486,10.61341762888941,4.367510393741993,-5.461611958280191,63.036581083733175,5.763035194336142,-0.12056844832535567,0.7712484826747018,1.5037844209483358,-0.06461381045437342,91.95601247913523,11.468183452672811,,-43.591043805959885,,,55.74600940792593,39.96972089952763,-3.001930047065965,-9.523847683420062,6.15600832229391,20.915546533736336,49.028540804272104,-61.10852432346611
2022-09-09,17.45899357802673,-0.8389804828145166,,0.09864962066245883,-2.883640153482884,-59.22287771694257,-3.0658473180473638,-49.12628059226324,-37.91234661150329,-15.649859183652387,-107.03229212737475,-28.866399876695766,-13.148374385217293,-3.409951672076705,-7.133710773383137,-0.2899382064519146,5.409407543941553,-2.559805115167655,0.9758732412285084,-4.470921439649761,130.57070284163308,3.368864089898052,-36.73519860182992,26.720222945837556,0.0782666972336824,0.04118456041628307,-0.7504512210355428,25.36495886723239,,15.094158483105664,,,-53.0755703757199,24.267044152345495,2.304856685935458,40.44940197816719,-1.4461878771394123,-7.797633051207382,-167.19724418798756,103.2453016782889
2022-09-16,-14.897013114916287,29.93476784082796,,-7.244532884995875,2.8494193336487306,-0.51215313599184,11.648712690411513,9.354301837963456,-16.667949157281615,-0.1765836754548411,25.55839939206108,12.592046953478377,-2.8455566056280244,-1.7015189072480923,16.816707496404955,9.224293954973467,-75.31911595808053,-29.410236217242552,-0.6048345242694043,-1.3430761659078332,17.660553883670026,37.62791641357198,-0.2851635491474831,13.10249672150293,-7.223340262167846,0.36758482647795876,25.984271624993,2.0794899385708234,,-10.766944258373009,,,-71.06330502886223,65.83778336776395,1.4154270267421287,66.88159159826441,5.618421328581867,-1.36850541976128,-53.595658875038815,6.659429189373453
2022-09-23,82.53240662360894,-0.07867730073489185,,-0.3963232556874433,66.02223103925907,-38.41008218124824,107.08582254333149,8.966975326491191,-128.89700518185987,-36.772907597640355,-51.43168289216368,-120.43193595331483,15.068153921553538,3.2831376457284485,-5.946497679043089,1.0992078071616618,-51.417117565147834,-1.294706279690122,-0.5607976320243289,-3.8456819364481793,-12.882238608350434,-4.465700991980116,3.57125690588623,-98.56093452749144,-3.3507512649926365,-0.9346081312180745,0.3726076887776322,44.227736063715426,,-15.31043402981718,,,1.812077787892467,-32.24730570393993,32.493532161572496,-36.58127738529625,-0.6569312312344415,0.369634888869399,-76.25291251078194,6.5254967951981815
2022-09-30,42.95112992156417,10.298690654516799,,0.33732615085964346,-3.5845119775308594,-105.27185243175714,10.807588368521891,-1.2202617894868175,-79.39956207592624,-63.43607281005685,-6.292997916123504,-6.143335563794734,2.2508451452156626,-2.1720680215720076,-92.09483541972254,-3.162705315299525,-4.104274140099324,-32.804785363776354,-1.1594710421774932,2.945219521466917,-57.79757000122528,7.779281327535843,-0.1796641158823649,-3.098828894515158,0.0026394124533895003,-0.10626867659342003,-0.004221090130608219,-47.58781230015534,,-10.848360155396092,,,-3.474346169135604,-61.47936003876274,20.681461643282265,-5.346287686162053,-50.83231018272228,26.353092493242876,-168.1712191934118,-3.8217177610072164
2022-10-14,-5.100160537206333,0.12240367296167055,,-1.4351705114715285,6.325591775721458,-14.205974188750575,14.182056629962233,-92.86117078709263,-19.514138219729187,-13.701976953329963,-21.093666222503707,-83.13433748876687,-1.2369471125461495,2.366428391764586,-2.201029205652587,1.51373372981595,4.458324489250732,-3.45518929044349,-0.46446886086116074,4.776924293169982,39.101652763624635,9.883295255770399,-1.6369202702131977,23.76610218750642,12.303303657569028,-0.5835338435847665,26.864441885648002,27.976931492551778,,-9.986014620472336,,,20.94999479737028,116.44532894040209,-15.691365954585027,5.841230871307068,4.905950455939916,31.324093457051898,-145.6820814331191,9.645424918312642
2022-10-21,17.96100133836836,58.04257169194675,,-0.4003172964387045,-12.849328242795723,31.067734570619084,-10.281255240786756,-93.16467740111541,18.689817861627684,-66.89381889383232,40.43389213164804,138.3359364611875,-16.034720081995882,7.777871424700837,-46.8057409533027,-9.812764368844368,35.599426301183705,0.6467739043960056,-1.4883418248656914,4.402057382922183,36.040368022111885,64.93021224743924,-0.952488513781496,-67.9769305337501,-7.354591989124322,5.170722364822097,32.89137840620727,27.610618418177737,,13.769165516187483,,,43.96700391455924,-45.24595343072117,-5.13457261904993,18.61120560160492,14.652574281626357,-51.82520870635345,-350.0244303335722,-32.26168211331591
2022-10-28,-0.552815159684606,0.5759980883568785,,-8.099836599683575,4.701104789849293,-97.49886434898752,-18.283848776114468,-40.89639063465675,6.591757566728669,-0.8740218383911017,39.56058518171812,7.606197095713657,77.6550200269596,45.10836816818873,-15.609570775135147,0.30580368570862987,4.685917017875095,34.90360177437313,-4.973009095927939,-26.23010844364571,-126.3143021835114,25.114753951170762,-0.2969596933124539,-250.57137617550612,24.427616731027243,-6.760765404671577,-51.144868534661775,-155.74762416949275,,-16.311116377538205,,,-1.6927388311960538,128.7663587364062,62.73844005878763,68.21840465324037,22.52870040581207,83.26609899033973,-85.9136246054242,-84.29136600342201
2022-11-04,-54.18256493627294,-6.525378230554626,,0.915501638253968,18.939332255166658,4.007604308826231,-24.770643842638524,11.504487535857976,49.129204688954545,-3.6032420009579864,53.16467368712776,-88.56162737984477,-6.559035966554657,-2.1507048496733123,36.52418017429192,-0.6380661672496271,8.395121392410745,-3.1040955188325325,16.463802533869732,-19.23290129581389,-80.94345078632341,-67.8203915687866,0.09652703832661924,-13.98818542277216,-19.81693630854289,-4.7451864369969305,-12.375873572759138,-25.486524933093158,,-1.0554476042606975,,,75.47821489486945,-94.26314975480479,23.788037141268678,-3.276659444892935,17.970018538725284,13.577421648023165,-73.44018522822904,-35.0881393693458
2022-11-11,-29.140185696052622,2.362213712927249,,-0.22897440675387992,-16.558848920977105,-46.3571058249185,30.84580394837304,9.116035720452748,-149.3847805366768,5.294535022277705,-12.948212684587691,0.8972897533056133,-0.5585490845078764,-18.234412847129235,-12.143724807590838,-0.4037411492951797,-2.2795753091814124,8.232285684437258,-4.570878707652046,0.4754599558389463,32.027584054204716,-1.4472433445380761,0.8204079373376111,15.443178524208138,-12.315673060685198,-0.07573057562013909,31.381511926372735,55.52553081591626,,-6.911817353957855,,,-56.12776960638261,76.60008766740525,-2.6245993495275304,-35.180004758341695,0.7606341467732278,42.78821313464146,-1.543433080706529,126.38295098980217
2022-11-18,-0.9284653541341152,-1.303236026302255,,0.22268928628132056,-43.9374575308549,-81.25068664258957,5.5847338683609,-18.456543439181733,-10.06055770782519,30.33477971742679,68.33975963403252,-5.644195168841117,13.06739844581494,2.0081083047743005,-0.5475282292883126,-0.6593894534686909,-48.74654671154077,8.709252294078109,0.5994727542032354,-18.993682437059555,0.49684964983650515,-8.408520941584827,5.202186634491556,-36.53003362178249,5.665579914217053,0.2663383888375241,0.3588521585453357,-3.151634358422638,,7.974853129090323,,,-35.45418745012725,10.471582494245506,5.5135375511157285,-5.464171676905067,2.9271754554841434,98.04048873059189,174.29482586522346,22.546306878468513
2022-11-25,-38.64944610490227,-0.31537782961355276,,0.4055651557993103,-60.051909455918874,-1.6154719715228576,-5.375548078184999,-49.44272246631426,-71.10855980838818,-62.83197375805406,10.186831710009518,-1.1511112990835644,-3.189513060285459,-3.173948832224535,40.71188398644557,-11.239943952426147,11.21524094044334,7.5584495368993645,2.070538172254711,18.86131875365582,-100.91618955751873,19.345811825332856,-0.1359951827811029,3.513355611873512,24.085818871601315,0.08655315238373615,-1.542839389730675,-222.51106949517526,,17.280556696682254,,,5.9112998363410325,32.32608142090232,-1.6314227410795845,-3.0779653964289935,43.19467880454631,-25.3628390793251,29.4918406806164,-144.060119054154
2022-12-02,-30.248338905420614,2.4472725812621956,,1.168792934492734,11.705583270512246,80.02568910207277,9.054282810750705,-0.2352624584443399,43.06303391208503,-136.1149394347498,57.49116578285835,-33.47336982384218,-4.356635843932709,-2.1115557455044014,-15.244987226021262,-0.4846117589444444,-31.004014113535824,1.9346334505508498,-2.107212421425705,59.819631380723685,-1.681886527405974,10.088926680980183,-0.0634240454296136,-33.68634060505298,18.2296045361711,0.4228587427656967,-10.474733359725773,-70.11547977832363,,7.682526010681364,,,18.81350871761328,-18.05653612326224,33.75135994904624,68.80242446296923,-0.20516308049880627,-2.1921697612892963,-2.4036048216692576,28.6301804637949
2022-12-09,25.94839849913928,-7.631508874214214,,-3.774411780841671,66.09568141797087,1.0981800146235736,27.179898491343593,17.76791759593805,8.999410497175672,70.7971633760259,-37.307147414918944,-58.5373979805251,2.3678045919812964,-0.5253975233693193,5.037012405563277,-0.22648945254185138,4.131462215188623,-1.1567701709503382,0.5816296137812527,5.323379584802427,-148.99769776399725,-3.6137204584031433,-1.7149076854773084,-12.028281338605833,-12.752008709268491,-0.042978314062983226,-13.840871136637585,5.576301235130712,,-18.563212522149957,,,-50.3278841245003,55.92994075440516,43.56210553498471,-37.71464327234746,-2.4075003378941937,-30.59047291251062,-104.7867331360657,6.748995591012527
2022-12-16,112.61252147216535,9.692682736595156,,-6.278173996039811e-05,0.13674772222934284,-53.708536993221024,22.322310248580642,13.514107900844447,158.25451929335267,-66.97167561745046,-10.48221486698656,3.9099618782076178,-16.020822364213878,1.4337218779003997,101.87782712698042,3.3808027927719713,33.709510028424624,-0.05569485354306625,-0.6164236078786107,1.9957161396098357,-5.821706258041339,10.331254668406908,3.592458347212629,98.89195139088014,4.075038910579346,0.2662473967341766,85.4342553227836,-13.24579305529843,,-7.162472166419067,,,-10.418581117217634,28.011495598885073,19.20215468464763,1.8948616269712528,-5.11828225113256,1.4874647756787465,-154.35542260566328,79.81693934647761
2022-12-23,-86.88129887383671,3.3758647370310095,,-0.16591334180626588,3.525170411586041,60.90032573243748,-65.18732900294057,-3.799989990794204,45.350648064700074,47.21651123815168,-39.853320930438564,0.8198719874534945,-4.521388745039873,6.061662577144148,-70.37704582761411,-2.5646853510935825,-31.38157172676551,10.030910505775088,2.6863499598361273,-0.0877827807383813,-83.36250077200293,5.326952016472109,6.823531798284415,66.21207416698756,-84.49421499528707,-0.8093775590237553,-3.0949312938976803,45.341778635161226,,-45.91338714732333,,,-2.6847627073069864,91.47076252301689,5.837422923687646,23.206417068273847,9.005568247391274,38.691561050475016,176.33143711836507,5.331207734579756
2022-12-31,149.18001917441183,0.040061420527490066,,9.728208963883334,1.8021320119822057,-22.65779863211873,87.4412199584301,26.70892788902956,-66.7181845901192,-33.61939278382455,21.56414718497209,-46.394122872786085,-0.5477923576611528,1.4526244433395203,-1.1148845969318752,-0.4677317868085078,-9.226861497835593,6.297578823193814,3.7823898096030577,2.4287975694178683,-112.92522136782273,-20.630153513350315,0.8296467199942925,-14.78812847147387,4.094988221735973,-0.05400882659313279,-16.807010582811817,-59.65725377326136,-3.4731113070384407,-9.572379674374329,,,-22.22887216825292,-41.94744888358595,-12.374934641251754,-2.4574144065969654,-4.152582237542177,47.77116774483287,-28.156902171605573,28.492081091605094
2023-01-06,192.00998513399898,-7.946764634524348,,-0.19536817622112357,-15.408744922243567,46.811278282195694,-36.90523425800717,-94.81936334300947,156.5355256982586,24.499572851386716,1.1905002498282735,-51.83434309070145,-10.044184419846578,10.830568713191864,13.945896530204445,0.22322584576022791,-55.46301215529029,7.122797130432753,6.950772995915175,16.70749417810979,78.63515431641179,2.9880652891097577,0.25978121159498513,66.8147851395441,-17.731591899277948,-3.602158849879753,14.309056148969477,-182.42200677375968,3.714784419287831,11.603359321957692,,,-140.60328915880248,68.51713279385174,2.088836929786763,0.5433956829700293,0.5635528044149978,8.735692772198874,-60.99684481381722,-206.36808450020814
2023-01-13,-45.923187468359195,-1.8614243217895496,,2.6212453883235467,-33.945253557370016,-14.690597332955317,19.547500385536342,-7.510632583438312,26.020132526799458,-7.624308900417164,22.27429493934704,-8.51752258354484,-41.24694075792597,9.685062249619047,-4.702257091084889,-3.0592116397151496,-12.344594176281047,1.2415805920862792,0.2879206322997902,13.549040221832747,-1.71436394331324,-15.653529014003803,-74.70935509973769,-134.16448894615164,25.400895393109774,-1.1179840180789384,-22.057589001540858,-55.81048353952128,-0.23505314416249412,-63.248690489228274,,,-16.144755073489893,-109.60998115081559,-23.323473231942664,-10.957429774537644,-4.423258347966355,-32.72440572578525,-124.31312503956036,-10.023532886608997
2023-01-20,-86.04614952038843,-2.027747492649568,,7.14852204937381,-124.9300818231203,-48.36509456491467,-53.944439073316005,-68.99927464064889,11.475033879578609,-76.28596848822012,8.488591577568672,61.44245615095139,9.668448158794584,-14.89122866315686,13.817672795192154,1.3462886744066354,11.662311262955383,-30.840347857965114,13.556154759246157,20.736069200617695,3.2666321583797444,25.844083444209446,-0.5655067023002592,10.835675117546845,-1.2958110300801278,-0.7250984789810953,4.070618972473367,55.724946515070734,5.790239127697323,-34.009684067678485,,,-16.244904961886846,-39.75201260318118,9.360946390062907,-1.5046028479581193,3.175587424841983,-26.143827737595416,-18.951907904174355,4.633064913166315
2023-02-03,-43.64032941490142,-2.76205882634066,,-0.45709159121544524,25.491218503899635,-15.174715775850121,-12.404209608431618,0.5359009998733999,-74.12052452841914,-46.58378403942695,40.438668377436194,-46.25782412923551,-19.085025479603527,-51.86183496275552,-19.49011548269047,0.9775459933926414,16.80281500117406,2.669101061547872,1.2261728256830844,-2.7065375927913795,48.124884224481136,-62.133712696387576,-1.7837623910584597,-42.261564542922926,2.905275797487289,0.5424417295373234,-9.139031623076402,-22.79419850689011,10.083740930861577,35.4358566567838,,,45.87728685444791,-22.17504124444833,17.980757164581235,-7.840937355895255,-5.990584940656486,68.28735373104281,-45.74566986905287,-62.07996566098021
2023-02-10,-25.534299538213737,-1.0484832165791231,,0.02834319750919359,-106.10857490079285,25.828108840957498,-1.6140647043681065,45.498829945873375,35.773422369952996,-21.560011379726532,19.031404116562793,-19.055172746194398,-3.3352597529128762,-15.249147270002139,-1.7907593731259461,-0.2539058899429031,-0.707141931856502,7.841280805776306,-9.069467204190893,-1.4887949763860577,-119.37180967748874,-38.409816142115176,-41.17123745708513,-60.311617879938616,9.058942563359587,-0.2186227485033424,-29.9334423399335,157.57496918853036,-2.193659443395133,18.670521752180992,,,32.086981124804474,-43.99756065855721,4.461653664095458,-31.448424193558658,0.06937009303418584,-17.80819623775644,-1.8905236735207431,-78.7046612819512
2023-02-17,-105.67915604120779,-0.5186828920588787,,-4.678186340995285,12.206739007711995,-68.33135616916951,56.12394855576874,-3.036572538653268,-20.878470246166522,-69.17241376070436,11.096060738309639,-53.011127097872325,-1.3119928240704768,0.5913813846252091,-40.74525063861925,0.39479864736201953,-0.866717686471389,22.83727944055545,37.10324469799153,-7.399216185190165,-72.38638204095169,29.4818772812892,-40.81983789678576,-3.402418588656961,1.3611110878622847,-0.13889088300978225,49.07950347361535,-48.23952641407588,-0.16428280116257626,6.040975923101782,,,-39.501076155377426,62.698374598512544,-48.1585433200095,1.254969887573452,-0.03625630674270673,14.785368008204177,88.56402587114835,-78.51069922824392
2023-02-24,64.17936970045889,2.981432018574643,,-1.4549138084977122,-7.04283851317149,10.403228997653677,5.647666479244814,-6.079096521372843,-74.0387508631715,18.89907937872463,22.58750505816279,-84.69928756528002,-7.451759956134772,-7.283052530790883,1.6120956217211124,-0.5987697196495214,103.69188727332744,-0.7014331749046944,5.135789945617244,-3.928783786039717,52.074545649707126,11.266205453003005,34.00550827409616,-71.29421594230666,44.7550997044027,4.642810658199904,-3.5955952401289304,8.468457693815042,-24.821691691119455,41.11857193533811,,,-17.740152944485175,-153.3398530744995,-2.085448995511019,-0.8037655976279511,-0.6879770619091308,-61.88543661255521,-6.012077879197991,-12.667356644521297
2023-03-03,29.22779554235612,18.35642328333063,,6.763921938737534,-30.866003378508527,33.229243405304125,-10.202317747963338,-8.391045764867537,-62.77233501739778,-7.491650918011068,-32.77616058958452,-42.91704493142872,-2.438919399260533,21.42371873638442,22.51399393550554,1.8723743072746966,68.81717493741,-30.194520817340816,-4.793868363898453,-51.17143750242062,-101.67620597310834,-45.67885179519075,-0.17311179473135613,69.26619918505244,-12.32489264657989,0.008843469994045103,-4.518032609225108,-91.1774668831583,-0.19297682713881426,-49.02203409882731,,,-201.14223493744169,32.29583622257172,21.824227959211875,6.2646908631035085,-4.901715746518346,-10.402192385770494,146.52132105443468,-140.50018222042033
2023-03-10,84.45390184360727,2.619720104680641,,-7.560802178437225,37.26554194460733,0.13238198431576143,0.21091404559723215,-12.117633277263154,-101.58923644449568,-19.882880675521154,23.25291891693902,-14.3209063109602,8.721539731884585,-3.7611661578466036,16.309506370719657,-2.896942030807514,-55.957735332152254,-1.7261176791287902,14.414835627690366,-8.389168919960234,25.912912880263185,3.402834543354342,1.7645508939637011,30.260229358560856,-0.9278951345598212,-0.0365583637772466,-1.17454359625189,-74.36241878621279,-1.0551421933060785,-13.885659505095907,,,6.873819555473712,44.51727955275208,35.40134369183204,7.921295604498887,1.7501181498915828,-105.20455314340828,-68.79070253256307,-17.554536249699385
2023-03-17,30.149700597843285,-2.37031042941541,,-0.8037451312771721,28.061005352185646,-62.478462187235536,31.87857272577039,-0.757228874262539,54.724140018535415,-113.59999168728223,-19.476136479257196,-15.191645285120009,-46.83862510216771,-22.5224804047803,-0.4582255897233372,-20.086540370128763,1.8194031787378608,1.072402286062053,23.940357546448965,29.37419745817573,-110.98024538688456,5.941386956100856,-2.79153511482085,-23.660182804751997,-0.4040043776562864,-1.196291269825239,16.88158905519963,-95.1338746977421,-0.11552629165153265,9.534030925635223,,,91.94399990621825,24.948557027166476,-10.651580046767899,11.024745012292955,0.695086180097684,0.731901993838612,122.03458953547869,-85.02523998485097
2023-03-24,-105.72179665147627,5.714334473846006,,0.2310927670273123,0.4987696200815548,37.471335212059266,-47.29648648124715,-6.1692972043875125,43.669536193338914,-60.50597770555544,-69.6751722079982,-49.53518728046422,-2.1648454207186507,19.765334576354572,-5.168785327817986,0.6069365383124146,1.7529557017322355,9.068835733021197,0.2551987515100773,3.3608467778405395,-2.4525148175668328,-23.689543123695728,30.885092979714898,69.48721612354201,-33.3600497736072,0.00021572759307111194,-54.72981320362202,-27.71402029467053,-0.6380463806040809,-78.60639378325031,,,-49.27733795226096,-75.62687948726622,-84.83396593661335,-20.19764580202709,-4.167890245109745,-39.986984699312565,18.46535556102931,-22.925711088473584
2023-03-31,2.862129495646365,0.8590595606277314,,-2.2105280964559473,-94.64675779384937,-44.266535077744855,-4.10368980561749,-0.9348791796932794,-196.4214808437839,-1.8206819035170276,22.269785399038796,-8.149220674626298,5.920162919797281,-66.93013429338588,-5.985131713522678,-16.234663434303663,23.660663341521143,1.937566701038491,-25.581893490199878,-5.348491163756787,-33.048992248325405,-2.8528374756313055,-1.6472950717439627,-17.615185197165392,-10.39532806887258,0.06598492025940908,95.79780800647181,110.8766134927019,-0.5439478584110038,-16.48317882949709,,,1.6084124349199715,7.186452498390286,-16.501782223857557,18.14979699855449,85.76338892677418,-22.613269736210967,-68.38008952976011,49.89913399748964
2023-04-07,-137.44933310855444,1.6817655186259053,,2.302388954658108,-1.8596546882806197,-49.31143230259663,4.309646543446856,-0.762784691154966,-2.867968880927749,16.618125848927114,-3.659674384758535,150.24350680952776,-1.4429804492147484,4.103644112006866,6.960349118560201,-0.5741477032300136,76.55911579496258,84.43399186803563,-1.7162264077045737,21.42008626507357,55.8341012660223,-29.812957262707982,4.875369360893061,13.45001784515432,-10.122746266560553,0.15294117987537634,-9.79647639601942,-101.88064191890072,13.496174757999418,-26.126118022823146,,,55.532672511038534,58.86207569991302,-52.336907833751596,192.4894976201171,-3.4151827402447807,-14.729648563615307,63.33506768185411,-160.94533851433005
2023-04-14,55.10446114756023,-3.1461977865573862,,-1.6278388864342936,-19.81802525403043,-7.875465006747733,0.7061804873859935,5.7244835879538325,-169.69853322568662,-1.534464239438335,36.33547995222855,0.8983910468398444,24.868219840049868,-12.854477609349086,-79.31518460250437,-3.2873711895956674,7.044123549802377,-43.08181788514249,-2.101480804914627,-8.34726358760154,-7.848323111866396,-0.695341208363351,-17.67074077011912,-35.38581497241322,-4.5453356770448075,-5.218199671837007,1.732676138768962,-40.86239161343159,-2.31097348963234,72.40769930123574,,,-79.88490170384091,104.60851933900611,32.11579035165811,-28.492975433020323,-13.666269253989963,6.310798011483523,3.1764508341684423,-10.597356974200482
2023-04-21,-64.10012252718111,10.868675379630915,,-31.531308822881456,8.876420516406279,-24.155463276258832,5.561494590706203,-3.5038009947285422,109.03330989793196,0.992085103775072,-128.03874240947542,69.28922713968647,-35.56867721559943,-0.9727297320652006,-0.7127636970532611,-1.10737178750854,10.628906402236593,-27.961561362057832,2.703467316117936,-36.15017888552337,14.481566153453699,-32.71544407301563,-0.15129078321022454,-107.11088271988727,-22.600594819135996,-0.4556307948486101,65.16168279415531,6.602260276769785,-6.650182300048872,-35.68084097687189,,,0.7330064522598311,41.7571693115119,5.137818073710191,-78.84614537797995,-43.25194260488894,-9.392248252652168,13.633009917439042,-124.71562513211448
2023-04-28,1.9666018600885717,0.14773669630498443,,-1.663677186983365,1.067598098270536,-4.546749425022637,-16.39346020918911,172.60643392191912,-51.11134237610474,-6.696178887614584,-48.57491451105497,-45.21986495481131,-1.6691245460930622,10.98353381883473,39.28196010053729,-2.9407571433974944,27.909643426854714,-69.37883109603024,-1.9101963708894059,-0.03364657983424668,-117.40880499336133,7.482539385974041,0.13812027663527005,-59.073711586013914,51.51661169070797,0.08126363234170667,-118.40395123381211,-21.86401532540824,3.6657313692014206,-52.15513427363388,,,58.59183938731431,-94.62414390424877,-49.47761133464547,9.936811582170755,-31.94189881267824,-17.467209516609792,10.155458773224105,-24.827436375991383
2023-05-05,-12.042632287020655,1.164567199395977,,12.799152769556255,-14.193563273877377,4.174897856589011,-16.014688990892882,0.4242204941643155,-194.36939211772304,9.303151978059645,7.927731476457222,-44.87805673555224,-46.66103689576706,0.9615316175042132,8.453390577997219,13.684457086940226,-1.7249204670413318,-8.859558603992804,-0.7009328378585378,1.4124894842796563,-71.58577378151081,40.650442001601235,22.852559731074614,-84.05098574810394,5.81177567211861,0.34245117225583244,-8.019497051833802,-85.05726765258538,-111.4499947121806,-18.98006488979897,,,-21.88405288826856,-28.22279839493924,-71.98240327914324,-15.09210854767085,-0.05528010950728927,-18.59388551913957,48.626490196440905,-24.34113439331568
2023-05-12,-11.133307980624005,-0.08821745353686206,,-4.958927235912306,85.34910889055011,-147.12410824192304,28.474766248990903,-13.765069790720503,62.996913866713314,-71.09969491584835,-1.1949129997673982,49.28654315291472,8.885245953745542,19.72600079971621,6.98405603329377,-4.445305006786207,58.38465282533734,0.5508607573822241,0.4758489055681554,-4.548336635162287,-36.99693891300548,5.633361986623286,1.2682036141559445,-15.265047952042508,4.883666277804361,1.5481607670580437,-0.5528355088192886,-273.66623063031864,-12.580950265996883,-2.8917713214510137,,,32.26581591328687,-9.520488462158035,-5.4225407120435785,49.84139661868164,0.07025418958934004,-31.22271931962866,5.126637951097447,-72.32882254453924
2023-05-19,-8.06937750620607,20.251478627028977,,0.053634509001748626,-43.965531994954226,-28.08327158656489,-0.43850720120683584,2.5143706159523633,4.862630802885709,1.2636920064544341,19.50312523859651,8.637793149278995,-11.357329957348597,-4.433678360966362,21.58926447233741,2.674310817654387,-65.61274399812116,-0.1498892684094184,-14.984329645820107,-5.170763624840857,-47.21875510004183,-13.87501052772336,4.322148283595307,21.452594668260314,-28.37857956301802,-0.22000972781977302,16.278819871828414,-11.66759217506476,-20.506120563247816,29.989473317437145,,,41.11042473316457,-18.993182797085623,43.38773640932197,-3.900275652071242,-0.8771795540533045,-154.53297686404537,-108.32272560740707,16.82736597790019
2023-05-26,-92.3973230686829,3.7223785261234914,,-1.4129686503765249,-5.962603636758533,-70.60284556964066,-21.618462206320697,18.510104806162744,47.07693337632198,-114.85590797551491,-121.93176200091257,80.5637923192585,6.558485150971935,3.3391409766351385,-24.715931733276992,2.7838524017280983,-21.92856011454004,-1.6180212910871101,11.748560112161277,3.7240136414192553,21.699058175937644,-7.789082716144109,-0.782937657611971,156.15047942890925,-10.069675639778872,-0.047187288855334526,0.7742724339744944,-163.5387013213291,-1.463394238695223,147.6295068304939,,,-75.62919441665362,-25.261553391342368,-8.966809904585816,0.5875063240093717,1.6613350383634518,0.6451902027855141,-230.57526312847682,15.56689452245049
2023-06-02,-85.17612960761905,-29.064251147158924,,5.883104859204051,-126.1361380682774,-64.71620616598949,6.039277132804624,-72.11997728004447,-63.98471609135407,-41.10202765729485,-8.633591871325326,7.762857305718447,-1.882940814744186,-16.891772466975578,-14.417601571917968,-2.137478463761221,2.3124507782361663,-7.973880170563557,-0.2333219666193449,5.715695412526918,-19.921837599381476,23.212967225538797,0.7849273869612854,-70.17380392916562,14.308757750908493,0.21551825343654196,-18.592044260527214,28.126465340350567,5.6985472808979845,28.91956579700397,,,29.850335740156865,13.417196470469335,1.6440466093750081,2.105438992649491,-0.051845540915236604,18.950726535437717,-28.28635944136243,-31.813048546172382
2023-06-09,-8.888677175305089,-2.0709853575102266,,-1.9622938632431577,51.29064868492719,116.08346433402008,-5.363568486922457,-35.190608766496666,15.480488977055394,12.481029037752421,-15.597105490440406,-3.876319746113856,22.761555546917563,-11.830710749799424,-3.1118782076938274,-0.7626974149191802,-45.88573439527708,7.975317905420336,1.0964069714551392,-42.17762103137864,143.5278445326308,-59.60016802978708,4.228897518847779,227.57374302578555,-20.63046010661249,0.10021463634902693,-62.561963157268266,-54.51318333696765,-6.290205017288693,22.194661927113042,,,0.05893924901673564,-31.371710444809086,-22.6105699830323,-4.036360669693164,1.3994758138951628,-46.20740982090366,83.81623766904988,-25.267367161352347
2023-06-16,-6.6229081218425385,4.041917318415657,,1.303254917251327,-11.92092560028465,-68.8221477070885,31.106453751455977,-61.32499436581648,76.69512622505988,29.679497798591623,48.68305618620213,17.821972502078708,0.5223646646209629,-8.755630815762995,-29.154546398521617,-0.9773943797461689,24.126433484581764,-5.524904559695722,-20.348878513352393,-20.484483004788352,-107.39567810301605,8.81607893651131,1.6535655196845318,-6.870588249009223,107.64939961764618,0.6423907953145174,4.807324021603124,-28.781531350845473,3.268078630637108,4.4158762521473385,,,-88.6330465853985,-32.66373483695296,2.253306890581503,24.898850154229788,-4.731017558884767,-31.54049226688329,77.55001955895216,14.739513256488772
2023-06-21,9.452292267241068,-2.6990529135022356,,3.6082321772900285,63.18928926833988,63.843258040918926,113.33713714048871,-67.00240646990483,-137.700721024986,62.11268323913646,0.3040021625681868,9.81332298779377,-2.0758729863632066,-9.77893184047144,-0.5243761748605156,-0.12486234828672821,-13.491304372736723,-3.2925241108824164,3.707771736256076,32.01196504061095,21.21001192256713,46.45316961455456,-0.28125144106797206,-40.80084054835046,-59.44468385054549,0.7322531071990831,-35.08731925786575,-49.76587439876455,10.226267179372147,33.454946137897956,,,102.64723368741473,-57.2398922751644,-3.468648100754104,-5.186389673874984,-0.8100588081083709,-8.074984651487316,38.59844703279847,12.949343418215626
2023-06-30,-15.647730091809935,-5.4720473188796666,,18.685471069783212,-25.7182223374301,20.929602193284325,38.40072595733175,26.10116938065587,35.95028028131336,5.5406430029133915,41.31546549932745,-50.635652476720615,-0.1431634471906822,4.143623152829689,0.5471322971439192,-5.53409159883959,-178.14932397841886,-6.946202300212072,-16.9906597323916,11.049634721782386,-295.79040316390933,27.770977753853735,10.151249975774455,59.993090041417666,-9.475458842551019,-0.15020666407511207,0.4320108196025724,-4.586042610095281,-1.8963342675074641,-108.78780219927164,,,74.70816607050824,-10.481378600374642,41.95471633591976,-37.12405185126187,2.6951615870654497,-80.3649829832795,-79.03535815640268,-19.50890260224103
2023-07-07,-4.729625502750315,-2.6903809976828863,,1.137433842142101,26.305513346007988,-8.845352738800813,-34.541326289135284,3.727183143201838,-70.17897493443459,-56.91808396635318,-14.847073232856035,-25.35600682131286,0.39712837356213776,-28.799200889820817,-20.99185735791744,-1.4379003867496505,-22.967469828516553,-5.543370650823465,-16.956796980757755,-1.6226835871560397,34.5953542551184,-19.262093601682377,1.4007980964512936,27.722264322073528,-67.1215498722957,0.7444710837339099,-5.323369723637179,21.674385494671498,18.95210829543232,-1.5897186604627167,,,-69.1237527637765,-39.25212030791462,-4.904982880565203,-6.119242593205389,6.405163070250375,-6.030345777546237,38.5369916568899,-116.02498429546127
2023-07-14,-47.13904764032221,-2.0011184009034726,,-0.7836403033012243,15.452091512111274,-28.58909765221509,-16.917922219057328,-0.34651463987442765,-163.5262275455634,-2.113751745302655,-100.47656102806566,-28.91599411744459,4.969258764889887,-6.580076474475822,7.439461822428614,-3.231033888413656,-6.557448501957278,-11.724797908755821,-7.443310653961721,-23.198292232751992,66.78457227313129,-5.6220804608440655,2.8093842158837146,-30.774363976790237,-27.547761231897827,-0.16905692589609833,-10.12985952902,118.1662210856972,-6.695764847512932,49.92300076862757,,,-29.306942241861538,-169.6525823551881,-18.009942426285534,-21.80733049513703,3.4173966423883515,19.907281278627952,30.348370764634236,-182.32826133506438
2023-07-21,65.87692574168697,4.231444217491806,-7.50546323814374,-1.2230217301228359,55.136103402503196,-24.994458303155707,-15.050593731175805,-8.605993515055218,71.86492699673975,77.50837673697355,-59.232860076434655,-0.21139095146187048,0.45959843004049494,-3.998447515220641,-0.8897055519737797,-1.2140572728838381,26.671316378562032,-4.591582921337562,-63.588062247445464,-1.0461751925245215,-352.7286159801053,4.208440131118918,-3.7280040660579084,27.444167500031213,-22.99581765982028,0.6627564078294744,-7.720218314929275,63.052592355662235,-5.557688579044152,-38.11818715525304,,,41.780965133742484,-18.85420207387778,-3.9427119585689536,-5.897661404297962,-14.633383265878678,-84.5993408373704,-97.6777662861797,-23.649963319545673
2023-07-28,50.34407773016479,-2.96934364000648,-9.847472879632432,-3.227075124315056,30.90905948111458,18.329937825200897,-2.698367581374306,-3.6559763409739467,-33.05866122036756,-5.0372230581177275,-28.229896131569454,-33.132919406962955,1.3104044664176455,-6.17795186126969,13.476777147813793,-0.26159412994701975,-35.87286594804205,1.1370042704359022,2.104692425984788,1.8278023886132861,20.946331258751254,192.37082452283397,33.77263563573761,12.934649013978216,-26.295853163538347,1.0669982480322644,-8.633857680178947,6.782192394686274,-19.833380262715252,-55.74753216914522,,,-48.41837924697342,11.158926110934786,1.1702069838467013,2.742402467881238,-0.5431753880184423,7.824336916839711,0.4729837883221286,43.14750346146896
2023-08-04,12.12773101485767,-22.130912088603473,-0.442403252786838,-26.674183327648162,38.002445223013,-35.582190842943426,-72.42262363196633,13.842504970082622,-53.354159740869726,-143.428551684269,52.70856523396444,-2.794020186109184,-1.0716469567705635,-6.274586748986539,17.398701212476816,-5.020151252941258,8.541154441338701,8.489460995803393,-19.4495118101275,3.493198866466969,-64.32072912765265,18.575684223516678,-18.85348291586885,27.02349078605798,-14.276876293783408,-0.07063096454814878,2.9398247540547566,-100.19657840945256,6.421867726572245,-32.022036387757744,,,-63.427667032409644,-5.916239681593455,2.6720301174671826,8.149631210582498,-2.744978422011827,52.73534137139945,-49.506645121866384,-16.312819277408472
2023-08-11,-48.387468752860855,5.782557098257694,-2.1629159880063242,1.1716207934986405,10.71236243981465,14.977660340993358,28.346020973494415,-15.31924245821897,30.327343390634905,-134.91713117052524,2.0001728076874077,-50.4111840515121,-0.038060071664437006,-27.96551209246518,4.985968377160684,0.3568076890405872,-2.163827169694228,7.80628481847097,3.6001677829883483,-3.663150969055776,17.390619724107665,-5.351059169105435,-0.6217918762393351,-26.004154829978628,24.298890117545245,-9.484006333742226,29.591406492234995,22.13915450309257,1.2944254127690034,212.28971653436517,,,-25.704244703347737,3.5506806498990624,-9.684060014921489,8.956312821882662,-1.7193157925752425,-12.596689541512598,36.55624346340034,77.86519901393325
2023-08-18,-20.159467751193045,43.792818003617505,-5.716914311698304,-1.8474921242114108,8.563774894743563,-1.9570264583356922,-24.520807956952353,-9.789901234238751,-72.99143639886518,-63.249554261432074,-17.19659130565087,22.3854224597686,0.6631573136741826,1.2454702612003876,-7.889138138906927,-4.166282630121508,7.199596871102191,-4.331639062242067,-35.31897159270476,-28.161023663862434,23.81313202778519,20.404444523085285,-0.17402540144332546,11.257110676856223,-11.06073389251896,0.07671373311487295,-0.19444394253436648,38.118945103737644,-3.9043483131010577,-37.25593834149245,,,-3.9765341232287406,-88.11215218978764,-4.14982988241682,-39.6551733133477,0.10795264556881476,-25.438750921999386,47.84831982417735,-95.86277161688399
2023-08-25,39.15578935315789,-3.45238400538961,-0.43477841872777256,0.19874906326784395,33.85218656377025,-63.11118042825621,-8.688548276679935,-4.7217019419151,-16.420366551862394,79.6816207762309,-107.1936722332745,29.98126287502261,5.36900228849936,1.163803037433486,-0.27707715654686627,11.268974441647194,-7.307248660487889,-3.094936726180192,5.349958597163196,49.46725233770029,91.21319114120463,-4.260059158689035,-4.563080613536604,9.936161747698613,-10.606085753394101,1.9238724804728329,-82.16798331045766,-5.386766553856674,4.273181348545882,35.21153245497982,,,-33.707990859725996,31.03932669683386,10.974409270675054,-46.79571891385521,-22.781026833157682,-95.0175571267105,24.642582156439357,4.930011039248255
2023-09-01,-36.81101624154166,3.0709709500219264,-0.5119194092036621,-16.81926777027578,31.38872415806314,38.16321226261532,-11.952559450657594,36.78424067421186,45.05957817465398,-65.9678900416628,-66.10282099987145,69.45597685986554,6.452536101984822,4.73808525518323,23.13523263591239,-70.42100440177312,-43.76563034134671,-5.457538208598629,-55.91129682209821,11.733354751403708,14.248813001934659,1.0211119709589696,-0.18015788085398304,2.839663562238665,-7.397945323802862,0.010280196453001489,-2.777160923637309,-37.81482700703735,-9.80523638948165,-6.0844280051237485,,,-4.998987546799705,-2.7923462809221578,-10.286421773350376,-3.185855540520286,-9.152003883320578,-2.8539879450864176,-51.0661614456428,3.571490919253111
2023-09-08,49.311778348552295,-0.5298842762604661,-0.2015760676062488,0.4614546057075261,3.245554651657778,-33.81562657857463,-5.159996367702438,41.31016443545998,-75.81235313096616,16.570851301679806,26.671585137071474,62.846934163466,-5.555713860943225,23.851737592060044,24.66152530221563,0.17660872378682002,40.90831662737563,-1.91720930377408,-42.92975162688132,-120.42758018510925,-62.87365081032127,-9.699316223868816,-0.48558436975067926,122.35491675589772,5.000256103637636,0.05442383696368737,-3.359362930790169,66.51158164134047,-6.004931155514584,-72.86555133450692,,,116.20523115821364,-64.00767170389284,-127.20846838109546,-17.924034420992516,0.031281149488968596,-16.372745102568768,-64.46694417376743,-15.524376284242605
2023-09-15,-27.7084412159967,-0.5430016918662097,0.4985290874441608,22.672692423409778,70.1550674200649,-34.13264577593183,10.400333588829932,-2.6558945694276797,-56.94646576801864,-26.40618764233973,18.091231457699674,11.279707907001267,17.72550277471738,-8.765418698512809,6.1480124918300865,0.9523671773391216,13.62069176675838,8.3629954028484,-2.462759151606503,-39.58292154722053,-33.25289543649443,9.860995233509714,-2.348709610509978,32.42807251973789,84.96059559127617,2.3760297636421326,32.42948977170763,-26.961177980063706,2.417667227907028,-15.459450398378465,,,-90.31561662491625,-43.308213951558166,-2.132440516018538,-4.757436632625346,63.26117569944954,-25.878212366097078,18.099081151253824,110.95164866846106
2023-09-22,-21.18278780112407,41.77251888116168,2.1115892508720844,-3.6080320583847536,1.3938528078266652,-125.01959582778444,-55.567682036768396,-52.67531485015634,13.171825442358763,42.91677630912902,-9.0407134533209,-28.51859938701611,14.508017315893445,0.24847729759968828,20.68676461458331,-0.771034563341946,17.49241171242941,-32.89671322465689,-0.361642953361083,13.164901667407774,15.143974982155584,9.871351342994474,-4.9975538761308425,-46.53746580270868,6.848715349054853,-14.745765198296054,-22.63165459015793,-96.9898273546297,-2.638066651107615,-63.463492054527826,,,-18.7161822720954,13.978648837636364,-10.74800486158557,-91.9849170906953,-0.5561028153586447,-11.127313277657393,-106.99060744237133,51.17480773641529
2023-09-30,88.25441529147831,71.95036038129228,-4.746956406610162,0.07581670223287992,9.415576350449115,5.347181698218759,0.47698071370619394,96.1494707324343,-77.33325690707967,-55.303287857724854,-54.39368288683941,66.05237775337729,-30.173786196935083,-4.58721600217133,-14.958623276842369,-0.4732283790983741,9.448901529046474,5.417908655521559,-3.8983828736932344,20.481264684781856,-108.19098687220307,-15.150792711443131,-0.37326324678190403,65.76585762909949,15.505324665673113,-0.5012894957170451,6.291792517103312,-82.62790519159714,-0.07237929086274042,82.48559329219687,,,-3.8146601368572117,53.60712921376726,83.2260613419555,12.735536753872895,0.2721588214467848,35.05347907933138,-38.68420472926208,14.35858467756152
2023-10-13,-56.96198160981939,-9.528105172643139,0.728609144705144,-2.336540085755829,-102.16290966672699,-70.16831712770498,37.61535068236525,-17.701521617268945,-83.80645602850447,81.2557749107551,-4.8578524302548995,58.06512963751325,-8.325453063811068,-26.265746059185737,69.19789394906427,-0.21333755666043452,26.656649597822646,-29.46784294451582,3.6381331574379767,6.444551779771196,-51.51320064640284,-61.182177504103,-0.46370221235887055,-44.001001743242874,-131.62437521413287,-0.05843093258725027,-2.152385815985237,-41.13784577850807,-17.49369372888912,-2.5615621544203204,,,-67.46817172861581,-11.444653448735036,1.760914820760231,-21.646989435291694,0.9665715950186846,-9.713934812423277,-180.48545582462538,-84.606920069253
2023-10-20,60.65900046826095,11.026583406359157,-8.704548433594113,1.27244674926679,-2.5577687217922698,-21.161232737410927,-25.579073817748732,5.267380311798787,156.01455565128347,7.7416483268018546,-17.147526956656165,-189.50879579140542,0.2860742721981412,0.2665523372101197,-10.822578848231574,-0.3858599723968615,-10.858919526893894,-5.150256373867148,-5.9606762808141545,18.626722461760455,-167.63829250094233,9.195147018405466,4.035844824414507,-5.043139979548456,0.4848600149651716,0.08450763528981561,64.27097969448893,-35.61287531016859,9.397050064974854,69.5126808226421,,,-51.39139666842991,21.315398874012704,17.80120832657082,-20.767668820677965,0.25510603485246364,-58.846920022590815,54.22502915695948,23.88489800065637
2023-10-27,64.77404803138343,-2.0420946644466174,-2.2859771657362247,0.44162107926265526,5.067131124053683,93.809515280295,23.076836477003383,-91.32677013527913,55.840032404885804,-11.257008010080044,-20.631924903379748,8.665054964784176,0.7067698405224854,11.70901891653895,21.032476977918126,-0.7929183496032244,9.920348786166038,-25.972876903214598,49.75475952471821,-47.64145828169241,27.739699033968115,-20.747040939659136,-0.23727228166415493,-105.03556111049349,10.370855958308514,0.1927083732735759,-8.469852795360191,-134.01079832655532,11.48618387896165,-19.45126501088372,,,-146.3133367688821,-16.316045008978865,-12.13778912147917,20.783154109741986,0.6056679298421949,14.074796247988202,-340.62423399614806,20.409324037832434
2023-11-03,-54.61380580922454,-5.011260538767267,-0.172684430921775,3.3596141068159797,-9.216268722483163,-23.102735943886053,-4.5958946405701875,-22.972555668504064,-86.73331381395064,7.23179090830713,2.599434509076877,-60.659103571037576,-1.7347111822762304,-25.973466190824304,17.044056984165366,0.8684448271857637,-23.740324583699277,-2.888872773730667,-102.61886825121954,12.503594094700944,-76.47997415403587,-9.75324247067069,4.467191565759295,15.41485940695459,5.394603750928934,-2.5996465702078164,-25.7692500363282,45.86914292580778,-0.8819724083595313,44.885382672063514,,,-139.00236558978798,-31.35349631105367,39.61403859661482,-8.622330533088387,-0.4705176847544139,72.34632322891224,-86.49185057463221,24.993910762736686
2023-11-10,-53.94422751847943,-2.4925047878748425,7.079212179594676,-1.5962261030606717,7.372663142492419,-92.05422144380091,-54.12450452543811,91.85817650943804,-25.50707004116242,-14.638063646879052,-56.002828064720134,27.44447591013389,3.5146398563986194,17.21429331592111,-13.394156165312477,0.9675858366713849,-31.697332768378864,-2.8857421032315123,-1.1294826794655908,1.1708282095509803,-146.11350617125566,-51.455539384756904,-1.2500396566693839,7.216937679016492,-0.3081241036251244,2.0091812325801,17.061866874075307,-53.534762391282925,18.18050291270771,17.023520976248207,,,-44.17091412701709,-96.93116280175013,-54.50684730963298,-1.1702543183737077,0.7467178912221363,-69.71775510396729,-126.26017955188217,-30.39978577817686
2023-11-17,-189.41788769928448,0.31761262786849964,-2.9433434047476013,-7.439510158755018,8.394712417429671,76.74912804664713,-42.43511025411395,-17.109500837057297,-80.4627746544556,-14.844405941196852,-50.70716279577893,41.96483499525368,-16.50727020109903,-0.8687196609396275,22.312782621510625,-3.688942095463572,56.25607184066341,-1.1815842015239568,1.3716328459866622,21.69348847792164,18.662673051900693,-16.735416969785977,1.5626066579585385,54.586580793470596,-20.722527710552427,-0.04649364423677838,27.752060975493514,-93.27352235189875,15.721183913478363,-13.435750233214259,,,144.68115717957747,19.043221315632728,-3.0190289088523734,-20.51352967476809,-9.919844250492844,27.77754246375069,107.84565949177585,-15.978120417073058
2023-11-24,-0.7707922750989997,1.8863644134341895,3.3725408528294922,-2.2801617999804877,-6.45253135713014,-70.78255851490255,-0.5355844383646922,-99.03992921729261,-31.34223819844268,-12.50079110441961,1.0163154365664206,5.851717758670502,-0.700155989723433,-4.3008971650716115,-17.979260843356517,1.6134616472355245,11.641598419344156,-0.14091921696451615,2.106382541153179,27.33400576342753,-123.79701573210312,-73.76699586888152,3.007969431427783,-60.482787438153736,1.5693664140502888,-1.9807345530840714,35.24972492386977,-155.40624955842648,56.09554680981298,-2.8817381927822305,,,33.8716881037877,13.262458553331847,-1.4704441589045942,-15.106831443133608,-29.446992509739694,-38.791772721133036,-59.500009090511234,-27.055473045504694
2023-12-01,5.552195830349568,1.7269241012475867,-2.9844164451120547,-12.951175709774208,-32.967669214612776,-79.63245058755386,71.03934849577169,-44.69300293106017,-13.37267465551205,-4.898538485529376,20.750181997537545,-104.80092560936843,-6.546385618654622,-7.536587800947435,-81.252317590238,-6.3227518480254545,41.822737224844815,-13.796202115296026,4.8509418734702905,27.70806719246069,-35.238073176543764,-15.915808688576627,-2.2434161553194816,-86.12270460925525,-12.258059059271549,7.561267056624933,-4.559682850612869,-43.119626270384394,0.11331796362393054,13.444566060170148,,,-61.06101385181868,-10.353916450160618,-96.5857186063996,-29.63886807939817,-4.035779898095447,-61.04052080680034,7.234341400833891,21.10840956160424
2023-12-08,28.63275904621099,-5.5668273544212745,-3.245864879865836,0.08196077009391037,-7.053951861445964,-19.182172534950066,18.194575723995577,25.228812598070444,-69.65828372210993,90.42369368870594,-103.98983428543053,4.717083771345921,5.775847061140659,-17.0971897124491,5.266201652191662,42.824209677021805,-6.294687412224142,4.836570814493634,1.5031196129577573,-2.0890797128425085,-24.98330753666486,21.4500216966041,12.209332983769466,5.061048597902065,4.626200657752082,-1.0264542779225192,-27.932642056281356,84.77098184030278,-12.932555011071614,-13.691588859445654,,,21.61761143421454,33.68537017257873,26.446171720985582,4.99672303028111,0.343732502968052,-6.218305853495368,25.387275673445036,-19.41928513966229
2023-12-15,-37.17254128358078,14.406811011468706,8.660970658341743,0.4435731986978598,-3.882486683999224,1.2341082039936726,-0.2768565176435751,-3.4145595850901156,18.802012104938907,-87.01415453912946,-53.885552400612774,-6.771194070641281,-16.26640038354016,11.79034849986344,21.85261278708212,-4.509731387830821,3.737530311522297,-13.32157149162845,-1.704711167161643,-31.205102358417324,-180.07087345330498,3.0858717405565925,-0.33879198422187234,-55.6041761511148,19.063285377918216,-13.532376094725759,-4.619720367011142,-139.10516683828104,-6.054373262566553,3.934817215695731,,,-40.246569996257946,-9.003690954272201,36.774858480735546,-19.92446759285549,1.6505168774695003,-86.63252757091418,-94.81577631452961,89.4333112876814
2023-12-22,47.7933495460477,24.125802768492235,-0.6847635257326294,-9.110114730962142,-22.358821345438038,-72.12566124281913,160.4218412179829,-0.16985202025158747,-45.402454590374305,-3.8497328448890844,5.746069525296832,-112.90563755888796,-45.309760832246404,7.072124806497883,21.77869177316276,-0.3988662641471985,3.670871623194962,-3.054638050931338,65.42603796091096,-6.6185091363457245,80.76606360673229,47.28765781614088,26.50121283300758,42.39611919077331,-9.211845982151075,-0.7015858562233311,-6.303188096923902,261.3687354503335,-0.8982649444316282,-27.423762322543944,,,-26.202221954361214,28.82426310034529,8.25909901152739,-19.98565433395577,0.8274626188696376,91.99660560164737,-7.449800431900009,-4.204961917114277
2023-12-31,-100.84688339977876,7.254753303847933,-4.024117062420323,0.7436236200416614,-10.278586938777739,-69.99413876723108,4.823930448562084,-31.20332297860243,-74.77641342048307,0.9899352318651896,0.7196809223612419,-42.435470783147686,0.4843854825438204,30.23024649027539,35.60957120504725,-1.1848417747092954,-7.4047281213757765,14.30078372901766,7.1490105087805675,46.28579378579706,49.903047484671575,-35.01024566905417,-1.0060653920838636,21.599033874093287,-14.368471538364686,-1.7383888643458625,-6.436662780944136,-31.39250696768678,-15.94615464547727,-22.769706533795116,,,-6.826193311382372,8.597925645700002,9.360717677161478,-31.687824022876246,-6.573634002631753,-4.9525923006167725,28.52799917220897,17.525793063537456
2024-01-05,-0.15060719348477924,-20.417034092950555,-0.9755834347742226,-5.020512062777984,-2.616773769177201,39.456203658777724,25.15797383744116,-37.29563390192268,-11.364687129157714,-44.67334340268536,-59.70402295028938,-58.02808491205524,-30.522587126088506,1.3969482356878702,6.879898533760289,0.07672561304189446,-2.8372835083905543,-7.913459983114351,-6.646350052012264,3.6250625278237596,-104.31539776327202,4.270842168730893,1.2749800681894374,-17.198419266404695,-25.44114220259311,-0.03339766371992396,11.801612648564744,-99.99329178107989,-4.304100703859431,-62.35662808052285,,,27.458217049802705,7.61752877848424,-53.51899559472184,-0.8660499559149335,1.6586364999699743,-72.04571994882029,-65.99357072564653,43.819770413729
2024-01-12,-98.2036254634445,-4.240456591610558,-9.583400810767106,-1.4727764761541824,1.5537457574175768,45.8400834638949,-7.319399901380904,-72.70829285873674,-75.97638008147058,-98.20794414819957,-55.06421374947484,40.546887264542455,-26.70333017391998,15.743267635509788,-3.37340213180121,7.103828376827525,17.480404051635173,13.81135248547924,2.8791273981867787,-1.0557141868434543,120.79253883723628,-2.7596280739947336,0.43308910578410553,103.61833161677224,-14.629848947327186,0.08050583200507319,-100.94339104037464,-32.37338573916574,6.40326936896399,32.993279601046204,,,55.76073074710954,10.60982732096128,1.3983652102393227,20.375375807785968,1.486374496647601,-45.398727732999454,-114.27756082205653,4.632773457593148
2024-01-19,27.656959386939352,58.04731191672931,-7.704384705697324,-2.604594726036944,-47.814602231096046,187.09092402133606,22.73728471261359,-97.35158284186292,20.20081398107033,-15.25095652350242,-86.22444920865993,-55.999719147340954,-2.526041934608035,1.7070414141638708,-1.8727418087365022,-4.101342885571572,2.430173366159239,13.5601490774377,2.617681869647967,108.76566394396308,-124.8741307487369,0.7910242642128332,-2.025544307503246,-18.368240215983743,1.636313308243335,0.7296496062213793,31.912710891127627,17.362817522487564,5.391883172275914,-99.8358314021052,,,3.355605461899337,-63.980414732318806,-13.335026139098828,5.500293918350978,-2.7013735812656723,6.593929841284212,-110.09105466313238,-92.2827937149834
2024-01-26,5.363630646659128,-2.6328016460773407,18.628259604512543,4.033352781287239,-1.55237007486636,-75.92179327078611,-13.384787822146631,-84.65532798559384,-25.992152262178,-64.46749674847811,-78.60021953780077,68.79216310716099,-63.159084796803995,0.2735683662682048,5.322390508127106,-0.4222097812315023,-14.244381498931096,-5.558745744796978,-0.83746130828889,22.576488605559277,8.417501209280918,-20.75522265397627,0.5202354513049927,-22.132381606376217,-29.91262526783073,-0.538274755351072,-20.701910842124164,32.6145808762633,-2.641510736092667,26.815290650662217,,,102.09025539297792,31.943622834673974,2.1577853573840065,17.086020196553005,-2.4078010781665276,63.71643628144379,87.03532034867443,43.16462680173281
2024-02-02,-36.799444116533365,-1.5307873892226787,-5.324639296374544,1.4649118396680274,-22.37221636362338,37.145928161606705,-29.453154312709614,9.45194721537935,-50.19611512962947,35.27013302009142,-1.9287435308512124,-2.1742598940981734,20.44429741349319,-10.11908008772681,-33.14309415495906,-1.1337475930568783,10.798349818055598,0.9042729579265534,39.02252626024084,12.424511503506022,-35.090356729986155,16.02356849428776,-0.5473896312107915,26.814450443973666,-11.42715675192292,-0.3782624414834339,39.74619153569544,-39.871117910295354,3.1816683069522838,-11.569663381654081,,,-32.51855622403065,13.690555488216802,15.11727439757271,15.83665224974272,20.041297953873208,-14.370271706345616,13.977238698960463,-218.8421510184504
2024-02-08,67.09052559091438,-2.710017996094384,-0.047868257997529806,19.218114426599126,-20.240917620551738,-45.687187298616635,-6.521994204347578,-52.88393526827407,-15.324240520984867,-129.25237486840444,-19.067057340809068,15.545209164764001,3.6269167013239176,4.441760514585808,2.9827093715948205,-4.69852499195987,-10.356297467839898,-36.8258642593811,-24.581477851123935,-1.3847049801339502,-120.74362685963288,83.1592692286441,-42.11004155041151,-22.02636495240082,-1.3052534721963813,0.475817549066359,-47.63185549094614,-115.12393585338945,2.5118421468447343,-0.21849165247846436,,,-57.30324678969144,-49.589753900967075,0.14986791238384756,-36.16498228776018,-1.1477797377210321,4.483064690652453,0.43615668334427415,-25.037742942720154
2024-02-23,5.050081848321048,-1.2215272499048269,0.9458069508438941,12.42652204531736,27.62926207136807,78.53673843207868,5.82860584098458,9.835963577510064,-64.45549296813607,-23.960682055596546,34.79119821197688,-30.744742944916037,-16.06793619807422,13.326814928864996,-122.20971426863808,1.321545213732077,10.952532643494116,-28.797781688735427,-0.2502365983104311,1.6544274654772817,97.77698569249121,-26.08830041498193,1.3810026584979107,29.778824624041142,-1.540974764939631,3.506067853425642,-0.9451363178530653,119.48229266350417,1.161273439884554,3.8868066063522932,,,62.52403688814305,-102.18020505376889,23.136523357066366,-29.944400210408617,10.689142306826833,27.275497248878256,-17.378905801576174,-13.549882862545164
2024-03-01,-12.158122210111598,0.47207141958285925,-68.0995937861412,8.232480604113773,-13.89771019985993,-77.07134869937495,7.185929011183431,-20.311094817945108,-52.15542696349839,62.26410117565926,-11.048073517930597,-12.245957101622919,1.585359881973821,-29.54153799607824,31.973279887676853,0.24440271114967135,-53.72177427855795,-68.68113827839396,-1.396190894212544,30.901347928236266,177.6265697940576,-4.539340557651808,5.173729386495739,-33.82689523130806,8.531379101582738,0.7221946570252163,-25.983192288227674,-24.136015697772045,5.79480369673565,1.9296835661456093,,,-169.92109696719464,11.090208863636404,-0.8141346195848028,-3.3853959597811043,-2.827583002653523,26.41470150380998,-92.80797071072236,-40.59627228327294
2024-03-08,-74.73839174434244,14.068725723983006,-0.7385908803655006,20.420261247172547,31.330878015632056,67.19873671749255,23.58539882210447,-16.179596161051492,24.111911205204922,-70.18716117847501,-33.961660282986244,-5.66377198052599,1.1642595319873685,-64.53072313395491,5.245103648496372,-1.644324444358963,29.526249103093495,-1.1265562459015919,16.02441418195876,18.138393642706028,-7.9567860773114845,-38.220174379436436,-4.872919762716239,8.923056050283485,4.248383571685033,0.6648503273058406,-1.6325594121757723,-4.44565826735443,2.4014906094993727,50.99955967347627,,,-26.497700001288862,0.726812035812543,1.1419102141996174,-5.009851540327801,-12.430166183199946,5.510809716039976,-48.63310869364873,-12.632562458838592
2024-03-15,-68.35973395636326,-45.28294751038918,-25.63481950503968,-2.8637072150858307,-74.29593447504685,14.777054981766456,2.334177037688649,-89.86261529887322,-115.62464170487769,0.5884020913411891,4.333881228287141,-23.207177572197747,-2.279693392839828,-1.7837044394658483,-4.645938984144145,-1.9138552270424174,-0.6892502148328543,-4.421965482291037,-120.1856602857671,18.900480641379595,21.32087398033958,15.505721556483463,-1.2703426975497385,-81.90809865934239,40.70219493782237,-16.212469656603776,-9.746600734843613,-96.12525834120089,0.6565244358841419,-14.673974059040853,,,-66.5675391600232,-34.57539444535637,-24.399445348100375,-11.401804876653456,58.935281589310165,-0.518968546600969,-29.018118720275236,-49.62091967281464
2024-03-22,21.160609404812526,20.785131581109333,2.1901023772782384,12.153446924207625,-33.577472691737086,44.75341247731843,-6.84602959931136,11.279559632269526,122.69250465542217,31.251969361870252,-112.59064208690268,-105.44101718092719,59.02832953814065,1.781284157981961,-48.19906947652527,1.5547185760439641,9.87244763691129,12.290131833350255,1.9985213260359007,15.544344680042839,-75.95694809016483,0.9403148837116748,-5.107128065001899,-57.62554835029096,-41.43446189882897,-28.738710864768386,-21.70677471052861,-32.60262369307221,-1.1451990029381212,-64.4610547673497,,,30.215069565886797,-119.79672764276795,109.44807294275942,9.016530523725864,1.5246110045085535,41.35576061380671,-212.34343485767613,3.645399681418334
2024-03-31,114.28249329150465,-7.692341984254922,0.6035423179918513,11.805957847316412,-134.56431654518633,-30.912445217834456,52.29845371757038,3.403851365391662,-101.86879371051191,-56.18159153610762,-83.23813206085303,21.697762316904388,-28.394109185680616,-1.6979414672654949,-0.9179131351160282,2.3719681529289285,5.5152170442315285,8.005591937831442,-108.5649004801829,-10.189682124197944,-207.90950501503443,0.8394578041149681,0.002496493767826624,30.88318678803934,-5.442626910025233,-0.7723276012740156,-17.341590166742236,-107.91252649320441,4.437995463742906,-99.82903488345752,,,95.74905821805214,-27.67026217440558,-120.6678373453344,-23.136447117499813,0.65356349463097,-29.168162527677065,-76.58161350610565,85.01487731667595
2024-04-03,73.39806390512207,-35.369812804475714,0.2812702575259408,10.821170837315082,23.75797385655555,-6.777242116148552,-6.7963068293239575,39.274714999705864,-53.11221010868675,-15.023624766075955,-50.52242230782828,10.596678063391215,-2.33841005014259,21.311060504244836,-23.59434304667772,-0.8400937505215101,-38.573862427161174,4.728397670330582,-2.77837942827457,42.943809988761934,-105.28051463596778,-50.09451780724609,1.5078399068454003,34.81782784664913,26.540304997247922,-0.17623903550103823,32.117238605056684,124.13576104357722,11.619879830065205,1.8645987420528025,,,-89.3304320459367,4.655292152154557,1.096546530920127,72.4454937142537,-1.4888266603943694,-28.543797992829333,8.072511351250089,-12.001870681668745
2024-04-12,-3.618701505155286,-14.024685924020828,15.661670533248143,3.9586824221580392,-1.121017906340993,-5.91778478906965,35.944121011064155,-11.103638804936253,-27.6912313805897,21.247149780693697,130.76243637487556,16.213924378081003,6.446869351943805,-1.1699331936034523,6.864381595604524,-5.228950112262967,0.41873673752672624,-13.606539147633956,-0.17973002027872276,-23.075011562967134,-16.2046359098092,-139.23721511648006,-0.282347398914371,47.10228848485258,-20.319551765445375,-5.30029070326168,1.67775134660812,-128.0605447953786,22.895815015705345,-1.9839480124520905,,,-7.17773346437705,-101.24208488365898,-5.351328799788567,61.89888508760051,4.944847784760039,-13.701950489067329,-16.23565289690565,3.335630429280232
2024-04-19,108.71724434946726,-0.31148135281027434,-3.7025674015910237,-7.643180627757488,41.28191849952759,-38.176912177885924,1.8775402710814355,106.33163879350123,36.04175735682886,-36.88167963059363,-40.404363738200594,0.23107151260939682,-1.8606683236351775,14.101599816082965,-46.87046538032843,-0.6518695869705718,-17.734370613485353,-3.011477052180642,12.785321906425075,-40.74204240321951,59.89500864001768,-12.880644799554972,-0.3802898572045276,10.47585154522956,22.794460026269558,-5.154968192997771,-71.37961016187153,20.26419146062925,-11.169325583367922,4.4360459780361765,-0.3153032837941368,,63.89039066512815,-49.05731682776577,-27.589091732643872,6.207277867025098,-1.4834913357202282,-45.07164498624935,-26.070616615288845,-41.403819804543765
2024-04-26,17.792560263436865,-7.848913391502152,-6.755254467223304,-1.8848598935749283,14.177091654653728,6.951583359758712,-52.72971503175946,-12.157522567734873,-7.533495920969981,20.216558764507948,-64.64840261114425,9.920232722520133,2.0071184370418917,-7.579255783746608,-5.992262983424215,2.1017095452759498,4.443285214290544,10.458317233097942,-5.299882151160162,4.741595559542846,16.390325431546113,-5.376759590960038,3.6220489225721995,-11.280553526847502,8.211721439299094,0.8902163179083853,-3.3107491071163633,-11.882647127110353,-21.594236834386862,13.131106700936146,0.17260313228845212,,33.38854712517295,16.682144455921822,1.4047931706991637,-6.6169011397991815,-15.2957405095624,15.551307852110874,-36.42043790818727,-38.40651015235297
2024-04-30,-16.072938521826448,1.3011027710706848,1.8411983701421637,-1.9051273735173597,21.973380695589064,-24.404122182850724,-48.05063480252404,-19.459230629625655,43.21018906018468,-113.63717596327311,-1.1445968757767655,126.2782426201422,22.908533723512825,23.137364488573542,-47.54230141681724,2.6428601997359302,-12.803380887541026,25.886823013729906,14.445691468149846,7.524913029720164,26.433298871513845,6.691199404988399,0.5695499098692964,-33.71473057691667,-33.63253887873896,9.198073343812993,-23.789095340277115,-26.092640300597658,-15.663158050117527,-48.920557973020124,1.212431097754753,,-41.647069214552914,-66.6497062373615,7.447663565865131,-15.501014271255181,-0.3410580312416288,-23.06817868562091,63.46931865742824,-92.81786961450473
2024-05-10,-13.310979849767646,-0.8462088685331561,-0.16239474044948088,4.814873132941125,-7.473519676589486,-12.091496573388518,-29.495956395724196,24.763660014025433,-30.96127877072333,-115.3565723587621,-22.417646723704443,-128.03203690857802,-4.468977220190514,-3.4747406912003083,10.880296286430049,-0.26513267178820504,-2.804746203456621,-7.5161275672445536,0.4807464955666532,1.8657280172072155,-17.862902259594676,-2.8813180285866724,0.7569995857932315,37.88924010048527,4.18878589855843,3.566584943270778,-0.5124448354147384,-48.224067544494574,-8.979166690681355,-61.44241170413652,14.790802520823636,,-149.0876305585573,30.554419573187843,-36.64748452919668,8.108682759568396,2.0015198286766194,-68.65614981381782,-2.9498057072097126,-10.425244086466211
2024-05-17,14.994774785847774,-9.855618545365578,4.882338068785892,-2.3026665421407264,1.8174318923337467,6.363041066111562,9.461049878708943,8.392010869813117,-110.71076824567749,7.326258710179878,0.45727852253141155,-58.94438075035316,16.215335135864308,-2.0131659354245977,-66.98126898409103,-2.5441083032846334,0.41090244459813996,3.189228561712964,-7.971625897493651,18.141642563333725,-4.083257785793152,-0.6847901840709781,-0.48586352765371765,-144.89012843321376,3.8045756347299253,-0.02634929265388561,27.934921428852906,-4.3962038088425315,4.533603930295394,53.31507295930381,1.2587324424762303,,30.802794930216084,-87.18286372135184,-20.754795202771106,13.481522227862378,-5.666859298447115,73.1575577313155,-67.64849177478358,-0.8462328129014196
2024-05-24,60.308098742462235,2.389237922645928,188.93336749783182,8.912999247391946,-218.25983401317566,-34.705495074064345,33.16309407204001,-64.79731914344488,-79.6234667060013,-70.59418209194914,20.005716071684795,38.475940757311186,11.563048158514198,-0.8417549374245481,-12.309701681705231,-11.024298103935879,39.81678605848284,0.0863297525839507,13.89580576890008,-3.0214694408780174,77.12155412312248,-35.04068163702045,-0.5301335017197506,101.70772649691048,3.5070953103190163,13.561778207091672,-47.67852897357331,-17.065167155889057,-7.4797826454062175,58.977421207210554,0.25695575632905643,,-55.43976604153751,26.989569558504634,21.653120484068822,-3.59585418092003,-0.9817994537475545,4.469303989637413,-138.79382823262853,-12.756870487321793
2024-05-31,-20.384181295604623,-31.249845812934065,-9.258086068236498,1.0853766702423722,-5.04588221737386,1.8785438943494952,-33.25807840653845,41.545176988428956,-54.34395458607052,83.06167508146999,36.88668584464932,-2.631436289236819,-1.4701461537183422,-7.723770216884474,-11.576579902614963,-1.7382372560641033,-3.428167202473049,-1.7675178314596771,6.4973085630313125,20.651469936533445,27.36325484434176,5.059865999701264,-1.6389381655457984,5.651701454124982,19.662723960449938,-0.11492862562155759,-47.989770625625965,13.5905964693352,11.616840443322097,-38.90889655239102,0.3736345084234701,,5.464940864744158,-149.33259731272676,16.315779578490734,14.77789990466836,4.192053041784002,-3.253491788018379,-37.97902676133167,-110.83669592343738
2024-06-07,-3.348539969731826,-0.1270615215805343,0.6935403192420437,-12.318131955629559,-8.623631567535439,-24.785228338241605,1.0695645226695598,1.2744497254770784,-36.66575933176075,-1.7119383231635532,-42.265390070793394,-81.41904688140471,-10.216105620855723,50.22380441596284,25.649698535258985,-2.345698677696676,51.05881792766232,148.60551618320352,-48.26888181184913,8.244669105384645,7.810296711936125,69.50589562500957,0.3394486500515835,-6.52853982924884,-2.163744976864285,-0.1535765733629054,-33.30296343489739,-137.40571203985826,4.763842516220022,-3.8456608926829343,1.6453333362027462,,-10.132521658762697,147.10207360247668,10.14137078771772,4.266742385806904,-77.32782876155458,-44.00916039928339,-130.45869719533698,-24.581185209889366
2024-06-14,-36.32347381369031,1.446925646277899,1.9497688876023807,6.174912269828021,9.639941968751993,2.870513414717705,-13.508936945844814,-5.826721640624601,-94.92101524333437,20.68344717676558,31.725865105985086,-6.715905081538759,0.6779332306357084,-10.840574488568363,-15.582940436406407,-28.97295262301805,-3.7276490949421,9.417422850036216,7.230079979032078,46.611853317944544,52.81295116786707,-29.627469926074355,9.815224065271217,-55.79737695923109,0.9584407847981267,-0.1808435237338858,6.943333526951558,-18.68279311081523,-36.36768880608647,-26.549311513051347,2.7961066202378024,,-17.34444679604759,14.268124778860296,-16.588267956019408,51.435889316515656,-18.737630829597638,-16.39112039477827,-70.31763159811214,-26.757050860084767
2024-06-21,23.0193949836847,4.907963414863017,-8.472475936549932,2.8545722844838495,-32.124442996310215,-62.635012240843245,-13.132426493068504,-0.9058746144280707,-69.81411637132537,26.109281728422637,-38.289003565143666,51.694573622947495,0.2827723970357905,-54.47169669355789,-20.62722916441096,0.9091486472430074,-45.17066021460807,-6.27606904671762,1.6783180101856106,5.999014784685329,43.824562875330244,2.8796691275733024,9.227339239971148,-70.01522192357012,-23.49063280401758,0.020219597831763567,-14.014469801559015,-84.56056986052087,189.7953406774524,-17.890508952977004,0.4279558421115397,,38.43081568801729,-47.91341078741649,56.377687689597785,-3.934404025722047,-0.17106307522343403,3.058587777052983,22.267577380983052,-145.43389037485468
2024-06-30,11.476449116281817,-9.2336006924652,5.9869330938403005,16.860224046178736,17.11798826633473,-17.799357724692328,-2.571989643056586,-7.044471343169549,-67.32581543975647,-18.863259082183607,-13.062296264980855,-19.23095996341258,5.429443344754551,0.7103045763055513,20.005818303623375,-36.16073441376163,0.11069175557899769,37.79397295967734,1.5086963911782432,8.657853882224536,-52.77815220143638,1.3801437436937665,-0.6955375268287987,-43.02864805712463,-9.64447944748597,-2.59551153295406,75.66530339391787,88.25875368147145,54.30345552756255,-3.015605618653222,0.32749018389592255,,-4.809882301593408,126.01465785292406,0.7077348000164023,4.641838470738959,12.307460293342485,-6.1634193502137835,-52.38949158728086,40.16083706373023
2024-07-05,-11.982869948238184,4.557164133963033,5.348701884446969,-5.368576341807672,-49.357143357138,-2.421964312860791,-5.5658078912346305,18.951248537143535,53.29438119129598,-3.183424546931555,27.477837600239486,35.93221737718772,18.650860156195662,49.394299537420416,-9.366272970049339,7.571955838155671,6.580775283144135,8.719138516222834,0.3711541067124594,18.54857717603633,7.099653370633241,-15.973576724303866,0.42510809622921897,-70.20003651165642,-7.724864050882527,-0.2339729146933309,7.54457508575198,-8.24309490114166,-2.4597045311356522,28.23122551797233,-0.09102424383773167,,-31.8504645330097,-8.566189639783659,3.007502968751001,-33.53829319375336,4.93676634358229,12.666103507718546,-151.67105495886278,-18.96525679565115
2024-07-12,22.11616584182983,-0.04413563307173801,-9.743051952307932,52.79126473824704,-3.524987891228844,-59.46084098156784,0.5918396512294657,1.0181005725344414,0.7275632612317018,1.9018077562978615,-23.96364956608186,74.63458344583142,-4.2584610715938815,-10.557238919766494,5.316194395612772,-1.1906376903728597,-2.5153315920328665,-3.408051383108127,-3.602553859028123,79.03325829505769,46.352361546847085,11.609011441383124,6.287630748273047,-111.82049614742628,-23.333571976284084,30.795101824049105,-3.243224825460109,-20.51250010328687,-0.691236270025052,-18.45703074379462,0.8807472501911264,,32.770094952837134,0.7192481328504172,-7.401688270449564,-5.481419899256483,43.90620833861918,-20.607117596883512,48.346251546096546,-44.227868220321525
2024-07-19,41.190416914180986,35.585856968744466,1.0141610013300864,184.28590420559323,-8.954637639324394,-1.9925311279350542,-22.73976247049535,-23.627993981298697,35.98640945138595,-83.30795392263883,-47.84433575100786,15.813568012131428,-105.61247740713239,1.271914586853199,-24.69640265050233,-1.1499306984492392,-20.011683602107148,22.797789584409962,13.732640370634966,3.8259437582642413,-4.443799019347612,46.701355942841246,2.049854489792709,85.51366977792566,-3.6631020773192757,-0.17662855911137018,3.966053847677474,46.08404706352736,-111.01740648813865,-20.1810861574617,0.13757063058750751,,13.019424552361878,45.95493466048439,13.461321669614202,-14.495503660740075,6.7134334889649,15.544335061040151,59.754504767559666,39.517584953524015
2024-07-26,-27.623797181141686,-15.971285115369707,-0.03840537512352074,-24.740183880242633,-14.218425481470131,-26.4857850744657,-2.2459714322230186,13.675112798020645,-10.381164661674786,9.036115562412197,13.986017432134261,-51.68192949963161,-2.722707841566028,13.835457222746196,2.2733102643076593,-0.6742343939078477,4.603675116964319,2.9549475801877443,8.141066536616563,20.887734985205746,-78.63273737113663,-45.727370380909846,-0.17800812393889331,149.67314345771476,-11.43442638214371,0.9080030360056681,-3.342548793587882,-45.03395168394027,-58.83365786711385,-29.79980161317443,0.4277905798649306,,-44.37489898825833,30.642972167357343,2.3511414605227143,-66.09325855514648,-2.409355075587818,53.55901092203262,2.8117330553579336,-111.86746077543302
2024-08-02,10.310788683029884,27.56444531378963,-58.907091570829316,-11.403285207119161,-7.685213119250307,-34.81901957085827,-17.194221990072357,-44.87057724173005,-19.562132056886014,-55.876657584417885,7.766171830899291,54.21096452957873,-7.4781548058652865,11.016264709681042,-7.097341560874693,6.343920442954191,-66.8142801791085,7.461935137657301,-2.5628636496617605,-79.04186233144266,102.2527579887974,-17.11589679427024,-3.0952037073837673,35.58170531743252,-7.097717919992428,8.262014804914783,-0.3359356232569236,1.4056289416985557,-75.80430510331001,152.65832734353148,-12.060630464422857,,-41.84880843410176,-21.59485992965913,54.362629434428136,-42.713011045192,7.39318884441252,-9.44232699821317,-102.2874911954323,-61.86082085246067
2024-08-09,-89.92477327605843,-0.5148733637218166,-12.97455495522116,16.688511696929144,23.220706751190505,20.018734561521164,-9.373147557710197,-4.813773798747423,65.64714770998913,-15.995991823771393,45.432200405400614,16.062992371016048,-3.369029027070287,-4.399837098498297,71.30363850006495,-100.73964004977024,-2.762334181720182,24.589380438976615,-4.031233422956179,-1.4569588704682481,6.420922850790117,1.5245356003200494,10.671450694226243,-83.10125479717108,-12.74097920521949,-18.76657720481589,3.3287987962992824,-108.10863949149685,-5.086958624293422,-50.31959667222392,15.132434679770618,3.6724901265452345,-19.16625282494927,-23.783283260542035,-65.3127472627085,-42.22107110463071,9.615211239687397,43.23511537099005,-8.202615419932707,-38.78956611357707
2024-08-16,51.208358632460836,4.683295686686188,0.33525169920834286,5.737857109185566,32.752631137354804,8.722573514269554,-0.7549749710300682,10.21610691441047,-162.6206021311389,-41.75609046831903,41.71495814082144,2.8804727446084044,1.2096834842035074,-40.70314211825462,-12.352710749634058,-0.620161420452985,-6.30640134435068,-127.66323551554085,-5.952578785129692,-10.837774564858774,63.28498398231993,8.566757041314984,-0.9240700811154493,18.39196366549308,2.1452702442396445,-0.22202044511489394,-0.4877119722555668,-103.0267729392821,-11.705192558729404,14.557138923146429,0.1795016236328578,1.6551607046817813,-38.33230737671602,-77.21985722027509,9.501043569057142,1.748149524838367,0.2418362617029427,32.29636990537368,-12.10148376480924,-18.147515028315695
2024-08-23,-68.95575788755667,2.6994766527787495,-2.4524812479298785,5.336516130076074,-0.4146229384359722,-48.923647001599434,-79.60736230540863,-62.66458568518421,-58.041741078482225,16.574112034445978,-80.09003374924426,-119.77877502527676,-11.015129232034587,-1.885528124794695,-17.127448362693343,-2.808168538199605,-3.223622293221584,34.64628592548393,8.14181202549491,-27.2020169139614,-51.989377051296046,-17.327977090349425,-3.638576156243592,58.1704936964996,11.316102002002001,-3.128044915441894,2.127059093636923,36.40128968701633,2.725297558468213,5.759236214051389,5.573255756741396,0.01903286722581883,-81.40040626058779,-14.743803985540756,-21.882452817458404,6.182944878737216,-0.0335656550289673,-30.49772123488721,-77.32294953641043,7.837703344968981
2024-08-30,-60.56737275873655,66.68266650398924,9.967756933086594,12.005233421156138,-3.7384681128706916,58.70725211019336,87.42635477661793,-5.199102713314455,100.44408830109471,-1.6597463823113034,88.93868897345857,-9.741551261228448,-1.6616077112056096,18.12915382244823,7.613867586911072,12.705645671812096,51.21994738143756,10.99859436923166,-2.3053839136177405,-5.601205314633999,10.454333291096757,67.03720092907864,-0.8312630653982716,-45.100536570944996,-5.5233397686484285,-0.4561830378290701,-2.5182872276539356,-46.69622697799238,-24.593923491701702,-17.950099920212732,3.3217400736760787,-0.05043238770533759,-39.37503118682977,31.64454951163987,12.830443304543381,34.97257590538542,-1.5633091583896328,2.9284661948822186,11.770878618076694,-45.960563615493456
2024-09-06,-23.386324838060116,-5.868185834508739,-3.9680535548174145,9.416790383802041,4.2786939197139535,55.10534182609234,-128.74395401590587,-69.66077746085197,72.50047659883958,-12.858768374064386,-28.22625011290962,8.415051481364443,-21.874206121041823,-0.914071419971979,-28.0781248269832,-0.43086906834532757,-5.527828586574321,26.640875950215708,16.802999126506677,-6.256944668248628,48.06698993045472,2.3807226818062297,0.07403944322191691,-78.69492741181354,-12.712999453813802,1.6867968100196726,-141.46464549076381,-91.41867960123128,-35.52436552861999,12.253345820641469,0.015589509105908561,0.7148435403646667,-62.77072156598054,-148.28099332388842,13.925002388706378,0.563801675517924,-0.26640668241841525,26.356428261092468,20.4103202936095,-46.27999358316165
2024-09-13,4.529684625641625,-0.43932113985110055,-7.4734223661301495,-2.8484763934745767,15.0565025295,-48.95131038548061,-32.91013617462259,-123.02773770954425,-120.20420825893572,2.447145842283413,-25.4765935981736,38.494644131826135,-1.534130951240475,16.92309131430156,-36.01083188452472,-1.3154951232237537,-4.260018162038783,14.995359902246543,-6.572063091439926,-8.754343544640644,38.01602237613506,-18.145171767119727,1.4209942104974023,29.323099436759122,-10.351648156356433,-1.809760602858832,1.0934429249557902,-61.81960599120133,14.212185181927623,186.99254520689067,0.29167984348638587,8.86784138658462,-5.999329707978731,-6.620794153629555,-79.28010533530896,29.01785243120566,-78.90178671585691,-8.919877218532655,43.11402895943081,13.101871754630396
2024-09-20,-41.957321799138825,5.308652859662824,-0.6416238119104059,1.891447536995816,0.30536312655633835,-40.74592775334487,87.35136622761291,-4.3354975031356116,-143.7180545627486,19.04470973122907,52.09599609328866,-8.870236221902429,-39.67764950241059,10.624815599188516,64.71543092148487,-8.001428074343766,-0.8206124455903863,-0.06159182127503504,-12.73822925718163,-0.3403083784394003,46.66656986242311,-9.318683602456328,-3.1027616773374573,-15.471939885319214,17.107669977568357,6.599927874629718,-5.650674756380296,34.7675992634214,-168.2094657135671,-25.66999178002055,0.5184279404447578,1.6635049683067242,116.54048617534787,-75.03548169422561,-10.837417917833518,9.14012471377334,-0.3826438150634297,-7.330431784416751,-122.78549747873515,14.972845525819746
2024-09-27,103.27243825544588,-1.8829907241852335,-54.683946094576015,4.209524019145051,5.617852822584381,-21.70654123166458,-2.3135822966809445,-109.75424763356153,34.277624070720435,-81.76620767644786,30.933445882791318,18.56472868977538,1.9189819149683505,-6.278956463844552,17.4307250015985,0.37187880031034276,-58.09546385389457,153.633023943946,-30.046465966828965,8.571605665222256,-20.439175920722167,35.14595657942621,-41.67226585987561,-3.5199156022598537,8.38214098295613,1.7588321881771245,-0.37463656727627925,-231.10030972455218,47.11939148620987,-124.33123063210465,0.33515498051054093,0.39436331570808936,19.668531611630737,125.79665763885275,27.970556904488628,-3.2866595492187463,-6.478041727905531,88.96752496555678,-65.43202001000118,62.764699293802124
2024-09-30,-128.22264476740528,-34.836382034685926,-1.2417912126807247,-10.642677302940532,-5.535600681255481,-125.23546333207256,-54.91932966013959,-17.030651911411102,38.643355306169376,-49.885326729967424,10.57903840367399,-14.902776683432302,79.35090707716078,-0.8619735656830558,16.846843140151115,-0.5127424085439416,71.38843978655562,-3.94760870035904,0.6576789279901727,17.800404569666394,-253.54742790409892,-0.014973921491307537,1.0001391307776535,-11.115733598697087,14.94570849850853,-2.5945845342716978,-51.728794254245464,-70.90178367626662,11.403846930566944,-112.82159234389012,1.4275552772315603,1.481884394128397,43.54567673066692,-59.20819255247198,-25.051385645363805,46.7174840928789,-0.303716058047512,-46.72581054053624,-70.33157734381521,-14.867548054127383
2024-10-11,-44.05703238608519,-0.7638984575360243,2.9195646199640635,-1.0648466098844493,-2.1689017472337593,-4.455473711041691,12.191178236709714,9.02049589494673,-12.224796904931782,76.15401673328394,19.858537110610698,-136.06383449746048,5.0098665863364955,-15.4243082959677,-15.84439765394692,0.21519631767739905,59.99861813146856,4.788562058621956,-1.7517079977919054,50.484545181616085,-54.84783544972751,13.408355715777219,33.791611830889565,-42.16966931159051,-5.372222765280206,-0.5756245819780825,31.110451163847163,-81.98956974904351,-2.2949418389990237,6.83492406031678,0.02311845270468854,1.6448976397963206,-61.03705351057807,-43.973045574900326,26.555892360237355,7.111080312707149,-8.080588646658029,-28.579714549148612,2.2374855421228146,52.14095317469981
2024-10-18,148.84872250529546,-0.17966505143430006,-6.707123050038173,8.838400783884762,-17.532935000376234,57.76121973491834,-11.147824641491736,-18.8556088862296,36.83835349274375,-15.660050159888334,28.983840825764176,5.293647974798137,-5.1834338009877605,-28.08900396139209,-15.472074203167308,2.411033511637235,1.167115875140461,-2.1145788185526033,-8.800033001707696,10.609102411011587,-185.36433579424582,4.1504689797460905,2.2874201553989546,64.72927810484204,-54.889588693126186,0.3943295433163904,-18.923742086906145,-46.76261084868801,21.41280902735999,-4.0872982525863755,-15.823582514501528,0.3620327086019103,-96.75835468476691,10.442352187618917,-1.6655800441497188,9.935963559736047,-3.165909179742309,-22.636615951594187,-6.909999490214351,-29.061832802786938
2024-10-25,-3.457266871621034,-4.14212657134153,1.3689419051189204,0.38113800071163584,-8.176973733083502,-57.29759058452916,6.4090471245323,-92.68694055491014,8.311378066235669,-65.52972959658962,37.80086984116266,-22.78395484440296,-0.08811947893987562,0.1852148599127439,8.341362570627837,8.190763252240721,6.379793888290993,-6.9914576478794,9.823613143450864,-3.317508429712911,185.07767704870602,13.113267142610823,-0.5249120050843242,2.900200104710123,-28.661605785383653,5.895129952250086,98.53141077281178,16.425494550630816,33.23205518508628,-8.120551851598465,-3.9641609033331937,0.007032214778284862,29.582314801774157,18.326842985863557,8.292221805731133,-14.142044332073556,-3.52207415523237,100.97877297499237,-109.66050480183263,-111.92770079991095
2024-11-01,-102.70405214174698,22.753117959088073,2.467726727538277,-17.539482902501675,20.858915450518055,35.028788820752936,-2.195332290097725,7.918058650053581,-119.1930418532715,-19.22565748894106,-51.9928906112472,-36.38981113026002,0.9274583716614415,-5.926680044363877,-70.93239974974209,4.541700075323555,5.832012700655003,28.924063376148528,0.05484729741144179,9.889221161585116,161.9722518111646,-16.75465581655096,2.7112422986866993,-76.60391639579784,103.25793803092276,-2.7249111742688528,3.785739481927066,-129.0939987769995,-11.314939405047838,-21.40256677116229,-0.8530077195333561,0.424275861283146,25.870129982120947,-65.17038920632497,11.09163760709041,59.15202551767663,-4.59082577421781,9.196634796874738,-17.700488108217343,-45.81798307717092
2024-11-08,-93.45995228578778,48.87220080400445,1.1355492965626117,-1.2113110309998172,25.016340067933495,-25.73403685468551,-31.288658409337877,-7.3038703251362005,50.690741501593855,-65.18647136152597,20.76007066256134,-26.824627624826654,-31.567406092416714,-14.08528212759997,35.4991421294841,1.3895168239763758,-22.816614244918785,-28.002115064551955,0.21018968328844134,0.9102084852785324,59.66007921334831,-17.18293263092811,-0.40323928988826196,110.61478199840613,5.4722690181839875,-16.260195931071575,-49.197690972356675,-31.25369354385812,10.573292342736494,-11.854640028338638,11.309591717744937,0.19908128309917975,65.98202709439882,26.696847540405237,-4.719249813862085,-30.51094967331957,11.91381061574834,39.118607089738376,-50.43040804964967,-76.30706137646733
2024-11-15,-55.25751633671915,4.342678804965164,9.924892187148952,7.67813214253991,-2.5355064896330544,-57.07311208754524,0.07010720448047864,29.07500026179912,-51.390039991999664,-85.77772710185087,19.162054955907518,46.0924451676171,-2.0166195606618307,-2.210853515396985,-74.22454100733967,-1.1325964935269566,6.2909626946337704,-23.86498754131112,6.083852864245426,21.965736243110506,0.9085558549498306,7.645278720767112,-2.626548799668082,-86.646369484646,11.515575647123164,8.569429053296089,5.1491942003489966,-97.92323303838577,-109.27803354205514,-14.3043550570186,1.5384640759803112,3.8041637970784734,-50.30408640820649,-87.25865378055926,45.495456370263845,-21.458111015538755,-0.2576612523660232,-106.75724059395745,-43.584482654183724,8.315387930072168
2024-11-22,14.62586511119393,-8.615975760112088,-0.09933527815887756,1.9412288760588918,3.0838387841227286,80.74358881550725,-12.879990138371284,16.524619847535195,-105.80828974988665,-1.7161281834770112,-7.375682375471159,-16.503222009560904,-23.097270949914606,-1.1706600522233395,77.63933111221885,-0.6894144794295047,-17.033213181232725,-3.8647677268113285,5.900027991907361,-1.4404518826766028,-18.331276231236913,-23.921029820590356,-1.842843628344422,-1.2526530283842616,-69.41436709269632,0.04627463344311433,-22.446006681500876,137.88088450088327,-38.939958743701546,-1.3475483891368978,16.18026854282121,0.5174503172400733,36.42401314556476,208.73682711990156,-140.78916150736327,-3.7376964031210536,-2.2498168072074405,124.72116154986303,74.65654476870199,-26.838977752216607
2024-11-29,-15.081942760257622,-2.2116969379334064,-23.582202300355235,-5.856414759806351,3.222333448319253,29.516242381830065,-5.393798754710198,-12.147277823988373,55.09672602245749,-75.85412258285027,-44.592362543412676,-70.84145557633445,-16.806295173526607,-3.887145977468681,7.049952068049381,-0.06251605528034129,68.64030473644421,12.606445248892063,-18.39781078686902,-12.492648923527339,115.89989854929804,18.950077017412177,-0.20645233627859055,34.54243455551684,-53.25324203240632,4.714629558445605,54.11811092480555,61.45015890426855,-53.72146964512788,26.54086759930536,-0.2730908883634672,0.3541703341621605,-89.34955288167743,35.70917739539151,-18.54684738200538,-8.278101926044286,-2.693136281540967,-24.276781693171234,-20.044035761421416,58.303096478724164
2024-12-06,-16.58624776038057,-3.2233055895357032,7.233235283216145,-0.28701824131328263,-73.5354650232288,99.67442799692962,72.1917762248514,-2.736906166481105,96.78839575947552,16.227064335677852,-6.447014416759844,-118.39091516952419,11.255972106817147,1.1959710995282282,-6.178924035633179,-2.512590448269248,-35.42151273077333,12.058027957053561,-1.2066105218325105,-35.28761833760111,51.54469360327838,15.387992691333721,0.37301691480353877,32.20423756560287,-40.7536417550604,-22.628212623710144,27.357220072934506,47.91092399659026,27.747522152481316,15.1241121366433,1.9182482263757457,1.0392151730135528,240.08104389168662,-116.9920396868411,-84.80362490469378,-2.192603207027452,1.0575766787913237,11.439468525345776,153.8260818582009,91.1910956690142
2024-12-13,-21.401191644850297,0.9726993809026726,-5.452689351238915,-1.3688373295924214,-6.8315493326479375,28.1614152371325,16.962707568870783,-1.6996517446523458,-104.09975110774673,46.61754765135461,-17.120567177191543,23.823951167598022,-0.07569469668890139,22.612555384486328,-9.09952107678512,-1.1533500719512388,6.656168921590098,-86.1603954255706,-1.8282884431031692,-46.61507805483251,-40.42403674765206,0.7143471642156839,-1.2233519341088714,-54.18705211217511,-22.30891664399898,2.3571825957641606,-0.4872575315400735,-71.2234259170504,47.248627460548555,-40.995546034625335,0.5252464991771395,-11.658001112885927,71.23306443774932,-42.80041573749405,-32.02564963613514,-5.53492348838104,0.6677011384459794,-45.817842853723896,-68.87597579043872,-17.13519564857032
2024-12-20,31.5745514244988,16.50498887995756,2.6417232094975747,-19.87460882517322,-1.468768968168693,-6.847809924598993,-7.72667423586783,9.872465997862564,23.738158235199485,-10.872303808004414,26.83294165611796,-43.800240485195594,1.183444062198681,58.86567267288214,-13.15299429243625,-3.087710234674095,-14.465948874795686,6.064731658116761,-0.6104759322734674,24.164371232025307,-198.0777644778997,3.509437754713008,-2.8651086595906348,-10.520460331267277,60.776612406845985,-9.586059083446768,-0.8611867729178107,-149.95502758253355,-33.509565425264555,12.729690039878477,1.833187901112523,8.87037717987827,147.3242595710159,46.36479902108102,22.15848171826349,3.593896144127374,-3.1274712762962484,23.986298084443078,-40.50395678144163,10.81467588849821
2024-12-27,27.585881454254395,-13.66275655417885,-0.8564098402778804,24.699943370203684,28.018843551962064,16.731484429323597,-0.29874708830665275,-53.243918668619585,-162.744266922893,-33.56720101992194,-20.97019993314254,3.063775444796952,-4.231199117794301,1.0213432018877957,-2.5299588563638027,-0.8973106143714737,-39.05099097136976,-30.97150928400797,0.899175097325945,-3.735141875007371,13.342505403430277,-6.088465324139914,-1.2162368119598865,35.342051682177676,-123.36941376337617,-22.903889762053808,-9.790545490133042,3.7226596387787487,-30.82601294685763,-4.9280569122472215,55.294005619007386,-0.07540449656627385,-31.352077579895212,-142.95586760727264,-14.194368157441543,-94.77929708412879,22.054296560767863,218.06381975035904,-21.7268981541184,12.101858545356093
