TradingDay,TMT,一带一路,中药,交通运输,传媒,光伏,养殖,农业综合,医疗,医药,医药医疗,半导体,国企改革,国央企综合,国防军工,基建,基础化工,央企创新,家用电器,房地产,新能源汽车,新能源综合,旅游,有色,机械设备,汽车,游戏,生物科技,电力,电子,石油石化,种植,绿色/ESG,计算机,通信,金融综合,钢铁煤炭,银行,非银,食品饮料
2015-04-17,-0.24564827167466452,,,,,,,,,0.4593029418652671,-0.5765556617016654,,,0.4807134741333632,,,,,,,,,,,,,,,,,,,-4.752829194907193,,,1.9152337062586438,,,-0.05991972793692575,1.193749124448337
2015-04-24,5.067776247188373,,,,,,,,,-0.9226328581605652,-1.3839758062590486,,,0.5592692126727623,,,,,,,,,,,,,,,,,,,-4.999947544679392,,,-14.406068987625456,,,0.044369155324903375,1.23031937941563
2015-04-30,1.3602242579829442,,,,,,,,,0.7197623234182262,-1.647260657893384,,,-4.437595540135322,,,,,,,,,,,,,,,,,,,4.517680283963157,,,-0.01112097910787263,,,-1.828904024395717,-0.1089063114827777
2015-05-08,0.16372302858305332,,,,,,,,,-0.021657434404956974,35.14631294986442,,,-0.6133962851028825,,,,,,,,,,,,,,,,,,,-3.1611868043358253,,,4.077340513313606,,,0.3403166680386567,-0.779064295456298
2015-05-15,-13.922223855534806,,,,,,,,,-0.35086987614896065,-0.30756838672250963,,,-0.29848651183797614,,,,,,,,,,,,,,,,,,,-3.50438539073662,,,21.986875214376344,,,-0.08501300002104237,-0.11257385070556217
2015-05-22,-22.24102860547798,,,,,,,,,-18.541982241736598,-5.0172413155506765,,,8.151811149092898,,,,,,,,,,,,,,,,-0.10058172572598899,,,-7.23884652842991,,,-12.581108659835596,,,0.31724968967694545,0.07671134121837309
2015-05-29,-0.46820285607969253,,,,,,,,,-4.442126543764767,1.2991870519150985,,,-0.12272472070238033,,,,,,,,,,,,,,,,0.2858428048755231,,,0.019915015912622597,,,-1.1998859701638205,,,-0.14546625064718827,-0.21475666212903677
2015-06-05,-4.958428907162049,,,,,,,,,-1.1975347596532995,0.985732988304097,,,2.9872484138779827,,,,,,,,,,,,,,,,-0.025288898064401155,,,1.3324743757644082,,,-2.989709432954627,,,0.023197652658740388,-0.550598805912583
2015-06-12,8.803183138318598,,,,,,,,,-0.31095327570699705,7.453577077814325,,,-0.5951317620273268,,,,,,,,,,,,,,,,-0.8572794095865595,,,-0.4454811045731075,,,-14.424730388659643,,,-5.063527707101815,0.8022176926950791
2015-06-19,0.17329056651056474,,,,,,,,,0.048562260504596444,1.1690706338203056,,,0.06981986085688521,,,,,,,,,,,,,,,,0.043231762352580375,,,-0.2956954946063893,,,-1.7730411038109972,,,0.0777462382408165,-0.452941680468034
2015-06-26,-3.2871540148103375,,,,,,,,,-0.00512621326260769,-3.9322409087951438,,,-2.4751697292510153,,,,,,,,,,,,,,,,-1.348469390209937,,,-2.318394255747728,,,-1.530919608433569,,,-1.0087103082508078,-0.18318678152146017
2015-07-03,0.7286285834333418,,,,,,,,,-7.351163286943093,-6.156090610638307,,,20.535614626518004,,,,,,,,,,,,,,,,-0.014678935006255986,,,-0.28386442901521564,,,-0.7588826830069852,,,-0.2879043060769265,-0.07873929640728744
2015-07-10,-4.484515362764775,,,,,,,,,-0.0971602514265316,16.24397735332144,,,2.04881620950331,,,,,,,,,,,,,,,,-0.05386953165937007,,,5.615770816262218,,,0.8625957569180114,,,-0.9873299418076327,0.017814380517301234
2015-07-17,-22.3478418913314,,,,,,,,,0.014032276176021291,-2.481598736344901,,,-0.08690379338153267,,,,,,,,,,,,,,,,-0.7737262182079477,,,-0.7558075192633739,,,-6.027570122142017,,,0.2586352786509592,-33.95704633661341
2015-07-24,2.294378009758171,,,,,,,,,15.39416442265071,-19.286186794866158,,,0.6762709052342687,,,,,,,,,,,,,,,,0.07105131087314227,,,-3.343366549763046,,,-0.3539343148846046,,,5.55909100535744,-1.3000817980788284
2015-07-31,35.563674597854494,,,,,,,,,0.39650316083852344,-11.279745742341639,,,-17.089680493995214,,,,,,,,,,,,,,,,-0.09547275966794497,,,0.15184764710244264,,,1.1851869869846667,,,4.060960816083748,4.121156698405478
2015-08-07,1.9863830705909113,,,,,,,,,-0.14206709802006146,2.266247862791209,,,1.6262335453178292,,,,,,,,,,,,,,,,-0.41399095731393354,,,-0.7226196076173019,,,11.562400287998306,,,-0.1097954946024029,-0.009764600177208878
2015-08-14,3.287744114229778,,,,,,,,,-25.878467426075915,-2.1124403595610275,,,-3.020602740126584,,,,,,,,,,,,,,,,0.019171314041792932,,,34.745616693997576,,,-23.549646151370172,,,-24.32751747339112,-0.2907304313659356
2015-08-21,-2.949056141471906,,,,,,,,,-0.2672684719208638,-1.6033610413980794,,,7.6031827776766265,,,,,,,,,,,,,,,,-0.11483817390187157,,,-0.3129898687655439,,,5.901892957645389,,,-0.1762979433786282,0.7874885305697299
2015-08-28,-0.3146631816929761,,,,,,,,,1.0630022170393443,-0.3223074072056615,,,1.3592913678741823,,,,,,,,,,,,,,,,-4.279842802459502,,,-11.513027139603079,,,0.5379735763830862,,,2.136037613526543,0.4298771271940693
2015-09-02,2.4302599276059884,,,,,,,,,10.014267070525197,11.398523458120085,,,-11.476825399873722,,,,,,,,,,,,,,,,-2.5811583458393983,,,-0.2103867456301443,,,6.14109561784552,,,0.16119306174221143,0.015867316146878238
2015-09-11,69.20825664526909,,,,,,,,,-0.4686294813956794,24.958864875012974,,,-0.6305556376484018,,,,,,,,,,,,,,,,-0.2974112780139356,,,5.846814043222364,,,0.4169058569946452,,,0.2911598581331548,1.6018071946145624
2015-09-18,-1.0847099159764753,,,,,,,,,-0.07054854015996542,-13.980223559267626,,,-0.19500866595851335,,,,,,,,,,,,,,,,-0.0014739455654141087,,,0.39816001254096006,,,-1.0709260488937957,,,0.15961691408232487,1.102977899238997
2015-09-25,-4.357043862955216,,,,,,,,,-0.06279552668478555,0.5336663481135073,,,0.49010426528092377,,,,,,,,,,,,,,,,0.8908034386772248,,,0.18421418127719824,,,1.3372924386430545,,,-1.211393136806707,2.3135734238915013
2015-09-30,-0.9067758326411545,,,,,,,,,-12.602557160375886,-1.8837428268402077,,,1.242899595185382,,,,,,,,,,,,,,,,-0.3253019981419279,,,-17.57982951090544,,,-1.6207515308689358,,,0.01599302131434436,2.885118040733265
2015-10-09,-1.2789785181010378,,,,,,,,,-2.281096976793824,3.387118195484193,,,2.4786322527893643,,,,,,,,,,,,,,,,-0.21348717590407962,,,5.039269862222301,,,19.37720825539821,,,-2.1438380874887084,3.9123879218073228
2015-10-16,-13.481374112313063,,,,,,,,,-6.616617458977727,2.121644171916174,,,-0.675816771322677,,,,,,,,,,,,,,,,-0.9909742764283079,,,-5.21942867572364,,,-53.51818293544817,,,-0.1197023301962836,-0.17829458280294685
2015-10-23,2.842570049175162,,,,,,,,,0.0341524022155847,0.5452051663786392,,,-0.7218985518955822,,,,,,,,,,,,,,,,-1.149071853595308,,,-0.5433625455424282,,,0.3790586889843835,,,14.24483244096449,0.475726994333045
2015-10-30,13.017993220508899,,,,,,,,,-0.05185576477757837,-1.2734123134453363,,,-5.071793585111247,,,,,,,,,,,,,,,,-0.7079974046240562,,,-2.2065123520834686,,,-12.211057018100766,,,-0.06018513888180248,-45.46030900413153
2015-11-06,-3.4676835483824737,,,,,,,,,21.820365594838197,-4.73693801493455,,,43.22424301693613,,,,,,,,,,,,,,,,9.861743440681558,,,-0.581284004336837,,,-4.331028328077713,,,0.057659127688171594,-0.571071062479987
2015-11-13,6.5845262320411395,,,,,,,,,-0.42475187444898366,2.961608487825979,,,-0.10943195522228291,,,,,,,,,,,,,,,,1.8396697513248077,,,1.9550408876301024,,,3.4561157640741005,,,0.15661800851060836,-0.8561245413060267
2015-11-20,0.32721528733435234,,,,,,,,,-0.08665709834553442,0.7964013384583126,,,-32.31374158951309,,,,,,,,,,,,,,,,-0.0024411294932575878,,,-11.959635726092028,,,1.1938181699020347,,,-0.08545482097532257,7.112098430182568
2015-11-27,0.5954867397504351,,,,,,,,,0.5130455783332872,4.923064741509936,,,2.253813469700332,,,,,,,,,,,,,,,,-0.22956739291432388,,,10.967600707946147,,,-1.1174213895451457,,,-2.267888852827598,-0.3186174619994625
2015-12-04,1.3884022687288489,,,,,,,,,-1.1123610828424901,0.036291775495084985,,,-0.4143549007790069,,,,,,,,,,,,,,,,-0.5199475243724507,,,-0.898913653019727,,,-1.7033293604556075,,,-0.0034664038384087173,-11.534973325470041
2015-12-11,0.17478952271569348,,,,,,,,,-1.338170643825085,-4.421650521664304,,,0.6119792379520721,,,,,,,,,,,,,,,,1.6008009546294069,,,0.11427909771757284,,,-0.7380878734883394,,,-3.385045342890501,-0.8013300639600032
2015-12-18,-5.166438687254796,,,,,,,,,0.16658326785181438,-4.26165203193645,,,-0.9310177729920638,,,,,,,,,,,,,,,,-2.0705785730863178,,,-1.1063176868469375,,,-5.287486280826265,,,-2.635234153989968,-1.2429515653064396
2015-12-25,-6.11443140715564,,,,,,,,,0.7287989753105267,-9.553171056364407,,,-1.815515368115421,,,,,,,,,,,,,,,,-1.1967683664998316,,,8.47089889700344,,,-1.6173578471564178,,,-1.254324794007207,-1.022141943722572
2015-12-31,0.6873074641604368,,,,,,,,,0.06639454525140148,-2.8397727641958905,,,0.07157908229146165,,,,,,,,,,,,,,,,-0.0239903301444937,,,2.4932445701049755,,,3.0895062264361983,,,-0.47212653909930813,-1.282866067228794
2016-01-08,-0.09980940867079004,,,,,,,,,29.617965207433837,0.46777320725768146,,,-0.6805575422328733,,,,,,,,,,,,,,,,0.09489770904043204,,,-4.753389345722245,,,0.9618800588610823,,,-0.6027712040852091,0.15092698821222772
2016-01-15,0.12965059224892708,,,,,,,,,0.3177281096408688,-4.133340616967459,,,0.20649310210110566,,,,,,,,,,,,,,,,-1.0528606427855591,,,-0.691056620319217,,,-0.08589437291467383,,,-1.1183570930376385,6.509875735729975
2016-01-22,0.8658848178910131,,,,,,,,,1.81516171674314,-5.530089867002892,,,-0.5914116322292642,,,,,,,,,,,,,,,,0.09225687227789969,,,-0.15449084768534324,,,-6.683254043379179,,,0.03340490533205512,-11.859481974456791
2016-01-29,1.121114254888547,,,,,,,,,1.429970248721621,11.191790843658863,,,-63.122381810804235,,,,,,,,,,,,,,,,0.10997911251132665,,,1.2002981253951752,,,-7.207135342338549,,,0.9003872842019822,0.5687591901231949
2016-02-05,0.21195076245881136,,,,,,,,,-0.08198866870627614,1.8761684279607982,,,0.6973780210477605,,,,,,,,,,,,,,,,-0.3877580844898664,,,-4.044419430148841,,,-1.8201753389846504,,,-0.1997096641673218,10.864907290502913
2016-02-19,-0.6152069552127177,,,,,,,,,-0.07201234818391526,-1.2281201598392344,,,-0.529954497319246,,,,,,,,,,,,,,,,1.753537430566779,,,-2.1252559761042757,,,-6.898353925604781,,,-0.04473957819560475,-2.7980707161595992
2016-02-26,18.09242369327835,,,,,,,,,-0.39477552238230507,-4.7096405932627645,,,-2.5627372853435135,,,,,,,,,,,,,,,,-2.08765647233431,,,-0.13046822679844194,,,-0.09398077459566176,,,0.27628990442460705,10.618579287380427
2016-03-04,-12.636772213176254,,,,,,,,,-1.3378578747571561,-0.9011419703801595,,,-5.740827450605245,,,,,,,,,,,,,,,,13.435929907780487,,,3.123446375305331,,,-0.19770386150553387,,,0.017074931274960597,0.5835697270063747
2016-03-11,0.23588188881405228,,,,,,,,,0.05373175563509943,8.920298094677301,,,-4.236942932387992,,,,,,,,,,,,,,,,-0.10833763616102704,,,1.9599099600621797,,,44.19353881952814,,,-2.161632324895386,-0.15948063432895654
2016-03-18,0.02746787510902586,,,,,,,,,0.15176380056810557,6.467623513149591,,,-14.748011327198933,,,,,,,,,,,,,,,,2.7834003145774733,,,-0.7343753811151793,,,-3.2109751062161034,,,0.06984159475607532,3.2489843258502455
2016-03-25,2.4650089325605027,,,,,,,,,0.40409168150854774,-12.952405622996098,,,-6.867243437968437,,,,,,,,,,,,,,,,0.4673050570335163,,,0.12910089218526763,,,-0.12680076958814412,,,-0.06559273483917329,-0.50209636616898
2016-04-01,-8.326567315704185,,,,,,,,,19.974114024207662,0.41484124303053493,,,0.8980570137099335,,,,,,,,,,,,,,,,-0.36873322655778934,,,-2.9009902249081083,,,-0.9975053262099741,,,-0.012857857700628028,-4.678569661122
2016-04-08,-23.408462197265514,,,,,,,,,1.016428892172766,-1.294506187469202,,,-0.9398989905905595,,,,,,,,,,,,,,,,7.660114634338825,,,-0.22860320577160934,,,-2.840217890378123,,,0.12775686938376166,-10.856164526843495
2016-04-15,-7.886149521939397,,,,,,,,,-0.057511564102132956,1.265731497831465,,,-1.5228325270528031,,,,,,,,,,,,,,,,-0.08298632690568206,,,-0.4595171634458771,,,-14.967850288956893,,,0.031204359274848048,-5.092814856477224
2016-04-22,-2.4746705471889694,,,,,,,,,-0.2158795882941669,0.5091937390049073,,,1.3311374893061358,,,,,,,,,,,,,,,,14.890603173521884,,,0.17107037438859324,,,-6.630778886816556,,,0.18316530669092246,0.7790175321038334
2016-04-29,2.9294212471262044,,,,,,,,,-0.170932802390171,0.4758962079495734,,,-0.19640677336259027,,,,,,,,,,,,,,,,-43.722641520473175,,,17.916169161738125,,,14.954230736948439,,,-0.14217083091244206,-8.379786753351222
2016-05-06,-0.2621177118901764,,,,,,,,,1.3059877192472504,-0.06811225833052381,,,10.41846058237448,,,,,,,,,,,,,,,,1.8990685737234705,,,-0.01682558575476989,,,19.152701732914004,,,-2.2451497047226248,73.92002270999338
2016-05-13,3.469014356961817,,,,,,,,,-2.200730502315497,-0.11904399373055607,,,0.02919098792561639,,,,,,,,,,,,,,,,0.5597032014524637,,,0.36178177562150404,,,12.869673221213239,,,0.7707100431798717,-0.09884476274854742
2016-05-20,0.02351856332436744,,,,,,,,,-1.2629976472171005,0.2265462972928065,,,-0.3458004653051737,,,,,,,,,,,,,,,,-0.361771316088746,,,-0.013872492513107463,,,3.5831487476415633,,,0.14873452682673313,-2.653996277846141
2016-05-27,-0.08441489662839406,,,,,,,,,0.04652362879991723,6.32701329444326,,,-2.049663762522631,,,,,,,,,,,,,,,,-0.1266237895742876,,,-0.1245397671173194,,,-0.39738812909479687,,,0.6238420308215596,0.05487636923651437
2016-06-03,-1.5694080830504165,,,,,,,,,0.46312774901868814,-1.2295618467542586,,,4.750486164080235,,,,,,,,,,,,,,,,21.28923035147527,,,0.39863638487839875,,,-9.190869112639405,,,-1.169922958303468,-0.01622571451185617
2016-06-08,-8.354000829238469,,,,,,,,,1.076102463563796,-1.9825030861884212,,,-2.7706947284776366,,,,,,,,,,,,,,,,0.06894619820308395,,,2.0671556536184834,,,-4.926405948435796,,,0.5087258660995656,-0.10397322093271716
2016-06-17,0.40171653838414534,,,,,,,,,-0.06366423845489043,0.8825505366327807,,,-2.1775479669063893,,,,,,,,,,,,,,,,8.85912031775924,,,-50.08408859762934,,,-4.651038046183899,,,-0.03928595910323396,0.00853524078726245
2016-06-24,-4.219128714088915,,,,,,,,,2.6072067528029237,8.643105158980342,,,0.7431570752903244,,,,,,,,,,,,,,,,-5.604889205233949,,,-0.538968703183571,,,16.087754296866326,,,0.018133774076445994,3.4168229295102885
2016-07-01,-1.2486156790535186,,,,,,,,,0.8021791765731847,-0.29354239519667746,,,0.20248090822881318,,,,,,,,,,,,,,,,-2.172163364760878,,,-0.34327601506396044,,,2.032597012247816,,,-0.39958983482262533,-0.09310557912827344
2016-07-08,-1.4164257129370976,,,,,,,,,0.05080138979173946,1.9144355218647144,,,2.6505336113759337,,,,,,,,,,,,,,,,-1.9691058643087453,,,-2.3018642863339402,,,28.80776327374824,,,-0.0026326104469887035,0.487486969877567
2016-07-15,6.198115250556203,,,,,,,,,-0.019759409996785215,22.848051101683616,,,-0.5179583232793559,,,,,,,,,,,,,,,,-0.13802633209677517,,,7.704117397209004,,,-24.494713760932925,,,0.30143204232981113,1.1776666371864453
2016-07-22,-2.6121161026807638,,,,,,,,,1.208641328090514,-0.3918706173455767,,,0.9607675368204857,,,,,,,,,,,,,,,,11.174902045976406,,,-0.7811531050959871,,,4.685226833204842,,,0.5856295197266497,-1.0821097629233427
2016-07-29,0.5036381169128276,,,,,,,,,-0.8772916779345947,-21.23273561957778,,,-2.339904505877046,,,,,,,,,,,,,,,,2.53687183883156,,,3.008972874132083,,,-15.99383257974631,,,-0.6610458115470864,0.9781544395449652
2016-08-05,-1.3979338379538375,,,,,,,,,-0.5397730887494426,0.41790421351240775,,,-1.0067676415915254,,,,,,,,,,,,,,,,-0.08525207856497163,,,2.9378137865154943,,,-1.1994666923403863,,,-0.2767936537060702,-0.21960465351148148
2016-08-12,1.357602901032331,,,,,,,,,-5.32765610832683,0.6153139413283711,,,-0.7806048831306279,,,,,,,,,,,,,,,,-0.11494534326449599,,,-5.086897808665811,,,9.574427376933992,,,-0.06050329032035372,-0.14332181319424286
2016-08-19,0.717658708424324,,,,,,,,,-3.156252382964708,-0.9847000638656697,,,-3.430491270876367,,,,,,,,,,,,,,,,-1.141651427384926,,,7.298969580034072,,,-2.2220285873889845,,,0.07670078709362964,0.5238895331061711
2016-08-26,-0.1640489125600069,,,,,,,,,0.5411456539443753,-0.03985411683302206,,,0.08944487857893013,,,,,,,,,,,,,,,,11.813479344259415,,,-0.9771410508421644,,,6.81468243410188,,,0.22025959086962393,-1.1153680261376189
2016-09-02,-1.3017732056985283,,,,,,,,,-0.04589009409095814,-9.446590441491228,,,-0.5685876147658887,,,,,,,,,,,,,,,,20.38039465861897,,,-0.20644217479478524,,,1.2568092466687095,,,-0.6972358872130622,-0.06645024829391559
2016-09-09,0.2740112967368125,,,,,,,,,-0.021014158565467605,9.994346886061784,,,-13.9841217134549,,,,,,,,,,,,,,,,-1.5196412929116196,,,-7.35659441037916,,,-15.406642302695793,,,-0.10264891037186256,-19.559519529125605
2016-09-14,10.496879476247646,,,,,,,,,-0.18280429102949142,1.5409161987424187,,,-1.6868251393683915,,,,,,,,,,,,,,,,-1.0320979548373073,,,9.656253333248344,,,7.600721736931488,,,6.827080998800942,-2.2408548944080966
2016-09-23,1.3348540979902341,,,,,,,,,-4.634137908280753,11.672731242917802,,,0.22217889400093785,,,,,,,,,,,,,,,,3.668194314641134,,,-10.936245707243412,,,-22.55620498461898,,,0.09754683555004606,-5.232724556120881
2016-09-30,-3.8714385109983644,,,,,,,,,1.7846519995697543,3.1093295074516374,,,0.13619191641322073,,,,,,,,,,,,,,,,-0.37927574794197627,,,-0.18228501410575954,,,-17.537509437210364,,,-0.2871617196999976,0.07943334411642519
2016-10-14,-50.603961348500974,,,,,,,,,-0.9093022628002683,1.2251641378397329,,,-1.4923359863215317,,,,,,,,,,,,,,,,-19.852639837977122,,,-1.058617382699446,,,35.544399375948636,,,0.9002825814766584,3.205735575880814
2016-10-21,2.8981500045143567,,,,,,,,,0.3014264139486378,-0.33401934370858066,,,4.079658829085431,,,,,,,,,,,,,,,,2.2046073287845815,,,-0.7441234285808072,,,41.8873004249959,,,1.2478180468243785,1.8429202639542779
2016-10-28,-0.7576254145841461,,,,,,,,,-0.2169007932774657,-26.3665691081586,,,0.7443021659064264,,,,,,,,,,,,,,,,-2.667759409961744,,,-0.2290597066237518,,,2.9882414542076967,,,-0.04940408175632737,-0.4373276040698046
2016-11-04,-13.899668494776574,,,,,,,,,2.8212535721831227,-1.7544982124005886,,,-1.5813999634407807,,,,,,,,,,,,,,,,-0.06774091056157981,,,-2.6367392916312857,,,-19.439852382818003,,,2.639764491409883,6.389107453570889
2016-11-11,-3.7509526197842686,,,,,,,,,-0.12678439270939934,14.953377254840285,,,10.252851823106894,,,,,,,,,,,,,,,,-1.548406396080808,,,-6.9779764385436795,,,-7.293979777778618,,,-0.1464414702759408,0.2348045796538289
2016-11-18,-2.811118131023969,,,,,,,,,-4.596511140721301,2.844062798627437,,,-0.7269338253188833,,,,,,,,,,,,,,,,-3.985394878812202,,,-5.877566188357027,,,4.64378638711529,,,-0.2873755735771074,-0.1481387996183292
2016-11-25,-1.344646026738,,,,,,,,,0.7108538894486442,0.3416820346392435,,,16.93338609737869,0.39068782119494805,,,,,,,,,,,,,,,-0.661128718103986,,,1.37902049369219,,,9.966553055381642,,,-0.1741470922379042,0.0581620534803404
2016-12-02,-0.6344015896627409,,,,,,,,,0.07253276271486453,-2.3094283411452787,,,2.681776280823138,-0.25452716141187104,,,,,,,,,,,,,,,-0.34582646489464086,,,-0.950590347461698,,,31.18892789839012,,,0.16749417351867565,6.67702468792802
2016-12-09,8.630266152470147,,,,,,,,,-1.6567208549236772,-4.2658761720781655,,,4.912267789624494,-7.760725105420775,,,,,,,,,,,,,,,-11.440601781840536,,,0.7853343917233444,,,-1.935164383439341,,,22.184347638789884,-0.013125070852165854
2016-12-16,1.1268245876525556,,,,,,,,,1.6884984794730906,0.25726945952983493,,,-0.08753014135847681,0.08883950806993685,,,,,,,,,,,,,,,-0.16038022987739814,,,-0.11812990106924715,,,1.2837935376332945,,,-0.24375066246524724,-0.7786887933772703
2016-12-23,0.6869034582819753,,,,,,,,,-0.03850322978881381,5.6104198001494705,,,-8.767706050883662,0.13919908104838669,,,,,,,,,,,,,,,-0.08104548703262773,,,0.6506261672428952,,,11.86583892623882,,,0.2640280032477713,-0.6978397776629545
2016-12-31,0.2829618982540077,,,,,,,,,-0.10988447475087082,-18.253708787590423,,,-2.123311414586714,-23.065737728798013,,,,,,,,,,,,,,,-0.04768656800520213,,,-2.529030244035648,,,-0.42626513409980127,,,-1.7221122397388644,2.9023630845969763
2017-01-06,2.56593685231942,,,,,,,,,-14.183294935359555,-1.4668247937152437,,,-0.6094202910352742,0.33172865996016143,,,,,,,,,,,,,,,0.1933669493793565,,,-20.740340724975944,,,11.546822654485219,,,6.507610097295863,0.06170171235924665
2017-01-13,-0.8336221957161469,,,,,,,,,-0.3411848013583023,0.6495433413856883,,,-0.7828264081335795,11.400018539485286,,,,,,,,,,,,,,,0.5481421521089649,,,-1.0864340372047772,,,9.51332072536879,,,-0.057958259155722044,0.9849834274528817
2017-01-20,6.664446901068437,,,,,,,,,-26.430346607017448,-3.3585876599904196,,,11.822384253822811,-1.4712813109874372,,,,,,,,,,,,,,,-1.0871644619927199,,,-0.06941396725684852,,,34.31114240708191,,,-3.7181063617699586,-0.39306584621692786
2017-01-26,4.948650499985127,,,,,,,,,0.06703678529194317,-0.30884775750656707,,,-10.101033966503584,-0.14784138089301618,,,,,,,,,,,,,,,-0.6325471238623037,,,0.034605971778933195,,,-26.89235120403037,,,-9.623610740079384,0.37062026320048636
2017-02-03,-0.256183138112549,,,,,,,,,0.21602622233232938,-0.8308264257956613,,,0.9286427830965256,25.075230600269837,,,,,,,,,,,,,,,4.12715119794222,,,2.3032675752904868,,,-0.9721798470142655,,,3.5607906065923207,-0.15734311300247134
2017-02-10,36.607021172016985,,,,,,,,,-0.018474322566172714,0.5298149637775489,,,-3.6617423314114,-0.1601965668809129,,,,,,,,,,,,,,,7.191491972544221,,,0.27644009155108196,,,33.15104288277286,,,1.3107206911618139,1.1732469666392928
2017-02-17,-0.11101509268246894,,,,,,,,,-0.6816487316347144,5.65953563834484,,,0.5746265593453175,-7.596732096727439,,,,,,,,,,,,,,,2.3531196010452975,,,-4.465020864439825,,,50.886472580302524,,,5.737927563831681,-3.5114911324716784
2017-02-24,-0.019091919840716343,,,,,,,,,0.04032290976841536,-2.1562773276510567,,,0.09435838402893602,-0.4885048573891286,,,,,,,,,,,,,,,-0.5583941167248726,,,-0.21981634312324194,,,-4.098127869152807,,,-0.33272943671402366,-0.5525136954091701
2017-03-03,-1.084415086943231,,,,,,,,,0.23368197626002912,18.265212294265236,,,-9.46907472750943,15.16113820564308,,,,,,,,,,,,,,,-2.2624111941765865,,,-2.3619527370978233,,,-17.37406180866165,,,-1.7025987307666495,0.007311690457478925
2017-03-10,0.33962430796896437,,,,,,,,,-4.998075998421163,0.010329709115906693,,,-0.2288835096758968,-4.174378349455511,,,,,,,,,,,,,,,3.669063686861723,,,-0.6625649138780687,,,-38.0071906081007,,,-29.44542506859018,0.1834662903041754
2017-03-17,-2.2875588342539244,,,,,,,,,0.011246573172635721,16.115204945536725,,,-7.322797612985762,-10.861163040147819,,,,,,,,,,,,,,,3.5001745917626756,,,1.6247896054345432,,,-6.819668384663188,,,-0.02338360913411719,-1.4490458289817059
2017-03-24,1.856667715988374,,,,,,,,,1.8655446615913118,-0.4339136863618879,,,-3.007641416012077,-0.93336638332905,,,,,,,,,,,,,,,4.2789806675648805,,,-13.717483106779147,,,-4.504722602030462,,,-25.78963596324162,-2.131058016657634
2017-03-31,-0.09027927723071494,,,,,,,,,0.7227291380582279,-0.1630842562354142,,,-14.665773626476767,1.2242870704915705,,,,,,,,,,,,,,,0.22631992912883148,,,-1.8503610691807475,,,0.18360166098646813,,,-0.48563675685408986,0.3347478676178094
2017-04-07,-5.089669288322676,,,,,,,,,-2.6554784578169195,-5.628228197325531,,,0.883906145293361,2.700466852424287,,,,,,,,,,,,,,,-0.9219365993403528,,,-0.11570602206720933,,,-4.006232025070372,,,-0.9421089059711245,11.14956955149722
2017-04-14,6.490107940412802,,,,,,,,,-4.498776079747989,0.7317341604358376,,,2.292798556706544,-27.83440566378262,,,,,,,,,,,,,,,-3.59114477198795,,,0.22299531851185705,,,-2.7396613193505166,,,1.619265289714492,-0.10227917867718873
2017-04-21,0.8112285433814128,,,,,,,,,-0.1756006495883511,0.5623842185300205,,,-5.484985143256706,-3.278844610431001,,,,,,,,,,,,,,,0.9466545246273298,,,6.372468312876001,,,-19.756930323694842,,,28.7462670468497,2.643937153709554
2017-04-28,-11.740066597554238,,,,,,,,,0.10708067913623409,0.21713759686006529,,,37.12285809067582,-14.185465386380498,,,,,,,,,,,,,,,8.374515625006497,,,0.0986267081993622,,,3.5191330338513085,,,-1.8742088964035308,-0.20448416922559237
2017-05-05,-3.443164974764359,,,,,,,,,-0.3259035817350859,0.8187768517711324,,,36.852975984714035,1.427838795339941,,,,,,,,,,,,,,,2.9925681367401102,,,16.57771686958518,,,-14.336325869582286,,,-0.12292825205463445,7.317918084893812
2017-05-12,-0.6654604518928944,,,,,,,,,-0.0462920099522742,-4.670648142295436,,,-11.396722911074269,-12.377287855774549,,,,,,,,,,,,,,,-4.424587993912738,,,0.2555206879908982,,,-12.837497943820887,,,-2.6156239708289597,-0.5569872917257912
2017-05-19,-2.256154400017347,,,,,,,,,-1.0375410114159211,2.8617647395999017,,,-2.039609168907069,-3.298431933479901,,,,,,,,,,,,,,,1.133811721830066,,,-0.0023132265235640895,,,7.293389245285804,,,-27.826619984560807,-3.1697675144590782
2017-05-26,-2.418080654279447,,,,,,,,,-0.24952679247569393,-2.5280515502118,,,-9.474075977639513,7.943415136653125,,,,,,,,,,,,,,,1.2162123249646766,,,0.5192062709387264,,,6.309385082675615,,,22.261249813443634,-0.33189543463505267
2017-06-02,50.67468153474672,,,,,,,,,-0.04899711402566989,1.1239378601558538,,,10.059330762874243,8.851781489198736,,,,,,,,,,,,,,,0.623839975832704,,,18.975664423663435,,,-1.6647725548082741,,,-1.9111065364844873,5.256963432720543
2017-06-09,-0.9724336176986437,,,,,,,,,0.7225211948739005,1.6913160598707728,,,-5.429208122997837,2.363538857320444,,,,,,,,,,,,,,,0.5618760520246876,,,-3.8195821258587666,,,-22.979738013018338,,,1.7770245358681793,0.10719691233164236
2017-06-16,0.16056314610760258,,,,,,,,,-0.8748056107072022,12.389144569645879,,,3.4180198663572225,3.560146724732101,,,,,,,,,,,,,,,-0.36848517581294216,,,-0.24648829923656523,,,3.084765716527081,,,-4.748344152329553,-0.8687532429377263
2017-06-23,0.13343216526130908,,,,,,,,,0.39754534492717764,-1.0117717814738594,,,0.4370566370407131,-0.30670947542955646,,,,,,,,,,,,,,,0.11677068217540607,,,1.9959753556530322,,,6.779004460663796,,,6.6318406167009645,2.894865323893135
2017-06-30,0.2525054738197056,,,,,,,,,0.3625110716016266,-5.9005595010958105,,,-1.4263583223723435,3.8417781447141124,,,,,,,,,,,,,,,-2.5810421091765705,,,-3.6281395513223984,,,-1.515746118926469,,,36.493210464110334,-0.40698127114914806
2017-07-07,6.918828201568061,,,,,,,,,-1.082031591027784,9.176310629629645,,,1.2320569909603947,1.7176871923809471,,,,,,,,,,,,,,,1.6387697763314244,,,-1.2664814930975157,,,-14.758310632874775,,,-1.2392992190359218,-0.12717389527565778
2017-07-14,-0.8744051220464202,,,,,,,,,0.34952018942220425,0.006187992247385532,,,-42.704086798502665,20.663500274667342,,,,,,,,,,,,,,,-0.055964890134264034,,,-6.8913026861946465,,,-3.5590543483475434,,,3.4026360227544465,29.5325054733871
2017-07-21,28.6697351345356,,,,,,,,,0.0869282233283947,-0.8874166272282659,,,-1.6674464295339413,0.5291087193208257,,,,,,,,,,,,,,,0.17730049731451455,,,-3.392431148285864,,,2.754964858290082,,,-2.1371578589305438,-0.5307912681565595
2017-07-28,12.262639736622306,,,,,,,,,-0.03662531777572143,-13.661297655945948,,,1.6461151254992505,-1.3526695670137503,,,,,,,,,,,,,,,-4.301198270008633,,,-0.26835652682769606,,,-0.8464881218459195,,,2.1174218355130168,-2.5725338640934803
2017-08-04,1.1032547152156578,,,,,,,,,0.029954810235295774,-16.55208718855048,,,-7.125821479711097,-12.038101169572435,,,,,,,,,,,,,,,-3.0152434426204233,,,-4.613888292612685,,,21.337457851662954,,,-11.819892055874814,-2.627748535548387
2017-08-11,-13.228571703851271,,,,,,,,,-23.150023783266434,3.1783145338921517,,,4.669385281790008,-7.517717124590403,,,,,,,,,,,,,,,-2.9107200760732015,,,-8.178264930561928,,,-17.507703506267955,,,-1.5356310551039996,-0.06739630631111798
2017-08-18,1.4818057606860566,,,,,,,,,-0.058977287692954586,13.10167234169239,,,2.6470146654128675,-2.596749245862134,,,,,,,,,,,,,,,3.6871464745124047,,,-10.152536470905762,,,32.552362575254286,,,-3.2789395796374508,-10.128254990991934
2017-08-25,-0.4209714279948281,,,,,,,,,0.5803253363916008,-20.82083499048011,,,6.901348133824839,-1.538641694572441,,,,,,,,,,,,,,,0.08764278723819248,,,-2.766530613631729,,,-7.499077929184273,,,-2.569771532505382,-0.3913907141858053
2017-09-01,-1.595487461856694,,,,,,,,,0.15125939369110644,-2.94157997908928,,,-8.049987916981681,-0.2296981875111951,,,,,,,,,,,,,,,-7.219232523500091,,,-2.343407988597144,,,1.3414495859763373,,,0.2627783504999157,-0.010078773813514613
2017-09-08,-0.33412495126139014,,,,,,,,,-3.923062550493189,-9.217374856957314,,,3.993035206628637,-2.5152499555187284,,,,,,,,,,,,,,,-4.181131277198907,,,-0.7704787589508683,,,-11.731382594087027,,,14.168854945313615,2.314352457896738
2017-09-15,7.8410116099090565,,,,,,,,,-0.2089311973640307,4.300795218676699,,,-1.6625910512894657,-1.3201014278417718,,,,,,,,,,,,,,,-4.27950050168058,,,40.32005241309557,,,1.5462327983658801,,,-1.5471200593366685,-0.03683511044979027
2017-09-22,8.076884589078052,,,,,,,,,0.25018130996098203,-33.234156176039875,,,-0.05895354071448489,11.34537580087166,,,,,,,,,,,,,,,2.146236140670178,,,-3.1819529943305174,,,2.2576119387472477,,,0.7182583062688872,-0.4913154181418508
2017-09-30,4.036336569596747,,,,,,,,,2.0961729840652423,2.6304317025493344,,,0.13080247992382887,-8.301792909684654,,,,,,,,,,,,,,,2.784823350914377,,,-0.25942068258011886,,,-2.133076145491292,,,-4.596841213683422,-0.7474045052768878
2017-10-13,-1.3380855741273683,,,,,,,,,0.21745273971163587,-0.7278134919609278,,,-3.1169010208903143,0.7664483253765202,,,,,,,,,,,,,,,1.1214698540021433,,,0.276193412386752,,,-10.226189849767175,,,4.801825162711557,0.8801091449434534
2017-10-20,-1.4299658789916663,,,,,,,,,0.3781444498171345,-2.4785172209673902,,,-2.1892071901116235,15.285648692489772,,,,,,,,,,,,,,,-0.8933748677438109,,,1.315371787789572,,,8.798734758345642,,,4.446937956521007,-1.1254002904452542
2017-10-27,-1.1441883668244728,,,,,,,,,0.19321660400130647,19.935845088715034,,,-1.1813536773443425,0.8433327876571355,,,,,,,,,,,,,,,0.4773134158726629,,,1.853122927374241,,,-3.5947661645546294,,,-3.831336090383117,-0.8613646877146952
2017-11-03,-38.947671614791425,,,,,,,,,3.428227616212444,3.3777519225383044,,,-0.08747354019814244,8.766834855227692,,,,,,,,,,,,,,,0.8738871991967005,,,4.760857040238005,,,-13.364164684003672,,,4.512846632494911,1.6154113487032669
2017-11-10,-8.732137244658324,,,,,,,,,0.037184199380710076,-7.264898180265337,,,-7.627448173163844,3.258880938464964,,,,,,,,,,,,,,,-17.045288818618605,,,2.5935760311456613,,,-26.96257628771193,,,-0.6747661147496475,10.445956037847282
2017-11-17,1.0810326015939749,,,,,,,,,-0.5480470470016799,3.618320827996195,,,-4.695890184183207,-1.4953979100495483,,,,,,,,,,,,,,,-5.965746868590933,,,5.075959173302368,,,-3.374123587303045,,-0.08572794453911854,2.2910674670927786,1.0569730569243028
2017-11-24,0.09322658252204293,,,,,,,,,-0.04686773701195959,-7.142478463917889,,,3.003355068736425,-0.4392057640261702,,,,,,,,,,,,,,,12.004920420882346,,,-0.25288625991999336,,,-18.449634599623163,,4.772214895914434,-3.86321976615081,1.3666663234290257
2017-12-01,24.587463297228314,,,,,,,,,-8.585171986288621,-8.620205404581165,,,1.3539441513588053,-8.418415579403485,,,,,,,,,,,,,,,2.3521329451864528,,,-0.7280583451040659,,,7.843228063038361,,-0.3609566474917777,29.99881155416702,-8.412432349115589
2017-12-08,-2.932495209027676,,,,,,,,,-0.27758965707665195,-0.3535460864102888,,,-1.5792284118325584,0.8609091747819777,,,,,,,,,,,,,,,2.2926929640253246,,,-5.376379281021519,,,10.372900994121936,,4.181716755351398,1.4026648737801148,-0.9091391652131535
2017-12-15,-0.27670708992176385,,,,,,,,,-5.398285045616258,9.215005466003008,,,0.5603445219087102,-1.4367639228543232,,,,,,,,,,,,,,,14.840387179641096,,,1.868653169318061,,,-0.6748912019927911,,-0.39047248143137125,-19.80572629408636,0.47688775447005294
2017-12-22,3.4816090082141575,,,,,,,,,-0.19023055873475625,-0.15394735428131096,,,-0.009248137557715613,1.1875819723308845,,,,,,,,,,,,,,,2.1735176882270517,,,-3.1018616957478216,,,1.354325751084044,,-0.032028014741414756,-0.354007136908289,-0.6235326502493694
2017-12-31,-0.8947547999259853,,,,,,,,,1.0707922284049174,31.500972265187922,,,0.43701677785093085,-0.6595382950763766,,,,,,,,,,,,,,,15.202591747512546,,,-2.6651661488089236,,,6.126893559714113,,-0.08892018703447983,1.0651354065274456,5.003644667826805
2018-01-05,-1.953621430511771,,,,,,,,,-5.7834814200733575,-4.0961255715710525,,,-0.6940908277381146,13.520951185061909,,,,,,,,,,,,,,,-0.0409713506684411,,,-0.28625048723703317,,,27.417465209308336,,3.601018001319288,2.2262152101091144,-5.367146463396155
2018-01-12,34.669678888897735,,,,,,,,,0.4050251335264564,9.157192266095501,,,-8.565586107402108,3.2140442332909087,,,,,,,,,,,,,,,-11.000334107024438,,,14.62521216432094,,,-1.0702146531927736,,4.032839930127177,11.003047251488214,1.2605744389595455
2018-01-19,-6.519541243860782,,,,,,,,,-1.1441946449971905,-9.55397738505414,,,-1.1491163152858277,3.143358443618779,,,,,1.5142305831559957,,,,-0.0873127413500569,,,,,,6.9977285867533725,,,-4.912936532337287,,,2.4113551431935627,,-1.9295364816076415,-37.01855978241603,0.22811539187735796
2018-01-26,2.1150196402854533,,,,,,,,,-0.3106460711822675,-4.702944628157029,,,-3.580930129217024,2.1280078681918666,,,,,-6.8236344903388675,,,,-0.06210522622751518,,,,,,-0.7829870463286979,,,-3.9758236160789977,,,-1.5768415329972016,,0.373559783955667,11.937346597738781,0.0030717025401218127
2018-02-02,0.6646066986790848,,,,,,,,,-3.4209764373936338,12.448914456240226,,,-0.15556467124201828,-4.34900813724283,,,,,0.15828821765209583,,,,-0.34095576132242955,,,,,,1.0711261023055223,,,0.18622866830267137,,,0.6984893196365127,,25.386256243410614,0.1261499648375537,-0.014719966939468684
2018-02-09,10.523059286759667,,,,,,,,,0.07221392956459499,-13.4615716688854,,,-2.2144430505809467,-10.896079681495983,,,,,-0.04713638481422239,,,,-0.1290987969817931,,,,,,-0.6058094528758117,,,-3.9324868134045134,,,-7.999429634164389,,0.5906076871535849,-8.83416027493223,0.02182557651252763
2018-02-14,0.6179386563939014,,,,,,,,,-0.0921649526551619,2.896839454941533,,,5.135570160326397,-15.247559727422985,,,,,2.2324029052676475,,,,-3.348460037032341,,,,,,-1.7469639490050428,,,-14.539301636730425,,,-0.7660924650363115,,-33.23112982966695,51.03952600197525,-1.637598268592435
2018-02-23,10.515744433060402,,,,,,,,,-0.022275548221120267,17.39676920170925,,,-0.34917564658582123,-1.1361621094669947,,,,,1.5769388643804778,,,,0.1848388212772834,,,,,,-0.3185653949028544,,,1.7149005591282873,,,-1.892525503465711,,0.23239779189750406,-1.1932791243393603,-0.11350245574033413
2018-03-02,-1.3204066232803047,,,,,,,,,-3.4390020287890035,3.08300584524005,,,-0.2804277595197344,-0.9258157704462485,,,,,-0.27086936577459725,,,,0.07519604054710076,,,,,,1.5449669245833115,,,14.334367067421955,,,-0.8191290179293904,,-0.3018502126061373,-21.96815053436217,-3.3329913585218534
2018-03-09,3.1274304538068867,,,,,,,,,0.1661103506354865,25.54476888221012,,,1.0222023776993712,10.654800590193481,,,,,-7.399297186423034,,,,-1.0918665174417916,,,,,,-0.6952583126796099,,,-0.2994861850240775,,,-2.6407829601735173,,-0.2192194646269875,-4.339252901561868,-33.05220053755238
2018-03-16,-1.49562977671089,,,,,,,,,-0.038317513495261565,-0.75773915383198,,,-11.496434628330213,2.93456873377935,,,,,0.201678684171263,,,,-0.01916825703070199,,,,,,-0.08631729461837498,,,4.374350056967997,,,-26.552209004519973,,-0.25047526717132274,17.801382542525626,0.057063787398267354
2018-03-23,-0.6452731500656673,,,,,,,,,-0.009346613888628154,2.5422469235693357,,,21.81506853731324,-32.47542574799539,,,,,1.2705010443937377,,,,-0.09189814669399952,,,,,,-0.3531714658709738,,,-0.9077925001425883,,,-0.5734646001071342,,-0.3736764790435307,-0.2097248588892278,-3.0681387679831076
2018-03-31,11.003981092803519,,,,,,,,,0.04766933187430905,-3.6058065314003187,,,-5.688979182277529,-7.302689526474713,,,,,0.10169956399756239,,,,5.328029789274808,,,,,,-10.937238913499609,,,-2.3801369071326217,,,-2.7194928255538313,,9.40501289094015,-17.7767378583522,-0.3488165662364493
2018-04-04,1.6784866088974966,,,,,,,,,-0.6020544279596471,-4.855483160297384,,,0.3874734191703667,-0.6158290661779628,,,,,-0.06719825773884022,,,,-1.281142737481423,,,,,,1.3592033048231018,,,2.142116255940932,,,22.505168027440135,,-7.035927640381149,-2.10738190309153,0.03445398252407087
2018-04-13,-9.147514322778937,,,,,,,,,0.8586002321323771,-0.20219607625700897,,,-3.5584387162709463,2.6525938858680957,,,,,-1.5437857763495981,,,,-0.10961358727400496,,,,,,-0.27179083858101216,,,19.85360166277147,,,-0.22122323477233574,,-45.67523477969463,-3.6355571655314347,5.952058815731043
2018-04-20,-7.803092525799529,,,,,,,,,-3.6888407447700224,-15.044150338947311,,,14.436971486429224,4.104908052305262,,,,,-1.0382499987060096,,,,-0.36263256387919707,,,,,,0.4281189632714377,,,18.687086366146183,,,-9.711773730353844,,-28.531706165770196,-20.343759450863807,-4.894915386186109
2018-04-27,-0.005224568219064141,,,,,,,,,0.016853080985539518,-3.6464367352894516,,,-0.09081462932714901,-0.8059128709460673,,,,,-0.043011406422722165,,,,0.9541578631091168,,,,,,0.5479009124189103,,,-2.005432101848217,,,0.8094454190398745,,-0.7634194918482053,-0.6508620083571477,-0.08510248499405751
2018-05-04,1.2627776472363983,,,,-0.017609217339336396,,,,,-0.09545299907870355,3.0451511874903296,,,-0.19835932379192453,0.25995858197288546,,,,,3.2075152735446095,,,,-0.35010428269990146,,,,,,-5.5114789863002045,,,-1.7315556857972525,,,3.3021861943048876,,-2.8137957909022373,-0.3700160554264368,-0.9188321678435069
2018-05-11,7.447633441635105,,,,-0.19289591889813185,,,,,-0.40973590817013994,-21.616077202553157,,,1.0982272743081278,6.9103084049366,,,,,0.1033088269065432,,,,0.04300447067596902,,,,,,-0.08537770779709314,,,-8.055060825211463,,,-12.895965704518654,,24.981370190799268,-12.823246026059193,2.8978868893400342
2018-05-18,8.28963909617159,,,,2.8027373760873675,,,,,-0.5445062758673608,-1.9813005566915811,,,0.10220748200824849,12.578972874217555,,,,,0.05832008020234441,,,,0.022318175662855114,,,,,,-0.008473916894222389,,,0.9757497528577571,,,-5.130350342901456,,28.746417815136784,-4.810133183386188,0.9943008786696059
2018-05-25,3.99748901379626,,,,1.1160730320186163,,,,,-0.16370744859215386,-9.589826643342485,,,-15.554111973256813,-0.832623083512327,,,,,-0.020724370156161406,,,,0.10558234563837926,,,,,,-3.1319139989875895,,,21.38581538055326,,,2.8700471031933565,,-0.27167047798775606,-10.817698133789769,0.1549725248334236
2018-06-01,-10.29532125178516,,,,1.0975489757763368,,,,,-0.11038014708176852,-1.2747160505063917,,,0.14802856036525636,-14.933403335085105,,,,,-0.05933567990031284,,,,-0.770984855185031,,,,,,-2.0044429553822254,,,13.585995765735003,,,-0.5126966249157856,,-1.2012701272251578,1.105514489408261,-0.09596037407978053
2018-06-08,-1.1096490101900056,,,,-0.028947510499115855,,,,,1.835788431757863,-2.1465954039269373,,,-1.4268235687718327,3.921089252718297,,,,,-6.082014432001968,,,,-1.6172041120774794,,,,,,-2.5032443955472177,,,-0.47085446441446344,,,-12.891479573120915,,-0.10817227982380492,118.96717702689172,-0.5871283837627068
2018-06-15,-0.19805261676832978,,,,2.7265810922977116,,,,,-26.251533947190158,8.909524732063701,,,-0.15313683893309896,-0.26363137595270425,,,,,-0.13552015178523838,,,,-1.2660793379899231,,,,,,0.040773560557922056,,,0.000405365766541696,,,-5.798443588659292,,2.074326689558419,-3.166152916967113,-0.10583004441231086
2018-06-22,0.24214210875805398,,,,3.754110801124665,,,,,-0.17103813058848158,-10.356595745895959,,,0.12811239650153494,19.934978056770845,,,,,0.753423325597223,,,,-0.06109479547423187,,,,,,0.5441588407414867,,,-0.29629035573460527,,,-2.0792100931811444,,-0.2675097911506196,-2.158691235255015,-2.2087775383964585
2018-06-30,-0.4578106523401363,,,,0.36764826405325945,,,,,-0.0024367315176368753,-13.592432408394906,,,-2.3708401014748186,3.971642619152587,,,,,-0.07535707344208692,,,,-0.05361859886581399,,,,,,-4.447361263983871,,,-21.74699360839683,,,28.883309145225304,,2.234987561083135,0.9363284552664624,-1.0441686832675368
2018-07-06,-8.170643724153098,,,,2.0214809070773203,,,,,-0.10002936666359831,-5.248892002920287,,,-0.11294603035103663,-0.3539342294565824,,,,,1.701807927448971,,,,-6.47721354216889,,,,,,8.440937256178145,,,-0.6472432603734677,,,4.2876235987312405,,-0.12110562972668076,4.24837365354324,-0.005878216144240805
2018-07-13,-1.1506298857463375,,,,-2.3327479904774275,,,,,0.44945626315344833,7.426779027119313,,,8.814604558526684,7.644655930084742,,,,,-0.04362760776349041,,,,0.03491395117618079,,,,,,-1.0439231648048897,,,-1.9324983888173486,,,1.9021292217673573,,-6.637263547328194,-0.10480147876662405,-12.93581199326331
2018-07-20,-0.8167118189477469,,,,8.617037765387732,,,,,0.001252592325155788,-4.2265105135243015,,,1.2648178018896643,-2.6651365532876996,,,,,0.09957690072539126,,,,-0.0997057576293963,,,,,,-2.3855044275231583,,,1.0287579368312194,,,-9.027259196381765,,-5.734641124082998,19.094478334220256,-0.21808512054049342
2018-07-27,2.8896451862277823,,,,-0.14946313322128135,,,,,-0.09848588822617002,-0.7123823290738142,,,-0.3664037462412697,2.1309439763801734,,,,,-4.644752382365037,,,,-1.4068016960849614,,,,,,-0.17457899339225857,,,-1.4258914095058512,,,-8.23576764440125,,-29.212068613620005,-12.025648227670462,-0.009189090567944341
2018-08-03,-0.6655821795006704,,,,2.6272998118196362,,,,,-0.0837531225902915,-10.537429451298957,,,-1.4820707613996884,12.714390257453505,,,,,0.9090634761251914,,,,0.7728789681593762,,,,,,4.726314148544031,,,1.8092332566025122,,,11.983427675192376,,-1.8575287031726035,-2.2883486467877754,0.40406927392862046
2018-08-10,-0.7582231056314626,,,,-0.06952743747261425,,,,,0.0902506773462035,-0.17869590289518056,,,3.152865092646842,1.7941315879945332,,,,,12.272177271788856,,,,0.9936534235433412,,,,,,0.13678447545694372,,,-1.0736868822507828,,,3.8741729583883497,,-9.109648927285914,-26.40028783650453,-5.3384579470681075
2018-08-17,4.378744925221001,,,,-0.13288345872968899,,,,,-0.4065391665023558,0.09868668954535201,,,7.099785474524976,-6.213011902995932,,,,,-20.67887160814715,,,,-0.036717382064661644,,,,,,-0.7849147044489504,,,25.248825296645755,,,-7.22613589630352,,-17.793323136949724,11.15793030453806,1.7858671031833613
2018-08-24,-9.819423570747746,,,,-6.978612657918351,,,,,0.10473534446122812,10.969380441325278,,,-1.277253390743518,-0.5234882074824383,,,,,-3.2395399250665493,,,,-0.2772657908409112,,,,,,45.40005755081235,,,-0.5922899282260476,,,-6.910806490094382,,-1.005635035993559,-7.793046735980557,-0.2377081658220797
2018-08-31,-0.12266433548690049,,,,-0.2039461161302371,,,,,-0.022197834897943525,5.610576650942092,,,-0.5927584765608033,1.7755202095580316,,,,,0.08753609570194543,,,,-0.569705590649066,,,,,,6.810260366744591,,,-2.1819451398223424,,,-8.52733671326905,,9.203006474988147,50.792860209734684,3.0528251574715277
2018-09-07,-1.1786751752378528,,,,0.27959944714549845,,,,,0.142505645244597,37.0689304130531,,,3.4676787132610594,3.4535889359563283,,,,,-0.09876357663099453,,,,0.7362275862181552,,,,,,0.22793748997956054,,,3.333188828473288,,,-21.771692152232934,,-10.78667535562225,8.274436259491955,1.277640203205128
2018-09-14,0.022642757767772248,,,,-3.866107595316344,,,,,0.06267255298052413,0.13780219281551775,,,27.455569656813278,-1.8694006343092673,,,,,0.11333931954279722,,,,-0.0244477381181957,,,,,,-0.07793656123230157,,,-0.02504297645398995,,,-2.101836197803739,,4.55238081031982,-3.0571537273144984,-0.9954300031948706
2018-09-21,-0.9435906104447289,,,,-0.16399665929279197,,,,,10.587413302335484,4.550530541625468,,,0.4810619877051219,6.8540412908766895,,,,,-0.12494705280960305,,,,2.8992976128106944,,,,,,-0.3227313993850377,,,1.3166940843781525,,,9.834181132088078,,0.044329296701622584,8.685497882968562,8.5393056359992
2018-09-30,3.549334631082682,,,,3.026592673903128,,,,,0.08630416421672213,2.2784532606131775,,,2.598221614640685,-6.938259060558084,,,,,0.31856212228350733,,,,7.828531612246776,,,,,,-0.45715629537841934,,,5.141354584426309,,,-1.940077365270136,,1.022367189242638,-2.9028236616259204,-0.10750816484508019
2018-10-12,-12.547211273716941,,,,-0.13271192576099247,,,,,-2.0299885050551216,-2.248140452454819,,,1.2871138285037165,3.201526068396082,,,,,-0.2906177962623845,,,,-0.15808408056888412,,,,,,-1.728741721629678,,,-3.328403234759897,,,0.6077308457317706,,5.887096180555231,-19.66595921713475,34.057192414297354
2018-10-19,-6.490553923605722,,,,-0.10378354311206442,,,,,-0.029905077898037036,31.585269665026615,,,3.1318381613735893,0.2830867269013988,,,,,-0.9974271233279091,,,,-0.2992689099506115,,,,,,0.4202747904028664,,,0.155817870800853,,,-36.04849570550501,,-0.1551089918219679,-1.3586158226545668,-0.8426717404047319
2018-10-26,-1.0864597379567233,,,,1.7123665802521602,,,,,0.1577277217058767,-9.891277093014697,,,-6.79498324997754,0.11263225070586402,,,,,-0.15367789947067723,,,,0.9645781272831818,,,,,,4.772704233819825,,,-8.159388909933858,,,-0.9993604324449299,,45.46499937857614,1.4662046933152306,3.780872674239758
2018-11-02,3.1982777548225765,,,,-0.13986988821604518,,,,,-1.715734098839616,2.0681849926420544,,,-3.264486601450658,25.6452553469594,,,,,-0.0029979859703743797,,,,6.990219905194368,,,,,,-0.8233429042949995,,,0.03703623119754154,,,0.8833131222961739,,-2.4074523824841365,-13.531628897184815,-0.40487242703991777
2018-11-09,-16.44722288343443,,,,-0.43909038527892824,,,,,-0.21306060561173742,-4.374195189085215,,,-2.152317318451866,-2.924126477336377,,,,,0.44811526346442443,,,,-11.26933728187858,,,,,,-11.61093508279785,,,0.02032313826331572,,,11.234923663022025,,-1.7996693515434288,0.2178757608599985,1.0749326839861775
2018-11-16,5.134928466819741,,,,-0.09276304755875055,,,,,0.17620821868766914,-2.1170854969543496,,,38.4433962133552,-8.285344452234266,,,,,-2.848148472030873,,,,-0.08503268566712581,,,,,,-7.7923953770692815,,,0.09803161166369034,,,-13.099720693466807,,1.1818083685315839,-1.7664681678326035,14.922722597505661
2018-11-23,2.4602301345374866,,,,0.05307638338576898,,,,,-0.008790560187023504,0.5321320910594287,,,0.8974579943249602,-12.841247303390084,,,,,0.675754145892546,,,,-0.4247717529515499,,,,,,0.2183207798460496,,,-2.0415349216890393,,,15.743399371402054,,-7.26278307383015,0.1924914569221557,-11.40517548825402
2018-11-30,-1.9681288213790702,,,,-4.429687966529269,,,,,0.007791847835450547,-5.44638129201156,,,-0.3796339097924862,15.413015702196706,,,,,-0.057759303389455674,,,,-9.541787812102903,,,,,,0.4294155670201485,,,-0.8569591687698064,,,17.734185802323505,,0.3698214218865369,-1.584770491337161,2.1617886064766325
2018-12-07,8.603928362727572,,,,-0.15216421002981811,,,,,2.7913854459687144,-5.941375720635683,,,-23.708476678474863,1.3340692084393266,,,,,0.002825884581171478,,,,-2.7128398299825833,,,,,,-0.5492950235308338,,,-23.503899761446963,,,-1.9372543367992316,,39.63083426926306,-2.872575362409936,-0.09213031109663729
2018-12-14,-1.8022219533796844,,,,-1.588941121515652,,,,,8.588967106605308,-3.4615522891030106,,,-5.294469928287432,10.194766761730047,,,,,-0.012550539208333572,,,,0.2598684998199318,,,,,,0.6276808857124411,,,-4.117471872507545,,,1.0425995877782248,,-0.5310589829043323,0.9617617038593662,0.12237646894356138
2018-12-21,3.147217153721554,,,,0.45560072327579954,,,,,0.37674504536937303,9.290888400536762,,,0.015854292961817652,-0.07799079024910127,,,,,0.3715540404587605,,,,-0.9762592002827004,,,,,,-3.598428638466839,,,-41.171376270992035,,,5.062841428246673,,-0.6962058933765001,6.562860430204635,4.929036468424389
2018-12-28,-3.7181941382756665,,,,-0.9753412845639764,,,,,-0.04249248348874718,-2.1900314940615786,,,0.260488121349793,-0.8526441370473941,,,,,-10.54882835553797,,,,-0.09534256699754556,,,,,,-1.4310350731822277,,,0.33406623653209927,,,2.293028564096915,,11.431309948844177,-6.592347151890708,-0.08173370815118258
2019-01-04,-1.570598766187405,,,,-0.11315123125701394,,,,,-0.20610471300177402,-38.193005601999744,,,-0.054882501986348586,6.940949935684702,,,,,2.2775347088059235,,,,-0.030441910838379257,,,,,,-0.39090916894637406,,,-0.36574217850644297,,,0.2882665972108397,,-3.4707089662947705,-7.583132384219166,0.5621163238020264
2019-01-11,0.8269769140201596,,,,-18.366426166747964,,,,,-0.6558732627349002,4.208288043368256,,,1.1766966365780616,-14.70031853211245,,,,,15.469854748267236,,,,-4.508095750704966,,,,,,-3.757060494590509,,,-1.9067264789780185,,,0.9509561163548548,,-0.9245582940593025,6.638356059099264,-0.7132431082795561
2019-01-18,-5.270786925097708,,,,-0.04835328866664063,,,,,-1.0727964695453518,-29.929684923996046,,,-0.8138005343568625,11.065092822030026,,,,,-0.21919190075944073,,,,-0.03453548588767551,,,,,,-0.44694447514929075,,,-0.9372068007284463,,,-5.006473757724304,,-0.16741733625856875,-7.843073444639713,-1.6858118047029216
2019-01-25,0.10625211203486085,,,,-10.701429535900317,,,,,-0.017517304618140966,4.322852547240241,,,1.2220142488092405,-0.3354419943811236,,,,,-0.06975312548746426,,,,-0.017249275893851973,,,,,,-0.022729642099109507,,,-1.5003290327151455,,,0.4741117686071965,,-12.181030535062204,10.748755799067592,-0.30282282435520363
2019-02-01,2.7875273865029397,,,,-0.010638933660401667,,,,,1.1977121620893239,0.26650224434499636,,,1.4940191999339931,-0.2385494636997505,,,,,-0.44821177924121064,,,,-0.10412094364570079,,,,,,-1.2429075172828212,,,-2.7667600234211256,,,-7.274299735684847,,-0.003650522729266359,9.067581928231688,-0.26355295341280827
2019-02-15,-0.34201104942776905,,,,0.2750644699194321,,,,,-0.7051821530232725,-2.779393170439406,,,-0.1112219854463535,-7.287443890039094,,,,,-0.02366491529945059,,,,-0.25054257567193605,,,,,,-12.205123216012087,,,2.9576621824809033,,,1.4273460781395453,,-1.67645510623698,15.412459227543877,-2.2329126745231402
2019-02-22,13.496720019248118,,,,6.427776610822569,,,,,0.0339215976372753,-1.385230385980527,,,-0.4281673568020106,-17.460488164572745,,,,,-0.11709013592092266,,,,0.8464081839870633,,,,,,-1.806467564405014,,,-0.7512008680622416,,,1.5636214493340976,,0.9694671396277481,0.18230858064404087,-10.36658845843326
2019-03-01,1.4774916357788377,,,,1.7654856014792668,,,,,-0.059016201278219604,-28.136512383982996,,,-2.2085135944841467,-0.07972790825399068,,,,,-19.629266898816056,,,,-0.7896072134636638,,,,,,-0.2516150839666853,,,-5.735902917281198,,,2.089572479469018,,-0.6516464518910157,15.48886300248054,-3.481800495682459
2019-03-08,-10.319833951457525,,,,-0.14703090836351454,,,,,0.9509340190272594,9.617169477094446,,,-21.64062207622185,7.699373630058742,,,,,0.19014340951779748,,,,-0.013392329000509845,,,,,,7.879805099921416,,,4.159279516075724,,,0.20156497822740305,,-56.058528375019755,-14.772131106083949,-0.2285259049022091
2019-03-15,0.6398070398591924,,,,-0.7061636987711725,,,,,-0.011126565210749652,-6.426884535217604,,,-2.1474369363874275,-15.97832142365146,,,,,-0.02956626449735857,,,,0.24487210795959785,,,,,,0.11728062465754319,,,-1.8936862574687174,,,23.704916583861166,,-9.623865832106281,39.14562881987113,-0.2948575238488521
2019-03-22,6.979211065069669,,,,-0.13090832611438408,,,,,7.183863374872798,6.014471331466796,,,-1.9123801518275214,-0.10072093868657793,,,,,-0.03385213506365629,,,,-0.05760218398909721,,,,,,0.04336517149465391,,,1.4209802273100198,,,1.8919919445117603,,-10.299602196423043,9.886085223735057,0.20715649900034588
2019-03-31,-10.46373205660813,,,,-0.5497403905078498,,,,,-1.027611392579956,-18.88945731699747,,,-1.6601264119050538,-3.373518866527025,,,,,-0.3249704383001385,,,,0.6069320206188995,,,,,,0.028184779592292326,,,-5.828367464062341,,,1.1161489058387906,,-3.9351530207101155,0.4646391894791,5.056125327466223
2019-04-04,1.424792349086672,,,,-0.19065046892565335,,,,,0.6226131814266076,0.6953705789776985,,,20.31137137458487,1.4794039079478223,,,,,-0.0074840746445300164,,,,-0.34875965311996937,,,,,,-25.30800138922401,,,0.04485497493151708,,,-8.974387403149255,,1.8300346979395792,41.1318754788324,3.495643876734147
2019-04-12,-14.367429733095992,,,,-0.09735897870913773,,,,,0.10594405347029306,-6.972940456041703,,,1.0334468090432836,-5.5982433122821655,,,,,1.332764886799839,,,,-1.023187073370314,,,,,,-2.016498274377329,,,-0.3227338265459435,,,-0.6059575789523994,,4.349985235411453,3.000521330967282,9.334743246279482
2019-04-19,0.9407212944794938,,,,1.9390717461207536,,,,,1.3953967974780066,-0.5888651344601332,,,-0.19822557894108173,-1.2545979292530154,,,,,-0.014450915975550323,,,,1.0446278668488687,,,,,,-6.494709679628734,,,0.47567506176761737,,,8.678835957623376,,16.885489612666824,-4.5949343142859576,-7.11329747679404
2019-04-26,-0.21194551513648907,,,,-0.5388973173453712,,,,,-0.9945577758479661,-5.7069495280104166,,,-1.083545908644809,-10.21080804472447,,,,,0.006724642639545586,,,,0.21627287657199548,,,,,,1.863854952456676,,,23.666893884998036,,,-3.259119407022888,,-2.593176851103029,27.825524811000793,-0.055723328373567804
2019-04-30,0.11981012324093859,,,,-0.010776445671610485,,,,,0.05925436891051472,-7.158337775109715,,,0.026638173695469655,11.667053332750703,,,,,-0.07492502172083845,,,,-0.012541221757452304,,,,,,-0.16952052258520017,,,-0.03532282669316118,,,0.6307320614721812,,1.0801365979758017,1.1438109586964207,-7.648702664828382
2019-05-10,11.043427948258207,,,,-0.4220016615202745,,,,,-0.7448672487207284,3.5403916200388466,,1.5778281695154415,-26.492577036723006,-7.002247383600864,,,,,-0.036878850521992995,,,,-0.18097416031111357,,,,,,-8.672049527851259,,,-4.189102334656319,,,2.0252767482398326,,5.66256870917561,-25.021742635069682,-0.44784853654460455
2019-05-17,3.4072411920045322,,,,-0.11178466095800665,,,,,-0.14580835460816724,-0.8814624493809035,,-0.7942958675033047,-1.6508839884985753,3.980845718922385,,,,,6.262231418396775,,,,-0.0450577759338484,,,,,,-0.25134136154694464,,,6.3521480259914505,,,1.9455322680230385,,5.554963751737259,1.0972909800627082,0.4894115585520443
2019-05-24,-5.582278010921681,,,,0.05991971829699827,,,,,-0.3018264808395731,0.6229375823500201,,-14.28500197544366,0.8712811636449301,6.5830648115087085,,,,,0.13490449126887183,,,,-0.06968256724470814,,,,,,-7.21805492296342,,,-19.166106900851226,,,1.624494212351513,,-7.136882741103673,5.309066304717861,-0.2592036978870443
2019-05-31,-6.385188371975462,,,,-3.5187972622275216,,,,,1.3739521903629333,53.99385948700767,,3.5873796060670973,0.8389000536450759,-4.028521977496464,,,,,0.055188244675808566,,,,-0.01532528063005684,,,,,,-0.06419644552240603,,,-0.7270346752813706,,,-34.798301403013454,,-7.451618267412943,-24.27941984211635,3.319089127154612
2019-06-06,0.0029419243478384094,,,,0.09529926323396817,,,,,-14.767375952867237,-0.2528011104474714,,-16.76386720052731,0.955756977434955,-0.3083620718814691,,,,,-1.0447992646993653,,,,2.059260817360121,,,,,,-0.01849119689595706,,,0.7197300639501276,,,-1.2681283565851966,,1.4733887438362812,-27.143766030074087,-1.5370354489323292
2019-06-14,19.23868303716202,,,,-0.17021626237872872,,,,,-0.5761342382590797,-0.5744538125437397,,-1.7745152446150936,2.2306696283849865,-4.022542462685427,,,,,0.004102607554703874,,,,0.053554039377463336,,,,,,-0.23317429662212896,,,-0.47755798599359023,,,4.5477894183878504,,19.996214551071883,17.06982608454599,2.5335361807927477
2019-06-21,1.304444535149186,,,,0.001985932691639103,,,,,-0.018405816565687134,2.7776058894311006,,1.6398365605250549,1.4550268313868886,12.749722599383436,,,,,0.8662343169085687,,,,-2.8168401158678797,,,,,,0.11810768928802107,,,0.01042851331978889,,,-3.799549282983664,,-0.12996391185548478,6.176939617361096,-0.05487600269901159
2019-06-30,-5.522477025685488,,,,-0.03874953265505843,,,,,0.038365446590681085,-7.414214595199805,,-1.0459641717099628,1.485125847645567,-3.931559786261146,,,,,4.0420156283208515,,,,0.18691799275386362,,,,,,5.875476447800366,,,9.609730063137834,,,-11.600083545563907,,-0.7353061180535063,-2.654561725984715,-1.0925828356127416
2019-07-05,-0.5740999910924931,,,,-0.07067388447669924,,,,,-1.0320199820978726,-5.5355493725752405,,1.2513749918274346,28.512458987647992,0.017981495309784323,,,,,-13.88510632178303,,,,0.06494200658132854,,,,,,-0.4444535417045239,,,-0.2311102947606548,,,0.9474559389448296,,-1.6741750072859802,-4.128900243006348,0.6300718721801608
2019-07-12,11.954643669714153,,,,-0.003997324179680281,,,,,-0.18489531589204386,-4.617517729731921,,0.43349997493497117,-1.979206490525232,-6.435754631293997,,,,,-0.046501152859565464,,,,-1.142627583805628,,,,,,1.555526197582779,,,-13.166768243353156,,,1.8095299094248327,,-2.5088989206068537,1.7064011813006406,0.04313728164681907
2019-07-19,-0.20531370647095004,,,,-5.0304699307660865,,,,,0.4204600775093499,-3.3801052247254915,,-10.143303295351705,0.012570354272613436,-0.41329861453109323,,,,,0.049121687222272954,,,,-16.443681900517873,,,,,,0.9072910946953923,,,-0.3581412018856918,,,-3.154657114601431,,-14.772958977614913,6.346925457414807,-0.040717867499413654
2019-07-26,-0.3618357941207654,,,,1.8080047373244068,,,,,-0.05191173068906978,1.0783090747697337,,-4.4637955101952995,-0.3832005459372595,0.4535979072335542,,,,,-0.09370421715627007,,,,-0.014146065126868952,,,,,,0.812260439454282,,,-7.452710242497603,,,-5.199469016957897,,-1.0398034235578746,-3.7101395232899512,2.2859275805624177
2019-08-02,2.5733053364476617,,,,-0.33694023256151606,,,,,-0.18255764560823018,-19.910279799907737,,-4.448543968321341,-16.81760346718921,-4.783730795059228,,,,,-0.4613978922840944,,,,-11.536659391296789,,,,,,-0.21529847318483145,,,-0.29933947874253297,,,-51.56018657971378,,0.6951095458544523,-0.667707119540172,-0.6554669513297384
2019-08-09,-13.060769901715922,,,,1.7573097262720614,,,,,0.4259009091731891,0.08427824800627776,,-68.99590987648915,-2.661929990311713,2.6670447710347567,,,,,-0.7397804843194224,,,,-0.2352984778261041,,,,,,10.982911344581092,,,0.36441806215810957,,,3.002998396107193,,0.14096062546274762,-19.64105114694549,-0.06298899955373655
2019-08-16,5.00544056411234,,,,-7.713112836657986,,,,,0.1391927534875086,-1.1329886145118646,,-4.2943590450301174,-0.6695956019752062,-0.3837921033098328,,,,,0.5006041441426599,,,,-0.07545926618683299,,,,,,-1.0937903959903306,,,0.15295807010951457,,,-5.151469459692943,,-0.7946527710931832,-12.649609850762712,1.0092497120522284
2019-08-23,9.745815666878089,,,,0.19363825162888082,,,,,0.10199230774444182,-0.4814468739656809,,5.503858554996535,0.4866979785801185,-0.5149204026781731,,,,,0.39343395436230044,,,,-0.20760102716147566,,,,,,14.217754275737825,,,-0.2134663539040752,,,8.506039683719376,,-1.1511402086379894,22.86348919971543,-3.07036521025048
2019-08-30,-11.072877284536501,,,,-0.05525687068416436,,,,,-0.07011986994049746,19.601294332964006,,0.19387888751032117,2.0218462417870184,4.084191864153873,,,,,-4.970601105784123,,,,-0.12098547105181344,,,,-0.26016173963531375,,-0.4842363667215166,,,-0.23491471584772025,,,-0.7790200107528803,,29.7499010867652,2.3603550569920833,-0.2922590726130006
2019-09-06,-5.8862496693356965,,,,0.04122409194072216,,,,,0.6810265529838598,34.46820227063574,,6.021512526837059,0.3285730237874863,-7.953051259804958,,,,,15.088794488903645,,,,0.05755289376821318,,,,-2.6096108105942437,,4.217564690133979,,,0.6530758136605888,,,-3.4927079078732097,,-13.044620695771021,-2.3231124101821914,0.9628140255669291
2019-09-12,9.575053166818103,,,,-0.15133215618106355,,,,,1.538724839068742,0.8275457400617627,,-43.350071392825235,-42.060206966075405,33.62954530883382,,,,,-0.002534353077052253,,,,-17.026492322652977,,,,1.460682255756605,,-0.3739014062148168,,,-1.1295030726840847,,,0.48342051822973653,,-19.44936082966487,0.15264685518356488,-8.861194887932182
2019-09-20,0.07718458121006899,,,,0.6571417063123324,,,,,-1.1134228440412612,15.680062212162184,,-5.273095680418659,-0.600727017433045,0.635819688773994,,,,,0.19554617933903573,,,,-0.6602983608983677,,,,-0.09735101759419038,,5.986092956214931,,,-0.014005174974163367,,,-5.495199847884022,,5.207092559127192,-2.018061090622342,-0.5001879580608899
2019-09-27,3.4406293281487708,,,,3.603176707549655,,,,-1.054471542115755,-1.4464503817863457,-2.4244903267248565,0.41055616096788117,0.16292392101249709,-1.1557842005026622,-2.4379964392563345,,,,,-0.4820459834550449,,,,-0.06944988515621299,,,,0.015469121222507026,,-0.8379789593433227,,,5.682897787850553,,,11.169162333051045,,4.173861993256439,-0.17105337594038783,0.45432906843268134
2019-09-30,0.928252197268913,,,,10.636474013034618,,,,-0.013871193676392831,1.7383595395743412,2.4209116937873802,-4.811922354388998,-0.9632299135171948,3.897287801313877,-0.36041874442310967,,,,,0.40071866912876514,,,,0.019399955241990084,,,,-3.1977158251768976,,-0.45012816529772365,,,1.5020724456537415,,,5.433981645881784,,10.471622129554069,-0.5498790625404965,-1.5215988209183635
2019-10-11,4.445684713183718,,,,-4.10011241359401,,,,-7.765422183128291,-0.12517880044031,-3.624753808338485,-4.682752314224675,-0.16480859546642482,-0.08478487228331956,0.520476344110861,,,,,-0.10176185174124937,,,,-0.09147940448990949,,,,-0.5874041010529857,,0.5566416541321553,,,-0.17590870478778026,,,8.474834885151498,,0.741269235411312,0.12039744778364483,-30.335016733425665
2019-10-18,-0.17533530080073415,,,,-0.006094341687371996,,,,-0.01527413466976825,-0.251449315048087,2.032737581967539,0.6805822774132425,21.95716656859312,-26.06935304662029,4.860572968185304,,,,,-2.2199315496574563,,,,-0.18181456776035562,,,,-11.344294772612226,,-0.11614704850210891,,,-5.948896793519519,,,-0.434548987556039,,4.100160375771566,-11.319006999383433,51.37467890460855
2019-10-25,-1.8040487375622343,,,,0.27164538604294575,,,,-0.39192140247174,1.1411863647137854,5.7753842012456635,7.697226093823779,-8.900360289371845,-13.281899442558311,-1.9663405060073034,,,,,1.2011534038646967,,,,-0.06792444485741352,,,,-2.825736133973056,,3.412391164445047,,,0.9336597450555005,,,7.908390584502083,,-3.3829077824459493,2.126550711880157,0.4479209608859609
2019-11-01,4.518590261034114,,,,0.7916196090729692,,,,-2.025449597784502,-0.2890978522790763,-4.104669126520913,0.1925899906896431,7.672017828137056,-0.8611367188433554,5.4445136339604705,,,,,-4.884551777306819,,,,-0.4003779395547944,,,,-0.17645297298334434,,-9.519628048868734,,,1.213366390792954,,,-3.409495467726689,,6.842229345897956,-39.73948087012753,5.300978950822529
2019-11-08,-13.167068813389461,,,,-2.3182585874862545,,,,0.47268486147219707,0.4141087845527566,3.559936533151347,0.28488240482124305,0.9147984841724749,0.3542271012081561,-0.7252520946528676,,,,,0.1531132183601422,,,,-0.1196082360681825,,,,-0.9997429194532221,,1.2331842410782579,,,-2.265910639662004,,,-2.3003255497573702,,2.559993458341559,-12.698499933259765,-2.5561148180509203
2019-11-15,0.46011465426569353,,,,2.7313384621156143,,,,0.18529867719239013,-1.750176296780308,-3.1647707616383474,-19.65407220711609,-1.2542755620712545,-6.9807309861965425,9.63954703231925,,,,,0.016693578295238404,,,,-17.558462406173188,,,,16.491414805603448,,-0.2333784072399248,,,-2.310242982190851,,,5.6934052090747205,,19.854473769618455,1.547668928995551,-36.55773969047727
2019-11-22,-0.6969785405346554,,,,-0.0643574228734394,,,,1.857962285193827,1.2457738763510933,-2.201657297473466,-0.11304902750285732,-1.069122584771048,-0.29897721155285994,-2.6255741011878797,,,,,-1.1921778164354642,,,,-0.3589809808484013,,,,0.03804035902754769,,-0.45188424938121996,,,-0.40948817169197427,,,8.700487508755087,,9.992851711651618,-1.440321687942101,0.08701905678544872
2019-11-29,7.156378237604065,,,,-3.848267463200042,,,,-0.04124457201897061,0.03187740854995286,-0.32081423155073585,0.3901541235788191,-2.937184101857915,-0.5050213857544753,-0.6733990093982383,,,,,-1.2144074605811461,,,,-0.304811836646625,,,,0.6918660579502778,,-12.992395725077978,,,-0.3718520053201639,1.6968839337447221,,-5.31136614963517,,2.759673069632598,9.251428179555788,-19.142635630263705
2019-12-06,-0.22513587695302106,,,,-1.831093211681106,,,,-0.06084509219919983,15.839390091368918,-12.949150224412811,-0.29409120190223503,6.491903658406677,-0.9045605810090432,-4.843459318630601,,,,,-3.398244055171528,,,,2.7278711846011707,,,,-0.014306787395728991,,-0.20944908262347306,,,-0.09101688713114559,-0.5766755928722713,,-2.2067804938459616,,5.35647164329588,-5.522535551250669,-2.7879739977997304
2019-12-13,-8.903933733544031,,,,-0.7099530813584713,,,,-0.2064607994454526,0.36458837721451315,-2.2431209057654726,-1.385854634336072,1.367846480003728,3.338812576764365,3.1577349582801197,,,,,-0.11483271701464573,,,,-0.11823383677793109,,,,0.12170314979559721,,0.03375726201885582,,,-0.7506447712588828,9.51087359872518,,8.619244550472182,,-0.550889689369237,-30.141039683283857,0.14472994792815047
2019-12-20,4.796322313271508,,,,-0.14487538665314298,,,,0.37135329790330207,-0.0982076330024326,-8.404602563450434,2.2026669350451544,10.233445310079677,6.242906631017478,-4.502441649696423,,,,,-0.38845611340966374,,,,-7.526150302830116,,,,-0.058712385477864795,,-0.01747595184192474,,,9.549575808305987,5.205130999028004,1.5313461893568485,-4.642392972125197,,5.830635739199315,-0.6569157589980874,0.5732312345271063
2019-12-27,1.0342045545282343,,,,-0.004444802635383438,,,,2.0159617800654352,-0.11994585639909952,-1.4551519368549626,4.73049411937395,-7.361522756731226,-8.272719920168909,-2.865126384062643,,,,,0.1356982321736852,,,,0.013809271054679651,,,,10.798462936337298,,-0.5488169702575147,,,0.35283432200983905,-0.4321318319627492,0.39034805213430923,-2.6956655964074443,,-1.7415117769311357,5.252936804911005,-20.011705745957396
2020-01-03,0.18862724615765103,,,,0.5874569712438742,,,,7.678426015471159,-0.021813873306895038,-21.76161431779373,1.499038039420024,-11.349632619255992,-0.3030795363897181,3.859040649794708,,,,,0.17682063703052234,,,,-0.11567936489180473,,,,-0.18274422408628338,,-3.7042220020813197,,,3.9449001454533406,-0.7144457927126338,0.15256236902642842,19.946240346992937,,-9.723055740275827,-6.3652951049486735,-0.03221238783361996
2020-01-10,3.4731803797485847,,,,-3.3126744674352593,,,,0.31012253003115187,-0.22224071772776066,0.2294319723772379,-0.097301718202492,-0.8535342908323218,-2.2752558742260627,-0.8060338625366754,,,,,30.858221063627006,,,,-0.05070835494889065,,,,-1.829570741364309,,19.884290218337597,,,3.502715645024804,0.19964787798348832,-0.21180844328043857,-4.718697877407354,,-7.117040808819419,39.00124183749069,-3.191911137555131
2020-01-17,0.397797980184317,,,,-1.7052371178698125,,,,-1.0662767556162693,0.053467554213962154,4.55227877639435,47.69484817817553,-2.4149031021802543,-1.7338284263609975,-6.379681644129562,,,,,0.03352847461704832,,,,-0.019311324871563146,,,,0.2703317939935777,,-8.536079518513896,,,-2.0640456956584687,-0.09833905338845811,7.363125733361773,-5.619376355626193,,-7.407392079356129,-3.4942002048977168,-8.88815051369137
2020-01-23,11.933121628258268,,,,0.13583164063057018,,,,-0.12929963436404568,0.8377350465404324,-0.014122610498263743,-0.4975829246016085,-2.1677367570424657,-0.6437952293972012,9.52984024870761,,,,,0.15757630562678532,,,,0.505520375467268,,,,-2.757299444644691,,0.13283459883720064,,,-0.6243729141783393,0.4320679110771546,-0.04696767138838517,0.5620220095481554,,0.9355229926231605,1.7041779375742374,-2.9440027475585953
2020-02-07,-48.57809563192207,,,,-1.0485925425163365,,,,-0.12737209013902015,-0.05181915995094749,-0.4298876554151078,2.8725029858197386,-8.0572131356479,-2.918022776725946,-2.341859440330761,,,,,-0.03775259033302756,,,,0.3312426978391005,,,,-0.09937823073424511,,0.6210793644590791,,,18.191810485827652,8.29511636249353,0.5058697067419881,2.397542188709969,,4.83731665248145,15.69828074250929,9.272115092050903
2020-02-14,13.730589169785604,,,,0.09340109589777512,,,,-0.15226081984094186,0.2738243359120411,14.65713286479619,-0.22536756020902912,-2.1704169631104313,7.5080878307614105,-13.603683526186478,,,,,-0.1637311783706562,,,,13.781018661206069,,,,-0.5241399766509074,,-2.4617434476995483,,,0.87814724439044,0.5618909190199974,16.70675969308406,17.424884240419885,,-1.841378528315742,0.012792503421542901,41.29299175712922
2020-02-21,-2.8395338869197353,,,,-0.05421713071993551,,,,-0.10491750954396918,-0.01647394036778691,3.297152722872289,2.419108269660369,-9.763778890114857,1.1607895856693977,18.427416582478827,,,,,-0.049903696353469015,,,,0.8173834804143678,,,,-0.8335088621891626,,-3.2878834146287192,,,-0.8493636548321711,0.12056475754179397,-1.5198831256358358,3.679589185805148,,3.5118380930245365,-1.2933344991286368,-0.349972812676349
2020-02-28,-14.382105989067325,,,,-12.849184527962468,,,,1.0550383111015835,0.3160483492514654,0.8880683225874657,1.5287482399500896,0.09571453067952178,2.959701238337423,1.615587368011691,,,,,-0.1457402490891881,,,,-14.079889228986602,,,,-0.7941574953926558,,0.01597970875250177,,,-12.606800899732729,0.3250221394918728,-3.4969123809527645,-10.588787477392467,,-2.4640714652724,2.8645880580841445,2.18347072041747
2020-03-06,3.395704476944046,,,,-0.3707719760177178,,,,-1.1013888826917742,-2.071578302485153,1.9410712150506377,0.9235239944994271,-0.7294477363241607,-0.04988615885431941,-5.497907183520105,,,,,0.0728836545128551,,,,-0.5076163412707895,,,,-1.2824359186374328,,-1.0700751658042909,,,6.2887884114640045,-0.11454451112283795,-2.052730339754156,-19.239562376088607,,10.832556955377564,11.125854246749363,-11.138435640875512
2020-03-13,4.316520395447027,,,,-0.07474519630410215,,,,-0.006095024934480109,-0.5112686126197692,-2.700699338501792,-5.763564040749294,0.15291871228827092,-0.33937697434819825,-0.9068377489110084,,,,,3.0068000313608296,,,,-0.5666490131768738,,,,-0.24083298049829044,,0.4466033332416469,,,0.4947011630121381,2.5753670482145523,-2.5324365518833796,1.4812155528410509,,-3.519941080624974,0.08141477128913555,-1.168448988030346
2020-03-20,0.537973097318178,,,,1.2612102041661335,,,,-0.5965851823709112,-0.18414047017111845,0.04354573979976464,7.1726230886213616,-11.637607611732408,-8.540253688902474,0.9799907441847711,,,,,0.04367448091288825,,,,0.11509801010315894,,,,-0.11721363614686875,,0.221926690954237,,,-0.4094981508869712,0.5990938627534879,-8.411041586190354,-4.193010412881737,,-0.1807212796482227,-0.34951209987089404,-1.7205058250091971
2020-03-27,-4.99391031351516,,,,-0.14911490573901273,,,,-5.943416073823492,0.6348166418210932,1.1088470525795746,4.36733048827186,3.704798941978055,-16.456891769622516,-21.67892201208387,,,,,-0.005886918971198446,,,,-0.11371110111750075,,,,-0.0685235799835584,,-0.46087538325126803,,,-2.2206914771046558,-25.52694856008197,-7.848055417100329,5.710533096433404,,-12.127610249951664,-15.955641457077279,12.913056747494117
2020-04-03,-0.010315765220780704,,,,7.891492801061082,,,,-0.0015489890433068101,1.122709335391683,-2.4808462485873073,-1.4419705317503262,0.4059945669848717,-0.9817938887473562,-14.244848039013718,,,,,-0.3711907050316064,,,,-0.11384898485446386,,,,-0.273698474130077,,-4.0967166101109935,,,-2.3246252995512338,-0.8040409143259365,3.2280016001588927,-6.2409060041358515,,12.410624734547905,-10.914336354104718,-2.940708074902685
2020-04-10,-3.1706607573515315,,,,-1.0280648198484572,,,,0.3706352019952065,0.04427617226552058,37.882405298621016,3.6286661519449797,7.047675670142456,-0.7824685330041442,0.5652218631900946,,,-5.42903720796821,,-0.030647964919481144,,,,1.5888339293311797,,,,-0.2073639573572339,,-9.066408040961987,,,-1.707502124875864,-0.5905603814545873,-8.38643081672377,-2.540304497375481,,3.0989734913144513,-0.12982171231517028,-35.4282278611529
2020-04-17,104.66768022187348,,,,-0.0066441088164604645,,,,0.29858142096518686,-0.07160809864239134,-25.522187243244726,-0.2714673130804535,23.082629379151186,11.088629991209162,11.229173553442456,,,5.244793279662683,,0.512505690746756,,,,0.04015998550939637,,,,-0.08028261946849181,,18.560711894377928,,,-1.9502495562611393,-0.10515369694949334,-0.9564027064659618,-13.35443272737553,,2.6989957792069057,-16.886382250766697,34.06825397188226
2020-04-24,15.580008356867294,,,,-2.0362231608540515,,,,-0.3312709293194008,-0.13672518893445323,-2.9162739273543243,-0.3177866844548065,0.12793134181999344,-4.904713991783431,-0.9925213315941792,,,-5.028311891448118,,-0.8324338592361179,,,,-0.17754742304608973,,,,0.7958695504463921,,-0.5289723438769449,,,6.993493736681181,0.12096360066280504,-0.25742592125670527,33.38975337181157,,51.334826837255996,5.192888087950356,0.8956096878004054
2020-04-30,0.27551344787004156,,,,1.237952128914197,,,,-1.8012329652966064,-0.04347247940603763,27.125372508878854,0.23400442283777884,63.87542027686748,1.294491590423947,-1.0951959805350076,,,-1.5379345008160152,,0.020754442603964484,,,,-0.06010548039203022,,,,-0.0987349826354289,,0.10010335046489652,,,13.96843775964193,-0.1824017671823566,1.7197797761314957,-0.9450492602736427,,8.95940822588345,-0.9888126388438776,0.27942574253235575
2020-05-08,1.1616086651923168,-7.52764430952846,,,1.8653847507694696,,,,7.0446068167948495,-0.2889316307003432,-0.851687450172434,-0.018855114039414818,-2.8719304967825035,1.3170731639726205,1.2683318746464787,,,-0.059148266177147565,,7.6351423502534885,,,,0.03580140488016422,,,,-0.34628099196842377,,-9.076272134991656,,,-0.2131218581568236,-5.694409919349198,3.168395823314463,-7.30027389851977,,-7.177940560256189,-9.209764422573372,-1.9272906307444124
2020-05-15,6.785662430939672,-6.312017627496521,,,-0.4615360090090049,,,,-0.48242945364020495,-0.16027061148664137,0.2077882545798717,4.5849208194940525,-0.7676029476047033,-1.3930340756209456,-2.9098153658284183,,,-3.4603750414648644,,-1.1183829877714953,,,,-3.7827741044082064,,,,-0.04910897432214245,,0.27184589430939676,,,-1.7242746618129339,-0.23247083840478777,0.06224724901030987,5.892885740524178,,-31.250981624543183,-39.12807470763908,-1.6503942148436992
2020-05-22,2.4756051334158475,0.4540687707721821,,,0.409553983412184,,,,0.10190862262162934,-0.042304397449534445,-20.983291413450594,-2.110820061215405,-2.757820448781122,6.094780932499823,32.98691863621972,,,-1.3411340931772027,,-0.10791914967966132,-0.23832052919385754,,,0.24644231250172347,,,,-8.667855914163862,,5.646988458375089,,,-4.2697307181694475,0.7158756623999966,0.8122325717888296,-32.31468324573248,,6.1937999034225495,3.505615748058672,35.469043979061915
2020-05-29,-1.8774372944382234,-0.44094394684895455,,,0.05458800070792563,,,,1.8582550600871037,-0.2683079605826796,-11.437066138895538,-6.759972177365787,-3.4513147045658927,-2.154203947061264,-6.435683519615168,,,-4.932153029050526,,1.5989957353026343,0.0639811175303257,,,-0.13327694619019434,,,,1.340570287250111,,-4.001901698584316,,,-1.4716579846876456,3.577722859892659,-0.15420814579445008,0.9458195299412182,,-3.047939761573499,-2.4986254967476276,-4.504608562888221
2020-06-05,-4.829078826313761,2.8644610952493905,,,0.5676975934958765,,,,-0.2629633907874819,1.9127033624701988,-3.0738421072409388,36.03580034276237,-4.832368822014416,-0.7609664082534038,-8.64467044909695,,,-11.033514303494503,,-2.369039579945844,0.0016334105430408207,,,-0.09386766759494367,,,,-0.159930121950015,,3.7495357476829994,,,0.9396850695894514,0.6525855482918406,2.261776413724937,-17.05131673970984,,39.449184487306624,8.000060190215807,5.179646658719632
2020-06-12,0.59158740032937,-0.9244990535344495,,,-0.22056552748620456,,,,-0.10124535767573906,1.863565425143108,4.165626436752089,-59.32411976994019,87.47097276206361,-0.15072419303374443,47.28536435513945,,,-2.58352760468777,,1.5206800380699772,0.040238300269565805,,,-5.2011194984396525,,,,13.848535041705466,,-2.0814841063297105,,,-0.40318284512800695,-0.4941865834505178,0.11284808759380544,0.4436116918994465,-0.040900940891219165,10.360221488824111,-0.10080854060643879,0.6975187338580651
2020-06-19,0.5060365540168583,3.915934819372753,,,-6.058424628647408,,,,0.46245130962604086,-3.9712318466347334,-0.9242108864324314,5.068634729322505,7.6672623406138545,-0.6951373784204389,-30.712402833385994,,,-35.5183008130037,,0.07820648863504398,4.218974308689665,,,3.838052992112476,,,,-0.005052007364719148,,-0.866345337950181,,,-6.709635078331765,-0.05234991493996392,8.917685098951058,-6.443758816154486,-0.4490996271491432,3.1347292741533748,7.917332314890197,0.06050866794348114
2020-06-24,-1.9695327360617103,-0.8561483194015445,,,52.74444392505217,,,,0.7335071475558477,7.433803386968148,-6.427442375005139,9.642162991323072,1.3069306826614198,-1.6363519993744613,-3.8827421005190024,,,6.627483719103687,0.1107972207325797,2.3328871486278415,-6.06830454259456,,,-0.2775075229485875,,,,0.14831107014041417,,0.304541528539206,,,2.446448289142526,-2.0064307698506956,-9.397576918764232,51.55656415484107,20.98758197828834,50.58318971015676,13.111138831590148,-40.56725883083637
2020-07-03,5.800512050587538,0.2700786946375609,,,9.503209733902587,,,,-0.019032433332893776,0.2020710751651539,0.5561574719340779,-0.6811766888894195,-13.28296862232762,0.3146038939744574,7.705727053579795,,,-9.824874696079219,-0.4870980742882308,0.9563528835050334,-3.714790517287995,,,-0.3832100111942792,,,,0.0929803476335803,,3.98115880499723,,,-3.8043882551470745,0.30213198625676085,-1.1291750992685963,-3.528438713412773,-3.828841354141169,11.569219511858359,-4.596765994447867,5.204202367829851
2020-07-10,-2.3692657999870312,0.22611701217963226,,,-0.06943751575108237,,,,0.5896381157698407,-0.18844815511172197,1.1450745790422137,-16.593387213111843,-1.7995202702512152,13.672154663567314,2.4844901402854256,,,-1.9379126481086122,3.3886645592788667,-0.4095333259453617,-4.338718152016177,,,0.17852388968760585,,,,7.464298202520204,,-13.094808509578732,,,-28.472657849887558,2.786305450512949,-3.2430309158950403,-25.859231581850135,-4.677501038491868,-1.8388688040127963,-4.26737326598068,3.264503322752542
2020-07-17,-1.2514646847276687,-16.94963862755169,,,2.497723203852323,,,,-0.036882675092897624,-0.21574826970335884,-14.709038757489042,11.022490917080198,-18.306925651083834,-0.301761210861429,0.5444940102001237,,,0.017407812112555612,2.216375841298988,-1.0652060647223833,-0.39352878466984914,,,-0.10475870636263288,,,,0.04624698355550618,,0.06359208579056921,,,-4.452573923846194,-12.37286068582463,-3.2204538657628907,-0.26114609255704935,0.5598433408549943,-22.04208515867169,5.428737817218808,-0.9076474343740906
2020-07-24,-1.96370357967182,-9.062964617593222,,,-0.23061445691812718,,,,0.2693704683219286,-0.2049307104384604,4.701612116423135,-1.2027181263620024,-1.3882016527569292,-9.798511153995356,4.155729177250132,,,1.1713484549739706,3.6723624350987056,-0.06922902256022345,-0.9796801502178145,,,0.2573776523235399,,,,-0.08448344355799553,,-0.2484779632839002,,,24.958326172446377,-0.5076870971740692,6.770293561337331,-0.05826325832905099,-0.028256425078949925,20.51819433694746,-3.5474872135148483,-0.27795030815841704
2020-07-31,-4.966344010787507,0.09607566688072572,,,0.8205134839524137,,,,0.07760615136730703,-0.10285129006970256,0.06285761130551153,-71.3911335309536,2.238565005137942,7.664856655731143,-4.664714521656437,,,1.3843108691060815,1.4380173975260462,0.6428833654784621,12.287633485591517,,,-0.7271649377578775,,,,1.1178283532001485,,-17.099817838260236,,,-2.2383095367014443,-16.865690665758486,0.5101959581369593,0.7083643636766997,-2.8667645419345567,2.2712460857930017,-0.6365708540139002,-1.7081583731301213
2020-08-07,-1.4663010407358812,0.011565459851456072,,,-10.27428404362036,,,,0.36498051374612933,0.27256438423712337,-0.6047377641435022,0.3176217763060234,-6.158439680266111,10.98517060396824,-8.003603478759587,,,-0.6591539319016699,14.294583131709015,-2.837016942774155,10.146896878539948,,,-21.948120298224286,,,,-0.0874955604144976,,12.090600598124118,,,2.8800934628896417,1.0267557623282997,-10.903515474504468,2.798105354401836,0.4729709084033802,-23.960722361136177,-1.801516476437018,-1.2235844185902771
2020-08-14,61.480468025223765,42.60636647523288,,,-90.90044866213725,,,,1.7179501575630762,-0.45779939740634273,-0.4715608225613901,-23.572052384144335,-2.4409991920041985,0.34241772862443465,3.03561191530836,,,-2.62001902294808,-0.5382083470027162,-0.5736339746042738,1.001453651489388,,,-0.4937011197184659,,,,-0.07802646952984799,,3.8468666452671894,,,0.1914828861507344,-5.9573648464858415,7.650707434089266,17.65478972614253,-0.37091500178418946,-41.58052439063073,-19.29878531055272,0.11557630227787197
2020-08-21,-2.50728579756442,-3.0017159622454463,,,-1.1482882043567624,,,,2.7483233526441215,18.27575959061966,5.41274408643864,-30.449032180074276,11.583716827980487,0.3864170782795472,37.64465657262452,,,-7.086753305702778,-0.6927845351582667,-1.3201810590936187,-24.261770268706613,,,0.4783939927620572,,,,-0.00818577870108482,,-0.9718878159966962,,,6.729323132927366,-0.5506717599425852,12.625593443115012,-5.58999627771952,0.054573501040075745,2.981286802404207,26.194568699334596,-0.16187871093696182
2020-08-28,7.588000420273534,-9.302321897366241,,,-0.30226717708980644,,,,-0.1374073061716254,-1.6608017530743364,-2.1652350947089984,-3.248344452645239,-0.4641499637551548,4.979973807501558,-13.336090926015636,,,-0.8493417517085762,2.3508859779864255,-0.05775087457725535,-39.1398007400119,,,-2.6960829519133016,,,,0.09729355664923856,,1.105240128950216,,,51.91071296908938,2.3530468949028607,-2.173708758678493,-2.877466904245323,0.31933154859861007,-7.058419409117642,3.8857490930979894,3.942933749960557
2020-09-04,17.535170530833785,-3.399671609197175,,,-5.163442476363917,,,,-1.5583274029372345,0.2514371592262381,1.7359606368507043,0.6374940454389892,0.4230550808682675,2.7542668537545447,-10.114091892975358,,,-0.17278464130064408,-0.24556363484054602,0.22912568063515032,-14.479938017837618,,,-0.05178258379022592,,,,-0.13873018156961478,,36.2869762398438,,,-0.9081464950774087,-5.23150289872622,-7.893113044088104,-0.4586228526860471,-0.7340358245831409,-0.41500667553861925,5.691275264361504,-0.04059597095241174
2020-09-11,-13.338870178493162,-0.5419994842572108,,,-1.6927283817367986,,,,0.17185082879259622,-3.5198857993357975,-5.309093126017593,-25.58672228324585,-20.735356783636483,0.007209100623816245,8.93666664060244,,,-9.670924753557825,-0.5396097058274872,0.14502880420330366,-2.386884575039676,,,-0.17966326896147,,,,4.175261048508542,,-1.6265892142717533,,,0.7287792797585345,4.7657701877955025,-2.3994295989816505,1.393312297489944,10.86233521438761,-1.8162380217201688,2.8818494562335366,-1.4540976485836477
2020-09-18,-0.5146439203901524,-4.226906536757217,,,-0.2994695199300396,,,,-2.166864412728414,-23.73035485343583,2.0764434347484633,56.40835567315223,-0.3387112339484249,-5.145297953784549,5.878862352845653,,,0.842678097258025,-2.5845107646122933,-4.752334895852704,-20.371322792273983,,,0.504470603527982,,,,-0.032989597136156436,,-1.5576326987037292,,,5.7792523505849624,-0.5806125851423953,-4.136578002282913,-16.402921676243984,0.34155285427492654,-61.679479211685994,-21.10699837960867,3.5096501467122048
2020-09-25,0.32449859966749384,7.067512483847013,,,-12.080282244495715,,,,0.02087004571000904,0.2837429881072451,1.7073707287487034,61.87075329964607,-5.778738172001883,0.4354379413991525,0.570869538006374,,,1.2840011190293712,-0.06608227277717829,-7.271424518322138,9.472220190206604,,,-1.1139069934964951,,,,-0.14648271936931984,,-6.445381395519348,,,-14.25085685576649,-6.675412547003369,-0.8613761664030131,-4.717167646496282,0.08145375283600617,-4.1766187901246,15.374393170798108,-1.2758241082884796
2020-09-30,4.231222060509467,-0.26986225917160594,,,-0.7034235598597949,,,,-0.826936889321737,-13.13772830814597,0.8106211818542584,-11.68270905828973,0.9492205014520856,15.25941877980588,-2.0834959282720247,,,11.255589953953468,0.09611154692337012,-0.18346748288753054,-6.7624250570738305,,,-3.185076558826798,,,,0.018179400571177638,,0.3258919764263542,,,36.51173429734809,-0.1672979794408171,41.49496710212735,-4.779188437080534,-1.8297965251216106,9.044318834731053,27.18040291452152,0.29413663624362657
2020-10-09,-5.8704039043331,-56.76158025605372,,,4.885028367495683,,,,-0.039479567070427164,-0.35219776071833375,2.3013318965955274,-11.691428403582023,-0.5309485145843165,5.774974654863534,30.23845353876819,,,-8.956429000326455,-0.07606841400061343,0.1500954260125344,0.20889355412140675,,,-3.8542256582921537,,,,-2.4903628216817744,,17.68412616923588,,,-2.0545901114675584,-1.7723086240679915,5.153674357400681,-16.74177432844785,-1.2548653687805529,27.52370441992888,26.26510256896968,-0.30191214443066544
2020-10-16,20.15440922037874,-2.097986922986859,,,12.722789110156722,,,,-2.641408176111712,-0.11463642761177821,-20.58246379022796,-43.3243710798797,3.4285116323413156,10.665476489832946,5.718886605045744,,,23.142602670852778,0.039479021980304466,0.42339777404979095,52.234564712245394,,,1.0124504115716115,,,,-0.06297632659895208,,0.3305666334655518,,,-1.3559894996131336,0.39804315371691673,-6.601284124293264,3.5987566505739483,0.0357995950591157,6.489619832338971,-9.428447540830296,4.701838095892311
2020-10-23,-34.85242945201479,-2.0599092758461084,,,-29.268900870687816,,,,0.03675290502997837,-0.3525373140175982,-0.6596836840419946,-19.47018625400834,-24.88344576694628,0.5808979902579828,11.546236165651244,,,0.025076612563286027,-0.9930509359744781,-15.285629816812683,62.410118942239386,,,-0.5546217571812,,,,-0.05302452136144729,,-3.6808302585170103,,,-3.2069629949969194,1.8991409355080946,-5.508314793863187,0.8025563006845,-0.06727157384424932,-1.347279045338062,2.4177321889970407,2.79740584894273
2020-10-30,9.518301212738146,0.5770495096214455,,,-42.92363193210277,,,,0.8724145097188956,0.515633225821287,-8.24346927029344,-1.6954798087313732,-5.995189466792488,-0.8970852536699467,43.78803221437547,,,8.19467596300347,-0.10995147606057529,1.0925553295614145,-4.798378023167539,,,-0.9900041516298028,,,,-8.529517106305516,,-1.999787537323005,,,4.865773870743993,1.4841371399266508,-20.67180887514134,-2.0821544546899804,-2.4829304551398037,2.183055574268094,-1.9640027901904529,-0.1658806334478311
2020-11-06,-3.3771620614000786,-1.2551456174131443,,,-0.2896655642255949,,,,1.740895747181603,0.13109208618818569,23.198113039382775,16.230071108396793,-1.0585475707192407,-2.31259320268887,-5.937266110453555,,,0.6484015134029438,-2.261106843269447,-18.645015663800965,-1.748161893278822,,,-0.06650839659991074,,,,-0.03830215004295341,,-0.5290476603929521,,,-1.6531871724106846,-0.0433259041696408,15.906290656312986,-1.421015041126392,3.9231823884623616,-25.40443630545986,-0.34397262159185105,25.633726465064512
2020-11-13,-4.539739754789566,-12.23402708156794,,,-89.89033965578511,,,,-0.018671314791461887,-1.330535977855833,-12.427285517132642,5.478565413217935,-2.7988543373429726,1.2141495387939316,-23.08914135152483,,,-1.2791801377431828,-0.7408698425348312,0.11535009567211413,22.36450659187284,,,-0.6249186377937213,,,,0.06567357577865536,,-4.572198103884904,,,-0.935652403717038,-0.7146279164908462,5.842848417537427,-28.89247687690687,-1.179455694122895,-5.0174579313287495,2.667857318625183,-1.5656405523507266
2020-11-20,0.770844052469406,1.504352873807097,,,33.33441536370336,,,,-0.08107353941284154,0.5648979234655238,10.725957927209421,3.703796659301305,-2.4418382316965497,-10.886723689664747,-24.512196806847385,,,-5.156702241353761,0.13470570870716517,-0.27934270258739163,-17.989522495409776,,,-0.30332075726363233,,,,0.08659074925484875,,-1.0681974609007963,,,-2.932276973508447,0.40623109176213695,3.802687625315587,-7.70488089459177,-0.28581287553940565,-4.2017874499008405,6.210086751734636,-0.9842774711128399
2020-11-27,12.512891635574366,-0.4023285846177421,,,-12.552587714901659,,,,16.37291866663932,-0.028746822841268255,-2.8754435389824717,-40.98285006919514,-0.20983570149678893,-4.3061567502041145,-6.1699191258341655,,,2.177118689751202,-0.054476007682468255,-12.632108203717582,-2.030707382340813,,,-0.006546979540628217,,,,-0.07116371380037281,,2.0180275689517493,,,0.7035723978046998,-0.2321320734581801,-5.466806576457049,3.7177307561429322,2.4298853726580516,-0.972145031316604,-27.060405925236207,-0.03278495572943258
2020-12-04,-10.175758323682,17.29987160425673,,,14.071817518043012,,,,0.1929311976575428,-0.16620496774677873,-22.34719956205963,-6.665936726534218,14.687200799774311,5.581119998799449,-0.3157397695561025,,,-1.5719669302967496,0.035739618051277455,-0.0609005474779837,-36.396137094706326,,,16.40364688059433,,,,0.859026091651206,,-6.150609530087001,,,-7.913803856002072,0.26734607729848614,-8.844602336887016,4.6207518703921275,0.36833420553974666,6.85564075684724,-3.2676471490017907,-0.4293696149301511
2020-12-11,37.41384342708362,-0.34789937267978965,,,3.877657820403828,,,,0.019658130907599772,1.356518132147943,-0.08214878517283591,7.3329147550550475,0.43328405502531325,5.4153542698436015,-8.589528511296024,,,4.087245036363901,-2.4533524622685947,-2.223828352178352,-7.907210092822159,,,-0.0014516852015352688,,,,-0.13751389581808227,,3.4350219671445865,,,-1.2445446246968277,-3.5679759090926724,-2.5484545595485253,15.615497468735274,7.455663340847053,-3.5019055760745403,34.76612063141608,4.129813395849539
2020-12-18,1.5810247269686566,14.278109073779099,,,35.57579063900611,,,,-0.36881734219851586,3.294413339901885,-4.1039154909307225,9.156227150567272,2.6550851416078203,-0.301670501876529,-6.191828252884927,,,0.8769690578676249,-0.97053651701926,-0.05365966429678924,-21.717357089488242,,,-2.585535595323127,,,,-0.20110413615279932,,-2.8480228857696686,,,3.8086528220100946,-0.21853885093300313,23.35721133309613,-2.326953977467163,-2.1834557057745516,-73.21966079407214,-9.203035535995221,-29.066563153890677
2020-12-25,0.9739283049880602,0.31623259293920586,,,1.3331483768473542,,,,-0.20563072520457443,0.18844610020392247,-2.339400918837554,-7.178425361797486,-0.9017980063144149,-1.5285169411858779,3.87010348815964,,,11.085816971331088,-0.2667011774743706,23.93674648994784,-0.5418372719558228,,,-0.05568100701390371,,,,-24.723770423457225,,0.4408365690831212,,,0.14617057778632248,-1.1781532052089814,1.4316570045441457,-12.21244997836218,0.3506219482354878,59.13375536208761,6.753218413855883,31.595180803359682
2020-12-31,9.446363269510806,1.122289926863763,,,35.56736883551574,,,,0.0867401307828769,0.02964259975151698,-8.401342715539243,-12.415706961435154,-5.1862087193141875,0.16134072995158621,-26.480301419445738,,,3.192839661811335,-0.00668793506409171,0.1765268043197985,10.578668103916371,,,-0.11762596674417132,,,,0.7736194449124527,,-6.073229536436568,,,-7.351331214268581,-0.3808168504575259,-11.843151305222047,16.355396964600807,-0.2392492010855074,-2.823561106787075,-7.293193930364351,-0.4224565690184415
2021-01-08,-10.620635653506737,-2.2008366668283283,,,14.881903465181296,,,,-0.8280725094915358,-1.0649239248262898,-3.457418788048938,-36.854906971966244,0.622845613318491,2.5348558665531598,7.553964150184616,,,0.4184396718531261,-1.1360730429309789,0.6106745942855512,-9.52251779977415,,,-1.690540252597427,,,,0.02333808071492882,,1.1368632980264843,,,-4.997257884545405,-0.3790060787193803,-6.101675589350885,-2.5770429032788362,-42.2634100423466,16.924185556471876,8.373689368635338,-0.18664860897121371
2021-01-15,-11.289294075176134,-0.1935189413211942,,,-13.969786566972985,,,,-0.10378739337844589,-0.050915937826881426,5.408919638747848,-5.000896258185117,16.688050411795484,10.519568895815121,-2.22748137958001,,,6.211875984672858,10.970947281885064,-0.8718878582116434,0.20278262381551998,,,-0.2862238267383054,,,,-11.020664754995458,,-1.0630546225842283,,,-1.0557535298570146,-4.0016610819343965,-9.386328322753831,-5.5272112050623425,0.07505212076415435,19.029326661815116,-1.4867167205828389,5.8386785116234625
2021-01-22,-7.319166190535985,-4.518365038510796,,,1.070763603739529,,,,0.1584869487212805,-1.1013738853108694,-5.451763019792628,-0.5176166587131248,-3.25016412569186,2.1474450928934328,4.869790593246447,,,1.5783098086509675,0.13363844667706565,-0.4008964795406791,-0.2930675402073357,,,-0.013570097859766941,,,,-3.367084430220144,,-17.81808477297388,,,-14.524336329498663,-1.9233101211733772,-49.73145942596628,11.812960845143248,-0.7703614769483976,-2.2536457125933476,-6.765395264396268,3.2176927247040927
2021-01-29,1.4710798759433357,0.005201848615347782,,,-0.5298029851051702,,,,0.9970757521166795,-0.12420218435602506,-2.784800245845003,-12.741228337886955,4.065424453990051,-6.9422666427830215,-10.97705535382144,,,-1.5685126466354224,-0.012242843403298483,0.010959540632954914,-0.6820676463163013,,,-0.015844230441205927,,,,-1.948277161417793,,6.140505731909189,,,0.012299908351866784,0.7596819661077361,-22.134449876132415,19.950108302446786,0.227104934267557,-0.8085724509976122,-15.016002140806346,0.9677388932858819
2021-02-05,-11.540456918406708,2.908971415389334,,,0.18989097340295769,,,,0.17397552635652547,-10.707342525941929,-6.73211746946673,-13.495839999223852,28.21357091743131,43.89830925466346,-6.279812123507775,,,-3.1555029047190484,-3.4712875400804317,0.10089120770297748,38.9681357677918,,,0.055045785830734516,,,,-0.015738868264424312,,-13.731304742002436,,,1.2865753126415447,47.32075246172883,4.177544549828084,-2.2493673815933963,-0.4664247204517465,-5.712239232825005,10.4345326847566,3.095681350875729
2021-02-10,9.607637363981686,-0.03956805252513365,,,30.338999958537634,,,,-0.02133195816749589,3.512556453439665,-9.926988005923144,-9.694122424149151,2.023528341656904,0.3702210175530243,-1.0214528772569103,,,-6.072543208702875,0.02290800321813488,-2.162680243397039,-12.56859010186124,,,-0.039904258835451796,,,,0.12981863077025663,,-2.2318253357895577,,,3.9429633820080836,-6.70343432141097,-5.201756930530037,-5.164398232174046,-0.13145948143262431,-8.276526932377008,-4.207854969423445,-1.1278174346062713
2021-02-19,-23.406101926662934,-5.452586367823507,,,0.15713570660943985,,,,0.026420540732021602,14.004502222930451,8.398952987696632,12.571725791001638,10.654874961912908,-3.8336343550058394,-2.7725290975324963,,,-0.5613970829319244,2.8514183339490313,0.6297185570232031,-30.642910331571773,,,-1.5239345977684278,,,,-0.23543326503703368,,-1.2721830367182334,,,3.953413988083074,-0.5536682987636572,-3.6676278228076833,-1.768227474458676,-0.684836332933936,7.186271206895627,3.993395782559081,34.38320298984957
2021-02-26,-27.903640744358064,-0.7466247105764385,,,-0.6199237946182724,,,,-0.05158130479803709,1.853954755470175,-0.4831610986454628,-17.35625084245014,-0.6813128573623074,-1.2759588583690193,-1.0634997064338036,,,1.755797725625514,-0.1403229662153529,-0.011538295894489983,-3.0775954717672125,,,9.66481971695499,,,,-1.2738806863254766,,-12.556743777390412,,,15.742904352877162,12.817979204431687,-1.2221651673147274,-6.374206078666965,-0.1148359035725029,4.375752839885833,-30.241189828377017,-24.583966307392615
2021-03-05,33.6084694505405,-18.790132676241427,,,21.726768003289855,,,,0.0009845679467227197,8.53596255722809,-0.7239060029794206,0.9502171289547804,-5.908549862027923,5.035474281459729,30.67101037180962,,,-0.6980653292134225,-0.6799798142499571,1.1184051612599484,-14.648883726621946,,,1.4153148739933687,,,,-0.5043068102184735,,0.7410639424091129,,,8.194125795633564,-0.9235274242254969,-44.959677844870356,-22.067817688369644,-1.5101465697870549,-23.637134023917092,33.433274113789416,0.7753747273668841
2021-03-12,53.30671845239023,-0.4144426337382864,,,0.41733384059727413,,,,0.15067206966810726,3.67217424858009,7.732068721392046,-17.000402486157846,-10.078090406920909,-14.905622631927287,48.18936935764003,,,1.4578251454085818,5.903226020542294,-0.48479734267007496,-19.184364892761206,,,-0.24304256009148584,,,,-2.7327462455575633,,3.811089114615336,,,-7.740457122312801,-0.7115618860501144,-14.561743791066467,-10.002399877571795,0.0016580166098686122,-9.157615399076882,-6.8722355442936855,-0.5581315491856051
2021-03-19,-47.82506354905452,-0.06240187882975218,,,-36.83604195929475,,,,-1.9879359867357773,2.4067833783532198,-4.559887685576646,-3.5801367532379365,-3.1858285571172287,8.330272136916065,-0.27973831129170434,,,0.09741290781671452,-0.00703672400045606,0.8246913389908372,-9.30086044988439,,,-1.050428144024867,,,,-2.0805496881858168,,-1.7349504449359203,,,-1.481024669270019,-8.006594568197865,8.86070882939313,-3.79064222901101,2.262113863238838,3.3510631217803755,48.05093142767855,-0.12104035387090661
2021-03-26,3.369159521019113,-0.6244160354504622,,,-1.5465751447694855,,,,-0.22834806900797644,-1.182554265767894,1.5445630755415176,-40.28024778738133,-3.1143781755914843,1.384592900701294,-12.681878869489319,,,0.3087490840055691,0.10627142396620956,0.8605790597941758,-1.2908069517515863,,,0.17249964763018705,,,,-0.4691104753634167,,0.7572710671348717,,,14.460790529531664,-5.4059044174246935,-5.082775686729205,-5.681085222728863,-1.134043626620816,-39.25215913076154,-3.6572218587194265,-16.11945522792137
2021-04-02,-46.98988785983093,1.1473227830367372,,,16.56191641036549,-0.7105281594731692,,-0.4974649789075287,-0.01720615498314097,7.781249222691214,19.22664117625669,22.979755098315533,-0.25448680041423477,-0.5382116327222801,37.20797369106295,,,0.14934704721954217,-0.768408011745624,0.24942178273400287,-3.0247197345245005,,,-0.19866701636147877,,,,16.812538661807487,,-1.7727909927730057,,,-2.8850994921602258,-0.10057149078963329,-33.546738491369496,0.2007547486866943,-0.0680670111867801,-5.552555706874989,27.91095306570206,-7.483496265345263
2021-04-09,-6.374998840749208,0.6575763110949494,,,-17.110288847301533,-0.14995521571981374,,-0.009458094728322793,-0.08761570412041747,1.1176340330147878,-1.9523287992197869,-3.7619777073369316,-2.8546501070616936,0.2009557619125041,-4.911247661678445,,,-8.79962484181485,-0.10085537966367897,-0.054192259489177566,-27.815716596697758,,,16.373160541984724,,,,0.3116329084842908,,7.916878748623696,,,0.9999828621191232,2.502690182783807,-2.2837120060470646,30.590259296088167,1.4301818066546597,5.713919580895646,-21.364146278106347,0.02475996246987644
2021-04-16,-90.10511359688454,0.6390751156775567,,,-1.0583034869165733,2.4845985770889216,,-0.6172833169799374,-4.514945866487272,-2.458070203807581,2.168325119676716,-51.954202553772646,26.496218564413905,-0.14088332135415915,-0.6661298259470096,,,-0.7126478528611238,0.22047758474400087,0.09071149237122472,-4.007702850269069,,,-0.6638517002059936,,,,-0.03236644661007952,,-8.276007453016248,,,0.3917608482415743,-0.30206939583117093,-0.5791487867830576,-2.5564632510717167,-14.194324201875963,-0.6736938445254275,18.441965344072763,-0.8966215592954264
2021-04-23,1.1624594130094357,-0.26137733964569876,,,-15.020667289721517,2.7533279956811594,,28.66400830356983,2.0120099939238973,35.69251577787739,4.234033425287341,-18.73919193052352,-4.87310056503823,-11.189128417350988,-2.1004032844525513,,,-2.2778014345838797,-0.1749213645869277,16.537571818863096,-17.73717324488511,,,-0.2042592930174869,,,,-0.052833417881871444,,-0.155608810220979,,,12.551073448855163,6.403948313539988,-4.431622310642492,-0.8844720689595782,-0.5791046564995608,-44.808825445571365,-3.0348385980624317,-1.019418807818595
2021-04-30,-13.453437571944317,-2.633431402236469,,,-5.8454636488674,-2.590816088207707,,6.405207009479996,7.051980291434872,0.31312256222142265,7.931974674829142,-5.656214829298184,6.712510415775011,-8.737293068672418,1.7121582135328786,,,0.23921411326548464,-0.15436318293002932,0.920977365598109,0.04983743638252669,,,-1.219848673675655,,,,-1.3972029816790197,,-2.1973552820272113,,,-0.49353913661640914,40.77983503795929,26.042815415507537,-3.8623196164746907,41.754939234874016,-17.149181859989504,-17.74404469056426,0.026050609818300624
2021-05-07,-27.612127544046817,0.13885787380791292,,,-0.8246696769818723,-0.7419620608965727,,4.265688347242216,-9.862540713023598,-34.11328740317184,-21.932442174423908,-1.9544118381371858,-0.2602402668819339,-15.4379604448182,28.630982696953723,,,-1.2131071584567048,-5.9674459473940376,8.142201104190248,-19.36330944081383,,,-0.15201277930938553,,,,-19.674536986398437,,-0.9380758981948656,,,0.5967507273049726,-2.7203363373857172,5.9557563684699,-22.567548862348595,-0.25316848510334555,7.125863385567673,-12.964525550407416,-8.334082609160781
2021-05-14,-1.9208301179281235,-1.5791337657100162,,,22.72552235366764,0.011557202665238103,,1.0228605035514222,13.353392195129874,9.876407992933101,6.019717472767166,-93.57352704138658,-0.6989541379306746,-0.4964087271372071,-29.303265041554702,,,-6.2161603798756655,-0.15514555734936464,-0.293694871297986,-4.0558293279230915,,,-0.4285099158959607,,,,0.12651283448814946,,0.4959468110091321,,,-2.570518083196193,-0.8430310833738895,-3.3129760070016467,1.3528988417226788,32.524386050168005,-4.653694943221919,-7.914529093681727,-1.2467144302141042
2021-05-21,2.4397832246673348,-6.894347954228368,,,-4.6977608511492,0.1948989109767414,,-0.011283319041852646,0.0902813696069438,-0.6846544294330641,-5.013086509983404,-33.36281335997037,-0.15266316451115325,-0.3695742033169899,10.942537322600003,,,1.5734682787299703,-1.2242108967850875,2.7805184000526335,-9.226671985032905,0.16706238696745201,,-0.20066808488465648,,,,4.406491976798922,,-15.531091405343918,,,0.9262436355654788,-0.12196334088877894,-46.88186287033005,-6.745710000905173,-1.5684326964072648,4.490507217267492,-2.5022271903624116,15.89476306112429
2021-05-28,2.09859460334361,-1.408841114745448,,,-18.122615586247527,0.433978154327011,,-0.2201285886021352,41.81201597716421,1.50416336966909,-11.583119801670403,-6.035387525160572,1.7052435737725582,-4.637532411973513,26.96194882464382,,,-3.290811713027609,-1.3865384802557004,1.2560935033883365,-29.595673894709144,-0.00775483634211674,,-0.37133258493535154,,,,-9.771590288137983,,-0.31696254662498247,,,4.360432179699712,3.62186182639121,2.8030074783473364,-0.38658535393469706,-3.5335721837002754,-8.843842211205402,-26.37894097288529,26.892786488118627
2021-06-04,-23.465366538675124,1.6687789979577192,,,-2.187560621608794,-1.8615972685453346,,19.701604627939304,7.575719756950471,-18.73536455765218,0.6727728259489809,-10.102970342346692,-11.54070452917469,0.13398477170598583,7.53051065225253,,,-9.554334283694109,0.22457102310000132,-0.6279998339517201,-4.9007430406621175,-15.08268336559055,,-2.0753812245440963,,,,0.25282757710338344,,-20.51328947178751,,,-3.5230353609826155,0.09024986259198399,1.8543545178466645,14.530969871852479,-1.6364268904133379,0.5230348338893059,22.32178183210397,-0.640585754122825
2021-06-11,0.9900405389499192,4.0688641926904365,,,4.073648883260695,-2.7673690352652343,,-1.1723734079872508,0.8474498675756449,-1.7461658021295094,-5.501966938132942,-32.671362598703936,-3.395826313257413,-0.3703515047203067,-4.765033141721802,,,0.22925102419150892,-0.007238893401432106,-1.1162504470661778,-4.927837359083939,0.5987074327039262,,-1.1161723876265877,,,,12.176091257662996,,3.5626458793640507,,,11.260813018604097,-1.5503995981690244,3.360655907437557,-7.053878497281222,-12.863514216148886,7.5872741843069695,6.594794565245633,-54.26133178255258
2021-06-18,-24.32381820925055,0.4048233108472208,,,-3.015019606194336,-1.9350722424098437,17.030243115998566,11.757749064269305,7.205091314840829,8.282781325546777,-9.023243700000705,-1.0542721070708527,-0.7172009039602386,4.084849520487564,-2.487629008015275,,-3.3101510748512775,14.787578823538666,-0.14592065914878025,-0.5051056751010027,-6.44947831620925,-4.447349607049405,,0.06641145415626055,,,-15.058737751764475,-16.446693699962278,,-4.577884130075694,,,-8.458111189117176,-3.513589071410415,-14.921751930202497,7.236544719986557,-0.5393883710310579,5.855169515457761,-6.615265241787356,4.176135732241097
2021-06-25,4.167298570110125,9.409657529612101,,,-20.576341877550245,1.2792330992860688,4.169074838492133,-0.5136852290417027,-10.857341616003326,1.3038104490069877,-4.617478329983586,0.6771480338350095,-0.13869667811307126,2.0847870065766134,4.8413083463853415,,-1.642523996407582,3.465437962736673,0.3707397765636685,0.4771061028286959,-20.069851494029493,0.03314845556391127,,-0.2136366490307792,,,0.22887536044203888,-20.8586389461716,,9.247245635178166,,,14.98422741978202,-0.6390783335290574,2.299124930085259,-21.420330011381445,-0.38277916307598586,9.769413190659902,11.377770870950624,5.103996071135848
2021-07-02,0.3876522552402422,2.518727295762612,,,-4.989445371590743,-4.828629534337532,-6.007870318903606,-35.93172547972374,-36.38761615594647,8.50589838713488,-1.089284314981497,-21.983734569440628,-0.587511578152319,-4.830030013414305,-0.6494575757196472,,-6.931105690197873,2.1013546618791374,-0.39767905711412077,3.4452489650071634,0.001149335782331562,-2.2137878566634517,,-19.69518664050002,,,-0.027836152743728085,-0.5376225719204122,,-1.4612391960076003,,,2.6289097673010966,-6.883979386813939,-8.603115758458074,12.121014803562591,1.054365507447444,51.42228152524146,17.815413577360555,-2.8576360996061023
2021-07-09,-6.688550003203965,8.989708391231554,,,-11.259648355066274,10.0652416978797,-1.0133196315499915,-60.64203397296818,-3.8763980473840736,-10.77256378762031,29.658036204545375,-29.550784009023157,15.707394846955014,-1.5080221815689119,-10.296240617322779,,1.1375424609067137,6.409222392135179,-0.5267159064450422,-2.651323721787322,17.502905357434734,2.7349414632702778,,-25.192467518076736,,,2.439716089097238,-3.60231653484684,,3.387648655482621,,,12.4683641355317,91.73526758475043,-2.7016373097942084,0.08080850052182098,1.5530026729348574,-3.1228658440583463,-74.3347514774528,1.9796606404706598
2021-07-16,-15.821072467234229,1.7141137955000345,,,-16.591556448637952,-11.616899614507465,36.18570354402751,-12.44031421360533,2.3111653611327188,-1.549505405605125,-2.9244984895400608,-51.83962581951158,-3.6748866491085685,2.836775012181899,-2.370607298511567,,-3.3634118004171554,0.14237444117405285,-0.11237809331086616,-0.5625056036061797,64.66051192876213,-0.24877028798074768,,-13.415282298980337,,,45.62808965046778,30.977311463801026,,8.397315491448232,,,2.505137724759714,17.204410283487384,-0.6546269232632412,1.0267479735122151,-1.9487267809412998,-15.730060688009663,-20.701850155335247,3.7901300659233454
2021-07-23,-7.845608946872599,1.254106654087002,,,-2.0758224758521684,5.993773014592007,11.283656710153306,5.8874322386342754,-7.499792134800297,39.94608507675696,1.749692382286486,-2.148073729363837,-6.5359739672557495,-1.868219787070749,-0.3237636443847482,,13.235252819401154,1.335500442119034,-0.22690980237605074,-0.12837661976544454,-6.450431215946209,7.414505930454846,,-3.217084099774549,,,1.1659883508798612,-1.8940062813990937,,2.2081318100410035,,,-2.5332336159549333,-3.5406543296608244,-13.164355300737995,-5.846321286103543,-0.12216423656306793,26.681172314413864,-1.1436734701918807,3.253534218659836
2021-07-30,-1.0217076514993324,13.518264332144476,,,-35.03706576808768,-6.039239580912485,9.783096505833269,-0.971053446345095,6.22387420836012,-5.331242310870184,-5.7984488917244095,8.062136841919143,30.851766586944656,-6.313369925092828,15.141306149805597,,-2.67885793201992,-0.2937489815539619,0.08724241174280886,11.347696086730718,-24.49027320651765,-0.3292625613451435,,-1.275244034649528,,,-9.453402166965123,-40.98425565315075,,17.756203568975938,,,-14.646614962362738,1.0414375707118027,-10.678042394374685,2.8508216268163133,-0.8724790489475807,-2.8938710625452395,11.66822911245874,4.237210422914419
2021-08-06,-22.158450226110602,-2.186398874500275,,,-5.146169817031025,-19.97245807346176,2.974295475876858,-3.437920777052292,-3.4013649295817454,-11.73598065590102,25.124802838971803,-1.3392100450170694,4.165072001507922,-1.86187803339123,-8.167283976841553,,0.3475638417502035,-3.0370622467213453,-4.176064750835593,0.554498993101297,-42.74987308236173,2.9289318400655455,,12.681471263873533,,,-18.54562804966332,19.035782872980924,,-4.068004329248229,,,16.37957563707722,-11.407901559065177,-12.57004407229234,-9.578880930451904,-0.13415665167569085,-2.3904784425080803,0.45419964092548804,-3.405633561955104
2021-08-13,-15.930132568288654,3.3078275711756904,,,-10.468112687779826,-15.709564034835408,-4.123780661328758,-27.0583571552315,35.608248826653345,-10.72946098509911,-17.675782223089932,-9.762245698294505,-2.701976250970724,-0.12525497337937608,-0.38235999916155805,,1.0552478989732945,6.841829454467288,-3.057508946298361,0.5993247621506923,3.00017300902529,-0.03017906448198416,,-0.823338324416359,-1.343075193957182,,-2.819382533614313,-6.267093772786936,,4.610195585768736,,,-25.356521180222725,1.0591944883909052,-8.790518721145906,12.839838547524069,0.22813606752466226,-54.02336888853418,-13.824197486148577,51.39829202089835
2021-08-20,-26.413268412391652,-3.0621472812732935,,,-0.9742146103595358,-0.29456447118199747,-39.22390870452611,-6.7529355544494605,-25.883340001574965,-0.4824668904609818,-1.5848512426695864,-5.616787009451713,-30.931918768868044,-9.646634886369657,1.3612166334529259,,1.1392461351012422,-10.604430423411262,-0.6610850431422208,-43.40327861275286,-1.6118276696416989,2.916552890032399,,1.168342330747266,-2.423680357426796,0.5548950705994775,0.19240679877602543,-17.135235967124302,,-1.6998525727451776,,,-4.692239371005433,20.285577818747782,0.954224964850454,-25.827615577358582,-0.5490712258122881,-1.192350003440292,-3.2680547200755874,-8.301575484791512
2021-08-27,2.4755172051652283,0.05870528875513603,,,-95.95947122340371,31.733380647074718,3.4232904907378274,-0.23203843155205228,-14.777373367746296,1.6605401410105805,-6.991552243190949,-17.715370170938222,-4.938527874139458,-3.128844195839139,38.37666980518189,-0.6111351330046162,0.08146155888203775,-0.35879243578023357,0.11391605681860206,0.3358808448873921,-22.497817565164535,-0.06657413282744548,,-3.9356405534467442,-4.033567615700383,-0.10814701081426996,-5.075884439204685,-2.2024688627197913,,16.40216514129276,,,6.988230202431215,5.3124598654909,10.603380779882722,-8.837059805939292,0.47709858278360096,14.885142476488355,-22.983735576788114,-3.295203737772293
2021-09-03,-1.4535694005387265,-1.9971804440181113,,,-1.3236846513212641,2.4467167558268827,11.906561210713225,7.969870069464157,-103.7791831998228,15.364335489610383,2.078835393305016,-20.628766769856576,6.911438314344252,0.22638148287311743,8.331133394958709,0.41714915079101883,-0.7011156778376192,-15.81296028480161,-0.4972272929224615,0.5847851559654158,-11.222267857125212,0.6015575262198335,,-2.4412565314935732,-0.19078072265036866,0.06764716586689565,-0.4846323808145252,8.287157343150179,,-0.6016805752915992,,,-5.489088464955641,45.021818939670126,-12.677069839196559,3.2337838579239855,0.19310266354369635,-20.16236028511963,-4.297085667875829,-7.6414410467558564
2021-09-10,-1.3157535195907,0.8799666908895014,,,-24.900583514297008,5.383692740374504,0.26413916028350876,0.9098217536999749,5.2996738522521705,16.267788320411434,7.227959251528429,-48.632979198150245,-0.14713397910914422,-1.3195735149791252,8.990835087292993,-1.0809055729556414,2.0440281341438795,-5.928819528000382,-0.10976401769629196,-1.786679205567408,8.2640977182362,-0.9037208786231661,,-6.976921095106394,-2.556892795726027,0.045490415645268664,-5.885909811293645,53.02113124532628,,-2.5734773376230797,,,-1.516994969874386,-9.86544149396051,-19.81261813150944,0.7503386590839849,1.4184113054193044,-5.8253801620523,-16.060805278094815,-26.76762875069643
2021-09-17,-1.365629868341765,-0.4439520156773903,,,-50.249980593919474,-10.123985028610235,-13.884203677615286,-4.58419033182534,-3.298463309415753,-1.4024764065759516,9.795997929504885,1.3164570682550143,-0.9397179874795415,-0.5366594756188441,2.9567278105022403,0.33006756758446193,-1.2304802244692157,-0.8602262538986453,0.16213181714614222,-0.3510386685979345,-7.566641755982227,1.3473257008503707,,-2.847226875261824,-0.3772693462007971,-1.3901442395574155,-1.3794179231752044,12.935803098468963,,-5.056695152802498,,,-1.3535532260409078,8.836405931154538,-25.155271500359806,-1.3219790409426893,13.016221780199778,-7.935369227934343,17.022072963765513,3.1786701965813298
2021-09-24,-15.600869806668198,-2.815785719348003,,-0.3916818517392718,19.78574200407705,-31.51753498674513,-9.092191301757515,25.625785762466457,12.885779437847225,3.721076979651915,-7.025708262971594,44.586480189531386,-7.948588957559177,-2.213679039958974,-4.840497777115779,0.00478085419384826,-2.822108097254353,3.757830853353055,-0.1835039289820563,0.053380916894130825,-8.402091493025399,-0.42450292378272536,,-6.690661977368702,-0.571257134749069,-0.4373924052416871,-1.3317650614866714,-24.11710149164775,,14.741037258505202,,,9.36059538440503,-3.6748775748524,3.082393512786824,-7.0372098814121395,0.21782773101528696,-4.031177927663709,5.435438083666103,-13.18063242791019
2021-09-30,-10.241503462066575,-2.2714126744853154,,-0.0021664817841586994,-2.3827541966422645,20.632298684883096,0.6742159043508531,0.48251665764182833,3.3257336023855455,-13.68102448281368,4.58033657417178,-48.48068912654276,-3.8839301401463007,10.927366922128403,45.97369308768124,-0.08945911652945156,-18.50596273254239,-0.14319224934294453,0.15302530277120735,-4.304260576681241,-0.361046659690778,-6.54847259066426,,1.2990020321343305,0.41855270838474073,-5.238031617874172,10.531874399142193,-14.157083768411198,,-3.6064723486923467,,,-21.183839786674078,15.935039947644412,-22.758191201268684,-1.8365754106050725,2.7321461313392117,-2.7491086141997134,-16.244893424053757,-13.210314838692103
2021-10-08,8.718698658918598,-0.29191880806412585,,-22.95344655359548,-7.063245423864495,7.108907117309631,29.646131854012,16.032092013800195,4.209902313463295,30.53907394505772,-5.906632906442205,6.2901303698543884,-0.6414034836631131,4.531684748849949,1.3117047730430376,-0.014460869105234616,0.25737445477506604,1.0031952096880223,-2.921322977384858,14.007421633002314,1.706515258089702,1.3840357924729232,,2.1066129727210736,-0.742230645575741,-0.25494312175839445,-1.2872084548546694,56.79529195410696,,1.6287956758850095,,,-6.017112145046517,-30.312439904998776,-13.220612413581698,0.3629745103094186,-0.622134458708056,0.8097915833350774,46.69252356040738,-3.544964984654742
2021-10-15,2.3140032541047155,20.416030202904015,,-3.8348637769785237,-4.362241469589547,0.47032845865908574,17.01099033003832,3.7333584205790107,8.682721060916549,-24.061949074984373,-1.9820213206161847,-2.2650916299483743,-0.42176922276406736,-2.487687774705804,37.54990812683589,-2.2821673355573937,0.07421595431463046,-1.6725289155564302,-0.019542141381551095,-9.633909923042104,-51.556163465402065,-5.778666539303136,,50.345335077734504,-1.9812553520821854,-0.1234279853204942,0.13997105984279345,16.228149765525767,,0.8990133638567601,,,3.9851118721284484,-20.637366289329446,28.41236261238131,1.4069397044584715,-1.8372087625564832,5.957630936035033,-4.013722298497771,1.9514757632252768
2021-10-22,-4.254030166081751,-1.204812116414739,,-0.1427311818952165,0.3159219151654601,-17.92202301434169,-1.760091732303845,-7.9396569968237145,-0.625864964214963,-10.031060710328942,-4.215574664332008,65.71739455568057,-6.526164506564193,-1.3301301778490013,1.5108257873669046,-11.940329209308395,-0.36746823245010296,-1.354896710847649,-0.11127596002078244,4.686716168580593,-2.1249848211975513,-1.219422460547906,,39.134533705318155,-0.11674696659600103,0.3392750144626201,0.022680320651104917,-0.7833779789115363,,-0.6169457385498904,,,4.2039726989771085,-11.192048561621876,-0.15396097927893593,-3.3023393795702285,-0.06061271528920525,50.307635935642914,28.889109292702848,4.240792700601097
2021-10-29,-15.60663767483536,-1.883701660494079,,-1.4783570906767922,-97.23931175384496,-1.3029777684226338,20.018003455455666,-0.24145709088522982,10.878370463398802,-43.97116111586012,-4.658210352426672,-24.290915059618616,1.6117303841848618,-9.06309235919765,-1.261475833854036,-2.962696658858683,9.535451969581095,0.6860389896780352,-0.10468787215785,1.0389791755825968,-56.49487364566328,5.884120158068374,,36.84293129001779,-8.42875386229082,0.10411268757045608,3.4537375581583607,-19.95531721612293,,-6.030287359886768,,,1.501480860614029,19.687027311796108,-5.853538771807067,-4.579210459744667,-3.1097795995869104,-9.48835219705982,-6.936652205397835,2.4667881348754985
2021-11-05,20.29128969504089,-10.79831126177734,,-4.069642259739534,1.162589843957049,-5.570878986866035,-5.361870952457797,-2.67589207245995,2.143985234814326,14.076352680070997,-13.039073348327706,-20.400234786676965,-1.5488600890539361,10.323524010601155,1.842836753883559,-0.015118310711558933,0.7625699511603836,-10.269812081297857,-0.12433781998481275,14.842057768330573,0.6403505457533951,0.6085900748080757,0.1512742201152482,33.80666267523327,0.5280979162478671,-0.7635225486658297,-1.7375590531898142,0.6993576913358766,,-0.5876132061750229,,,-47.92632981245285,-16.54003322553257,-0.6417833152603624,1.2447126553825432,2.266633411660103,5.562988162619951,14.080218895208015,10.598365450733011
2021-11-12,-1.0826473556149976,-2.778764484477887,,1.1855214059892856,-9.236346103453405,2.8138325124463024,2.840557248088598,0.7348128297660262,-36.76003221006383,-9.725792500542171,25.17871893032985,-1.364152105067877,-0.20172908182061336,-2.378472248330409,-3.9540306368773224,-5.909355394021402,1.8861806238671517,0.030812134774140076,-1.8615701496108286,-1.3838087617008696,-15.660496119128679,14.18099604014755,-0.24178346299882802,6.145874121266967,-1.006024995577642,0.03529544475804622,-6.855376921063457,-16.520457378475264,,-6.305624124065901,,,-60.28478426209589,-8.255783020034482,1.9099894801095254,-3.9423074066144275,-7.380569109406124,-34.43049764872965,3.645596959462075,-9.771149915375924
2021-11-19,-9.49632704830499,9.787181146710685,,-3.29767311568977,-33.02327145637336,21.306913847729003,1.0596670776269035,-10.642148505544775,30.310532491182684,-18.0877359490007,4.241058802424687,-31.611805986501302,4.970910445882032,1.7750729007548172,-12.952618664731393,-1.1143658597825667,-5.373679434083213,-6.068217199048126,-1.4663696286515975,-0.17884736075373697,28.935497761868906,3.365761260117334,-0.1239783744097843,-11.332286419950364,-1.0812823069497692,0.1411858639690327,4.850430293284104,-11.32466523437755,,-6.092788713364108,,,12.548520145052393,-3.1151416400621885,1.8626586862397858,-18.480721318986365,0.6768444015509896,-86.48769627984478,-0.36524305637860044,7.012515169966884
2021-11-26,-0.778999773891478,4.350797945761314,,11.42119736520038,-79.30362964046655,-2.9794770192490874,-7.55075817430505,6.08294081451437,-14.511210628010502,2.351273219137224,-16.54001540365464,-0.046557223370536194,2.826775546127119,3.4994414013563917,2.3237454219860685,-0.22858146388514505,-0.6416799235939284,17.271686641360844,-0.20567020892228915,3.9807580356798073,12.35108845757613,-12.124699758887067,0.5433995690827191,10.813725314360076,-2.1165112127151553,-0.20049166812621924,-13.69636382881014,31.993663128967153,,-10.179818903791144,,,-20.157183057858123,1.0274782571667123,-0.7889357863696971,-2.770514982826752,0.7031826582997232,-11.47309019644513,-10.309410701142017,2.6869078352770526
2021-12-03,-13.845942687156795,-2.6689775143169436,,0.0332996517815442,4.521143472330337,12.097166840600162,9.289258305855354,2.0532001405245905,57.18491797552478,7.982416447076033,-3.616612039028605,-4.164774028142258,0.38405221939580536,7.370643605449049,2.7690142688211745,-13.58959705941433,0.43318972069366585,-0.7156303981554525,-0.072329595827788,7.444768829911343,26.85065866663716,-27.14304043389381,0.08865725222881815,-16.19033119877219,0.10470999257155049,-0.04212461400462203,1.398212931271552,-51.778843586570446,,-15.811848173325982,,,19.975898640614478,-8.232542400710951,-1.8406639763540529,17.5056318574836,3.2670013401456477,3.4821513762459797,19.451706728059904,0.02084603947322218
2021-12-10,6.961103428046951,30.395545582661892,,-0.025542645064360374,4.914614474052141,-19.015958380312487,5.624034930179203,27.609642823774028,-5.848191729727693,23.759621424118556,2.201677709242755,24.389284030903358,-0.7225675766083932,-1.3185349474823695,45.05666519632585,-0.127962618950422,-19.745906940605565,0.9451604065311666,-7.148710303468124,1.4419609145926824,8.717952633950405,-14.33904792741823,43.73502385912869,17.040124297302086,-3.7719246586576887,0.013942706898362451,1.8106519387459694,-55.62934763929601,,-0.003105338992697604,,,16.18994939992126,-73.37744283519734,3.482856032267007,-2.146029788959272,-0.20470773650639806,-14.838678740550886,-5.313561949161919,5.47867361271592
2021-12-17,-3.958594918350326,-5.9728083674420756,,0.7459027577980305,-64.23329486572865,26.48806099078506,-1.7145801594497052,48.873633713069786,10.815057879374118,4.122561039723498,13.774171319699903,-1.1187084437948762,-4.519481257910631,0.6549950033037651,-0.09721445240070425,1.3740967659800454,-2.660472477264731,-10.583118469110742,0.3249415021158041,1.0759628242487698,10.11854577810809,5.148267765337717,-29.78911324402366,2.6953590532603693,-3.329940357224369,0.55839024783895,3.9849759808036866,16.876877776679297,,-7.1454070862615255,,,16.89141473500134,9.479268418267589,-0.7162628958240562,10.583382251232116,-0.07564356111332396,-8.333775892413065,10.619989014294752,-2.0374515042139008
2021-12-24,-7.192386850746468,0.07093527311761783,,-1.2131444166541479,-37.07713023809781,-4.320289665396781,10.148974122330284,-33.226314033467744,10.918286704766597,-10.563769228213259,0.2248710994214198,-2.308151347974138,-6.278910155354408,-1.5159312101558313,-12.239941542853009,10.900998448699786,-3.6593223446946777,14.534246768985096,-0.19957190066280384,-1.694334819799109,22.44938365771557,5.699175131861337,-38.23268441724688,-62.48852188990681,-0.830217148473457,-0.07246896411685434,-0.6505856101173786,-16.565119321506288,,-2.682001720468528,,,8.650104435605675,-0.9254073343282956,-5.013768141577522,-3.0095951177048836,-5.561470480239586,3.597807891410622,-17.224175668195308,1.083737444200287
2021-12-31,-19.73631968090801,0.15537213123170562,,0.6528166439605608,30.040290133946264,-18.272436730151124,1.656361242084111,10.520681619110926,17.172258948372363,24.174473100797066,-8.424014550759853,-20.901148740262446,-1.2524781209818934,0.3580456746991503,18.0989216398793,-0.038260444484404674,6.665732233821879,-0.20042642754869056,-0.16285560928892975,8.290006227237079,-14.071517594140033,-4.0962916522149975,11.111081790530449,-17.168333134235628,-0.594505355453757,-0.6910738826445146,-0.18243796263177833,-27.988958194835075,,9.386965193866997,,,3.869936528036411,-37.33317391521207,-6.404611930701066,-6.872632336979871,-1.3457381487879647,12.39128670456579,-32.482925925366956,-17.022618426152192
2022-01-07,-22.28355954242689,-2.563790456611975,,-0.03127879097995016,16.417234887224016,-3.714865068547517,-13.153453782486544,10.4956846951204,50.80771764792641,86.22982785270295,4.6904668776553935,-21.285889993845856,13.662138178403126,-17.835173090479586,-0.6485531956406612,-1.5445911251032394,-2.747478254399662,7.962606431561408,-3.5384042551692003,1.141478168285613,18.529072534948646,3.8200260020145054,-0.3884874288791221,-14.690175351705246,2.093272978502523,-0.045368335430765044,-13.691481503861922,-5.469768693939265,,0.6864747396193113,,,3.6894242270934274,-13.717317413779105,8.755394742366628,1.675202292396737,0.747469918799467,-20.835256638949183,-18.681727410642004,-9.705586115119697
2022-01-14,20.540419200286383,-3.4607391091057362,,-0.12525782997911714,9.580498301178018,15.576419635282948,-14.480632544592162,1.6785066498174712,-41.817958112153406,-73.68213119253049,-0.6472706110750235,-55.235575890178026,1.8779806782905182,-0.46039231529823044,4.276383414905017,3.481181473248741,-5.807979332096168,-0.3100655242524688,-0.4282368110063919,3.350378671601677,-129.44220037159178,-11.433669121856608,15.147154981603094,14.59211648682109,-3.3506232344159015,-0.11824848547653469,-0.4952679091188572,14.847506535540212,,18.85770862547829,,,-13.056390407022729,-101.25281847255518,-6.387629362385906,-12.696833684549889,-0.8925018530846587,3.5435676143558297,-3.2944245688434557,22.493989326825144
2022-01-21,0.57053957895985,2.045923878257405,,-1.6011302887287422,7.596346870121229,17.675733476812194,7.287395264243507,0.3615585426805602,3.169574781383732,22.889412786409224,17.40569882015353,-12.851479016329101,19.794527223678955,-4.778556681071881,-5.854028280331612,-1.1904637364164556,-21.335042448415255,-0.5029936766735419,0.8326445651956369,-8.337412299860045,-36.49882361178847,1.8021905540256822,-6.031220099736513,-8.726731085868153,-0.21321555411401727,0.2917613592759592,-1.7091401144083855,-26.996164409120595,,-20.261906560405993,,,-4.161358794893412,5.6392599642333545,-0.1744955910485988,11.028737199161807,-2.7633172564704838,-23.265062672576097,-14.107216976382851,6.193768845786178
2022-01-28,-8.911057356913123,-2.1943548344878243,,-0.8290244982692443,-6.970908713390365,-4.445760737174276,-6.861521539256025,-51.911940422061306,-39.17487193531322,22.705750723339193,-4.028380216925233,-0.6747864012486645,2.173415251328284,-10.21035482490786,-5.304460445134161,-6.6144625826997085,-1.422412286078968,-0.5677728561008715,0.2930798327298717,-2.1755843119984744,15.92081001502975,1.7477325777257002,-15.900667546465293,-54.99140695949954,0.7609583142472172,0.4701316666847824,33.05848965812479,-24.37054856429155,,-10.654183614684923,,,27.32981476329073,-3.1760979200998753,0.7102013907070148,28.64601605107758,-0.36861785048723783,18.24214339721821,-4.108297607833718,-6.460484236503021
2022-02-11,-115.39780110759726,-9.921329172930275,,-0.06867037868029774,-15.962610116465266,-6.134793550447546,1.4663760800944132,11.2234753515705,9.952526005491134,-20.713307797826015,-22.13930285644835,-5.034051198372728,-1.0049505578098334,-1.2638354827489608,-1.3529011285440529,14.926410939260558,-2.4323162842424075,-7.714599969326273,-0.11971812678351934,7.581881939589808,-72.01823855060728,5.913088433884449,-6.115058592343988,-10.602655077891404,8.777805964903347,0.04994470316876911,-0.13078213167881253,74.61088749937073,,0.8826217971143115,,,9.882030059332102,-18.244642770823848,13.009368110302663,5.365448239533177,-6.448041103049309,-5.08044814108348,-5.91885877002346,8.384896428495164
2022-02-18,-11.169046450318115,-0.022734809506249492,,-0.09093651106757106,-3.1775189030568223,-1.9768600653654527,0.1120056125237144,-4.812720111292815,0.35582041331139225,-107.95217500894876,24.709348871013862,14.063573527123776,-4.339747602102579,-1.797797710035707,-1.3633561986306257,-0.9484554523608577,-4.647803482109227,2.205720104854137,-1.3003325160352712,-4.036974945306179,-22.370052707651993,-0.8854304378956809,-20.509050127386082,30.329780322111265,-0.918263894621338,-0.03901334542861262,2.952027679487742,-5.130605849388103,,13.904570819611012,,,-2.7956483086675443,-28.616733649452097,2.1354537637611397,-11.842830632740547,0.1332517148132776,34.52551457557367,-34.68139181255097,0.4263636048395346
2022-02-25,-12.320278524134405,-0.05926889678371239,,0.12676994482514775,-32.5110277878191,-22.009213435314845,-5.125525716126461,-49.56002180362689,34.79415723143778,-1.6111486068944934,-22.336856277705714,10.973771154884608,4.541403430610532,3.314899546999027,-25.961508909963637,1.3230847639279004,-5.077069323224689,0.34943442879968245,-0.09039637817483069,23.051350226521315,11.510834986215663,3.3689147766266827,-0.15591375966827303,4.383867609857146,-3.919323057587417,0.04199847280010072,-0.2649434543847681,-18.20349561424551,,17.055059933595853,,,-3.3216877045798174,-3.6382308426176344,-15.858606306469715,4.046960023104806,-9.100680786653045,-16.698373617462487,-4.162196530025208,0.8620259754083343
2022-03-04,-9.307503426318679,-0.4010476166969881,,-0.17893598148962134,-28.03840058612792,6.769784176417197,40.792936856459576,-0.7490373010635547,-17.789183766446936,50.47579008196098,-3.8254215478544684,-1.1464703682309307,-12.087319225882272,-2.3684789492941984,-9.541366317382407,-2.3292111355449445,-3.9149747864994597,0.5224418137238347,-11.242290365105195,-40.73152125456328,9.961280145380076,4.479742620419309,-0.03374913356833839,9.987962338562951,35.888387665542375,18.075336179111993,0.12876655287644234,-26.034784495677638,,3.4270606363233123,,,9.694848446077316,-25.366774768411048,-0.014075434782232943,-1.1432941057196466,-0.07873302268712873,-10.078722213490726,49.259096624276985,-6.626997605640852
2022-03-11,17.360736331981833,-0.136819794835447,,-0.6326808788604389,4.470221548319515,-5.907463600283455,2.5781500976854828,8.748484559730029,-9.859215061262105,-0.9236067060820501,37.04014100316844,-13.93211867430814,-2.0264756198132954,14.125225473450099,-1.2809688054618,4.016409511505673,-4.098907196396581,-7.950261444135385,20.925274534009823,14.505685362755552,-10.00403521720126,-2.0313119323816786,-0.15497173006935294,49.229999155200986,-2.344057732885508,0.05837708441738995,0.3473482324704478,-1.1145928710225559,,1.8874165412740531,,,-0.05025228383439939,22.010583769227242,3.046293064229329,-1.4884935007220028,-0.5842417749036575,-32.90032046384766,30.476297898534035,-2.1558867296881963
2022-03-18,10.88527458440394,-3.5401379871422183,,-0.016684971415940122,-3.3743648071071437,0.28696109872949105,-5.106979308183066,-41.91790828409217,-37.250190633908616,51.68750929928309,0.619412431558944,8.926543986400914,-1.1915883713557691,-6.683026905784199,7.459006828152424,0.22426432634212035,0.1138182372635011,23.43221419476559,-0.2569924369150558,17.42754767011848,-41.89324545692877,-45.81287417899773,-0.061056140522348326,-3.16438786266429,-3.9888587443808645,-0.8399500132227158,-10.795295687292741,-15.239514329084509,,10.455130982600764,,,32.78350238937855,-41.996297474896735,38.187916110222915,32.25338899896236,-0.2427713509826559,3.2167850594411806,-36.56956051846083,-5.041393763357568
2022-03-25,2.6665899821855197,4.183241755338764,,-0.097397030789985,3.1539505152595457,-7.237283077088131,11.254332976793004,16.303866981444557,24.914525616363477,0.5995198721239032,4.97744803215819,15.278457337518235,5.26800068684774e-05,-0.018627574780594354,-36.099653010083465,-1.5687307286720031,17.27437293040274,-0.01628383255539556,-0.05610445308108198,4.264218616460242,12.441874911164222,3.763427756651938,-0.060104904341124,15.048961433805555,-19.948998866624386,-0.4279679256108938,84.28401749789504,9.658610558169318,,38.159743562319825,,,-12.258575696689709,-8.14516136635422,41.112976029451715,-0.3677223939497117,-9.195677468594452,-35.01832609050105,5.769991702222577,31.811018333283442
2022-04-01,4.839938960486103,-0.15343754261160636,,-0.21806355193111365,35.60778362012929,51.77982309124736,-12.676137104432538,-4.639190168763664,20.47204932138319,0.45721469562364053,1.7923745810516039,-7.311800689209292,6.023169418129514,5.669631838295302,15.830530784102264,0.22688504432040907,-14.086161749097123,2.8022633661898353,-0.7322155557947927,5.969489404680082,18.34650211930747,-5.753581568564895,-0.6544760293322915,0.79243241456959,-3.142239802474431,0.03747529128536957,-7.692754795430097,-20.346842363235787,,8.158634976526107,,,-5.133829609082121,25.97352939921624,-34.5804881985161,18.369757904516476,2.3296759884692975,-3.566378113449613,17.62875069478168,-9.195205547804083
2022-04-08,29.617634292127896,-3.8363718220959524,,-0.6610596862754858,17.40672227056976,0.3617172122691663,-2.8816530871211667,2.0441924088034074,-40.294390254031235,-33.200490212950825,2.2698772453915277,0.026777590287322482,1.8788402676305669,-7.570436964835254,-6.4562601277553515,0.12220882336425763,0.7009727689268476,-3.9634496368814496,-3.624408787001074,1.38458186066967,-23.45186907523494,-1.425907926880532,1.7132057767642428,-2.1582900181920763,48.46661953878723,-0.00609809588733342,-11.698852550453836,-11.414672351793705,,-2.1079129207179723,,,-66.39664270847175,8.941709399741518,17.126152260378184,1.3192924897391203,5.933955190308223,-3.0018388197150765,6.095211330971566,-0.39225275204169874
2022-04-15,-54.09424246873371,-1.615452153380775,,-0.11216582362957923,-30.136660073814674,-8.741651935851937,4.671959692062,1.0302063801832637,-17.708015285558584,-8.187113390397107,47.191569512766634,53.480456145677,24.825355491954536,-0.9428614869415943,-1.2623466385591369,-0.3497979190345947,-3.80622736133433,-10.20205125324235,-18.526644745932142,-0.9142321610431319,-33.72235512053304,51.38262375385676,-1.3313903113164958,-11.989657242183128,-35.33634347559684,0.7298144045269989,10.09464447173659,-42.82602860936517,,-0.7892541939566665,,,-18.52324836794472,39.34806856804858,10.668292838890617,-7.533812354486566,0.2499957190153408,6.850105595377901,-35.471955913407,1.2009287392973453
2022-04-22,-43.33290808337599,-1.5850717262853835,,-0.8060356437612372,-42.7523332136767,-31.754634245299872,1.8475629575756507,0.8087570497982229,-4.068602284982892,-4.90414909721499,6.723144610793722,-59.70446028025028,-7.838428891618492,6.027330280820564,-10.633519026950022,0.2134214426638332,-14.423495897930517,-7.226179962561506,7.862421379292135,-7.7387520595380845,-18.642368351450134,7.139472448398043,0.31479508056590977,-39.16580109117331,-4.937156844759078,-0.6255504585032862,-1.3160704500890357,-8.930352759382428,,14.28393795293978,,,-4.297298899332351,13.459039364385443,-15.089525294084684,-6.303841559922295,30.627475333285044,-8.175324903318307,-5.646221656168507,11.176629246674604
2022-04-29,1.9540794510452058,-0.07979073549773896,,-0.3266578874791817,10.028103105212747,-28.935324064377575,-53.08301926843739,-1.2933280741177766,14.27204032261325,34.79853200884041,-10.511368983149119,13.024357861623624,0.09089011396682567,1.0868809537865896,4.297311952004426,-0.294159124278032,-1.2094161442360483,3.54072397589494,6.948949026333638,2.5993413767667075,15.115931026149273,-23.61176993182364,8.16083409758359,14.094138460754964,7.994459828134888,-0.1445845825571255,-2.235594680895982,-1.5035493023161886,-0.008029823072303054,-26.525185715535105,,,50.91640445050284,-42.396772216409396,-1.4499124596283732,0.262420496446099,2.034285811402549,19.484657628508142,21.960624859735212,-7.135045382655047
2022-05-06,3.099471441525691,0.24203950611990024,,-0.38570419044440646,0.9266886776749896,-12.80680551315304,26.240673107468226,-2.7788366223706413,-8.902926080056217,11.322954440172284,36.75422439433735,-22.008216147184484,0.6424845217792349,-6.439558512919948,23.19383692992036,2.3066502969890506,-11.358127970738426,-1.6730700597804036,9.523285623953681,-8.164574352759429,-39.62169943459319,-11.807042388261923,-3.000686656781856,22.03658766991087,-7.688943961986158,0.36144453153695727,3.7548774426861713,7.53640459350032,0.1556065487093816,-9.231344611052243,,,6.906968657911385,-4.1113139545542365,-7.447450142423545,-3.5243458000138603,-0.8038133598131043,22.65102860017771,-1.0657649944547787,5.527802314849837
2022-05-13,-10.919808968140394,-0.4086835111476138,,-0.6413749271030385,18.68429616703749,7.629413223363658,-0.6949792903227668,-16.08583973111967,7.699567094581118,6.4933326227900805,22.24633689813323,40.111102615646345,-1.4619100117218986,-4.363133621362273,0.09861073594235847,0.6306623923358224,-4.925170987936962,-3.9700021613482632,0.44027455440430807,2.0458855740738975,6.195425623030439,-0.09919798942207203,1.9134677616069753,-15.605650553179732,-0.4080067510007164,0.1776170617768162,-10.416666604872331,31.704081251165974,-0.658831654324642,-0.15422337188998816,,,-2.2605584131702923,14.768301282398033,0.02944197429795839,16.586412242142266,-1.3618569715691375,39.23054663175417,1.7940510335385464,-7.093201578453327
2022-05-20,-30.013051812485827,0.37953776094822,,0.21443034234635328,0.7975956124858294,-24.960310608482057,-0.4709994085456931,4.6211437923338154,-5.6406689534111,-19.04202003633489,-24.294260839152123,-3.8217249540496936,6.727432449182257,-4.097341681183082,24.57656749855554,18.387661957038777,-0.3104839920346728,-12.525189707790434,38.70468552503261,14.427775754318638,-74.41032643219599,6.49561166373195,-0.5102309515679063,-24.49958223424748,0.286946184192753,-0.49216129860896307,0.4554173556271394,-6.821149546224429,0.0024653348270967657,-3.808161540921837,,,-9.881807199171606,-2.4831742269739063,-1.50943784386115,-10.621699588865033,-0.9254323075903507,-13.420096014770108,-43.80429815008787,-3.571790711563184
2022-05-27,-4.433490535240136,-9.632656538569352,,4.7551095641017636,-0.05437674039863838,-5.926356157344992,-1.4387600677962649,6.417404636123155,-3.4100025825715523,-18.328048171916848,-21.906995367322466,-4.9457802791403624,-6.700975778383881,6.558056057220225,-5.479952929390546,2.8627126245902526,-1.0816319679641535,-2.322829393581845,4.287410760729385,-2.533050788110078,-103.82643437217668,-5.8992298242754435,-8.301777438420933,-21.54764002923824,5.0387384293918105,-0.15002082762337746,4.67404876597162,-15.151407692832702,0.12442642298379081,4.8487554572253995,,,9.70773260837276,13.420051606792809,-10.012053621270613,3.6940057467161544,-0.6596009126020309,22.977892246555164,10.413074029795018,2.2751823922003744
2022-06-02,25.8082213648706,-1.5147246969928851,,-1.8713571983400836,-2.696308401970187,-0.6958131687227347,2.6189618915616304,1.193106007121756,12.42998818784796,-22.566046373480226,-0.5588936000979503,47.40076141652794,-0.4107210555360683,10.933749620546264,2.968690025909839,-5.691032986023741,-19.023793243726633,-4.693764390690757,0.3569000510483221,4.338468930040229,-87.16358520956949,2.874925689251085,0.35482044620684283,-8.218506205315403,2.165080529184429,0.6095213195741567,-5.409643581031308,3.7721235090114154,-0.01749464995134213,-10.33014198409417,,,-12.3267739962048,-0.10364784487097906,-7.595654639791549,-11.461726862640889,-14.05653912706401,-14.91688834231571,39.43974278631969,3.9640252930860154
2022-06-10,-12.261364230220325,-3.486919348524086,,-0.03830094954296542,-28.613957771609833,-6.225450400048485,-5.402903215245473,1.5935304510506176,14.315476714855667,-16.25623949041989,-14.42116301800238,60.32010472612526,-1.299838191171975,-9.743967479981443,48.011812935875376,-1.1505957877422086,6.399149903626613,2.349581548522078,2.135132996153798,5.345632758292874,81.8986672201631,-0.793078562612326,-39.035463018743336,-5.557784786238849,-2.5347655538292435,0.09662457918170855,-10.800385272666498,7.432279277329737,-0.08912426117241729,-92.47658987483445,,,-9.344715495480724,-31.313848540133947,-21.26558765846259,-0.17672427378977945,2.1748037628879766,-4.082423076583142,14.858905573909384,23.81283440508782
2022-06-17,-5.323531047509463,-5.026812953430961,,-0.25417156184775436,9.627716892930506,-4.83969381095797,-7.6188259385194295,4.113962276982969,-32.314846090411606,21.381024481888943,-2.5056738078898895,29.247873698782392,9.85153289183721,-13.284052216131553,3.586196711292839,10.49658672033193,42.859346799761035,0.09976183784602333,-18.330974765505065,-15.59847178122417,-47.138196027358724,50.754062953714076,1.3794099937761641,2.763492370342571,-47.93320857169164,0.38704942756488203,-3.950070570805241,63.80718817366784,-0.034725173654958294,-5.109513048477342,,,32.57789692240617,-36.5865481958671,-1.460685333590698,-2.139902046481785,-0.05724759442815179,-12.163088103829304,-8.761346398031732,-7.399444587194944
2022-06-24,-6.0915875579511045,6.158447133516782,,1.2157560880066787,-4.4949176603099055,-6.439809315530923,1.8927365229749737,-3.361843252024367,-25.639270965285665,-10.504171856807897,-4.481657312663975,-9.602575219922976,-0.28966472637883406,10.984985848160536,0.676909167122071,-1.6759526664133784,2.5072639938825327,12.915986167280755,-1.7915811571051468,-3.81734962864113,-59.52095681489086,15.968300057921368,-8.668154458775158,-5.2207690422446085,3.9676292215567113,0.08281059741902154,-0.7031005936608543,-18.445159099881664,0.001753856799786218,-15.985404991723756,,,-17.242423729873533,11.014330299358996,57.94958309879102,-4.383230577798738,0.08940361345114539,-19.414479172995264,23.030542042654325,13.329259593407858
2022-07-01,-19.64283782711332,-0.19083473799427264,,-1.6441165774682032,7.430918578135734,-0.07635133699671282,-0.6021891165519198,-73.93118796463182,28.139441665502975,-29.54558167162542,-2.095040030957181,-10.00236010023012,131.23794877826222,-2.1669451204085193,9.928890594169113,-0.467637096935578,2.508454057493202,0.17348666673049518,2.7356088392891333,37.02462525663944,24.344080376605568,-5.672978119334252,23.350862205119718,-13.085649075135974,-0.8791015967036659,-0.013395555173195971,0.24683891477187755,-84.55301788471743,-0.3042286703458352,-89.58259972085928,,,-105.21909578024767,25.995616629127397,-1.8020188096850938,4.0860830506936185,-5.988444063402645,-8.090911382227132,-35.84057083396421,14.558022953660952
2022-07-08,42.28456814216505,-0.8643462965828351,,0.06986191586275824,13.906729232673412,-6.364351613233562,8.40492356606859,-6.424832290332281,-5.368074464729725,-38.48724631113641,-0.08179652293324088,-31.98009805490334,-6.5259473155940295,-0.682591845744438,-63.175525958992765,0.2892642539209355,2.5187618002356467,-2.093816013878078,1.8116902342559247,-2.802065648293252,-37.24522139446443,4.206751185138609,19.40860421312334,24.934408604723185,1.184174009887668,-0.3745501161128671,-1.4273156081284706,-1.0224223569207649,-0.418385768899896,-6.469461396024529,,,-5.835287774715428,1.8373864084013862,-1.584591383483029,-20.086076210812646,-1.1838900243867923,0.3254848113061083,4.494561197943058,-5.638593047098666
2022-07-15,-52.10730490580159,1.3268541347308127,,-0.24248340508422156,0.7525716336618918,-16.759230351948634,-11.12736150717801,-5.7278361053224565,62.06102152046099,11.70875077811197,8.894555279792813,-43.762402654819574,-4.273396624009439,-0.005919525472847159,0.5929464378420237,-0.23972402163451845,1.605054721022027,1.7467598248132383,-1.8319215503707134,-80.24573210464897,46.90803415292875,-3.221943781843777,-6.66534820736939,-19.735512313651302,-0.40878403499540417,7.055261521003851,6.106989909793075,33.38413942882832,-0.02252998514007372,2.5265839581919955,,,-19.8226041339601,14.195998376002505,-71.39145933817696,-3.144333913872332,-0.6612704621733849,2.059521846401813,25.315877340598725,-0.11791401175770748
2022-07-22,53.41072521328287,0.13740476003202493,,-1.487497831715494,-0.06051641994366452,-43.59596766965122,-12.032764420670759,35.2192105480529,-2.2829304066409204,13.215505571124826,0.13880906438585694,38.72766618151597,-3.34122489818268,-24.383510289187242,-6.753594816654608,-0.4491008238435944,2.8914159487763884,-2.2735655234332617,-2.664943465805678,15.038380578298659,-14.961264997302742,-0.7160732540449453,4.027420458057891,25.471096111687114,123.76429414702385,0.06292488587182676,-3.272886224543424,15.08425041457568,0.05868174816392757,-18.068073642785347,,,-48.420394910414494,24.352838244564815,2.6998431942857177,33.149348332181205,19.13348659173516,-19.162037639939765,-28.899606133979336,0.36284540120237585
2022-07-29,-0.4180962695530326,-2.7831375242431857,,-0.43769022501629773,62.282982759529176,3.302370347657698,1.2968580712460822,-9.232692269248266,-0.6750024913344244,-7.8688691966714375,17.852894818088707,8.478107223374074,0.47942171397879474,11.421245117735218,3.8079710453501976,-0.1156448851358537,-0.22465384824883428,6.209332097374984,1.4955441018881959,21.20495108062616,-40.4159326140245,-6.747647109714777,-0.5903336889764421,-9.428917157034236,-4.754560305797056,-0.3019738918964602,-2.5320715640543687,33.09861313845936,-0.48992993166789567,-0.9203637807064992,,,-6.778294630423856,-35.78465018634061,0.08728762528663836,4.47294819419351,-0.08751396108967723,-0.8355872487145443,-5.822998972794581,5.397043768694052
2022-08-05,-34.81091433283532,-1.7319671165169275,,-0.09421309258771333,-0.26499658841564755,-6.583893530847583,-3.540839210005398,-63.57093276690133,6.400476284563607,44.55789467237267,11.724229724027554,-120.78461811886054,6.042416115354579,3.5141319234761585,-1.3207151162964876,-1.5585055639568863,-17.00776923021475,1.2237876378521018,1.6534422757012333,-7.804796129971134,-91.58533918267948,10.84283016047241,-0.5539138336199327,0.3826395513374463,12.974476377220398,-0.062014767052668604,-2.1381158250664822,2.570132202894634,0.04466325499410528,-17.977224861956632,,,72.35137996306383,-3.9659732774172936,-29.251351652056226,-7.769971225349921,0.27147216922596734,24.90743748302514,-37.15590811060396,-9.642719969617424
2022-08-12,-8.218951348450076,-0.7778208193551656,,0.9539525067542199,34.489582960679805,-1.2225122063708842,2.789350096337799,4.573866971347363,-9.813390920332406,3.1856561747948553,-4.0733911438896175,19.03048812103765,-1.5882307415106522,1.1832406312502295,-30.773632768260185,-0.2970623140505938,12.572306653584109,-0.724181003560231,-1.8767065589591059,22.10049503020608,-14.683941262908132,-11.45658373731309,0.05529191270899804,2.648835667817923,-13.81765121333669,0.07279538751327323,-1.1826006379456158,-23.12445972349479,-0.2401965547334592,-64.90961856632259,,,-34.20230399713748,-41.323880933761274,-5.041792896843782,-16.34234065357702,0.13710682779660022,2.377779130220254,6.317859128332044,-5.115557170878598
2022-08-19,1.3745911034520135,0.9800048339961955,,-7.493327308949911,-9.883876559808947,-0.3024848976601241,17.767578281709092,30.01989059876368,-45.92541754675182,2.3863746536052384,-6.422878219680492,-17.10951833014249,-0.03391776323480457,1.4333351303521966,-32.41004123938133,-1.9652128444424952,7.349035816104425,7.979885860290731,3.4620545582753803,35.57515532311565,-62.3414524040607,-52.257118370038896,3.471815221679033,-13.783287848565653,-10.873102756218138,-3.4851965574219568,-5.2196290289649205,-38.47743377138362,-0.4064647259891432,117.87745512234507,,,-98.38407459392965,-3.4567022396487186,-52.84760863474822,13.92278988954015,0.6097586162457914,-5.65100952240311,-67.02911334489062,17.470290549842527
2022-08-26,-4.772399313280764,-2.585297428061585,,-0.6913573349126294,51.091592608451265,6.916219933280071,-4.28324990440226,-8.850441583754508,-25.683640259531263,-1.2345192494861184,-2.16002594462487,3.865978051034042,-4.0430910105433915,-2.6849924554304554,-5.4456193417885475,-0.37173596815157395,6.46133365711097,0.03674815927836017,0.7957442578239775,-1.44971230780751,3.681992917084595,10.377496922621642,0.25522362397264264,63.28418530008125,-8.83773813290897,-4.955428810896391,9.308559240152015,72.10661538597441,-1.1654542838384871,12.677419777182276,,,-0.805560592505222,-33.40792172137914,-1.6900459454275751,-5.97208232498417,-0.296382088023265,17.52253801369781,-16.481691160924278,-3.0745732596982047
2022-09-02,-76.66993517697512,-2.107192407287914,,14.617403932420336,6.6270791752404925,4.012275629137552,-4.485719355224691,-4.501851756177076,54.051199348178685,-7.162180784221851,-18.157646603609074,6.552601294987844,35.502478865305676,5.466330828774058,-12.33233689386072,7.679542811841682,-6.805431990546646,-1.2763373021113056,3.3723482045299935,25.336504046016643,21.254588480230723,0.12216076649506374,-3.718643495539852,-9.322541958031872,-18.471267939063097,-0.14757948336659413,-2.0812522900323773,-37.8265902901537,-1.9371202726382586,-26.693099707198684,,,-2.5785875706173935,-18.348853758677826,-1.0329158150988333,-12.44831125256108,10.571577594700557,-11.324642873533985,22.456956899373367,45.798411900523114
2022-09-09,-55.75486833956565,-46.875141651608764,,-0.2652867500802257,4.9211674422197085,-8.622843416228333,-3.3443916956728277,0.591479700693879,-40.98025015795853,8.62181868697261,5.763999596861291,4.703317436142253,-0.17070233104568083,-14.993939989198422,-8.705180120214541,-4.752082548227,1.2947701460193248,5.908672545159569,-1.8197598885338282,-64.10411156246899,63.000521171307454,30.466325235758347,55.37685662849135,-22.91877404695875,-9.076956980766381,-0.04219352338570051,13.102105048875677,-13.97494050359339,-4.967932874142539,-1.1654459182484809,,,-14.33988684936269,-11.78733290574508,-11.246991120105898,3.5070982395777306,-0.22995364936462293,-3.1657410935523296,4.808101654873209,-6.479786944290705
2022-09-16,-71.71970773870119,-0.4478484031217589,,0.37583700989157204,-10.278420404348463,-33.29016884638941,4.064321350618792,13.705906774737088,-95.84099562271513,-1.171883221286566,7.925854981352747,-5.994141231278792,-0.5728702556344105,-1.5531202451979444,-0.17340323173214633,-6.164419735344438,28.464906603773198,1.1030203503367064,-12.58015953344008,24.6664578488906,-57.720157116555576,10.26072276787637,-3.1995609181800666,-12.432872082796061,-2.5762707967729463,1.4733295943551932,-9.899517104990533,-3.3849488633479723,-6.2033303489867455,-6.516194374275647,,,-3.2811990424000577,-102.50638592768371,-15.83452488432774,-0.40218128442423373,0.04079082375085056,-9.075425668252361,-5.79667321276386,7.043142647988342
2022-09-23,-26.736778172471194,1.438268574177942,,-0.04645346324810663,40.56240587883249,10.154238251941555,-0.2728159325055821,1.7220456162228563,-39.89252710338602,29.56051458557608,-0.6004612450884942,-30.697216626808054,-0.880548018055478,-5.889354999095146,6.0786487977413435,-8.1543688325227,-0.8791883663250653,-6.695747602390965,2.079555709823982,-9.180432277839154,2.2426015613735943,-2.772181366413921,-0.7560731243271712,5.265629412349922,0.17342259576259567,-0.0733242578007843,1.702802204207535,-10.390815482378256,-4.205807742177372,-26.282736058475294,,,6.747495980141251,11.002620971529254,24.168941825222703,5.531328457884083,-1.6842485208831615,-8.986170197582817,-7.806337225625566,-4.1173350974666585
2022-09-30,3.0076675319486497,-17.979610459102297,,1.2084576940127623,-5.528887037680515,-2.9330993536511727,0.8222970885145477,8.195717845832393,12.268238985272314,7.699455147869657,-16.44582885498551,27.749268714206508,-4.200034010614301,-36.234407975005176,-65.81044266915967,-2.699667235692808,-13.203439348844618,-0.5478237784277222,-19.686889164421142,16.05338126150235,-44.89853248282607,22.5770712439489,-1.597072608226932,-5.9806994394938755,-7.481122697627652,-0.21615542299925855,1.6060782758487449,-46.84706896988049,-0.986659992356443,-4.116755546530472,,,20.501015449822262,-18.488830162147227,-0.827110395851685,-0.16452515300657933,0.39911491451810244,38.71771696529799,4.637678882149109,3.186635728072963
2022-10-14,-71.54916598744569,1.0544833604454897,,-0.06567220628439402,7.020322088748104,5.900138063290207,-6.117313478289554,6.9825473836156124,11.663954344243846,-2.502270072634443,-11.855676325994793,-3.9677133121413295,-6.313833098183859,-2.819035219969994,15.108981672630486,-1.3766881948452256,-0.9476302756995081,-1.576900236170227,4.616614238869074,-3.2103380335767295,-47.64910257586965,77.41483164163148,-13.056478041755783,0.8581763287371209,-57.74933699925743,-0.9461620099276942,-8.147478781213735,-3.2892825744961787,0.09984498306135292,-7.424138823010799,,,-16.726187577982646,3.499495147611361,-10.915535340954087,-1.867994225948401,1.5857277051124479,8.756535364458896,12.389590986513689,2.5410605252653795
2022-10-21,-16.538411650829207,-1.7188458110042462,,0.47629685476682837,18.36529330348756,-5.961715976182948,-2.677196724638995,9.715388479761838,40.3548490429325,-1.450281908839063,48.9630017612224,4.690411179051134,-1.1193645948544408,-2.82468060203928,-38.97479071631473,-0.6656353352294294,-3.075656711895948,-6.771238231416191,2.415795286224797,-3.437985091981295,-46.297034792730784,48.41925204203779,-3.6751003978425585,9.154292880629361,-48.78678648006165,0.03085376506817694,-0.18047968687008578,-1.624021546423677,-0.1480415226057053,17.86505446146103,,,-10.92271991815337,2.650922326430136,-7.83691163483609,-4.608558190316679,-5.7994747155156725,12.99138688632392,-23.688796050562317,-19.909045287531058
2022-10-28,-19.518047981657617,-1.4961760953026175,,-0.24386639463902537,54.20809720578506,-23.760589295812792,0.2769893333253091,40.07675952738424,9.032832359095474,-32.47865160058762,5.10290609984401,-5.657665873633172,-3.4712206715815452,-0.5084712578534456,17.57836722934795,0.6478660183448954,19.796982908188614,-0.1372989637102458,-3.2722710228350924,-4.113644701192326,64.27185615730863,23.255654402490997,2.712867718823752,-7.118832243077779,1.1291753337901675,-0.1558812195321743,-3.653137468965601,84.26303325871822,-3.099265972307216,-0.7402327379669098,,,3.1438783328782165,-0.05342687540411197,-9.8982188540972,-10.612536661188926,0.5594434267568442,-2.194111965277727,2.2222806619299575,67.81136438227045
2022-11-04,5.531437906387914,-0.75570574597644,,0.4177033387655131,-4.499086131841924,40.43370488908355,-1.1537977138095283,11.292264148066037,-12.992074480680131,-28.214080152597383,-2.62544184794307,-11.596966100698978,-8.576212511717294,0.5384099662649042,13.991463998342835,-3.371164376804172,0.864002857447089,-0.6753143354217768,-0.019961986240529056,6.849877713931909,29.286626675384024,-5.38519516275273,-7.450937123809111,1.5344573828531936,3.5617078978394403,-0.21030594194635538,-8.125523155026276,-4.110236555787925,-2.108185139817175,-38.39754345114471,,,37.81723289150067,-7.141823514222463,4.915075813596519,-22.948499111066678,0.3940493998278047,-6.149515844146055,-0.7668629793984918,-9.561908166946676
2022-11-11,16.59368253308645,-1.2152245294055901,,-0.06106012812495937,0.5864109542321427,33.897396676223956,-21.3553141695474,4.317365042497032,19.38332742544034,5.022706345273379,-17.355393651069765,4.68152807470921,-1.1200104695144841,-0.7920065162954322,-2.660757258783944,-0.8932341885893769,1.209687940353693,-0.8115233924110916,0.6008796642080398,4.800732909773993,89.00214719331856,0.47235385764487087,-1.0707991415773779,-15.972360629582987,19.920043253298832,0.13297724770737096,-9.482678797206221,0.6999062387642507,0.14431260968277185,29.394109007078608,,,62.721699976817625,-13.218239795343546,27.972481680023787,27.837557907359518,-0.5070977935078163,-17.92712452812301,-13.15186267041033,-29.32801279443448
2022-11-18,1.872790200628734,1.159205909924638,5.1243187342121175,-2.2601912397723787,-3.2677017055631863,16.00292041938688,-0.08130325283775985,36.356556126593915,-37.091987642576754,-1.9980347013378748,40.41316589450442,47.247276587784164,2.3014887378377,5.751243283222927,-3.2087197672590437,0.46386276801277837,5.018346390612331,19.775278723547416,-8.290768658969782,-55.065972810766716,162.70782944545522,15.071766303317494,8.866841411649796,-5.844998050748225,-11.34594011141849,-0.09725930629842698,-0.48016450170557123,-5.996156917068576,19.80929883713853,-45.17073908060185,,,2.9078186913058834,-20.95413517806937,-3.930270553285488,-10.751404204833644,4.2910148409491295,12.046542886539115,-15.823136133255945,29.163991377121235
2022-11-25,-48.792182428170555,-12.937815814834376,-2.9790170823766533,-4.252868971297893,-2.0343117805762523,-6.190438209896592,-3.5837311820633655,-25.96328046657861,-16.659907289937667,-3.815742919038734,1.4179932202654646,-2.6897729143257525,2.0742605593004617,-0.6188099269068599,2.9134498540893503,-2.7429572113927025,-38.80038829647486,-2.49468101353799,0.04546553232563094,-44.392780201750355,-26.978168231526578,15.965312582422918,-0.5121611279430603,17.78312366789256,-9.024450203469097,-0.02276168672460875,-2.2985406630585006,21.102172741126473,-0.16465413694749875,-30.953344879103962,,,4.94536338417631,7.656797469912366,-1.734701184228028,0.9128609733982809,-1.2895719650527044,12.576257950777295,-8.963831157652846,54.743673678257714
2022-12-02,-29.29548729457602,-0.7372966843076533,2.7628568928591717,0.7469849803524318,-3.600181811977567,-11.425801902490655,-0.704213196490022,-13.49008917807087,7.65273509693349,0.7197639844118522,-11.369243700496412,11.164364859904948,1.0485899630285482,0.11780792205489005,19.201186343032806,-0.5098500277363168,-11.158370603314877,1.6285874904355981,6.282238474589484,2.951169534619666,-29.799601663301374,4.664656967595229,0.1307072283898282,-11.055994202840317,8.732604918929608,-0.2770260697059318,0.14557925771488217,35.93093960363958,0.006539701479499449,-47.54261858727369,,,53.109033739566165,19.60694962418741,-8.228789059257647,1.225153716388005,-4.04149060264362,13.40488964038381,6.364255046398273,-12.415410079148154
2022-12-09,-22.860479425505694,-3.124610871194091,-0.964941939341356,0.3349231899141252,-12.446262157999055,-11.860201135714167,0.21260339021415975,1.013231872421103,59.721304977184644,-13.34773954620424,-7.7542768665013115,5.544015942576413,23.096686806473887,12.269012056293928,0.5733292502518317,-1.1717589476827495,-14.908891041652893,11.93084341466792,-1.3235380824811878,-11.885925419295592,-161.48662055599794,3.1792986806209935,6.399321966595403,4.191782096402414,-1.4049235830448983,0.21509872128844365,0.04103205292436618,-2.2640389987723992,2.2896222758460163,44.805357085187154,,,1.9953698078677682,7.68366887509149,-45.7832000344707,-0.8562342148204971,-0.3347722305467249,14.229503795138333,-30.622428429404007,-9.47407974429461
2022-12-16,85.5209808030492,1.1578278806619844,0.22903106479220015,-1.3142022141761533,-7.503219663378628,2.2872690174486863,-22.640297366309973,-34.23478504317482,25.520649377068782,1.142843445696726,-10.009430717696405,-49.79740960468143,-3.6810984548553503,-10.753427370686177,-6.43335160037565,-1.48748679834868,2.963130922871812,18.24927368199517,16.27858288317092,-1.4695128068769687,-7.1057882920129645,9.025185075726167,1.2385318901825584,-3.8346098644283755,-22.36161919632068,2.0380052785821494,-5.453433137187256,-7.78194771527729,-1.1234336134412535,-14.136358139330914,,,-6.838049668928159,-6.486105494270099,-30.04482497566579,0.4362612333174819,2.040587030249391,30.85507523811197,-10.071093043906075,-0.3206156819813708
2022-12-23,-43.36026374326444,3.3158801839593393,1.0820261852763966,0.09876339833237771,27.896686401610573,44.64679915889652,-1.9213780350890008,-12.254669975129792,-49.55874653779877,-10.72346457416709,-15.8705442481254,-24.226079961750415,-2.217544723396002,-3.194069850151819,-1.9333759697980204,-1.6311124976976492,-3.5384544584574074,-8.742137281129008,0.07459459993161031,-1.318724319697102,-78.31442583580166,-2.8871240936180214,-2.772339614757577,41.62885748023527,-0.9817594791785371,0.34069138546543104,6.1509481692362105,-18.9162282611438,-8.813790065949838,7.558553401137954,,,-118.4640733451344,1.8628258434776606,-3.825526447198717,-0.28981711272973065,-3.391525378031042,9.99645376635121,29.522982712601163,6.4664700605265395
2022-12-31,-57.9966889601512,-0.7582897895493038,2.132013836146391,-0.5357450350895413,-36.03386073462032,-1.8549690505290863,4.381104446591509,-2.426184519842782,-7.723192169798715,0.09190291781991017,-25.732853836050385,-27.411919302243763,-6.815174324872026,-2.049940405856504,-15.35075284675241,-0.27140670357817864,-0.5222182584599397,-0.7922326476993642,0.9986792189341318,71.81361826774982,-15.162051126062941,9.537762299508785,-7.5781991750619495,15.66859430297954,-1.315663861928254,2.0576941551619723,-2.9436515621152424,6.370058702704984,-2.096490281176126,-102.38567070992804,,,25.32857580022213,2.217120589415903,-3.039752603702667,-7.115674738841101,-19.6040206633229,-37.702377425516765,-1.3138323730506718,0.4442089065443797
2023-01-06,73.98689482325969,-3.1032834901666893,-112.13930329735305,-17.938751990051504,-28.921128265870678,-15.971431050479458,-38.97015329251615,-7.394698217980529,0.9092128805505322,0.20046283440596468,28.706721982827837,2.8635743113552676,-0.31810514241133514,4.483700493211064,55.15111525192583,-0.47362528952072036,-8.18731368864949,-2.0476380286457094,0.4382342800830629,29.617037858964963,41.342095303514924,-2.806359170209196,6.208950095635629,5.805604574324628,-51.249954989601015,-2.84081640480054,8.278701672034478,30.1607445108536,-1.3175526027407871,-5.061735056797747,,,-6.8314612730773066,-1.0123548182581477,-2.187374176180372,-11.017067616924185,-1.7314650043828064,-2.0398159912350238,-1.6323448093175505,-3.535124228881603
2023-01-13,-6.617598590837271,0.4787247308885461,-3.0027977251676643,-9.940290260991148,22.642307366905698,-3.7372184067499896,-5.507394289657482,1.0436902879859524,-54.06871180265631,-7.561369276594279,40.888467737059315,-35.51124736887851,3.846505088537528,-6.816055715429268,-13.136888698590653,-2.630302078312959,9.428480234419462,-3.2443900262382614,-3.299833712610724,-29.967215240433617,27.200737733255654,-9.1053924204291,-1.3858292504881777,-38.298034959649115,-0.35248247709816427,-0.06486271822527395,-4.098936648124379,-28.621266643051733,-0.039887423014719925,-25.158396507323346,,,2.702933771272538,-14.861716606949637,-2.6673749415858783,-1.0698473152318169,0.04248343310337921,-7.683911615961241,6.340473980863949,-49.62966433798814
2023-01-20,182.2965014010876,2.649995738216917,-1.2380137855377635,0.6301816200914795,5.944417695587667,-12.169170846679533,9.765350707285451,2.348936800702432,-4.745913007264337,25.59693593643148,-0.8392846241614806,-18.492524068345517,14.849957231179058,7.307656948545016,18.399383559520558,-3.4332983845756933,-0.6269736521571515,2.460785577794776,-6.44024939205165,5.460265269360304,-47.42372587017096,-15.762972809190936,-2.5990449434576064,-2.9661071972137907,-10.35707212527998,6.749503549592488,15.695325426389855,-24.221574027773265,-20.367779097805812,14.3669392485097,,,32.960138383406104,57.72815498585076,8.259884552242065,4.3196238144081045,-1.073670405227765,-28.32856286901106,13.060746172269008,93.64878736635224
2023-02-03,11.633249067042689,-9.761367087009033,-1.3765414180836588,-0.9406909613771455,-17.82885473516455,27.978549668575717,2.642509972068206,-11.958655849998928,-9.939838981962568,-24.887854238690874,-21.836736224744982,-74.60359186154534,-13.369794722236465,-2.5974798945277304,-12.214354352738464,-0.15191102779499638,-2.391764608820119,-1.0118617268048462,7.4050641533057595,23.855584795987838,-9.850561931600925,0.21387459215569024,-0.8551903569703374,-0.3953697516231838,-68.60884954437252,1.2032326483309332,2.9467326068402797,26.780490774023036,-2.817838333516599,-8.410948035004248,,,-7.626415610211355,28.825994347159963,-1.2953722745635172,3.6094333388921958,0.9124045519468571,-22.99529595387316,57.950258119022585,-11.384230012615003
2023-02-10,-60.463588277320916,0.15444539006772057,-0.6611644594973012,0.04199691761210726,-5.000659699239522,-3.2867255903244663,-0.42168218095716803,-31.348897769605014,1.4638229570395251,-61.93996422117298,78.37021504727514,-20.425500778890473,6.865418902880334,1.8924632873829232,-3.846600508904679,-0.4668956179406387,19.83296609147816,-9.789934106329962,10.503402336502095,-45.80434447739927,75.5969291411892,-12.785016962090374,-0.7418483797320531,-1.0156296007368244,21.247433118912106,-0.0752139104978078,37.724755828378214,-36.04343376888894,0.5283504290516328,-74.07645086647376,,,-26.868640752638992,-12.237777265137082,0.15071360042095258,-5.5603270276679355,-2.1284017601835727,-0.4954784895777288,19.102042295597045,92.16566801514756
2023-02-17,-19.288653868391908,0.7689012307263364,12.222157711025494,0.01643339478470861,16.32374117911193,-78.2646388743067,-8.948881469227029,14.280353783633863,-18.618228577971607,-2.2623135719323977,-29.243724379870983,-12.498534169690547,7.548473848289177,-1.0268484206135662,0.04789109916798108,-1.6264935327377954,-9.04575723631709,-1.9513089697534824,19.897649709934765,-23.196567336957006,-153.16064026626194,6.324624163732817,0.2742607189032283,-36.78582973912091,-15.718214502023745,-0.010459380934209395,-0.1317384266816388,-24.211014617052808,3.046115370768465,1.9771282212663248,,,40.02725945782063,16.247284590417983,-0.22436939012742727,-9.9850152934422,-0.9722384731765823,22.19870438595564,13.262214521348561,32.56125240457805
2023-02-24,10.202505760590155,-5.1410575761336865,0.33354530056692744,-0.1635168117501603,-16.49932512931475,4.325295744850698,44.49422572520962,-7.595193696490436,-45.65783826376303,-33.57490399568861,-9.473518718823739,18.890911431512773,-0.5025087683444932,-0.401706755039416,-0.6579912612338232,-1.560572457325376,-1.0114772287648075,2.8197377106484165,-1.971044806935168,-42.284837923088254,100.15904176464788,6.959886881000986,1.2817485483675628,-13.48344430375692,-0.9149501132111466,0.49106989702788084,-0.19403474684538752,-37.91950277767409,-2.8670620704421026,7.48730192046455,,,-18.098093593646684,67.41516628119632,-1.374582608020436,3.656866554616164,0.7836690152060275,-4.647100973618331,-6.21073013609056,6.531467520939502
2023-03-03,-8.050127698566587,-5.214215177156496,0.5539018667562203,0.02332247164041748,-0.1745447441172693,-49.52245812548198,0.26015254586054004,3.757463723014892,-14.89063462020559,-11.206243005856733,-32.2549317597435,-6.869575189865319,-4.748185743265893,28.56256060024376,-5.384845462492704,-0.29401685833778346,-21.70408850753433,-1.7426515409725734,-1.282019967697715,33.25472396668758,8.471999146281284,12.883108083693948,-57.78136615534422,-18.529779881452253,14.849698178500109,0.11159079786536774,-1.7893182039740054,-22.722370412787836,-0.3618851906261719,10.772751016161354,,,55.02772471277083,-17.838144610935515,-4.380695327669594,6.938580607727088,8.622390068602384,4.8413829533535715,-16.228639251474117,-18.882014125804698
2023-03-10,-21.017184163201325,-0.5914312385671318,-0.8164471581967763,-0.5559285199767116,-1.7159642660261287,-14.112077051272925,0.4373955043032353,-5.699510031384213,64.63918172930552,12.16668365802012,-29.58465365752307,11.604613790638311,-5.208163579759572,4.369143134130214,-0.70046141278915,-6.087138354060105,-3.702190301772391,-0.029964952463416267,4.78757014293907,3.4597486361544094,-50.031390850453434,5.5458918978217016,0.8209271194153378,17.69795559112491,-10.552366884349837,-0.6663278036918654,3.7170637933188067,0.8968113376718908,0.6813219872597889,29.596302231648117,,,-8.509041879531557,2.662171613506304,-4.686184433490275,-7.877049106333699,0.14325314187007118,-4.260315332435697,12.829529507097012,-7.281935067846643
2023-03-17,9.142985965143378,-2.328098481528599,5.705963526959728,-0.4319318761000517,18.29358761368011,11.60439193225454,4.286663790445607,-31.8311282560063,-25.142974104894137,-8.784619836604671,-19.147447047363382,1.0282123610400906,-1.5956709231198118,-22.2234466988372,-7.036983590543958,-1.8538513207279825,45.46881471382303,-1.7394695245316028,-0.5460390911223225,16.936393038425507,4.672858782945996,1.2470035003852433,1.990880431205611,-12.360020014269555,-6.660105442232515,-1.4587389609221604,-1.6003765042347475,-3.524607667804732,-1.3273092665486435,-6.855613227496763,,,-17.389837592289826,-10.714065865854728,0.16660038488769957,6.048743213155946,10.167748070723698,3.083503674072062,-13.070408020506562,-0.9448406744841671
2023-03-24,-27.253878734063754,-3.7845205548044656,1.9137425987182495,-0.35182807148120665,-7.760806250290689,16.841904346848224,0.5933695923042944,20.30984627278027,6.588485871261907,13.00263838861548,-7.2670808340681985,-47.50184403887059,-0.41990442855988463,1.8660845589839496,5.1988605118765845,3.2200850682548507,-6.029297425719575,-8.698351581953553,-0.13489877371924786,-56.35995050724625,114.45334121958868,37.702114509557525,-8.350122160732397,-0.24225708123319878,-37.71007212175225,0.09123430500501112,1.427106671726353,79.36422657927963,0.523141427995327,12.868775192901644,,,0.26553979246533715,20.546252060023267,2.690260054608684,14.543032526217052,10.786076540979838,-0.8401571049636731,-2.866745238068914,-5.598121109144522
2023-03-31,-95.79480116618045,0.8888010882626136,0.09371409928311936,3.1795042203629533,5.286416000698852,88.59476006109595,-11.289025269992209,-8.160156366882692,31.565540172187198,4.561729872318233,-6.524984826807813,10.4363311175459,-0.5431097781104464,5.67372854022888,-11.547319294422875,-3.092215931237055,-3.2540488074368397,-1.603660010341361,-3.924776390526598,-3.4307100894410913,20.01848864794407,-2.75556720706676,0.5717367615796896,2.1914946641043365,-4.1034974554462815,-0.7380662024231921,18.04833228272386,2.280046213616333,-1.9420279246419245,-58.95516016106268,,,-35.00258416377745,-4.427603073138915,-0.9446675583489716,-5.869688224179586,-0.9872839275738892,7.224089354909743,4.705870442762954,0.7138396413152805
2023-04-07,7.629387635072295,-0.10044025635026442,3.0590612527652583,-0.46598573607711186,-19.50227037443637,-10.90695370723284,2.127515714483387,-2.2201882118426357,17.46821405994963,10.109503359487789,-53.563679109642464,-8.784872088022402,2.7913659736802785,-1.7614428414009875,2.1814485457298827,-16.95172289047101,7.981654122774988,-3.2881643212284484,1.4041866510815983,-19.752783663429014,13.932215638884307,0.7569892252670791,0.4597322192512671,-1.6360098443484343,-48.51859431591327,0.30642600789522423,-0.17016049504115077,34.632859081848636,-1.5386775932389383,8.685241743808819,,,-12.131860998960706,8.361412124478555,-12.494171366550402,0.02142091150804959,-0.8470837298854275,-1.1197435505372435,-13.616719664755045,-59.270148918874966
2023-04-14,2.0550827978911803,-7.513281044929308,0.31300327360998537,7.984689381513082,-12.038631912941272,0.587274915146327,6.115719008143684,-71.29478175670698,3.0161556152502627,-2.1375660439085435,-43.92848237088066,-1.3045171464604097,4.639214798273854,24.61295341922429,38.65127832903338,-1.0370391994353116,-2.320219273888732,0.14441281674100642,-1.3141569053762876,48.74959303172815,-64.63299786562754,-13.214773510994258,0.5144946976618805,7.867063795987579,3.087292342302489,1.4513248599475554,-10.286566401556609,102.80670783212292,-1.3324415245137384,-17.431541267702894,,,-43.07078586220226,-65.25526423924624,3.9913666743485976,3.1794338658274164,-0.26422335556747134,8.70831062878683,12.90536855598549,5.532465085122914
2023-04-21,53.92038807684064,-62.89513635625366,4.626748397474875,0.5602586813924942,6.337141942820546,-0.3603918159424582,6.936369015561517,-49.69236448935,-56.07497573618241,-8.325866555767888,-51.89816791391923,-4.526970720723736,-1.871045820455443,-1.0993293511273494,-6.686916831739956,4.010422312713416,-6.423926990466817,0.0037981027031415704,-0.008045334271218493,7.572074066685488,-88.84326929444786,7.205053026950175,-2.488428743229249,4.7889161765416635,-1.140070098700856,1.3080219421241543,-17.984164326769818,6.501072105493958,-0.6789041584983988,-5.074739933282725,,,51.03666003698333,19.982376788627693,-9.024207218399786,-2.231952017930285,-49.3992577740481,54.6113863827101,9.949066944197131,13.172338256743293
2023-04-28,-7.262688107471061,19.993057176100336,-24.626567728287913,2.55294983063689,-5.842023685332325,4.772213331266202,2.4515270481501075,2.89779422030538,-52.699940494034585,-60.488291953621506,-5.260421344350869,-20.11949923571305,-1.4568996442741025,10.554156766160837,27.13355689384289,-0.15647804458378162,-4.988597427086629,2.269866236183843,-28.629076264028154,-34.78026973217965,18.229605972863087,7.300902366684326,47.35360749496835,-19.098459466844854,-4.694888425425545,1.6059856001731063,-2.9326788343920036,47.48846453440791,-0.5448838697953723,14.972354613207676,,,158.38374172265446,-3.3423143995469875,-7.541611119866191,-12.147558520841665,-0.6140842835644278,-1.7424940904511723,-16.757577692461723,-1.5867004016548893
2023-05-05,2.327117459435847,1.8752671599027269,-0.0070359216743631214,-0.2764985156470337,19.210064324151244,18.463962342751508,-10.574874834925547,-38.76400973883088,-44.307788120561305,-48.390711284280776,3.9177884642935616,6.161624910581045,-0.519794607675823,2.9103880485625253,3.816246974516952,-1.55712444299268,0.33151804175739297,0.15184551715792416,0.7622167415766166,13.358215164956082,16.830307183364837,-11.567089476047602,-0.31647630595793463,66.00416335510667,-41.57074660657787,0.007547556643547951,6.524811732167297,-3.4133396918319363,0.017128235975647277,24.198131014042946,,,-9.008437110464534,-1.2729618864391679,5.7059750097192765,-2.5120845092564323,3.5577184944372062,-11.941670650936548,-41.566132891975364,23.807325278562708
2023-05-12,30.21901066691258,0.259347837062723,1.8643352837280716,0.7940187873361422,-20.36863582100419,-10.248537706442523,-12.014309249107393,-13.622580759503181,-8.602798233641758,2.235292445485561,4.417829462161861,31.394908197211485,-22.416611595977724,9.491225076007238,4.480851602021063,-2.190152403135759,-7.111882496526072,8.334904301854356,3.3855388995313667,59.01049042053843,-4.475742411492426,8.47964500460685,1.5970820509210912,-164.0908259224247,0.6111732973977821,0.2124051610333048,3.4165503154724846,15.338861724736859,-1.3987645578135022,-13.884196211809071,,,-8.898345172340754,17.40212018302698,9.931616546143404,9.96219990097511,-1.5164621479849085,-66.82571433311728,12.876504150850423,13.248832496653426
2023-05-19,-36.92763407527459,0.36642144481977384,0.3404541279607091,1.9670580680178544,-4.956840617082903,-6.098593749319526,3.5430883594843428,145.58794494839674,14.246459523769778,18.069476768939158,3.3449818295472697,-52.72626664065966,-1.3257543373612715,5.884201850628775,-0.5534335943119437,0.8284856180927096,11.364867202929807,0.9792658956149276,3.2759330649698244,-4.695541098850317,-29.94313322877531,24.503945873304147,-3.141042918663554,-21.88737247878499,-14.225733781045527,-1.3340906288810401,24.124679131692808,-9.105886653401418,-0.6816810046736501,-59.450323312830214,,,-22.720640443076153,-1.7298128820823235,-2.822927089868459,25.749432390212768,-4.187433837639812,-30.32334694239001,51.95373390700788,-12.916354711425752
2023-05-26,-47.85869247112677,-0.1876433791104511,-0.43086731782394655,2.1922324990641338,-1.5053918648276137,-89.45782771234197,34.267610258707045,-2.4823025674887678,-93.20861164629646,43.636198278891634,0.7346623991267105,-5.738478645788049,-4.723631395641882,1.8518016913166992,-0.8614401184100409,0.200604085481551,-23.380744754135613,-7.646235208962881,-9.958624883384628,0.09550227532934219,41.36225019593273,-1.8804160401474184,-6.9219249685697894,-7.027995532528912,-52.6812334657002,0.651146753545168,-0.2728770311875271,1.012146468851255,1.8677650243260924,-1.957395627154265,,,44.58406656002899,5.6434012899786445,-9.662829190416375,6.159677727678319,-0.1446313826461696,-4.196386631702246,-23.12069241278667,-45.242060203691516
2023-06-02,-13.458227698299758,-1.2346381203768797,1.5046187994876332,0.04060521732372636,14.325956783268671,35.26718135072852,-2.394848763164962,-3.2667255623252833,-12.49106829424486,9.224654392147484,-8.575219696253656,19.001506730041577,5.182755818481184,-22.295694871959,-12.37474411736459,-1.8057140511524898,3.296389155349007,-0.3114454399939831,2.9179443927298023,148.5939954349972,-53.83794020438974,2.2105688589425028,-7.7818311332038155,83.41977826356973,-15.273498090801244,0.3775575070741067,0.4387799534127888,-1.651472514282995,-3.9399220579757808,16.773497722724425,,,-48.20921933322456,-2.101318469435081,-0.47290525642087333,23.66218848944193,0.27340335210845124,-2.09513025067914,17.947175743200216,5.578236400396469
2023-06-09,-2.6496187988770536,-1.127584558937772,-1.2765404396262379,0.7472093028110325,-0.11361732727640939,-1.0390952801288822,31.459482517949866,8.633177268200603,31.090164812241316,-40.34582406200761,-41.39082680504913,5.627790100241406,-13.936560119191363,-1.2361669204079038,23.25391450335382,-3.2835048717129087,8.690785714048117,-1.9789481649346299,7.985434957101953,-16.956506268444702,27.234021877041002,-53.36531141448038,74.86964678027408,5.084942738337795,41.12885935759691,0.08373329590087035,0.1097338879742445,-15.832372483487854,-0.09960238352206549,1.5293117806744871,,,42.8177431739301,-21.695021177162495,10.818656248450285,11.799538549398463,2.2027670020019134,1.901783974708613,-11.552862865922997,24.39210898807985
2023-06-16,-3.1760741864661153,-2.345773869994618,-0.22631737763824988,-1.8132741865833655,-3.3406677509028366,-3.063057708753122,0.2539505728194505,35.25094949794831,-13.941452976402216,-4.633490976375366,-21.961151779303165,-37.150982270331184,-3.7422994338621596,-2.1302317092648364,44.13636159548856,-1.1417106598189326,-4.148485154075061,-5.774840137398919,0.4704341201066903,-24.906610547543032,-11.594109850035245,-21.89693715518274,2.431151520508454,-6.246175501016476,-30.084598321674925,0.3262308641770718,-1.7507551491777158,-4.916994196621723,3.2652306100266517,-41.69681893702122,,,-80.40507138103942,10.932186719185424,0.55239559911538,0.5245704337279775,0.8000523985643948,-0.10810949228804878,28.647172383834324,15.254561068085334
2023-06-21,-7.535082300067033,2.1146630425980875,1.5217355856055903,2.4399347283387014,-5.066238700383538,-9.739880628123975,-14.25766681006866,5.919603924882342,2.4873374062161027,-2.855781519086341,27.051375837017382,12.804452905332045,-11.768754666932615,-9.814598023387262,-1.0643236944417873,-2.8511290915026173,1.427853141423335,1.5097950039627528,-0.4228756636065035,-25.308994774071312,-9.155069132638559,-0.6761417626571624,-2.4842095854705795,9.494692933837207,1.1656258940085868,0.06875832707180746,-0.8929003241692901,-2.8766770918343854,2.889660514214123,-14.83645075310337,,,16.90863587702006,-4.192868489392486,41.57116486998475,-25.504714517986475,3.5349210316743025,39.45265235248094,-2.006285115724112,3.1435471960817973
2023-06-30,49.70690982445928,-20.189879687859392,-1.1713933211951262,4.897501300306072,0.9185333657897302,-103.65338108961495,2.973156641661266,-2.340220133002849,-20.08997237528731,-4.2215325941683695,4.679597010503549,-17.56359698406634,-4.020675481297337,-3.43246465495403,29.277933772534393,-15.514991780965063,-12.002874033345304,-2.348979831081947,3.830020076654071,-23.032000468168953,-71.11612623869036,-2.7148284304940296,2.2458980809600804,70.11872597046946,34.74638678953651,-0.7362812953857638,-8.644456052472757,4.529563860015738,7.073111737066377,27.946499233517585,,,-45.126146029414876,-2.0177782960154524,58.99637610048366,-2.9890681166065667,-17.529706295541057,3.7485689382855325,-9.610260506061357,8.418691109008714
2023-07-07,-62.39904993200796,18.85007148641139,4.993629894198354,9.035652683318569,-4.834907254240834,56.1489859605667,-14.827132875241315,-19.700823474879186,29.632009069651833,3.080074830882755,-0.3032726329944875,5.0497227649227625,-1.1795366107542349,-4.603512814800981,0.9931250525852481,-0.032774466511097,5.744579596295543,-3.3088257885003305,-1.22236516494586,-40.162815463232526,82.61118749848005,9.121158532055523,0.0943320596598044,6.6488437116438615,9.561334310867231,1.4257847290350854,-0.5872858955652156,-1.1210407951064825,6.290025270247703,-2.87156187945507,,,-3.0557436148976995,1.1249523082524795,-0.8000876805332019,-10.771031889658076,7.599432061606123,8.930512603920842,26.89563708126161,-8.28561711620854
2023-07-14,-26.836181217579814,12.630706954161719,-15.780148194356808,18.228902691157774,11.40669560701544,-15.091756720464012,-6.123172881737224,-67.01083612208711,-60.06290267822415,27.010048484229973,18.530304662175134,4.933165248250246,39.471521687561534,5.840678804511167,13.436239230555577,-4.8335320320095025,30.158945780709928,-1.2886676744270744,5.6306922503922054,-88.1470406624714,-89.74720292449086,-2.9183519126667323,-2.7288561218007477,-16.895689925937518,-40.176703785874665,0.0359982959562326,-7.111262373193851,67.41223373805512,4.102775582529422,-18.24354647991023,,,-35.2800014271464,13.113043930889539,-28.976749701103138,7.496815826263867,-0.2036361314265016,-16.334404184925926,-10.778564540726089,-4.223372160346127
2023-07-21,59.18182871599392,-0.579540140911084,0.9429830052914769,2.607913925235591,-2.5277603845281034,-4.1422800313477754,0.11524382404592862,3.4403624386591725,11.872905134111964,18.478195844360013,24.38456813073757,36.291610489059536,-3.0215982966982153,-8.85163212461888,-2.0857374311065913,-1.4658486639237103,9.181824920503841,-3.7529326650816253,0.48881741633500553,-21.894022915993304,-158.718537990199,-3.4963251389720202,-0.5872937162270908,-0.8144289191065162,-0.12394126833602348,-7.076057311230083,-2.2474632252605913,-11.435687591128769,-0.6461209794312084,-8.059629188627637,,,20.84432075636956,12.864952409979873,-12.842933937644053,-16.25869308485947,-0.7226774401190407,19.476258847376336,-8.511295069201022,-15.137814093753246
2023-07-28,13.33828008924448,1.2336795295175218,5.002044763299013,0.7147660087757863,-3.371923607501162,-8.242918771155033,1.028668259871361,-5.74673792569867,-36.61749354867085,-55.17439967823213,1.933481775064646,-14.563059183007411,-38.72805437181121,-15.866767417395106,16.748462182850492,1.0640783824562665,7.249132450920112,-0.3670442816063667,7.931607397790778,-12.785970810472516,18.719970732201293,12.870768505546726,1.8873776282755559,1.5819048128578181,15.211204712262164,-9.444000493808328,2.1072292447363514,0.8399855983131689,5.681946548537192,6.224066490550254,,,42.62319352755653,-32.29479622685893,-0.4448518043188756,-39.78045622041857,-1.6153311310124638,-31.11137285645854,-3.8724238245176905,11.350964809088957
2023-08-04,1.0456076257470321,-3.7992991082892877,3.9781649842805225,26.045539994552527,17.915678216632877,17.017783305451704,5.725815788684436,-32.888083072350675,15.240870981974815,-52.31651135222229,-10.140058744690604,-16.55708221103308,-3.343165902272983,-1.2161324550111732,5.099294445549026,10.200008904120063,-4.150891670506698,-4.483202364804638,-2.0900733099194255,-2.1358639303703866,-51.261045056101715,-4.962680040824868,-0.8316022692777486,18.808965568701808,2.703149104071866,0.15418246614901915,0.818073249418393,-45.91242920023644,-3.508198442198579,2.9233316896640664,,,46.630460540726276,20.25005339273013,-1.5066517116061005,-1.4691521738748394,4.564215628092759,-15.106726266905104,14.73207574263346,1.706973509964163
2023-08-11,-15.283893990389505,-19.69419520004703,-5.9718128562841715,8.311692287137657,-21.517454845880877,53.097713977751674,-0.325917141810405,-6.783778032217906,0.8997345222928006,55.14292843885804,20.471497728104605,-11.420973393997834,-0.4801069071934214,-8.541637152394141,4.4845181547914255,-1.9864922491571742,-0.6476318428853705,28.24699011063781,2.3659897446762206,-31.5871041080865,-102.94685770703686,-5.596991614757287,-13.306124064119006,11.443811551603709,-13.412396129269654,0.15557267092231342,-5.799335831629298,1.1400970189161468,3.2552850174105368,-68.15611274434926,-0.029753953120754368,,39.018060463184575,11.070713816474282,-2.0127618635602245,-1.292826566007988,-0.08940616839982873,-10.003955810362465,15.736252594972493,-3.616442989638961
2023-08-18,-52.6006827879755,-0.19824299547825902,-0.05891616448244172,37.03455797697354,-0.558887749347694,-4.564207240115011,7.705812343674701,-10.418915350276452,33.10160717719014,19.66008109116194,4.249237989317602,-38.9009536002872,-0.340417738986594,-3.161891212377889,-16.407720959407193,-2.4187700933414016,-10.34242664810516,-4.579288614126417,0.6993070630184897,9.4261977257024,-104.99071119438119,21.145033125004513,-1.81381004203821,-12.332656819667942,-25.604980273502257,-0.5763711547313147,-0.9265107552721493,-12.896587631785533,7.286930683106199,24.246275629131667,-4.145290822556314,,-9.854701448812639,4.827420936427304,-33.354735197385885,-7.574808123686875,2.316699658776501,40.15899959538577,-63.64696272756995,-12.219549154761648
2023-08-25,-50.15466319848467,-0.2201177478107328,0.13799378873934504,2.9170529387286765,-9.31212323226033,-3.8175552403753303,-43.439931317465465,10.089730606139891,0.7591818723283728,-1.7925785376214416,74.92413292125501,3.5622717385846117,12.556644842897656,-1.205825108093454,-15.779934214563086,-1.6096947915108257,3.161456260829833,-5.539093459012398,6.4305096930306345,26.183872553884424,66.35931314159822,23.915918638616894,4.78033577574669,1.9362415622654,-6.11498092607202,-1.2062844580394527,1.5944833942193963,25.547693869104855,-3.6932323001782494,-10.21189151595218,-0.011909813409939074,,-40.683333351916744,-2.944721379258285,-8.111972325390898,-1.7853437731391328,-2.4371512368677544,-14.606421153506439,10.076933960275182,-2.7617980275439766
2023-09-01,32.89419235673138,2.1913864281136717,-9.009735306336314,207.86344488769512,-18.92679797954818,3.0873532057232276,-8.899720881439677,29.365889081736757,9.720501883617539,23.442407274000345,29.489693186785484,25.154489930645642,-6.317212702527328,-1.154854044827083,-19.208738926548335,-0.36276883924664527,-6.08629014148893,12.205483331366484,0.031543166688949194,4.49764517502456,-41.60731761440419,-1.318180574086726,6.492201307315065,-11.447749478932863,10.717818971624197,-0.08876983901083924,-2.835163700713415,14.575632129833009,-2.854261833536627,57.47106796519445,0.017073074531130224,,4.551104931589094,52.284354018088955,1.9359984370881649,4.6094609605102335,0.04567787324743136,-19.673038212434076,-0.6315980487919334,-5.132118907492446
2023-09-08,4.395016768795873,7.353569571540359,-1.4085509590122416,6.091461525282271,-58.401969916364486,-17.324223774909306,21.510140681859223,-17.593429548115182,-5.153720965459064,-0.146018390851817,13.06071636620187,-37.26367338592703,-2.363484910027537,-2.997223792340639,-8.174001788153038,0.7171281902834609,13.874604530920797,2.0657768067963023,-1.6840326437930027,-12.450826375135794,-191.6445590758186,-0.6504643842432757,-10.873689358590443,-13.29184122851788,-9.376781163804354,-0.0976483826333284,-2.763656728245639,33.61877275138092,-2.910198493872379,-62.84067552996619,2.046836618219357,,-29.547739884740782,-57.31639634314769,-42.70190083674731,-2.5410829042012724,-0.0429932163016567,27.172321738296667,-3.2563764585761037,5.629562199943696
2023-09-15,-5.824196508462099,3.0392719278803577,0.5825524476580044,-0.730394469640441,76.18459120007246,-2.3280991417731896,1.3539752707715846,-47.56922795456303,-13.901232556177035,-11.405491674936641,28.195241470300424,5.05690638143933,-3.592030123712908,-14.29400135643418,-2.487887956798773,-0.18428991510155798,41.4021987909556,1.8888526827408323,10.966599375925483,27.17751120683646,-9.252131147126534,0.703113111822551,-52.2303307887163,-1.9471829764518331,4.9644904733803426,-0.05524432298914067,-10.520302941806559,-9.611969339284192,-4.937403752298168,-66.35715732462225,-0.07259320538555342,,-16.34417941469463,38.39181432815576,8.61476192262312,8.67780361951538,0.46549162412096234,21.41651018198828,-9.505553988896697,-8.17691608627681
2023-09-22,-13.737247190191619,-17.1563534222665,1.0327932290976714,0.2852653975332958,3.691011142017865,-7.444685402184653,-0.14841436850667344,11.941880846815403,16.391013766035705,-2.5541875529419555,-9.260074150243437,-34.59859051506195,-1.9019652533782676,-7.730677366651195,34.2489761476226,-1.849277888332102,-12.450899963898816,-3.214197726487466,-13.633919518365081,-92.36725152610003,15.459382618796074,11.104040165116885,-11.131104144857243,-3.786831897111631,32.9348133731955,-0.7660472524969397,-7.365384007729,13.325834006415128,0.16618790039335934,-54.18762466237572,-0.07815679604428494,,8.426284706987458,-19.841941413674842,-1.727717548823631,5.711947992730701,0.5650933086654366,0.020803983720656144,-13.821808084948062,-13.21721685509332
2023-09-30,2.0300199590192745,-7.891940242298993,-4.013294290562242,-5.775550973309988,-0.27606823779275347,3.5133827174190646,-0.8364316223290814,21.080809130656707,-9.423686991358515,-43.58611621416552,-0.9912826724474082,15.446628826511688,5.264663890509969,-1.5079644138057562,27.89940773780825,0.3586412103554766,14.18570838683213,-1.6916444450353363,-4.173478746644109,-3.841398713864573,-99.94677252886481,-2.423125443236881,-30.93593819738336,-1.1583229698266428,-29.340576115782273,-0.04383229734450268,-0.22085054694411685,-21.924798657294833,21.135557368522974,-50.80709731278788,-0.16305983036022467,,-64.97172959403319,3.48889277760157,-1.1976081764997946,23.42013683923772,-0.011684537241319515,6.203401487574573,-13.963629846126306,-3.2739749551192765
2023-10-13,-54.0325981370634,-7.1342467657703565,-3.377304553192762,-1.2879002365415446,12.053276960679035,2.6357515879133695,-2.549470391600494,-74.53651956106596,88.91872656786933,4.669485014941639,36.12944415362366,-29.01233521286574,5.622146546302955,-15.259072355847422,1.2742841965510445,-0.2663146937119393,-1.4861214728369694,-30.59621251925282,43.704967458362994,13.897607236903081,-88.99824825563321,4.848945826480325,-7.041300073208253,16.780841916124345,-0.41787673908687806,-2.897070816060423,-1.571478157851411,-2.343583090723665,1.9249769031025978,-52.2503072073738,2.0112043994033812,,-46.227272587382586,39.26084438401381,-10.071926122938548,0.49860872305683196,0.03698909919794002,-2.499713417079893,9.158046588447228,25.198843587546552
2023-10-20,-0.5816384532761565,-1.1106373609604392,2.1961118637827695,0.49565017596331074,-1.3809108176226694,24.408999892754704,8.862492359767904,0.9888969990433054,49.08764390688725,20.448089992100282,-15.736943751526052,37.73239744030488,-5.364689917733962,-0.8123127003586449,8.532426068212207,-0.8468263434834544,4.070244785490539,-6.937065920872564,2.887404222042786,-31.485349892583333,-20.137007609456717,-2.973832949289128,31.737682638507618,3.506555319092657,-28.56858202226998,-0.7635782578516265,-28.90807179608777,184.34782321769563,5.518094827668352,30.080587986281554,0.25297086234220134,,-18.90724716164144,-14.510990839578763,-32.26882676488226,-4.200372859957758,0.7893370044518073,20.389796092787687,56.896237146833904,-6.602872452656761
2023-10-27,-56.5259496590128,-0.6484184834644908,5.5925620780976635,-1.629973279561677,-10.641742788193659,2.5934517227435676,-8.494453676866438,-50.37597856795669,-35.52489419192962,-9.156599237759924,-48.320152867963074,-4.594006930212331,-3.4832545294845043,10.661236430951854,-25.33784993243213,-5.578289968078833,-12.562436737375412,22.955188151273937,-0.5631061164885994,1.046651873460465,101.5246254057709,6.874795334706667,-48.81155848310099,6.010802901153287,0.14634463454182722,0.005793742739576688,-4.733425368775991,-93.46645635975003,1.8624885433508205,-49.052065611593854,0.2376867780549398,,-14.183288421640697,-28.673225829354557,-1.7954187847432226,-0.3363413243133135,0.5612539013292146,23.677439333373925,14.301176875525691,-2.402300960335329
2023-11-03,29.326250421902923,-0.12432106756101396,-0.5717863829485637,5.482064033417981,29.278225739336044,38.71145868386123,-1.9994209211798981,1.5285392406958087,8.132629964625906,-7.065026439108575,-12.741132386962743,-11.922368767744024,4.806175558632628,-2.3950203204185176,-1.4061588149023925,-0.3341519119222138,-5.1417835063895065,1.2092646254442712,5.948426857469645,-20.803055357058444,-52.54914033320971,28.81053053763719,-12.084411106014441,-5.13358955267542,-22.259961991153954,-2.7733826249696514,-0.8999507921776684,35.91704100943531,1.8983413156506572,-4.741357385467936,1.6943520534007734,,-33.63472266861781,4.073110596663682,1.5871130277776302,-17.524403181515197,-0.9101394635289747,-38.65003031747491,-12.374895676651816,-1.0935277877925904
2023-11-10,-9.837106523210768,0.2933369152802068,-0.3594534663967508,-0.6558083105276575,-25.869814354015837,-26.22970957707816,6.860999620708219,-9.653996460741824,18.282584314861356,-2.466638610481365,12.622402200702592,46.345648279479065,-0.8912852048633353,-6.525642185113643,-4.541956750294756,-0.23924494117422426,-1.1158497614871823,-3.005389225562624,-103.74377964886469,-37.78220224008104,0.9020465474636503,-0.5220409211377325,-0.7934503028936428,-0.5301463220544016,-14.851478333075578,-0.007458470179936363,22.05091992546702,-33.010391623685834,-3.1535867574459315,-78.78145850004242,1.4377105662692324,,42.558021657986494,-28.077304800306358,-4.744703081800187,22.00436562431577,-2.9972340545385094,-20.45027506974863,-6.130273036314238,4.219843471691302
2023-11-17,-51.94064927270332,0.06489735699564636,0.2529241670784376,-1.4372728217643802,4.261963306649621,2.0669210913911504,0.7543391936557993,4.052821138678118,-61.71157294949674,67.6620528494274,-0.93529315555989,-15.584747779075478,0.6185232721931846,-0.36421135616421557,-13.027115958247917,-2.3675222794231807,-3.36065858355488,13.578105157867277,9.518442562184692,-1.3633200856595156,-42.19414454261184,-4.943312764644687,-5.517770657337948,-24.200290854369523,-6.034433893233505,-19.054536531626816,43.489262046505004,-4.026534219990573,-1.7505824338444431,6.408074306799961,-0.020514603572673575,,92.27275043489561,-56.22010165323567,0.5247041219428892,-1.8925262561070781,-0.09638078712740426,-7.780885022459915,-3.2724422697421236,28.10224104911626
2023-11-24,-23.60830588584311,5.941458459700594,3.3978046679094747,-5.903538142880683,-8.220318725752527,-6.365829184610161,-1.494596645825858,-5.054790786003908,9.100688164912462,-0.4567552756627582,-71.6778844489301,-3.6207203528365772,0.9022817609545183,-2.308576042876342,13.095323187247667,-0.753339943424123,-7.400287055747715,1.0796150608357706,-0.6391850737687175,-1.8484693807390886,-37.837682217213484,45.50371319308822,-3.173473898277638,10.740523625647382,-35.42417601873205,-10.48925525924742,-10.584337099739944,-40.94993253193603,6.502610591778378,21.119367283413492,0.041552654562803944,,-21.806878604625222,-27.783774688428696,1.0254954129186247,-1.4815208405859885,9.48257518886403,2.1022173558180617,40.6539446822655,5.433321203323022
2023-12-01,7.371070183738679,0.6777923897142768,-12.20635645972123,2.195887089168808,-1.8150910888617016,3.636070008195378,-10.87257795042374,6.911578692050536,4.028391767621329,0.16242864396981282,-3.7555468316911735,-57.60247028559147,-6.308147326219133,12.891297858595538,-0.1295951207853723,-0.9292731840471817,-13.970372761267683,1.3615519626910144,1.8808348275562312,1.9997059579436085,-22.592755040567305,14.101421374977914,-2.243969586332261,30.298405120475593,-3.3908113043275474,2.095114916737492,-0.49338713390075817,-25.628596564955274,2.4762857088611687,28.67634601079717,0.08227366707201435,,-114.54497412400521,36.267737471986884,-20.815517933239757,-0.5594851534304276,-0.2288779491356445,-1.644481381988343,1.199823754978335,-2.0336696178428824
2023-12-08,-54.54211528078393,11.55920482298049,5.409169083504776,1.2288522909082553,-2.716731504799661,-54.883967461074555,-1.705309969058197,26.170656508017096,5.5845740125294165,4.876244799394833,20.12417318531976,1.3526587100927037,7.051782908311247,-7.359677606596684,8.584700741706476,-1.6821467809871307,1.821694498075833,-2.0871872462479133,5.671706267824502,4.098238708116033,-46.198047266009304,3.9976609569571013,-4.092677919601468,-7.617794266080541,2.1164000559644705,-2.051683852466622,18.775426327130816,20.8290198248,-6.29098950581223,-5.419621223685896,-0.3099702306242653,-0.05315781321010759,-19.80431430496623,14.678557936817624,1.3298528429278653,-1.5786550602866212,0.20397878182127485,-3.73987769909841,-6.980645601920167,6.010044174680407
2023-12-15,14.738523362285461,-1.4461497951562117,-1.6537567911869462,-0.40396076835583883,-5.157907452054727,4.889315037916557,6.993424350179353,-0.13901970117910734,-39.52209957705114,-0.30004519130401053,-0.4424439039794862,29.133094410735602,-35.19112747904669,25.033264527891948,-21.914487388798392,0.015603694013460082,-8.20228100264218,-13.625484635487858,-4.670831327514647,-60.219942488441276,56.19278267295372,-0.45763462347067385,-17.497666424606564,-4.104122424110859,36.50081223973848,-2.9622526787381718,-0.9031771613625315,34.2419889934486,9.05148989282998,-24.768885858951325,0.19772187413970888,1.5035488051597168,-8.537652425900339,-41.54740485095949,7.744857467169895,-9.665891418907137,0.6540512521667654,-0.10268612204999422,10.663876327892094,-0.9696666382021819
2023-12-22,34.20267659798021,-9.354995130552133,1.5354910934299575,27.036869894036936,14.891891803055533,-23.93766997399992,-7.784579643441504,-2.6977837519664014,-69.88479966474623,-5.692214094961955,-17.774968178522563,19.56380096216372,-7.622681522079661,28.969196318951692,5.145899890044522,-1.3942615545053074,27.2447930381525,-0.9598040924516497,0.5050339696170538,-54.142523880818196,11.838995801186035,11.221450494606621,-7.5618454828179,18.067262015971394,0.061636622804890934,-0.10381485880976753,0.543205666473055,-11.991500158086764,24.51086661072062,-30.689842543956203,5.461678963362779,-0.005660785571262393,21.93085712780343,6.928485715628531,-143.27044538238007,-16.815063562614075,0.6753220329698917,-2.0668939805088336,4.685390804325421,18.018688626406128
2023-12-31,-5.516088342111758,2.7274289498540694,-10.400640720786065,-3.2059321137011567,-35.23963684135013,91.36212802342013,-11.37813334409181,-1.9846217436139812,-9.248907516829647,-4.61432982080395,-0.43955113774049903,-32.42059921926933,-21.704757020403704,1.235884962953918,24.543539355406708,-0.21286282829283817,-30.15991502908615,-18.646438873563408,11.850799014303316,5.551397990310944,-28.112332826198884,3.554910846754956,-14.929921833967544,6.265385126110081,-11.894382525924119,-0.2770466501330302,4.0190633961117035,1.5488937230834017,20.289026127543515,104.46140092921742,-0.02439894631974894,-0.024323770893969466,-138.67837370776206,16.480268386520176,-4.628598483812809,-0.0398191267422372,-0.13680943118521305,-13.343876459835338,-25.883958383985533,34.77998897695048
2024-01-05,-1.7265245904422877,1.8946763032826026,-0.43700772227642903,-5.239969819782912,-29.236795473925536,-6.25870988699974,-14.313377011013639,-5.328898501517079,-36.06836541509492,-9.779111136839216,-9.806031202445535,-6.070417766339308,31.977269537403576,1.4541969876395722,17.923458461735756,2.606292380450064,28.600663628581355,22.326847265417804,-0.04218978692679562,-66.77881756893785,-54.851119065606085,16.418262024385005,-1.1651588006489804,21.12131760848718,-3.852598900801831,-18.846893555339392,-0.3915511856899344,-6.610442271651043,4.919330009865111,-11.021081311773932,0.11161482184209574,-0.15279145167683708,-124.15764312160013,10.988666371385815,-0.7217239788970433,-15.109573474427236,-2.39489868355238,17.192278008799967,-2.1778991181635785,-5.402481956047517
2024-01-12,-69.4892695333841,-1.7188648328118925,0.3350779700617284,3.9381776453921358,-7.446430994399869,88.93913369878999,1.5135074686933017,20.276734856193812,46.81627125776061,-7.184545246243861,4.665074982847047,-32.93470209964911,-0.05540797930334347,-16.6804228272597,-3.7193057036768673,-1.2172294313644618,0.5093483405080763,6.289005742874836,0.2089804482165314,-53.84768736903084,15.487806676598632,-2.9537694669656807,-0.39436377108511655,38.69151766228281,2.0516633910289652,-20.123746662896437,-0.6308703577689007,-46.887176768256374,0.676287472805316,17.822252451008843,-0.03566372118879485,0.007698627900544215,-56.66679774746488,-4.638101186422439,-29.9538458418847,-38.8236551781767,2.483020938322205,-12.558414977130816,7.392133809941361,-9.892641028028029
2024-01-19,-86.02164310411852,-1.210207220553607,-0.33701922195045053,4.390739057084411,1.2010425401819371,10.435273412561854,0.08184191072390057,11.568162332339417,27.853517656796726,-17.827971184609783,-5.1930283756568265,-0.12559484411231925,0.38199563616240995,1.2113935150933777,18.989949039672855,-0.3359754435718529,0.7151202356050066,1.0729104603711288,-6.444279737553735,41.16143628261952,-16.314226411825132,25.280224479297846,-13.67058791142631,-2.67839655600802,-0.05845030356866043,9.576594936611398,-11.835079006574375,4.922749743082568,-5.272830676052666,13.853659951781573,0.8152934056321224,0.9066407938048411,31.637150817298817,-28.0065281211058,-18.63571195237627,-7.659889955732978,-4.758946206704359,2.2488364571501522,0.602274116093673,17.215364458420733
2024-01-26,-31.155416804797543,-0.42884573948701377,-40.68909269949029,-7.906467410226872,-61.127595725612444,2.6963319635957435,0.41851003725602176,2.6393701471451267,-65.63210517173377,24.599925136291205,-32.620319414496535,-96.56021650154118,3.1441465171023517,2.0823611383928426,-1.2253187424984693,1.6391596170085507,7.889257290090004,7.30659427681071,-2.2469022237985903,-6.602523961296029,-33.81982715913081,-0.22249393577242038,-7.586342912753656,26.99523201822798,16.639749876798156,9.187283561421905,5.534828015466233,36.062748414358545,6.851968224501931,42.471879260760836,0.8793022823857565,-0.003501547399392276,26.85628594874455,1.5019232254999633,2.6851564539624646,2.910079856864986,2.0440378989549366,0.7608877436465945,8.97017861862017,3.2457172857593743
2024-02-02,-40.58511416995774,-1.2416086906343973,-3.4737184479978502,4.325571363961233,-46.494289508788185,-7.286225395372968,-0.6448736016735663,-0.3654498104025504,-16.60956403755754,-22.89675640183446,7.369929103615713,9.65015655076737,0.4440211348253413,2.2771843266017364,-4.147919792479733,-3.1900444215603643,-6.224062274766892,1.4661123586812999,5.5660788128953245,-14.174735052541457,-91.90307978905854,-8.957828191521576,3.659217452477769,-19.676950791357974,-39.393745515068545,3.444857655455266,-9.794332233615073,50.40500047527928,-47.90525497765924,152.24520010977096,-0.13805515004291075,-0.019011945223874088,-82.10140490851977,-23.975929469110593,2.8214388434921958,-8.331000136367631,-0.9065300932332573,2.3756949151147637,11.563501849095466,30.309534118645026
2024-02-08,-0.0970918395242708,-0.18202603760256708,-2.691837338565434,4.0469149377112235,8.797854935526779,-3.5554225292856776,1.5643402283722745,2.709243077571205,-14.257348262176414,5.6483981587002035,-2.607932950190224,0.8274658022159969,6.084559517577276,0.972506814549253,57.819877733628445,-5.172054660845603,2.0778087285041553,-15.063620777192067,-13.355251896563857,21.057817543213773,27.188228719244204,-6.89202755313768,29.893641637800396,-1.354195431151716,-3.7296387665987067,-1.280317113250412,-2.2123158680462356,10.210216101554263,8.93863183751306,44.95262391883148,1.4679112771499583,2.9049669145804233,-4.604822140320008,-31.07800884208918,10.002839248893842,-1.4946597800238324,0.20295890488196605,3.3771303644586537,-19.678477863004908,10.547654645520483
2024-02-23,-7.021002525032712,-0.1237953534762562,9.05761531592007,2.1633480608387137,18.35456042336193,7.017738090056489,2.3986066147710514,5.0440349692577815,-10.418643601536585,-48.36479232701499,-9.086825359154599,-2.6150918509950416,-0.1704131014393852,33.90235232480403,-0.4447595486486531,-1.0935456579948315,0.618823729301646,8.559919841594526,4.497717265993841,-11.413172588568997,-104.87360798909444,8.127267660487217,3.1187240174959134,-4.063048423400161,-14.567617164914822,-1.447324154150873,-5.100741295748353,-13.56278876332703,-77.42036310441279,22.24052630061147,-68.72494159328633,1.0250407512164197,36.14183355438258,11.739288087795893,-59.88804780766131,-2.060983170248088,0.8266568630697062,11.262393729912134,9.724294512206734,5.841778149763842
2024-03-01,62.28392238446102,1.4097877275841317,-0.11197922280230607,18.75323296291333,4.494784382504272,-3.5468297598271707,-0.5751194228343643,-22.050977457429394,2.1280807948819365,13.797140836461391,-20.855337548478104,44.10334442289791,-2.0052905195237063,0.7425456078469369,1.0641071940210611,1.3351935707560358,-28.43846284639583,0.1542386496169575,-3.700380110059261,-6.9888870061483885,-5.5007590425558535,-4.042119436157746,-9.861494451163825,-27.96219167157201,148.71232554952684,-6.548068948997501,-2.7661727216787355,41.027233173221006,-33.942097940538495,-34.16762104192735,-0.7796508125852053,1.784839651661208,4.386605941387223,20.094329483737383,-2.744326487316938,1.4431231110657117,-0.5439246454251913,0.42473949410276124,2.603153164721589,-17.792936464187104
2024-03-08,-45.4594886931044,4.03109088437791,0.5214817729113077,0.7855739527640102,15.489943368669186,-6.3114555068843945,5.606588517237176,-26.256957084763982,45.61078978689959,-8.93274924357893,15.845182575872995,7.438563597953475,-9.101549110503651,-0.3484858832076727,-1.886925065453978,-3.1545371298767564,11.118113170299633,7.752006972943555,14.512923845404226,37.91345274007893,-4.899376218835842,5.7022308083563775,-9.270780591429752,9.537327395090118,0.6112265335545377,-10.052753626374901,-14.239593431476488,1.228872793633614,-115.78031070091286,-9.786371693821415,0.34377622871324787,2.613795897422653,17.130743942185692,-98.7973477949791,-6.910092832517372,-2.885618933306741,1.2874212019302693,-5.169708697713438,3.0969806249809153,1.8021970436417338
2024-03-15,1.2764336542899395,-14.297104853737563,3.8407261643683013,12.454136963176943,6.274983883582821,-24.968191087118257,1.3867749977874677,-32.29620818780212,4.930970174610163,19.76436153019369,-22.90164935906756,0.7140166490693514,-0.5318415596585309,-2.984301722150213,-4.953823415798038,-1.230340654768107,0.021645087711705664,-7.449800434080158,7.3239291329743885,8.424318298478244,-58.223259032782124,55.196006705003214,-0.5636614195733639,2.4193370604384423,0.7460945273619406,6.6441509931336675,5.057795016289836,-7.962840753385299,3.4382927526273885,-7.238718529966997,9.190548156479425,-0.08845986908806887,-7.369715987966696,-4.868715182114088,-11.42438736325569,23.123004787638052,-0.5792906766994941,-1.5522923949186576,16.47524390693285,4.221388712020104
2024-03-22,34.24395011082835,-0.5689171701159097,1.2361936248723975,5.728329842072226,20.345211992633423,48.75924475044072,-8.265603614483766,4.657140607706535,-3.670373442348362,-0.73060108498301,-21.180074293667197,-4.196495921861228,-0.18564942680198954,-5.758772758409371,-1.025280405846286,-2.7999222406074136,3.0798654684513136,3.7126766995195597,4.544263525494057,-41.00427936512071,-165.1971317203816,-2.565044215219346,-0.5800598237909581,21.029247497581075,0.41773187399636463,-0.13445372224873975,0.43517166125458034,-0.9702910425585095,1.053665748112971,-20.244199537101967,-0.8078559413960195,8.732662272566127,36.061764988154025,-69.28034782197402,-1.7516643034294397,-9.667813584090956,27.612935794588054,40.285691601154454,-74.85324832108708,-11.897175392961616
2024-03-31,-2.22308253063049,9.96755962124046,3.0179582482853724,0.1560594348311634,0.7860550322567579,-10.567894845344153,-0.9615211610545868,15.601567310895028,-6.637381004616603,86.86788506784767,-53.30338983159343,10.55003118927081,-1.9941699687131684,13.9045412314443,-11.01591267870542,-2.8584250039986214,-6.216989523093163,13.891552069808816,-0.5647981111892577,54.05064242762289,-53.5987256598881,22.166106043936033,1.0195785737357481,-24.088045837823387,21.33865485926711,-12.467213539424852,5.093702492559556,-35.31490141575498,19.631195153752085,-16.12467262486661,1.3571355616069536,-0.17452907444490265,-17.611286897988233,-53.98859706210639,-36.03077688319215,0.6152485583055052,-0.35649797407426226,28.142317737563577,-8.785343079574195,30.385451728219326
2024-04-03,-11.490994841643852,2.578230178722133,-2.8758332619214584,0.5960782449459772,-13.160803995881013,2.2492351611332144,-33.15714275679906,-22.00281721805884,22.341536238025114,-1.0650669407712234,2.615256795388071,28.61091461885027,-0.5556783112704535,-1.1580272859410183,-2.556462680071246,-3.91513386961552,13.159280258692554,-0.09530198091571745,1.5972599290860412,11.786499352673449,-25.5426219823108,39.87291644619587,-9.262134391487352,7.571207969854365,-5.78920297724237,10.913865412751624,-2.1454011006822964,-22.95679538775803,-8.068894004638345,-12.976739265334144,-0.17054325218987834,-0.07945778093614209,0.5830125218356392,50.00889907984494,-31.839954149765816,30.156654648123403,0.004663701674674781,2.1929024184389743,11.143354419228372,-8.14354897092319
2024-04-12,-16.768496916445862,0.49728827821986005,-0.9248410865789238,1.5493963729919376,10.133700489398251,2.417798530489235,2.0028627633120486,13.466148277064907,-86.29496584101966,-2.485634840419661,1.1652274611536513,-10.208580222156204,-3.3741217410129867,-0.8691825167833134,-9.0690961464924,-3.4213783055569897,-11.598821545264096,0.7289566978514234,47.21039546459244,5.264861379070876,106.65651638142491,-1.1914260161433639,-1.8280046724346994,-39.99222303522979,-10.017469406405908,-3.7730907338982864,-2.089245031306661,19.767149550903774,184.90348928663195,55.9131022547263,0.5112748878093114,0.16128481688870355,-24.251099584338746,4.366783433554786,-0.26452099945662216,-3.212573606147261,0.5030403468699278,-20.089127622702758,45.61924840441685,43.16989881145628
2024-04-19,-5.864639991949877,-18.286293146220974,2.4586275157078084,-4.812979942709761,-5.641993558196378,-6.681173450678393,-0.27437552632920864,-13.915285183254431,-10.932491985249458,-20.239925604346958,12.454496676549788,-5.530149511548533,-0.9605593091228163,4.633903995391625,-8.357286117509108,-1.0529790114054034,17.989582751825278,-25.750450115019937,4.055983798113296,-1.6204783508513536,57.104510084647856,-1.0234619941494842,1.7783321007442698,31.29400695970276,-63.23066843941345,-1.095831781329414,-5.7898498587123,-21.674343926559352,-1.9687046470342562,6.973888423646995,5.633923077759863,-0.12777879545760337,23.066146411557398,21.500883652924443,-3.9499126403498965,-15.114722460790995,-11.221807436646213,-4.0607844182654445,-25.599965715871488,-0.4573020556903533
2024-04-26,-58.79791518388373,-1.791711696410608,0.11067648023972998,-1.0573441699945556,-35.58750927331115,8.98529380481497,-3.56612617276822,-33.238754206362245,-37.60220103316086,14.057920210909852,5.352824252366838,-9.537894030373833,9.48412103095028,5.964235779324317,6.508625353183253,-1.4166820917106409,-17.712471035834177,-4.298887317544027,-9.56385667629693,3.4197382002365275,28.060949207105523,-13.084147311658647,-2.21031428460612,2.1121268781595166,-2.901325485251595,-1.787774104958629,-1.7241292079442236,68.2654620828045,-38.855245174433946,-16.039625373260318,2.088443736234947,-0.36450324959392305,3.840419875204942,16.669646938054395,-10.539792375073915,-7.0819167565998455,2.031789796233113,0.7359835709735464,-13.562050064185804,0.7872609842820386
2024-04-30,-22.705667049119597,0.4739200545620952,0.16208219715047123,-4.219437608146184,-10.335788923994816,-0.7172198348325964,43.56413774446597,-28.8125594042345,50.83753506891411,-5.168689098876712,27.475991024303205,26.60772235519582,2.974282697224902,9.834829938738508,3.6787194450729666,-1.920799288286241,2.600191177661676,3.605470557558802,9.760883219680952,-20.980537660985547,-59.141024746038475,1.576552482182028,2.7494960405441233,19.88323858275164,20.863691630183226,-1.2393884931322703,13.71043566827393,-20.352773094209102,-2.5701970208516425,-18.04547465773709,-0.09673478587006551,0.21075292394476447,6.043593159145001,32.47472752018924,8.248227869514045,6.95918209398456,0.3479255581297138,-20.538417557353032,30.617871975279193,-0.8371071425047938
2024-05-10,-29.19216575919352,3.26398507467428,0.06644037077772288,6.722723657256355,-4.553195180229836,-0.7935579280893175,-2.3125432495357345,-34.18586295986966,3.299535953831338,-8.706435899945973,-0.4669944788535406,-5.2295498714778414,-1.175406451996214,0.6524999949072156,-2.6373169663275684,0.5453147913805438,-2.2404162182982392,-3.669174559938106,-3.80289539549033,14.753139626852443,-46.326756077550456,-9.645519410442976,1.3547555689422386,32.33579729721049,-27.637363954059555,-3.674730734118147,10.131333666320472,105.67692900345489,28.683643050463953,-44.699524632607336,1.806861617971096,-0.14091267197210855,50.829699165747286,38.76984816335449,-20.871170726486838,1.5061182633812495,1.9109336739165055,54.35204587416369,-8.994056927337402,94.84670649030754
2024-05-17,112.80690768141352,-0.6107380039682965,-1.267093863115128,-0.5470960239928149,-1.0432817449857001,-5.2293120429986075,-2.766690128625104,18.35351366203089,-5.289578020173913,-41.34967054315399,29.95608542931994,-4.0688851931559435,0.11390099438754908,0.8437849119241967,-20.037588629635557,-1.5670691839996902,19.574270582391254,-11.847246473595444,0.27999271524517677,-30.085588732893747,-108.91223684428873,-0.5376951162535847,-1.0376809637181448,0.534676715912056,-8.706689432952256,-0.42579863562115894,-0.08826353968221029,11.30791264569469,0.6032955621691194,0.07057961556333314,-1.7949267779115452,1.4599923514889392,20.385240761567232,5.5426666850854325,39.420054170386074,19.332315563793806,-0.9483540842036213,30.644144517608186,8.280499070859904,9.50578378702523
2024-05-24,3.0453915082517202,-1.0684462585562173,-4.833994732019296,5.014787689324746,9.796330473146648,-0.0649453104490767,11.782025807549829,-6.673204558946018,-8.447992358084692,-1.5801830335914886,-11.299020209992694,-8.340059111339794,0.07545412436358231,-10.19905706662855,16.823798149743403,1.7373410666735587,-8.86897255272192,8.006287357223021,-2.034982732755655,30.91012508845038,99.97822021020158,43.88617519674427,-0.8355932646336588,-19.42100558695752,17.00351104540337,-5.615771967276594,-1.6391035228050561,35.593070396637145,5.6945668788358335,-20.00707760238824,0.17215651356998612,-0.03611665051599311,2.257813655914092,-8.548775945680186,18.346317824109644,0.5364244850506291,-7.043449143650686,-16.69136228089989,-2.276242032511186,-4.572033035891756
2024-05-31,0.6820676342784571,-5.7526933845779284,1.1448198728976318,16.290426252755957,0.38547698901189925,26.355844017577624,-2.512164086790607,43.46554765478448,-51.91267394626718,26.259233897135182,-15.77249224085592,48.229692347300904,5.227875796489998,-1.5942722352972467,-1.6889947232429985,-0.6540998944745642,63.20034999934291,-8.619639085555866,-0.10136647205080469,-5.608116538270257,-130.47311178827752,-59.574468433571106,-2.493485241624385,3.8026726402303463,-9.482605981458343,-17.64608004291189,3.383761608918315,56.534589064293066,-27.192380755596993,-7.716167148653754,1.206957950433583,-0.11976990653693936,-52.89393003189643,13.43728306413462,-13.543207190237863,12.318238607908555,-2.034133294463556,-8.815718933874615,13.254050844679268,11.486606298047846
2024-06-07,2.6246594920277353,-0.1889303221874173,-0.0221359780478961,-1.269647076990938,59.26024604295035,9.236421141426797,-2.1024656437497384,-39.01534442971792,-3.6557722986441274,12.648363504764767,15.464351311520296,1.336230995618629,2.0144254049970014,8.921656371966948,-0.584515574864065,-1.4565896661792135,-7.134479978021831,4.349273662852581,5.336266868525197,-80.29857043884482,-85.98845234494686,-1.0132696225762978,-0.5805428632438451,-25.472595398787234,2.3500885757594134,-4.722206118852862,-4.555164240076902,-13.304669225770327,44.253440110766306,44.02578546458663,-0.13483613778225206,-0.06434184202064908,-56.21399524399036,-22.792175016296454,-8.724960790423207,-13.825922648842894,0.6290420938613911,-0.2251971755083717,5.85198285385661,40.94248310379833
2024-06-14,-0.018331580316742313,0.02425357467455136,-1.6175253336196522,3.8691010469267297,-13.150473576800362,1.0960760062396369,-0.4523951852586248,3.7795739761626552,17.53170345175679,34.431757867618785,-22.20615195740431,0.25733987122748125,-2.9677368706593406,16.865146887544473,-25.35496330352177,-1.943178872732885,16.462935972373433,-13.946266468086705,3.867004635889246,84.08205023415243,-8.420669333975388,-7.449458866572006,-55.687850959427294,22.211443400000007,-114.95241044611272,-17.418845858889348,-12.098514445099818,-105.52616603350928,9.198933413157897,-2.8132619308392197,-0.2052660609856389,2.5236605026961,-87.49008184773795,-14.648838162386946,-53.84960283404875,-26.785831239546795,0.17289426768213634,0.641799342414596,2.2226181804863447,17.16002582723577
2024-06-21,-6.70416037101901,2.847749609502669,1.0393011596365078,1.163702035146316,5.049206674477167,10.157569436586577,2.9018953629072257,2.5366264823170717,-75.35763227842827,-14.785556474554582,57.7124495162157,24.399065701746242,-1.299519558144622,1.190154839680032,23.556114168873698,1.2172524779514922,10.464376073772577,-0.04198900152573369,-1.455101300382457,34.451733834232094,-46.10256392935189,19.34061656688054,-34.28243734496244,43.162051179794126,-4.072187071998237,-2.4674799261028872,-2.339288652345795,5.990568516993119,4.092745925695032,8.676183145244115,4.233154434085011,7.153030811164578e-05,11.3559022097001,20.039763626342957,6.417519466278669,-3.838637153424991,-3.105340194890033,31.053379430855514,24.199774774078957,42.09323810870838
2024-06-30,-0.6229319591730302,-1.5694556079563524,6.803940973931662,-11.176828722131782,-2.478128079477135,17.295489193620284,77.7531277639119,0.0030504678769351923,6.2094401517314015,-16.060794245653526,-10.714204609755386,-48.547716620417226,-0.04931109837115935,-0.259172798968915,14.22005907333363,-8.455980364426352,-0.4961461528227122,2.995218046763038,0.579624347213418,13.693494421839054,50.445604982138455,1.756273542809582,-6.896720960256388,-1.1663041636726759,-27.09509787448463,-3.3808691853298476,-3.1254778954931446,20.106962928612134,22.836275234345422,-5.034696753048969,-0.9746907125354995,-0.035528826333645736,-43.04384837700964,-4.237533984133756,7.395376057025767,-15.522770564627383,0.36731889458319444,-8.908761369407596,7.331853998422929,53.662379897010815
2024-07-05,44.09339877854869,17.164844367977622,-6.492306045825096,-0.09539307845605391,-4.6591164285723785,-13.228817553800008,1.6209791271822973,-8.293520286420977,20.642503684428476,7.618337268389656,7.688440190487953,-14.536130357860326,28.38330250566736,-5.736920309870494,3.0587451669983006,10.424949277681256,-2.8881647928175584,-18.975764946224075,0.08029834390487083,28.081875157421646,-172.55770569017378,29.136723809604746,-6.623694318349142,2.064616612155029,3.5581143699055415,-9.318313186627542,-0.7468509818332186,49.014124696456456,-3.726842900773518,-10.52352762244365,0.3238637626427451,-0.0073148403128988765,144.78987485968503,-10.319885124247843,-11.742614479509427,-33.28638687504808,-0.05869915250132565,6.596877919008412,0.19448562653945345,-25.569032481419924
2024-07-12,-11.420819373834775,-8.632907625734664,-3.470983359739881,2.87014522824484,-7.033169579767422,-26.972022456048187,-0.815964853633569,-31.523990450307526,87.06849470237563,-8.45285286179134,-8.469013884348179,-8.591916664767108,-3.803690901702649,-1.8376996025362513,32.33375887245699,-1.26374728720006,8.112062840570907,-19.17992497906107,15.238124397306349,2.6126895958863368,-5.138667061659213,31.933792772140485,-0.7962868240883879,-31.355729748736486,-36.68968359083906,-12.646157491307438,-29.37303812521187,22.397858964176663,-9.027080642263215,19.418600281435523,0.2221468297923694,-0.01180715266570507,33.39042795720626,45.120852086177784,-51.32709877044941,17.977892613932575,-1.103385223999311,7.114910555858865,-10.168067781745888,2.4054797772485177
2024-07-19,-15.056279177613304,-8.141784544744763,0.25294674559888236,0.4649802799158592,-12.076039430314731,-0.8669758820993785,-11.30070109839747,0.7697128532931965,-0.9587173653687066,0.171051868992625,-15.114891231657044,-16.47802193521757,0.674305369897609,-7.2726501388949005,9.151961414932039,2.035754137488273,-4.693850139282585,-1.1816019588375548,-1.3543598969521005,4.092711781660624,61.22319258833843,-0.06768547897539637,-20.806828556001822,1.334424847617321,-6.025483017862208,11.359059693058342,-0.7033567936648706,-8.309069948580984,3.086937449064126,1.6114866282797449,1.0659913032769148,0.03401934391020679,1.0176218771534449,18.221569067640424,-137.9311677529665,-14.636874275526973,-0.14864984786819924,-0.9306683416819402,21.41007334122767,3.6186988646014266
2024-07-26,21.352191054638247,-0.04513179761985983,-0.4653546453401004,-0.7963509638796139,1.738128137087609,14.329750521200966,-28.204278259627237,-42.02519683899052,18.013798917679672,2.110352941798294,-26.25669629392441,61.58986745306521,-1.3050971995025902,-10.644855443254478,-14.869999487310364,7.103999501719502,-5.944989697285329,-10.932842844293733,-14.00923688992006,-92.89965460631221,-29.657692147250614,-1.95820880344461,-10.898750421175372,11.391809322979187,1.9519716199242352,-0.5294457253778658,-11.127631883837022,-5.727637989083383,21.128559011703935,-82.6436883790343,1.8725080398396874,-3.3214971217357667,-31.654571057848777,-18.20263294991183,21.457710983258163,-1.316391396587361,5.1177609084745885,-1.9979412923005837,-42.88289879218577,-10.961829573508721
2024-08-02,30.193492166105635,-2.204891288057244,0.3795692195996244,-2.1360852750986536,-5.323617459017933,-11.815704775410019,-2.9254403346951285,0.9484307920972237,40.673285367121096,-8.815749996893093,32.962055620084335,-1.4550944545079931,5.465248758820242,-0.16121842288557597,-2.234324549488441,-0.34261530370241766,9.484116591130002,1.6039285263232772,-60.40971080977457,-70.1175353490604,-55.082905421752095,-29.71077012992528,-2.0977078424669684,13.492498736881219,7.540999452710653,-0.476506440315426,-6.855805235162082,-46.330715738646155,29.728959784630593,-14.752961043111455,-0.16562189037070513,0.7961691014057314,37.709958801074734,-19.464263384903248,-19.44180677947606,-12.766129439940988,-0.32414750217632715,57.182241455800636,-5.693030527622898,-15.594511908973965
2024-08-09,-36.06242682133552,-1.6134926971269217,1.1690301443504427,5.755240413487189,-0.16057505726484506,5.902164506821375,-3.439563500396001,-9.703661400536747,-14.045973445155234,-5.608693349748778,-4.492250358353001,-31.878504529907467,-13.336860171427189,-6.884129410226728,3.386421258905566,0.037321056364567395,-6.462574797386521,1.7158145305688706,0.27702401314787833,-3.3883750898690255,-81.7379453533213,-1.2834089130588864,-2.4663795373226023,22.99250408876829,0.3079943486601629,8.82276843294674,0.3334673200433812,-28.129198475469728,0.31868240436871775,-43.01750261200934,10.254540862925458,0.1725739414532839,7.237319722790727,-18.71333211658312,29.129785384624817,-24.892675342616887,-0.5435846561791446,7.834193142816143,3.5109334870593867,2.960889564793665
2024-08-16,10.036565898185655,0.16280540552874262,0.6733433507645739,5.6291289881872375,0.09612046769271651,6.287254065843796,5.830807972038166,-9.359440068578635,-16.847295747445784,16.753307111700963,-0.45834616449066085,28.96766786968547,-0.5853348657323227,-8.496826884443651,-13.485708831320007,-2.8516245743520066,-2.433554025155306,-3.2270601579152602,0.12466328158120117,13.333812215162741,-27.275226621396033,-11.361511140478804,-28.76850372532055,0.7808608108934427,10.76242783999698,0.5276581811764088,-7.0220317095634766,20.17483715904055,-18.547174128033475,58.430707470719014,0.7995846843692509,0.930667287658308,62.81737985660036,-16.54864156732485,14.069389472152958,-4.770406557994046,0.15139289354166108,-7.5510723507714435,-25.074385935293627,42.818115280284395
2024-08-23,-12.578453036097592,-4.794319597687583,0.05413237890937522,-2.831683132061183,22.180196775982402,-1.4181155613762646,-4.148807519135618,-3.3823082661306754,-24.561557317538778,-9.609383423124381,7.774124605301921,-33.473333514939924,1.6175132645649972,9.476318242526078,4.148756566027904,-0.4833516100013629,-3.6055446901546047,-11.160165729444483,-1.7146562167626127,-2.6719400027694067,-29.227982824890198,1.4780699778944788,5.752383188467144,35.6480862161873,-28.097121750012068,-0.16312905608384903,-2.6074119755157312,-45.751876545492365,-2.3632617863739567,-65.9153652665085,-4.255486749051199,-0.10356465091931423,19.495262056540245,-6.069173502235947,16.273760725733275,-5.542868836258026,3.2947545639553786,-8.09671601309531,-12.773864651491424,9.42947859763565
2024-08-30,10.191113126549949,-0.389673732020056,1.3446080643986715,-0.46725800378276444,-31.898062780150287,47.76270306900667,5.643704320691304,18.068143630962844,-32.70078124644132,-4.598546131705384,-4.560525831528474,-8.842381176547848,0.765716191610815,-0.48784294384529636,-3.476750665324293,1.17462770857242,-1.2352019704305472,-3.003965034772005,10.505224634199003,-9.564944703469672,60.081587928808425,-10.827359387682918,-62.837028001975554,-10.295632966895436,-40.05629638791263,7.277211364627746,22.950517999051076,-2.4403487944011615,10.803162588043575,-2.894763604294838,-4.095674403600626,-0.010084952216397509,-13.253679788393685,14.929161076151328,-36.8886630947426,-15.145473793214133,-40.76097910899936,-21.91947945338928,24.634604890084752,-5.524506591403891
2024-09-06,-0.3074265895057361,0.19054814985633936,1.889195686110055,3.593188228642949,-13.89117632366856,3.130740312809265,3.0318176718121466,-23.199960050397962,8.03949677137967,-8.016051881487085,-23.20996706061467,-83.62467969246978,28.06322084039989,1.6869637860561206,34.89196851554311,2.653148023708933,24.043423521776116,7.036250706525242,1.345121732528857,4.725412866855486,-137.75363744970042,7.432983819224392,-0.32631475607104177,-35.460082382753384,-33.50320865981696,-4.304114946314631,-8.144324776416159,-5.2911571902015435,-137.15518558072117,29.160837266322385,7.1058046630947445,-0.00279345922087017,-62.60423347384189,-4.1896954019692565,-6.0341976779378275,0.7422181183945856,0.2004627097589619,-3.008644860319511,67.06837744795456,-44.357014095497895
2024-09-13,4.0009481432788405,-0.9328284639572035,3.6915964496956137,1.832706216773709,2.974421635271397,-7.323920782266773,29.535874279216102,-5.7521168912520135,11.706731061013281,10.161887549317868,-7.504299066982577,7.944928405947446,-0.5979061969943216,4.026141825217521,7.820745519282496,1.4054643011478123,38.58446303375664,35.67697442232391,-0.4495488520995074,163.79655204054777,-19.14191175478554,58.810036165115974,-0.9647861971605027,-9.868053013337981,9.210038469371458,-4.244701684916635,6.672003969556941,-9.084510555800026,-2.2503114059454594,234.60769589273607,-0.09625460364474979,-0.8717712470110657,-62.82734821301251,41.73804321918353,-4.580223135720994,-8.937880999234913,18.55193862220708,-44.81990541158312,-23.299081272648657,-0.2779841655360791
2024-09-20,-8.129187120340724,-3.6373492146456963,-0.6974683504587307,0.8092634988903025,-2.8140009001844484,-2.183020445254161,16.83441771984856,-17.22672771016502,-27.250676008674773,1.9165298359456768,-19.215926450931278,6.7050375737994905,-0.5801950984616069,0.7444770880918207,-13.469243614118424,-1.539857197006377,25.451080615522788,2.602275030759814,0.7595188149502996,-27.469320747442705,-78.78341262655512,-4.5111652813622225,-23.505568204744158,-29.397288077932117,-15.26726790272093,1.035486329920077,1.12137210075797,-13.38052111703667,1.5924941306644254,-48.11425424343465,-0.12702919808411742,-0.018564865507843087,54.837451213670576,-16.00948484229131,-15.356872611121888,5.917788842083716,1.2018249674653763,-18.30478085247356,-1.163399921163225,1.2335191813426953
2024-09-27,45.535124946063284,1.3289110665733435,1.6305494355588093,-2.6712363733409266,-4.668889984945293,86.66351524069688,-2.2929060819354703,-13.003537897545243,24.45698508404754,-1.3972429538954785,76.34697645982217,9.219793843961066,-16.583124923103846,1.157675859325002,-7.689256123823715,0.36063067575410035,5.460933914277002,-6.742738263006026,9.87835165569,-44.99986421897957,-27.264463605288743,-7.9966535278045585,40.67773230191171,-8.35494022492999,-13.750011143006914,-2.6017364808976273,-1.843450960318871,-41.23144346113032,-109.13555276854191,-42.281465642756515,0.32794897451292715,1.3189955835321314,-51.36466392328321,-11.09259901410772,-25.1723971135835,-6.850281046605662,1.9798766793695588,28.15119644039963,32.253646727540065,-2.9501828762689986
2024-09-30,12.277240751456892,-0.9899674120638786,-1.0503818272618173,6.202530478400005,-59.10982076467255,-1.4006486217693443,-1.573820936102331,10.672561916211095,27.44905298848734,-16.037626042629693,-14.258523530212775,-52.962959500376684,-15.564088706249965,5.236707587458574,3.9720389637987528,-3.2496650535958977,-5.532588516013179,-4.746653814683961,2.641290328975501,1.4367013132998634,-84.83379349579549,-3.5669276435013195,-4.075689158871977,-2.6930660526988803,-2.1619808029706378,2.4435006707175124,-0.652467579583067,4.475604138156356,-128.07427304294288,11.89157200404573,2.4275833006354106,-0.13777766267177105,27.424963951167037,59.158826794805314,3.782171462221461,-1.8717261010680233,-0.06541504216076013,2.3285406005064995,59.150627205992436,-1.446238683680466
2024-10-11,12.226488138843127,-0.422294437552439,0.06528932543632934,2.91928359938115,5.138962985695017,-11.819038067646272,-8.483310364201152,1.7255893160405462,56.24205986481309,-12.669547681814208,-2.9901189237614707,6.370200278399069,-2.002267284345778,-1.4991674354154065,35.068456295052954,-2.006719596500244,-1.3998627664812477,-5.284669024357428,1.504964360851181,-24.4027336403284,-62.35575286084141,0.4322399736889193,-9.517052708772002,-0.12075750412447128,4.760681722854778,-19.730991680493958,21.897127066000703,49.01618590752246,-1.3211035626707317,14.866632039850566,0.4400127798720383,0.00979625303203711,-91.82568619704756,97.49006419472433,3.4008167357008787,-4.451894889709241,-8.912768790610478,3.6746883153974452,-24.65285194473521,-8.357816567866275
2024-10-18,24.67339788009816,15.590138742517452,1.0870517573977287,1.661858808900461,-4.247223747187155,-9.372339341828702,-2.109899510623032,-36.962121532604705,63.716688237347924,-3.6248889184291473,-31.32141632205484,-0.9709237207964396,-2.435500729549728,-8.26266500071167,19.13710424343309,-2.086878348134751,-15.178831500865494,4.247043336875669,-0.8369000456100663,6.508440088509936,-63.83352890449825,3.1709349727191016,89.38134143216782,32.78557770574352,137.93195768606492,-14.39842662102102,17.98269353982876,-11.302492510193144,-0.00612704846716694,-27.226665945125053,1.8738810315911008,0.958841483053099,-24.42673226338651,-11.028521602496836,-7.844919164376003,0.31036689527635514,0.365879955097753,-10.043134572946022,79.50922246650998,-57.22451652317364
2024-10-25,2.8945818711335707,0.023200162309555586,1.3161067412171934,-1.683380456074538,-0.43161655058731585,17.702618758388024,2.0254003207110234,-9.1294340382543,27.242988443554232,4.528354634814616,-9.159392005229051,-28.606467549987148,-15.723686454378283,-6.068069577019144,19.23216401766325,-0.19373044601786546,-1.3864078195869327,-2.756311165053626,0.5539959798849479,-0.5189007740045799,-59.11277049402809,1.9877241188997519,-3.9233881288600028,-8.448257242918732,-5.49027224106465,-1.869380429914877,-5.354178623513108,38.03900654463453,9.687245496479694,5.749409767254749,-1.0787929761315076,8.324422380859883,48.96923946928566,25.343044433827757,68.9338573502544,67.87629605470414,0.8600634191553556,1.970653582089735,-14.171088736271823,26.567609915530188
2024-11-01,-20.305830375131702,-0.4061654360623155,-0.8873432030528758,7.420153600942549,31.84309391159507,6.676102187290519,4.792841701975026,1.8984975069575754,-4.715266401419108,-39.89266091377805,-36.36755312640732,13.271676770969158,5.652702993378904,18.309681466976784,19.075993720896776,14.975392175754251,-11.140440359182337,-4.035821591246678,18.611294770085955,-99.6947718776705,-42.75575797359228,-21.03336389188834,-0.20158018718912427,-1.214952926525389,-4.9589320876094956,59.85081042632715,3.904820560515434,23.54457384494759,169.739649471483,1.8093169864565453,-2.68846309513449,1.229242116675036,45.49992856222682,-40.26330603927121,-38.26828711134277,2.494565888217603,1.7249164407756186,8.441443711161302,23.71432364266618,13.662130616828756
2024-11-08,36.8203270182985,1.778096038887368,-1.2644606106405913,-0.49186213318227157,5.208105923942548,34.03566248512419,-21.773027630339094,-11.99066509367311,-54.237996841787385,-6.521100039151012,7.7323810713666745,14.05721818802546,-11.210460376265553,-1.2539574914652285,-17.85760954566985,4.860354795752777,-2.875124785267237,0.6904983509724851,-0.2670293162432562,9.56880057997512,17.8109894593758,-0.44332412821631656,1.194594766341451,-4.786192517056509,-12.684167463848269,9.517372527527373,-16.393999870458565,31.223098724588965,-90.57949438528158,-2.9014174263765504,14.09763648843779,-0.1424555431436814,-47.82865776165723,-40.5749958985446,-2.4022215008877357,-2.16845675841571,-18.506530014911206,-3.713614450821553,-12.039634739568099,7.861458984160109
2024-11-15,-12.315739657244208,-0.00020228833546981698,-0.31365029741205946,-1.3844699462427017,13.262209229164547,46.361646007401205,-0.9581068067582119,72.20215550755658,-84.8057375855399,-8.445797520156393,-18.851125305001986,-52.83644925422101,-1.4305837898749905,18.757526324122626,52.43570082632559,-0.34558876284988854,7.901576801162504,-0.9014002283939249,-1.2398877347369228,-7.219094148871147,50.41806480938452,13.789776955086483,1.647906138878265,-7.040447788462606,10.235381517567596,-6.184044769081031,-0.4301684243549183,-7.535067659603711,40.122800400268595,-16.976946019098566,15.734369894410802,0.5379589703346065,40.10357833486434,17.530894641147167,14.018539110846131,23.989179222497945,2.299721166699466,-10.391151750270641,16.123526686374547,-10.654946573440435
2024-11-22,-32.40139565798917,3.3621476628553086,6.477123497727995,8.10354195597241,5.266810738725669,23.743711835636923,-10.466360438495398,-17.059042241754376,-6.818674693398551,-3.2216293120754056,-10.046534306714172,44.6322395465726,-1.034450081573736,-10.369066515217758,-11.94267197570784,-1.8543126046131364,-0.8231352478055711,0.30773822720572597,1.5389364466782658,7.331719738958194,76.6764454684076,-1.4577682759536592,-5.085719618915804,7.01551812049334,3.5797448509317005,-14.70233045218099,-4.462578871265084,-17.816233255220578,22.3628677941513,-33.927464161642284,0.13214316761521472,3.44080935932734,39.24058203087372,-12.143380274235394,11.20730975967197,-14.86296338254855,2.2232160844385724,4.45256435291973,2.732221900213324,-1.7637206578445503
2024-11-29,28.734981326645947,-0.3107556668239302,-0.017119628007705223,0.8474291645997256,-18.746589306268824,-38.102777584004,-6.30001071470651,3.3096119587602106,18.41925017606572,-15.596997264209616,21.78686562734911,-8.292110885379518,5.118465949828815,-0.681547393868083,20.024524673833767,-7.312731888917225,-2.723901029484556,10.886351723862036,17.92316851466018,-46.67240885461908,9.04142342889762,0.2904486243085693,-1.4224024016994719,-4.520684289505821,-44.849953461398684,0.30976344228159847,-3.6127010124924146,17.64953667847041,-28.812367679750796,-75.03742517699743,-2.858516169725098,3.3701836035550627,-57.86001118112473,41.18052663884195,-5.06916669595463,-3.4346844833809955,-0.22513125119944932,-8.033209757286844,-26.237461468036926,-25.586438659812238
2024-12-06,-16.73766059658645,1.2476923115431133,-0.16930589554112951,5.65025333482555,12.743080066552208,51.40377264707809,4.610800516831337,2.5994562619815627,-5.148697864741457,29.13667080634135,-5.2850538339283,45.29023206164898,1.9069325344227015,-1.7358232041509882,-14.718472102890031,-11.948350508205193,1.8761689937336015,-20.173737826758778,28.360460591205822,-5.499332023872133,11.0620918511492,-0.8973229751017135,-0.0941748795306615,-12.427098696882023,-9.793369865460923,0.17609048198449723,-1.536288102642719,49.11409366864764,-310.0993597276384,-18.778879631963687,1.6977194444071708,0.2078535404957825,26.01926657220238,-14.050339080941107,3.1265889479516034,25.064281485717636,-0.18053701149886278,6.444579503609881,-16.285920874926695,-2.279676307988079
2024-12-13,-7.3909620796044875,-0.2664475021214525,7.663306097670887,-2.018182334948113,-87.15749140835676,-16.880380218922294,22.560958058932986,4.231335871803715,9.05409132932743,-1.957515704798445,1.2907118718803043,-70.26850361408616,-7.924477172524643,4.877849508453313,8.539147730791846,-3.247434209849484,21.523257849747147,-6.290722965382706,41.920118870252914,-32.0585281571194,-72.10271010677437,-12.681964435097747,-1.3225373680990002,23.33546283575418,56.97328761288491,-24.272099402454717,0.608607819779829,18.232297661001926,-41.12703495700903,7.304513630695768,-3.5140545683407067,-0.015376562890161618,93.35079554626762,-5.890194028878139,-24.04339366220681,2.131119824734739,0.1251861852746223,-5.861789804329334,-7.351362269742485,0.336889849114573
2024-12-20,-5.59014814357363,-2.1182614833223807,-0.8659583681325455,9.901695759830012,4.143453133869809,-6.1490814784014525,-36.40355848303322,-89.9871960984377,2.9372589241566294,15.473201078454128,12.287674541871839,-35.900662182160104,-2.67549443151768,-3.0583177880374985,-9.33563764192479,-1.0769321213088492,3.0444430343863047,-2.6235999990477823,26.67395136832421,-50.44703892963952,-45.76458956574992,12.701716488513533,-4.5125656396620935,-13.134471149166417,17.926911257795442,-20.628071353191988,-12.147158528528935,8.211725035237379,-10.39881901705947,6.825073730440053,-7.898486336902242,0.09241181043013377,-14.88976649397577,-59.66554543449897,7.005286904283421,-3.098953526443037,-5.985015675542865,7.982933723808037,49.735586172704494,10.52450728193535
2024-12-27,-11.144171875898058,-1.0721283430251047,0.08228047141595435,3.4415513851150696,21.58969184402387,1.257026081047113,-0.5447514014677399,-1.800028739847608,-0.8953013160552191,-26.60287901547132,-1.0034037036429315,1.0230217012491618,5.096278981781174,1.211344956002317,22.45311808469503,-0.5031985498797651,4.436075354101291,-2.1380582691251298,0.38184324757785193,71.39715465369063,-0.6660859366823624,-4.266875737084946,-4.707279738483063,13.062203218617476,-7.663950975074205,0.7731564025829217,1.241135653125385,4.061622050514442,-27.226813715081526,13.680807235676186,-13.741397911557266,-0.05962861515676779,10.922838434962198,26.488769979101033,-41.897569186879934,-0.6451137201887589,-7.773703140222688,47.337709418649276,-40.483370756894786,-8.100718367423505
