TradingDay,TMT,一带一路,中药,交通运输,传媒,光伏,养殖,农业综合,医疗,医药,医药医疗,半导体,国企改革,国央企综合,国防军工,基建,基础化工,央企创新,家用电器,房地产,新能源汽车,新能源综合,旅游,有色,机械设备,汽车,游戏,生物科技,电力,电子,石油石化,种植,绿色/ESG,计算机,通信,金融综合,钢铁煤炭,银行,非银,食品饮料
2015-05-29,2.2397676357059746,,,,,,,,,1.9606845636951002,4.861638389014395,,,-0.9886981034145227,,,,,,,,,,,,,,,,,,,-0.49595684848565347,,,-5.742614246987248,,,-2.257774915276549,9.270813872346075
2015-06-05,-0.31125943457805505,,,,,,,,,0.7695252491544194,-24.891815925700335,,,-0.283746526448538,,,,,,,,,,,,,,,,,,,-2.5380357504419857,,,-2.832734615902904,,,-0.290339475500513,-0.19515697345349564
2015-06-12,-0.8462410198148915,,,,,,,,,2.7056024173559337,0.01469820228085128,,,-0.36164237451471937,,,,,,,,,,,,,,,,,,,-10.703496915246896,,,3.125869401362544,,,0.140029779010623,0.27384216665726774
2015-06-19,-1.9467791351001797,,,,,,,,,3.365527386094564,-4.544487047134444,,,3.3350590619476614,,,,,,,,,,,,,,,,,,,-0.058299785970539975,,,-0.06211570663094723,,,0.07157358269844852,-0.13805309923873277
2015-06-26,3.4167790423715765,,,,,,,,,0.04110860680975051,-9.598120481858547,,,-2.021116028027208,,,,,,,,,,,,,,,,,,,-0.49174116270086826,,,-0.958822086989243,,,-2.0032509999239974,0.029801181802792766
2015-07-03,-24.038029021277058,,,,,,,,,-0.03377390534404517,0.3766921288081564,,,-2.727401311560553,,,,,,,,,,,,,,,,1.5587020889717245,,,-0.8054961514552419,,,41.6908253307402,,,-0.17366075813556633,-0.5833673486027282
2015-07-10,-1.6324649971303058,,,,,,,,,-3.2814092431279276,-0.17860932469250818,,,-2.2778033853490802,,,,,,,,,,,,,,,,-0.16520882664611397,,,-8.313900034492605,,,11.247646217915324,,,-0.21533835903286394,1.9989377959670316
2015-07-17,0.3948840294261484,,,,,,,,,0.8480328637682337,-7.48928372685421,,,-4.64424565443441,,,,,,,,,,,,,,,,-0.5366133982319363,,,3.6846211680639556,,,29.04924140665536,,,-0.05369912169767749,-0.30918556071642705
2015-07-24,-52.71582334772045,,,,,,,,,-2.1802665967949224,-1.5141249407132922,,,-1.1446766470165495,,,,,,,,,,,,,,,,0.37034529371291847,,,1.0177877019323485,,,11.021228511799077,,,0.035261846199170194,-11.625244801042054
2015-07-31,3.77288300426555,,,,,,,,,0.23598760532215257,48.69596446633118,,,2.4685962890137674,,,,,,,,,,,,,,,,-0.23300606515409067,,,-5.255103983282708,,,31.49832889056843,,,-0.561434103742108,2.6245089740512855
2015-08-07,-1.801746381723385,,,,,,,,,-2.573501663666015,-0.43419825742384893,,,0.6809186982456226,,,,,,,,,,,,,,,,2.860893608806707,,,-4.46305831410873,,,5.045665173747877,,,2.2353872571854745,-2.366522103260126
2015-08-14,-4.292127107946108,,,,,,,,,0.3629660585007578,0.6144728947105225,,,-0.19767631435792762,,,,,,,,,,,,,,,,3.5408053676634395,,,-1.4065352102855646,,,7.348283772665401,,,5.275280641581468,-0.7765983609698719
2015-08-21,-0.7696587986570711,,,,,,,,,-0.27771394693626694,1.9732597429955208,,,3.465613097790783,,,,,,,,,,,,,,,,-0.40978676918097273,,,0.8350038419860275,,,3.9682783903058314,,,2.1823841738347705,-0.5665284490838285
2015-08-28,0.7732926917636089,,,,,,,,,1.8564552048755347,4.443821711290152,,,0.6740608619660345,,,,,,,,,,,,,,,,-0.0013007097851985873,,,-6.353994145753972,,,-23.343553354644772,,,-0.16462339121753802,0.05068839243423179
2015-09-02,-26.312560969570487,,,,,,,,,-0.13074604261323267,1.788891838358529,,,0.20862548988124252,,,,,,,,,,,,,,,,16.295353880503754,,,0.3554974732715196,,,6.72249875351636,,,0.01405754592557789,0.2653953065556081
2015-09-11,-23.320177007757614,,,,,,,,,-0.11658819460064343,-1.0997664150581534,,,-0.16604089154570228,,,,,,,,,,,,,,,,0.09433965790636689,,,-0.46204794371001207,,,12.45867187606215,,,-2.724350693540478,-1.0652776033054898
2015-09-18,-0.20852267864715027,,,,,,,,,25.40762846026963,-0.8039217718119142,,,-3.522657179890395,,,,,,,,,,,,,,,,1.6964955709659337,,,-0.06690220463835293,,,-9.417306764565136,,,0.2965797980507127,8.070499962834619
2015-09-25,-13.466790949341698,,,,,,,,,-0.1930714357085368,16.050661140349103,,,-4.883232725719894,,,,,,,,,,,,,,,,0.3109846038181819,,,-0.47935754915088885,,,-24.066441845045006,,,0.374815650947821,1.2643210051094527
2015-09-30,0.265850269449069,,,,,,,,,7.22362851832645,-4.175133648635488,,,-0.8136026634799209,,,,,,,,,,,,,,,,-0.5238187918052822,,,28.376575645785675,,,0.9233247900832087,,,-0.06587529212926174,1.8691395584915378
2015-10-09,1.8885910635430823,,,,,,,,,2.604282931846588,-3.2788945219877657,,,-0.12248789747601252,,,,,,,,,,,,,,,,0.13349804713650693,,,2.5112939456287675,,,-8.896099217856285,,,-0.21428222381393552,1.0865522114302877
2015-10-16,0.1823721909429118,,,,,,,,,-1.6097874393330454,4.456644966157767,,,-0.14757995305505564,,,,,,,,,,,,,,,,0.5140807809584429,,,-0.43137059580663084,,,34.388960986105,,,-8.720955102822526,-5.939750865494087
2015-10-23,0.41091749571983094,,,,,,,,,-32.90987289145778,-5.529600643290446,,,-4.285201380920599,,,,,,,,,,,,,,,,-0.021081597070368975,,,-8.735114958364417,,,11.230893302324697,,,-1.2518902589076208,1.4900642232821908
2015-10-30,2.12094729615734,,,,,,,,,-3.9588688509535714,-2.7239585622014832,,,-0.02471900975355136,,,,,,,,,,,,,,,,-1.0899465398053296,,,-0.16925242978142732,,,6.242366861831021,,,-3.806695802553927,-0.27956650992136367
2015-11-06,-0.4075899945097135,,,,,,,,,-0.06070197972941914,-5.492812904895247,,,-44.86887862297826,,,,,,,,,,,,,,,,-0.08704046982621647,,,-0.18414642098271927,,,-6.978831638071809,,,0.2661579085589942,-0.7665128970822026
2015-11-13,1.5804299882021666,,,,,,,,,1.6775036077378727,-0.3972474616478614,,,-5.992494910258923,,,,,,,,,,,,,,,,-16.056473316263617,,,0.2899765622902284,,,-10.507724116012152,,,0.029903630835016765,-0.40397326002942635
2015-11-20,-5.417333851499492,,,,,,,,,3.0906844624963545,4.304024624553005,,,-13.31345109932521,,,,,,,,,,,,,,,,-0.9237451870171615,,,-0.8502559051036915,,,-11.170649206123663,,,-4.43543845182269,-4.823620397030302
2015-11-27,-2.821231788696309,,,,,,,,,-5.8427952215643675,-19.697538217576607,,,-0.5992376213453144,,,,,,,,,,,,,,,,0.09583244668179913,,,-4.7125494782180635,,,4.6657039502768125,,,-5.31043482372243,0.5724119596014894
2015-12-04,-22.84063903189739,,,,,,,,,0.021716052276776088,1.3902535337344362,,,-1.6319801302029928,,,,,,,,,,,,,,,,15.651917052269095,,,-0.2711335312427927,,,-0.13716984310517877,,,22.7806335004551,-0.14960265719859853
2015-12-11,-19.229981257489328,,,,,,,,,1.2561275460709662,-44.37061852069618,,,-2.4471370330563427,,,,,,,,,,,,,,,,-3.9026981334539452,,,-2.0182060842031535,,,-5.409868358562546,,,0.027314263574852393,-1.9980651824000095
2015-12-18,0.6040511977437601,,,,,,,,,2.0304354990561806,20.915541246139355,,,-1.0092656244927243,,,,,,,,,,,,,,,,0.6128212921284077,,,4.204262018552638,,,8.055036507205646,,,0.03449996008244051,-4.331166373988529
2015-12-25,1.8651321493099782,,,,,,,,,-0.3052636005288877,0.09009940527857824,,,33.547929215391264,,,,,,,,,,,,,,,,12.059171208881278,,,-5.67816197374901,,,-20.99017573584109,,,-2.2203367728194636,-1.3706634826594597
2015-12-31,4.800025943018183,,,,,,,,,1.731836887161608,-13.781719263247071,,,3.0460212771434034,,,,,,,,,,,,,,,,-2.6730341681003393,,,0.027394035983122275,,,15.20132520487321,,,-0.20953670609488126,-1.8103523196998375
2016-01-08,24.307928820704294,,,,,,,,,-0.09853511858486355,-5.951670206197862,,,-0.4548829069120396,,,,,,,,,,,,,,,,-5.871062686687695,,,1.9154330391365555,,,9.058343665467019,,,-5.550041320253126,-0.8210317581295739
2016-01-15,-7.874260676554627,,,,,,,,,0.9921128483244781,-38.49972224918285,,,-5.211466343245021,,,,,,,,,,,,,,,,2.750445792396499,,,-0.5924789659187865,,,4.329968706907292,,,-0.44408368701405304,0.5908072563790707
2016-01-22,1.2587269095403975,,,,,,,,,0.08446796222184012,9.12806438332208,,,-1.1522300780769148,,,,,,,,,,,,,,,,1.5561600746554303,,,2.49604177499307,,,15.041783316875868,,,-0.24362114451496433,-0.9132940233891933
2016-01-29,-14.50797139065961,,,,,,,,,-0.17041010890597502,-32.56322110480494,,,-10.50673492225785,,,,,,,,,,,,,,,,-0.8556560752633984,,,0.009659315560981437,,,2.0680252899728995,,,1.6959909597298621,3.552391804719342
2016-02-05,2.6083559525304154,,,,,,,,,-6.281938297685745,0.399008304817357,,,-0.038002206559738946,,,,,,,,,,,,,,,,-1.0201392482785192,,,-3.4778251690244453,,,-20.705897620324393,,,0.18220448138120984,-0.04349992442738415
2016-02-19,-0.2121928817665397,,,,,,,,,0.6731666504676608,0.18812723200948328,,,-4.397751699421098,,,,,,,,,,,,,,,,0.06282453269100478,,,24.075663129698505,,,-1.535969360403144,,,-0.1002810643012304,-0.2952487604226499
2016-02-26,9.005660101026741,,,,,,,,,0.008229241681055793,0.302036787090332,,,-0.736999027542955,,,,,,,,,,,,,,,,1.9888803259316996,,,0.46784373061650036,,,-1.6060547146785846,,,1.0552918272898897,-0.8775415056838376
2016-03-04,48.97634280522658,,,,,,,,,9.759167866079965,-2.226961920657644,,,-3.344588260733913,,,,,,,,,,,,,,,,-1.145836603512682,,,3.4999042619978886,,,-19.296585665275344,,,-0.03230993932058116,-50.479442170221645
2016-03-11,-5.481855062925459,,,,,,,,,0.08809810462909022,-23.2121694899176,,,-0.7547073992790018,,,,,,,,,,,,,,,,0.18261365566432933,,,-1.8446940603039261,,,19.636780138954784,,,0.39550096446291305,1.2944042965618259
2016-03-18,-0.7651306476107114,,,,,,,,,0.07570541736214793,-0.7866368454792844,,,9.799080724948114,,,,,,,,,,,,,,,,-4.6356888943662815,,,0.0643530531308959,,,3.7906152858834297,,,0.7434311784026251,0.07552297779331574
2016-03-25,0.8860832603166395,,,,,,,,,-0.4236155803703796,18.777782176509607,,,-0.13910344632705518,,,,,,,,,,,,,,,,-14.531267868039238,,,-4.174988343832294,,,0.19391479675870182,,,0.09321374833681015,-23.732127712921574
2016-04-01,3.982532955100872,,,,,,,,,8.67676206062475,-0.12943950611263977,,,1.2812742602288059,,,,,,,,,,,,,,,,-1.4265356947260766,,,-0.1872241063939568,,,3.4700287741496263,,,2.7398941223207034,-0.12051431421379327
2016-04-08,-8.178282378908964,,,,,,,,,-0.8596935228277633,0.8411547867005004,,,1.6560215490241448,,,,,,,,,,,,,,,,14.849999169285807,,,0.012914665204228272,,,16.321201129143944,,,-2.358589318361429,4.5891273041379765
2016-04-15,0.15849763080412976,,,,,,,,,-1.8077472767030605,73.1796874503335,,,0.03529309481719594,,,,,,,,,,,,,,,,-0.5516313661928978,,,-3.3670323437993215,,,12.98369895975198,,,0.3476977547740674,-0.6051017967323422
2016-04-22,-13.309140812695563,,,,,,,,,-4.828629202766622,-29.213804961353603,,,1.591683817985103,,,,,,,,,,,,,,,,0.17170473881246373,,,2.238833933250455,,,5.267347126935268,,,0.735009980839626,-1.7213893051147977
2016-04-29,0.6240368057236834,,,,,,,,,-11.9395469339333,2.34095892355467,,,-0.37253371271595714,,,,,,,,,,,,,,,,-0.23851456108359448,,,-0.7515315149981466,,,-45.67684186060359,,,-37.506675407346286,1.8991256595942403
2016-05-06,1.6716139210611962,,,,,,,,,-0.12054092605783207,-1.1900272734260702,,,-7.376890800217884,,,,,,,,,,,,,,,,-11.707339460752685,,,-52.28460478060419,,,-8.084539174539744,,,-2.2743698015433087,-2.01283979636116
2016-05-13,3.0200384115890193,,,,,,,,,-6.847136074929563,-4.666327662270095,,,2.1016099450839727,,,,,,,,,,,,,,,,-0.049679166697874866,,,-2.684377623295236,,,-20.4540561489404,,,-0.14167970346923023,9.930724335927579
2016-05-20,-1.6062974442312732,,,,,,,,,-0.1509434584446837,10.132720400345267,,,-1.4728742107616397,,,,,,,,,,,,,,,,-0.05443314029637486,,,-0.17291981878807622,,,5.396368704976739,,,-0.1264039342476475,3.7270247251446995
2016-05-27,3.1553121383751837,,,,,,,,,2.3878053264502723,1.0197732367466457,,,-0.14214157551242115,,,,,,,,,,,,,,,,-0.3117919320347081,,,56.05097126743069,,,29.612457616336165,,,-6.753442284006608e-05,-2.4858941493385025
2016-06-03,-1.3265321568862807,,,,,,,,,0.10061989338964797,1.4526116767862303,,,-2.76283305609233,,,,,,,,,,,,,,,,-1.3434837663748747,,,-0.3963044734356252,,,-2.3893692081225613,,,0.14880936802523953,-0.7149387343837612
2016-06-08,-2.2642694097222233,,,,,,,,,-1.2364939892175395,-12.600410668352511,,,-1.5197238896947671,,,,,,,,,,,,,,,,-0.09598356575925915,,,-2.756416422993003,,,-6.940468307129542,,,-2.805478229188098,9.495002562743707
2016-06-17,6.689080794261287,,,,,,,,,18.44968422410339,21.132050907120156,,,-8.82063539704487,,,,,,,,,,,,,,,,-8.527945526313665,,,11.973816559830594,,,-24.16865520887566,,,4.321592323894984,1.2014855573547134
2016-06-24,-0.554724101210888,,,,,,,,,-9.972529018349892,-13.129084832697776,,,-0.20277570676895196,,,,,,,,,,,,,,,,-1.5914664144072517,,,-0.03972709230250594,,,-25.608347309050416,,,0.32296667808602375,-0.05597831597469394
2016-07-01,0.11799150632481042,,,,,,,,,-0.03155725436586122,6.658531513087636,,,-0.49041907615565017,,,,,,,,,,,,,,,,-0.45914592350673955,,,-1.0353238307563162,,,8.58660331329285,,,-0.8794022358163872,6.304570339339245
2016-07-08,36.95734547346941,,,,,,,,,-0.058506257183188394,-35.72592997277371,,,-2.631482852213704,,,,,,,,,,,,,,,,-3.7889475450410046,,,3.2230981851162226,,,7.123877129838145,,,0.11017645427458453,1.8367669072324135
2016-07-15,-8.864524891005985,,,,,,,,,37.360208582752826,3.410514595468235,,,-0.661830807967802,,,,,,,,,,,,,,,,-4.675260036494586,,,-0.2938542266880708,,,1.842551764816871,,,-33.9690526389748,-8.914131329888011
2016-07-22,-24.188971289719895,,,,,,,,,-0.14562405635558232,11.231918796800818,,,-0.8058929697921302,,,,,,,,,,,,,,,,13.102379645960019,,,-14.475922684740375,,,2.0720435135750916,,,0.030464545862470438,-6.716885393136053
2016-07-29,1.067830484812112,,,,,,,,,-0.2479952567734122,-4.2269873734379635,,,0.05278966708002686,,,,,,,,,,,,,,,,7.172884824058563,,,1.3923367339719448,,,0.055230582236214354,,,-0.41223126394422727,-0.4205111486255266
2016-08-05,0.205293344506448,,,,,,,,,0.879549501185052,17.034870425127043,,,2.9027009113238345,,,,,,,,,,,,,,,,-0.03366856263251686,,,-1.5494197768869942,,,17.228675980409367,,,-0.1529962558689122,68.9653717577726
2016-08-12,4.988544973059341,,,,,,,,,-0.19963374652552882,0.27252841420641993,,,0.26362612383515965,,,,,,,,,,,,,,,,6.383509424480362,,,-0.058430283078693024,,,-17.47389050243381,,,0.6590688565896978,-1.3494064816816627
2016-08-19,-0.1784957087424522,,,,,,,,,2.386460904181745,3.766082289421064,,,-1.5191911710884867,,,,,,,,,,,,,,,,-0.009471986488900824,,,-3.8462951915415915,,,-17.31685789934988,,,14.03358745856166,-53.40990564485343
2016-08-26,-0.41733082454907044,,,,,,,,,-0.09733645117680842,-0.5561766951204572,,,-1.1840706679347863,,,,,,,,,,,,,,,,-3.4622277478737846,,,0.9027707702349307,,,1.355142292014682,,,0.6328367840934128,0.1640124480622774
2016-09-02,-7.038086936905289,,,,,,,,,-1.0653384904671892,10.464548269187308,,,-1.1888323768891924,,,,,,,,,,,,,,,,-1.0460829517678718,,,0.4766345775226988,,,2.6549325676020223,,,0.4108314437218854,0.3153914012769219
2016-09-09,-6.953760220549158,,,,,,,,,2.0369512397075153,1.9746787971989803,,,-3.2376463072780544,,,,,,,,,,,,,,,,0.8777885817706885,,,-8.5359954948524,,,8.641281340542266,,,-0.3579911080541276,-1.8960243136400166
2016-09-14,-0.35718811657504346,,,,,,,,,0.0031876747033642502,-8.911898849336586,,,-0.3459200221610687,,,,,,,,,,,,,,,,-3.2223631204702423,,,-1.966410463969246,,,-1.1053339766250105,,,1.6919188665944946,-3.6508796170785964
2016-09-23,-0.09616016707785728,,,,,,,,,-0.041059846091300145,-6.70505148006362,,,17.976072360009667,,,,,,,,,,,,,,,,0.6751581287843036,,,7.602682562643892,,,-2.310253374665939,,,0.42252023041971426,-0.8181721862980892
2016-09-30,4.71239140551962,,,,,,,,,-0.06922342683856245,-6.992545277124347,,,33.13984191388167,,,,,,,,,,,,,,,,0.0857232227246392,,,-0.2739870799823967,,,-13.955731240758729,,,-1.2072992638003366,-1.0209296083088524
2016-10-14,-1.1164584587181154,,,,,,,,,2.964420867993673,-4.182097057996611,,,-7.304148424924417,,,,,,,,,,,,,,,,-0.09658826292365169,,,-0.7687733214085131,,,2.114867897019846,,,1.109747433862135,-0.7002972016716811
2016-10-21,21.561525658599376,,,,,,,,,0.8318537579951697,0.7219137077692913,,,11.538230275978428,,,,,,,,,,,,,,,,42.76613116336231,,,-2.6373828869135325,,,0.27582164131660214,,,-0.015342761372605207,-0.40286842897903485
2016-10-28,0.008272735345422583,,,,,,,,,-3.5343395057262654,8.818319680282217,,,-2.2073922376292723,,,,,,,,,,,,,,,,0.9447801682865757,,,-1.319180969812646,,,-1.6228231391792811,,,0.31561502418509724,-1.8274448551511062
2016-11-04,0.9680738228138424,,,,,,,,,-0.14179335979939783,-1.4022133346088872,,,-0.18425123046945674,,,,,,,,,,,,,,,,-0.5407249136653225,,,-3.795123416315134,,,-6.419516727324377,,,-9.839748383287931,-8.113929287970185
2016-11-11,-0.5119778996977375,,,,,,,,,-0.11430507687665012,32.80563778900103,,,6.564743042589894,,,,,,,,,,,,,,,,-0.8915437807661475,,,1.4794262339686814,,,27.169192129310066,,,-1.3644042315824398,2.668133425845787
2016-11-18,-4.830700406729437,,,,,,,,,0.07359084107936727,2.468510988679272,,,10.138174299084813,,,,,,,,,,,,,,,,-0.03133518729962867,,,-7.108390035549565,,,0.34089294614367677,,,-0.01765040543186788,-0.6267785718354122
2016-11-25,-2.514177471599514,,,,,,,,,1.2162840519717109,1.5419757365840323,,,-4.73214625699333,,,,,,,,,,,,,,,,-1.8938814356166265,,,-0.553702015810891,,,1.0428624329944955,,,-1.1558605482676239,-0.41759405271782457
2016-12-02,0.08352541862565366,,,,,,,,,-0.09442827427929984,-3.0555975083920943,,,0.8084871109085855,,,,,,,,,,,,,,,,15.279226803690051,,,17.432814969992553,,,-17.41622936582272,,,-0.008940236812266036,-7.37032193195912
2016-12-09,-0.9110389960662273,,,,,,,,,0.19424800998165778,-23.784467594028417,,,1.7157320154639248,,,,,,,,,,,,,,,,-19.938425647522426,,,-0.4782356577155795,,,-12.719891431890563,,,-8.665227061662172,-0.04291360063873789
2016-12-16,-3.1507202614254823,,,,,,,,,0.08741091986260724,0.638619465159225,,,10.04145487602944,,,,,,,,,,,,,,,,2.3320226170755327,,,14.652814505603208,,,13.370504986208182,,,0.1864891611352892,-0.7599229223323261
2016-12-23,-4.876932622444674,,,,,,,,,-1.1759963260553843,6.6363434905731555,,,-0.8396840763418407,,,,,,,,,,,,,,,,1.4227674808871362,,,5.507657906386367,,,-0.14717213517869415,,,-0.057179280624084165,36.43959596986679
2016-12-31,0.1776219388122976,,,,,,,,,-0.07102958328145112,3.6286849775289705,,,0.9836013714310186,,,,,,,,,,,,,,,,5.895738760498054,,,1.5385675623313,,,43.4273104672269,,,-2.5357934230052015,-0.9148600795683053
2017-01-06,-3.865859984812683,,,,,,,,,0.4199649892410084,0.19763457976279633,,,2.300101756892948,-0.4908916992775475,,,,,,,,,,,,,,,-0.37854908880514465,,,3.0149493831441943,,,18.765020041877055,,,-46.51805534216397,2.482894808571947
2017-01-13,-0.1719906434675807,,,,,,,,,2.22349320695489,0.9445318821671262,,,-2.4179391428038515,-0.09788174084892401,,,,,,,,,,,,,,,1.1908400573402558,,,0.5433400995391456,,,7.715087421621412,,,-0.9232736448566597,-3.2042213628662486
2017-01-20,1.0412390949709884,,,,,,,,,-14.64895859399504,0.37634453287393965,,,-6.654067002944927,2.5082754425556857,,,,,,,,,,,,,,,-7.464761776426069,,,-0.9910366574840735,,,3.0938144924303326,,,8.57331207809553,-6.785475376102171
2017-01-26,-1.5025929939451523,,,,,,,,,0.8112049647966568,-21.771839647283393,,,-1.6972556491143547,-0.6091129820834544,,,,,,,,,,,,,,,-15.015039457831701,,,-2.4483425938042402,,,-26.317402609087196,,,3.0004526038171915,-1.5119770722318355
2017-02-03,-0.4868573546666688,,,,,,,,,-6.0621620256767725,-3.759285132836997,,,0.551090839126703,15.886510661259056,,,,,,,,,,,,,,,-0.3506203686475605,,,-3.0452616599285323,,,-4.907692537617164,,,1.5866652201873488,-0.4718795231235794
2017-02-10,3.0106590769570696,,,,,,,,,0.34754282677144244,-7.254880195882151,,,-1.388293863157465,-0.7442415505733153,,,,,,,,,,,,,,,4.210666243222511,,,-0.2517751915608084,,,-1.450035450621575,,,1.1551125198781502,-0.7118157827099025
2017-02-17,-1.8288095240378228,,,,,,,,,-6.707531619328506,-4.589073053571533,,,5.814678773288353,-1.3529032115201918,,,,,,,,,,,,,,,-5.646808243284446,,,-0.2093567171022097,,,-4.228035816629483,,,2.5668280921510243,-1.3578559241596653
2017-02-24,0.22113926814383575,,,,,,,,,-0.049069433319895654,6.828401749907986,,,-51.01880423545393,-0.4411541111942534,,,,,,,,,,,,,,,-5.860544845684407,,,-3.832867507455867,,,0.23722492069774215,,,0.04549519689303074,0.3231546153645328
2017-03-03,0.3851968902582308,,,,,,,,,49.77421041374323,-31.251965054941948,,,0.24700790081296575,1.765573289192147,,,,,,,,,,,,,,,-0.3244332481274191,,,-0.167672566533499,,,2.2335229930334264,,,3.39061512126543,-9.034567850796284
2017-03-10,-0.7469979928754464,,,,,,,,,-0.07474843731282844,20.440612976750508,,,-25.21131311595888,3.0227761081099507,,,,,,,,,,,,,,,0.026235438023395535,,,-0.8535147272213458,,,-12.16297940339961,,,-0.6485068411372013,-0.010265208638579493
2017-03-17,5.299891335541585,,,,,,,,,0.8116718842987625,-2.1702782932660893,,,0.2248031033894164,-0.0879740436223887,,,,,,,,,,,,,,,-4.767597697996667,,,2.565659339856057,,,-0.9125250820740792,,,-0.046249552170220413,-0.19177926191907385
2017-03-24,-2.3359866248212344,,,,,,,,,0.7855479963832894,5.3116754971876485,,,-0.23676541994607683,-16.20051836953412,,,,,,,,,,,,,,,0.7137159564272357,,,-0.41278520964616905,,,41.136571605835194,,,0.9011255249881147,0.10537169012243927
2017-03-31,2.3860912274124626,,,,,,,,,-26.125506651249786,-0.00072465597392668,,,6.111701761385208,1.1204628203277893,,,,,,,,,,,,,,,4.886895159395319,,,5.324553860846958,,,-4.249531591237722,,,1.4560076774773272,0.5312436470872006
2017-04-07,3.405233221553584,,,,,,,,,-6.058687380990956,-0.30361934122178574,,,-0.7868233497180295,-14.276176353352172,,,,,,,,,,,,,,,0.30283497537431503,,,-0.178600696439761,,,21.706350488638744,,,-0.2730066878974497,-0.2001196715846931
2017-04-14,-0.1329731640069194,,,,,,,,,-0.16004178295772795,-0.07621897789109836,,,-0.03576599895313334,-1.5641720781026567,,,,,,,,,,,,,,,1.2675824848726813,,,-0.4890257534760962,,,-9.061647656526612,,,-0.2942934947422093,0.10852769262541864
2017-04-21,-4.149665482711102,,,,,,,,,0.4418656851461803,-1.160748047903537,,,1.8930444180394117,33.449626652936296,,,,,,,,,,,,,,,-4.019878604840223,,,2.33674211319059,,,-5.370390559492404,,,0.025424820781324853,-0.07701994333433207
2017-04-28,-7.4075976747832595,,,,,,,,,-0.015280393294475808,5.123608652188112,,,-0.32617975965939205,5.074975562705464,,,,,,,,,,,,,,,-0.12559042836430004,,,0.3669545823495245,,,-10.187720259756112,,,-0.3514679219173009,-1.405217596933614
2017-05-05,-0.13867334602430026,,,,,,,,,19.367217016707826,-10.325833135864901,,,-0.28745116390866865,-6.912782749781676,,,,,,,,,,,,,,,-8.687667939420916,,,-0.011769890505466334,,,-9.194002060697418,,,-0.6963113215973562,0.7208782185185744
2017-05-12,7.0891217054069156,,,,,,,,,0.740618973803093,9.266131146849249,,,-0.1994690951954594,-10.903035738460074,,,,,,,,,,,,,,,-1.6047684394144985,,,-4.618367498109309,,,17.647664926284175,,,-10.300476085351907,-7.168218265729879
2017-05-19,-0.4482732585826895,,,,,,,,,0.042915322853214324,-1.060045792980775,,,-3.61670015803639,2.930684135193073,,,,,,,,,,,,,,,10.010536433710147,,,-11.510998565996555,,,11.173084824665874,,,0.5285123731424739,-0.7156930352571176
2017-05-26,2.9037419512200113,,,,,,,,,-0.9504392788232772,-1.200045643457364,,,-5.498536701937499,0.11133312344761667,,,,,,,,,,,,,,,4.2331201420626385,,,-0.4928448668919998,,,-2.595432011743878,,,9.192196617210643,0.592007263932677
2017-06-02,1.8252899869909296,,,,,,,,,0.09635102586691088,-4.224338200015286,,,-1.7233722139490375,-0.05022648744359519,,,,,,,,,,,,,,,-0.8868268540879309,,,-0.1132701426942914,,,-4.675112364984112,,,1.4025588246181944,-0.8315307849112564
2017-06-09,4.305298322935365,,,,,,,,,-0.022569313624622132,-5.913517411317736,,,3.5740466430861533,11.469011862202837,,,,,,,,,,,,,,,-6.552830920207968,,,-0.6118944977754663,,,4.815628359362385,,,0.7575958914052974,-0.4361688422655341
2017-06-16,-1.329331561296878,,,,,,,,,0.059991075409669026,0.482311133280927,,,-1.605033969376717,0.7117424277722773,,,,,,,,,,,,,,,-0.6243377702022817,,,-0.061239626744336875,,,3.490179891780352,,,-8.375019434163569,-0.8159647173021478
2017-06-23,2.3791872506227256,,,,,,,,,-35.60740483141902,16.406846284281997,,,-4.220789173213042,-0.4921947552597873,,,,,,,,,,,,,,,-0.31060532873754426,,,1.5298191652099447,,,-18.245459901236607,,,-3.733391405928754,0.16740270413259783
2017-06-30,-5.125243687328969,,,,,,,,,-6.807746358465079,48.38747929466938,,,-1.4448472249597908,-0.228383376214006,,,,,,,,,,,,,,,-0.48123226150268605,,,-6.321138142644095,,,-0.6916662042587838,,,1.3804619502104787,0.19919353706114817
2017-07-07,-4.322662123776033,,,,,,,,,-0.4966699731100607,-2.424030781238691,,,-1.0283973410352585,-0.13408719435668387,,,,,,,,,,,,,,,-2.3814429799649033,,,-0.19523994767590494,,,5.338086619331098,,,-1.877486837426541,0.24215793192003732
2017-07-14,0.09665149164922537,,,,,,,,,-0.1900297674622048,-10.938114602125129,,,0.07703011895221801,29.25629247880575,,,,,,,,,,,,,,,2.550122319768726,,,1.1274828479299746,,,8.927883365912413,,,-0.396487386014054,2.71314452994602
2017-07-21,22.870524753182373,,,,,,,,,-0.10985261712216313,-9.479956768312361,,,-0.7944049301882747,15.672713547129463,,,,,,,,,,,,,,,1.4325113060025743,,,-0.6039273688090151,,,17.04143666742803,,,-8.143262235854763,-0.03432521527848342
2017-07-28,3.543938794957421,,,,,,,,,-1.2395514905505587,5.082190722758194,,,2.336683950308657,1.347049146812475,,,,,,,,,,,,,,,9.505724741520003,,,-16.295917751410713,,,-4.598319580369483,,,-28.785516490907295,10.75848370392924
2017-08-04,-1.9858259084061753,,,,,,,,,-0.0741592500032658,-5.570716853637593,,,0.4190707703232478,-11.331542010838671,,,,,,,,,,,,,,,-4.858643683790561,,,-0.13711608961576718,,,-12.02357357400814,,,-0.7741250193672032,-0.781828001896095
2017-08-11,3.6025422354874026,,,,,,,,,-9.973821779053157,-5.251927026301057,,,-45.093473147393,-1.0559652414785412,,,,,,,,,,,,,,,-0.47469783983460084,,,0.6252923604808707,,,-1.908880599358291,,,1.0001183780678458,-0.20501818142741446
2017-08-18,-6.710254337423095,,,,,,,,,0.47173162491903814,3.1819176999434777,,,0.5274556913655112,-2.3455678764912964,,,,,,,,,,,,,,,1.036244998829647,,,34.44593616894832,,,5.726030780553601,,,11.13998340565412,-2.4703059977377766
2017-08-25,-1.5329679097652513,,,,,,,,,0.042179358473615564,40.38966076846912,,,2.1989294444380993,3.095270317284552,,,,,,,,,,,,,,,0.5284353649064232,,,0.8212119223431851,,,-6.569938841546468,,,-0.036512045398861,2.6807232116521553
2017-09-01,6.998640474492224,,,,,,,,,0.1294207710627504,4.117427004785267,,,-1.4194464024783138,-0.5959737974399213,,,,,,,,,,,,,,,8.075173477940414,,,14.363301541204516,,,17.37033289144994,,,2.3764498516313313,3.7630647253003953
2017-09-08,2.3677919693240495,,,,,,,,,0.08444676369515114,-5.890483024268893,,,-1.8731667921542596,0.08859617331048517,,,,,,,,,,,,,,,0.25155040636461506,,,22.199615669594653,,,3.247145837632334,,,-6.6780314634956985,-0.5787661107947911
2017-09-15,-20.234453060633054,,,,,,,,,1.6505660078055935,-1.7992317879836301,,,-0.5331963302863232,0.4970848397708594,,,,,,,,,,,,,,,-8.533846984663501,,,1.1142353907842177,,,9.424293851648097,,,-2.763460570886487,0.2131666573126289
2017-09-22,2.3075215972331518,,,,,,,,,-0.5174034794565586,1.3005675172778917,,,-0.23430765545262763,-2.1537660692182445,,,,,,,,,,,,,,,-0.2460722942134259,,,0.20073602634079474,,,-14.277886112232517,,,0.2957671799675383,-5.497325938823803
2017-09-30,9.44778397700066,,,,,,,,,0.5117999371596321,5.730330936965425,,,19.63380186222253,-14.87376360941841,,,,,,,,,,,,,,,-1.073278631265436,,,-1.6050890835806255,,,-17.22695780859874,,,2.083410342581784,0.19833507769901643
2017-10-13,-2.475136368518427,,,,,,,,,-0.1704881343274678,4.774777098034464,,,-0.7320430173861197,-0.5150150120905433,,,,,,,,,,,,,,,-0.35401077764899586,,,-0.42218497728851545,,,-52.10245363451762,,,4.401194751690026,3.8346876459565635
2017-10-20,-4.669641052085337,,,,,,,,,-0.06587511414288592,-4.782234563244822,,,18.23283423394392,-0.36970369023053523,,,,,,,,,,,,,,,-0.6082167783474292,,,-10.394109518970545,,,-44.04849537423903,,,-6.657351331444618,37.00532819781905
2017-10-27,8.380507158559816,,,,,,,,,-0.06495698442362681,73.19098341106381,,,33.77436413610884,34.18095311924302,,,,,,,,,,,,,,,-2.8345643910355225,,,-0.010473477685513197,,,0.9542563179155272,,,-0.5898479693473309,-1.939556751049341
2017-11-03,10.278369796969052,,,,,,,,,0.030903878317953284,-12.079270050710154,,,0.2384273127148564,-28.020192658310766,,,,,,,,,,,,,,,-0.26189642536217284,,,2.280772988808616,,,-8.945913515767582,,,-0.8565868458383484,-8.516699003922348
2017-11-10,-1.0962105826406308,,,,,,,,,-1.985016711899706,9.68287595592523,,,1.9901584815987414,16.04705495769244,,,,,,,,,,,,,,,-2.7012548270329235,,,3.630839705305869,,,6.482291534995285,,,-1.7075501504179673,-50.60000610532765
2017-11-17,-0.725689319064908,,,,,,,,,-0.1220930794137752,-3.190248338100612,,,25.721020294709092,9.285443682525768,,,,,,,,,,,,,,,29.689534874661213,,,3.0222993478907956,,,1.1931897383595136,,,50.368913008518795,-0.048002408774341504
2017-11-24,-0.6785531508423129,,,,,,,,,0.04755184590316367,-14.412408418192449,,,0.1357361452085744,0.47722876194774494,,,,,,,,,,,,,,,5.554643581803014,,,4.164065705845781,,,-10.763682713735877,,,-1.063870800468344,4.979413235275533
2017-12-01,2.6462407466903857,,,,,,,,,-0.1503293319555765,-0.9060898897180206,,,-0.04472426691156087,-18.147430356370513,,,,,,,,,,,,,,,-1.449870675200813,,,9.76278838111881,,,3.8969083496017864,,,0.10472404059989743,-1.8778113560462337
2017-12-08,0.32216371712507286,,,,,,,,,-2.702029057935843,2.713055406487445,,,-0.8264031151830351,0.6008682759688655,,,,,,,,,,,,,,,-0.28421739157750836,,,-11.374485654108868,,,-3.343298432117379,,,-0.04019049165690444,-0.5814515513786292
2017-12-15,-4.984535255554677,,,,,,,,,3.100487925958081,2.864536478187054,,,7.544427444131193,-0.889986233475273,,,,,,,,,,,,,,,0.18195842592569333,,,-0.5998274344983993,,,18.399164237928932,,,-4.9952271329313405,-0.4060073833251967
2017-12-22,4.987007091323752,,,,,,,,,-0.01739991802442667,7.043875239765736,,,-0.5093018573651255,-1.434075558418027,,,,,,,,,,,,,,,-1.3779104260252777,,,-1.5040738950384558,,,-8.330054645462782,,,-0.9739050623332863,-51.72460402653287
2017-12-31,0.7075241695838379,,,,,,,,,0.08208513214375933,3.8798099556574126,,,0.26596880471682294,-51.86046891673767,,,,,,,,,,,,,,,-8.021327789156068,,,1.9056728087092853,,,12.6806095980285,,6.768476204217149,7.739650554817521,0.2461368504841529
2018-01-05,-14.43301686365953,,,,,,,,,0.13386554927620944,1.0291702654105137,,,7.564486923431213,2.764199145374085,,,,,,,,,,,,,,,0.01825498718262626,,,4.564372758706486,,,-18.122175663833776,,31.515391382432654,-7.647847200268484,-0.4913336545599103
2018-01-12,8.094885993442695,,,,,,,,,-0.8744988372734236,2.3473417714635296,,,-29.40758436917832,-2.355727306943612,,,,,,,,,,,,,,,0.1713273233754908,,,0.45388369703401343,,,3.8509646992043525,,-0.6222494530645808,3.2814036131793114,2.4860294860220384
2018-01-19,-21.434258382732153,,,,,,,,,15.50485994553051,-22.316746314565794,,,-5.6799114809093725,-6.741589742887988,,,,,,,,,,,,,,,0.050639565726629754,,,-21.0023588581818,,,7.992090694555529,,-57.75648406100931,8.728036239611773,-0.26657534811915784
2018-01-26,-0.5050153769515471,,,,,,,,,-0.023185735912327025,-0.22327227347338185,,,-3.7500313194109642,3.2571445216693267,,,,,,,,,,,,,,,1.795885970002388,,,-5.5541407086993235,,,-11.012747873041242,,9.001605023616165,4.215336268535296,-1.2816910973720521
2018-02-02,-4.3082121889346014,,,,,,,,,2.1489890892702483,-2.7505780958341077,,,6.158787652524325,17.472451647001115,,,,,,,,,,,,,,,9.445588913580552,,,-1.7345482934707364,,,-58.92691967071408,,-0.6316730311078307,-1.5684474707470564,-24.17018588566139
2018-02-09,15.860180079282419,,,,,,,,,-0.21049463653585315,-1.9721202655726642,,,-21.61843785301488,-0.7641276608091749,,,,,,,,,,,,,,,0.4474798628348095,,,-1.7993564765021892,,,1.4697421918002092,,-1.6798633141504675,-2.8738456631049005,-1.4709568771086399
2018-02-14,-11.135581914825291,,,,,,,,,-0.16445874463503496,2.259735753512863,,,-5.040361155450068,-32.58062483540947,,,,,,,,,,,,,,,-0.18995700775085553,,,0.3541729800897443,,,-9.310527719759389,,-0.43368599799861185,-2.5384281276702643,-1.5449508179829294
2018-02-23,0.10989280467577167,,,,,,,,,-0.927849708933298,-7.675796370958491,,,0.9395342862012447,-3.7120410102117902,,,,,,,,,,,,,,,-0.6471406768451196,,,-3.281369714972628,,,3.728962649149401,,-0.3793095638597106,-22.104265402713622,1.8856997028759888
2018-03-02,3.232865587727568,,,,,,,,,-0.009118620257833242,33.493472777643426,,,3.1982546834554917,-18.302224497356086,,,,,-7.155317960180891,,,,-0.5477280405908345,,,,,,-4.862019370181318,,,-0.6578964830060614,,,77.02566080653258,,-0.1208646541716498,10.80948963445191,-0.1346522460370158
2018-03-09,-5.4444074232871404,,,,,,,,,-0.4888954136966229,-3.1376105926056272,,,-2.135745044925626,10.476111345412118,,,,,0.8574542491727863,,,,-0.7502913265436714,,,,,,6.369750482689873,,,0.06299365234972551,,,4.363568960938712,,-3.145456381829065,-10.979092122755853,2.5061071473812606
2018-03-16,0.7476416585687942,,,,,,,,,-0.51420965989603,-13.646034291022255,,,-7.907076994995071,11.589863656674579,,,,,-0.04611035750816478,,,,0.07464830175735894,,,,,,-3.165221902667312,,,3.247556191088582,,,25.894123062185393,,1.2336984867977792,-5.402990920938942,0.09123812879824725
2018-03-23,-0.6041244107909358,,,,,,,,,-0.9221492983130283,-4.845843331568066,,,2.83123530512197,2.5720688019753775,,,,,-0.10360003617278721,,,,-0.6035662192491149,,,,,,-4.4236515742628075,,,37.70852585743038,,,-3.3227230003144403,,-4.524676313571498,2.54082655805129,-14.175751382372146
2018-03-31,-0.36990144558350635,,,,,,,,,0.43596457225058993,20.82300995986868,,,-2.27107869167342,-5.607205559566582,,,,,-0.009972522593444347,,,,1.4329001810050237,,,,,,0.20556532524989346,,,-0.34661574678020307,,,1.9024564180973442,,-1.084127317197358,2.0898108372030526,-0.3673411467600497
2018-04-04,-16.433486987210358,,,,,,,,,1.4372397373971857,-13.104126771854606,,,-9.48434687072493,18.32658142713556,,,,,-8.853895090218593,,,,0.047747323834382405,,,,,,46.97956216075902,,,16.41193008367892,,,-5.815889563107669,,-1.1677083445724779,-9.853389744265382,3.3306409355939084
2018-04-13,0.7614670428442748,,,,,,,,,-2.2610593045867975,0.9022187009679054,,,0.6095964159449796,18.005417254766563,,,,,0.12194545222459108,,,,6.411600509054733,,,,,,2.166617124769725,,,-0.45266432174547333,,,-21.663130273036863,,1.6903732476036208,-32.064154719111336,-0.36755460684931207
2018-04-20,-0.26087095806805244,,,,,,,,,-0.7448989815935798,-12.405978346765503,,,1.993541054101105,3.8015141414163374,,,,,-0.13874159532961428,,,,-0.5208881641267498,,,,,,4.040762711531379,,,-12.53746494944721,,,6.465755392228239,,3.1613069485234595,-45.963493477792625,0.9954988795161541
2018-04-27,-0.2034846983635653,,,,,,,,,0.9809906247684215,-1.1141118889460988,,,-3.2333212207014355,-11.712419156693285,,,,,0.09762277050903648,,,,-0.15067161774793264,,,,,,0.2695575380741254,,,-3.8921522094245344,,,-7.824531968416618,,0.11134117189944406,-9.064866469289926,-12.015364003454435
2018-05-04,2.6636664032281967,,,,,,,,,-0.017693170718874798,5.808981850378098,,,-6.29941668442854,-1.6510480310610256,,,,,-0.042861742307633274,,,,2.865697260046832,,,,,,0.2533861466537597,,,10.89993677407725,,,9.17983083728794,,-0.1203030546745465,29.88250231478899,7.647077166456842
2018-05-11,-14.534714227648356,,,,,,,,,-0.014933802873424065,0.23953562992751842,,,-1.7241200982980334,-52.794430306570014,,,,,-0.054470331835510366,,,,8.070973044672249,,,,,,6.962160922057708,,,-0.11538808221135177,,,70.87557971059036,,0.926621611955955,0.3542362227084439,-0.1608275873438576
2018-05-18,0.9015371685063092,,,,,,,,,-0.06553486847850311,0.42962848995331593,,,3.618128584461295,5.29413799238735,,,,,-0.2507586912133962,,,,0.047791566215173456,,,,,,-12.243644179963963,,,-5.882671885824956,,,57.10606012759966,,0.0557931963746523,-3.1406153371444074,9.990963182405464
2018-05-25,10.929330985000062,,,,,,,,,-1.4282709045680413,9.288094230075409,,,2.784424707610312,-19.413000200640003,,,,,-1.4540840004862838,,,,-0.029620476639096532,,,,,,11.814809754680653,,,-0.11936034708471385,,,13.079494110283697,,0.9624265785815144,22.175900561863397,-15.513171032496004
2018-06-01,0.6859912134004666,,,,,,,,,-2.5090543725230483,3.2988987447664107,,,-15.848312903566748,46.8104614542144,,,,,0.8193387168418989,,,,13.173872880968563,,,,,,0.1966987452629933,,,4.266804941375327,,,-9.942707094839427,,8.271038137667317,1.4336743910267078,7.158336716080871
2018-06-08,-8.757940932341514,,,,,,,,,19.5888169018963,-3.2233490493912873,,,-0.5653032034184333,1.2400042210817792,,,,,0.4359453310470132,,,,-1.1816534885943135,,,,,,-0.10676588099409194,,,0.4769390464383294,,,-1.0154742213077976,,11.613209208286136,3.5404357867857237,-0.1146527851157381
2018-06-15,0.18041211008072702,,,,-0.06883510112545087,,,,,-0.12652325177968682,-1.9945253005433756,,,-3.2941079753709643,3.205596010675399,,,,,-0.2173298048477323,,,,-0.013979095408909487,,,,,,0.16971905854594396,,,0.550795656602994,,,-12.130333454391181,,-11.616757135286514,-5.7845581686180525,-1.3751877156448489
2018-06-22,0.5703528710983686,,,,-35.453535675369096,,,,,-0.4683023758655168,4.0827232639281625,,,-0.05197538514701487,9.402899216717175,,,,,6.228586057023978,,,,17.641981955866918,,,,,,-0.42560182364305865,,,-1.4859976974944753,,,-1.9277120689099425,,-0.4976236518079662,6.59171065354781,1.407780823194495
2018-06-30,-26.45309480558219,,,,-0.09767796409651275,,,,,0.7361149273033929,-58.06333129395548,,,-2.4585632513486964,3.77255187790822,,,,,0.5917338081854999,,,,-0.09224048188508514,,,,,,0.6444601703334667,,,8.84468947419339,,,1.5021557780976575,,9.297686118107874,-3.1521338630552105,1.074633635627675
2018-07-06,-24.374493410964224,,,,3.2115436532923014,,,,,-0.144559897968285,0.26684160867808493,,,-18.442647475921795,6.384942505352523,,,,,-0.34660916383123636,,,,0.1786708624780989,,,,,,7.727218258961449,,,1.6426132414857904,,,-3.322161834475437,,-0.3449935278648403,0.7819525424532241,1.5858491662494938
2018-07-13,2.152591081659335,,,,0.0021787964614906757,,,,,-1.6623573755052758,-0.027303978857149636,,,-9.637943576237593,-1.1876746343376918,,,,,-0.013603586723688332,,,,-0.13866359405129772,,,,,,-6.322150498321879,,,-1.3088288977694194,,,-5.65922389544297,,0.46237452691615477,-3.0074385487993527,-2.9749990214133906
2018-07-20,0.3568550595772974,,,,-0.421633787897071,,,,,0.06259704758897372,-16.112160897011318,,,-1.0891172665032771,0.5794274877668396,,,,,0.13355265588986498,,,,-5.699815794669282,,,,,,-1.4355907775307988,,,1.6462907337711203,,,8.080734631714847,,-1.1699623036855484,-0.6753541684468489,-1.8043298544755764
2018-07-27,5.67988969906307,,,,10.992117603751172,,,,,-0.4501304514900548,-33.5086927325656,,,3.7500397048908525,-37.05602172994559,,,,,-1.4963963906442297,,,,-0.7598432181566678,,,,,,-6.631614571932233,,,0.9129182306343768,,,1.928126881481382,,-6.709249231097111,-63.57277041593293,-1.3430715063464715
2018-08-03,-16.96528035288869,,,,-0.14258571576959184,,,,,0.2857596180290278,15.069560996862448,,,-7.909549150355344,-35.24554919530741,,,,,-0.8244132772263802,,,,-8.187354725171495,,,,,,-0.38468514997056824,,,-5.267257169089787,,,-1.0391238941624608,,7.517060973879456,-8.457644575615696,-0.3371468771029344
2018-08-10,-16.031425975739097,,,,0.374369629128213,,,,,8.584571882913696,1.6918562173349925,,,-0.4342257845411838,-13.872281691744838,,,,,0.03565246739115091,,,,-2.819315791427838,,,,,,-2.3133901606769984,,,-8.967429997427077,,,2.977168476342233,,0.5901774962955069,2.8063544122670487,-0.5737033414802519
2018-08-17,2.65547637611927,,,,0.12146836172853842,,,,,0.9103913703415707,-32.940775626342344,,,-6.200312062206981,6.760587577554966,,,,,0.3561765202429269,,,,4.194043918958661,,,,,,6.707673951249792,,,-3.0943124796238184,,,-1.9038097118205595,,0.8651359385033044,-5.738985175978578,-10.136322088680885
2018-08-24,-2.4930028564830824,,,,-2.2225616555318926,,,,,0.9218336413685363,15.340925154410167,,,22.312402070176297,-3.4935897731884182,,,,,0.13353934191402023,,,,-0.3369824479242025,,,,,,-0.41332377437465573,,,-4.019423309371572,,,5.098331752969171,,-0.1578452869081959,51.65894968661178,0.6059346989153653
2018-08-31,5.325545272392739,,,,1.2637482149753416,,,,,-4.605157524761541,-1.298206089992238,,,-3.924272249921158,10.439350554985541,,,,,1.0054447840303544,,,,-0.1796424790518253,,,,,,0.17532772906575758,,,-3.847260071972989,,,16.36714582703595,,2.412336151765552,5.647779738714284,-0.8428485050408975
2018-09-07,-28.8837592492424,,,,3.2805435070185616,,,,,2.3002868685777935,26.442346587486902,,,2.039061945685055,0.5033735641063259,,,,,0.5721804324217161,,,,-0.3926145989710554,,,,,,10.531801731544268,,,-0.2794752762402064,,,9.129762219813257,,-1.233733977110894,44.02331481303899,0.5267049432798419
2018-09-14,-0.04877296977380513,,,,-0.22036675360497932,,,,,-12.739333943666066,19.78611197845327,,,-28.179252079601053,-0.04691504270742619,,,,,-0.041527646738220285,,,,0.20359822799293437,,,,,,-1.3138177650159455,,,23.18761105577183,,,-9.2435235699507,,6.001789267851716,-4.3192869862289935,-0.13615470502661925
2018-09-21,4.524500227056121,,,,0.010231985466352164,,,,,0.08646039735439104,8.047689674441198,,,-0.4932819049189098,6.877876421469801,,,,,-7.187873160268028,,,,-0.5541842812831628,,,,,,0.6304579624685986,,,-17.341603057245784,,,-1.0419715930540558,,5.261436856300985,-1.3652270295382156,-0.04159875841187216
2018-09-30,1.0287491441815653,,,,-1.8205190507149842,,,,,-0.3735190344269331,4.419654993521608,,,-16.162374919655864,7.825528527010372,,,,,-0.6547309123064555,,,,-0.5155525358094944,,,,,,-22.5824772882346,,,2.1682075966916408,,,-16.709865598203734,,-1.1212162965770243,12.2450143446627,-1.0864107342301703
2018-10-12,-0.023769361148881285,,,,0.4127432466657105,,,,,-2.3850515700792094,-6.943628440942321,,,0.8334120405572257,-18.668107729473043,,,,,-0.029698448262097013,,,,-0.0495763915006785,,,,,,0.6143721999812835,,,0.44418632609719,,,-3.117542103415451,,-5.793110719696955,12.136928304894557,-4.860107389821962
2018-10-19,2.1920755682672866,,,,-1.4601508690041167,,,,,-0.07682256737112292,-0.12153820756170908,,,-3.6434022442947236,-0.8597726178614311,,,,,-0.028824324177384564,,,,-0.2526494391729259,,,,,,-1.6228257005171665,,,-4.111796806967877,,,53.53356270537235,,18.283890323705357,-6.243356439333446,2.4513411991667633
2018-10-26,-25.648649047006465,,,,0.24687150832628557,,,,,-28.512699916487147,0.38984895394617475,,,-4.689965205364814,7.768227733109794,,,,,-0.13822284159041948,,,,-31.178679610657,,,,,,3.207814268676299,,,-0.3870636426146398,,,-2.097218834550631,,-0.2720975633518685,1.8176047678162606,-0.10714172823008936
2018-11-02,-0.07064488388153557,,,,14.937641409197402,,,,,3.422846605989903,-0.3479096740057819,,,3.530477662194305,-1.531406316642378,,,,,9.691574507038942,,,,0.23615599893465689,,,,,,-4.093732384446391,,,-5.07998186844162,,,-6.041385775634761,,-1.36673186449618,0.540105929057001,0.901663166650393
2018-11-09,-0.15713630847368643,,,,0.759923704768086,,,,,-0.08833504910470447,-12.439267161114755,,,0.7547391446136694,1.6053158112504873,,,,,0.3779416122782578,,,,0.17305477933532135,,,,,,-31.147996305239154,,,-1.0191814396377377,,,-10.938476238977861,,1.5223143324676454,-14.56262581161382,1.589125237356381
2018-11-16,11.827450068360504,,,,0.04680746785144543,,,,,-0.051573592687625736,-11.759162500062189,,,-7.381850660146913,-5.059249026405608,,,,,-0.35273613579260976,,,,-1.8613571586389963,,,,,,0.05882579334889056,,,0.1924682171060874,,,0.2795665780602411,,5.005839225295962,-1.810953538757242,-3.372729807608753
2018-11-23,-0.3002691352453156,,,,-0.055735604550375295,,,,,0.23221075460884716,-16.72009183042796,,,0.16652506356798497,-0.2183794722279759,,,,,-0.014079854071589144,,,,0.5372964973830792,,,,,,2.8475920464144258,,,-0.4425143369970008,,,-15.336947901120961,,-0.27776883777638106,-1.0161787197879646,-0.014575592779942095
2018-11-30,-0.8254892066990567,,,,-0.032178455018302354,,,,,0.7992970452228283,0.5075858321112721,,,-2.265275828406909,-0.32942674869548133,,,,,-1.5726319541715377,,,,-0.26221043354427853,,,,,,-11.272180820112032,,,-2.241569952198236,,,-20.760217700438712,,1.4992124501793291,-3.6103173559916795,1.174762705209833
2018-12-07,8.972785390208465,,,,2.1528375610127726,,,,,-1.6145682648123891,2.992320790291539,,,-2.7858484846222393,-0.47020718279748636,,,,,-0.10911098996536207,,,,0.2962106528763492,,,,,,1.2931656441071566,,,-0.433427317046108,,,-12.993938947037552,,-0.15218763587563822,0.38095850716928137,-0.2892467224077291
2018-12-14,-0.890493078607435,,,,-3.330184921895805,,,,,0.18025230261744207,-16.79429369265889,,,0.5029068579603106,-4.082816058075142,,,,,-0.5922942704632823,,,,-0.3396917961410775,,,,,,6.876592023599492,,,1.038605257917938,,,19.662933183804515,,0.6084895380403723,-32.794786911449044,0.08928715609246077
2018-12-21,-1.8889084100619655,,,,12.642602828816067,,,,,-0.3077196420513121,-2.8187822629926647,,,-0.31113896409079156,-1.2644070633846005,,,,,-4.809984038922557,,,,-0.4747712568002478,,,,,,-0.8240634157086886,,,2.49788923411756,,,-1.0065129620976037,,7.152493835512814,4.265871859379947,1.9017161130242317
2018-12-28,-0.29420022524777956,,,,0.009103539980740552,,,,,-0.061859266641016236,1.2440185012232494,,,0.6695345036005851,-0.32195464230537973,,,,,-0.19427470947853054,,,,-0.04930118148990183,,,,,,2.200566933243962,,,-32.30236142257952,,,22.537906834552157,,52.31170735920979,-16.206701116719834,-2.3361349226959756
2019-01-04,-10.152566463223888,,,,-0.9470581304474954,,,,,-0.143996948874223,-7.010536045284919,,,-0.3502074099306682,4.862197450375812,,,,,-9.601525364772233,,,,-0.607620955877058,,,,,,-2.0337059387739416,,,1.715465340054216,,,-3.959433242968683,,-2.9038831900372384,-31.394504903284652,-11.789908080981071
2019-01-11,0.269923794758653,,,,-0.03102062455744775,,,,,-2.0373677679716327,6.794812304604947,,,-12.263446595467085,-13.564667112798757,,,,,0.44376105133498733,,,,-2.753947552496209,,,,,,18.18452855674415,,,-2.6548772359224055,,,-3.223435660793554,,0.07561574156218517,14.878493791531719,-0.30987957675460964
2019-01-18,2.4431857156691006,,,,0.01240969340899059,,,,,-0.25393838134901253,-0.7787713481773993,,,-3.3265472136152496,-1.0482178921249377,,,,,0.15743063274776437,,,,-0.01772225273931978,,,,,,2.998769105575719,,,-4.658998760802783,,,6.406718859915087,,-2.6330226545585123,-2.985412639684044,0.07431963625491729
2019-01-25,0.0672584671556897,,,,-2.2803656173100477,,,,,-1.2526232484694257,-6.041632770738197,,,0.9636886178149253,15.051498060502807,,,,,-0.15623375506872605,,,,-2.3481858232184436,,,,,,-1.1329752357228131,,,-3.71167052816323,,,5.770799606847485,,-18.305023918133024,-13.987287741275939,-8.392863878426327
2019-02-01,-15.204710056493337,,,,-0.2395327902513753,,,,,0.02668689429564619,-2.0318058263953507,,,-2.340834387101955,10.23008739010147,,,,,-0.03559033472408601,,,,0.22436810334456736,,,,,,-0.9549338420579468,,,0.04949682847065823,,,3.8494024536756832,,-2.4044540597193267,2.737384597769023,2.444921611006822
2019-02-15,-10.707625050709868,,,,2.716291408003017,,,,,-0.021079047285916912,-0.2587461661082657,,,-0.18614362887828062,20.711439873132907,,,,,-0.17335880625128575,,,,0.8782651070100234,,,,,,0.6144147563962608,,,2.2050681738477063,,,-24.703543215383164,,10.605171717624891,-52.361145776812364,0.25629745983051644
2019-02-22,-0.8478310687164501,,,,-0.11920026589692839,,,,,-0.16704927260824426,3.2029579661863306,,,-0.2509021111546063,-9.941988668504493,,,,,9.564114649711653,,,,0.00017481786103563934,,,,,,-26.23198000983007,,,-6.418115219765676,,,17.693220748832257,,-11.965010287881345,-1.0922747413687068,1.151992694077884
2019-03-01,-8.545343786740652,,,,-0.4660798827772008,,,,,8.571737097120959,-6.935824264944906,,,0.9667091568454991,-1.9621877727599033,,,,,0.11732844737452303,,,,0.026538141106393437,,,,,,-3.7336773315755813,,,-1.5473444405060948,,,-1.282698802211729,,-0.07266836999894999,4.746638289725527,-0.9270602024720555
2019-03-08,-0.22130890523996688,,,,-0.3731874454975219,,,,,3.868601525613963,1.9885210263774216,,,1.1787550983468584,0.8997355789683801,,,,,0.002030805930099161,,,,0.021280340164722522,,,,,,-0.31671312310280186,,,31.04578038601415,,,4.477236767813805,,-3.4934679248805036,1.3031810040335783,-0.1788342116700478
2019-03-15,34.29639383527203,,,,0.01682420293633946,,,,,0.4550705487067848,15.395397528899057,,,-8.823733197892308,-3.40719285487269,,,,,0.13894888410464368,,,,-0.1327086784798993,,,,,,-3.083385476221755,,,-1.4288587775996315,,,14.080308608670885,,-1.8511103646979976,5.2625469353543854,0.37692496116894136
2019-03-22,15.901810201293577,,,,0.4839841645888132,,,,,0.8687767999639671,-2.671250536674547,,,-1.0448321312356548,1.8045971945449588,,,,,-1.8859988228423734,,,,0.029414521439968963,,,,,,-2.733396879401512,,,-9.146836678067439,,,2.121408206093619,,53.88478013751431,0.18779183157721469,-0.26862268031075853
2019-03-31,-22.379442313970003,,,,0.09525502100365757,,,,,-0.1591970495539553,1.9754580503328398,,,31.97020056103926,-19.572842634976787,,,,,-0.2567426240766294,,,,-0.754141232303713,,,,,,0.9585640032595152,,,-4.23545050123236,,,3.818532149782554,,-0.668658280682466,41.887728171041516,-1.9071630828907247
2019-04-04,-2.1811137052521574,,,,0.8430044987004647,,,,,-1.2860128080416158,-37.7595159813074,,,0.38884683740694215,-10.162889090416606,,,,,-0.40922011525922997,,,,-0.025951181170317666,,,,,,-3.180987218396883,,,3.0395865267108118,,,-7.795526167108972,,-0.8199166486366617,-4.506633270021407,-0.9134054662829197
2019-04-12,-1.029118456914597,,,,0.12438719853180463,,,,,3.548298923476816,-7.787119151117431,,,-0.10914367601470802,0.3934085740672133,,,,,0.08531316082882655,,,,0.26385537347608795,,,,,,-2.6047076474269244,,,0.5658920534205584,,,48.262358498444485,,-1.3148953601686029,0.7688792375140493,2.4922337102051277
2019-04-19,-15.9402351230991,,,,0.17827037853636807,,,,,-0.18371379945195473,-2.7975315109855554,,,-35.00313992261211,-47.11074907014543,,,,,-5.301317126503528,,,,-0.10386563222714819,,,,,,3.7577105973217755,,,0.544612067270658,,,35.7326377366098,,-2.2225974392104977,-23.57183540461288,3.41604051047908
2019-04-26,-6.477572392107828,,,,0.011989183082369452,,,,,-0.2101426147550623,-20.917174234604705,,,1.9226499462920614,8.428274863704855,,,,,8.064085439750823,,,,-0.26066614836078983,,,,,,-0.7537155398652648,,,-43.486099327608116,,,5.991055178005356,,2.7459877413600084,48.60590525968556,-4.02527740727046
2019-04-30,-0.20754267277159133,,,,-0.09868907796999586,,,,,-0.12649451628062336,9.451218441362682,,,29.578493544485422,-2.543401347584312,,,,,-0.46545674004165455,,,,-1.0758648006970777,,,,,,-5.62329630573692,,,-28.676432276435037,,,9.500168969195181,,12.61964136251955,25.589218980848006,4.538589285798709
2019-05-10,24.17627375251683,,,,-1.0398380045624687,,,,,-0.06663330507106023,-3.62926213657968,,,-2.5440033599354877,3.2636544438445103,,,,,0.9617486036995269,,,,-0.058252228463013755,,,,,,0.41625253935543877,,,13.559675803133509,,,-21.31442825880996,,-31.492863550110677,-2.690711995020712,-0.7507055413553486
2019-05-17,-0.4596358998870596,,,,-1.673480448837595,,,,,2.4670022653390347,-10.573450011037565,,,-12.45430380975715,-0.8340948215245564,,,,,-0.18060092839407405,,,,-0.09217536953022651,,,,,,7.213093075204619,,,43.564284472345115,,,34.76191967558961,,-1.4246072181205136,-15.81591163410349,-9.087587726950545
2019-05-24,-7.313625272335694,,,,3.2007939585517198,,,,,4.236058456987265,9.862987871793193,,,-0.4608537687415317,9.767879750593984,,,,,0.1216863619688336,,,,-0.1608219287186335,,,,,,-3.0860198198412543,,,2.8702541261653183,,,-1.3341104856742303,,8.501584838118266,0.7673140120279953,-1.6045850944074673
2019-05-31,-0.6000526270260529,,,,-7.033662097647545,,,,,-0.03309255064675774,-0.9883604832356045,,,2.955255539936016,2.704584070871057,,,,,0.14223406264103358,,,,-0.067615963633259,,,,,,-21.987354691928697,,,-0.12925931900954965,,,-25.114358208088156,,29.55767385619765,-20.064663864602437,1.0485721853302585
2019-06-06,14.083212133908182,,,,-7.563387350136759,,,,,0.7903298382057791,-0.6480810082510011,,,1.7255231600975047,15.806195140736085,,,,,0.04423132348797598,,,,-3.6367642566999456,,,,,,-0.22175847648403674,,,-0.5369065477455593,,,52.66665016804213,,-1.6039655851832872,15.55975011941782,0.029386114356563464
2019-06-14,-0.29318275767613206,,,,1.626360286609232,,,,,-0.12986684886199512,45.690148364658036,,,-0.3872703757877812,-2.911703716478869,,,,,2.834309192647619,,,,-19.15913953844381,,,,,,-1.2209942485229746,,,2.0163204783868465,,,-2.4532505742946187,,3.067867136189177,39.75700372254981,-0.5756741238177183
2019-06-21,-6.9912873467301,,,,0.09971505347754703,,,,,-0.18908861293681328,5.897543917891137,,-2.31948611053128,0.6628748286375215,-1.2872632537944535,,,,,-29.516253818727137,,,,-0.2962748991984735,,,,,,1.248149993589044,,,0.6620786716502796,,,-23.82187691059721,,16.790756955605033,2.6448633917322937,-4.7761072897714465
2019-06-30,-8.08249827137784,,,,-17.561552358648584,,,,,-1.5258211691720356,-10.765782607566395,,9.475659864369723,0.3108892743784261,5.908711944879583,,,,,1.6220408793565246,,,,-5.146971714690228,,,,,,0.3526735303497985,,,-10.8364670106565,,,1.3903609793348344,,3.741959153955604,-54.840845518136526,-0.16317284089557052
2019-07-05,-0.31338808489608394,,,,-6.129237958320267,,,,,0.7290749865151707,23.604470315323564,,-27.795237657233464,1.776539520379706,-3.995590889957908,,,,,0.03639545162155247,,,,-0.09228359192507832,,,,,,-0.47862893815648244,,,2.671988145051187,,,-2.8491152434548623,,-31.852483080253442,-0.8208253963842187,0.14109218054070136
2019-07-12,-0.6326348139352115,,,,-2.982136047102691,,,,,0.08698578706132416,-0.34848143400659654,,-25.221863903618473,0.12088109378023987,-0.14687736777431573,,,,,-1.0385157733030974,,,,-0.22138274604752622,,,,,,-8.060751457206724,,,-7.875763601870803,,,0.4779776543157317,,-23.761303713510234,-1.9269316860808163,2.4487349015260373
2019-07-19,8.734004110255892,,,,-0.10753633221540239,,,,,0.15320996515869809,-4.471036513296305,,59.55591483286446,-0.3554913385843417,2.9095091533963933,,,,,0.011239512380667033,,,,-33.774180437708615,,,,,,-0.1311077513307783,,,0.7696990169635469,,,-10.4976445232917,,-4.827726960738574,9.71460465337019,-0.27273715759959805
2019-07-26,-13.425650296646145,,,,-0.3455305135779106,,,,,5.737842317257371,2.7386922478706732,,-1.9153953092106648,0.8602583766387272,-5.038006090149842,,,,,0.07014499171370497,,,,-0.04320958327755856,,,,,,5.311026637036147,,,-0.6173739651394146,,,-7.33912732377497,,-2.877125980202754,1.0694200100384972,6.536880432245726
2019-08-02,0.2027686449458148,,,,-0.10431922540577991,,,,,-0.5318958080455387,27.36140710297599,,13.41517703012072,-12.058805892401521,8.781340622573437,,,,,-0.061939900185385005,,,,-4.022889814141083,,,,,,-0.5686263245320254,,,3.1131789549227156,,,13.046523793829119,,12.786759744157923,-0.3277259916696025,-0.048607940646871364
2019-08-09,-1.308641082563666,,,,-0.36322164109615035,,,,,1.4096358860939562,-0.6680479414633441,,0.09253754946823842,-3.135947872926291,0.3917002572642616,,,,,-0.07843301690193057,,,,0.8449496089688685,,,,,,-2.450738399606875,,,-0.5624523339623078,,,-1.7643002349316554,,-10.263052449978261,35.000813699804254,-1.5972519375709227
2019-08-16,-1.7579997503035116,,,,-0.08876464973291892,,,,,0.07785977246561013,-5.7920584935295745,,-0.12994840134977043,-2.5578922324766187,0.08895683952124547,,,,,-3.0831084530402206,,,,-21.486705101978686,,,,,,-7.805438599433305,,,-7.552712857811196,,,-10.184622689806188,,35.38673420734022,-0.4846468867520783,5.220741481301609
2019-08-23,5.0021679627842115,,,,-0.062219045161356165,,,,,-4.634716920113864,-4.556391010532948,,-6.607753702832296,0.16357805682365673,-6.437193352714542,,,,,0.25145321123595044,,,,-9.501863020164507,,,,,,-30.584144399651557,,,-2.620657894138816,,,-4.002569875318009,,-11.050222318156191,-3.482169306282824,9.596970226103666
2019-08-30,-0.0667890885555827,,,,-4.243196839375811,,,,,0.07433373431775345,6.724781768548361,,-8.007102340846293,-4.461024421674877,-0.916512704178148,,,,,0.33534413133349,,,,-0.0026409511848925343,,,,,,0.41142603166315983,,,-0.857554145785214,,,1.1339949199421133,,-46.83236495941392,-7.926895667140322,0.01681284871893296
2019-09-06,0.523453908593135,,,,4.565095975495916,,,,,0.11357922615588259,-10.927042731504702,,-11.60465202804679,-3.7434635941507186,-13.887544413111982,,,,,6.1294997626799805,,,,1.6154675646352623,,,,,,1.5683314647661124,,,4.916479410230119,,,-12.763132245215736,,-2.388068085545755,2.5452114958357486,-11.819272682788284
2019-09-12,-0.7761446051615917,,,,-1.5571090790030864,,,,,-0.10528440854876232,16.034782250953327,,-11.84224139689934,13.70540448132783,16.58013342801876,,,,,0.9633490444807018,,,,-1.139513017991221,,,,,,-0.2524135316632954,,,17.140488707464723,,,-1.6936932336892965,,41.700757991470404,57.910963317768775,-0.20346108002580152
2019-09-20,-1.2075230666376309,,,,10.127545435590411,,,,,0.8790682417533078,4.376351107239364,,6.111532301977109,-3.3412153452632865,7.115944030445199,,,,,1.6733305249486539,,,,-0.5801942263402673,,,,,,-0.48249129115803197,,,0.38085141090644736,,,20.853060631062803,,39.95570167810385,-1.992748137260751,-15.232916032283068
2019-09-27,-14.177453411363727,,,,-0.014311750486636611,,,,,-0.029789233644771707,1.8459319417934321,,13.064889358783656,0.0025631332473333712,-11.43717646408387,,,,,1.939245002328824,,,,-0.646572711283592,,,,,,-0.19799234214039074,,,-1.1273675864025783,,,-2.8066851396042645,,10.500562659531276,-1.1090873474000893,-0.6978016029096362
2019-09-30,3.3853500675396058,,,,-0.1569053678883489,,,,,-4.186810923373033,-16.757103233914783,,-5.645507649801951,-0.11509385924336515,0.9823713155068217,,,,,0.4143378835051804,,,,-0.3046955269258924,,,,,,-24.756655587397407,,,-0.8587420563525767,,,-7.393686825679831,,-1.7038352277735143,-2.4925854251830906,-0.1812624509842385
2019-10-11,42.457402733466516,,,,0.9138595771588844,,,,,-6.023246332656006,7.002489728221548,,-1.1122377798189373,-7.834680325362772,-0.11302401960169933,,,,,-1.515074636171852,,,,-5.2010804623288776,,,,-0.09303118050251849,,-0.6231253478523963,,,-0.4785699486148325,,,-5.0309884801477205,,-1.1726383414911612,-33.974053835824975,0.09691583215005431
2019-10-18,6.247601395896957,,,,-2.7772926637610507,,,,,-0.07006900758443584,0.8641322173395155,,-9.09948441241879,-0.17620626988975646,-1.0987728936427477,,,,,-0.21263304893367588,,,,0.029585045342772103,,,,-0.44004957584466964,,-4.11111170707476,,,1.541362233740534,,,-8.643862197917088,,-42.487681944318396,14.426716860882213,-7.054974144939949
2019-10-25,48.73170113390893,,,,74.18410339948636,,,,,1.6641218105311009,-8.903535992026988,,-0.50442420984982,0.9047411619607082,-1.1500976318273628,,,,,-0.17500731703355848,,,,0.22372855860985805,,,,-0.6747446523928375,,-0.3416171752141137,,,-0.37149443584122477,,,4.33830657582275,,-36.68211052665654,48.427755293469204,7.114491477896992
2019-11-01,-0.9761474755741251,,,,-19.121582274068402,,,,,7.3834045563203174,3.280406568669167,,-9.319377282427075,41.01090521318668,-1.2614319436626136,,,,,-1.4613065544175954,,,,-5.477097334943477,,,,-3.4708108544062966,,-7.082015148823347,,,6.78350253432948,,,-19.245782847404584,,0.9689981408579722,-2.3611648039133524,18.68962464841107
2019-11-08,-0.06321598088633779,,,,-1.0672945496591337,,,,-1.5694711212717403,-0.8136937126936128,-13.447429709881096,-0.47516707520698254,1.5753546386833637,-0.7273962097590856,-8.705968569644472,,,,,0.44057060697654116,,,,0.42092950734937845,,,,-13.45269844896843,,1.945958518735125,,,-10.48514103550687,,,45.25216494586909,,-0.18750893831697213,-0.01966996255751477,4.932536133481524
2019-11-15,0.6044588194055767,,,,0.8661590631950238,,,,1.2232032130895947,1.4562219340063849,15.308454384227984,0.5650893826489556,3.920510474748688,2.485231894359382,-1.4979284649857678,,,,,-0.06415862061880992,,,,0.10445792266574588,,,,-5.423848725893521,,-15.06991752645704,,,-0.7852643257475376,,,-9.380809821642998,,-0.6716016512022533,0.7918779006240033,0.6889096260703497
2019-11-22,-1.058035468499711,,,,-0.12552612998722812,,,,-0.06251993262305926,-2.2357688722015534,4.619997475318329,-4.770624683000732,-8.733710806200726,-2.3764731612861394,0.9768524235919173,,,,,-0.23401471447731678,,,,6.87320874869862,,,,33.732856004794755,,-0.887055405836132,,,42.29274891033199,,,-34.81493538483713,,1.2339873016906835,5.384883340481471,29.63693579340494
2019-11-29,-0.052198260276181185,,,,0.0015757544205940999,,,,-2.5439996198874186,0.5545293014236725,-19.91991601516496,-0.4578644510372122,16.85855245256782,-9.135026164618672,2.979832999532731,,,,,-0.045417789282286444,,,,0.03764834282208129,,,,-2.706272126238948,,-0.3579362553707558,,,-1.2833771487892578,,,8.58263022115076,,5.503741273207535,-1.0307990708328676,-1.0124867556146908
2019-12-06,-16.50195422610207,,,,8.340391691156995,,,,0.13162543306346677,6.8662111095813,1.1785091900788192,0.08288101501830142,0.36126136976884127,7.915408578357913,-0.6714197541022788,,,,,-0.010033791373337812,,,,0.3088078589986346,,,,-0.19169936853652095,,-0.5303982872719433,,,2.5766961051012136,,,5.31572260775722,,-0.0860809271229313,-2.222241977747425,-7.0492020572041
2019-12-13,-3.816222930958631,,,,2.4904432377400774,,,,1.0872603021514444,0.2644109703284799,-8.068309699776062,-2.712184383296592,8.085578508033866,0.29761397113728566,1.3318494817808832,,,,,-1.4684379056310095,,,,-0.09343035271110076,,,,-0.2875445047299837,,-0.4272138063317787,,,4.212859844620833,,,1.5032519962604047,,8.023732353143307,-21.01796708320992,-19.825951691264425
2019-12-20,-5.21705141776374,,,,0.11482175239062242,,,,10.386403942601412,0.4442799776315293,2.4916765693545453,0.5910836117265404,-9.341231557285898,-0.32994031189229045,-3.8755317912076506,,,,,1.3253071314424492,,,,-0.1618072871141507,,,,-1.7251368389020152,,-0.11064769341982156,,,-1.8779409876597843,,,-3.2856914302552207,,1.0301994507552346,-4.507219489030293,-0.3469095505346601
2019-12-27,-0.07222437406343696,,,,-0.8589400200693401,,,,0.11634148046767118,0.7645343440771037,-0.8092220935469692,9.322852089401826,19.222801736051807,-3.127379476579688,-0.3445671897040783,,,,,0.6585512469296595,,,,2.024020996448057,,,,-0.6662689178672992,,-4.1758869779314525,,,-0.1737826241156279,,,-2.623865699794524,,-0.7808864439850024,-27.45331049389705,30.689152603113726
2020-01-03,-8.012420296900807,,,,-1.984121782703868,,,,-0.3796501523670749,-0.09903853563182152,2.2124845614948647,1.9053229170797252,8.90376116032563,-7.702025263801017,42.01436190242822,,,,,2.5350980527036353,,,,-0.7928203117141266,,,,-0.606420566213822,,-3.3010764138511117,,,0.6354309954783384,,,-1.4633499827330512,,2.0352886263654173,-12.609311859824865,-1.8777151653428539
2020-01-10,5.4837938008524745,,,,-0.16055342575781378,,,,1.5155957980088575,-0.40338477917716353,5.55613018810988,8.826421753783139,2.026684210071907,-8.957545088201078,9.566286668910903,,,,,-7.276915123309935,,,,-0.18101909716403847,,,,0.10695107417006129,,-5.718629571792324,,,-0.7164318137880591,1.0470811260251258,,-7.593265512224156,,-25.798045461222138,2.74475731003529,2.9380662259764696
2020-01-17,-0.7677812296498202,,,,12.776870097803364,,,,-0.14795294423037963,-0.19861703132711775,-7.834026604810461,-1.219665637417069,2.282068364516678,0.045239124989943535,-43.774074993418886,,,,,-0.08038486126942868,,,,-0.3598189238522589,,,,8.817370152007806,,-0.16714526446728922,,,0.5844821441456198,-0.11153408969560347,,-6.372903148846611,,-0.31159039822650597,4.191981718723495,1.3582435413662102
2020-01-23,-7.16609795714038,,,,-0.0007485744546357198,,,,-1.212442548219187,1.7935682494249052,47.95698708119286,6.347261336611254,-0.25358239521053266,-28.893771015291108,9.3081491332026,,,,,-2.7560002151608956,,,,-0.32219199789956454,,,,-2.2299484488582255,,-0.19125542288667918,,,-1.5654631005840391,-0.8907068181444223,,-0.2328509310534792,,4.420110810172432,8.34763362011785,-3.0507347000670175
2020-02-07,-7.678919006247713,,,,0.07141650794642598,,,,0.42002006352278387,0.1278160625333992,16.117333366037787,-0.12588771646508556,1.8918387962778533,0.1700377513747512,17.33629187474578,,,,,-0.1339437283422718,,,,3.2992665754300776,,,,-27.965983062072798,,0.14121159060088784,,,-0.3751907524764476,1.3542820870348442,0.2078666181902511,-7.320494041612721,,-0.899379369774383,1.9785240287307904,6.622080404346025
2020-02-14,0.8830114683911034,,,,0.17153681246964547,,,,0.07907567469840121,-0.10392349255113896,12.230298569652344,-1.4754955953894187,-1.8012678608285069,-5.329401118328259,18.66511849464415,,,,,-0.15510907943814528,,,,-0.18423306521485536,,,,0.2263087340584843,,-0.866925695892427,,,1.930878866062363,-0.10145700213840543,-0.750173192594768,-44.21251128850286,,-3.387453835960109,-1.6513046737934656,-5.962726695792519
2020-02-21,-5.548911174892556,,,,3.0994468774032544,,,,-1.2327361005959991,-0.3385061435249992,0.3935745753899511,-11.272362082376905,0.11530046653526649,-12.011612041167188,-28.8560001471596,,,,,2.3480292162963523,,,,-0.17315632561599853,,,,0.4292342922125937,,0.3557400716606487,,,-0.35031968279056414,-0.04626412027052795,-0.01249601129758434,-0.0037650360100265345,,24.839097506029496,-35.86586845645501,-47.79048654887429
2020-02-28,43.35178506292067,,,,-0.29331661226434425,,,,0.6588144121761844,-0.08052597697193176,11.092385266928682,-3.4442537383742913,14.952943494536639,-1.6044684909263813,-22.124077628119252,,,,,1.146937550695887,,,,-0.012381139560683561,,,,1.0384553613224106,,45.287142759697865,,,6.7359324009827,9.258247445304395,-0.05183470147937211,20.27756366275807,,-0.6490935313573143,-0.4818831718455679,0.37004741366460864
2020-03-06,-1.6876801389513325,,,,-3.161603585264353,,,,0.12887774974493713,-20.474690582793997,-5.454787345360033,26.786421851372832,0.9034238618983226,-34.39545157231319,37.33215281126074,,,,,-0.21065970527383643,,,,0.13568328982098563,,,,1.24029783219421,,-0.4346938891395505,,,-1.107601084324405,-0.13526572535586864,1.3083790896028142,-16.283393276910108,,13.959226432455335,18.41537757615592,-2.1571334361767027
2020-03-13,0.9017254994536712,,,,-4.078248264059672,,,,0.19862820009731347,1.8877499786948861,-16.030267170668402,0.4407663900116727,0.15054809969465532,-1.0132870102198037,63.24785056822829,,,,,-0.16287420959512594,,,,-1.4341229192902758,,,,0.11821199416722816,,-0.23840261549365516,,,-0.8954202101906444,2.674154683645364,0.054721459857093556,19.00759679018678,,18.100892310062378,-8.0322529807719,2.24662029382963
2020-03-20,-35.06271502949928,,,,-5.733174349498324,,,,-0.22944397207675454,-0.3026332477579422,-2.612068227176088,16.35031640194004,-4.4119823788619765,2.0572022748473344,16.160873458022436,,,,,-0.2764433515341641,,,,-1.2621234881212264,,,,-0.3366095218970794,,-0.9747108491544325,,,-0.4237218925399179,0.20664529493280326,2.7277660129235013,-11.545547564593134,,-3.12849127808837,30.071391955748922,-0.9126284731266682
2020-03-27,4.527711910679764,,,,-0.3556817694819822,,,,-0.055999121622551995,0.010890328474165184,-0.9699591410516951,-8.345786357835596,-1.8918241568968024,-3.9757240500096684,15.049368523060213,,,,,-0.3627891685048341,,,,3.744686091443624,,,,9.148253024332496,,-0.08812024280459307,,,1.2856718415548218,-0.28437517531993317,-9.599661528641192,-16.19989328004418,,12.653246138858137,-9.667821733577187,-5.7714149017754615
2020-04-03,-0.8183296822378288,,,,-0.004325948854475625,,,,-1.8966341543766145,0.2294148500200579,13.709178378289309,0.6515298101060308,13.03297208732561,-0.260366076312612,-0.4755951575558691,,,,,0.6368469600940856,,,,-5.121405573868572,,,,-0.5837327235223035,,3.9503154467707082,,,0.7111399044599298,-0.07331937773345261,0.20738841476863426,-6.143470401199878,,1.9447689435331135,-3.4346609039365807,-5.18172508743563
2020-04-10,1.3949584747006172,,,,-0.3948439851359199,,,,0.02253553240816715,-0.17897089735601412,38.11188662606634,-19.691720104718097,2.6116740727141217,0.5260932578077293,48.47508418339342,,,,,46.07871386939516,,,,6.0196484025519705,,,,0.1103393743523189,,-0.5752919377281009,,,18.27183081733681,0.05362839478865944,-0.08413224384639413,8.312136279516267,,-0.23407049478010045,-25.219034364811492,-12.11806133494706
2020-04-17,11.365003239050049,,,,4.636722577566859,,,,0.05288796431568751,-1.779517408739936,-0.17237734022161263,-0.09774783481667781,-9.24609478429148,-1.8962892459004284,2.485614573593926,,,,,-17.248221809757666,,,,0.16581613956261132,,,,-2.7690717609444864,,0.40025119757711947,,,-1.5538972094907804,0.6405470810421218,2.4801972242183465,-36.325288220127284,,0.7280814595658063,54.204390754100004,-0.6872225096804208
2020-04-24,-13.39531524013725,,,,5.45442655864067,,,,0.015778868193777273,0.29591207150029336,-4.509785322642781,-0.1801075398566318,16.69803071003345,1.0801266627018211,-6.0477455163076215,,,,,-0.033637338472073994,,,,0.03953969049002415,,,,-0.07255528734977895,,0.9468976153471234,,,4.352109297722553,31.34901418517484,14.473542182372054,-0.6317312594568412,,4.090982145161556,-0.6415795385382131,6.179351353886703
2020-04-30,-8.069993912238834,,,,14.828225489345733,,,,0.047831692326999825,0.05990742426974902,5.557998459904206,-2.699641212300059,-0.6250151748829595,18.135470563044773,2.695701218398704,,,,,-0.18133237544726977,,,,-13.502981967914721,,,,-3.243159229323683,,-0.2770561898436381,,,-1.7696416023801356,0.06825333543734746,-5.562960558802839,37.89609701900362,,-0.49042595992771293,-12.051727063517731,5.305407510150976
2020-05-08,-1.2408761150497114,,,,-0.20456175205919067,,,,-0.030262995787599653,-3.4810887368919525,-1.1180648438559495,1.5750203948769874,68.18981893309316,3.8354845750890503,-13.478464860585444,,,,,3.422940051545912,,,,-0.1471632198760713,,,,-0.07690088702679046,,2.353852745730028,,,4.819050128155056,10.487161072409828,-8.944583871341466,-1.4957403051402443,,5.097040244285033,15.397475402614162,1.0223053521801995
2020-05-15,1.4641578231900785,,,,-0.03955733655632816,,,,0.18541442949819698,-1.1267067237728279,-1.4167095689311675,-2.372210205488854,9.220676448504152,-1.1407754133252812,17.15449584880597,,,,,-0.023103767998857744,,,,-0.5723752422000207,,,,0.06503154485054316,,7.620304048670601,,,-0.05871999321247173,12.35105176697852,-4.504932294399016,12.071916882796812,,-29.7407912979309,6.8014189029297425,-1.6539616027698072
2020-05-22,-2.661039384265583,,,,-0.021949865717518002,,,,-0.044387819997504185,-0.05545927743243925,-1.7879167726299208,-0.6284136733100367,-1.0312187045725856,-4.100159376495174,-8.373132297145624,,,1.8823228407723231,,-0.04855220289094992,,,,-0.029787958828547276,,,,0.17324175584816953,,0.5997085212841828,,,-0.07448842165176611,2.277339717733197,-14.629988410565266,3.4725060645679946,,1.9956540270754746,1.4644661431741723,9.271979163643465
2020-05-29,61.1390690343923,,,,-0.0028620114195159196,,,,-3.1139457869896567,-0.20065044367993262,43.80810543604303,-19.48418982141241,-0.2708592934020664,-5.818309954890604,-17.96492142455226,,,-8.748113469589775,,0.2982803547659628,,,,-0.9204908200513653,,,,7.0484409489468405,,6.94412282302998,,,12.173641517971202,-0.04595930815887489,-0.17350652932596045,8.34168429779928,,32.746345179692455,30.175376439292002,4.640459242599006
2020-06-05,-1.7244400809387603,,,,2.7783544966065516,,,,21.40619149038331,0.1884238572994099,10.188493382101385,-0.3716117258637538,0.5887039267838234,10.591870385736549,-13.963570747953987,,,-2.732376583354144,,9.607864780004101,,,,3.12525717475994,,,,-0.9199953067976602,,0.01837924162298646,,,-0.6180176823223492,-1.1413711404389189,0.28892632069253327,-6.43400978570838,,-7.386393249382981,12.600709337507137,-0.4343310343781387
2020-06-12,3.073297281439945,,,,-8.959881079546339,,,,-0.04675434313999817,-0.01977591558489676,-26.925379875009153,36.1200800478941,8.325467708673077,36.122820154651976,-63.662068592136684,,,5.000000803132738,,1.6452512788048526,,,,-0.00621984030618309,,,,-0.028706815613115166,,12.244037541889176,,,6.061634981670874,1.1727180824777077,-0.0922155943888443,-3.9060546419476427,,-6.003285579439831,26.97605430183298,-5.722245060268324
2020-06-19,21.518361846238594,0.7237481627443675,,,66.71258863921122,,,,-0.25523563945473987,-0.11495230544762888,2.8052760600649798,-2.478777530628601,-2.455467978585662,-0.372334295402155,0.08513714748691925,,,6.191245311275707,,-0.6038231050954717,,,,-0.10057197099852354,,,,0.16522913400908046,,-2.9064693349055273,,,5.9666794284707,8.192716207030507,-8.588219080338074,27.009443507250797,,11.402911462183722,91.37428789870157,-12.491466055564027
2020-06-24,-2.313336029701744,2.0308214867056877,,,0.07463505858319747,,,,2.8794301764563253,0.049900594786980015,-41.386843716776774,7.64668020029335,3.853693050548822,-0.3801558575710604,21.8068075696888,,,-7.659971691094039,,0.006649593093040224,,,,4.5828416927862605,,,,-1.4922671360929,,-1.532939576505309,,,5.2726934993246415,10.650045211962059,-2.0900914723600406,-8.358388852656697,,-0.9773971299096845,33.04801273360129,-1.445853827476525
2020-07-03,-0.9651335825056293,-4.0707133903963975,,,-0.1208103367988003,,,,-0.06618420434330435,-0.03014914052043134,5.878069084578328,0.3355745106170526,-2.5572578763432547,0.4625182116721205,-2.3882651430738266,,,-1.7595331419771725,,-5.689590104114346,-0.05118140822283383,,,-0.2707655646934297,,,,-0.3135956269834277,,-2.804724731195737,,,-3.100988148799299,0.4798280712286147,3.885617501465702,-25.22304298702531,,-3.633165647089493,18.022489991084502,0.7722614118630353
2020-07-10,-25.195820825525058,-1.9798058502028855,,,-3.1834254981407857,,,,0.02343776302285283,-0.1775593145744772,2.420339479855775,0.013667090252379777,-0.2689421939226566,-0.8356017827886874,-6.789367882441988,,,-17.568673997042232,,-1.161915882981145,-1.0603223838588047,,,-0.03870854626304039,,,,-1.2479942433024456,,4.4264510396907015,,,0.834180657080606,-0.09970689430597043,-0.14403372828270333,-1.9663635864856843,,-0.844880340291023,19.73307342652077,39.354289310771314
2020-07-17,1.303954523058654,-6.550725407580105,,,4.610233329000973,,,,-0.023170133153646497,0.19841960328301717,-33.63017782413308,12.217155800983834,-0.21096033240397938,0.46591001057299464,17.281177952443343,,,-1.303034146626474,,50.5593302724376,-0.4196338744404573,,,-1.432405159253133,,,,14.94045798183281,,0.19485011129864072,,,6.377890110791471,2.618463737776601,-6.868358133045793,-3.023873237279208,,-3.5901660636295287,8.98212842640397,-0.5481790830550661
2020-07-24,53.11454413561706,-2.919136155097559,,,-4.785881344269416,,,,-0.35540055089533007,5.960441941137134,-0.3359908446838382,1.0651602677346892,-2.122584766106206,3.267262342825397,-2.828369657757345,,,0.6091678004968909,,0.30033596198369816,0.02246258736123924,,,0.019917793862112593,,,,-4.4778550029349,,-4.138157803024141,,,6.765460739698832,-0.9542555060435154,-1.237917780914336,1.9219564940904563,-2.8022547345564326,-1.2589989925501963,-55.44607663056687,-3.2011820596998257
2020-07-31,31.864910092991792,30.576190734544483,,,-10.228356457853739,,,,-0.996550580824721,-0.026957805500660487,-0.5687306629315076,39.38946361253691,6.457747588864896,2.0739741440935697,6.375454061893585,,,-2.334665997436674,,1.8672167672222968,-7.9672655093005,,,0.09831014369814817,,,,-0.058517672134553694,,19.216861521846003,,,-23.834295645804556,-0.2723203213420986,-2.4221511237259175,-0.8249176680431232,1.6225609418877696,0.06730867014678324,-27.30348674192719,29.913736743215306
2020-08-07,9.919065487729265,-16.714787200315982,,,0.7643708051226653,,,,4.355346138142282,5.845059981719478,-14.913291271190797,-0.6967370798340231,4.83970807242326,-0.2751413223358389,15.100804058085386,,,0.9691137582489755,-16.90055083102837,0.15533170882223113,2.272118428617955,,,-0.11962054154728712,,,,0.22231384407213495,,3.1535065579712978,,,-4.545288858832514,0.14689443419305453,7.427004309095904,-4.5013755514848155,-3.139614869810241,1.603354445541453,2.7792632572061553,-1.1804459538418912
2020-08-14,27.146450006269443,2.746244021604557,,,-0.0885939548596717,,,,-0.09693893323947952,0.05562359547185316,-46.563932632749996,49.87753073103823,-1.0531480947161331,-1.3377842322862292,27.93735854358098,,,-0.7540787311192771,-0.04657791985353673,0.9083582083985716,39.15401832662204,,,0.43704127602835197,,,,1.3362222629778278,,-0.0554666840074963,,,-0.03715214584173748,34.6211213227658,-9.468097491321716,20.707843945819462,22.897850135339663,-3.3001665376211373,-2.610392662770294,7.939413775292248
2020-08-21,-0.4881578552492178,-3.759096052535544,,,1.1877472527148694,,,,-0.03473934190906818,0.11424607817496377,-0.9840667012408393,-42.69147939331362,-0.7943252942737495,0.09552409624099356,-2.5076872879483685,,,0.027334692119087567,0.5674724081408136,-1.9535536757304897,9.130767020249774,,,-8.940144906916494,,,,3.3916695916994675,,1.6914007568325435,,,6.680838285979019,-0.35398391496585563,2.451187260089034,2.342475825353566,0.17620354583988118,12.729921112925084,-23.389976738824252,-0.6765859223823899
2020-08-28,3.635235394028724,31.308045241801572,,,-0.0032319190801461117,,,,-2.4886706452239693,-1.5143151246746602,17.251804084999126,10.667837934950988,-0.7583640776455288,0.5513169876461572,9.4782111242791,,,7.681369838245601,2.1454990977151516,1.4455678394280949,1.879434083395732,,,0.1595702224909553,,,,0.13261838081330857,,-2.321861988197311,,,0.010016950495739252,-2.138992922834899,-8.780190367005094,-7.670818003052458,-2.5253602199532836,6.179004786884961,-5.149778675995895,8.505894120638889
2020-09-04,-52.47216493029369,-3.3875265816358255,,,-0.014925535102710052,,,,0.016087249597469655,-1.0533680351359092,4.268562668607746,33.78950983490454,-0.30236818494675155,-3.3079949699724116,-4.162689537240899,,,9.496067493631545,-0.18374507135721663,4.143390144390228,-135.29833326700862,,,-0.0535640226207551,,,,-0.022894212742891502,,-0.05272969251455909,,,-0.7591715893649834,3.5449689863341645,-0.578187303624532,15.842592824729083,0.16325228405721182,1.4077875778829543,-13.757932956167213,-3.6985078387702517
2020-09-11,2.2952660670448553,0.10617845598214778,,,-3.2555751663827803,,,,0.17966292546215099,-0.03562875360044973,-8.591628143065146,-0.6975945075174187,-2.0889563597509704,-2.8003768943831013,-1.077628065794447,,,12.761385016294932,-0.08295228724649857,-0.17050954204824986,-0.1162473827587634,,,10.410839409739108,,,,-0.9413644232740066,,-12.918273731704973,,,-8.81496887902273,-10.278046746612716,-0.36457803033424285,-12.936290745864984,-2.9541978475604984,-32.820056861195454,-0.08699210203146768,-2.9181137739103717
2020-09-18,-0.5916701492988095,-0.20248682889496322,,,3.2350269104366314,,,,0.6896851290161059,0.10551026197117136,-3.018087863727114,3.352282983987561,-12.171556897712678,3.005193764372613,6.609820716890124,,,-1.2561355215237318,-0.08244143539722687,48.00786380356159,-30.721661382184603,,,-0.07156723608491386,,,,0.17660712212043425,,0.7992948108386797,,,-13.179126437774846,5.611770654941952,10.017366763199568,-33.620475425541535,0.16967530147982687,-3.6460841960423735,20.737561175812466,-3.5900086828688584
2020-09-25,-8.577272906629958,0.1151753911903908,,,10.691332174417482,,,,-0.18141889837745656,0.19547983633156726,-18.791096753327228,-0.7797385139197544,1.84578004646445,0.22485259588606418,-15.09490167087162,,,-8.11080964725014,8.108766223439188,1.3020229738565463,-4.86005082281371,,,-0.7408423520965841,,,,-0.2283868884432175,,-0.3204559177424861,,,-0.5640137997195767,-0.2450332701633806,-31.11810855062008,-6.57195933654344,2.6885981374302004,-1.672185659850403,-12.995298121780701,-0.0009538985499196739
2020-09-30,8.771739015104549,-0.15008123236245918,,,-26.83775171549782,,,,-5.869711035017944,-8.439094482748576,-16.166598286255233,10.368562258485847,-0.22421304033751865,-0.504206090307948,1.7009415806156623,,,-68.01877228442048,-0.22000035750057317,-0.9232911573310157,-0.5562868447627953,,,-0.22928420432496627,,,,0.5189759514000178,,12.636455664243805,,,-4.488377757986046,-3.738640021653986,-18.384459132421775,0.6307641048715795,-4.031244696854076,1.7673498300294643,-26.91402866971355,8.239381048671603
2020-10-09,7.668087145794381,2.523165878104809,,,3.4752072025683476,,,,-0.45677927720197997,-1.9794528961062576,1.6229638253528322,-63.049768213318984,-17.60823949292714,-1.3839324280729093,-48.203305146131115,,,-2.9094256092049973,-1.1009700914425036,-1.0612676536243308,-72.14109136282774,,,-0.3393357818801477,,,,9.609582991049813,,2.039623430420066,,,-0.710618581698496,4.863173045237763,-12.771441374907173,-23.92043640934625,-1.9238075410356146,-2.965517210332004,-25.955127678500286,-13.754016361467718
2020-10-16,-9.561357552850511,-0.3511265100001999,,,6.392584109896038,,,,0.1381261251826359,2.318551910155654,3.7711496822271906,10.710458345572675,-4.196914210826937,8.78606890435024,8.03683458743082,,,-0.8617110359676806,-0.7839480278473434,-0.3367853291369792,-36.24437356236695,,,-1.6902102175253357,,,,-0.6217192874681308,,2.2223799261536357,,,10.951602717156533,-12.493075264110685,-0.44079033073786,24.81386195792935,-1.1620632345841695,-3.867203771364439,-4.389016908392346,-1.213509272033015
2020-10-23,1.1654422775702087,-12.228703025034779,,,-63.41662700678157,,,,-2.3030681596029376,-0.09432859521966612,-0.5769628860620023,29.50819317351549,4.99195800972433,-0.01573941519680777,36.01003011401914,,,1.8876663168471688,0.35992491653401976,-0.13574068361394703,17.603875612757204,,,-0.02981044565838261,,,,0.37316637518171103,,-17.397990983650505,,,0.6005500057431261,-0.16455332646379134,-1.5373399832527783,-24.22636538847253,0.8378137753722106,6.166445093706762,-0.10885407522482232,0.44466665687772444
2020-10-30,1.9109927035281729,1.9429623120816164,,,1.4128665373299891,,,,-0.9998314135870869,5.824052710806036,-6.20916549880976,-1.980356825588543,22.334982266365266,-1.461092539970199,-30.649870219980073,,,-6.292895717015445,-0.6644428167816415,0.16942210487376705,1.6911415867753148,,,-0.15583987733855464,,,,-4.221201018101501,,-2.6473499781966745,,,5.092079043137109,-0.3741008954101689,2.9720663172882653,-8.052576548558072,-4.306811929158712,-45.44866758216257,-0.5482353302122932,-4.69982650931646
2020-11-06,3.1763130289051658,0.28581561822056445,,,-5.976185917746587,,,,-0.09378653116118699,-0.2010333545203915,10.91215913033288,-10.895875126210045,16.13055863805665,21.66417633486904,-18.284463494051263,,,-19.730131001199982,-0.07415989760108428,-0.10802852031627183,3.1739389263150266,,,-1.7308634255399649,,,,-16.185025692943118,,2.4541754612422135,,,9.422127641822934,-0.7047171648935533,-6.322728649870358,7.295382816212744,-1.2547117936191179,-29.112556584034365,15.392769057640045,0.8860883111023914
2020-11-13,31.329182144914054,2.814860137171324,,,7.851205217146042,,,,-0.22031308892591084,-0.19522995412558786,-10.830581102839435,-54.34390640786349,-1.3175652637091608,-1.8348364861287623,3.345736745744011,,,0.7274109705742142,-0.06527372684760138,0.5929476062560701,-5.716176769425524,,,-13.407185511432429,,,,0.0321643223314855,,7.4542883505917965,,,-2.0264476085768823,-4.516695056675572,-7.459066365857143,30.688481076062338,2.1360236531607173,-1.8391251122852612,-3.656804273838972,2.7191073492846023
2020-11-20,-8.482099165563767,-0.6966164240396473,,,0.8859015463653526,,,,-0.031500032141434015,-1.0292725130802352,-13.301453270399325,42.93051835150606,-1.0861447913421953,-0.21102375253414574,-16.707335174448552,,,7.441358884616605,-0.41641006465912644,-0.5706677096720659,-13.36768493337015,,,-0.4295164248897273,,,,-8.516428390684199,,23.699682783228003,,,10.553742910031307,-6.646977501801764,-4.66039282213122,-1.3483361698442695,-1.5953433930571672,-35.52783302669137,-1.0487928249089489,70.07707595151346
2020-11-27,23.444348166798388,1.2244775332772488,,,-4.242961497532851,,,,-30.50893693137826,35.190403260287674,-7.129608219931074,-12.93581385361916,7.103644098560506,-0.5967143864667036,16.342200261144676,,,31.10470089849291,-0.3114085041980062,-0.1291026269880684,-2.0361896886094115,,,0.309852942485656,,,,3.054154369322018,,-0.1987902859746294,,,-12.84403068055214,-14.125426729886163,-3.985969595943739,-1.1706467029661676,-0.6160853670948663,-10.219635179947952,37.27537348352392,0.0007494395963536515
2020-12-04,13.769054696629958,0.8067889962976285,,,-1.6555132643018742,,,,-0.1830007937577658,-2.4203680628247155,-4.95117516658915,6.040989026071983,-13.463188646981301,-11.422419173490058,22.648495518481976,,,1.6736697144014987,0.23981737001798398,1.418814445303042,-0.01864520722766283,,,-0.11619088709265524,,,,-0.1251694500368555,,0.4830124846169992,,,-21.47995846521412,10.053277664103973,-3.523393419182895,-4.267018491884136,-1.2395797657058505,13.151371576127524,-3.3457534503802404,-1.9624882726861612
2020-12-11,-15.914933222994517,1.4516414479965796,,,-3.5796652885282594,,,,11.722056729146,-2.8619340658767753,-5.0190459201774065,5.317238926426828,2.1511734002364062,-0.10320976705982216,2.3306981991823785,,,0.9799453032876748,2.41550434156815,0.47963497798122096,-5.420251820514972,,,-1.718330108031771,,,,-0.12583977756322284,,-1.77621690393018,,,-20.224625005249017,-3.5409999546889397,-30.642280896743888,-28.62029682336368,0.6245596192108669,6.676088635197217,2.91459148633275,-0.578190516951167
2020-12-18,-48.19519917571693,-2.2613128866614813,,,-101.09977032372592,,,,-0.23148235425396108,-0.3032970206803405,1.8479896185071467,-29.626530859579937,-1.5870948478521367,7.4510953997958485,-14.3083408200363,,,-0.14031738792543474,-0.262346273963571,-10.214034176001663,-12.876518186767104,,,2.463998308157568,,,,-0.38071254669344967,,-1.374637254817647,,,29.493214379186117,0.9057400646178063,-35.19354647704599,-7.658460348752149,0.178715983535012,40.41001032489866,-33.08584289393518,-1.39579094706354
2020-12-25,5.300023732129322,-2.9638011700322187,,,1.9607238317041311,,,,0.4421516408006565,-2.4445879154176344,6.856328422699445,9.46137928703114,-4.698737104281085,-1.433731815876191,-4.2603142414917246,,,-4.270438641690941,-0.11072299355247028,-0.5807222824654779,72.01927731262947,,,0.4592004043783732,,,,0.23332483403329846,,-1.3394669631577483,,,-1.4328723482988583,3.5965661253093235,5.622979714998083,0.1147983677978009,-0.07911531124140478,64.85015963442233,2.34318012186797,-9.93173062575707
2020-12-31,3.604449442509182,0.4893904874858679,,,-23.53968421423435,,,,-0.563396349866701,1.3262402383366014,-3.4911476573255467,-27.46596656876792,32.71492001823544,36.78049883275848,-7.015318071181152,,,1.2166573137994305,0.007507838750558937,36.056540319055685,-44.41632147923046,,,-1.6891178001114993,,,,-0.24794608261854756,,-3.9607188480860205,,,-21.808126111311722,-0.22570306316599176,-21.993632768085998,0.4627744333138697,-6.379576847089022,-1.4869120995861864,0.6313471931842103,-9.022819492883652
2021-01-08,2.423484942878406,-2.18919558871891,,,36.27233263701376,,,,0.17946277338931477,0.8555659303374464,-16.95678160603366,-7.997070922803189,0.033100719391552236,-1.0779987879559496,-20.49092505604435,,,-0.8754888152521514,1.3254796399284305,18.712933681124813,17.73347340003134,,,-1.9279542512249748,,,,-1.9011799182029554,,-8.564856968452961,,,-11.167316030980496,-5.3235560121041425,1.2841704820182254,-8.722840133858183,0.6530099920360684,8.16257826875701,0.3326404862740059,-10.791339684906088
2021-01-15,3.8184828172763066,-1.619381206985465,,,4.822958274092398,,,,-0.05547897989481154,1.5901381745648608,21.28099923728268,19.453093771437086,-0.7207917403347042,-10.620914169074892,1.1784623684367523,,,-7.36332628442263,-1.4931762372149924,-15.390528921683986,38.27697283452592,,,1.4949679103866833,,,,0.9409694809759013,,-2.0765903246757222,,,-6.332469086446864,-8.019790691328186,-39.95355080657772,23.37804502123817,1.6389838735363595,-0.035133098362453485,-7.192806417444926,9.980257687337508
2021-01-22,-5.63708243825401,-3.2626655723560893,,,25.17072560512322,,,,-0.06208894995027601,-7.219627949130919,-4.819042326958951,-7.848232794905339,-4.608710043480634,2.7432754276230855,0.8804049054929917,,,-0.40383137431069216,-0.17257030619941044,1.2156351573387247,0.3515068451667869,,,-6.925996105298774,,,,-0.1922836286276925,,-5.961705198976433,,,-1.197060716903384,5.566633435109957,-26.75853279593741,-9.765556075778402,0.023825904573356038,-11.72844979989128,-8.616223667058675,-13.616091697287322
2021-01-29,5.959533655554341,-1.8570077797978186,,,-2.393901599218272,,,,-7.849938397987166,-4.137713653294865,-9.547856331080386,-2.815298715184958,0.19294730792512593,-3.216963509457082,-7.722719095572755,,,-0.31884087017854024,-0.427181050911125,-0.390251377397669,54.748634275997304,,,0.6382890329009588,,,,7.371387905564965,,0.1430395073202786,,,0.04594394283830622,9.8270874970871,-15.129804428707292,-25.227757586751316,1.299297055401358,-10.582507665058243,-1.6081204991431777,9.20357189899131
2021-02-05,-2.9433529185001057,2.378653090389312,,,-9.91408892893429,,,,-1.8296915146190624,-1.0094058312980392,34.474063760664315,7.306141225296328,-78.56528983555951,-4.554077269697315,53.141132188753815,,,-12.605271054137287,0.007128698969941227,-34.30204066185084,6.053735813148051,,,-0.09658817306113016,,,,-0.23557289176548432,,39.21685785906425,,,-1.733961092203987,-0.09076627124003117,-3.850946649035944,23.61788885082731,-3.3216118467914377,11.077148250757247,-2.0331128177687416,-0.9734111330492553
2021-02-10,-0.5995388866688889,-8.30805519561423,,,-9.143503901699898,,,,-6.065520070401159,-0.19869729325467678,-6.030734568164247,16.887934797337028,0.9101319597814772,-14.044309307162209,-1.9536613053927663,,,-2.9926417390305105,-0.08161101607669291,-16.807008571217878,-9.849482527468094,,,-0.016486620902678023,,,,0.6566263012353875,,12.69539477453451,,,-1.278594478575562,-0.5878222503077306,-4.5043326138478825,-3.9330719480525076,-4.299137187900003,2.146349193142485,-7.8359500968464735,0.2342284932872688
2021-02-19,-9.903969631451428,-23.602075987941994,,,2.040511785047242,,,,-0.09752877356292586,-0.14766696018830705,-10.607084198790162,47.802880026929245,-5.886725719492713,-2.6954910294488537,-2.5472008996075868,,,-1.8868908191443707,-0.4142364908665843,2.018578220566615,18.23936377676216,,,-0.15469783950005733,,,,0.8952359274238233,,26.283736701696387,,,-4.505722444641583,0.13323385117198808,0.42791842386697554,-5.905187580266746,-0.09729299647547554,-20.47102944786925,0.588988449179063,-43.38319054349088
2021-02-26,15.028012645837407,-0.4361917356490763,,,-1.4810088229055798,,,,-5.272530011825234,0.31979317167266924,0.7602777056116712,-17.13643587514042,13.92275294110833,11.107580861212918,-0.016324891461105717,,,-2.1469115745242298,-0.11298519598010477,1.1409393338465486,2.3046397396547054,,,-2.064576705549028,,,,-7.887572648330327,,-2.4603100155103492,,,-7.017568326964312,2.966157526625164,-7.349439327780333,-1.9945443374099605,3.6354826773427735,-40.276669392620796,15.420116694590353,-1.1682579731344076
2021-03-05,19.576907862873302,-4.143212546054087,,,42.035390143184536,,,,-1.3160738770968383,10.032916709520833,2.7970548396430734,70.76376933826666,-0.4791265376499112,10.972333005501678,-1.5481912934198332,,,-2.6960199295308374,-0.29446796826137356,-0.15036275760975296,-133.62458185561215,,,-0.7023387336563256,,,,-0.0978065235137979,,1.6693361888654346,,,-46.40269065139226,0.7735663311705943,-54.34625210759955,-0.42246518801361366,-4.008042165689879,0.06216111431585192,-15.307944468183045,-0.47114863388908373
2021-03-12,-11.596387112191291,-15.131836165869165,,,57.90707781135654,,,,1.2130473968209161,-0.8931523482260465,-3.9367437763421775,66.24107808544431,-34.01508961236912,33.96851152043675,-0.9937081743030634,,,-4.882261644093199,-1.3964032676267033,7.266832732341501,5.091433724890949,,,0.9181776974569954,,,,-0.38254353917279826,,-0.7970077290027513,,,-2.658226881773636,0.809841358333694,33.69235035721116,-24.134230807315475,0.23826079970719652,-2.0070233777783857,-8.245977133712067,0.31708016936983674
2021-03-19,-15.668380820575367,0.013526691633876209,,,1.7237036868994007,,,,-6.106020659227715,-0.8536022443469089,2.084458838363271,-2.2677508666923565,-5.12468153318305,-9.328094832573658,-5.534152970273091,,,-10.904607896882604,15.283150951969553,-16.33011166860138,32.029455482966405,,,0.708666636261402,,,,1.0900034299163366,,-3.0118518856489365,,,-13.6301768269872,-9.576286555481838,-6.69986662915784,-1.3897818698997928,48.521520850083114,0.7644377453816655,-92.90823239488276,-0.04206943934359697
2021-03-26,1.0829788805496992,15.875473551827566,,,0.4287015026279278,,,,0.7814886567722336,8.049649872099048,-1.9074994368527722,-3.6056629760298113,3.2006974882378487,2.923885164414802,17.89341556327021,,,4.150132496697245,0.9827641270797631,0.997932104468865,-34.57791851884575,,,2.997249333933241,,,,-0.25833743813645405,,14.550470527076245,,,3.496935837757071,-4.639484845109837,-34.65929411100057,37.334950976249644,0.23750674722042744,-12.853664227987638,-61.22429139056929,-1.2692302167850236
2021-04-02,-6.123526737761389,1.065806129763399,,,-4.025047209510348,,,,0.2153047564422731,0.36647927991867835,-1.9044183882727443,50.868133184172095,-0.35085798012773667,-0.4896973638456755,4.1163898506677015,,,27.73569781247562,0.020263657204384597,-68.54065052628344,-8.805497548198193,,,46.669531500382845,,,,-0.06446868408675055,,-10.457177274708448,,,13.976700259288918,-0.22972853570165416,7.3536793347763965,-6.2661889420645345,0.42240584392471925,-4.237399148949543,-5.160781387075973,-0.7331820285244579
2021-04-09,14.251653920131202,-6.567994552703673,,,0.4336966778902189,,,,8.690169838321015,1.3324288586271167,1.1967518621143318,-38.90783240200755,-0.19618945810591482,1.551811257277581,-7.880758136536044,,,-11.125996962651227,-2.9992445141236557,0.43407688024498753,28.47045165416375,,,0.1859358943445903,,,,-1.6795197380485496,,-1.5912646845253948,,,-0.7209279208825623,0.2735045790136825,-20.31819198840431,-1.985439595159182,0.3350901026319497,-25.13011491352129,1.4355772424230953,-2.352815194547376
2021-04-16,39.135946781315916,-7.138895636990037,,,-0.8572848684536787,,,,0.8780162798570501,0.14064536985478215,1.997758837818635,-4.151058864052679,-3.98957575025223,0.5475227665740248,-0.7431640418006784,,,-1.8515838688136192,-0.08381999510676369,1.643912008775117,11.507253552645157,,,-0.28759865907053855,,,,-2.6747561958058155,,1.2052440958336395,,,-0.3412371925893145,1.410522455858431,17.6747556593942,-0.9016066793536259,2.010278863990897,-10.04436239783704,5.030805673496141,-5.130709001338075
2021-04-23,-73.25602817118511,-5.907376774300281,,,21.73406458683992,,,,-0.1456755662524109,-10.127354069523848,-0.22955105301645523,-14.962623363317451,2.2124418421292167,1.9000078567402672,3.3693996450615114,,,-3.456573062490106,-0.4190345961002287,-0.38270137013954014,1.1029703869818577,,,-0.16338633338877362,,,,20.3076581531721,,3.1762392800138763,,,-4.706026930162695,-0.1462658961844069,-17.291925271739235,-28.18438901585679,-3.5463801945339433,14.410948805081206,16.26205632291379,-1.074594495947266
2021-04-30,-1.954879819468517,7.634054704080722,,,10.46974656012953,,,,0.6842845893893214,0.1448527612674774,-36.299420507878516,0.8011915773789,0.12121574926211753,-7.935979307514813,-1.1375031597235545,,,1.4856189027415678,-0.2930443193452085,1.5524377355127372,23.808434461558722,,,0.4553786343713385,,,,-0.2053942350855874,,-6.830327566922097,,,-1.8284945342509988,0.024846132770373952,-15.8584440643735,-1.6562924903894283,-0.46333723252423925,79.72934394875553,14.362093011980916,50.208344669209424
2021-05-07,3.1749671074278805,-1.866721583389382,,,-58.12339291840484,,,,-0.08302528016566563,-3.8068269972755076,-2.804983018883819,3.955688236109147,40.624073137399584,0.1510958286579418,51.88525032567061,,,4.009174699581004,-0.5665228192005419,0.3857823551245183,-59.89283383079036,,,-0.16081966179316712,,,,-0.13600502303436454,,-2.417846187271291,,,-0.17508805134101973,-8.22259609551899,-4.100266023009221,-11.570777848709227,16.205290162209863,-1.1785929612109125,32.370496286268754,10.063379724638517
2021-05-14,-22.391126225540017,-0.708858448794832,,,-0.15984042920786234,0.8742430835132962,,-1.5089277786157118,-0.08054689197639923,-36.25438357068918,7.085137866793379,-57.65749340760322,-0.4947397421007496,-2.5064814328139784,-8.702174052170614,,,-2.1920698844027653,-0.08549515794188675,1.8376963734373826,-4.599055011310349,,,1.1016373850327614,,,,1.1484490054635779,,-3.385179773596166,,,0.383853274321741,-4.333933721667884,-77.53881120660746,16.853227672657503,-6.786302526901342,-0.57403455663997,-40.35978743119094,0.751677217669555
2021-05-21,39.32594693808234,-5.266767633785638,,,-21.957327078301923,0.0223064879773924,,0.11768606689118033,-8.687970099794013,-0.10944555910773146,6.6888641110672244,-36.374623056662216,-1.5422241272982873,2.9048064969318856,54.63558196271479,,,-7.675699675072732,1.5310818420011278,-2.482596673105346,3.8216732357531944,,,-1.2732443408937701,,,,-23.222187238604004,,1.0683237377363457,,,9.764267324869065,1.0938347299886229,-144.1812134460816,-5.299579267055107,-1.3093208626774844,-28.664782912371933,-44.32487801924271,-28.026041839002577
2021-05-28,1.0851181582096445,-0.5188819690903935,,,-88.16807922935554,-0.14531032890989742,,-1.9482741517499533,-13.501582290069447,-0.04800555309021594,-6.782143895094987,-103.2650140733011,-2.3558876972493983,0.5557741120373574,-2.2093554271588083,,,-5.460206649002329,-1.671816788413386,0.7945874707755152,14.745682113519793,,,0.06724637102437457,,,,-0.19728159806130774,,-1.7600710107808664,,,6.2236829624703685,-0.3436125823485734,-18.711715093884955,0.9923127643838008,4.695566754904641,-41.15202314088476,8.817720233424513,-1.7876164992682404
2021-06-04,27.11946226144772,8.063232616130218,,,-6.55259295755874,2.275575668200654,,-5.256801611923505,-1.2644610909558376,-0.6934857598845281,2.899262471023857,-16.68840179398065,0.9243277639809786,0.26445191961476944,-18.29233124858616,,,0.10742390620775999,-0.9264862169247384,0.28239927588986524,-14.318915184442822,,,5.907534855271502,,,,1.2435211844567595,,-7.146241667063369,,,-2.057043442776351,-6.983488194816655,59.18907089394357,10.100284879348377,-26.911031544960736,0.7700523075824979,-6.299168780433461,-2.506786349364286
2021-06-11,-36.80614767812687,19.148937718532,,,-0.9051248135757061,3.461191661392163,,-1.0990610465040942,-3.788157761194966,0.41144990507028084,-4.3916650972732585,-1.8753272198092388,-98.50321456914602,-31.96751178035525,4.997144776032016,,,0.6549095696179392,-0.03845701778923251,-1.7520722836045384,6.856825341084508,,,-0.1912962314308288,,,,-0.30856876258151367,,0.14828279751854673,,,-4.970636482656223,9.058926027561052,-75.3199689025595,11.436090758658153,-1.8927996245851566,41.1024090183262,-49.64903661704942,-3.910736812209352
2021-06-18,6.825286118639082,-14.754490253951296,,,-22.665686837289968,-0.1435567787348132,,-0.6046798347615239,-3.2924241262512624,0.13766695612759278,-0.22476318908647008,-27.49115833487285,-3.806421434882303,0.33066009330751556,-5.10019796393399,,,-4.001949622416593,25.591961871958098,-10.682568156387378,-0.4692618062519771,,,-1.5289387512232198,,,,-0.0993567883623927,,-2.905639021480945,,,-0.8883406293279609,16.830221868220725,32.020421675496806,8.132056831487995,-0.5023504667845933,-4.8730941696802565,-5.886861171982734,-7.9246065651735655
2021-06-25,-9.557996776566133,0.34787860835199946,,,-4.419532267250894,-0.17415947078838237,,-1.6702772615604466,-0.14103180534118578,0.01858478533318235,-4.420776600377448,-50.74611248382685,1.7522866776780852,-0.29574916853219874,0.15182548252177974,,,-1.4259686864327779,-11.604995503431438,-1.9579913097139148,7.825343194112868,,,-0.13273536650785056,,,,60.590665495487194,,-5.812045142834882,,,-26.464170111844403,10.6975969046312,-24.007477963213557,-6.059592710468213,0.2008883682693701,-5.761241010345557,9.772261758486358,-3.517601369462245
2021-07-02,3.2845159070543,-3.07874649604402,,,-9.142198603534535,-0.12464560196898421,,1.4149937723943258,-1.2050233151650496,1.7932587680041796,33.0319727773655,2.302681185429498,-1.0328522306558594,2.359036383684884,-11.906506197450653,,,-1.8421070517342544,-1.1404554460653584,-26.823357151173365,20.25082248757295,-21.668502376851247,,0.012248434549347494,,,,-12.308944403583908,,0.10376765377036179,,,-8.705965475630272,-4.8447696697403515,-6.010680771194181,6.748545256118202,-1.637859726220274,-0.7497482053497566,0.44077479410196896,-0.27249748209562363
2021-07-09,-15.32471186045053,-1.3783681253777718,,,23.28747019627057,1.5589580338941753,,-33.25662778360135,-0.4345717292690083,12.238861341924837,17.169232179005423,-93.49937219396938,-0.881452665197989,0.23021105918072493,-3.43514112600322,,,-10.263953262103383,-0.7634288890238103,0.3237859170280145,-40.22774829333564,-1.2430439234203141,,-6.607232124040776,,,,-44.72001029533534,,-1.5161964889910045,,,-10.661392742577025,-9.140930559140873,22.283959479513463,14.750394704071143,-5.235009599103051,0.5947380785437784,-0.6787536448456105,-24.533324251879993
2021-07-16,-1.5955783184254244,1.857077201421547,,,-125.04032004444167,-0.8864685364520147,,-7.082494046838493,1.4755447728473567,0.18830226780554196,-16.182142910453976,-20.18729437928773,-23.302830368259634,-20.80740052227797,4.463286252330301,,,-1.5567829925195604,-0.12505827587561558,-7.8556879075321255,-18.612041312145664,-1.448374262649148,,0.27965357805467805,,,,56.543186778862314,,9.05532847616479,,,-3.025935857397317,-18.300934059978204,0.0018427270251314548,-14.675062391763925,-0.3464076924769796,3.6838420917130223,30.212893635862788,-7.973190898865454
2021-07-23,13.175633576341674,41.77428360430326,,,-0.6865031570460915,-5.632203193775175,,-21.01259931477263,-21.575570529565272,-15.306584363194514,0.769726112953426,-15.078620476397884,6.967963275427101,-0.2527246837819459,4.253504408470089,,,-3.167235729362087,0.05489294722094701,-0.13175963362320295,11.722792324214625,-5.698500472878018,,-0.7841299579406166,,,,11.132927251018115,,45.26286145299436,,,-8.26081862105221,-22.366346208338236,-5.421703946941182,-0.9589826337262473,-0.8050988248614486,34.95269158329066,24.96185752478168,-27.879789816908932
2021-07-30,21.873163794306144,2.3110092626322434,,,1.6870638721000333,-1.6513093662911884,-4.794488447006518,-9.527486919177383,-47.73939594365306,-15.936388684498981,3.6277055640149594,23.836475939028666,47.956376402645795,-0.37906773017785966,3.041708237721201,,-0.08893060139407717,-2.093351827243975,-0.30893522879158736,1.3383633894380618,-3.157171596478102,0.2620236496185006,,1.411409526697562,,,-13.499297284042198,-0.03833131630568146,,-1.9946587974624181,,,1.4230738722261695,24.724388789997995,31.026421402026465,0.18220352876882184,0.4201569268600861,-4.2632701713847805,-66.93248168671448,-0.8193381908603011
2021-08-06,-9.525668472017836,-0.15993156234266484,,,32.91754215952007,-8.807125059568095,-11.68014952970978,-25.53011733548611,-0.831487609973559,2.986138790078982,1.2980860281055624,13.46491794368853,-7.249589181058861,-9.297962298074616,-29.486008278766228,,-14.230403200676099,0.19962547208350825,3.0424237248099697,0.6439396955094536,-41.28156395656378,13.668257388083775,,-1.6440074165730485,,,-2.0301137954872743,-5.783589283044635,,-9.523137723628738,,,5.955014298427219,2.0511280417427096,-17.610006949501724,-1.097317931738969,-5.672727091347611,0.29460937642494667,-37.7233507852395,-3.927657431202467
2021-08-13,8.521393985622284,-5.934843011737946,,,-7.644913217660427,0.16131296736268275,43.69030542539706,-49.14041992781069,-0.18092886284382204,1.3505668458831268,5.960636191875205,30.248795635607813,5.962181581008122,1.588839801548671,-23.712624759122896,,-1.0429451117157438,1.0424296803486723,0.28415713235859485,-0.6114357510793003,-27.117499062140617,20.36858811319621,,3.444042076736446,,,8.73447168383995,-16.1006088884688,,-11.977448482981849,,,-6.733826955902344,-11.793713954949702,-0.6650329715958976,-11.595224979363685,15.234913909599541,-8.30156565292413,-20.587981499464767,11.50565832560616
2021-08-20,5.91849709085247,-0.9119988310873467,,,48.7501280039276,-5.900351430369047,30.0170651616293,-2.521025291388218,1.5277109513568297,-60.44852272514385,7.911023107330724,-13.957761460114508,0.856035187956366,-8.869326930048807,5.455029318493316,,-1.1525466316741677,-5.0301454670253305,-0.09481889468240379,0.3448057560545844,-9.872206739221335,-33.030171466953874,,-0.5872266360399632,,,0.024009668799815476,9.933813764905658,,-12.520133587701569,,,13.21473683386651,-27.681884620684244,18.63834515208359,5.114284322456181,2.3007242803223535,-0.5408192089233995,25.114383613660237,-2.617256803933799
2021-08-27,-12.69834026143634,3.9551658445127376,,,-80.33839249383672,-24.9501811416915,-62.80532266263371,7.749644949612802,-2.553914151642767,3.0959166160891316,-11.038126788737747,127.57831594747212,-8.7127100125834,-2.464881229700829,-9.636236379671178,,2.9048475842578485,-0.12821940753267358,0.016539627515268496,-0.014218030339896374,-52.21855056811943,-0.1792496101229438,,0.9621233363221995,,,-0.07006391593820693,-5.019393913558806,,-13.755990134514619,,,5.966228668919596,-13.370884948809255,32.71433040227785,-0.7219273950891376,2.6161099356970285,-9.286228915716004,0.5561662310827815,5.0468235935266215
2021-09-03,-47.07659233195382,0.5388847993497209,,,17.11291671116787,-1.6771068636168507,12.432651728093623,-50.89032156116517,-6.014444519194354,-61.286836796915864,12.251520286488157,-17.35693914538881,-3.677336736140684,-13.607750012149264,40.35749473179739,,5.283581450748246,7.737975690935149,-0.003342024398499968,0.42403965033435376,-39.144163585618195,-1.691803726981491,,-1.989645663759302,,,12.882870621871012,-6.453272707512243,,-0.010977357758628292,,,-10.41492592726529,-0.34466430447940494,3.2138504751372814,-19.106980602476703,-4.268461768693793,-43.210668142294274,-13.61000393436359,-2.9587275167144282
2021-09-10,11.2474611624776,0.0991594964501936,,,-25.76893896889408,-21.484695495519777,15.2349525017451,-11.525688907446845,17.874369728736774,-4.394410384995831,2.5337770014481062,-0.5434621015069933,8.827677090328722,-8.168339069303707,2.4092449009910357,,-1.8439889078521772,21.632883149699953,8.549181711539049,0.5391192968471559,-12.485520986458003,1.3478420459978024,,14.0376755746046,,,0.03730233364014435,7.363552190261643,,-2.006602255403431,,,5.060196825894691,-36.319851961121024,-12.00612760923939,-1.8338934224886914,-2.243108851674145,-91.24172415101678,-17.116678384714618,3.7926996258667813
2021-09-17,1.6598024496399235,-2.5403794418303796,,,0.77860729202857,-4.443989809762456,7.281849923550697,-1.0795654714371576,-67.82308891271116,31.650985533857884,-31.994370287429906,0.4931074862791228,4.360585328023421,15.555291260748115,-45.90006442791888,,0.9445100878962734,-1.6640557255797517,-5.922940943906047,-5.413292328685643,0.2297578654069854,-0.308053396687908,,6.319149923446945,,,-0.23696606887495505,-19.05283623300179,,10.51729471700392,,,-2.0442669397603477,-4.695979478322496,3.001213206276313,-10.019157454259064,-8.256553395436464,19.97786156299612,-46.12693430004498,-1.1704563008603097
2021-09-24,-21.776616453622626,-6.374189497192452,,,-40.42712149297029,4.722224751100049,-21.442636324456434,-5.990808967769442,-49.212471900848584,-40.34872966375116,-4.587296930677146,-14.423705492285329,-0.8911521898854413,-1.5022052428689983,-1.12179891780487,,-10.899366379859538,0.35591542665746384,-0.09902168985326275,-0.053238621280312565,56.21582348960467,-3.379195899710721,,0.3474946876317748,-27.216626071290456,,10.265450571042345,6.875060756497315,,-0.4398224872268096,,,-0.6223181424212394,0.5894067047771249,24.875914020592994,-0.6705105826122805,-1.8588164966885643,1.8484916853465687,-8.487258234841386,1.8589651595905914
2021-09-30,-3.8445579003353356,-1.0949823610820193,,,0.024280099589573667,-12.848317030023999,-1.5587832904196832,-1.9874657187887637,-14.704601340439055,-5.664578662150902,-2.5743006839621856,4.617840444498371,19.48456029587484,1.1184723224787607,5.111792922693489,,5.584031233390492,3.3198103357934166,-2.759863035330052,11.505122960124408,1.8977089370257711,-0.36633228569589105,,-5.057482581902353,-0.24956112351706156,0.03389419060404113,3.149072722173946,-5.209626507712611,,-0.35752018932833457,,,-67.55230138663624,-4.218145933689573,0.11890441574090455,35.585585537907015,-5.027478501029669,-7.112024150999287,-6.403038420414779,0.17157345355876696
2021-10-08,-10.481257790125944,-1.3918520062532498,,,34.80972144939054,0.7707826154554089,-8.175990604109309,0.5583012631369102,4.426111325811124,12.852578640918031,-27.21917076274335,0.9102388703979456,29.210482399763293,0.6040399698627226,62.530401369272916,-0.7347494119739904,3.719275818356084,-1.8528697417226763,-0.28058091596083656,-0.26517823012034203,-8.324804102570354,0.49114398715546365,,-31.422153562805896,-0.9932775705960794,0.04855996100359901,0.6185121756494022,-4.9647173801341955,,-8.670211297196195,,,-5.407317102020347,-6.178070175475374,21.920824444139313,-11.27422454765333,-5.094720408150689,49.50523326786172,34.084204265706504,-0.5796347758856643
2021-10-15,-14.749590848857116,-14.685961098419888,,,2.9006380016825504,11.571338741048207,0.9456380591678303,46.639109177003945,-1.3349752774602281,-9.182994547259954,-2.020740419327372,-8.332701087554707,0.8335377962689978,3.9622858481966836,5.894697018352873,-0.10625594898841825,2.802544782025426,-4.351721314262935,-0.0551758961280866,-0.11444450269620718,10.577013955111065,2.537727333826673,,12.746994048999252,0.2753405593307714,-0.0581281361941182,-0.025355785983515816,8.026534824546301,,4.03388719366016,,,-0.4684513607727154,13.362414533979715,-3.679641336992617,28.247723512116675,-0.20261009148397455,21.865517747770294,62.31247538994706,41.92087864174443
2021-10-22,-3.5715440585533784,0.2787139513097781,,,26.976801951768415,-5.415442359278778,7.935313474717529,-6.630121095452084,52.241820142075575,-4.689203011837165,5.260953754344441,16.257590962979485,2.6248431839229243,-0.32635681654811716,-1.119181010754321,0.10918139906354445,1.7409279340090085,-1.5957325294627225,-0.5756334756216888,35.85673762500007,-8.447377956373035,-0.0007415630237055711,,3.544865656396903,17.08913294158987,0.47592971143034624,-1.05359728940921,-33.25673663115785,,-0.30902983393651995,,,30.827137147979247,-0.07518630237074617,-38.295362291636685,6.430333381948109,-0.21519211117066492,-24.882101157186874,45.16019122703271,-10.858649318321154
2021-10-29,23.685692838988544,26.595941768537543,,,3.6063401265675576,4.960306667538116,1.535797667046196,4.883210000907972,-3.2249944154122145,-29.4638711942977,-15.247813368542332,19.654784951809845,-2.8811020923881987,-3.004212049507505,-5.531067948338684,-0.2886273748701177,6.735541424955954,-1.6831522238944052,-0.4306056703904877,0.49245861014139103,2.2663473737978084,4.674880349822123,,-2.5052612460533017,0.14778519803560203,0.08512607161333272,2.3821960134412667,-9.308886857996367,,-22.705635459064705,,,-15.124912065440336,-9.995601732556484,2.0523881685295846,11.836757407151097,-0.6302518194532873,27.049364764332893,20.043064287093543,-4.832742178195029
2021-11-05,-54.49181914886018,-1.2247306780123193,,-1.962688584289788,7.785171541201072,10.708923588845702,27.29277934363406,-5.1486472532861125,4.89196845449157,-30.871888775744992,9.308209062229595,11.508305746740175,5.853435079411951,-0.6360800742841735,3.6044141506589096,1.0433857546141776,6.241842741013685,-1.0185412903428563,-4.176160307543678,0.8582383265623015,-2.675525357550536,-2.1265138920003865,,0.23112955158357612,5.843173251498603,3.724961236682745,2.85642858036322,-2.9977110582589224,,3.1058951628446874,,,-52.4173881433759,49.894992281236476,3.217907469168577,6.424406716044445,-0.08947363745937226,0.7028040995046171,-57.45606652811629,1.071398386092988
2021-11-12,16.280737088267024,-4.56269939588207,,-0.5394927653862694,-44.64424716516479,53.954801428908745,-25.383066168793547,-49.72272309310212,-12.244136648798445,-1.1112969454119095,43.68771095576816,0.8274659485345746,0.4438282571086615,-0.9110041396012643,1.224327323970852,-1.6280849802982538,5.898960409100847,-1.4769882059650026,1.826304666585873,1.613897759929435,2.961623909034553,0.25353648260015876,,54.15400089707481,0.08070636463739057,-0.048408640329799336,2.4049084876220506,-19.93252132177406,,-0.1556440041067797,,,-11.555420178399544,-62.7960816065683,0.6757063669123248,-6.57119584935753,-2.4677712953995936,-14.133122088660558,-19.157157258461147,-21.423125347874993
2021-11-19,-57.51242734780199,-0.623040655417247,,-0.39974917848064917,-68.20297987543566,37.57531093492089,-2.460608395738811,-1.4953911108547089,-0.31190870782547786,-0.9479494285953592,-2.0862318911887505,7.165410316980827,-0.16613352461936332,-1.2928528652624167,-0.5287416685620987,-0.5019507541565177,-18.09969859826095,-5.188666152679728,-0.6360202242819462,2.062031987919675,4.743785895443093,-1.2408406853538274,,-8.965167730151592,-0.45205255389903043,0.11506510644913201,-5.595802997623914,-2.7490117284637723,,45.34644415980204,,,-25.96153973666446,-8.749202927854851,-38.27042823787673,-0.449918659346365,1.089996874494931,-11.828245267934234,8.896377753973077,-9.723145130632485
2021-11-26,-45.02949371336056,-0.10002835479001436,,0.6726912004835773,-2.160887178118468,102.4443841486154,-12.478222581750785,-24.63359309583439,0.5256204812720016,-1.5910740115192867,2.960657205333719,-30.180381050286275,56.882308962851354,27.387240038782977,-29.24702392924796,25.095940124993472,9.091168609331744,2.196179082974834,-13.579446506343112,-9.379083769264335,2.3321619139439025,-29.772401246481273,,9.9863637960562,-2.3776195588180924,0.2162581264606681,0.47646411563210167,49.939758788665145,,1.1321120271458143,,,23.566516130572936,8.874076685083812,28.54818696848158,1.6318797317439235,-0.7797178790361268,-11.266164279066249,-18.324556790003957,1.2547707166486397
2021-12-03,17.11213051878406,-12.628959197123358,,-0.3224837480366468,-31.29143485117034,82.11755409423905,-0.23282043671028585,-22.94090438606372,3.0733299336731825,-7.161619736339786,-17.912965727930814,-70.2380108834897,-0.7427546851925959,-1.1933211332619174,-11.596488865282259,-0.3856733668874329,-10.060928712332817,-6.050315044763907,-0.35912957274023705,-3.3435530103064437,21.919154925724367,-1.7103288783134174,,2.565278422145462,6.846106217102552,0.0495084873411113,-0.5882055815946367,1.4954369351769428,,17.128357843821515,,,-3.132181513625451,45.875345992426304,-11.506889173624028,0.36919731721642185,0.8497973084031195,-11.130299027744133,-13.278637878446297,1.199031005166249
2021-12-10,20.681615251761638,-2.740224090348319,,-0.07390021544744199,-22.01661802788734,-3.6075993952261016,73.64807553157182,1.2720212436380343,2.5912773878711852,-6.661710014543457,-1.2739749909153877,-2.9752824689342066,19.643782854423268,-0.310470324183254,28.12431182276166,0.2567553849019878,15.532791192828817,-1.615976759631544,-2.577114104912233,-0.22484648464854656,-9.309403846253094,-7.364593487824357,,-7.155537221070373,10.805077272380165,0.06756851589545512,4.408238373057933,-18.78258942273333,,-4.729549956752334,,,-23.386441632680327,73.16656187181304,0.45925071913413207,1.0575385354618352,-0.03367583611626618,21.382741027205405,4.420078787180222,-37.065791841809215
2021-12-17,-0.217060908303762,-4.152043724780745,,0.3003866942401453,4.988363507796668,5.811283051786271,-0.0725960583110781,30.756459025991116,-4.691078876065761,47.67707143993546,-4.864064730285819,-90.80224456966741,0.05636772931700691,-13.708815014844633,-5.255320598840553,-1.6945352060049181,5.845043262369326,-3.2884182097300627,-0.2272374321391873,-12.272991315402104,17.76342867021859,4.445427324974821,3.0982107986744363,-2.065500781363252,8.4690662713077,-0.05144930400707265,-12.762224441404472,2.4895057537017085,,-17.87048338134912,,,-11.860526810808091,23.131631774129193,-6.335626076713728,74.74140126530503,7.273434662062755,-13.462030043564955,-10.086549448963938,-19.864071911831985
2021-12-24,-1.0952714646523012,0.9035899068683966,,-0.05223222570314442,39.42764799933042,-9.588869615027656,1.3268610196843755,68.51351470661126,-19.97073265093758,6.90002739270532,-5.574908370317077,13.41815575043611,0.841427969474112,1.5923829010725874,-27.65585708571982,0.46276301131570097,0.654289090506138,0.2931816478556182,-5.590281472198018,14.081136666802092,-79.36410858173065,32.54771224077631,-22.408653213116672,2.8945178458128886,-1.1280279306733207,-6.140117664480402,-0.2119884630594342,19.57107554823206,,-14.779834916827436,,,-0.287938742657213,-13.82785329966258,-3.8200229578434675,-5.309662096222654,6.039530700461187,11.427325686345814,19.205982713117674,39.63823491424301
2021-12-31,4.995200672828305,-11.424241909650428,,0.04607789107899826,-18.503986172301207,-2.0971088847983745,-11.57959027360041,-9.290048234603818,-17.80459908908554,-7.239113160648802,-40.84567147967006,-78.18705841742025,-1.9726109617529535,-3.994554666520973,1.2792661003343735,0.023644768212094158,1.6546348510978972,12.100402390721003,-0.5821902876822412,38.34347762956644,5.628005750067822,3.583116327696935,1.4572441522902266,-11.217215247829223,-1.635681225004471,0.14451900154003222,-2.04296837037515,7.861721992560877,,-8.40698074891035,,,1.9705759163215397,2.575585600515844,58.19834317703884,-1.1395255590815514,2.031693092970098,-13.897946131917845,0.21106744548979695,41.160943347735305
2022-01-07,-13.743779546947428,-0.8666559044100429,,-0.11970016534712943,-12.943030856703883,-15.030446561159298,4.899084524938743,-3.2025465114724954,6.898019827001951,21.4565509753046,10.186146614424576,19.884000679865217,27.914810338605957,-7.780460684441221,0.8121650796093626,1.3500101072959731,-1.4214664201403604,2.258131763763575,-0.25709262729307525,-2.754166778450367,44.84404287887318,-3.09949570984087,-1.3108905466749414,-43.02440560919456,15.211921945540999,3.4564067593251506,2.3209080410279253,-0.5197470625971128,,-5.434589389960426,,,-37.09475385710469,-2.4639529802052533,6.4589646086533286,-16.865629641773054,1.6654834856055305,-21.12577316552118,-40.70739038458021,32.84476002929329
2022-01-14,-16.79707775174777,0.6887372702860908,,-1.1080012726179975,-28.384131922712317,-7.4520402377574335,3.167437006286844,-3.708883900043198,29.734222086191412,-47.15209807816128,0.3274837423560837,-16.920444191936213,-1.043126857740624,0.24046163244122842,4.207922499460563,0.05108437989522946,-19.01201458673317,-6.619598021079878,2.728917848605388,0.12072109138119869,36.312320514212225,-7.183436302491744,-7.166535206482159,-7.362524361168519,-9.064722192663758,0.2166511451793796,-3.4480435626775487,-3.461759691993512,,-6.651840034635076,,,26.31687155099015,44.1165084683822,59.27006739863244,24.887985365478308,-16.375433923035814,18.518371417320385,44.142694859051346,-1.1067234713231595
2022-01-21,-98.14592013872344,0.0042706203247157015,,0.25362339537218337,18.27972335890089,-0.626273946560294,1.128098832386363,35.20899973174604,-20.499348130350782,4.3133781942433345,-22.62758689765363,-8.79335935235164,-2.8491104367146676,2.87414615789942,-35.14293601225827,-0.0739260912893954,-0.06480869458684158,-6.049425291636914,-0.2123078773119856,-4.20328225517778,-221.37768913379105,26.79944173711675,-0.09147441922506644,-17.856462426329102,-6.892967826249245,0.08239952975635872,-1.8822087523136841,-67.43841867225049,,5.453852636322278,,,8.36088020196495,9.82703946107646,-4.1986503047654855,-7.753340325392788,-3.5354756470140036,1.9427224436513804,51.56831766812789,-4.496731354479614
2022-01-28,-30.111965250535913,5.910135839016876,,-0.3056528836352206,-1.7073844940806886,6.338894257896798,4.290598928815057,-23.668061324572633,-77.6268063824212,-110.90650440953786,11.226039661247027,-5.214626289110298,1.2981800834713169,-0.7275411636928535,4.980741570944797,-1.1899799955647654,16.303860847672404,-2.0422807889986894,-0.9360786765065201,-1.0537213754194994,-6.726971346225062,-10.37761742895519,-0.4383903739393237,203.48149495009247,-0.08235770381539398,7.112861365647021,-2.043921630775625,12.460116262239469,,-5.188683289975978,,,-9.311553251864241,-41.61304840128405,-5.059412455698913,-2.900235686247774,-0.05701166156038606,-29.51639354617682,-5.366678190548801,-3.5803702347328934
2022-02-11,4.974967929280319,6.587220299789331,,0.02673210128182845,2.611423514811354,-29.27151996311796,8.689317879297636,-22.0678392710198,9.011421762931148,-16.89926652987363,5.235028822746606,2.1201075722360265,0.825815014554645,-0.9919074669191317,-7.559785780450955,-0.6949559445429633,-0.9736158608082328,-3.24616197917756,-0.06575996132134965,-12.56853774660212,12.486209575288823,-24.75622355010351,3.6221503629054146,-9.681308761260992,-6.02454708537352,1.8568937652257325,-1.0904270474658104,-40.95562608229979,,3.6206315119152612,,,-18.93025254483883,5.584975845534491,5.924292180231873,-1.602097006206809,-1.5247891701602772,-14.572679364834936,1.4418889882853625,-19.235113740848497
2022-02-18,-38.52022913429327,4.288124623503432,,-0.042190412637474486,72.1582260428162,-3.9642412534268763,7.044325090362708,-35.8399925241295,92.01481359223091,16.12867622426091,-14.123845040470998,-88.71201257750151,-1.8487999346618373,4.042531038484759,21.806257170667244,-4.699359207880517,-3.55184765589607,-5.262130856957216,-8.322064090348658,-17.151402884426705,-17.207368921980574,16.937269148324617,0.01631753808860582,26.465448282869882,1.45479198627364,0.18632060494288946,2.5737143146339196,70.96569756479599,,-6.4498817729293725,,,-29.74031077299435,-0.8151242718657488,1.9493643490227865,2.5503128400064603,-0.6283016369939893,0.9690892929764934,-32.87461568027329,-18.233096472933823
2022-02-25,-69.15796808439616,-1.3507745889525458,,-0.0692060106929118,-45.17851423649982,0.4314586340250748,23.19755873997758,-2.8437281096995974,-43.87515620467346,-10.321350702838592,11.53896346254463,-22.670520390137277,-11.672971967806888,0.3019741358282328,-9.765023700558405,3.4778481260688,3.4865570400471033,6.036153371011939,0.07857157170485862,-9.048334378374616,10.872335453339275,35.45365631438741,3.154722729253368,-75.07665397726323,-13.658265462291798,-0.9651904468472022,2.1074698959340132,1.9160434044950225,,-2.772546064349096,,,-26.84375927049605,8.748363870566369,-5.911966587617023,-29.058961592338314,2.0239036653888527,10.583353021582518,34.199541638275626,1.0774394976035815
2022-03-04,30.43959677020966,2.3760736006196366,,0.8483797532006208,-7.087006882349719,-4.1785151481706215,-4.443739843671608,3.7202097954424005,-21.357934568028888,-3.9986477416989716,-14.616707805521543,-110.80733673601028,13.916148400565662,-0.42188766251659954,-8.76420322890897,-1.424781554465744,-2.765428206008475,-0.09525580836878336,-1.1117135793593929,-2.382186369572897,-62.54305494293194,-3.555859653365548,12.699177218754356,77.13318840378713,-19.62995897313554,0.005555330933792062,0.1678018669023088,-34.842379142643345,,25.857181891297287,,,11.043836179670443,-8.92190330631102,-25.51527119077047,-0.6939216440830502,-1.9339611127989116,-1.5211367210093558,8.172506586331961,32.6536335732781
2022-03-11,-86.6814661384405,0.4226793747189914,,-0.34553014560921647,-18.254103038915478,-36.44223353527328,7.969078505633583,4.6354517057612625,-9.548330777701446,-16.483905850730537,0.9779823549286266,11.689234317117199,1.0864432311391155,0.556575611606446,28.85990897970956,-0.9465840031017869,22.301173500436903,4.5175546610245485,-0.16852536538364993,0.6411837306278592,-43.43318412319039,-15.381385207744309,44.105540504719755,0.6808836783993032,-0.006016646137604623,0.1254654770545564,-0.9917601527208022,-3.6287799584637987,,4.973270279270027,,,33.632409062896244,68.76329894898926,-1.6293185297558228,-36.56092954103839,-1.5442753619976701,10.602173781137727,4.71348832718942,-45.194346863250324
2022-03-18,0.8003545229618625,0.016672807269503792,,-0.22919203159929702,-4.332682160155907,-14.147534435968078,-3.290668728867668,5.86173774950652,57.78240340261236,-4.7828439519230805,-3.7555017874341456,6.268017926180859,45.629655928007026,-1.9958722401180031,1.519547424711311,-0.7554382452433523,-8.580884131446183,6.542853960185083,-3.797351500013507,-12.248796223461401,78.43170858220834,1.8898671613411664,0.8215226513824744,-7.204469177688185,-0.32175829010656143,-0.012924710099238772,16.36942205034127,-6.437359345194561,,-13.590572393861233,,,2.9168169021136165,55.79925243804764,-11.740821853946683,4.017779164547125,-4.96520830573101,13.109160866269717,36.4922030719003,-64.87918565192389
2022-03-25,12.994622612068289,12.338902988672121,,9.707203075810162,10.093495246146247,8.855228592721598,4.593173402638604,-7.9728007474944524,6.214774914520998,-34.080431804792426,11.266715808577697,22.35361272821156,-0.5134801102403501,0.33995045063523516,6.0695104174943415,-0.20747504320002008,6.395999154082405,-0.38725955186556105,0.05850298319217195,1.7517413687133585,51.153721190904314,-0.8674679765073368,0.0074143489700432465,-1.2595496292782475,-0.8350609293221956,0.7592678198795034,16.848460273533927,3.252959490837002,,34.849247379074214,,,40.237675451377804,43.50896306780531,-86.72962722618014,-49.87349070402222,3.0534256579465913,-8.125768887129638,-9.12573793629304,-2.2413452613438642
2022-04-01,-20.240857964390607,-1.1828476912221715,,0.23722420237908795,-0.23461152819430445,1.2639756406021148,7.628502836518407,-62.18382676601726,51.06613523684653,-13.70594172493029,4.42080114764045,-55.61742708389538,0.21213033745544385,-0.4397346790807903,-49.72177855130964,2.074509634901235,-48.53764562928617,-5.018540472936947,7.15286428077624,0.6249021853895478,3.6443433521886215,4.141340217094301,-0.050268907897985216,0.023375413375553045,-0.23409276558466016,0.04614503848897998,-1.9398090356002506,-2.8775919211616108,,-70.42489874182962,,,20.616662991777645,-120.08225350037539,-46.49209976035838,0.12593480335710341,13.478601640707165,-73.06300500133207,35.473754886749155,-23.523586700315693
2022-04-08,4.182888050326266,-0.3535949970514428,,0.5898918698530983,22.647891176031248,-7.43610962491595,-5.786765641049971,11.579400556687286,-9.712215833604706,1.2341510420473125,-14.4596518481424,-64.73476102737668,4.26125701373125,-2.2469000416449534,45.68695713832637,2.820263141634097,13.858329820162975,1.7683165257287876,0.0275800505896786,1.6173691303718978,-9.78175287000985,-3.5751888104617695,5.73541698453239,1.2135752645899447,-0.3377843400653616,-4.751017759380453,3.4860193552886583,19.777012389822843,,-3.4083687305632795,,,-1.8142685119195892,-10.897854689170178,-23.25998864933379,-20.653401205338465,0.12098876781669221,-31.91649701158324,5.373705091201953,64.39530613046237
2022-04-15,-12.689357241489356,-6.349433366763979,,0.012014793616984563,-2.229787721960802,4.880155516935651,-1.1280486541587358,-22.352888618872168,7.0049297536036725,-3.4781781705098807,-24.73601085030192,-73.98728729355511,12.421017979197165,2.3920676233447726,-7.942370556907512,-15.862344916462728,-4.080971930361046,-1.4669725426639866,16.89960456229199,0.9966496891888409,25.745115329045994,-16.358826463400597,25.046628554013328,-16.574184796893334,-0.2213827916944025,-0.14055165087658822,-19.8487954671814,-71.20334093833645,,19.88943283494725,,,-66.95870240708162,-33.17987984600389,-17.31895401883242,-8.327438291941867,-0.07714584509126854,45.61176313552814,-15.860670606682916,14.902296889395265
2022-04-22,11.825512691118176,2.8200062902205705,,0.14607358540940824,-75.04188234640517,90.48194522397178,-1.3285074828855228,-48.43534938283635,3.8189208503026246,-0.2727409663214866,-14.526619113633396,4.123664058831881,13.960570222869634,-4.362444305160514,-24.226374786177708,4.56225493545485,-26.694848211736005,0.09264687826020751,-0.6222178160092083,2.0937640012120666,-42.89511107685692,0.9231164539509893,-0.3755774347067019,0.7926106849822689,17.792952217017948,0.46737882115764845,1.14374233351712,-16.671438949382413,,5.638906474514626,,,119.0115233256757,36.94327471080104,-1.1037889534748562,4.862009002179777,3.0488098665806147,6.987556830682479,37.540280540014635,-8.56967144049352
2022-04-29,-25.98477437642047,-8.671888831459075,,-0.045185330359662365,-46.073324569792916,-16.818379441580014,-64.07295825691018,-30.09409015395351,39.21800543296527,-10.656492826546948,-8.704438242688664,30.921537481266267,-0.6498722422976795,-0.12243557294959827,5.878269339114783,1.464094933566264,-12.398319222371784,-1.5791860965350684,-0.37276028832278973,7.982192068806426,22.490106254245013,-6.369963779800651,23.218317489265647,-3.2613897918042962,194.2993246841416,0.49264058610063455,-26.504376561120228,-64.11138195104026,,10.87287629230062,,,-0.6365878659527553,4.734491647396855,19.529155175804732,6.798967452705414,11.210743247086876,-11.140036299758968,-12.790994486083102,-6.306907358233415
2022-05-06,43.11925239116307,-1.9926441687344283,,-0.6549306834340376,-5.073470133564937,4.09303989221123,3.4892246001196,-0.9353424229545722,-10.300388752518373,-8.48415792347248,4.01541773124371,84.89474957351395,-5.695426266600566,-0.6752005053588785,9.29397493405672,-0.11509818445534709,25.351235998380538,45.67609319431833,-0.029757071369847232,-20.171878730312173,-5.1742836694771475,4.69743843093271,-10.170263329966563,-33.35928243153751,-43.368494528675356,0.08035220044315601,3.6315440685231777,-27.956038148242644,,-17.909886062164937,,,24.573385955223795,-13.194487638730603,32.98811271814202,-0.33126104214431973,4.624065988088178,-56.76980410861813,61.69526253202808,3.431688842424834
2022-05-13,15.894098224488747,1.3070131176554407,,-0.20506286355920364,6.595579966327752,14.684748541687107,-19.692859585601497,-5.4634161316131005,-23.694441242274863,-8.104077986038366,12.235989928771744,3.942361751711897,1.1469755302158002,0.10515781109193137,7.514039868806102,-0.3080268263187047,-14.301144581921617,2.709533308890954,-5.8883233112326945,4.724353210931603,66.50081016482575,1.8519261328930832,-0.04400747174941655,8.536219801409844,10.490822418267783,-0.242165139667981,0.9440712408188429,-31.190751753358406,,-36.86967829526791,,,-56.39027341542691,-10.944055592362199,-13.65246235026888,-9.743913797781133,-0.5884362195114711,17.471361849673727,-24.87602862522835,65.52025594505348
2022-05-20,7.063398682980475,0.006343064508404706,,-0.8828637595684712,-3.78814419762294,-1.6382531926209494,-5.527133916888341,-7.667755880473743,-14.378171467081255,-7.648084537022116,-6.277426020850425,84.49627361355651,12.860037432311191,-1.9426807212258668,0.7295960499072229,-0.4852878987470685,-8.511355623876264,2.932405354561425,-0.14319918268007625,0.5997551344192364,12.681420916589362,3.640615121677912,1.1353995007111546,8.133683701295706,-21.68222228123516,-2.09993775512905,-1.0328315703689446,1.6021565769314439,,-1.8711392814811125,,,2.6436149682044174,-26.204350514130812,-8.30434800473636,5.966877813552902,-6.638476738019676,-3.8843126003983284,38.11301595791196,-4.224222367136585
2022-05-27,71.62509981507924,0.6570332699647644,,-0.348887841492048,14.469010609838763,29.474862964268578,-1.3903310242755758,-0.616328123772572,-17.808755067915627,0.807450470121496,-46.175785182495076,40.473715958886466,-4.283209073306504,0.2866970522097669,23.115288983959047,0.05122097607261257,-8.982965559637107,6.196533218014288,-2.896263439574244,1.0500208486462819,0.8250514490799498,-0.45437591593166915,-0.01102882138382869,3.499296777188319,-12.610623014540549,9.803639600576098,-6.632974320514995,9.216369871031365,,5.340939836011965,,,-55.12504852874112,-0.08338936191968627,-16.096445937469174,-0.19824691495416874,-0.40270330310658375,-44.38700712667111,42.53176732884506,-11.031167090787088
2022-06-02,14.4324728280703,-4.734883951184654,,0.026324022562158687,-11.474345136037478,92.4626801190074,-21.85495232645216,-46.75610323872483,-31.13703559080734,-12.042531802929906,14.798520908609351,-5.9686806971987405,-2.9215511442582365,-12.015986737286305,-3.7176492793148355,0.6012680496008417,39.36036748262716,-0.7914805028472667,25.64005517016784,4.245570939005246,23.235784915713737,17.745441825813433,1.3813121959195203,-9.140375129383706,0.5106173532133753,1.913875823003668,-4.845907015259088,34.44965918921836,,8.824286955741588,,,-78.14284898376661,-39.28731707338231,-9.433539553392619,2.2855784922967777,0.8035407296916309,-21.34863020571294,2.927798444868583,-2.8505254487489706
2022-06-10,2.3306062170022783,-6.666620650489821,,17.049317114148177,-15.073285197169332,9.398868706185663,-8.552959288706928,-4.332077880091468,-28.33653032562266,6.216236645004302,-13.056770119200431,7.625528701956087,-3.5884862650323095,-1.8377001426953317,-9.826773416430687,-0.2853839878281904,17.362487438413705,-10.289208849322064,-15.389409900157599,14.087573783821501,-78.21428453388938,1.9225596517657662,-2.575127322461107,-38.52006980709384,19.599198971779987,2.0109580566874237,15.359137601241112,-50.06624412298512,-0.01742786183869537,6.870172610552505,,,-8.108994711461582,12.995661965122235,4.762826527859889,-2.673398563115655,-0.6160074124633572,-4.66032941372465,58.4236917733377,12.445395421915562
2022-06-17,24.675660579968326,0.4090456161373702,,1.2022890847290821,48.955207929385644,-35.541479421006876,0.19272191877430198,17.920777079319336,8.443553745742218,-21.547353191377425,-21.919768542500027,-13.328430936806825,43.502721415351154,5.77514694798668,19.90670908943983,-1.709419298620084,-19.574652031117278,-3.2136076990513747,0.8703011677612543,-1.6841756894700395,-82.02142872652192,-3.296280338282208,4.559493345122367,-5.538661069949631,-30.81895854550484,0.7097522543064125,-52.714653710926584,-10.211181022133854,0.3952733861214893,-77.03822692497764,,,24.00998862389252,-6.50249801179017,-17.165629531293337,-9.294035340741303,0.06518054687326835,-49.638255802614424,-24.6387615094162,3.50175359009848
2022-06-24,-46.842823121165196,-5.986101555076479,,0.06652891513572666,-1.658511148800047,6.575905577433634,-1.9151423918879706,-8.351085902308897,41.63135364134219,-19.1267654823743,-35.1802353338085,-94.65232571630447,-0.20704764195332448,-10.80037279391101,12.568180773317108,0.20152530081770054,-15.241725530177952,0.15873530900819616,-1.6151299900682488,12.803825081725694,27.40444946770295,-7.8907500840921365,-0.1062734708972177,74.40148316410156,-32.037498760265706,-0.022346241012835874,-0.12852931775933107,9.81667041727306,0.08500578794680524,-64.49030082888211,,,25.237932739094017,-1.813839984818841,-6.793201662751174,3.8150437279593,0.359486160415521,-10.509255699073325,-18.294577702124545,3.376627733865826
2022-07-01,20.14859256640149,-2.521019251662723,,0.8622637208755818,7.016882207218273,4.970777846291279,-51.840160511108856,-20.865708226062086,17.612715873736814,9.21683619137248e-06,-1.7674810263401977,38.64741386473384,1.8625375349284163,-3.9068085650168554,-15.893689873064272,-65.23049979584765,4.3109028424724585,0.7012157373109937,10.08751048150033,0.9409401441455383,-11.205238695462153,1.2969067162880128,1.757200387890466,81.0025822898824,8.139868947284999,0.08351799658730528,-2.24655286594827,-11.893337240527515,-0.014368562762750035,-48.461889116186995,,,46.3684290365644,-15.733819855636312,-18.947583983005174,4.820852682979005,-0.08254907071271185,4.06424347276226,-6.091592624183565,-63.74287100104199
2022-07-08,-0.8672197532213648,-0.14672461317308805,,-0.4000738857411907,20.173486648572922,5.852483622714209,-13.200781488155375,11.128977919566523,-20.951084484970888,-2.0113416852915025,9.906759946593866,4.343623800365327,-17.25635913110664,-8.61396810955996,13.763316482237503,-0.7247620142288229,29.758306208243177,-22.61058450298796,5.2752630661513304,-26.197777671160566,-15.222001593062801,60.76028032138526,-0.7616070641124824,50.39807744298468,3.945602206038244,0.006831525079914993,-2.5844625748446526,5.146648335845936,-0.23593341002002072,-74.4071320723625,,,-42.59424215446421,-46.14006945846745,-12.360877200677503,-12.826345198268543,-1.040260331090255,25.640266163479737,-32.555005504042995,-10.21696781682666
2022-07-15,-19.12260945682192,-4.207941255317196,,-0.30311994109368706,-14.424758423183336,-4.42691259559262,-4.109248440163345,16.226489190393334,-46.575616174603205,-2.0542609759526727,-10.354642369695506,41.129821065302,0.7066626354815085,7.926368009046667,30.87695290249249,-0.8240240460373558,-5.457970190048669,-0.1359495322034866,1.0770693631202826,-7.546206833917618,-6.4651433642616,0.05148013254511019,-0.9737365318257148,9.68369820017472,-9.679395949351646,-0.18312821853831934,45.31056114019851,-40.88409011147391,-0.5041404979153137,-65.78814503156836,,,-55.7605531449074,57.332106268033385,-15.261995763280922,18.762091170235102,-0.2390950144671367,17.788921067703154,17.91075149607389,-26.133100315833147
2022-07-22,-12.959439453992415,4.593271153845276,,0.10391712911190512,3.366056121741984,15.285944336711562,0.7841097298400137,-61.600301806447966,29.470230106804863,-7.075737324859622,12.082735232149428,-85.09711764107045,3.3152037191068287,4.63002800133843,5.648883118140463,-0.12571494620735327,63.79942727751557,-4.315394363500176,6.577090432007825,-9.78238097871173,27.81396066884663,1.9173493131268975,2.405287745060229,-74.05532315321739,-10.317511963597081,0.0007893312025306423,8.855666716566947,0.11226982909920347,-0.26841924894567515,19.802123701508737,,,30.284807975745895,19.485298031014874,-17.009664110663902,8.59465462359315,-3.316737802633191,4.84479033714187,4.188165707267998,-18.553122077342568
2022-07-29,-51.09116030425496,-3.259072067510405,,-1.3155935925385744,10.98242038335125,-3.9025038878267475,-2.327525284360551,2.0991091998807514,-69.2626176130062,-17.04307033596243,57.60063164654384,-6.5280993843413455,-9.58137820492707,51.76590170199378,4.589348868064616,-0.5595976250251027,-3.542164173732186,-0.12488586127907908,-3.349159590679506,1.3980912536226762,23.44073013286897,1.830649611775993,-0.013228549352222674,-3.744728500431392,-1.1542216352217307,1.4430368878674877,-0.7304621397970632,3.549664740012993,-0.08279683254114552,16.27266846145807,,,10.495393283699116,-21.64723526432075,12.271742469563842,7.900634438132039,0.011921294443582614,-17.151492790164916,-6.8997542806713055,27.158618685109417
2022-08-05,-21.024978766541008,0.38614106362361744,,0.13250452345851893,61.21592191964535,-32.87220241705495,8.303894346796579,-45.05658220689534,24.660614630348224,-52.80215759810957,26.76354902242546,-5.155729330168253,31.878029504024816,-16.416133083574298,12.518147547976419,-0.7971009085454223,23.90119881577132,-9.268177525461386,1.2006520913626935,2.4323698702898673,31.256221959516132,-30.013466716773486,-0.04345380979507587,-10.980396578537517,-1.5306906676350973,0.3865453237839451,3.971783855732828,-35.234106480679586,-0.8015397760923445,24.668287526158185,,,-79.82994281609407,62.317427662775515,-1.9479423276624948,0.16115540004590267,-4.160939235695776,-48.64806834806867,-0.9827910254550536,-63.97382461834732
2022-08-12,27.75664383766337,-1.4782919202169442,,0.8286684708270408,-30.617873249161757,-4.970955638953484,37.71339110945035,62.85319586275246,8.445229930583878,-11.140707797730055,-0.24704667274323722,5.854603369190737,-6.926638358986612,-3.40089088860488,3.5519090111810763,-6.4993641383974134,15.554040582869431,0.39715716696754305,-7.538808905863952,-16.85258490352088,30.865274181760928,-12.7234146840322,-1.9438026774744954,-43.33226360146737,-69.75694396006934,-0.08039116588847037,12.137390222179606,-18.16586865762051,-0.028003214353189212,26.38702005459737,,,-17.702671635270825,-34.09065479972361,-7.804007181443622,9.027076828657913,0.8431443084654926,-19.728164348039307,42.98231611597742,7.783567957602104
2022-08-19,-8.030793370766588,0.02247386404074611,,0.07426004974845163,-9.700412146225911,6.92874103880375,4.390945403407354,-2.26163246124063,-9.550192325512574,-7.0711072104637065,-7.993320460026055,-32.77462269168926,-2.7293257536062527,-8.628914103900941,8.306920436865195,14.179678849296092,6.282584899181396,6.1448807557216,-0.10038297941343995,6.451315830240683,-89.8762280187447,-12.102352996100333,4.102653703917327,10.668235610237286,-5.0315831406094365,1.1206791770964748,-4.129293919459233,-3.7493214073724697,0.17421927837653323,-44.492739651260926,,,10.647337715216404,-12.243924109890292,4.893402259770582,-16.815298798792323,10.771322592335082,-5.458499643775823,-100.11695717376911,-1.5300191875187927
2022-08-26,-7.267218901360409,-4.379503172751493,,-0.22118483195966643,-32.8056404699508,25.38295964522123,-4.206076048364454,-7.015654787425902,-143.29095135560448,-25.26062938012309,6.950757282924452,37.86407195325441,-4.086026807379367,-4.308435858710085,-0.5870762240209071,-5.224854486126878,10.431047259649377,-0.2425386960172049,6.581440532550479,26.898811436278255,12.292978487650839,2.878188479015355,0.1423862944826682,-19.88177949046159,-17.254117541565662,-0.0016796175294983284,-4.966596249866829,16.575344249419224,-0.11712882855201312,-32.664985543336,,,10.853756621930712,15.185169727252047,2.3408011706911505,1.5617207296382507,-0.21058809167889966,-10.49049706300856,-3.7451464876833986,5.516987800000347
2022-09-02,15.417872574988941,-0.19763436036117366,,1.722472013054281,71.33353714139419,-27.088203844045513,1.6592754600363269,-19.706155122707802,3.189894102754373,-12.794477705073595,8.67422197409846,14.262701479270275,-3.196171345333229,-0.43006519079837713,-1.2280429415676055,-0.5109860702440171,-1.4751755928173065,0.27958771578998054,-4.032080455354571,1.6566664440797374,-29.344457940972408,8.887311773641386,24.37933134412217,-51.331533321864974,4.48519083140575,-0.05247048174853346,-2.6071728264543017,-13.623212954270858,-0.048838156596035937,39.706393029619754,,,-45.01300721480606,-36.033252139053914,-1.184876864455679,-0.8675446371173816,0.10919587266883751,-22.127899420580704,17.79487043799159,-5.711688972767673
2022-09-09,33.6165195479357,18.566029006179285,,-1.418110589099214,6.222863132166738,3.911116897322355,-4.831346349521612,-0.03580780709877601,23.08965952796898,-22.496082805406342,-1.5658272654003627,-42.56715806810363,0.18182869434907145,0.2587217820996093,25.764855994334678,-0.6432206589086668,-0.7813142330164655,-12.6703313058074,-1.1164630622528762,-12.05552528354009,-79.42529064063012,6.456600685599076,0.19657269222672433,-42.929951282456486,-2.7006378284345915,-0.019905769517831906,0.9400386963051894,-9.663226948738195,-0.14643107794918805,5.1698090104443555,,,-33.34409789181488,-9.092771062225745,-120.06390845091937,-4.338019743244413,-0.09161696190585608,-6.281921807251894,-56.740453830980044,10.990117190329373
2022-09-16,1.8023270506926332,-6.002662481660883,,7.7192768418325235,6.446736735969086,77.07750259761706,-5.050892400436606,-27.121995130870722,15.720476441691495,15.183536717206092,-3.7639167822553454,-31.336262516985286,-0.2334648118322148,17.343645524899056,-3.828167452895106,-4.359253280735999,-8.967420280883218,-7.824050292425282,-1.4251283841794706,1.5668398450945507,-74.23015796838081,-18.340111211249244,2.4558946797374066,-9.776592408670801,-46.52529852230116,-0.5306790411283715,1.1856281151066757,20.680439306816393,-0.5963041669690512,8.017578285822845,,,-40.73011715498431,-2.489652514819807,-1.8322702977408503,0.47656368368533464,-0.3078082188234428,-9.424968318849137,-28.837975663623862,-17.962934924889993
2022-09-23,9.887532284503497,1.1446075146887416,,-0.23993144962879326,-29.990853011691673,-12.201278398218237,2.1379712105447477,-56.266714577365,18.772257369859478,69.0268964721392,35.65093064217729,-28.2836291940216,-16.343321301026776,-0.7113485035806628,39.74761266362881,-2.786424047317324,-16.727722394161482,-3.7015120894843876,-22.718635257585532,34.38317655433289,-58.40688978266708,-10.737786348070285,-0.8806008875375482,35.147235206181975,101.45378571695076,0.6390390271092455,12.833435160011904,-9.633058394112517,1.387479598054782,-12.13260824037367,,,-58.63505767822458,-0.5140733438669902,4.657075304743392,1.402315314274638,-2.0734314225975456,10.966264736714919,1.2159729702697157,77.15298630666423
2022-09-30,80.67248934024978,0.2759650305945429,,0.013069392761311693,20.433497265028734,-4.380215923715798,-5.567237197657462,-10.778416868479406,15.010734329652173,-24.02591344108372,-7.746160071411952,-10.55552232104016,3.341530955052834,0.6736015287603772,-45.70158273327856,-3.3225544474491264,4.3732897880435395,-3.811781132532259,-22.190572975927832,2.1703089844833836,-12.855495288629458,-12.912663585891556,-3.362781010295647,-6.540055288116072,-2.004490755007892,17.891993292682034,6.317529468514847,-21.198109086336387,-1.2637169415770608,-38.34533451262582,,,-24.537556772685335,-52.03868927418768,11.382781116298553,2.0768356408559683,-0.6933716301166757,20.58376124752631,-46.71550702296251,-5.567685808149288
2022-10-14,-30.62800000244308,-0.14759679883175283,,-0.5695334745905982,-8.621196953527367,-10.072058551399806,14.407518158464303,-2.675478945558071,44.126504880271874,-33.45975337574928,9.076076342416568,7.811529403437012,-1.0316782726982503,12.5043798359055,-2.304287621062767,-0.9566865963932618,-24.985982386558845,-1.205504552551728,0.6415865325423112,-61.25999945279749,-89.74180519155996,-2.425173372172993,0.3943966921376947,18.889903721711505,15.278458310046965,-0.020569859557818836,-0.6574776911146238,-15.622881090329336,-1.4003445028912644,-31.29643875926325,,,0.8776674619006092,4.960929478872236,1.249115047016475,-43.198417322598594,3.125682221888609,37.0865014301042,21.910991104284253,19.62521135140192
2022-10-21,-13.121574610075754,1.7786266870372534,,0.3914766487482838,-23.601582179887217,-9.52508139355979,-5.373896783893734,4.9639637009946265,-0.5775623722421775,-5.279429977027437,-43.78610060487129,9.591810878248227,-1.5725598964523688,24.31131055960402,-13.090883153827788,0.20146009815272004,-3.6254600997495254,-13.663975489968053,0.501424866671809,19.59702979508571,-38.3179554092733,-30.237290745719022,-13.141672734081315,7.85103492387741,1.1693193403196263,0.8405879943213501,-0.1806777203840011,-90.55538747311323,-1.6230104552688376,-5.4482654239845925,,,36.156396134857424,-11.458742081188369,63.25534042590558,21.95032712138884,-5.462360136424411,-47.93673833545562,-21.446001069523124,-8.33551278572995
2022-10-28,5.05016084278123,-0.14401657864071368,,-8.940328352915781,-0.25768497460445805,-18.17587106418673,-17.372098805342162,7.698604286771185,37.812448454815616,36.37203617645572,-80.63409057920059,5.107557141198958,7.74194783640966,-4.543671925167903,19.302354076586433,2.507170655160231,16.911471164537563,-4.430353893978625,15.36413511571282,-6.6199168556287304,48.78029733908505,-28.236329302554793,28.945698456234595,-33.11414579723746,-22.188437898672543,-1.2275083264635493,-0.5310216176685694,-24.994678560942607,-0.9178927422614515,-14.814883375780312,,,-34.76717238737639,-22.230285242654258,6.074799781149643,20.545429561252362,-6.146295910925069,-5.909994490961508,-11.147756112605439,15.327020023110276
2022-11-04,-86.32706858728416,7.669160750456381,,0.5514885388778412,-2.5697536448815144,30.559201258397657,2.6724356222384706,-13.997430791901099,6.469693320053792,8.043534730361229,4.673473646498869,-2.8116298905721733,1.7283846918764583,30.389325766682116,35.54203994463253,11.724911899933735,-14.599322012937947,-3.7431776644834,4.916849436212874,9.82042481266528,51.38266532672411,-11.237076428274028,1.3991607543584041,24.15527055432735,1.651062369826682,-0.09026267311557627,-0.8344751862512766,31.92485087044374,0.8680017948789799,-12.285453712704742,,,30.777050581656695,69.76206426775806,-3.7383476148840207,-1.401905992947474,-0.12356609722345901,4.837382274480176,-20.978012788079706,-19.06332049471431
2022-11-11,-3.70699512503261,-8.805407503203103,,-0.8180801245583904,-1.3960146929651094,32.712964314126566,4.345418783446425,9.027493679383133,18.870909199412395,39.92877960276799,-6.09289994511194,-8.021346010572703,-0.8299366302066907,-5.909455170825414,66.32210924635457,-0.8793875501475541,-6.238816563025821,5.772392119349499,-1.2693523919297582,-0.44901561762612474,129.06436801643187,-2.199529453923585,-3.162903109382407,-9.035952654513522,-12.507225559196527,-0.9327203218848366,-32.11875260286443,16.94754732573961,33.31739952196073,-131.4606846315602,,,-34.570677516642924,9.271815099300616,-18.191301103596622,-0.008039557940239916,0.2119940420421953,3.5445350726270313,-39.18161425144183,-0.953261932370963
2022-11-18,-15.659518089753025,-0.21662416310101423,,-0.06191054895918739,-3.5601580706401625,-25.05422943139907,90.1759013518871,5.928185631788691,-29.333827367391315,-7.881674600388864,-17.766807328820757,0.3145531439499585,-8.686360524535374,0.30752058286504,-33.86135376238145,-1.2927787767238028,-0.672886744243185,0.13669155313213407,9.591494841112981,-10.341763768183258,197.63359961485037,-1.7301502552573544,-2.787760797310251,-4.252615457124572,24.076260048651385,4.353888918951361,-13.014469971044617,-26.62283965828371,0.7170880140381537,92.8291464408088,,,-35.8169861522583,22.964097751669858,21.689426156701703,9.749817838007067,0.1782044892949134,-4.758104021591272,24.191604358173382,-12.921215407747516
2022-11-25,-21.234605520417574,0.6124766916085379,,0.18112788773327634,-1.4278932778255051,-67.08282963384201,-11.66213921933013,-1.905088433178819,43.71786073427156,-4.9135593447787675,7.886755029746033,9.366056110937068,-1.8048505163235116,-0.9819019867696983,-1.6362019411071635,-1.0164335659719745,-13.349670194573182,-5.518376752280354,11.265388041290585,-53.10433131845792,-121.21265669191966,-5.5153938796474025,50.82617903454754,34.49643731572945,-0.824648564536206,-0.3020823555888467,-4.105099932154032,-39.33573647937664,0.177468260344689,7.177058954785576,,,-161.61840339144743,-64.95952319920588,-15.059806428605597,36.75158936015119,-0.8892466374579565,20.913033737141426,-3.5155049504163585,-7.470358062876486
2022-12-02,-15.009688200319928,-2.651009095035374,,-8.824575384356537,1.355542071888469,-35.333189491676734,-0.6154693319277088,-15.695620270500203,5.603884145824104,-12.746767937305677,65.02567859876049,-17.74336332347043,1.1334528207202037,68.69111365417945,-5.01923376515741,2.454626793941347,0.2158466399654695,5.333701040071068,-26.843985867721596,-27.700098521067087,-51.282799005844076,-1.1889000970742143,-0.5603505061177001,-3.1300278770747907,2.018050741081802,-1.2090358200256088,-12.083967280582046,-3.971122690792489,-0.4287887921880102,-20.290393644719835,,,43.3483944536774,-30.777608862491682,-1.4388512698475193,-14.33921669559355,1.1953943654522066,3.14373161206665,-8.493372937326395,-1.0098575598924262
2022-12-09,-16.89059272920619,-3.2612659721767807,,-0.43676054761470506,-63.78876130553951,-14.68842092018451,-4.8278616852397995,-11.549625110807641,-22.486192494599056,-50.53351843437204,6.6947296687493525,7.671064612075966,-0.4983258064136799,7.184602478171225,-0.721702013263706,1.149966292125297,-0.2773313919892377,16.712728236581643,-2.8696988836253947,-9.612715234264426,25.115516337482163,-6.1314377432283225,-26.741553770758383,-18.005494341503738,-18.042351782251774,0.20045462478512288,9.03561558918047,35.089079340634186,-0.8542693065268181,-42.504808762840376,,,15.216553591385885,52.27604521787436,-2.2567665509642896,2.5012364728184266,-1.205343231201417,-66.4938655697167,0.6862392334725421,-73.4526119305619
2022-12-16,-0.3429740313995352,-0.31874246962335184,,-0.0848011105012674,29.88994815044117,-48.39004040545355,-14.61537887529325,-2.4742082066783513,-14.627044432891388,-29.747716025374142,-39.42671403438644,-187.09679211967725,-2.36325761850694,15.215938350171456,-13.37317902468865,-5.002396603067583,-10.261486804480208,10.596051924110824,-4.943937448311716,-12.399421300586688,-44.72561831653552,12.492528104059398,4.618602748034212,0.342754088078297,113.1052813517072,0.17992068749851642,-0.2500287816633098,-59.04157981090517,-1.0141106914980258,-28.54400415761188,,,-47.26122155107013,-28.27708307599794,-0.84423281320625,-30.050104589188045,0.018084793255891185,-8.535001674923546,122.58923498692589,-3.2985903411318414
2022-12-23,40.93152894400616,-0.9640880792171573,,-7.231630744231057,10.81822382914834,-9.774927827140724,-0.8564348950588325,-5.00737553216845,-32.20392286052699,-13.812790500400462,-20.30263224880288,9.624519405318994,5.528419767126149,9.299199998226252,-0.7214649650774839,-2.0727385520094606,62.29035048478707,-0.7535074550332609,0.024095387522099016,-6.022585187973089,-100.66426319570463,-2.9540241289838947,6.296886081395514,-1.7848540633717378,-9.640298392863354,-0.03140016791318778,0.414906740154913,-49.14876804980255,-2.5984903341105587,16.108042659168643,,,-34.13361101534697,20.33870689443565,-6.189677422862923,2.938668161630842,-14.231459312375863,5.696953565480385,-1.334002862425042,12.3939048652444
2022-12-31,70.62472491905312,-21.74119662163379,1.7976964576977033,0.14735730744183306,1.5045824872349787,2.3955661298556645,-7.340565777520853,-24.78935947148325,16.86174579912413,-4.6783423658850385,-10.373685365322217,-34.5339076970876,-0.7857030512611686,-0.5201481447363067,1.3265834517459343,-2.4331047676850415,-8.178424893673956,5.623665693088252,2.9712711765091924,-37.64240527630362,-5.051525610462285,-27.9367076332097,8.566513357407489,34.36906138250354,-79.63418625426903,0.13023194602138616,-1.7540018173517593,-20.657034049008782,-149.23241733960268,-27.343113570462215,,,71.80758299845658,-13.381200761861209,23.753150041210382,2.957437507424687,2.483232127383964,-3.95516018897379,48.292934188854,17.99355195302164
2023-01-06,9.242278584107883,-15.730915172137932,-0.46598403477342204,2.4542044632218305,-6.271670015982193,-67.29356883910233,7.083007929673787,-23.934414298948806,5.403514565968035,-4.322814452057947,13.785516446238049,-21.908117638081837,-2.298273723943595,-5.03156118447828,-0.5863676770806645,-0.5577707302185877,12.519023119998971,21.758953695726326,-6.993754500304592,37.365643057301135,-97.54462781474629,35.29426601929049,49.377615036870864,1.2055563252700394,-8.516902232750743,-0.05094822215328152,6.95059591498884,66.80947418669612,3.1772763845898613,6.41900774887965,,,5.897630047191349,-14.12621107361158,3.066961851569991,-7.228367602117121,1.3877826966894211,6.823785035115858,3.1323418236821605,-2.4269358160728594
2023-01-13,-1.3296255642005557,3.4210862597532556,-0.5594696579717109,5.487073891712006,-10.794608497476165,45.00198774890312,-11.00417340534343,-8.325467861348592,62.84086698495139,-17.509633165908724,0.1691829794727595,-2.416840488787872,-0.24985544363441503,29.295130187548885,-13.322089296085604,-1.0822254118178327,-7.626764962904436,30.99927509689023,-0.5643133001048222,-17.680460001682622,90.803564757789,4.1144045376132645,32.151660963320744,28.20384445222159,-3.6324531917903253,0.12663022210160346,-69.92960764870772,-14.197657018599399,1.0306534182879088,59.73744125265887,,,34.776859990842425,-85.56366059488697,5.509244879370993,-27.8786434271915,-0.04888605118601392,6.367166161982004,4.573559018034897,-3.156258203463815
2023-01-20,-4.472337651832252,6.880640591502808,1.6229555544328655,-5.716926777269025,-1.5205601756754052,25.743797869778682,6.267617828645372,-1.9884442583398598,33.13739390299504,3.889323291364278,20.359819287170446,37.326350465229254,-2.5493691572584387,1.1926974382847304,-2.8349868134743037,-0.9139499739623994,6.8876339348277185,-0.2041795928155605,-1.3694535367086003,-24.92696500159656,2.033445054341483,-20.178791507800412,0.43712245912833014,22.404590776770547,-1.1826830184506814,-1.4042713169503147,-12.75195337244635,28.32760246247558,0.491228861601471,-128.7892181128203,,,-6.192065602979375,54.54914507887972,-26.88003007099606,-1.0842904769178694,-6.490694139152333,-10.061436873154449,30.8215448288558,-5.462474252491497
2023-02-03,-14.334203345573853,16.457842805486255,5.062860254775701,-9.761771114341817,0.4342816785468359,-14.162249811149715,6.151356856100281,20.760066591611764,-62.133176598869014,-0.7436780507745109,55.71405336128816,38.28061859769524,0.9742435021267929,-3.8626975776028085,17.091061092228774,-6.642797700469648,2.790878742588411,-3.9204382943413223,-15.038147383364107,2.670283589453133,-70.89090533823264,-4.668729374005519,-24.370677328861508,-53.273446728299426,-66.78157089788891,0.06092610001328334,-1.8567938366478276,21.762145793690948,-0.9624316593328128,14.565687419872758,,,92.54732646399601,1.8460332372024983,-0.3607027979985872,-1.8871404477507028,-0.7616803346188107,1.7423437597670421,-8.436515715271684,55.34075006545607
2023-02-10,-25.091240783983782,-2.217823421454632,0.48985547135904045,-0.26029057478456813,-35.57133250117437,4.380156502046031,-1.8611124638394405,-0.8650264098688335,-36.88905441212932,-1.490022994297463,-14.859024203156563,28.881566315957755,9.277914393714774,-11.361915023727114,3.6004239773446427,-2.6451183328318852,-15.312617021788308,-0.3346567443797239,8.33393253279725,5.9559300899570395,-18.064128408366564,-92.95631779706719,7.865414788447336,44.50954958485203,-0.13510415404604303,0.011141258278345341,0.13412514990736946,-30.893262721056065,15.63425197625527,-13.495264142224027,,,-7.491319117749244,27.55697212504428,-1.1143822038467053,22.804466472087785,0.1943260027331376,8.769896374766196,-21.327930357627036,55.28381916690725
2023-02-17,101.8988247519851,-0.004064423418543517,0.89788931471365,0.04823491787958936,4.47105201673243,-8.803549018611205,0.09213491924821104,3.5424698169504074,-25.860688151400073,-104.4897020764306,-59.02314015855284,21.31056665941871,12.807604747084806,-7.041329136022114,4.8164184948374125,4.228093138196463,23.83697912118755,10.3455836765689,-0.9179242640855645,-3.254620352422468,-86.5729804142316,0.6168561980907702,-5.6594769400961065,-51.89396463034493,-5.734092166632311,0.8537624327591149,-13.626180434354316,62.25222170222751,31.345694943371605,-43.76105967610119,,,150.8874611615895,16.24478468843928,-3.4988811670923954,-12.257851102327384,-5.5882911098692665,-15.572733956397611,-31.64752976664055,20.140293208084255
2023-02-24,53.45400396584066,-0.9595386348012875,0.1684956150821999,-3.5725254877948545,-139.92148935937686,7.478622431053799,-17.28676145152435,-6.26031079984872,6.2068082577837105,-0.7217624471396376,16.585476224172766,-8.850107247972463,-4.626632067032965,-4.817110864632626,-4.516959808970696,-1.7339146429842887,-20.13694395374943,0.8680689715522434,-1.3819047196163181,-23.4292331582764,-27.564394389012463,-6.633006107549348,2.5618146773566077,28.579947040590874,-5.0428498646923074,0.8715280019903651,3.493114429362605,36.62355504517887,-0.6304365205596161,-11.524662378123509,,,-53.624508241379964,-36.59873712132495,20.39228322766963,-0.5529016205083019,3.7706732148954125,3.0649925901664004,-1.257479484930325,-34.834179461259644
2023-03-03,-24.211390091265425,2.350010238013248,11.035731577602398,-2.1728812787161798,4.925415829134976,16.398843093561815,-4.465322200521105,5.273322432338838,-65.25274810047983,-45.14864827216583,27.970594452986486,-16.672030890984107,-3.6851112247292095,-5.746613582883022,-14.657657213465269,-1.0575185279210924,1.9351223897370897,-2.6611189792592347,0.8156112858942887,16.535806454185305,58.88615904958334,1.039809106564567,-1.1188650446600426,5.4982883336489525,1.385040246721113,1.8078582630431916,-3.699275034634434,46.9273376595752,-6.649171353423995,-238.11162990171397,,,43.68504154130337,1.014693239381586,-54.71731440030446,0.8530917259134241,-0.4966925056317573,-21.978001743271523,-54.31573571073407,-1.1621830163901377
2023-03-10,-13.593430511555653,-3.7450744791319477,-2.455936667637715,1.6479532209228314,25.148116152922885,15.907915822649842,-3.9700018941106237,-95.00603422285646,-20.89912443864552,5.783224758987227,23.242176998652848,-0.2529778921656084,-22.445526321470833,-0.07348291329654812,27.530406614615664,-4.5986203184763905,18.952340948222716,0.09907485456193826,-0.9147356390996992,-27.90369733759428,52.86626098161972,-5.61911523028861,0.2087554954835669,-1.0752115363870312,-5.109641496280864,-0.26171664966634933,-7.98658318815552,11.311655973729982,-10.383154016328774,53.404758197290946,,,-8.261067357507743,-38.56493672588535,7.163648111938654,-36.19073630234107,2.092323969409306,-13.638913506359453,10.5650770838839,-11.072401083046811
2023-03-17,-16.400009599393293,2.074205735167874,-0.06358231103429984,-1.417273104708966,5.733354100949045,-1.8300191401364785,27.168678050109772,-0.1971003478595974,-11.766298222217971,62.190787371296636,1.1036267733183434,-0.48351876176828057,44.12664597961096,-0.3684536989575507,-1.3272845841016285,-1.2572380834125427,0.8174020377856017,-15.169295949278926,-1.4411075449674668,-3.40698885949284,-17.764605511897063,-9.69756134765056,3.167019199737134,-7.789887374815251,-2.3281977196935255,0.08070835787737266,-3.677625572182404,12.820674585534327,1.0092117381155052,-22.391072182029607,,,-58.11007890846885,18.514713629345323,-8.537464912105953,4.588565240257521,16.765320643320315,45.25543762081713,68.95618319023444,1.9941263669443625
2023-03-24,-45.38689022699325,11.569807701403452,3.3321451960700554,3.8132356091852793,-7.984784024470601,3.3513623373805057,-6.781599515130836,-0.16820691625841272,-14.946623514543814,2.5422567866847836,20.456999155967264,-8.174575137732045,-0.531591097866958,-57.234079418984116,0.4356552066965753,-0.1507866357790689,20.032103389496726,0.1188667097945793,-1.4255958160908024,-9.80954160884221,-54.05800397516556,-26.886860192761276,20.972866567972886,4.549818294689016,-17.742675530221028,0.09852204316543015,0.11579424342549677,27.57861558748327,-2.429978533491676,-41.1030607231169,,,-11.654797727641578,-7.187784451378311,-0.20027615108786323,1.808646348589011,-0.5840575248132391,-4.738205259244352,-61.938830578698315,-17.45980403747643
2023-03-31,-63.16169198917661,-0.10169867187822543,-0.09664778722133624,-1.3076867895046151,-6.300174563062163,-13.151062631413751,99.02718685320951,-2.208172864056855,-17.58065631515604,-12.046198493460324,-22.993446621738432,-25.802733389157787,-6.7888497683893645,-3.1014917660597883,19.34770211314826,0.18651951685376422,-68.94682051777295,7.3420989930125815,-2.3859184454817237,-8.054361668310374,-223.30400713038745,1.1869011366436695,9.664254393017787,34.703572771215235,-43.142070717334576,0.04452299170307869,-1.063982623445505,-4.310868597730616,9.883560557694015,1.7699838433964818,,,8.531545250781686,17.314475148557776,-4.329810626559828,-48.96376270476259,0.4193333703740845,0.4436047859824158,40.685715534758145,-14.07430304260668
2023-04-07,-0.4772135934634223,0.3245910688808208,4.192962440330701,0.35992914654013897,-50.47159948087014,-0.9678367973124155,0.2787200253013552,0.31805407427748955,-17.37016751347455,-6.722023323187228,-21.76631010661548,1.6168474944329831,3.6061754743635306,-0.36506271336425145,-15.633668790493992,-0.14460520735881977,0.4678763082713431,-5.72795335813121,-27.15508629932554,-17.006162463611442,13.700831875318045,3.886634652043468,-79.45874337707367,24.926768022647703,-11.1355091297983,-0.027323043176082536,-7.571969704087589,-6.238636064024961,-8.946266860619726,24.997937567669002,,,45.90080825757042,-23.216160912195544,-55.749408572998476,4.268739233230323,-2.2801614529752214,-3.9696265668517485,-6.423797365837773,-16.614813807599962
2023-04-14,-5.248527246212427,5.891334083337088,-0.7635555046734647,-3.331706614394774,-16.02590265289363,8.271581937349014,-8.849609079851762,3.1648563679866992,-44.487473524717686,-1.1421786415006507,-9.028515447704246,-22.39409155471461,10.07064481556531,12.940431893493159,-0.11324499327435722,-0.5830425218415034,0.0676972300278153,-5.0881857266853245,2.128952329367698,19.592293317125556,144.8722311365137,3.7757156666000404,0.7144675544652428,-1.8159239785288812,13.355548113407139,0.06851714375898672,-20.206845998320038,28.913775293528584,0.9308636892551599,-32.686112832546705,,,-16.803563895588795,-48.106102614877635,-28.74368389257183,-14.89487489735064,-2.0602896729324214,-2.077758834095208,-11.914623016090413,0.5854988467254183
2023-04-21,-13.099965843095362,1.9540900454004864,4.896190568267756,-4.142377193724957,5.168678676930007,13.841574679351861,-3.512993630478721,-13.230401337141043,-55.13785125988303,-50.33570955274201,-44.00485676494482,6.495028892921226,-6.256446532951278,0.9016997886378654,3.310299494572145,-12.555246710300741,-15.18263773488084,-2.181456499724154,-0.20549468595300116,-23.52618664239752,46.373972811485885,6.875496747251338,-0.049862416475485616,-9.466469274577841,-1.620668894477729,0.18167601234472264,-4.705046632386207,12.968291255884543,-10.666164631607261,87.13461427733482,,,-82.53087722291247,4.778363891317538,-6.7116466248291,10.234682431512942,-1.1532299724347683,12.631837252280537,19.17202299384118,-31.64626720029596
2023-04-28,-23.385656555616745,-3.3392211739918243,12.089468696667927,0.442185061125032,-37.68003103840435,0.41182942496516617,19.263422891437333,12.623798968151782,-18.798974866330084,-0.572099063999948,4.584931647393767,-7.722120835252262,-0.42137533231812485,-7.017846922667925,-1.7326756547539892,-1.6200279484673157,-13.07839770023963,-0.009798513517383145,14.240434170265093,-3.4939044694288937,-72.17284558822323,-2.7029501293779292,-4.254654474470744,-38.27692172320087,3.049414462256086,0.005596248664347228,-0.5127858445371265,-34.281574150161475,-1.5184903861477588,-4.9383374735026155,,,17.87258404538711,2.793394526465848,-1.0808735972263417,8.709497040857554,-1.8496874930707057,10.88281322125976,-41.80672655081551,0.5853119603067549
2023-05-05,52.844693771108346,0.03328389389316841,0.8681076731033162,-0.14204983893462086,1.5368817220016322,12.27588922934673,-3.0508030997862203,-1.4916162648756295,-210.30639722026643,8.005540444741658,7.265303440537362,-40.409102531231994,-17.147343569604956,-8.982835286007159,8.847460843392463,-11.51870061353822,-4.286030759398997,0.5551050986684287,28.18794906925619,-66.54436115758158,32.89550076178014,-7.209529103236941,3.065965196812267,15.590873975200811,-25.73933196166599,0.006408250834572868,26.325397163619925,63.835539979189484,0.864555754553368,-33.547162788070295,,,45.21925545132593,-1.1820750952158168,71.07847475447582,3.7377423672667716,-36.98057039737414,-19.23260889493447,-24.926201372541385,43.949965717658955
2023-05-12,-7.10026780842073,3.179988395189013,-1.0535417110364593,0.008967968856237962,21.777049855395244,-9.45107406537479,13.697083048362117,0.7841024709759289,45.9290539604348,-38.19577452446551,1.12342818761713,-30.502902511349276,2.027427538492174,-0.7014765039625583,-8.04587135721998,-2.237293402924566,-10.145181079655767,-1.184328007235401,-0.7836400857448691,23.865747798644858,36.03203552980986,-7.3161846431949815,7.626792865108418,-1.1397145708717669,-27.922185742307548,0.004807878692830829,0.11403602367856,-5.566650441468507,2.054107699751013,23.181899467585097,,,73.44205724482718,34.4184997441863,17.757996385534287,-3.7535661832960536,0.04151309371118181,15.708391317704384,48.87858965389087,0.35810024403440877
2023-05-19,-38.19765818121855,-0.7791019244067727,-1.5106111241922024,-7.524981219409969,-6.8575960649078365,-1.0101554841161087,58.00455960867023,-2.000490225212894,-23.25874885578691,-5.860895918715176,-8.8027901789239,-26.57010048044364,-9.746120143835203,4.809909846831041,-1.9528979885158622,0.6671267250896459,-0.7223798720396714,1.9318505712188807,0.8481815944390882,-9.878029188513715,-46.543320953122915,1.0222374247804678,0.8234197819381657,9.641717767113224,-0.6471058020059866,4.9732329764981165,6.916222347695507,-10.3353235359192,0.3249380591481893,-54.78952326197834,,,35.9045122719088,-0.12929004196905708,-5.717787599526351,38.326970083022765,-0.3452857414734003,26.943003087877564,35.48559817907373,-19.518538175883315
2023-05-26,-11.547645998973481,16.28314382243091,1.1693047894667656,2.7550865313681965,-0.016029388099771724,15.834279575776801,-18.593517719854034,-1.1073327509343085,-15.374211339963377,-39.183672283548105,7.392083841311081,-9.888500903992227,-5.707173994451334,14.239127189642726,-85.2261750387232,-2.0322398044599552,0.9685163479294314,-0.5642039619279571,6.537226758006913,-11.606042607874244,-49.19030948826425,64.59397068490611,-0.9671062648621885,39.38501625078206,7.39137145920025,-1.057583966161393,0.18942972205238423,-3.7975911833542835,-8.148973691197817,-1.3047452922017855,,,5.300692248619728,6.77068087960004,0.06602338136972208,0.5708202899643786,-2.267154354979193,28.32024005803433,10.314612904350927,39.90640655987009
2023-06-02,-24.803327997659483,-1.915344590189686,2.8349783280136496,-0.21188791653419908,2.2562320663887063,1.9864950884304498,-1.3655182135800326,46.54458127263835,-39.96072447006021,-6.665165230822284,-33.91947093999257,18.809534902170057,32.70142574111056,-17.489629765396536,77.04901741820942,-0.2990624753657234,-26.27681629117383,-4.1576772818812975,24.005666151720796,40.607760259009716,60.09683558540901,-6.989425053864242,-0.03492558362949933,-3.3197459773140805,-50.33458530521503,4.775760210573564,1.4224516597272578,22.45485709493546,0.5952889267264778,-13.728251974362893,,,29.50640264365533,-12.321104695611224,-8.154664933193482,-0.028271213642135584,-3.4709153785365428,-3.4193756226813665,15.70823537008467,-13.063464772007084
2023-06-09,-4.0494411892897,-0.2151361981787063,-11.186429772159215,0.7607305912330942,20.753322821020156,-10.210463885356747,3.6626442296509483,11.748460507269204,-68.1148868918153,-8.173831296677266,25.179218566261866,-15.594822814662873,-3.5168929351464606,-6.6719277448430185,-5.566406830541496,-9.203420943761582,5.2426179001059054,-3.6861385589541458,-22.860157814457484,22.0044625679521,-84.087593117456,-4.704458167469088,-0.21699709456105323,-6.783393385433393,-23.967594509709777,-1.055523363124075,36.47131419407597,54.946319876142155,8.64195902604471,-61.65416047497487,,,-41.67157820382996,5.856014477958255,-12.002855444309358,-10.92771906764738,-6.013049568606954,-6.937539453951471,-48.96882087723698,22.990271010165763
2023-06-16,-78.72698833950017,29.975717940543085,1.3055701438951566,1.1112369957747767,27.06729482578804,2.168873370218608,-9.676358982617241,3.2235084740700026,43.63384128742544,-22.854660438990088,-11.351250319919242,-19.62207244887651,4.106227602974029,0.7717837847635723,-4.937044428971239,10.477996965647371,4.979046573439713,-0.42786689136212763,-1.2296294707435453,5.146725783401602,-88.46607227285473,-0.10532382908089591,0.21932955076712057,-11.099843050203031,-15.910603217988063,-0.1695175137638917,-24.7231652460151,-75.11133972058099,-8.16984869529909,17.850282863749403,,,6.554071085760013,-12.870543788357844,3.8938437496996876,-3.5606416431480103,0.19734513307199616,-6.879101146793215,34.39132058521907,-19.48376191215779
2023-06-21,-2.3793883007625474,-3.0033913871300877,-2.7663686658946727,1.9391854137013114,160.85033794593474,-0.2401659028805918,-1.5092981056992456,2.043737753875357,50.66294090895852,4.040478528856325,-1.2110205684687516,43.25329696805819,-0.5569510634162868,8.300698317050959,14.302866624578161,-4.377179058895059,3.1825052788537636,12.239454400461382,1.79266947001307,-22.029553968812223,-12.1674291908168,-13.767550994759853,0.3557894547251917,11.231996870991914,5.237852752295442,5.397079894351556,-4.4897536532920626,-13.399203740838301,-2.0156647943113906,4.827616367275158,,,-111.82238855201001,82.49673500056424,-21.412471075323154,11.200568696896484,2.803340473120392,27.474474349227776,-15.08159885247639,51.598595731796664
2023-06-30,-5.430013808460126,1.1396032009213235,0.8024126417235901,-0.7275667086982686,2.376288397034717,0.6661474893825072,-2.148354413693136,-12.105314226952729,25.73524239714918,-38.83115271525786,-61.0843667406234,8.358875409365348,-1.958709275284653,-6.862386720311931,3.0323078390937956,-1.0266014135418144,-5.017025479120917,-23.166730541701863,6.053478923957339,-0.08692548944411416,-20.79810736555842,33.26749023862816,5.244865286149737,-5.314294469139513,-7.224697995967998,-0.026517536223893252,-3.124067247144013,5.614695171373917,-1.328779163804311,47.47352484082218,,,-8.45396400823845,29.686646909706162,17.451607796700035,-2.377193406760336,-18.90232460911747,21.41663938098718,11.755108861208283,44.63549169029841
2023-07-07,-27.159912811844094,-1.428642341517317,6.028574223857172,2.545597882701215,-8.375693776511232,-15.749730476035399,-1.5750856356519596,25.789184165159348,-5.704544229431825,-14.637822310652552,25.789009761565413,-36.99528489629958,-10.381978984318351,-0.8449759544716571,7.125019587393475,1.2460315931554615,8.67487259835967,-1.2976131124223371,23.574935931505177,-2.5932785792330515,101.2550320374346,0.9059380809214586,-11.144381298114455,-2.170110452059618,-6.875622541417311,-0.09629141002124567,0.7995061117160411,10.168308303206567,18.89072806052641,-125.735295333104,,,32.158984437330844,-5.468386044887248,-7.8397327611560375,3.50862889741779,-0.05444354552137378,9.956454225429152,66.78385224952488,-8.976030334880887
2023-07-14,-169.7331583467182,-6.919336587532335,0.47748865575266697,1.9790017284244725,-10.038133134616583,-36.71341110304691,94.3102953549536,29.859474204409125,-31.472573939886868,-6.405293645416071,-4.341830770598066,33.19722751852771,-8.129683962884949,-2.9572442469484934,-13.636538291632634,6.273569937655934,12.042145007941361,-2.9091333258872423,-0.6166886814529359,2.3008437807331976,-13.484529107287484,0.01979664385977023,-147.12657327268815,21.75665444897612,-58.5774652303835,0.2258779697131114,-1.2745886143845788,1.9428148921053925,-4.565857224980048,-21.685239439494765,,,-28.734407176550548,65.9159406899972,-7.892506259484275,-7.466520864445836,0.2592644586209022,-21.262924192012044,13.303064574555453,-15.64865249078706
2023-07-21,17.32181760875368,-24.72156424765047,6.677476130632665,-1.9362583768363653,28.75892559172072,-7.863411448681548,-8.85432252653468,-1.5939889302398802,-70.12639160651604,35.32274833247884,-34.187946055166194,-57.60146511467674,-6.540525290530387,-4.588125046748693,9.817220150007374,-2.4427083333894353,-17.576217420740665,1.5413721025887566,4.475473899287509,-16.894037630264826,-20.887669434592997,8.917206375632516,2.988287228623295,-0.9262822244237221,61.71734756917406,-0.04550626156916163,-6.149091615105052,-31.34888269560467,1.24017787617874,-28.64143700079154,,,28.13380424664671,-11.690811817261839,73.99773160426676,5.8284519065259754,-0.6823656478104453,0.6892860599800401,3.1044209219775114,18.62640485533793
2023-07-28,-1.9565829922107136,-9.862587699887861,-0.17183836580888945,3.2540609688830653,18.383057579874514,26.435958092831942,-4.8121301997336445,0.6828210683455938,43.67836744830301,-44.62292754329273,-19.002122788812805,28.19000998365212,-1.2748730392207033,-3.82841677744866,-4.595110557881947,-6.623826411582781,-3.327183297065634,-1.3255504293870635,2.6871004356603616,0.22795434520962088,-74.69607906429434,-1.8427628233632964,1.0261229309988107,-11.423275185845993,3.6129835800540775,-1.303885836142831,2.0200444632725163,-12.972863518725841,1.8017861511315039,-23.161605356152606,,,25.200114247907123,-12.510926241002544,20.88565665585941,-0.8661237348580383,-0.9537696453103628,68.8490590418956,36.17394063909656,0.4529289622408704
2023-08-04,5.453843228481565,-14.079928302251169,0.034577022780594824,-4.553816376078505,23.512486862626115,-5.1589436900250645,2.744632997261392,-5.478260991431397,79.85456833524596,-13.589000798855436,-11.151698632588257,-3.8013112842073884,-0.3150427149342652,-10.202042401128441,48.3714363272553,-5.350319591430339,-27.93481842551991,0.27202855811559123,-12.254768654561097,-26.30637474037609,-12.391006415935628,-0.5809093368991451,-3.283995107174612,-28.435573733774472,1.1497270266152038,-0.007807115387746196,12.156459937323229,-18.207906599215562,1.4526281372065166,-16.21262742259031,,,-1.2542125527985089,83.06380559761564,-34.25232361444882,47.2216120827958,-0.38686838321991557,-73.16921944040408,-30.34243815258415,-30.944382588214108
2023-08-11,-26.430040376949997,-1.51233231151603,-19.433038278120875,22.15618207247645,-4.466313052138147,30.22792273257404,13.298701264839469,-49.63516964857315,42.67540339098467,12.412420146136693,24.103463173272047,-10.894353706896654,-26.776959086163238,0.6711108651096116,14.606665997361475,-2.0657522704457207,9.780641096833993,-2.5707617890930456,-0.09090949208338328,-5.928303123492121,-98.83828455818602,4.038840031200387,-0.7580134112567225,4.077777112626485,-8.287985648113969,0.012270975547070323,2.8470324007499515,35.91740597646539,-3.0124611524803444,-111.86432558142606,,,1.1788907075724744,7.194111217333458,-4.725111960314149,-2.8684894769332714,-2.348832027026831,35.97941345507289,11.567219227631856,17.442674524370567
2023-08-18,-5.294327939521777,46.073572878074074,1.398293321708935,16.429070055613096,-48.48706531087288,-16.43043447642691,-9.772345456535493,-3.117058511112215,81.42538822448117,-30.915381339060655,17.51381320310951,67.68975417041872,-2.756147513427697,7.53177552175231,-11.647929640226083,0.8231756597427231,-15.961334507330356,-8.627162760988677,66.00532411475619,0.3392473197606469,31.557357521712223,11.484025735467345,-7.714660494957564,-5.268954470613976,27.474577247798496,0.0537306624077625,-2.7774333680252825,-0.444496853700935,13.7445922525334,-30.889238118340348,,,-33.88393497237592,-17.5747418830156,3.7766448881260493,-4.685083632430073,-0.09019066169745033,-49.574906401051024,9.177293712239692,-6.951603237464576
2023-08-25,-64.92979443850476,6.322237704756541,4.80588836669804,-26.62768824867537,10.603788331729806,-1.451077234193268,-7.03590049421513,1.4252690675588677,28.550358986106485,27.87662639372986,0.9522378029802183,-77.53584000885971,1.8648260512136543,31.056533227380754,1.117849713452043,1.5158707687807615,16.611543111526785,-7.249245698524843,4.023346912105425,-5.973541778291317,-21.78508024668978,-10.290839736311634,-0.6038397360863955,12.349763694323428,-86.11809644179604,-1.6596036612914504,-0.06358154986581296,-53.267623706029084,-1.1394669255315397,-73.37970034224328,,,22.100290029961357,-5.387790110715625,-0.745369297300433,-9.111280034334756,-1.3492219349650416,-9.645018253547724,10.907730384656812,44.3324481758214
2023-09-01,-21.200383859609406,-4.979339639712741,-0.013152534095857038,4.94385115228963,-3.344402604744799,17.703719845585052,-26.747179672667357,-28.071956551938896,-35.046860500837354,54.50848057765014,58.69253902868582,-1.760767589332033,32.64360573873124,-9.214888993536086,7.554464896505666,6.969545530507509,1.8662222480471085,-12.283806757820033,-18.87073506115178,-42.4112041567378,77.4236281544274,11.169353998404567,0.3564549578697238,-0.22401242595673337,-2.594734829992582,0.03170580801922204,-0.07333134947257303,-50.03965437226638,11.573591988347005,-8.073398345406456,,,52.22458432170376,-10.750455950439731,-69.5501710787853,0.22656468814712982,-7.699471748768866,11.761028893991387,-5.391449160278509,4.117004835595642
2023-09-08,-5.306261240601756,8.605311571939065,0.443261217302792,7.492058135594142,-61.17209184496736,-5.976568282730647,17.933895877696738,-7.864850975320192,-14.87971949736814,97.72586695771479,53.115463267166405,-65.3858243900612,-8.107280726498182,2.9067695039104917,49.41506886910816,-2.509538402189742,9.49258409493517,-0.1994228802770045,8.530404769259546,-42.008905936003295,37.07909424765922,-8.409834331930778,0.6724220377294181,-35.124216570009835,0.8531014921331573,0.11045159989800371,12.694246265514389,-15.096529250865341,-10.15671170785258,-67.85426491323827,,,0.4057188110817225,-1.106671612503985,-35.88588754569077,16.90371167113098,1.0664949142683038,19.31084720064944,4.799242223528658,12.230056606026812
2023-09-15,12.405100394824935,1.1060978741589895,-7.866544786965469,4.816555608255294,-3.927558564152147,-8.539883607895373,-3.023259594198126,-9.55869601464614,-54.66308350254941,7.502810829444334,2.4399502827764206,-38.619279383484475,-1.1751506506162164,-2.700485625638262,-29.821998048741058,-17.176694692363395,0.9330524557840951,-4.33256019847343,14.759827343888645,38.5969812872738,-24.971237429038425,-13.481558389954076,6.206604876256252,13.374827821301423,-13.639997067557234,10.875045583916638,-0.3946162979510426,-10.411371117082352,1.1888481780138946,-12.601203655091515,,,-25.20916166699712,-55.26775890536098,23.144663052059013,6.432026734169961,-0.904230631104727,22.56127355672367,-29.83212386118734,12.78449561378921
2023-09-22,-2.6520900425409613,-0.2121368454127437,-0.17024681946538262,0.9772105192478784,-19.948009563330046,-0.5060507715366723,-5.42250838966095,-30.705381759720034,11.189877515838841,-2.645256171161093,-12.998240743638657,-13.102158596479239,-4.677143018913271,-3.0132800757304654,5.96863142726526,-1.0176045439279418,0.542683576399139,15.545697306264202,1.40907001165126,-4.076831162356573,-6.241337019082295,-2.841881597704226,0.3690051711916822,-6.665068269531872,-29.18899379017858,4.618759196677404,-14.44544060860288,-10.425598204896863,9.316177066022789,13.044501794521398,-0.14331928376157016,,-16.834576310333617,59.00149826519547,-20.81398956646848,28.801123297925837,-10.173205134968237,-4.761509400496789,-25.486835307434195,-1.5670630706120559
2023-09-30,-5.7850842620855545,7.802641994637169,0.5702245425365142,-4.736645302670413,42.992866158859464,2.7399756679494267,-10.398696628877696,-68.04457789432753,14.54028302098798,22.539529928357975,6.220426118546451,5.511712786270853,-1.9220674718956683,18.038067562620068,5.176784915136325,-2.4848622880421285,-19.383613863055785,1.4840623064985727,-4.588715015583906,5.880151282686881,-55.63148143491998,4.886435830319491,-0.1254614580585785,-18.516080001354933,-34.03469576499207,-1.5928632297708178,6.101397918611565,-7.4781272405798696,-74.72628782526209,-27.77199389583895,2.8215606056779166,,-145.74423941210264,-2.5615239462743196,-71.39056112781006,6.700945336823043,5.986151459055283,1.8287051387482152,10.974289859120777,-9.235364622530671
2023-10-13,-32.55090602089085,1.1509007185286704,-7.809968045534161,-2.1793500630690597,-6.322049918115474,-24.092095576544082,1.445091641471046,-9.409838036825986,76.52492238728667,4.242729489263033,-56.577682175220886,46.98409131771935,2.310155353565472,0.03488629456066439,-21.639358548128296,-0.15230013976679904,0.1538419602754724,2.671985280082736,7.652428637846762,-111.55388701944528,129.07237643375834,7.029042700639442,6.056688374348714,-51.42394696427605,-3.005700858768077,-2.685587629810522,-1.4696183600326227,-42.30953145131001,-0.5050931150215877,1.2504002708275657,-0.023697567071021743,,38.502308686163836,24.571373007067326,-2.471398026521228,4.4238703344492505,0.01406136355677609,-15.07881993056619,127.64476548823238,10.75459836980454
2023-10-20,-10.835520065043719,-2.9670044641508793,-1.2567899937625768,-3.6519231013786326,-66.16522334122695,-14.257096339191481,-20.112532330012012,-27.134807679073724,-10.557754550922246,4.406248306284836,6.995876550724726,-71.12139675988878,2.4977772456812213,-1.7054104223794733,-18.204198005494657,13.17247446787587,15.791515260086836,-19.212452110491142,-22.036315497589026,72.66992152750724,-18.2373426933029,0.14501213975393235,-4.831939058837535,-4.271120585611982,4.939296661374213,-0.0003226165730389058,-7.068305664072401,-6.561445810254271,-0.46683546353766847,-7.765483295619032,7.947218793007791,,-44.457419277696296,-15.50678377930582,-10.026067214452517,6.271968126264386,13.183077436105465,3.882921958045956,-28.940928158895417,-40.82616494889145
2023-10-27,72.26467700021308,-1.634521724231532,-3.1691459933505235,-10.78285970399304,22.136828297607963,-10.377801941352391,-0.5244676169117324,-10.769109545385174,71.8491928325091,-0.29411408527658633,0.7960381872149462,3.426016319636008,8.48242789685962,-1.800533074544302,-13.120652385057998,1.9204617525422516,-4.081527997577771,2.301745426852907,2.1021784840724385,1.262009033374091,-45.0350702050072,-6.7443155627200575,12.085446915112215,1.4855755088341143,-3.698767911541382,-0.36183398371814723,-1.2504302565487533,1.9315089678642794,-7.035757666513322,24.21110556285317,-0.07068454855003573,,52.223190751809376,-52.28361979560602,-17.51702249238617,3.886448073055163,0.046444301811724195,-47.527005808586594,-57.393354081749195,16.659364683470287
2023-11-03,-3.8742031825515646,-1.1736807095586144,-0.7784298478611764,-0.27359791248077275,-38.36805454827074,-6.760925754683049,14.40805707715077,-3.026669085996301,1.2283536482232327,-7.698058728099728,15.228593245282411,12.701728746394764,59.13364011368294,-0.593436962739915,49.02508812458042,5.20906447323885,4.956946660400603,5.772782038136102,-1.4030462113681752,11.481699888720964,-14.95580515933274,6.761682420924085,0.7890034251705798,-6.316668638665172,4.004259043382455,0.18112429377337932,92.69331868707572,10.237320638767896,-2.2903307984002534,3.7752879337295133,3.2024141134287794,,-115.20635109156804,-15.769024296639625,15.50983330984353,19.32310626324684,-3.1875674302309696,10.106093290536556,-123.84276505172033,57.57530841709814
2023-11-10,-64.70840249952556,4.9607543466490345,2.4876398968944935,-1.7179725901255063,34.29901534810465,-21.15277841446306,0.7381425581309836,-61.34327403280342,2.5477567876246527,13.859176220134668,8.653470039175224,-32.78785849763896,-31.55990881075095,-2.314419239200245,-9.861573573745535,5.468606377337677,-18.134986832197246,-0.28875410526427114,-0.6606135027493778,0.9479561670188856,-29.586281494757568,-9.256242871853757,-0.6285335894108324,21.22278937902595,-6.410348669662209,-0.06685038734065595,5.897533788415044,-26.736489354752944,-2.871005494104347,-18.89786646882878,-3.3449557534187,,12.938275660625365,-46.49798669638251,8.277300955850121,5.904904273137669,-4.987782263149028,8.59071697263299,-3.777878703485485,-2.4955361980993027
2023-11-17,-78.39133105439998,-0.03222140472744489,12.499155569651062,2.4383573878960667,-72.76085885133246,-118.03335790235519,-8.915499456275814,-10.81816611817029,-64.09174266080207,19.816911346904412,4.524981801082756,40.283965495522466,-10.102082832205411,-0.2367594023250742,-17.309474008884767,2.8702690672220257,0.36611099383806983,-0.1326615340919002,-1.5285635370671242,-9.358546757453823,-107.4861814200109,1.806289134196196,-0.8621320299707652,7.042229139990118,-45.41272105188667,-2.0214066168800677,1.1395652027768914,5.58544949962768,0.5306680608167513,30.37621748624624,0.24631263278053303,,-20.81196833168432,-10.480588130249393,0.8888441117977355,-2.557485786243541,16.54727018810633,29.761458815891757,-28.19360665213082,87.84770551958835
2023-11-24,47.13299927799829,-3.375283499963475,3.548429199768739,-7.581811180681276,60.45818949291212,16.890269251628247,20.877059560158692,-23.217603966737602,-35.224947679368015,-2.0501173990048858,-11.897671156034804,24.9287602481803,0.6010372559383037,-0.42733668315002116,8.834168686301046,-3.9624049765933043,5.4022761093126475,7.404410209049431,4.223214755158196,24.678883344326085,-17.899122405308173,7.021505642156873,-12.993359755694756,-8.272529245107702,-2.6891014565141047,-0.07481289752299677,-0.7491178807766499,-16.441052612826823,-2.1204644021599615,21.657712562482637,-0.04161449642572363,,117.28453152696318,-106.89204991813912,-8.235269229461288,-3.1064486888030167,0.20671041659663825,0.23794351526233481,27.829889179473064,16.050351658195687
2023-12-01,-2.190245725819139,-5.294182568924566,-3.768580080958467,-110.08531293340802,-10.500310601730881,-0.985253555759239,2.2830374292758595,40.739312400514045,-48.49064600536509,-36.39941186369602,-5.225064888702063,0.1781429769510634,-1.04515815854617,-12.99624878405801,-1.126195140993984,-5.649330650657994,6.173636717085103,-0.4105162280529831,-7.448611914471906,-53.97864280545128,-57.901032495603694,-8.929034490179731,-8.64537739455632,16.813827754599682,-75.24429467244532,16.821257227457476,0.22434168430926354,100.53596528495292,1.5080053927822001,26.349389281749353,0.13567565876528037,,-11.705179979687221,-39.14374888971583,-26.13362565894245,-1.0876190854021337,-0.20107444676033853,-14.90440387879855,-44.749708677551,-56.32483211700043
2023-12-08,-19.76950475638857,-25.538508952956434,0.20370552905408001,-3.081920783222487,1.4382066142826595,-24.6921146177348,3.593118328053495,19.160687171165996,2.9300652897216066,-61.92573412211823,-2.111164472803305,7.66078443940412,67.99031645366077,2.2393759149888126,-4.88606640103355,0.523305543698086,1.6616582715430983,-0.46473071301172864,-3.241640380880702,-9.785302496842533,-58.07803178033296,-12.935294990641374,3.2937661623515173,-5.392859449100723,32.72737264154833,0.17483616360146742,0.4994038043839927,-29.463003382620407,6.123686056159272,-78.02187276958468,0.2617849066914213,,-48.28912401513823,44.732297069798406,-51.75332579461628,11.358542182513307,1.1319274349251716,33.721874985445965,-18.141309683638426,-4.293591009620991
2023-12-15,-51.512791428889095,-3.1896638643511874,6.486477685792537,-11.759625307638363,42.895487714119994,-28.026577119451623,-2.6767101712653303,-11.74915261110564,-11.707794933297027,103.70285544967544,6.05312555720414,24.255269030479777,-2.191406515135192,-1.8506139158456922,-4.817089674428958,-0.840032597992286,5.364369182724384,2.0049654003745423,-1.8454784538335387,11.168351681555368,12.77041084614717,4.072263915040709,40.69192229119071,-16.766627543490497,9.73773504516358,-0.07034205576179992,3.850846751168293,-37.36480036499781,22.048295389330598,34.72359177519699,0.8529700897763438,,20.905781760656225,12.158932394068705,0.015925126296979508,2.3805432266858553,1.5863607194899854,1.1865212252932666,37.40685846598488,120.02352124373499
2023-12-22,-15.296319094130627,1.0567575659577522,-5.4915383280102255,0.21438192571260958,-4.100287100981956,-5.552301228658884,14.81663560057557,-41.454529501493155,-60.21717798395232,2.7922233533767002,-3.9060360660506577,4.029124445389208,-1.4421985861642126,13.42785920684832,-0.3223057843802589,-2.509133012368401,-3.3453108487042296,-102.08552909055663,-6.000761931881626,-33.53855816276567,-54.077433423906456,-7.842732062802619,33.45190066313567,-12.130374366780174,-16.35403732324079,0.004998892811371567,-6.553893436159713,47.303994758623816,-5.800886635628888,-90.52423844873184,-0.02092916534479165,,-42.513313463202955,0.34939428939316186,0.46654360689272245,-6.305340819296903,2.6851216037914334,-44.83815528796705,40.53576186259835,-11.060483212589087
2023-12-31,-2.7652588779030656,1.809296963477772,18.992118396673693,4.541258236361277,-50.12823911742938,-7.972900156310251,-5.954062633935612,-84.16157742380695,-13.500481173970584,-2.258548625698936,-11.144058241705572,-40.53770773017246,-0.6038019080153934,-2.407149838441023,1.0062785740180817,-2.4658738520065295,-21.40912279345328,11.483082241590996,8.391070679303885,-37.588285386755366,-231.5286051089447,7.79773966501131,0.36323063797469324,18.686783445030404,-0.39491178980041175,-20.22194111397723,-15.152638242958428,-21.73140221954148,-4.113223463641923,0.5131013312975958,-0.07546887774949382,,30.85724408872402,-16.985198249942087,-6.078023093039877,-24.581202491672144,-3.1376905846867125,15.402457435444427,-0.05608870356567053,-16.09750427391026
2024-01-05,3.261862487879907,1.7391473990991164,-0.3119888547855887,11.923987419294598,0.36849965868768386,14.955273560470248,-13.964781670469874,12.595167905255927,22.749625621439815,27.456687612727706,2.814476730826454,69.64484121783968,7.677285667051643,3.7399065708933805,14.281895451919493,0.005372029951104418,-4.54621601203608,-1.6533236062386525,4.182200469149664,33.967006801158604,-76.96261068070477,13.993463273546425,0.045040173447930716,5.288779852414365,125.3856938821758,-19.225633438591267,8.704902728488108,-0.6719502682785833,-5.763676584162281,96.96182168935702,-3.7263973688027496,,15.769609004049208,10.723282014836332,-33.78163974783278,17.644810771267473,-0.6649122657455129,10.244730914582462,9.839808272290947,19.001434698006015
2024-01-12,28.206321465957522,-18.311452387970835,2.3266275439728794,0.7241843766970135,27.452321120926683,-11.722429820016357,1.1847454478951789,-57.13570643938909,18.168690607569246,4.779381071111832,-0.8186851413755587,-30.433036360377876,-2.5520268284402814,-4.0614970413634275,2.8658206698253577,-2.669495640355104,27.415812810659126,-10.548944731604918,-3.240636627262809,-17.16595550424213,-55.51531256522064,62.047240358096815,0.05894635517784924,-66.73804150375358,-18.904403870247535,-2.267091057705071,-0.8522757204006565,-31.956353912592764,-1.1251183400087665,-26.343212206058634,0.2264855915990953,,181.0324579530423,3.809825478612861,6.21484751719273,42.33549376965363,2.902090053136517,25.582597153518655,-5.740545572644482,-2.4568525793066542
2024-01-19,-13.32837546318659,3.4223364608787388,30.19702852749968,0.08702415344216385,-4.365742250241452,59.69355537600232,-4.630408234092987,-7.584274318044373,4.242032018781357,-18.409788239616823,1.9846286424464488,-15.25867620190546,-1.1152809630647702,-0.2867280162798891,-18.06713659194445,6.151837076923476,6.20020541986474,-9.42767896300792,4.116708005830105,-1.9341632548103571,-70.9314907577035,11.987771668353446,-19.684613723765814,89.75475830812277,-5.229926931560796,0.005746879152034562,-3.665079140469854,-0.2451487174718434,-66.3093168127219,84.4569234258131,0.29960468385621997,-3.7792365461215547,-41.910575864604965,-6.578877054261201,18.59149291712705,3.9801802854754627,-0.21723744529860287,-66.28294951770066,-31.271684144951596,-15.301660227431437
2024-01-26,-25.792047429654065,2.0542649035606946,2.059514505717348,-1.8425434557506084,-122.60637105550315,76.82024668674218,2.973256228090212,-44.685651438228035,29.2325876587928,-47.18610703240013,13.802872096692687,-1.0457581278728352,-9.942402596454656,3.268914229595022,2.689573355811115,0.20497571165789064,-5.760044734454478,-0.20028252904692911,28.591963979979322,6.308478747871542,-36.72131164314535,0.7109127121721843,-0.924497995005449,2.1769342623633565,-21.07867732839996,-10.88265773599571,-1.8732484839003685,62.65187492962411,53.03030949606964,-88.44573224069714,0.4370229547258115,-0.022301236331408555,-9.234412257121933,4.8466759745456045,-19.99312819283811,34.820286114453836,0.5464441246403055,-3.071114135190259,65.32481511962958,3.1578768922814375
2024-02-02,-65.72827917365423,-0.24212841367550864,11.500054351799495,4.109449475269771,-17.81388127748914,17.236989304574333,0.6485397857789515,-9.136206797333399,31.44667894967685,-3.6335915270938335,-68.26274926157464,-80.90335444210544,13.67535304792709,-2.1725702515387955,-8.49986119048653,-3.4034080723426414,-19.22097394963827,2.3078592111955065,0.2773105586535617,-52.02696800675445,4.010250920205488,-2.0629579237985713,-1.5380861224062614,-5.538996479946301,-9.43167234047092,-0.18115638037330883,0.28161615857757827,-8.799535167894506,9.469785509196852,-64.77626185381058,-0.12260746480095994,2.9686929243357256,-18.359197375868263,-87.80151656362806,-47.50164404110879,28.207634889746497,-0.7352071253629517,-36.97557964775042,0.869940690289047,-38.450877390594165
2024-02-08,58.63123761565946,0.018140577612178882,4.115202870983538,5.791186075213084,-9.6713692986808,-13.520703081343168,5.966827867942254,-7.664726877603588,1.4476738358823984,-3.305882275721304,-1.778445052665169,-15.49123981173068,-2.0962683520590066,-5.99209589364349,-6.363591885524729,-4.0064956807026775,11.258301364864211,0.08993218526065228,-1.842035424854351,-12.168039656925938,152.53561959577095,2.969497818950253,0.8925313567236774,-57.626643794781444,6.80594992438103,3.2459542504714594,48.18509319738598,-7.341857996437145,154.0799088897497,-23.9380144640169,-0.09584582878640062,-0.350873068202566,-120.36294636123496,14.071353552013514,-1.0001595167950845,6.813304127339298,1.8186844588750268,17.10336556603717,6.032181234375727,2.0000562694480832
2024-02-23,-65.60135948078103,-1.6790893493359975,0.17234417750957523,3.236421535535592,-39.17256171435277,39.62129813647326,13.29631286622355,-48.95888060636156,-59.42783877541235,-3.087768961668035,53.30210671697138,35.224539682042135,0.956563001476427,-0.868339624324051,-0.8369782895899806,-15.006109040434978,-5.099757825093807,5.602489761049815,-2.7993549667888593,-11.805896377502958,23.714411358624425,-8.543409560999653,-13.163804824806675,0.2668956099713216,-37.47775287905535,-6.8031690436804455,0.909204167827317,49.28683772886428,-14.4901899277875,-48.059073576506144,-0.1555064608850233,-0.0350637607968233,7.640339328152168,30.964427334198508,10.424693487045971,-9.048834618384722,0.28252753243699225,-5.372479042188685,-35.849386582756765,-0.9954704413160873
2024-03-01,-83.52447668232311,-2.972301292253564,-2.0606491408587044,12.52177865017474,-26.04861301729035,2.3230349725437236,-3.2936528880991145,45.59398722582557,-66.0685862418355,-21.009841892163173,-0.6996609226763475,5.988633100683325,2.502284898486476,2.746153792283523,-9.176122096084875,-0.35375905894736825,-15.336543577039357,-0.2860576694634433,0.44127719697585766,39.99684325903889,-8.84672032217117,13.257241209575962,0.2961759693357004,2.7272694892742186,-9.235157053935913,9.729917890670256,11.602116228973482,-7.315524991217934,-37.71827217089231,-34.41535401373142,9.062938642027493,-0.1832484667079925,-6.2136503433839,-30.126800181132115,-20.01952831936718,-11.376678422235141,-20.996970069252107,57.03781995271349,-0.4847843546454449,30.320820323429324
2024-03-08,-13.880336174531045,-0.7040148597005075,-22.58250716816812,1.3692701333239357,24.829829211601737,11.891683499289146,1.937604417835193,-3.5945033085941396,-91.51935406011627,24.825542372296532,-43.82452778367324,-12.005533946458991,-3.073112994174688,-23.74645155117736,6.976672858937844,-2.552125629830801,-2.475069727032107,-6.510639828121624,-0.30049143661650035,65.56479207034799,11.810534725278881,-3.0733544232447105,7.297345424861106,9.449193544467743,3.963402568355325,10.188686928716427,0.28596414340330245,139.93261500890944,3.2180827299893298,49.90010758472625,-0.31795642443518246,-4.6182534032079285,33.52913779131369,-9.840148278531787,-46.23543672079747,3.2724401788635693,-1.1752007897250853,-0.8771718166713309,9.07130639519823,-4.772773346852643
2024-03-15,-9.0963458054107,-8.439723636612928,4.8580545844450045,8.733945523759974,3.7255051665354255,14.18998601623497,11.446895688908507,-28.98679664328293,41.81265706114316,-0.2872619187063492,4.718483784957919,-66.90193380393939,43.16622530159192,10.229961078853384,-18.620441289184377,-1.4255866243401791,-6.658618887302885,-7.830767392012168,0.031463782348538805,-15.120241241656114,47.66308322124446,-11.694029903802353,6.286718291491845,56.20236291079618,-1.6862256694817326,9.147254504637813,-2.6919346974779255,6.172404845615475,7.517186301650545,-51.48585172883077,-0.015649628822566597,-0.10345135199319205,16.33225746337912,38.37995566379236,-21.405818336971326,-5.679148163887746,-4.28779744260728,5.3708290661446565,-92.14515725600212,75.45141037890386
2024-03-22,-47.32201315689008,-2.1732539127158073,0.5438769944416099,4.556696014147233,-8.987337005964736,3.8443727991953685,-74.32259534066641,-12.281844469024866,38.025811201709026,-9.641272626680632,-21.35132818018522,15.395182635649173,6.789497920016442,0.4510533632417303,-23.217491020713485,-1.2718819636085605,31.035786336449153,1.5563787924117323,9.013554087105353,-7.931086730341066,93.76811825378239,54.26360101842772,11.132348411644095,-14.438896321121986,-0.7109475334541453,-5.419699776508311,-13.268520427687148,150.41717591733246,-5.294161756800199,-15.268308696993207,0.796850712107602,3.323927113812557,-14.69446113025313,-18.426438322846174,26.937454973765163,-1.0843676612952051,-0.13951695760658836,23.27130631306079,-35.40768129247083,2.634387964323333
2024-03-31,-2.935680425681583,15.301366739071533,26.494165827943796,-7.7808993883975415,6.189460853195338,33.983574467744624,-21.91436623480052,-1.0563567372647116,-82.60880594404509,-1.8428068839532055,-11.750483405017295,3.880807131210177,-0.26323995504610365,-26.398204020542018,6.399433080243289,-2.5087860369293367,11.287406656625585,-20.089338615416434,-16.23287209212532,34.70147740514591,-99.34938295534893,3.7567424207500424,4.480485679891058,16.590665416955982,0.6664530960168265,1.7968520376012602,-2.6625108545340352,114.21857589794823,1.8352136476747254,-19.3601838209037,-0.32910569950683766,3.064630854361309,-60.905708869725984,-28.230955769336763,-17.40376894437935,21.38316857598339,-0.6721086852144245,-59.87599171602506,-5.7323570925975895,16.36604164780151
2024-04-03,47.033694394370976,-3.3650397651829174,-4.342243129833423,1.046135414241167,-2.1177383004433854,5.278644564942179,4.211275831901747,-43.08664771139992,6.613737715430025,42.70845860106734,-10.265761287558622,-6.695569169775022,2.6889395368036726,-2.8319742477163747,-4.528188908454972,-0.8488485481246497,3.5055074044098555,-5.213745290142027,-5.180555844251443,35.13163179465864,77.4572080373039,-7.953294513290982,1.9014998127702554,-90.90797916628844,-11.502644281590795,-1.2280641140043702,-4.091988306085271,-22.350294090111188,3.745782288578506,37.447367489490006,3.1363414649250085,8.781247971550817,16.812587027401168,3.020068698179342,6.942780677798997,9.278942735746071,3.69290872713987,-4.315263141053503,-8.19909148618292,-0.4583960240277749
2024-04-12,-43.81831153658483,-2.111336914432474,45.68865577376689,0.8485581355218179,-5.563510267554966,-4.809446103379372,25.4599839812513,-3.245755985710518,-5.153081009471819,-6.201987386807345,-2.621715847342025,57.81166001212438,-6.20174026428466,-9.816737105233914,11.987383564330036,-3.0962566300944676,9.063860524682603,-4.567640720752678,-3.6392773283841864,-39.976772801036745,-4.052255363078948,7.461128237014,43.257385724183884,-32.17160346823074,2.059383780543731,-1.4148694392398367,-1.5337436281632286,-8.513308333975335,0.8708205977124268,5.132616321475192,0.055903185145949455,0.28688921240686927,5.377763332804031,-59.66229525966466,2.8735170211100254,0.4421417785836884,0.18314268378369403,7.578379036960228,-4.090246741868242,8.882473181742244
2024-04-19,-19.002971517572842,-14.590167106771522,206.53711374994242,-2.1261981246665904,-26.2036985326981,-18.02226424051114,-5.4264550734824795,-48.57297131464193,86.04445119853528,9.601858316651665,-5.053285392000859,-64.49316563440598,-2.3046793209957857,-12.097817823594184,-0.49594500448143936,2.511484997876117,-3.7022297267152076,-2.089163953445191,-2.0463646355930694,23.457625723017777,-56.725571970818685,5.70994715141246,178.3450318674152,-7.529428672818778,1.5541614284630105,-0.3261082589372464,-1.937010611669358,-57.03459156019575,3.772265405953417,-108.09462758407007,3.000142001559175,-0.024122134800854893,81.10915675961887,79.14056724050636,-21.967994750870638,0.5868315247904493,0.20341540948906955,-27.623230322245348,29.40247366925984,-1.7617219026155482
2024-04-26,-55.91733598085399,14.181195861458209,23.58917529816187,-2.638187797454698,33.54580398719306,-2.930411946573035,71.11203414013055,3.9941894435283682,75.27541422952982,-104.6416933813353,0.21889465618102583,45.19191478654113,0.16485159068877814,-1.2253939126447466,-0.9588104074616379,-0.26760192505836744,-14.848073785540628,9.171117700068104,2.652223782974821,59.27243430928961,-104.99970590097625,14.803737830290006,2.9522012022577666,-33.86508588422413,13.233963839400722,8.637523955980031,-3.5509335556063344,5.43907131262001,7.074856635137868,57.606112549925,-0.06670772964281252,0.15260690380823355,8.803096580339297,-16.437340217701266,-32.07352408469175,-6.646175353185596,-6.12293323820247,-35.51218450456039,-44.58922086594421,-2.388559642774756
2024-04-30,53.64365323424152,1.7153721672123563,-3.8060076227604833,3.5797432799585245,-66.9303550718361,-6.800799918050822,-4.982736330386577,-7.059436443060892,-9.36365259838809,-14.14001045211398,22.319735303975655,38.511348989429074,7.0551113861864625,-25.396284308220277,-22.38442785613467,-1.2814044624953649,-1.100521650766597,3.805068974326407,1.9719495415165154,5.813414326209109,-25.665543380258203,2.364031297467136,57.733098874304275,2.4087324794210896,-8.669565846313526,8.429565674717152,-0.5685388919972371,-144.98801074009415,21.52210737200094,-21.701673993360618,-0.1483269490838974,-0.0854107709200323,41.78727374630222,-25.83341747941222,-24.443997266859157,10.002922410017826,-0.08708711800185231,-4.8350386731104145,-20.657971482405443,11.324500344840505
2024-05-10,59.18897242134466,-17.52132924606666,2.5698445398748584,4.103447615750184,15.976883151387701,10.101804308245155,-2.63233793615749,-7.533259446006804,-29.944377683283694,1.3931415844010984,9.335284591390703,32.13826721124172,5.700053143099037,-15.268613815690987,-38.941923601041516,-4.830873196247915,0.19743882306858324,0.29472543076392166,-1.0687723241495322,10.922434440044128,44.33753126849759,4.1042342475698135,-31.47987776535133,-59.88863861591071,-5.345619187907162,-1.7108043155824582,-0.776699519668624,-9.21975285611644,-0.4834262278205744,89.64978516867443,-0.0107405838965631,-0.05535849672573709,-1.1607450888715065,-56.300361856569296,30.7401943750307,1.9810326846517676,-4.083598224708133,-16.79302085970705,-54.89019934766489,-33.90528822057104
2024-05-17,0.33812103881944156,-1.2468669911034787,0.17726918660160124,1.7998309983927063,0.6463242191662686,9.779913939679231,-7.1893210748367995,-1.8378417363224484,-1.21035413055743,-20.514384916420244,-40.54046696272894,-77.41831247924063,2.9378828409672155,0.9549302702735117,0.83876537893636,-2.796221920831827,-1.313381109014724,-26.793068973558796,-2.6523043050716386,1.5384291677181943,14.413292026016236,-3.4093685232986193,8.618295490524963,-53.420510771389154,-4.580740308497812,-0.23466124388576914,1.9193422819484665,-36.23333635578096,4.931565556390337,-68.00547862413977,-4.884759849549706,2.3275997066026877,-19.652523307888643,32.08488020117947,-77.52334740430948,-5.8132464687436824,-0.4334093694443878,9.890410199680254,33.83324222187774,-11.197167489118188
2024-05-24,17.9911229741313,5.260960843728861,4.118106213136591,-1.9252539240390796,-46.11133068546025,93.58201175787165,-15.00898851049926,-6.415116964410597,12.027029593922986,-13.256840037405093,54.994147570338704,53.99501101134238,-4.360412234800034,7.197261512311568,35.05679020047011,-4.551289327569414,-19.585350306602134,-13.418592723342408,26.761633451119245,-11.987369622557502,-199.95788514056778,2.66265496254636,-0.26842294648833154,24.978934816865998,27.917656189441427,-3.0798015096746214,-11.420865187394252,21.782785693443522,0.3532956554410006,-28.84984822556942,0.0027215082170805108,0.0025073235435268716,-22.902769056505893,7.4224120886663805,1.0841961447499096,1.4085915758444978,0.08253140402731107,-33.537748803692125,-7.238485574282576,5.424680795223936
2024-05-31,115.01588424410454,-6.812374983894654,0.5514742375141886,-0.21209650955503706,-17.82470453905089,-1.2116223505476194,-28.08278049684342,5.486271640119862,-7.5847212623891345,8.445028407172778,-8.209211549501074,27.882759652256954,-0.19160071856415625,-1.6641246717352354,5.006293806962157,4.286529173697486,36.24047817453058,179.44952411935276,-0.016373734799906448,-10.445934129265833,65.39093538259357,25.71295087119137,7.009400128544541,-41.15544671272997,12.578819095579494,-19.72247822033112,-2.527981209293207,-101.5975166988455,-3.1316060457814148,-22.62156049665319,-0.5105526582033345,0.23027647258472883,25.066022849298417,-18.364936421821962,1.1340861544762881,-4.835891442021207,-8.268991031933226,-13.815104308653122,-11.160021881282619,18.30222168501656
2024-06-07,-22.32206857523907,0.8019310205914216,9.468804970183948,17.241448497769184,-23.85297400904478,79.29071941039736,5.158030571946458,15.797895486179172,-3.304487198633545,-40.635446487045584,43.36479686309174,38.66956005504055,2.1874464078051847,-3.136859178048288,-38.05303049586967,-0.30997303609229543,13.018937034333298,2.275987360495683,-0.6362048109162757,-28.575086511542438,-28.15139780296597,-5.602144732245868,3.2354706127095127,-0.3213856408349641,-32.66391842535956,-6.123220277552975,-1.4449625762587746,28.34994876864597,96.45679532786158,48.32530615650276,9.369879851564816,-0.02299755274695598,-109.1045907701765,4.274641387885596,6.2440788657110975,2.4216181352395987,0.5330525624283855,-0.029718727850163995,-11.959636145913416,-41.43085719621074
2024-06-14,-52.50973482188888,0.043765471891959035,3.4450189813098437,0.44843121312570666,76.75520763805422,-29.33157393039671,-3.552108633991912,-26.774754110615348,41.020195881518696,47.98452209229112,-5.586130807683436,0.5449086555492816,14.899384737010578,-0.7158441005259699,-4.119905238182062,-3.894094231524542,10.202861950486461,6.355436517403348,-0.40675205727467634,-71.9197473701378,-87.07453677029719,-6.392497867943524,-34.48552256384157,-11.244007981728071,5.284978445593932,2.483284270075094,-5.044404466779069,24.897826169794747,-3.4721716364768014,-89.5072308934651,-0.2051078254855459,2.680930272820512,-8.8037123637241,-57.34801730886446,21.12557861237839,-21.514117863458743,-3.779154728721789,6.292847800171069,-4.609486584641277,90.92278903414449
2024-06-21,32.5596518376393,-1.0147221699395015,13.904360237728532,2.6993732480159247,2.8544438396395204,-6.465981866249958,94.31562088882403,-20.690856866113137,-12.238033317166428,-3.6123678947943776,23.90727546749136,45.866793237441016,-1.889434029064518,2.9683288880367944,11.237357919610334,-0.651417479635108,-1.56320014519774,-8.319273889024544,-0.43192179191336844,52.44319887200292,-4.509195674016902,-47.0258465096937,13.71605680451534,-12.415155307011497,9.458417608338474,-0.928851244037632,-2.0455939119664377,1.1272931855235853,-111.80817759766215,-4.331079043133509,3.4137010008331323,2.9604974320056736,-119.97408192129498,-17.378691787048894,13.920779046199007,6.184523120815123,-1.07877548830418,-7.869158567547966,53.48329575325844,18.125650004979654
2024-06-30,10.044089181120558,2.0512930540565546,-2.3828762894520543,19.3310514261962,26.983618346362395,1.6064645142897906,21.333124120235333,-2.1315337420016927,-16.219981736637855,-20.144072163193847,-45.89695143655254,-20.130778469894324,0.005907720971935371,-0.2689780875095929,4.081892925107277,-0.4353461504343818,-1.598439401946285,19.336067093367006,-16.465282432151884,19.98696125474849,25.69216515420131,7.929913254624162,3.496480220868391,28.57519799017174,4.2345109434131025,-16.730797385250845,-1.2372529477249117,18.396316395032038,10.390729389239851,-71.32749247067659,-0.09585477676671647,0.19736085951880616,-14.933521256101475,-10.404595773672263,-10.228211304492078,-3.3669477265507544,-0.07370793952098892,-73.23874346303674,-29.069809807733183,4.988035836621665
2024-07-05,21.841966668856156,3.2521000599447176,-29.587983047787404,2.5904315664929225,-3.355318323465805,-8.906874879555538,-2.3156785696860704,-9.768899413176516,-50.682575129631054,-2.7946437157160773,0.405794225881861,-0.23357885382444055,-10.409322433597573,29.655930907626313,4.225046045175018,-7.06831311401981,-25.222590837572625,0.49807424977488984,0.8034755910765066,1.1503485632570811,-191.1105278648417,5.734944093184681,-0.015489484393965913,-10.840990759173506,19.358150292185456,0.027441750318803165,0.6066128930865934,-3.643267092041385,4.539979528790464,-65.55564219804059,-9.433785251719076,-0.15877857921509034,-57.11660584099111,61.850162066025824,-5.51173393153177,-0.5888872691444567,-34.55882694009032,-34.674776986306064,-14.242419814554708,31.366790413992153
2024-07-12,45.68272737373884,1.1151015008741096,-0.31022458489861077,-1.4660920058964644,-91.03288770088245,20.840655114708134,4.343171137238638,-13.219172764199698,-47.0395467928824,1.0310819786805014,42.78965665707447,-31.824347345539998,0.2968268073685814,-0.3200322260473412,0.8097749778270327,-0.7231729276647779,31.32649030171334,7.856256699704559,6.510609198885889,3.759378082485222,-29.16693190031779,6.429538348863201,-6.3846163323165745,8.242381724151803,-9.1228750916993,-0.9743248461388214,-14.160120044089824,-32.02229261248554,-9.54335699891984,-39.58924593241593,-39.579831598303684,-0.08479325936173289,53.919596174281196,17.175674316343674,-40.226753515438595,-12.180475267939167,0.40374177592823635,18.931880864331728,-7.148027035670227,0.7388049815674038
2024-07-19,-50.72352213952497,1.1504948797518117,12.178485208920002,1.4898106840644132,13.361767735232458,5.003856828848787,11.744417362718059,42.660581977051606,-3.1578090338320144,-8.071722911028681,2.3842748029007037,-24.487578580791403,7.989537892872173,-10.529939040578595,-8.602532734807799,0.21439475943280417,-53.53043331170255,-4.412177429609687,0.6985158143751005,4.746073446456744,53.80248554561922,0.5790080140408661,7.684166728514044,-46.5784605637783,-30.59936182280647,-10.416464783981802,27.458407533562273,-9.037132233274962,-22.784814178751468,-28.991107805878382,-0.9609154897671428,0.16297495728331576,19.479053752260803,22.339316258537103,-6.864281180409602,-12.238359044474251,-2.4390321885111383,6.980234800198881,-84.37890464785998,-0.6101330685571554
2024-07-26,-25.208020629903075,-0.9609908649311723,7.7597764015769615,1.2718552769199327,18.97637993646718,-36.33790752787455,3.723649200892407,-46.718797090251456,1.5834181384121344,-8.483979418654581,12.217064648529501,-4.0315165138588105,-0.6594562342278907,-2.9279311211412553,-2.822193560885468,-0.15494355058927936,22.612589846429067,8.10416387236235,-1.9689523480714568,1.9175811724509588,-59.849988505504534,-5.242626866119089,-90.10038317650029,-40.705104455285124,-5.173039369939266,-1.2481623174965448,4.220970631327235,2.3566811914814703,23.015054493107353,51.96674893219698,13.252854081424946,0.16269579847845472,29.514231234190042,-1.7542471594988591,4.3189226369453495,18.755045735703366,-0.08083776665340636,-9.21951451604863,97.07266436742465,14.309911564040126
2024-08-02,-20.794539797785013,-0.2946456731615075,-7.096814956024829,8.52244518165931,4.40060186834235,-4.341985068492843,-3.304751811424396,42.45870173508716,58.2297582113713,-11.319170810502287,-25.448561278228738,-88.87138893043738,2.1747270609685874,-21.927124582733605,-31.47317971348045,-8.8780219673028,4.70790592360253,-5.486288524680099,3.403153454720528,46.32007360669402,-110.48124749097363,-6.080888801435655,-114.3073912151264,-6.704580999428396,-9.431308049733694,-11.026667403860445,1.0937619718709255,13.707628903657374,-3.9557133831733093,-37.346508671972344,0.257202029680432,1.8764847872697497,-36.57957790450371,-60.85300603911681,-0.8398251525122904,-32.411471680399934,-0.3047125918837462,-11.411629504368772,61.46580493717245,-1.4362994828446751
2024-08-09,-36.59180641630027,-2.231256600164114,5.030503717987653,5.740990598448083,-1.5661192158306285,-60.81336834920059,-26.83248129785922,-3.2233414583977553,6.5464696046678,-68.60413242809923,5.889880451303288,39.62722036034343,-27.16218332154256,-79.07200737740332,7.066096496270078,-4.9725399345255425,-2.679722237611292,-4.625324242626102,5.559067062593957,-135.23369203151262,-14.517937859897634,48.79161154276599,-0.42281619073214116,9.492388626342022,-1.8093337694308302,11.141405224429121,-10.555666005381967,26.61601385942889,-72.09011079421342,-65.01561803802963,3.3491876523988604,-3.3005519561708367,-16.75063987810012,113.89308506763221,-5.72605492093751,25.582245020731342,-0.6572855241731722,1.2044429566147494,72.99423394274832,-9.159220084526986
2024-08-16,6.190590632797232,1.8379699321399734,0.45999823579969107,-3.826570518245042,10.936439383609379,17.870258465978875,-4.3602870093947566,18.808815803339908,-69.20069096729374,36.57439386763017,3.2757004321328145,-40.735713490764056,0.12352580057821329,16.41470333224467,0.2563106159544049,-7.7706559678205815,-12.39844028427083,-3.5251825235505434,-0.3039837776186326,11.637707466344441,-89.94354973000092,-0.4002148020110834,-5.442649061531494,-10.2136054010149,20.092192278671106,-0.17686780420001746,3.4050770862696886,-21.67581105048854,-22.178958916193338,-4.080461475057265,-0.019990111412366396,3.3106060689161705,4.654369509847977,80.14319875245934,-70.70141531852491,3.831756056408841,2.969922415679184,-3.3041485487183158,0.3929442002462943,-11.4161406128926
2024-08-23,-16.774293494759913,1.9967570610099852,-6.9483433487952455,1.1222328843017755,-4.244385990031352,6.502032894419736,-6.642817823670255,48.78603456279863,-83.47978287356098,2.959582103093575,10.739873295329897,-105.21241789252973,3.667368659449899,4.696092610827162,0.8490678821344306,-14.268237030658915,9.093794116899334,2.4470323236127647,26.753085835748593,-23.717678854197906,-231.45579087259105,-15.661493848013219,-28.39831686447545,-23.114004163841468,4.808134662975941,-0.27132407861522134,-16.30552956325727,-61.6723992458729,0.5114067080218555,26.125007774420904,2.8703904660524437,0.3617008159195,-50.7407936926685,-35.68211145053709,40.95135206073988,-1.3703316467928386,1.7667374375493556,-22.877622212909678,12.06295091293208,-47.277964154357925
2024-08-30,-8.032136465009378,-0.33872206663619525,-5.82972175870242,2.193825780258719,-15.530241895337507,-23.73611018797025,4.65697285151327,15.516000070663143,-73.20984044244652,4.587272667300665,-1.983772907543171,20.06798761044432,4.159139695736895,8.5403403886279,50.88329810570325,-0.42792984620103164,-4.902405537043446,-21.789825309734553,5.102492511098541,22.45574770350636,-32.047756837370294,4.479204012556682,-0.1648673940513901,33.66244476476274,20.922187102239928,-10.468478117743597,-17.074118858969115,3.1344570188929497,-5.957116029110147,20.61698862939487,0.038609434523501185,0.325632963655865,33.56487182990875,36.213881961416284,60.99222267386713,3.5402449215315297,0.21206730370441532,-5.259368059920866,41.38822656219607,5.584853972375292
2024-09-06,40.524879862659105,-1.0350122132254094,0.00856769886425185,-0.4359471107494083,-2.442789904439371,3.342234380213042,-1.4924141497984031,-76.07360916300878,-55.007914832619,-1.2974372600181603,-28.304151297188337,-173.11876923477664,-3.6386264087385,4.686979386872293,-8.828229300256591,-0.46345287008614733,-1.5827673599092236,-27.03406017268793,-0.8380801246344116,-9.916209238898503,-198.81312499491546,-7.008487977312535,1.0470779197757107,-23.989583124696637,-14.12056358069223,-3.643669830092537,6.424316769524235,20.023055198494976,-0.1966685828494922,29.12317108983048,0.7220676243436644,2.0976380711601315,-7.74544684895104,18.067411514194703,9.458394722467071,-8.468493873154726,0.13926012596674434,4.547509585942748,-25.901464266787496,-15.640944903427073
2024-09-13,15.929573476509601,4.4663097894885695,2.1149565775843975,3.4449213454252097,-27.25901585924096,-33.06601052052068,-17.23281981921531,12.814310694755214,29.616468434141265,12.746218123825875,-1.7358730546896055,24.692453496479562,1.3984653091295465,11.10400281226956,-15.196484915171494,-2.1879598506412328,8.453855751349321,14.443535479545284,-0.8071852293489601,-15.585231199275558,-50.03297531573329,-5.038333873771895,15.123654877817632,72.83805824711409,-89.26825055954545,10.916384888867107,2.0757103563879227,-52.00525363918272,22.595056983212363,-69.30213808646451,10.734827052438495,-0.4018877341992151,41.324356830348734,44.8679291667204,-23.443709646769697,-52.502273753651714,3.404731484857762,-3.7387975995387714,-20.300665118327274,-40.59480978815262
2024-09-20,0.36494267581957407,-7.90924717354991,3.9910616881655088,-4.723055506412264,-4.410130316657244,-0.18435207751423843,-1.8398096741620955,10.558090567151549,96.21633342537667,-52.29117326493926,-1.3933899228880917,-58.31138244435739,-4.148922174617777,3.902607593866566,2.051815224170127,-2.0594378359867376,-7.67311904226055,16.32818595475848,-12.57817456629391,-6.784771684490249,-22.40830573954095,-0.07527834298747216,5.110742234459497,40.41858139290631,-28.910598051630004,-0.733159051425592,-27.517889717643403,-41.454634792582354,11.344471087562614,-17.567732834604932,53.98811179209639,-0.03643781443999366,-15.475056493793515,-27.337219046848038,29.35982147332728,-7.169180664563101,5.39976459288353,107.13229296342539,-29.099323308005154,17.500340639612876
2024-09-27,-12.552159810813723,10.76715785919481,-1.251338593707429,-0.027185555039258305,-8.347380272147586,18.397963544687645,-15.822246773389134,-37.66988547570298,-7.425856431089087,-5.790700276369967,-57.42034162523687,-11.037584247570644,-1.9690895223514502,0.6264095026236101,3.075024996121484,-7.942675007148377,3.0449004915191646,1.1558977242245656,-38.67251711852813,11.178704538978398,85.01137519088988,-19.937304642033016,-0.7968444023885543,-13.4224277411404,-1.913638283945395,-4.369618647093807,-0.9472678997036201,-16.234758681437448,1.3413308824916028,-11.639588739584973,0.106057120370149,-0.024980203732024482,39.4049349080495,59.616523755229686,6.4141620122951375,3.0833350565028796,0.020625504220889476,-1.29517807098104,10.646691278930824,21.002809559197704
2024-09-30,-66.57437389737765,-19.128071606335162,0.7508761403281572,16.458011786551697,-9.82914361373909,-11.424427630899007,-18.072064646156274,-2.564221034452392,-2.1843071331566395,-45.57315138677036,53.36724184613755,4.979370655351955,-0.6016729803507219,-2.4055436224042026,3.0104631621689584,1.4694979893848454,-2.6668532148256068,-4.098178643846282,23.059126900528515,2.335053894099101,-18.501664485748215,3.3919784553729704,-0.9426695089654077,-29.8212396814195,23.443698287307953,-4.273426546389651,-5.2268403080098755,22.443282452284564,-3.423960283786144,26.426333852073746,2.246364274106576,-0.23811461612536172,-8.907809602596025,-8.986317655442136,-64.2928525094518,-7.4906245199219175,-8.004648075011866,7.7566034664461885,9.325625278562326,30.83950599157209
2024-10-11,-25.24271366650556,-1.707227075212871,-0.20580930703243921,32.12538699659603,59.637596865318365,-1.9619218711750723,3.762657258228248,11.244820397870843,-19.396705498803616,-5.186973666626845,-3.9641616725892064,-94.55927241658512,-0.40629090841114246,-1.685420607235578,-4.009592771390804,-0.9884471965054412,-2.2750923242217818,2.4643493654027746,-23.16940359219442,-2.645838130732912,-163.596594401891,16.257970947043376,-1.764069036290599,19.03091775376118,-12.939169619045801,-4.062175551972029,-6.878198035254389,-3.4925796505924467,-5.376740964100592,36.86540397407151,-0.44092271429845586,0.2787135170360272,4.8030822764751635,-13.222340700080029,-25.267927368667063,3.292289496082245,-0.3108239702835557,-8.161486752294046,57.59868563025513,101.17360318455947
2024-10-18,7.035266933909267,38.09350720262468,6.177434302183624,2.680622552935708,-1.0684556739568696,-15.7281565297271,-2.1013815099875983,-2.342605266216055,21.660542087374093,-15.499098625673383,0.45066567239254224,17.696199637132914,-7.05259094512512,-8.02107595888162,-9.080239406731058,0.2673935601862615,10.554043013650167,1.821466201554819,6.60521503658223,-30.304373616470606,23.30924204867878,2.4203058647637103,13.93989500689421,-10.020012745602632,-10.293933468108111,5.142324234820442,-0.7892380677090775,27.950832729213932,59.51460803966153,12.69929956419992,-0.31281005959433045,10.192699446740404,-104.51567051123808,-12.928486036050929,22.29792755933403,17.06902769349602,-8.753924075198597,-6.561870472217781,29.59854723250101,6.096940574724565
2024-10-25,-14.85791067906315,-9.497255258671233,14.000099567892608,-0.887544883162193,-28.660661800628052,-4.083439195283671,14.799482339336132,-11.872587305904327,5.742716593318378,0.9705841196970901,-0.7848537042329526,-174.3042310735792,-1.0133129395658018,-6.744145512496978,-11.044437542959574,-1.4401295875433104,12.463007715888107,12.077194279827664,12.786210849265723,-27.680835023206917,66.84248466415693,10.307155448430333,-4.580246152036748,-13.022064646950593,-4.8404725048385515,-1.970909993912498,1.0911384473236279,26.278811875174647,4.9955569762344325,-89.20648367655437,2.069022856085874,-4.749048719284181,-95.20850100616528,19.71507812952844,6.075367560297048,-9.589506231720822,2.622245107008797,-21.326885302993045,-5.680930031408999,5.358162276559124
2024-11-01,-60.91334374526256,0.40558698565920803,4.789627052439796,-3.296063901198556,-1.2327270911257688,-1.034921747969832,5.500025589161111,10.431640059686103,49.21632242188084,2.4540770675003127,-12.32652329380538,-136.46985335504002,-5.370914775694116,-29.892826434757037,-3.0438913450544582,2.970056703385504,30.67781611630716,-7.921362120904577,8.560311788575518,-3.399620021281304,35.3626527981187,2.8583213097883435,-0.2823640453742546,8.240156323320514,-20.990700348585612,12.080582592575569,-5.498708267406266,-4.778416385089059,-14.884700842854356,-30.256778690298724,0.6857095126422078,-0.009074469947326014,39.98699286742924,-8.593923815764661,-27.6343364750624,-0.01172649085654881,1.5078473976461761,3.0917450409969693,35.244965471338205,77.96862744399472
2024-11-08,-95.5625080065086,2.2942598664586464,3.461741703092588,-5.404250835516327,25.074374004378015,13.362138205120262,-3.9907575640671515,-10.838107505802782,-16.129206030866044,-10.85960419761155,4.7467227279758255,-55.63979396325938,0.4608804576714469,1.7930166335429103,-4.623193281908948,-0.27232984360204404,5.593160717215112,-8.912793949806536,7.03613814454447,-42.54036622603359,19.315899800681155,23.42603673917577,42.40653011536859,-22.230118159139217,16.050460167923728,-11.197072390059395,-17.45011857986919,-0.31604714513750665,-1.7229513977716158,-107.31788885387137,-2.7974252318403647,0.7935194061952844,-38.53203214470218,-124.74307452678812,43.280726286618425,12.805843897256368,-16.55594833800882,-21.729556652084273,-2.787350403037288,16.57304644820896
2024-11-15,56.37313036279166,-2.574977110873569,0.791110421889284,5.1277091153586705,-7.788392305074297,-12.171921177054136,-2.0049956774181688,0.7307752606722467,14.741797808342117,-29.505114822568384,1.7213543441777677,9.056100632405728,1.462296495209618,0.7075849944071861,-2.0344500988874823,0.8524992052271876,-47.125445063411526,-92.14217106160783,0.8459400384386444,-24.320809146660874,11.159608320390708,3.2002885250318736,0.3078850728659715,-37.519755661392146,7.487127295290408,29.05154475720722,-6.013638612442525,-26.210257541711414,2.700698685105438,-47.37870882906828,-11.293580999573532,-0.07925838033822867,8.246958101972407,11.948429014812296,-15.609344241257507,-3.8692077928194495,-1.6545673201872504,17.601838749345085,-76.67625485426097,-35.05985092240303
2024-11-22,9.935419686931734,-11.460154998239046,0.9811141839326549,-15.59831562659986,35.35094112728908,1.9370806255463553,4.112506495961926,-1.6056187759905591,31.528058006534973,-8.04252988030611,-50.0645565436377,-0.7130823423420134,-32.02144667773169,-28.848802704527017,35.56109345844364,3.9447894747392245,10.95655204297836,-17.155746543924522,-2.1584424769763046,-4.8468140051360455,23.679133960506192,-2.6064048367890766,45.29365759721852,4.795119098768072,-8.32612200598477,0.42846057929711234,9.81155297304235,42.99103318751606,-37.9389387283381,-35.86341385478121,-0.7564068562146733,-0.016100788126869936,-53.747056637031314,-11.451143657053802,-22.173670357343873,-17.04834139378065,2.0195951482310517,25.297182508397064,13.206966681094595,-0.9159884032646514
2024-11-29,-10.593221196669676,2.975411571452801,-4.383340018111607,-1.7282128234183847,-56.37249956541722,-16.41080526286693,55.453766741322966,-2.4334623661124852,-40.4542058515495,-48.905987848877,-1.8616201763460973,-106.40222247028424,-9.436562778006492,-1.897456451677565,-7.759880028121315,-3.023772763016696,2.6554001433525696,-17.8976939686863,-4.794722949068521,-0.5334024833906228,19.8576694287243,-13.093054346599821,45.25381317468241,-0.875452846877173,-27.603216754948715,-30.210038472681603,2.813620864357489,1.178574248386024,5.991792960692551,-9.796070067895325,3.803715832764071,-0.012298972050843082,29.458278610368176,-187.93735019588883,-19.25691999143821,-0.17059944504279623,-0.8117507418761238,7.1277335243916955,-20.430595039172484,-1.487748420607718
2024-12-06,-97.55699236204536,-0.9833998640262531,-7.305292595556879,-4.876825167278569,-37.24896981409155,-3.5843366930166862,2.2063004394697243,-2.4804197086890474,90.79701336991295,4.692747053065459,2.7591058127686283,-83.49232820480408,13.30308915533394,13.624648030438454,21.84328968224949,-2.1678295703076556,-18.560546888148913,-6.036064859984871,168.36361503154242,-45.31802585380542,21.848832230712755,-13.155769519331406,0.24945789416138497,-14.736614761143619,1.9503164708709935,16.84557810659045,-15.702936329584976,62.38105215627694,-10.296357481068455,12.951200128073962,7.279360500419282,-0.2910172523113198,-16.36495634870452,0.6261122313126628,-25.651714854205952,-19.744393355694996,-9.849011709504236,-5.788931978052142,65.44293821800527,20.61451657780462
2024-12-13,11.122011523172201,0.1423680311234265,-0.09622285007529668,14.396445140943026,0.9858153192141259,7.510469209395613,94.10980719292502,28.494678480322772,-33.80540283691755,-32.23783799859118,-37.61170277310227,-14.40439710210121,-2.832219698891582,-9.857009505738949,15.919814700587775,-1.9345865344616313,4.7933734466614695,2.042177233995979,15.418803915241481,-13.529035261992187,-25.84152016560699,0.3838738770601593,0.09123964997776521,38.6749950614736,1.0509621526457527,-2.9623225321256443,-13.199247714025995,-8.80926619288832,56.19326557672863,57.77490869406873,-0.7599605817911463,-0.03835968095668904,-33.783971457751655,-39.80240562216881,-10.158644883443161,52.373039919598725,-7.561904297954332,-27.075118098986504,12.338225970339462,9.948018010313788
2024-12-20,32.61744562265645,-0.812540902479194,0.2089534796139897,-21.674497909547334,-25.120868178721867,5.108380461814995,-6.3944161758976765,-11.353193395690925,-134.50394685056554,-22.916401149928937,8.366415889768708,11.121784578587043,-10.804141777110058,2.1125223183463326,47.181426445554834,-1.0101285388623236,-21.40376983931935,19.461440292945277,-1.529013833809255,34.89245216681315,63.15784078710857,1.1576639127845252,-0.0658930799944684,-2.0079068597827634,56.133802821740716,-2.089071178272331,3.289947369491524,-0.972563834248589,15.629609917083803,9.956282167103897,-119.20728034242674,0.8699953878793449,45.572901477032275,65.75322778312392,-0.8050015100846206,0.0344963301146376,10.460681914387838,4.015422665383695,-47.37343584205721,-32.02712606682963
2024-12-27,6.632122097057339,-0.28419427747221593,9.250658542202702,-1.6251049281737489,-4.5421688023673985,-4.856661086195018,10.978756939600315,9.27839295848604,59.53249646551935,0.36837344105087544,-23.179197257582135,38.70889945181134,-0.8722598058700644,1.1559617285210722,-6.584693638016962,-4.425441002586935,-21.559788330464276,1.9154439447515137,-11.769367137421277,26.569391125162056,1.165249831770688,16.922270032542258,13.526845848649378,-47.5261294053815,-51.16783728818169,17.131218144828726,6.033955218940427,-68.67425678682896,3.036238870843999,81.46393445721024,-1.4042326621913026,-0.10805709245522002,-10.292187356841797,8.50040418538097,-7.558735464496474,-0.3750430752628563,0.12735998131472245,18.24533735477513,-18.953723917130787,-6.347248537046299
