TradingDay,TMT,一带一路,中药,交通运输,传媒,光伏,养殖,农业综合,医疗,医药,医药医疗,半导体,国企改革,国央企综合,国防军工,基建,基础化工,央企创新,家用电器,房地产,新能源汽车,新能源综合,旅游,有色,机械设备,汽车,游戏,生物科技,电力,电子,石油石化,种植,绿色/ESG,计算机,通信,金融综合,钢铁煤炭,银行,非银,食品饮料
2015-03-20,-0.16883676625741653,,,,,,,,,-0.4676683647390196,0.38114033635156175,,,15.202551376171154,,,,,,,,,,,,,,,,,,,-2.3811703756169265,,,1.5798920996989056,,,1.6067492410974098,0.09655589549951447
2015-03-27,-4.894916188935726,,,,,,,,,-0.25063152586382115,-0.7589156257088635,,,-2.6595262047233987,,,,,,,,,,,,,,,,,,,5.328876450694877,,,-5.013166731192732,,,-1.1723040204798454,-1.4853730155176854
2015-04-03,15.745761055937301,,,,,,,,,0.00016509001926780925,38.62010573540069,,,-4.2040195411191705,,,,,,,,,,,,,,,,,,,-1.4027432719496558,,,0.8738793760025398,,,0.041801709871175416,1.6117335716177579
2015-04-10,8.208010679675628,,,,,,,,,2.146430995556472,1.6312741567978526,,,3.294628498575287,,,,,,,,,,,,,,,,,,,0.478554240161418,,,10.76007770626469,,,-0.055149320597644956,-0.0807699398293817
2015-04-17,-1.0656734446721154,,,,,,,,,-1.5385091123089407,24.202131505819548,,,-0.6060752135273976,,,,,,,,,,,,,,,,,,,7.412381578293454,,,-3.0030402375875576,,,-4.256840690558477,0.05428333810626884
2015-04-24,0.7358811640259691,,,,,,,,,0.20535309783074066,-7.7639413597485145,,,0.48928808642092125,,,,,,,,,,,,,,,,-1.5003101220527364,,,-0.9333463051180729,,,27.327199489742313,,,5.731362812236048,-1.3195461957504118
2015-04-30,-0.36368084997937994,,,,,,,,,-1.7135151082061708,0.9364578756987271,,,-0.40993156801748476,,,,,,,,,,,,,,,,0.13805655380645648,,,-0.33172034879903123,,,-3.427144579314553,,,-0.04741446444517395,-0.35972007049504284
2015-05-08,-1.7450427356761649,,,,,,,,,-4.677634169673459,-3.062876950056958,,,-0.2257916976349502,,,,,,,,,,,,,,,,0.0545188295834821,,,-0.3234563065247257,,,0.36738482509802983,,,0.08099669917496786,-23.73926733834057
2015-05-15,17.02766495055762,,,,,,,,,-1.052763185610482,-21.931059535182595,,,0.08747045815618168,,,,,,,,,,,,,,,,-5.088270664703344,,,-4.70696505957686,,,0.5208299705233874,,,0.5987139645067607,-1.1245651813778348
2015-05-22,0.3780360524863381,,,,,,,,,0.0725929051439266,6.346921725904026,,,0.35773339186975345,,,,,,,,,,,,,,,,0.4117272009643126,,,-0.5948222061913253,,,-1.3132108305253265,,,-0.19287599041347603,-0.15321244778834
2015-05-29,-4.38743350156556,,,,,,,,,0.18358544163221246,-17.73209347332262,,,0.09362449117215131,,,,,,,,,,,,,,,,9.17175991037806,,,-0.3964836811211815,,,-7.17551581587168,,,0.21994447436663822,0.550852746451455
2015-06-05,0.4283880789686451,,,,,,,,,-0.1150707998460865,3.3858150844454338,,,-0.4662298068237303,,,,,,,,,,,,,,,,-9.246942353376728,,,-1.0392342074808991,,,-1.7616415567801524,,,0.4494454611665295,-0.7978320839374822
2015-06-12,1.1187335481488054,,,,,,,,,0.48101461646276134,11.084067616011557,,,-2.548232711200505,,,,,,,,,,,,,,,,-0.02071337827706578,,,-2.8963589519488844,,,0.023176443041710293,,,-0.11531906886646191,-9.294226982605672
2015-06-19,-19.96503649095665,,,,,,,,,0.8091626020716515,-7.396991426895211,,,-1.3696478407619683,,,,,,,,,,,,,,,,-0.12114304387789598,,,-0.5319194891790915,,,-22.659144342437898,,,-0.04831618460341713,0.6135346333212878
2015-06-26,3.0762957682453544,,,,,,,,,-3.8039513551305912,7.423531997736494,,,-0.7459444557779689,,,,,,,,,,,,,,,,-0.6168341453689017,,,-0.46717394364433207,,,-0.6388320021356773,,,-0.07024738185534904,-2.8739269618677015
2015-07-03,-0.28445210375247354,,,,,,,,,-0.08992115703619827,10.933811786725407,,,-0.1809990274759777,,,,,,,,,,,,,,,,3.134713050086318,,,-0.10382477330098992,,,-0.08323302471097083,,,-2.042830966067001,2.7537553214980885
2015-07-10,-1.5208742846835597,,,,,,,,,-18.77681400892632,-12.039115445041235,,,0.13429506459755136,,,,,,,,,,,,,,,,-0.13298417412597358,,,6.480827537446,,,-0.838371454517425,,,0.06301166376445128,2.692335555875305
2015-07-17,-8.65221425267356,,,,,,,,,1.001334320783999,10.21515405643758,,,0.8048643227978294,,,,,,,,,,,,,,,,0.06444681880164294,,,-0.04359384884473255,,,2.271436971035966,,,-2.2230222223788623,22.068422886662784
2015-07-24,-17.668546318403923,,,,,,,,,-0.8413824021093319,12.800033357075256,,,-0.096845013934157,,,,,,,,,,,,,,,,0.09843192228795694,,,-0.14840992100864714,,,-2.4001076077659147,,,-0.13393508281537206,0.10684461459358108
2015-07-31,12.935970963281099,,,,,,,,,-3.249340695791309,12.949293863750617,,,-4.040623596917102,,,,,,,,,,,,,,,,0.49538191182573954,,,-0.6298842418859969,,,11.424199926490333,,,0.009196986101724203,2.285394829224828
2015-08-07,-37.105211312696284,,,,,,,,,1.1622865444657258,4.096051679235947,,,-0.4453710580579464,,,,,,,,,,,,,,,,-0.1541026792512477,,,-1.8655591180766282,,,-0.5289709259860662,,,-1.885406183743242,-1.0368944996129978
2015-08-14,-1.8498853518332299,,,,,,,,,0.5965889957219299,0.18950128495471555,,,2.7118435015465527,,,,,,,,,,,,,,,,0.9354875405737855,,,-3.727079846900663,,,-3.0307930910105125,,,-0.5790105084480296,-0.17571811000229398
2015-08-21,-5.598490827803186,,,,,,,,,-0.25318332815858924,-5.636206521989572,,,2.861208893728657,,,,,,,,,,,,,,,,-0.279365208609093,,,-0.96454358063818,,,-1.2409512808319494,,,0.40598190825213654,-0.13512169762701687
2015-08-28,-0.20684763484806962,,,,,,,,,17.206282758026703,-6.287105954031111,,,-3.1798968423814307,,,,,,,,,,,,,,,,-3.719748555764717,,,-6.639079953865405,,,1.9149453536185441,,,-4.523379822039859,-0.31556946786623286
2015-09-02,-10.845733349858943,,,,,,,,,0.04239099088985075,7.6121590508982955,,,-0.4712357539568543,,,,,,,,,,,,,,,,0.21721291288868105,,,-11.768158939561166,,,-7.2190712771735335,,,-0.003696358208975282,5.885097381552117
2015-09-11,1.3512530616431597,,,,,,,,,0.2417992524765677,1.6340284297398067,,,-0.07460966196865351,,,,,,,,,,,,,,,,0.34290780951385313,,,0.05671632333978473,,,33.41370068197298,,,0.2757606343508173,-0.12243313507280881
2015-09-18,0.11474995579348796,,,,,,,,,-1.509523043025459,27.259422025644696,,,-2.746380638050089,,,,,,,,,,,,,,,,-0.04516862461119685,,,-0.013350794932928789,,,-0.6106757405151823,,,0.05729860237407726,1.5578802070687645
2015-09-25,2.3631109098900147,,,,,,,,,0.041586957534270025,-0.522796878422164,,,0.954221233483025,,,,,,,,,,,,,,,,-0.0719995694076292,,,0.14382044888455975,,,-1.2275007283327406,,,-0.3106775295275593,-0.06727168583652328
2015-09-30,0.7555136732170824,,,,,,,,,0.011169102120600554,-22.42844862185116,,,-0.06121571799421795,,,,,,,,,,,,,,,,-3.365765275391,,,4.341076947429715,,,0.14827289699365034,,,-0.08593077960143594,0.7662683365378226
2015-10-09,-8.124259434632474,,,,,,,,,0.050220999545855925,18.126270985228835,,,8.394400965213547,,,,,,,,,,,,,,,,0.15710157998539379,,,-2.509231418377474,,,0.2246006047803366,,,-0.029458774545164983,-16.418688867267093
2015-10-16,0.1199217606775567,,,,,,,,,0.6650735496238083,5.030061734289824,,,0.24758593331679268,,,,,,,,,,,,,,,,2.8247489909192516,,,-0.3308613656845427,,,1.2179099973157994,,,0.6418799034503093,0.16139056958889358
2015-10-23,-0.2916576661628991,,,,,,,,,0.465929646591136,5.575054104534691,,,-3.6435608344066437,,,,,,,,,,,,,,,,-0.10313827085531227,,,-0.465337290087785,,,-0.3205815418687118,,,16.071700181709726,0.6280760187262071
2015-10-30,-0.6551939143446301,,,,,,,,,5.500657608410674,1.384420469408148,,,6.271283362883006,,,,,,,,,,,,,,,,-0.060088284748097576,,,3.7395584503017556,,,0.6363805791209742,,,-0.11972267100302594,-1.2095506806868799
2015-11-06,-2.954306957069208,,,,,,,,,0.9690119056778455,3.312298560374386,,,-2.684787722822575,,,,,,,,,,,,,,,,0.8609419600431386,,,7.224641223148978,,,-7.8893998493582655,,,-0.2623524451022445,0.5413035925144337
2015-11-13,3.2309586490954825,,,,,,,,,0.04036325554896273,-2.5808491643295297,,,1.2874719126733885,,,,,,,,,,,,,,,,-0.6912069021712567,,,0.21233625052512178,,,-0.06340303584571122,,,-0.04989195622548051,-0.1562345631015727
2015-11-20,-0.45025308198988495,,,,,,,,,-0.7223394837111704,-0.19772636720918838,,,-1.0718754082989836,,,,,,,,,,,,,,,,-0.24371688993180313,,,6.621250716696062,,,-10.785106842916475,,,0.07175293773294704,1.0711876020520679
2015-11-27,0.06063473447453361,,,,,,,,,-1.0597230780715576,1.0141720260149238,,,-0.006151110497592593,,,,,,,,,,,,,,,,3.5922391927479267,,,-0.2430045811561219,,,2.1436451082596886,,,-0.03884058582156137,-0.3373139113656747
2015-12-04,10.725415848410435,,,,,,,,,-0.11015032074440495,-4.725601599660889,,,-0.8808773318430192,,,,,,,,,,,,,,,,0.030537806530963572,,,2.2313251322162255,,,0.2813079494565014,,,0.04523650308047579,-0.1358962676902611
2015-12-11,0.3411958591549262,,,,,,,,,0.23549248072195908,0.693740260693228,,,0.3360583580677871,,,,,,,,,,,,,,,,-4.837943237526063,,,-0.09508881059137432,,,-4.7039667295520795,,,-3.9689072670234022,-0.29770940995106593
2015-12-18,1.9924770563546577,,,,,,,,,0.5997706670584474,-10.35995363996448,,,-1.7588583880736262,,,,,,,,,,,,,,,,-0.08290048998160118,,,-0.11806069688239643,,,-7.282692076314107,,,-0.2595583572642152,0.05378347021766251
2015-12-25,2.678917434643646,,,,,,,,,-0.7373600076357449,-1.4678135892042605,,,1.432299555200652,,,,,,,,,,,,,,,,0.18927435096894518,,,0.031857652965557176,,,9.490278383373532,,,1.8901334878468117,14.807969188883893
2015-12-31,15.95275031277693,,,,,,,,,-0.04973138218022208,13.68660074988395,,,0.14732623151233687,,,,,,,,,,,,,,,,-0.12595684050042855,,,13.060097484320675,,,-2.6157097941869125,,,0.04780309616377687,4.238109928247612
2016-01-08,6.218368685472305,,,,,,,,,-0.09567099373865985,-4.851012620501059,,,5.285881497993995,,,,,,,,,,,,,,,,19.971321136371195,,,13.354745586228153,,,-14.696232944343704,,,-0.19174889528498185,-1.2906903445064526
2016-01-15,-2.8334485418511215,,,,,,,,,0.03542328709980355,-1.0803463336372428,,,-0.5493475828182038,,,,,,,,,,,,,,,,1.5263029677039934,,,-0.051350133415324184,,,-1.6569402637761268,,,-0.1554124211909531,0.43131456036428617
2016-01-22,-0.8885099050961841,,,,,,,,,-0.09942921211443431,0.19799495052096872,,,-1.9698577149429346,,,,,,,,,,,,,,,,-0.6975714902490812,,,-0.2375115855834938,,,7.73400113720309,,,-0.8354929690754441,-0.734380610944372
2016-01-29,-10.640028907890397,,,,,,,,,-0.1048306961086445,-2.5963426873551922,,,9.503538337153811,,,,,,,,,,,,,,,,-0.565058818935745,,,-0.03332387610554751,,,9.151307498583567,,,-1.9593554935039517,1.407296280707118
2016-02-05,-10.451479011567207,,,,,,,,,-0.011318215254400986,-0.09001380208704583,,,-6.332255547050775,,,,,,,,,,,,,,,,-0.0004288489532661699,,,-0.588995479974233,,,3.533260247879843,,,0.4711000097820221,1.75331605974742
2016-02-19,-2.897458333753642,,,,,,,,,-0.05779175354251201,-12.08934057638028,,,-0.837801172199393,,,,,,,,,,,,,,,,0.3068083977189336,,,-0.5738868935642657,,,10.060374866411141,,,0.9922312457242088,-1.6932352162199207
2016-02-26,-7.716814499228961,,,,,,,,,1.0068461960877204,-6.599613960168596,,,-0.012763034866950497,,,,,,,,,,,,,,,,11.764913398790796,,,-1.7829990718615052,,,-7.064606015503225,,,0.21707564187382428,-0.12080260188297542
2016-03-04,1.1389591785769542,,,,,,,,,0.4794889354291551,0.8469079896100509,,,0.0026089438788793606,,,,,,,,,,,,,,,,6.263360109901986,,,-2.7246672878921796,,,0.5916692951664271,,,-0.06838420313268061,8.326285799248309
2016-03-11,-3.787727952936173,,,,,,,,,-0.04059478363641086,-5.777656600230063,,,-0.9095009811862929,,,,,,,,,,,,,,,,0.1715480851213902,,,-0.06255567112202934,,,-13.957509632294071,,,-0.8497742192160431,0.15221029098734426
2016-03-18,-0.8981642085064313,,,,,,,,,0.04153314142326668,-1.5545156367971504,,,-0.011782852757139445,,,,,,,,,,,,,,,,-0.26425896015260053,,,-10.15423338987465,,,16.588495684307425,,,-0.1134396362301612,0.4861752042783216
2016-03-25,0.59000664110345,,,,,,,,,0.0503334635460361,-6.953800723497412,,,-15.035130093411926,,,,,,,,,,,,,,,,0.10591848930203443,,,0.04225961851619392,,,-0.6793455634069206,,,-0.7936310850438977,0.04964486811900781
2016-04-01,0.19121438742797117,,,,,,,,,-9.276834990172377,-13.154414025328766,,,-0.22883022127434355,,,,,,,,,,,,,,,,-8.928632065570296,,,3.711682472432646,,,6.154825767994973,,,-5.057119610556487,0.13733064461351258
2016-04-08,-1.6406699195590506,,,,,,,,,0.9999971563067331,4.186488315807419,,,-1.4087018186215954,,,,,,,,,,,,,,,,-0.09036019157245612,,,-3.5357639440561295,,,-8.02233185840022,,,0.08125992784358803,-0.7155236786934998
2016-04-15,-0.09225197100690324,,,,,,,,,0.8875570991739412,-1.5452572971656884,,,-3.7151495587068295,,,,,,,,,,,,,,,,0.06506975228712109,,,-4.2975798577791124,,,-1.6746688293086758,,,1.2169638184779106,45.93480642866526
2016-04-22,0.09765259497451989,,,,,,,,,-2.7972804544227956,3.6048765395772593,,,-5.259273070981095,,,,,,,,,,,,,,,,-6.416470364885933,,,-0.09378957496231335,,,-2.7383904773853645,,,-1.0747448478480333,0.44289475216308155
2016-04-29,-21.37060304568916,,,,,,,,,-0.054525276687097175,-3.785665461856358,,,-1.9139071276969633,,,,,,,,,,,,,,,,-17.72167835932638,,,2.27241596242063,,,-1.5974550365224351,,,0.09072567319426154,-0.28448232301649523
2016-05-06,0.1642193824766992,,,,,,,,,0.4188359685163263,0.39505077175607667,,,-1.0059197021864938,,,,,,,,,,,,,,,,1.1268989021570057,,,-1.0549393747773677,,,-2.7362612228442913,,,-0.014022457706077969,1.0991356204883644
2016-05-13,-0.4864986011485254,,,,,,,,,-0.09028375474671418,-0.7058791022548097,,,-6.518945316407138,,,,,,,,,,,,,,,,5.734274735145872,,,-1.4158896671683259,,,0.830926737496561,,,-5.074364567260784,6.66492457807823
2016-05-20,-2.933073441047473,,,,,,,,,-0.02650795219536046,-5.087002059257069,,,3.13104728976372,,,,,,,,,,,,,,,,16.33731587419478,,,0.6775879580228417,,,-0.13499211396413768,,,-0.07176248882927361,0.566555346431106
2016-05-27,2.3725292389295465,,,,,,,,,-0.02903128436026922,-0.6904214592204777,,,-2.5398811572937614,,,,,,,,,,,,,,,,-0.09414356783011389,,,5.965887875863088,,,10.0452686944938,,,24.301640353590898,-1.104911722173755
2016-06-03,0.08631662727160819,,,,,,,,,-0.01527875694162685,3.3613495968197578,,,3.1581210626032723,,,,,,,,,,,,,,,,-0.07815028507893228,,,-4.418408966190528,,,-0.036059414650027155,,,3.089203123957212,-13.634567842201186
2016-06-08,7.966702326083016,,,,,,,,,-0.2077447474572576,1.0952433196381939,,,-4.776165774756761,,,,,,,,,,,,,,,,3.0800820894139695,,,0.6560098737579989,,,-2.3218060613226132,,,0.034794674888941585,3.1517444164866815
2016-06-17,0.8291471479365274,,,,,,,,,6.775508382171736,4.971873592932043,,,-0.9622636697834849,,,,,,,,,,,,,,,,1.0068418780971609,,,4.434513844544589,,,6.534709746494178,,,-0.0662513562867249,5.811560623004467
2016-06-24,0.16483315801220377,,,,,,,,,-0.09198222649587161,-2.6171441473831125,,,-0.011892370968190187,,,,,,,,,,,,,,,,-0.02869418130165096,,,-17.719406879311098,,,-7.451563996096927,,,0.9259273962655687,0.5895352891351912
2016-07-01,-2.012035666142871,,,,,,,,,0.005916213319350844,13.549122828797632,,,0.013203163269782076,,,,,,,,,,,,,,,,1.5192062695896476,,,1.4544988228500264,,,-19.909489989091323,,,-0.1585580968597395,0.627401411713982
2016-07-08,0.14941768448202575,,,,,,,,,-1.5311855104268939,-17.40866432628474,,,-1.1076808285164053,,,,,,,,,,,,,,,,0.12181566580571943,,,-0.13399645782080882,,,-4.159525735878669,,,-1.6642727504922297,-0.36539870389927626
2016-07-15,-1.7628387637512768,,,,,,,,,0.12347353548513632,-1.9533893490363778,,,22.66539944176368,,,,,,,,,,,,,,,,1.0121985758367043,,,-9.223768618094322,,,-8.380184194195555,,,0.6550188069090095,0.21289534841825136
2016-07-22,1.589429973645315,,,,,,,,,0.07540010171913314,11.16664155687567,,,-4.896549356237545,,,,,,,,,,,,,,,,-7.665033019103501,,,0.12066757557562806,,,-0.868968630112668,,,-0.40462225436939286,10.301639659301863
2016-07-29,9.18531143190331,,,,,,,,,0.7750113408776454,2.1396117227602263,,,-2.955457389309335,,,,,,,,,,,,,,,,-2.5161397526385234,,,0.82209404225475,,,-2.507332136736307,,,0.44901482850518437,0.07070914860875752
2016-08-05,0.2037601999656113,,,,,,,,,-24.718884645814896,-3.9555066033369948,,,0.023866677557096785,,,,,,,,,,,,,,,,-14.829330325012833,,,-0.029302670345938864,,,-2.1036597883661154,,,1.8965206201495843,0.061554994938349844
2016-08-12,-2.703006203827639,,,,,,,,,-0.04138392247191565,1.1876428741972611,,,-0.16442751863772676,,,,,,,,,,,,,,,,-0.8998941997887877,,,0.0517367411485324,,,-1.9362053836411732,,,0.3673504888741732,-0.26654859677636905
2016-08-19,-0.9943461664929358,,,,,,,,,0.8771885003274862,-1.4413539768930983,,,0.52499206876146,,,,,,,,,,,,,,,,-0.44574098710121834,,,-17.279324289199504,,,11.167908373350524,,,-0.061282538739212244,11.004302208928793
2016-08-26,0.2297070151148216,,,,,,,,,0.9643789740854405,-1.3304316229481656,,,-7.0727892142714355,,,,,,,,,,,,,,,,-1.1984244919247489,,,10.24928316571405,,,-1.2046663762588186,,,-0.024608058127739897,-0.18929650474206883
2016-09-02,0.54233384174242,,,,,,,,,-0.9016260341677134,-8.305920231109416,,,-0.1377619898862628,,,,,,,,,,,,,,,,3.1436021712264393,,,1.7425439923105288,,,-3.0247507872160138,,,-0.8994560422244582,0.005135868292594159
2016-09-09,-36.77204060158915,,,,,,,,,0.07060501822342963,0.48542866105157256,,,-1.6166956514031963,,,,,,,,,,,,,,,,9.030131351775323,,,15.535496323173875,,,-1.7171402341171305,,,-0.1251217083724132,-0.03844572106173399
2016-09-14,-7.463802407099072,,,,,,,,,0.012979213924843285,1.0463701767127604,,,0.010493135438754103,,,,,,,,,,,,,,,,3.3656183394331656,,,2.252205566874531,,,-3.2331987040925227,,,-1.6597868052446836,-0.0024224138759795137
2016-09-23,4.6157160400329795,,,,,,,,,0.09819887704824753,1.066691676260759,,,-3.990491501630463,,,,,,,,,,,,,,,,-10.879178497188418,,,-1.6880024138729586,,,34.98345846621394,,,-2.7671805666190896,0.16136678708687793
2016-09-30,1.5467170263809287,,,,,,,,,7.225015649745139,-2.6011878081442723,,,-0.9610437377918775,,,,,,,,,,,,,,,,-0.6097100760326022,,,0.7100972970146819,,,-0.21687912732849543,,,-9.728166427677394,-0.35602899597469473
2016-10-14,-0.33262453052093166,,,,,,,,,-11.165008594955538,1.5979306025778033,,,-0.9716061727205153,,,,,,,,,,,,,,,,2.238697333158923,,,-0.6254886506792459,,,-3.924638151823874,,,0.06789135550407485,-18.38808211925243
2016-10-21,-1.6438100371339681,,,,,,,,,-0.013371916525941718,-1.5632260442187085,,,4.178720002114155,,,,,,,,,,,,,,,,-0.3864118518625625,,,-0.04340881009359634,,,7.6576111299577825,,,-0.0524334287027546,31.731609003376114
2016-10-28,-0.35538972033070076,,,,,,,,,-0.0066023556319147825,0.0013325007243869536,,,-2.1450399782428735,-0.05608940912323956,,,,,,,,,,,,,,,-0.1335899013549197,,,0.1272076694220277,,,-2.7610486647951307,,,-0.49060110106522237,-0.03179862376058828
2016-11-04,-3.3106809136738677,,,,,,,,,0.35785110794925457,4.804485401672068,,,-2.6041961829190488,1.3196385659135728,,,,,,,,,,,,,,,-2.5080007466413803,,,-0.7543233738129542,,,-13.71991741419937,,,0.5031814491903205,0.12557005141237154
2016-11-11,-0.05867822720170082,,,,,,,,,-0.18932549718108715,0.23731030634714778,,,0.09844042505115802,-0.7431849775470872,,,,,,,,,,,,,,,2.647814552838954,,,-2.4919918496556734,,,-0.3980521674889959,,,3.5552471708888587,7.336049115472875
2016-11-18,-9.266476975021307,,,,,,,,,-0.04049884320565825,-4.063147127082712,,,-5.443653102083982,-0.8998368115697841,,,,,,,,,,,,,,,-1.8954821614984942,,,-14.281074995450425,,,-15.607275978502788,,,-15.967546139229587,1.050837164979869
2016-11-25,1.433477414305108,,,,,,,,,0.0339473479697137,-0.9199880239943469,,,1.6336593037060418,-3.6368864948840915,,,,,,,,,,,,,,,1.8294591093422752,,,-0.0032204471014756694,,,-0.7958401541476106,,,-0.031072922575283272,1.7324962276823133
2016-12-02,-0.0388311553021846,,,,,,,,,0.04786410870920427,-2.2352241054819535,,,0.40676811783001815,0.10329671252286717,,,,,,,,,,,,,,,-0.7028098011756875,,,-3.6250143385855456,,,-5.595549126057826,,,-0.2712493991487155,-0.06423169076722433
2016-12-09,0.5192222269674233,,,,,,,,,0.4503970219644699,-14.976896303524821,,,-4.015346420596483,0.08282777842981998,,,,,,,,,,,,,,,-1.7651639538596202,,,-0.30097997976063734,,,-1.8007367292417253,,,-23.474089258116877,-0.04916212572093406
2016-12-16,-0.2476425789615783,,,,,,,,,-0.04698770033423147,-0.1875239457050307,,,1.3940245995772247,0.06208164807624006,,,,,,,,,,,,,,,-0.3446909273737222,,,3.882477580934808,,,-7.7862236036808765,,,0.01686077719111813,6.253345079805716
2016-12-23,-0.00022598719173441695,,,,,,,,,0.029060992695533146,4.028341134964673,,,5.196294051189119,0.13158258553369004,,,,,,,,,,,,,,,-0.3356759818047028,,,0.49542712793785937,,,-2.3247117329293117,,,3.222348789230842,-0.08822356070406409
2016-12-31,-0.23793595892093555,,,,,,,,,-0.16328932994376105,0.7220242794263126,,,-11.510569718046922,-0.22121262370659817,,,,,,,,,,,,,,,1.100353089205663,,,18.556353841205635,,,-6.526852533642657,,,-0.27291145625874635,-4.161660072001014
2017-01-06,-0.17094861854809124,,,,,,,,,0.11445093134937567,-1.755579606976687,,,-7.818512926784012,-7.376356094608699,,,,,,,,,,,,,,,-0.28268284479395267,,,-0.11200708292669194,,,-6.514045451832888,,,5.387334761840117,-0.2852089190496606
2017-01-13,2.1214487294216458,,,,,,,,,-1.0976736611646758,-0.5626094311366878,,,8.39883561913843,-1.6353453049951328,,,,,,,,,,,,,,,3.2513077759857705,,,-0.10065446100454181,,,-9.5304888766246,,,0.1367419415581878,-0.08230567242481587
2017-01-20,-2.1889328621215514,,,,,,,,,0.5949457533328205,-7.246371681713247,,,-16.032060444163367,6.9131983409756,,,,,,,,,,,,,,,-0.7379265467458256,,,-7.430851445850244,,,-10.707822282495524,,,12.965826478213376,-17.464597131367462
2017-01-26,-0.20130849258638045,,,,,,,,,-0.09772797872568532,-0.47217368401235654,,,9.679468095799466,-6.936874382739393,,,,,,,,,,,,,,,1.523540838988345,,,-1.7553652954248016,,,-1.0004122573384864,,,-29.341547393079303,6.155942598575399
2017-02-03,-0.6541908037479084,,,,,,,,,0.03179680152295793,-2.4116986400890776,,,-3.6407565061215617,-2.5695903744018844,,,,,,,,,,,,,,,-0.7708722881755827,,,-0.10017276341748212,,,12.899148721512042,,,-1.2740572019910978,0.1023096635785895
2017-02-10,18.039667546752096,,,,,,,,,-0.045723050094100125,-8.518057270769294,,,-18.683657457177944,0.4955156628547908,,,,,,,,,,,,,,,-1.9851329670752003,,,-7.344331375766641,,,-1.9737416822592566,,,-4.56624559107468,-0.09373616194314671
2017-02-17,2.7567447102758114,,,,,,,,,-0.022501623280727516,0.9115279948656133,,,-31.52213510147244,-0.9983805260630838,,,,,,,,,,,,,,,18.431520904987515,,,-0.6848022982704153,,,7.849284706736089,,,24.277609111077933,0.16971892459394639
2017-02-24,-0.058278767357111926,,,,,,,,,-0.23136244025781497,-13.664124091382034,,,-0.2063712576463264,-0.4000158077264705,,,,,,,,,,,,,,,1.1955377254365378,,,0.30170409365771417,,,0.32369667841646865,,,-0.1788860970286808,0.778295684808045
2017-03-03,3.7863079932095927,,,,,,,,,-0.35463655776630354,15.066576489319855,,,1.2737456920922887,-42.549987704332686,,,,,,,,,,,,,,,2.106218606439074,,,-0.40414800703696224,,,25.551597355477448,,,-0.6079783096479896,4.231034685661499
2017-03-10,-0.13426600252656595,,,,,,,,,22.24614999718199,-1.8270390602314492,,,-0.801014708971459,1.111350337915532,,,,,,,,,,,,,,,-0.7903912533815193,,,-0.26435730094733434,,,-0.7668711361400239,,,21.572595316889128,-17.62136665852077
2017-03-17,5.890215780215788,,,,,,,,,2.9442778437096373,-1.6016721509612644,,,2.161961092165346,2.1438906017239665,,,,,,,,,,,,,,,-0.2136263174254995,,,-4.113836152422107,,,3.0414795645002286,,,-2.361202582125918,0.25039076085595574
2017-03-24,-0.48866990413911604,,,,,,,,,-0.06475391727131966,13.697839941462087,,,0.9983925657687115,-3.1013462338960855,,,,,,,,,,,,,,,0.6456538731316493,,,1.4253042854583293,,,13.188410510298143,,,-25.588245092993667,0.08518879714374775
2017-03-31,-13.416644786867495,,,,,,,,,-0.030610494708530018,-2.065587956701044,,,-3.69894591394126,-0.3655465270181679,,,,,,,,,,,,,,,1.5823147659012848,,,-24.98723708563564,,,-9.082696650338294,,,-0.8040740969757945,-0.0037408048066296246
2017-04-07,-0.025024160014934578,,,,,,,,,0.20036035080299833,-0.03562792351583953,,,0.6299775040709819,-0.26068815765951925,,,,,,,,,,,,,,,1.437442574690345,,,4.593641473321133,,,-7.399284561148312,,,1.359969613617354,-0.4532600099228268
2017-04-14,-0.006477781333693174,,,,,,,,,1.2731695138671106,0.17295846594588812,,,-0.21470737296967068,9.736880342810856,,,,,,,,,,,,,,,-1.2049310469919743,,,0.03724790957183935,,,8.314778852400599,,,-0.16581498021710095,-0.32796446735012946
2017-04-21,-0.08140227842445552,,,,,,,,,-19.898986206223086,-3.863843731892576,,,2.1247723537107235,-8.428786462061028,,,,,,,,,,,,,,,-0.9136362472947247,,,-14.346099092449267,,,-0.7363185356598589,,,-1.165942041282558,1.9860199525344517
2017-04-28,6.697086456979085,,,,,,,,,-0.11634487069789924,6.488944144277603,,,-0.4427160306773831,2.0561128754711913,,,,,,,,,,,,,,,-0.17211815311746978,,,-1.669163553414774,,,-1.9445238862442151,,,-3.8204379368102823,-2.3667799029291574
2017-05-05,-0.2790077863529721,,,,,,,,,-0.046545791575581696,-0.372989900811383,,,-5.730111842582751,1.5321143095900722,,,,,,,,,,,,,,,0.1650920559173979,,,-3.8628602369004987,,,-6.64065814221976,,,-0.6137942991008545,-4.247335983765325
2017-05-12,0.012198442156896028,,,,,,,,,-2.0147689463092817,-5.850311464474618,,,29.447053513180617,-0.32310578856612576,,,,,,,,,,,,,,,-0.25770490269528046,,,3.910292939141678,,,0.730350968640253,,,7.697860266612038,-1.367431526498905
2017-05-19,-1.0148202590255482,,,,,,,,,1.651888239373227,-1.5246464965118476,,,-3.593231903379034,8.126285945192544,,,,,,,,,,,,,,,0.7473506290594123,,,-0.4402652942774089,,,8.513739166460393,,,-0.2529349109941154,1.4911330565377934
2017-05-26,-8.279193220131141,,,,,,,,,-1.060927672460294,-1.2486174984441976,,,8.15114437212791,19.673369850816485,,,,,,,,,,,,,,,6.194591827896623,,,6.610828077175448,,,-3.652512013049515,,,-2.7002833345828456,2.26204037035913
2017-06-02,0.10962975530518937,,,,,,,,,-0.3734420759753482,3.4351850035964473,,,0.05544676884868216,2.799782733988166,,,,,,,,,,,,,,,31.186639550087502,,,-0.07563108520595022,,,17.677407414662596,,,-0.14790421902562742,0.01612108063532789
2017-06-09,0.054985622822539534,,,,,,,,,-0.021955871289795176,0.14587887076142825,,,0.9161836265767438,-7.033652087735789,,,,,,,,,,,,,,,-1.0739683361028487,,,-2.1640063984426687,,,2.489763513879296,,,-0.25853165953947865,-0.057376189994671464
2017-06-16,-0.8905810187751215,,,,,,,,,-0.03570477490685646,-1.8695446789074064,,,-1.4638203017762952,-0.16747646280130857,,,,,,,,,,,,,,,0.6385866197801795,,,-0.5992303962625197,,,0.31784085134529266,,,1.8501820896295287,0.008636481091999285
2017-06-23,0.8488133216753032,,,,,,,,,0.11703446852124075,0.6806266139970504,,,0.04404538610714271,-9.225340688598378,,,,,,,,,,,,,,,-0.1382089392425913,,,3.7711483844899183,,,42.871163560782854,,,-18.16196715997043,-0.03198873981257459
2017-06-30,0.02384664214091603,,,,,,,,,-0.5005113864729802,-7.712179832191607,,,-0.24407743892321587,8.315055457340943,,,,,,,,,,,,,,,-4.378561624478451,,,-5.2546314185195895,,,-5.400100056062717,,,10.322373512783486,-0.25135543469027605
2017-07-07,-17.458698077328446,,,,,,,,,-0.20877222090609096,-11.286385184077371,,,-2.9653000501514937,15.464054732695713,,,,,,,,,,,,,,,-0.24130613385284436,,,-5.253613057191828,,,-1.1978869887621941,,,16.968630837099656,0.5859695430029748
2017-07-14,-0.8715077842152797,,,,,,,,,-0.5991436243541479,-0.6240315252936439,,,-4.0563610733553785,-9.275573013482953,,,,,,,,,,,,,,,-2.2902557199400535,,,-0.4284618051997656,,,-8.50203049925068,,,2.811301615365938,0.20785000527570896
2017-07-21,-0.0076749302109252494,,,,,,,,,3.142503664174883,-14.600448430106102,,,0.5724308789322934,13.24034607104906,,,,,,,,,,,,,,,0.38921839196683866,,,1.6614734396076303,,,18.415864848328727,,,-0.47722738218452054,-0.07262398169243718
2017-07-28,13.661744520646211,,,,,,,,,-0.03196443399875552,-2.088234452279264,,,2.071775963086435,0.1507629998331491,,,,,,,,,,,,,,,-0.5073368698673753,,,13.583887932982638,,,-2.9782636735544186,,,-6.450951775746242,-0.19296288222359614
2017-08-04,14.816033258959473,,,,,,,,,-0.013463763009440207,7.299360191893394,,,0.7795951518164963,-15.189684082545178,,,,,,,,,,,,,,,-0.4742471839482967,,,3.3239431162262645,,,-3.187251492003707,,,12.27368658482829,-2.5961049651958175
2017-08-11,-1.7382821535771424,,,,,,,,,0.4094212939628988,2.8784595369904555,,,-0.684442041153263,-2.115249161029524,,,,,,,,,,,,,,,0.001269291656607635,,,-1.4838767732332168,,,11.30249609036859,,,-13.802465313983687,0.18976235034053104
2017-08-18,9.004982386576312,,,,,,,,,-0.08501259709564989,0.031229084099238302,,,-0.4016823725261842,-0.03955215604776208,,,,,,,,,,,,,,,-0.13352537365462522,,,-8.141280908703317,,,21.144168982500798,,,-2.3537596916155916,2.5878412009960905
2017-08-25,8.809452248471265,,,,,,,,,0.02482679103619028,-0.3130406543902886,,,-1.127716032577905,-1.3840662853190902,,,,,,,,,,,,,,,-0.19232621325956573,,,-0.44691796794119654,,,-23.789719694140175,,,1.166989297246033,0.024253750864082293
2017-09-01,57.97019166703805,,,,,,,,,-4.835548682113816,1.9792704795085125,,,0.6952459500189734,0.5514948580182855,,,,,,,,,,,,,,,-1.0536224017759148,,,-0.1197666864819669,,,-2.245865026208419,,,-8.222160884491046,0.0881989898683674
2017-09-08,-3.4489611780784766,,,,,,,,,-2.5677508994242104,-0.5310508527101265,,,-1.4392429021049618,4.263624337572844,,,,,,,,,,,,,,,-0.6791959815444211,,,-1.8000177316153723,,,-1.7525477718870595,,,8.263629604501544,0.17511596691561243
2017-09-15,1.059807256804333,,,,,,,,,0.21153825841280469,1.5046011786386564,,,-2.050498985678652,-8.406879019633733,,,,,,,,,,,,,,,-0.18994604170470591,,,1.3962702545176737,,,-26.865180582925326,,,-22.812379299614065,-0.3734637919395902
2017-09-22,0.5949642477865331,,,,,,,,,-0.043280314847387966,-11.582606269530178,,,18.391223239347443,-0.8003642794692489,,,,,,,,,,,,,,,-0.12995724659472196,,,17.904687364811224,,,4.375827590239037,,,-9.095513024891579,-3.6710173384618052
2017-09-30,-1.0915199696373885,,,,,,,,,0.30080545567447997,0.10239381687146379,,,2.9152093120726157,0.8225276238321106,,,,,,,,,,,,,,,0.007742777293292813,,,4.316899086316268,,,0.06574495562902971,,,-8.152810447564455,-2.551052367825095
2017-10-13,-3.788581363545514,,,,,,,,,-0.19465601891975376,-20.698884402827655,,,-1.1042380117676993,-6.014677175987957,,,,,,,,,,,,,,,0.17520875876181277,,,2.5421049694442197,,,-0.17380501728770412,,,18.67291497341527,-2.924986886184156
2017-10-20,65.57409062852648,,,,,,,,,1.3839171102926917,-2.9802668788462587,,,2.484406978857698,6.619282138042707,,,,,,,,,,,,,,,-0.1466008477527489,,,-1.0251700515194266,,,6.555252118883205,,-0.9904942893438207,-2.836226790652714,0.13183443560865693
2017-10-27,16.03990533241551,,,,,,,,,0.05224213095005191,-3.960907259084577,,,-0.34850498829267684,14.618099848053465,,,,,,,,,,,,,,,-0.306269152740429,,,1.12320598521377,,,0.40728084811582854,,2.6901016252006262,-0.725150617012958,-0.23335884124828965
2017-11-03,1.057903055497723,,,,,,,,,-0.035930427784683375,-0.6761257836194215,,,-4.213403039657872,-8.207651084467471,,,,,,,,,,,,,,,0.0901650009023655,,,3.084177704043995,,,-0.6563429462463326,,-0.16766562156917192,-0.9877964407303472,0.5164557157131171
2017-11-10,-0.5550874612612011,,,,,,,,,0.01497961721496375,5.0091393544809915,,,-1.3359087459504237,1.3589552911167448,,,,,,,,,,,,,,,-5.809706888643456,,,-1.2638536854535132,,,0.5466547757047976,,1.8155036674649367,-5.26400195081199,-0.008427105409712888
2017-11-17,5.622389704171888,,,,,,,,,-6.179308200607876,-22.33573750941048,,,-0.5045433631856293,-6.28271735347404,,,,,,,,,,,,,,,2.748050729346809,,,-0.11154783824636427,,,-1.5311059632475748,,-2.772149402641157,12.161510232076843,1.1916482897912393
2017-11-24,-0.5466491563669444,,,,,,,,,0.2753757006403542,-1.2292591336594638,,,19.66618493922691,-3.3168251153857407,,,,,,,,,,,,,,,0.00019167062178909733,,,-6.946497272857707,,,1.5758375071802628,,0.20528173761761329,-15.504758587737193,-9.810118555343209
2017-12-01,-0.23523487682348687,,,,,,,,,-19.762957826710345,-2.2459625164106667,,,0.04375933857362835,29.453979100098927,,,,,,,,,,,,,,,-0.12453192933891287,,,-1.771405142172391,,,10.794575548590924,,-0.808347891650441,0.4118254513677384,-0.09609070396547816
2017-12-08,-1.1077406435735586,,,,,,,,,6.866854230686423,-7.458072481047453,,,-0.49467759262379324,7.515365277577934,,,,,,,,,,,,,,,1.031818658513101,,,-0.0598640033917312,,,1.3145855702243348,,0.3600807296992469,16.181267379988217,-22.601853056760895
2017-12-15,0.8232065123696196,,,,,,,,,-0.08417796221882443,-5.383017443600661,,,0.10469524340758686,-27.058748876047595,,,,,,,,,,,,,,,2.9126964295103956,,,0.5696515147735436,,,-7.422252154881322,,3.3641483116629316,0.2552934121971593,-1.162388732426953
2017-12-22,32.8081969320378,,,,,,,,,0.1876278920135693,-2.675158989830016,,,-6.578645345323519,63.97527112356374,,,,,4.012416279325215,,,,0.24906015417057434,,,,,,-0.42633318867511383,,,-9.93929030714833,,,-3.2511267568236026,,-0.07008579961726481,-6.417905510032308,17.31287075309137
2017-12-31,-3.2725721374875985,,,,,,,,,0.10200387193233292,-0.3812429597220824,,,7.775356590803015,9.153542248888051,,,,,0.09987285910502863,,,,-0.10069120436992486,,,,,,0.6052645204130468,,,-0.6380917654828926,,,7.527763707577126,,-14.98545720637483,-8.067186617770924,-0.4984954139815059
2018-01-05,-3.568611013024918,,,,,,,,,1.0946705884175267,-1.1342879297031054,,,-26.570049960300118,-4.068752321377307,,,,,0.23469293178130837,,,,15.562170527680358,,,,,,-3.72935265531444,,,-5.796067581556437,,,7.379107398743304,,-10.063503577735494,11.753103094198128,-2.0113762538544013
2018-01-12,2.577719516400287,,,,,,,,,-0.13005343061192318,13.680272066397144,,,0.978482286636321,37.16080444832469,,,,,0.7675500876876951,,,,-0.007855730813984364,,,,,,-0.21667248610229164,,,-0.47649445442994875,,,3.008115856218037,,5.680393711790559,-2.876818198387798,-1.6483223313817994
2018-01-19,-0.17217497948977462,,,,,,,,,0.0946226091952363,-0.010250742607311958,,,9.44449947687009,-9.60520680878543,,,,,-20.240161785141,,,,-0.08430355901546471,,,,,,-0.3980367389394055,,,-1.1329560301540829,,,-0.547226702341022,,-0.42323468111832985,24.38723785747395,1.383634643089318
2018-01-26,-0.7163524649599523,,,,,,,,,0.3059844439996406,0.24275155883818206,,,5.061402053531207,7.647448008286904,,,,,0.08191095508209183,,,,-0.04591962915523526,,,,,,-7.066017225676495,,,-1.3001657714580133,,,-2.1849928084777743,,0.47379261487914165,-5.47057259873182,-0.1027953841455603
2018-02-02,0.13621925334857277,,,,,,,,,-0.6883883750398203,26.534559518790715,,,0.2098639384267873,14.6427690060008,,,,,0.07451998896997247,,,,0.14587565671446331,,,,,,-0.1351047381718692,,,-1.7525143108348227,,,4.269902718106756,,0.09923196513543717,-2.88822314146891,0.4808022760804715
2018-02-09,7.932536244010561,,,,,,,,,0.95926362562386,-4.599108268887007,,,-5.810132390890951,0.6583467346492018,,,,,-0.053187319362489306,,,,-0.04053462140162052,,,,,,3.228905078765641,,,5.601034439735834,,,-10.299668986532346,,-5.04811478223962,1.5743311889427203,1.8450344867784025
2018-02-14,0.31710246341071724,,,,,,,,,0.024909999679958994,-6.359391185513989,,,-3.882413735048085,-1.8409637944400665,,,,,0.06384971618459473,,,,-0.5063233613175622,,,,,,2.3216888130898337,,,4.366642792060213,,,-9.276928719819404,,8.611916036967617,-4.279675357051023,-0.4043545474503224
2018-02-23,-19.90539717696253,,,,,,,,,2.404063771920343,3.050727036659898,,,-2.5891895600938764,-14.143114605963552,,,,,0.7470776635746946,,,,-0.07889651509072355,,,,,,-13.205572338353894,,,-0.4647586393122967,,,-0.3796323857495941,,-15.121660452242061,-1.4048914128821364,-4.487759268913644
2018-03-02,0.05509383379445168,,,,,,,,,-0.43005859961388426,2.674963896985506,,,1.240075913485745,1.0545276647455715,,,,,-0.17135415875498927,,,,-0.6995969053676778,,,,,,8.302108436137356,,,-5.413806038863437,,,-20.516472973277583,,-4.461962339545258,-20.33424941236426,0.12399318137898728
2018-03-09,-0.6850300562900716,,,,,,,,,20.38559762161281,-9.104018425222858,,,0.33577209352824844,-1.3587474963015524,,,,,6.572314721026757,,,,-0.7624961192005617,,,,,,-0.022052249451403546,,,-0.2650321991043125,,,-45.906622388207566,,-0.29538045622470555,-16.55290436667427,-0.48512455395536236
2018-03-16,2.112575457067271,,,,,,,,,-2.2069753615601098,-18.11555369023432,,,-0.4376913339742808,-10.26778467015194,,,,,0.34720908036382825,,,,-1.4365815382658214,,,,,,-1.0827992508134388,,,-10.96213681387724,,,8.4672594971516,,1.9857221600712904,5.629344003336121,-22.701197459974907
2018-03-23,0.31645157807240515,,,,,,,,,1.3980996057742914,-3.43409793147045,,,3.465468671948109,-11.697587609911016,,,,,0.5725890450761508,,,,17.540292123311996,,,,,,-0.5125278944577542,,,0.38893272737866524,,,5.262814087814563,,-36.33834339323934,-3.9175561288289886,-6.864569874357403
2018-03-31,3.8881016972477305,,,,,,,,,-1.0050304815040882,-8.283893896095023,,,0.5898116496725079,0.49117581940494315,,,,,-0.01930187841514298,,,,0.4764948844866407,,,,,,0.42590434324716664,,,-0.0694419203412038,,,-1.2181886441772964,,1.1081739175171392,-2.0877713590122595,1.0679752551730561
2018-04-04,4.708787947176727,,,,-0.3736365240891671,,,,,0.11180467413127167,0.5988950338957171,,,-2.0242907523916003,-15.13395670159583,,,,,-0.007384333130492119,,,,-14.856722225028129,,,,,,-0.05751962532223506,,,3.992623964486067,,,1.1618968303854973,,-0.9211386930030381,-15.516274396067821,-0.8436028604302819
2018-04-13,-12.894577740072695,,,,0.0608950940624461,,,,,4.957335136593365,-1.4883316092972652,,,4.930216644215017,-6.492211257976859,,,,,-0.06726408310981229,,,,-0.052030031452831194,,,,,,7.933532759429878,,,1.8482438538031007,,,9.593984169103722,,6.158979013222729,5.266333275821755,1.3032373130321657
2018-04-20,-4.455218885621037,,,,0.5201284734431753,,,,,0.2564434410620174,-0.3611255466763263,,,-0.6469172185452154,-0.08402516992164205,,,,,0.11048093458170194,,,,4.990497559950829,,,,,,0.8944980450892264,,,-0.9323935696569812,,,-5.7567497819154365,,1.6285877445311654,0.4771586359397745,-0.24599661165280945
2018-04-27,64.3316437729933,,,,-0.02882919253486413,,,,,0.07680878412515535,-1.7495065535795347,,,-1.1779181365826346,4.578596761446538,,,,,-0.08524604812365132,,,,0.11791702720705458,,,,,,0.597546114715396,,,1.7871434042630785,,,-7.537411678517319,,-0.40207228215477253,-10.010585173944282,0.7116732291766834
2018-05-04,1.1270144989272766,,,,-3.0906300811085288,,,,,-0.5271566824564857,-16.41888867342402,,,0.29204662849565094,-0.9577292547953469,,,,,0.8600512936842895,,,,0.009268863002877274,,,,,,-1.1162736145628824,,,-0.40363994240915374,,,-11.482627784416994,,2.4819152209645643,-6.254559654437227,-1.6064186486773613
2018-05-11,-1.7535788357701318,,,,4.45832703353766,,,,,0.007078977312061568,-3.6248757707974733,,,-0.3099567304885895,10.558463066262375,,,,,-0.09904676453444183,,,,-0.03614601409898716,,,,,,-0.277982132063749,,,-0.9340794791633236,,,10.17168071626817,,-9.650638467039762,-4.37929279021481,3.0837579178688292
2018-05-18,-0.3222523842021876,,,,-0.033325975586572076,,,,,0.04660065587171408,-1.7303746917928584,,,-0.1849350115318304,0.2795825340503738,,,,,-0.012364975056792403,,,,7.679831657929749,,,,,,0.38852292593367377,,,-14.848072421571645,,,-1.2778719352120709,,-7.321353918188188,-9.883076333229328,-0.3744701807430791
2018-05-25,-1.3172865115687495,,,,0.4513003150187046,,,,,0.33421889255883236,2.169637779975904,,,2.4246861223777434,3.4009217393823516,,,,,0.42579575886912835,,,,0.0897443668049393,,,,,,6.59710045209718,,,1.0878812867994447,,,-21.15809263383465,,0.009759917532705498,-0.3051547272600071,9.862972833611305
2018-06-01,3.7502261673761224,,,,5.0664528209415245,,,,,0.25101637147603606,-0.11666205224671308,,,0.060415068941037195,1.3117933488095106,,,,,0.04956946125730786,,,,0.024201462191876365,,,,,,-0.43432439605980316,,,-0.7155514702363993,,,-1.341570931988295,,-0.24403224045535254,-3.061926868977663,-5.22234702250354
2018-06-08,1.241744788101745,,,,0.04092509894562435,,,,,-0.02762696385399521,0.15392985133834727,,,14.694830062043536,5.272847156660419,,,,,-0.011312896856581219,,,,-0.023784837102601326,,,,,,-0.01744262959786652,,,0.41604158613460696,,,-1.5156628404609118,,6.186881262331196,2.352578950576414,0.12468782969580655
2018-06-15,7.056795613281375,,,,-0.12981858834848847,,,,,0.14556614410707835,-10.714897945178814,,,-1.110807093562235,6.331164391051815,,,,,0.05318010710210068,,,,0.24656677464695415,,,,,,-0.22595975905113683,,,19.169290461692377,,,4.7414895467696745,,-9.62210734009493,-2.6792467489002805,-0.2518809685520784
2018-06-22,-0.005777401307746732,,,,2.056160400466063,,,,,-1.0385807445285251,7.690279430361211,,,0.5609999059278299,0.13852287817446962,,,,,0.08432784413101546,,,,-0.15800896251264557,,,,,,-7.950553956334385,,,-0.827933657112011,,,-0.08062458169230369,,2.016960978287852,-0.5907255899783471,-0.3485808921027643
2018-06-30,0.013482220264506878,,,,-0.47817331662431856,,,,,-5.378533026953181,-23.95695881773557,,,-23.76616544673567,-0.5630467415660174,,,,,-0.018899328109811923,,,,0.010058247582262241,,,,,,1.3362476774194558,,,1.5621536915233643,,,1.9528726139537405,,5.02147681228769,-1.4651871610788034,0.1912657662374304
2018-07-06,11.488622604781662,,,,24.06093029544109,,,,,-0.0835314086634514,-1.2665301388167016,,,-11.79514900134066,0.00030049778684465567,,,,,0.06278976932089034,,,,-0.17745444589124437,,,,,,1.2364699555454208,,,-0.26067023845842563,,,-2.644939688493123,,-30.246594215192356,0.7428795223415801,-0.6176650774246393
2018-07-13,-0.13814814972220724,,,,0.0640450133843343,,,,,-0.1340512806064594,4.773920597782023,,,-3.6164385730972612,-3.729630996145004,,,,,-0.1590062319238951,,,,2.0690382059912844,,,,,,14.480504335808469,,,4.954355362774722,,,12.003457255102694,,28.873854690284823,-0.008662184960436692,-9.272266428175566
2018-07-20,-1.2094667660729264,,,,1.3773487076799336,,,,,13.401064096514443,9.556768045021942,,,-3.9016928880042285,-3.597474010939262,,,,,0.04955866487043583,,,,-0.01839218344025531,,,,,,0.2710927617461884,,,-2.7582886913166544,,,1.3012525350990543,,-0.19700214367433028,-10.649063412006207,-0.024907514790631614
2018-07-27,-0.8246079652531091,,,,-5.8722500786570375,,,,,-4.27468101237639,-0.4901246321996078,,,29.19171440451233,-6.48535031932502,,,,,0.0559393090705617,,,,-0.006105231322076573,,,,,,-1.9304119317941018,,,-0.5244350766985827,,,-6.920492538938855,,0.15226811904683354,-10.0465644124319,-0.08127203318040674
2018-08-03,-0.7216206789612021,,,,0.3670673936088773,,,,,0.37870424928629665,-0.5818798500367314,,,-2.810872842400169,-4.74879589515707,,,,,5.972766401253218,,,,-0.015120498929759009,,,,,,-0.6355971192492417,,,-0.38098840755498764,,,0.06752102147130468,,18.344419184800245,-0.5018678771772973,4.172841054644157
2018-08-10,10.841291848271117,,,,5.3128444136061175,,,,,0.010678003659804758,-0.44746410307640616,,,1.4814245846011875,1.2037328316381082,,,,,-1.785695985251917,,,,-0.0037380713619859646,,,,,,-0.07811566654913935,,,-2.279284911796495,,,-11.137553848126217,,2.4580113009324753,-5.7184995612035,1.166074113280998
2018-08-17,-0.21070180699848584,,,,-0.03450456393138478,,,,,0.8239523604044724,4.786879745657788,,,-7.246604692466612,8.172383132991353,,,,,0.14062621240123035,,,,-0.21466788353699084,,,,,,7.675520448663873,,,30.392516432485316,,,2.4676886556976587,,-0.5122506464927721,8.72120027749807,0.28941270636027483
2018-08-24,1.0303038734396222,,,,-0.7600775130937413,,,,,-0.07170541255692212,-5.397642390034018,,,-9.554993918965625,-19.221993205115325,,,,,0.15309051478969432,,,,-1.2317378111254167,,,,,,0.2023302012703538,,,-0.9496671331128949,,,-1.819062895931701,,-9.539490471162686,-9.073994521785883,-0.13655392435187538
2018-08-31,1.837566960029536,,,,-1.1430416056306265,,,,,0.4226634263814215,-0.8298384604444489,,,2.4800262101897217,-1.350592777591441,,,,,1.846852606586425,,,,-0.16381211437790713,,,,,,-0.9650699789134012,,,2.1241205888440966,,,-4.527704492049579,,-0.18337269865632277,3.09648737165186,-4.323666438832168
2018-09-07,-0.21717501066085013,,,,-0.08055609335719377,,,,,-0.13320685964679302,0.3446648567563204,,,0.3076035065232899,0.8889596282439491,,,,,0.36639097851273955,,,,-0.8162142163144908,,,,,,-5.799258120007678,,,-2.1469707260829995,,,-5.263171967533154,,-0.05991463614179025,-2.7150891299854703,6.891741864118855
2018-09-14,1.1500918563595777,,,,-0.5362196036656055,,,,,0.17275351967273164,-3.8925830942424064,,,-3.3070734754273303,-9.899155893072997,,,,,-1.970587150896116,,,,-1.7083289966250226,,,,,,-0.15407328250447502,,,2.6013203211107077,,,-11.12964878082376,,-45.546273029151145,-14.6533934246472,0.2781930349913212
2018-09-21,-0.09482732890797663,,,,-0.24591227509105956,,,,,0.6738540626838952,-0.2799464511896537,,,-1.2521113724804855,-1.455289343121978,,,,,-1.960161580282109,,,,-0.0033879302519866997,,,,,,-5.507162734605799,,,0.2527488000118819,,,-10.011901751982613,,-3.0452652563792975,-0.2914853607742439,-0.017415035803138454
2018-09-30,0.06756577022977917,,,,-0.19797040060224733,,,,,-0.051936520779469635,0.3396370052882184,,,-1.2740298060895636,0.6949397818840514,,,,,-1.2496501387327494,,,,-0.1091324866290983,,,,,,10.94136239614804,,,0.7628288104267349,,,-0.15283256343465645,,0.08253368962138241,-8.570555964286733,0.010200764508900978
2018-10-12,-0.21325862490963285,,,,-0.07147007128276442,,,,,0.025287189288437692,-0.32155826123810183,,,1.214538950723499,-2.072519866676018,,,,,-0.5242552948268603,,,,-0.14417006588510217,,,,,,0.07864982031257661,,,-0.173462677804121,,,8.964128206611313,,0.3430155898220838,-3.9225503941517768,-18.718480108045615
2018-10-19,-0.3720023954612418,,,,-5.600107513544305,,,,,1.5529140183726062,-0.1572568968258095,,,41.60088128570995,1.2772410506351566,,,,,-0.34534866422932053,,,,-0.7003365765361638,,,,,,0.39432202863649535,,,14.409582070945175,,,4.8849675122507685,,22.933747780431403,4.296249823115552,-0.20066502633394181
2018-10-26,3.604304949126849,,,,0.7172590446574025,,,,,0.09877273966721463,13.660430649504265,,,-0.5358756596007388,-1.0866521832531153,,,,,-2.709763558192197,,,,0.6894662022915776,,,,,,-2.1435803736890042,,,-7.034095749000754,,,0.9231721609245631,,-1.5103749432804716,-5.010401147550126,3.6607735712207456
2018-11-02,2.457030517296689,,,,0.6613209375259885,,,,,-0.12047878927769169,-0.7853519580689965,,,0.49354676625354155,0.5085673701634095,,,,,0.24103887495086745,,,,-2.7842991862088664,,,,,,7.7841540248000305,,,-1.3572206531383637,,,-9.882063892935031,,0.8238515476206199,-1.0891249730770634,0.9631434233281442
2018-11-09,0.4197531877727262,,,,-0.11470578691090094,,,,,0.16372130746761476,-2.056786386844566,,,-0.7028308214291715,-2.598768333066503,,,,,-0.23538827367925383,,,,-0.13221279237717098,,,,,,-0.5089215432420232,,,-2.9736886479172475,,,0.41200028570899383,,-3.950509670345121,38.06743793959838,-0.43515904823766555
2018-11-16,-0.8522218395408506,,,,2.644054320628646,,,,,-0.6530631817366749,5.591395270172281,,,0.2607771623964817,-0.3138413492910742,,,,,0.8758817910427568,,,,-1.060510507833292,,,,,,14.115156425618004,,,-0.7211586024240902,,,-11.01945586098139,,-0.15969759903923236,7.138441273813676,0.3563451235645386
2018-11-23,3.6847675910786055,,,,-0.18103255183855554,,,,,0.14893311602255863,10.706469311324621,,,-0.19808968948994668,0.07089950383051863,,,,,16.654617480737503,,,,0.3110497159390748,,,,,,-2.8384895921662077,,,-3.2556433240279015,,,-7.937618123922002,,-0.3245664119519306,-0.19758130199971144,0.3601264776832988
2018-11-30,0.6402813148112543,,,,-0.46669560584619035,,,,,0.3485334620827335,25.761340175013693,,,0.053577685243892635,-16.17659548698157,,,,,2.432382523347842,,,,-0.05545408395141497,,,,,,-0.10846442342411888,,,-7.3588386661893175,,,-23.31570115719563,,-0.20780397638017267,-35.498201688249296,3.921080250940957
2018-12-07,27.24789410760678,,,,-0.03878501641401051,,,,,-0.04068532275432574,13.356512401481472,,,2.144558291011498,-2.2812108206547284,,,,,0.06945771087879364,,,,-0.08064487104593682,,,,,,-0.7312074711660371,,,5.220745711535249,,,7.994998605559706,,-0.6669952129796527,-5.209831414803051,-1.323160315839241
2018-12-14,-14.257099353644385,,,,-0.3142690206927658,,,,,-0.18588355738331008,-1.4271007286303194,,,-1.7596639517217785,-1.6153834739099189,,,,,-0.20625380388663017,,,,-0.013654933402592804,,,,,,-0.14976373238144636,,,-0.27950100280876655,,,30.05762935499087,,21.176488173686806,-6.1191047277333075,0.1537874506370907
2018-12-21,1.5774497959268439,,,,-0.017211743001798327,,,,,0.4277954798242356,-0.7835742298701549,,,-15.895352309568635,1.7445446915646539,,,,,0.08123141061353216,,,,0.21447082418379593,,,,,,1.8447323805586149,,,1.263998766315681,,,-16.617837699031536,,-0.1381693297834461,0.6320717314289386,6.04603961036271
2018-12-28,-0.5639166272807933,,,,-4.540572038564837,,,,,1.1353924283213774,0.8209742886666199,,,-9.05477191116914,-0.008457986011836005,,,,,-0.19271121157436336,,,,5.69543635076227,,,,,,-0.7954039107588462,,,0.011154237423567172,,,1.7824106491320912,,-0.637602823309379,-0.30671807363756143,0.1588453638152848
2019-01-04,0.013920504870912266,,,,-4.693060546440018,,,,,-0.015264046583092933,-9.153120093742551,,,-2.1233431448252835,-33.75515749377227,,,,,-2.856641028652942,,,,-0.1424254282315668,,,,,,-0.8418783295444076,,,0.22820185766397014,,,11.709371694681561,,10.681257466311756,-6.278727676131846,-0.48341604025929497
2019-01-11,-0.5294334946792415,,,,-0.006335828688323147,,,,,-0.1621204832521017,0.10253680320267129,,,-0.3789512597963498,-3.997473620856379,,,,,-0.004434831425855941,,,,-0.23913520272920152,,,,,,-5.879927748975001,,,-4.018312681284709,,,9.75182590969331,,1.9103105595291938,9.279608359790984,2.1016424980789488
2019-01-18,4.863509068796817,,,,-0.09211031005564091,,,,,-0.023818841927649277,22.96746005917833,,,-16.40396245559211,-2.0923188717415853,,,,,0.6881787794137323,,,,0.04538735311279502,,,,,,-0.6902652013313018,,,0.0031383287141159844,,,-2.6485294743912697,,1.9841122612134505,-5.677613050558384,0.4087086905021217
2019-01-25,0.3072342888756725,,,,-0.12367403551521156,,,,,0.6622268673834538,2.64346160014272,,,0.07562995267523781,-37.355156154025394,,,,,0.14103293329644223,,,,-1.3252265749174716,,,,,,0.4773269834361165,,,-15.872653680871666,,,4.596406872129156,,-5.528704919000747,-0.8682978901619869,5.037933549452463
2019-02-01,0.3666757477354472,,,,0.025483947119537192,,,,,-0.036847941070088756,0.1712591244755171,,,0.5173874845744939,-0.5130319088638666,,,,,-0.487009042794879,,,,14.349816379409027,,,,,,-0.8833917933037387,,,-0.3545808453996341,,,16.629425154182837,,-0.5567443105841715,0.9857902377741083,-5.08191190618319
2019-02-15,1.2809045731269237,,,,0.45367470822084194,,,,,-0.3623401956928392,-0.14119047202645188,,,-3.1633184107116055,14.723381412096217,,,,,-0.006696431682157028,,,,-0.07322033931833913,,,,,,-1.1272078535475005,,,-1.8076672431902594,,,-3.9000272512820136,,3.7765865799883027,7.543901957721187,2.1429915487091757
2019-02-22,-0.9411848868333609,,,,-0.012133949213109868,,,,,0.7333815142760053,0.6748613343528123,,,-2.0703309951100755,1.7972746535459985,,,,,-0.7052876459719017,,,,-0.01910223871164512,,,,,,0.7422138664631944,,,-9.210031635557138,,,-13.323513214607948,,-0.38359252182698944,-0.29705970308659424,3.542574746283944
2019-03-01,17.52099644741049,,,,-0.5144507710599171,,,,,-0.6627290013047671,-5.170732214415036,,,-4.707771335939545,-4.252435317258003,,,,,20.127506675012135,,,,-0.7955219195798239,,,,,,-1.4240762761889894,,,-0.8717932905920143,,,1.4332509924104304,,0.8230522115200178,-2.037106873881455,1.5569449331119711
2019-03-08,-1.6084032300987428,,,,-0.009175716060518754,,,,,0.47323766352423446,-10.571428016148523,,,-3.1868132549095,-1.3943374978225844,,,,,-3.5721902670099173,,,,5.201852156121246,,,,,,-2.9182386390642137,,,0.09105505512641918,,,8.275520510108805,,-1.1487072182564706,-2.727701095859869,-0.25252444411315317
2019-03-15,-7.205899203966668,,,,-10.804726329099024,,,,,-0.02727586933457863,2.837145637893491,,,-0.021124542558991155,16.926265521126265,,,,,-0.4519568759420145,,,,-0.008577345007131584,,,,,,9.079571806460022,,,0.8073329441088726,,,20.011910105321114,,-8.41874849848527,1.771013967712576,-0.15250770446123454
2019-03-22,2.5662626490385767,,,,-0.5186882263927468,,,,,7.7900096788803985,4.5905595020983245,,,-0.6399728867943333,5.915652142018128,,,,,0.5124943237626962,,,,1.4239586244741285,,,,,,5.544973690601119,,,-1.7487302955057538,,,-3.2527857500376642,,21.413419132348885,8.249229262350937,1.9572416121720462
2019-03-31,-1.420621691462975,,,,0.6330589890705491,,,,,-4.852673433803362,10.807026620279288,,,-1.1300520126851323,-7.730281266721018,,,,,-0.11031076133340098,,,,-0.12966666056405515,,,,,,-0.24369866640587498,,,2.830704252585158,,,-0.14127460792630253,,-0.04626140618521133,-31.351769224382245,0.9222248734892968
2019-04-04,0.480912020810971,,,,-0.05823369644350382,,,,,-0.13062869096069046,-0.5238677374886644,,,14.830434685038316,-0.3699109954754026,,,,,-2.9736518656971413,,,,0.2095285114701126,,,,,,-0.7323585856057085,,,-0.3803487504802144,,,-2.075851000675219,,1.7144019738800251,0.006143985268862794,-0.9828849296575044
2019-04-12,-5.0701498254842985,,,,-2.1481869497598978,,,,,-3.8783388901495983,0.031958452101867846,,4.32258217987183,-0.12933979788794422,-0.2450818667560832,,,,,-0.05267212098898229,,,,-0.004901478251027255,,,,,,-0.5729278449700004,,,-1.3422362490351054,,,1.619669906095492,,-0.8461985563524956,-8.562167873227043,11.96957262888561
2019-04-19,-8.310470382642258,,,,0.22975525162999033,,,,,0.3021164162620311,3.173994946776906,,5.947262319345655,-2.5301945533941153,24.591281057706706,,,,,-0.48520324363104417,,,,0.8483188043388428,,,,,,-4.9722911246318695,,,-1.2880159127444741,,,6.914843827951476,,-1.4769362499525815,-1.5548417892597106,2.9161713527064874
2019-04-26,-1.2881187600803294,,,,-0.3437707128617199,,,,,-0.5068234871237365,1.2591859735196858,,-0.6420204918274786,-0.29921897992827673,17.194641906254777,,,,,22.30778400177224,,,,-1.0367913550078671,,,,,,0.17302688417946907,,,-1.151427121953593,,,0.2580061720875156,,-1.2326840277763145,25.480248900883957,-0.11599664077313289
2019-04-30,8.287100039649223,,,,-0.37432540813736626,,,,,0.6624866370157758,-19.58092541671638,,-0.7125050698481968,-0.8133022110860784,-0.22238856967950943,,,,,-0.040148736801713145,,,,-0.07458393757113196,,,,,,0.036022032799550796,,,1.619070459663762,,,-7.743316360999626,,-37.97361145038461,-3.915785271535646,-3.2422412684767528
2019-05-10,14.217614755650223,,,,0.12829006479768532,,,,,0.2590116230958019,42.22133285008935,,-0.6904997012124473,-0.3252506913500927,10.920430959176102,,,,,-0.09965156248648611,,,,-16.032426324654633,,,,,,-0.12222247373277155,,,-12.854530463157326,,,-19.10526377839718,,-0.22706395740364382,0.5098399599049364,-18.117563389381047
2019-05-17,-2.7016492385606683,,,,-0.08830614625487827,,,,,1.6904007445284326,-4.099699592748927,,-1.511301780014533,25.77282942794572,-2.5922550040451737,,,,,-0.4901278197369264,,,,-14.682417683605202,,,,,,-0.2618590183295911,,,7.543724720395781,,,-1.9527132835528493,,20.426232830065302,-2.58641195617479,-0.24283851151148678
2019-05-24,0.15496375291642275,,,,-0.06182808099581623,,,,,-0.618542467374719,-4.345201715399044,,4.164706491103188,13.12596827411994,2.0547677141437335,,,,,-0.10969466481581007,,,,-0.28159092011181996,,,,,,-20.189403757787794,,,-0.9577481643445913,,,-3.871372069327377,,1.5376860081359702,-5.09942570868551,-4.878228552725594
2019-05-31,1.299924870130233,,,,-0.13109077350545098,,,,,-0.22161690588844335,1.5509637502431644,,-2.4684634969338806,20.900430125331052,0.30761222933361165,,,,,12.544974394231476,,,,-0.8281812024870203,,,,,,-0.30404334991379484,,,-28.438468017000538,,,15.072298657720856,,-0.010428276204881029,-2.023041919543017,0.6843942029874137
2019-06-06,-0.4148471067340606,,,,-0.05463067218768451,,,,,0.11617072802135009,-3.727800578078197,,4.863583406714092,1.0129038854161427,1.8383114655418136,,,,,-0.0988177482265245,,,,-7.609922431959468,,,,,,0.06535604615218064,,,-3.960700009506997,,,-0.36146209437917987,,1.5612638094314397,-9.613734924492174,0.18051396527617808
2019-06-14,0.8682147950953978,,,,1.6075175947963058,,,,,0.06909033212619539,-4.337595991790889,,1.2071047576676437,1.5510449751691127,1.2969635122428014,,,,,0.23022821592334541,,,,-12.645036785232044,,,,,,-0.17620935645193214,,,-1.503112091669061,,,4.229475229302523,,3.1913459539412505,-0.3391579528694211,0.21816998120726522
2019-06-21,-0.8755272064463038,,,,-0.030926450687382742,,,,,-0.009971198278841697,-3.078123993341024,,-5.632298738514597,-0.6903508021359333,-1.352106722282569,,,,,-0.005384433323732394,,,,-0.2971357615535055,,,,,,10.618170450677338,,,-1.0246344013629773,,,-2.45361430759631,,0.4528216705706975,-2.9664919978804845,-0.13844060366185648
2019-06-30,4.781380201080483,,,,-0.08946087915506273,,,,,0.03198959430734398,-0.6813274973862797,,0.1629335842398006,1.3477989758844906,-20.198132718101945,,,,,-0.13351361733725778,,,,-0.10659936938282513,,,,,,-25.93486264583584,,,-0.4183919284312781,,,-1.6041947797749196,,24.142134298017623,-13.217402661295212,-0.6532860592050173
2019-07-05,-0.28475678229638757,,,,-0.2332309825386863,,,,,0.19474401376559985,-3.1173892368934073,,-8.187166649894865,-2.401304855481075,0.05763682886611411,,,,,-0.040420243698684424,,,,-0.4691956297586051,,,,,,5.558273614899288,,,3.592395955859992,,,-3.4737812936612094,,-0.248459192658409,-5.458246635585499,0.03704482123378895
2019-07-12,-10.98840980488593,,,,-1.0546907350223371,,,,,-0.03491278339223513,-2.5429619500970806,,0.16417639146168805,11.925291141343823,18.64846536334986,,,,,-9.518420203593845,,,,-0.06590229243647606,,,,,,0.09129954002767149,,,-3.7890145009728715,,,-14.22438057654208,,4.009485068731578,-1.7230099409958144,-0.06488432771572084
2019-07-19,-4.810163998459287,,,,1.6968277754004986,,,,,-0.5714522918171998,2.720260240986314,,-4.181656475959128,-5.112979838488159,-0.23809741838091197,,,,,-0.14844471878959373,,,,-0.11689021504800773,,,,,,-0.9981321930814402,,,1.4270251100468732,,,-11.589328478162146,,-13.12765416808141,-1.4611294392393255,-1.638233541347356
2019-07-26,1.5726916354030984,,,,3.18008281662478,,,,,-0.02445478606326415,1.8692454854384815,,1.529657236149709,-0.16677978583675165,-1.4072003587583,,,,,-0.025905551312511314,,,,-4.152343819405955,,,,,,-0.7636050862102919,,,6.1326396549052955,,,4.697070046144939,,-0.3929734711872606,-27.49296838758439,-4.340759666672515
2019-08-02,6.643102676566471,,,,0.03916288144407198,,,,,1.0188058386259362,-0.37290390759146674,,-0.5802229161709334,0.25433887706449154,-2.666067084193724,,,,,-0.02836774684533196,,,,-0.581884429615573,,,,-0.02371002575071067,,-1.3682590961345218,,,-10.096603269823909,,,-2.3255444402441223,,35.87317026757558,-6.87969215414998,-10.018833005411127
2019-08-09,-0.2862029458039573,,,,-0.09928535941370029,,,,,0.4508706509513092,-10.53067950664664,,-2.276569199030149,-1.057434283695625,-1.9578461249256485,,,,,-2.7538151189985864,,,,-0.043941519231269405,,,,-0.17184054897166148,,0.6142487644738095,,,7.812309797371127,,,-0.2731011496231589,,-13.797665240677532,-4.167615823300424,-2.682308064454912
2019-08-16,1.8354857029711094,,,,-0.06606006196183695,,,,,-0.020491586455782,1.7905250348736506,,-3.9050807537493126,0.4614772265112892,1.146678611311563,,,,,-0.00833345600427984,,,,0.11802064896609282,,,,-0.31097475947359093,,0.47966547513084956,,,0.8984803553196201,,,25.8049291009827,,0.5541788304412387,-12.532860372828875,4.329136600777193
2019-08-23,-0.6984073147346002,,,,-5.036239096767103,,,,,13.566559099229623,0.6457794082772232,,-1.309839023520923,-0.3255969716537452,-6.7406661906638545,,,,,0.01660310794658674,,,,0.013997837798572301,,,,-0.059944671602893095,,-0.016386073701333603,,,-0.1274362653660414,,,16.995605869084038,,-0.8231570147669294,-4.615183684181986,0.34599060538805076
2019-08-30,0.19476226858021028,,,,-1.246434965767415,,,,-0.08127373147069243,-0.5658781482084897,-0.41515834297204557,-0.06240451937850912,7.068096749501873,-0.47369308354294626,6.2113826861187,,,,,-0.6623288619119144,,,,0.6154414621663162,,,,-0.0023993195175661727,,-3.241996274722206,,,-2.985624178452757,,,-9.713247766575684,,11.930437290623628,-1.2868070635167443,-0.21760024324391075
2019-09-06,1.499105891521878,,,,-0.06700485551414984,,,,-0.23364358253003395,-7.336774302422593,12.008418008599376,3.095709175163093,-4.46648084326795,19.16621567942129,-1.1374186375816944,,,,,-0.06259391448944895,,,,-0.09389810795948825,,,,8.46194177822416,,5.332408341282251,,,0.4020739518840812,,,-0.6553810813208678,,1.8432251827069597,-0.29470898060437745,1.2458259152885784
2019-09-12,-9.33098520014581,,,,0.6021414172525843,,,,16.097015770546733,16.14773341858069,1.7358810384205523,-0.8054541702986484,-0.4685493057244472,1.506026730017418,-0.7447512370028998,,,,,0.07452340917477399,,,,-0.04979031370128413,,,,-0.08125334620437219,,-0.8956282795794412,,,-0.741865886093685,,,11.017902390220431,,0.15378992418838155,4.278909012695824,-1.6361954844167972
2019-09-20,-0.8745856301711395,,,,-1.9802206725171208,,,,0.004931726747788922,11.029620197207205,-8.531198019835223,-2.1917060679048745,0.26049204041066915,4.249686741843166,32.26265155816027,,,,,-0.08758997662263315,,,,16.985455096743312,,,,-1.24712630957242,,-6.611954278752069,,,-4.888916600752333,,,0.5715660589106287,,3.5529735220328127,-4.9908508955433755,-6.950475429921473
2019-09-27,-6.336636959903574,,,,-0.1316211539348267,,,,0.2835036238573874,1.1537334468723006,3.78449305863108,1.8160538113564235,26.960223104104934,0.9973691814662976,-7.029413696270299,,,,,-0.2776215546796294,,,,3.5172183311583325,,,,-0.02643223583665145,,1.1166792743698069,,,-0.03732635369996809,,,-3.3484953470149375,,2.777318716165176,-1.1976008911645308,0.7331946511395434
2019-09-30,9.533712759540174,,,,-0.3098903088413867,,,,-0.11070399104582514,0.6277827421807185,-13.726933090691317,10.816892387461815,-0.22535553758905993,-4.340604528222803,22.371493991655964,,,,,3.559354551037814,,,,-20.546468384190057,,,,-0.032961435427863374,,6.2811615625716914,,,0.11656014096439343,,,-4.355378952774368,,-1.0818194997611288,-2.125742586214652,0.34137680036164997
2019-10-11,-6.210434947656566,,,,-0.13248350615905244,,,,2.2451978477517485,0.06893551851906851,4.294494068044887,2.855573444082053,9.569701153241043,-1.7716575923779199,2.9537072241564677,,,,,-0.08633916561814259,,,,-0.49593703454014987,,,,0.12032741954759836,,-0.20089233470061738,,,-0.5522825335380247,,,1.0424793817413702,,29.43182277577743,-0.601681973403844,0.019778515920647256
2019-10-18,2.252259224734522,,,,-0.45108990660533155,,,,-0.12685633411954422,0.01467430901302619,-0.5392058632995204,0.04681492162826817,-1.7584400755291565,-0.14347816883037895,0.21152506032015805,,,,,0.011501295467144339,,,,2.4694193263898434,,,,-0.0022507743173266134,,-10.180050010286894,,,0.18100346221534142,,,0.27616157828622656,,0.9056533208975215,-2.875403813457454,7.212731856494557
2019-10-25,21.27623130080769,,,,-3.884561791697437,,,,-0.19203735053114368,0.7363813443482655,1.9537336442197644,0.09170928980675935,11.221900592357205,-0.6649504648194392,-4.716718950594492,,,,,1.002304572204135,,,,-5.21843615599149,,,,0.012765679826636706,,-0.7381336254773466,,,-0.45315594926661784,,,2.1788871209270706,,-1.1504586709502618,0.6881871703363466,8.24796785069176
2019-11-01,0.0790797885474567,,,,0.650736311866132,,,,-0.06423048877349138,0.6045211914680246,-1.246848529503668,1.1836752833497934,-2.8875068025163033,0.4530864812888356,-3.7498220216524745,,,,,-0.04281784403464585,,,,4.950605691274405,,,,-0.5852169686191824,,6.951379340323152,,,-1.4494538588356032,3.6055304745167778,,1.5823341553625963,,-1.6541445724864665,0.4722750839994996,5.457656377290504
2019-11-08,-1.5952224498878955,,,,6.701619434609681,,,,0.2684655372880407,0.07560042463941266,2.1003539269758864,0.35529472410616986,3.954840715576012,-2.694831129893349,-3.080756789029096,,,,,12.222062860051075,,,,-0.24424478431282082,,,,0.039360346457493235,,-0.14143995227677947,,,-2.4288252964883994,6.1587531967183935,,-3.140030448105382,,-3.836353502802808,-0.7537099703226042,31.167569606341807
2019-11-15,-3.4061429998587,,,,0.23918596701757744,,,,-10.419622981998621,0.09867029403705893,-13.655731241054188,-2.768754261023934,-1.8367256682332838,-3.600005370201644,19.360554515520857,,,,,-0.25454627115560946,,,,-0.26869795773128263,,,,-0.017788677459435687,,-2.129153124713967,,,-0.20875178738531064,-1.0523533178931168,,-8.10674916050223,,11.82025268172776,-0.7096957548997269,0.6688629589350814
2019-11-22,0.8098494835472331,,,,0.9629029402178757,,,,0.045775423136575025,-4.245735198347724,-6.019805493905332,-1.8236091396436274,-3.311484309597209,0.49081359506299155,2.7514814969722408,,,,,0.8102927064999292,,,,0.008715488943098176,,,,-0.025177852433831797,,-0.979817845308708,,,3.063342238082612,-0.7196743734048825,-0.10877684114032776,-0.5429093006381394,,-0.4743139394947935,-3.2165662938694237,-0.45771060227525817
2019-11-29,-0.7511885179526239,,,,-2.6679468852660744,,,,0.2873230482527216,0.3498293425605532,-2.525989009292588,-1.569857135962672,1.1429963068609617,10.376324736635972,-4.386450103851812,,,,,0.07191178146743404,,,,-0.16841464604415723,,,,-0.049948551708527376,,0.5280628263961121,,,-10.68646773561032,-0.12595553860424147,-0.8400191364096549,-12.670709997428487,,-0.13393550401242926,-2.2606136017195992,54.924192391898735
2019-12-06,-1.8060365619063754,,,,-0.5303310171601799,,,,0.35662911002554115,-0.11940706942323481,0.598207454013322,2.0839147659542974,-0.45568516041846335,-46.948593294916826,3.9829926636157262,,,,,0.0016019865232749717,,,,1.3703389998914937,,,,-0.037942347669099596,,-0.9171299496931014,,,-12.843535427346476,0.25697738559030914,1.4481403818866456,-20.113516624090202,,7.41335411600997,5.331522838760186,6.349129751400394
2019-12-13,-0.26362923766662816,,,,2.033441017480797,,,,0.6867552718679398,-0.016927377472741922,-5.741443569934202,-0.1070591128320296,-0.5067566308846283,-7.844448893712941,-22.35816353397991,,,,,-0.07770807662636181,,,,-1.222612408314935,,,,0.4377995159129079,,-2.0032925065902245,,,-5.264077181992117,-12.036853762959428,-0.027075694821560914,-2.1812033100758925,,-2.875639460367929,-0.4746351277920794,0.08232788897171109
2019-12-20,-2.530806604154818,,,,-10.722292732768656,,,,0.92774392733779,0.1633686717345985,6.492324216929152,-0.6986028857544322,-6.812844220564162,6.337277671318835,21.240000055156617,,,,,0.0020191527581025284,,,,-2.0091752085283257,,,,1.0768496410114687,,0.4031959318679461,,,5.104780750170594,-0.012957437738880598,0.025049978116943407,-2.4817480655721744,,3.229389767495318,-3.5788024877746163,-8.788062791463956
2019-12-27,-4.511251051555138,,,,-0.0508982752055077,,,,0.3271769430032154,-0.12017428899132297,0.40528628484070117,-0.21067252724104749,0.7309926292389188,-1.194769320852325,7.586570782477373,,,,,-0.6218482729009346,,,,-0.4223189618227328,,,,-0.014068004434280294,,1.0235214093508425,,,-0.6852078538901931,-0.02549594718316154,0.09815274855967024,-0.19785661394302712,,-2.86961049099416,10.605787009279352,5.764299914023542
2020-01-03,-0.4669396146923398,,,,-0.09742971425323439,,,,-0.10691489838946217,0.30427297190909275,0.11692120509490811,-0.899738187001793,0.09303840071533451,-0.49390471043662487,24.298751379931243,,,,,-0.0907553259953155,,,,0.4215876179039686,,,,-0.40657229757416086,,1.676833275550488,,,-5.897529188157411,-0.08491380361825371,1.9696439329314777,0.0019850052400214313,,0.22876817713899444,-2.1985132704178647,-7.381990926811682
2020-01-10,-1.137740393519774,,,,0.027025121531817548,,,,-0.07909862841341347,-0.00020127987888869138,-12.565196919638662,-6.208602460421649,7.8593223169246444,-24.958116429315393,-40.89399498188898,,,,,-0.13097796327163314,,,,0.7569239052953557,,,,-0.241487452542698,,-0.2681519984121412,,,0.46395437834446385,3.575374497266427,1.1322506710319171,11.319429050228155,,0.5288314484682147,0.8855867945469963,-0.19268655904266418
2020-01-17,5.418515738752672,,,,-0.7267025110396865,,,,0.08412830569848863,0.009921442367269856,-3.4544689256266623,-0.32038276069195176,2.8597975471952575,9.24023473642986,7.772494206552076,,,,,-2.7268742947605245,,,,-0.04294574023006499,,,,0.981148482272282,,0.1323556623180398,,,9.248964555274368,0.3152084779765416,4.180832137919719,0.21236438405423352,,-4.721565262914231,8.252839936422966,-20.035264614801218
2020-01-23,-1.6986011266875334,,,,11.290386822941654,,,,0.9612026064096411,0.024296816771267972,5.594622027850311,30.236454387097904,-0.44097193933961415,0.35166080851197756,0.2573894814191571,,,,,-0.0043340757090724776,,,,-0.20599342089236397,,,,0.05349053834093512,,11.49569298038983,,,-1.1471196676362294,0.19423153648970953,0.040540808018374605,-9.316637799201843,,-5.44567370366773,-7.107505514882157,1.2422498184576392
2020-02-07,-11.153599101637672,,,,-0.13396093259961223,,,,-0.05114307509068872,0.016117278015969398,-2.3190899319239286,1.448313623249073,-23.932758317103616,-0.03454955228930993,19.74853800198302,,,,,-2.1282482545052748,,,,0.07066389128224015,,,,-0.6850212412526299,,-0.3991915169540544,,,-47.511241008625476,-5.875978458074094,-0.2664153542404185,-10.059285410191395,,0.4335700762741046,-1.32593454775046,-19.024833741903386
2020-02-14,-0.8546940814758293,,,,-3.723033133933619,,,,-0.07317506376937259,-0.1424553016767916,-19.918984353682276,1.7532369995554684,5.438032425636617,-2.4580062584670133,11.718435305370214,,,,,0.007975414808228942,,,,-3.1699932430874425,,,,0.281230789594175,,28.517416240716788,,,-0.7760220911729578,-21.26108803358929,-0.9740376971776608,0.9090871067216089,,-0.05204517914346107,5.334721891977169,-4.901936546265358
2020-02-21,-22.414166400895805,,,,-0.11076186476836858,,,,0.6789255098899636,-0.006851731827373102,-0.2625320995948074,-40.208544408458835,7.273454600630584,-0.04495282551685967,-8.042518175929336,,,,,-9.601403113519174,,,,0.00981344948004048,,,,0.03627032514396286,,-2.7795681613311682,,,-3.5140698960882863,-2.8247376781403615,4.069165055339789,-7.11647184651193,,0.4032729374794747,-23.993074842288955,0.34702157975966963
2020-02-28,0.06472155191044963,,,,1.0882419142058863,,,,-0.046730349396899254,1.6075707593716784,-1.4473407389406505,-0.6518333259341238,-24.514631201457806,1.3288366797741018,-3.6372881610132195,,,,,12.42035896413616,,,,-0.42735956942873277,,,,-3.805891219246905,,-4.448610268738581,,,-1.601566304754343,-0.7640701442490296,3.4391823185852255,-5.839923749239755,,-10.444924297869715,14.955096726940013,-1.9275080492476908
2020-03-06,-7.99932485327985,,,,-2.3275479632320653,,,,0.7431279403518214,-0.05901253098605846,-9.372915861346797,-0.410162362627546,1.153473626494159,2.158658441782633,-0.21496460259109795,,,,,-0.04778995972718318,,,,-0.24210040612339256,,,,1.280691934024869,,-2.3493798776198127,,,-0.917254543872451,-0.5710543730036975,-0.3581836794861871,-4.115631075526608,,8.360617152258921,0.855681338567285,-52.48555733028799
2020-03-13,-8.46433720009303,,,,-0.009559418471543214,,,,0.003217297764479359,0.11995044532643684,-2.104857246213068,-11.572320357240704,-2.247083970364741,4.705107116636186,5.87465262455077,,,1.3716777923313817,,5.694431777155743,,,,-0.061456641848456325,,,,-2.067846844311876,,-4.292836377107988,,,-0.12134490344005544,0.7428269120250974,-0.12559252301527576,-8.221585413741073,,-0.6798892536075511,5.692191688340635,-2.036258329570205
2020-03-20,3.9239583509149076,,,,-1.5362508787490055,,,,13.02689415951786,0.5713230699319141,2.707447112742688,2.1075101952897692,48.38760794595444,-3.4527945873657684,-6.822964015062758,,,0.028331969702741627,,-0.2184765313708933,,,,-0.4224318114064586,,,,-0.23352382514271663,,-0.07556591472562964,,,-0.11920866825909976,-0.1072574779558983,-0.37565076188819013,-7.8748589535324,,1.538885377890737,-2.9076550114831683,1.0234560650120157
2020-03-27,-11.666823581924689,,,,-1.05790702763447,,,,0.884732687149715,-0.032747593790471013,2.5927158548066176,0.0004314677464792027,-0.04085181615453908,-0.8273919958431714,1.425593679646882,,,-6.789666096665655,,3.3085386186418893,,,,-8.057132970897044,,,,1.0456194190021104,,1.1653377411437786,,,-0.8930882496670125,0.25333827278758325,0.38886657222399296,-5.6475133895099034,,3.1182169231313503,-2.267818361804444,-1.2391801449291906
2020-04-03,-0.8719398571027042,,,,0.42375801654804746,,,,0.4333736111561691,-0.015820923993376312,0.6533114775853844,8.345951985635201,-8.430093475147682,-0.6986174182096152,25.585546801986055,,,-7.393804292959353,,0.28220389174543936,,,,4.200560603909392,,,,0.01552277788211888,,-2.175802532169826,,,0.21775199381933233,0.3985927226240454,-4.220162889748542,-3.769860760810666,,3.314665090195197,11.433123867588213,-1.1643934774401696
2020-04-10,7.005606835090924,-0.2658628045025492,,,-0.8347487367800791,,,,-2.0828205087387364,-0.28354015663560705,1.061816517389963,6.095279274514335,-0.16719255738683916,-12.554788921245068,-2.2430843609454794,,,-0.16570119790171384,,0.9259083575511339,,,,0.45536328858786207,,,,0.34050387623668305,,-0.33978467322827766,,,-4.755022160645685,-0.007772009048098827,-1.6785604013465736,-0.32238399392937933,,-0.14704654185605104,-3.325928971369408,2.215376656931617
2020-04-17,-18.633588028479522,5.759363898277459,,,-1.2044013940366936,,,,0.015727001290403955,-4.555248177776046,14.716963112154689,-5.863966541026629,-4.967708094135945,1.101720674069914,-3.1771392339457307,,,2.7114369891373267,,-0.21568970056528408,,,,0.5502147238445539,,,,-0.3248021099752477,,-9.226864737184096,,,9.451402736666255,-0.11319895610224676,-1.2977246523602521,3.574272600307679,,-6.20059854211528,-10.261418793277803,0.06655608769927886
2020-04-24,0.5177868706056322,-1.5721602504265382,,,-1.4579013426020084,,,,1.4586385534723691,-0.007206361583330732,-2.2053161812004847,-2.6700907169464383,-2.642906335216435,-1.5057764188612648,3.3400737610907907,,,0.5735273883569342,,-0.7923374841401478,-1.8769697236153307,,,-0.6019883147025284,,,,-0.0023157973332372473,,-0.34117860187073545,,,-11.370760454980907,0.14770485784643464,-0.882936883436976,31.227495488863912,,-36.10958126856439,14.640194007236158,-6.757166390554843
2020-04-30,-64.10706117265124,0.7081402353281975,,,3.700690697115554,,,,0.09943636626092077,0.045973838925193924,5.171054665692957,0.21435077749713352,-0.40107042824724515,-0.09837958824589077,-15.963330035174884,,,-1.5305710165799087,,0.5357584930600205,-0.20062788608855062,,,0.07629345115999128,,,,0.045247077341922765,,-3.094921389879505,,,-9.520522309875801,-0.09305829989057032,-4.869986930439584,-0.8370439755774588,,-1.283067479001536,-1.4653046476434952,-0.818992969089646
2020-05-08,2.0627572679510733,-13.373860211170253,,,-18.531233581642752,,,,-3.00691756954146,0.13433399194960643,3.412927169069323,-6.969904694531083,-0.8851905465459947,-0.008959051627844133,-0.2714011465973224,,,-1.8083553904881842,,0.2136781132375637,0.1903796194707001,,,0.17525494481794068,,,,1.9103839619378373,,-0.37309906609607985,,,1.562358113972007,-0.0771062823208381,9.624674439188398,-0.1907759193231675,,-18.091908092427882,20.317929107586377,0.15766348613018988
2020-05-15,20.640541790689348,-3.8548767746387473,,,-0.10086352827343081,,,,0.31172338833444435,-1.8575398823456863,-0.5161151481597863,-37.58071467562515,-0.20670720475274057,-31.140890158224746,-29.182584036001575,,,0.2978348126546979,,0.35065990154596094,0.09198216689786619,,,2.9296616850304353,,,,0.09929288855983673,,-2.891422813789223,,,-17.22947876462631,-0.25355290508085015,-9.062578945257526,2.881082459733599,2.5327942316444343,29.89838824120193,7.294076435174699,23.476719559193345
2020-05-22,1.4593575674930028,-8.00358553348375,,,0.4755781447848634,,,,-0.010940337460629699,-0.10618624170794119,-9.958131958117825,-15.642442831643368,4.523410827819653,-0.6740682294818969,-4.283599404719973,,,-2.4498260296520122,,0.131023725696153,3.4183192882436337,,,-0.35439081850944265,,,,-0.07040927684743803,,5.144472650092921,,,4.2842565778497255,-0.084011294926804,20.985269826162657,-2.4211775417108776,2.3638127490842047,4.424369456085623,-2.873749068530442,36.8308549322591
2020-05-29,-0.6851094851540901,0.9211116634477092,,,-0.208490384660088,,,,1.0315037243498344,0.154325600779521,-0.06362750937307012,9.331626702297374,11.103209825190419,33.71945277743645,-5.950929687969646,,,3.1441914452196658,1.3662605928260105,-1.8366641562234636,0.061219824246522364,,,-3.155386096518558,,,,0.03488942603773811,,0.33988233021680125,,,-2.24321914066539,0.1427082962627646,-0.29855667014964515,6.542513306677346,2.2764982315656557,-1.3335184691486552,-2.590192010423346,-17.396908181671833
2020-06-05,0.98669895966885,-0.11739853431870739,,,-0.31313374807858174,,,,-0.47430279282237986,0.05073713569920245,7.436568639626049,19.642998818562294,-2.5740342905386737,-2.6998337148421316,-36.24059790546117,,,8.637192995179323,-2.5109193370986342,-1.4989421148539663,-6.8768648629399305,,,-0.1375001169023867,,,,-0.13644662541306124,,-2.0136929151611414,,,-0.3882567676816193,-7.003116726964491,-0.5971697594391626,2.915949557109644,-4.852819499145008,-1.0467775998798277,-5.981758801562806,0.5745784006039073
2020-06-12,1.3980822903034753,-0.9593879575819511,,,0.8132201199423517,,,,5.152966570105731,1.8169630610100473,0.33601581772652434,-37.192459589454465,-3.9438492180735363,-0.36823865637238284,8.311688040748395,,,-2.6859853230240307,-0.29998909427122983,0.09889319928163598,5.483962616042863,,,-1.4587674585065447,,,,-0.261999862405033,,0.37067077776706464,,,3.122531799740502,42.22843164646554,-0.19542417773639853,25.3205575827906,1.1635166018390577,9.63049216388545,22.072225448527075,5.578172547744448
2020-06-19,0.7761090869848786,-19.40095451538717,,,-0.29998089796748023,,,,-0.005759266059980783,-11.39348108723684,29.475156524103376,-0.7271769360980335,-0.9063378820254363,-11.940511385508112,-3.531270398526603,,,-7.84489698611214,0.038484299773795125,2.9628726716897926,-0.7299830817129659,,,-0.4056402922491326,,,,-0.039450543385411235,,2.471355975158017,,,1.3422255875218903,-0.2419757116709535,-1.2675331880898253,1.9718887808307266,0.23312738805953231,0.2525224815290866,0.9792917237529124,0.9288194742728615
2020-06-24,35.317411248858065,-0.24618503123117247,,,-0.03801991333934544,,,,-0.1788701417705998,-0.16315153034853863,11.622385528198647,-3.8360276215431104,4.6635700910843045,0.5104557634796187,14.003157645812307,,,-0.172545616251994,-0.0009043267366640323,-16.277943505182765,-14.33159971531454,,,-0.9455987723559233,,,,0.07603468635267341,,-0.4451150782152768,,,20.12557502196869,-0.9903466961307568,2.4025460768383575,-26.2558136167721,0.02452311268923324,-0.6771182206666555,-6.032393865901445,-0.43749598143183654
2020-07-03,-8.425245690638778,4.410865633660132,,,-19.616947016447938,,,,-0.04378369213631221,-9.445780954362645,-13.191731923474393,1.023640457037334,-20.24015056767102,6.7498030608256,9.211720424390716,,,-1.4430300493434043,4.756379960513959,6.665876004216339,8.753073618554858,,,-4.4529020530691765,,,,0.053684650279470836,,-0.6691494544652339,,,1.7228438707169385,0.269310949169337,1.2762582459429708,-11.411611825018287,-0.13925719938046527,-0.5600596304468205,-2.556433429816666,-0.5348938869355724
2020-07-10,-7.965418152259412,-1.3292665747735979,,,-14.775515956195965,,,,-2.57092922750325,-0.297730162903278,-5.3025473501283,-17.238084817053405,-7.397817797411113,0.17853327331993002,18.027153458797265,,,-1.9221510390200487,-0.060555405380808225,2.6225328547907476,-6.876633953283214,,,-0.8806105632109826,,,,3.6057323087409543,,-0.35642316396747753,,,-11.238192434954955,0.017455351273778133,-1.2730438766343937,-4.241149977735235,-12.257275985165252,8.495501592035868,25.506514067189244,12.205490070430194
2020-07-17,-11.309456601723308,0.9163961954413585,,,-7.632406538774304,,,,-0.8367533065868409,-0.9904231004529033,13.034747460817233,-14.079020897048789,-7.249444127179077,0.01679991402738333,-6.991787330514456,,,-4.074139840142903,-0.08052731172460335,-0.02992902585211807,-3.7845586176934654,,,-0.027777605291440802,,,,-6.796916825993746,,-3.0746511329629653,,,24.23983000991374,14.022650157810501,-0.1261302769489326,-0.41319121281680604,-0.5809787773615025,1.128911967045309,-1.5107772734893765,5.635581812752393
2020-07-24,-7.3132315408570765,-3.055400104876017,,,-10.314232178993162,,,,0.2961121211782485,-3.8698865437343732,21.969365206369122,2.6995888869468816,29.44546224581012,17.966958041585116,-14.79129602467618,,,-7.175541645309185,0.34376460704511025,0.143444762287119,2.204974779237565,,,-1.481133990582158,,,,0.05919934724720377,,0.14255785578656477,,,-9.225404720781896,0.7686992070969316,-90.33009054093773,21.9124829016191,-0.47823486048058717,-21.67773003371205,-10.037988967275542,0.5488758755838545
2020-07-31,-4.401838919246098,-1.3107089391326567,,,-45.09745840830478,,,,3.220191332036769,-0.005676034578026252,1.9010745526734105,-3.2324585586695243,0.3739302372791282,-0.42051297919106334,-5.331024040202354,,,-0.9324096084449713,-2.487115531725801,1.8079346567010954,-3.060630011029578,,,-0.07201761299686603,,,,-0.059170569388878644,,3.60400698945737,,,-2.381340560246163,-0.07316383426212335,-5.501718431797329,0.3263591638192076,3.8280533371439156,1.9967354370953436,-0.8305457390007289,2.06844000487568
2020-08-07,-14.586080792431934,0.5005160423111535,,,-22.25749853204757,,,,1.2212006233598054,1.0286322371851295,0.46051946205055216,-5.4860045186496835,0.1508401496349252,0.7320790425473075,4.0380379531509405,,,0.5472830589324649,-0.017415859118788853,0.4273237490463567,-1.5176209097410764,,,-0.14335245131448687,,,,0.048178539588386124,,-1.2509534003301994,,,3.4447067842712404,1.7391280443568016,-7.772489186656654,2.2744182529078967,-5.787774303432467,-4.016054719271647,-12.460757950893319,-1.0517829857028809
2020-08-14,13.083736673322218,-0.9273803081063625,,,-1.0889919769381822,,,,15.238266837175175,-0.031026936348553007,9.353580623304882,-0.4025921665835332,6.478773943441144,2.080222660037172,-23.3630397278861,,,-17.86873233594313,-1.5125569312337377,-0.9467755782047176,-1.7810866848557318,,,-0.08199246678439663,,,,-10.266628577934874,,-10.002109374938717,,,-1.1024061649026193,-0.6779934282392029,-3.3336939899464753,0.9045805042019999,0.33492304214682744,11.265726130240573,2.123424234445819,-0.29764538838515936
2020-08-21,-2.0780210435085698,-0.12681217996762104,,,-19.347601567836975,,,,0.5124066466176035,-1.0439595456631363,11.840277673954523,-5.962244272685841,-0.9451548766925788,0.01859623206103811,37.45238897520767,,,0.6990615342774001,0.0014718347380329446,-6.739050392618933,-16.244447403655215,,,-0.21296545261631383,,,,-0.2892008182399485,,-0.023472343128144613,,,-0.6605357958776087,1.9419329557968463,-4.76808569018613,-3.131474134816212,2.6483992792701168,0.1443981173919392,9.917768925348906,3.377129220064501
2020-08-28,-2.179869502090185,-9.518614679248993,,,-1.6670618576790144,,,,0.01954068954763975,0.5318886897980207,-1.2973791149880494,-71.29419535816037,0.49176102626534735,0.5373271426863389,0.7628298572911719,,,0.8420671885907709,0.029218580607157325,-2.9707049569571815,-3.468980525575456,,,-2.6764860314472503,,,,-0.33126680360633415,,6.295842241583045,,,-15.235500393409154,-6.602314755234494,0.02071545023692374,-3.146373415801479,0.20098832016040477,5.6201769640258235,2.861984429262731,0.3717490030986149
2020-09-04,-34.40629488877686,-4.350164605699491,,,-4.412010571741888,,,,-0.0624933832581938,-0.42987092997310367,8.72633186718538,-27.780056840557474,2.885926739113034,-10.674932447593031,39.18787532368017,,,0.14962196152164325,-0.00010403461934734015,2.135623457842563,2.8127403347040176,,,-0.5591088590678984,,,,-0.07279036136455733,,-14.183108984470397,,,-0.9017128034833319,-2.0022302937744616,0.4884880865924366,2.9099925283584067,-0.08019265605543507,-8.555127413075818,-2.788827457195821,-4.6420658493952445
2020-09-11,-3.3254774176351742,0.16010537144746362,,,1.4937425310692494,,,,0.6280156905381894,3.0846733902894017,10.410645087607621,-22.34266054676383,0.28157374779074557,-1.269212429049964,3.497666740300062,,,10.064707270127254,-0.1654537372104938,-4.493435487160945,-35.72209876150695,,,-0.3008862076506358,,,,-0.11303865667282248,,-5.451445500366,,,0.22635716302088377,2.0723268410710003,-3.1599349611806233,-0.7084848264239372,0.8209288102634641,-3.8936919879037446,11.733666369854944,-0.16230521489311417
2020-09-18,44.06749097592924,0.3445096378615099,,,-30.536831170477164,,,,-1.4783364761290734,0.12652557854939211,5.324354066250619,-1.0830886946418488,-7.241603824734349,-1.6204961184424487,0.7221284242721507,,,1.3970454477601555,-0.2382427844674883,-3.251978221399807,-2.6820390811112853,,,-0.3539671788021411,,,,-1.2402998159104373,,-0.8754797120238739,,,0.10240544113762262,-0.19414434185727847,-3.2195511306160114,-11.81344577789407,1.1901970795770391,-21.96211738876783,13.720584310340087,7.86066866546157
2020-09-25,-2.2671425616499095,-6.020931532105297,,,-7.097399067672902,,,,0.5263928459923528,0.0816190128629826,6.263261130529086,-0.7554455799454226,3.1281977601062296,-0.6118267757359326,2.4031377684626536,,,9.71419094286123,-1.0432536003476023,-0.4744527016279385,-5.8078481490966904,,,-0.005041080732624657,,,,0.1629980741382429,,-1.0159823897628444,,,23.587867107288993,-15.05402624145515,3.2094195663824427,-0.9948885044592781,0.04973065164594592,-31.050393754695328,19.09671840066726,8.661667373789971
2020-09-30,-0.5009698683291608,5.732940404327383,,,-8.788961755515393,,,,-0.09995696013090334,-0.8017707347456542,5.2228463965348215,35.32955061737027,-1.1615410210577206,-0.3602586210352899,5.3578586556533585,,,3.2914200774842004,-0.0034523091985574073,-2.309183616940481,-0.33734807524345817,,,-0.35783084056520986,,,,0.6728539180465872,,-2.2880037888225235,,,5.776457745845573,3.366068010646935,0.6321261069800769,9.313347505981476,5.464682015868082,36.780531179889635,-0.30163477571119085,1.9953618120538776
2020-10-09,9.933601407247224,-4.656329051310205,,,-4.963161416905587,,,,-0.31634416247021535,-0.08903731552101687,27.861209167350403,-54.56190836332438,-1.687466123562777,-0.23425848268597943,-1.3156856797780456,,,3.432245244905645,35.86611382083533,31.89174247834862,-0.663614098226771,,,-0.2599612149889892,,,,0.1682540301055801,,-0.31557544745276134,,,-2.860965781514106,-0.8780735883740943,-1.9203329713566542,-5.964507767416533,-0.10737878118700131,-1.3720539570477375,-8.008763315433512,-5.724113532547301
2020-10-16,0.05773441578238886,-10.882571193017837,,,-4.535318796742655,,,,0.34466499876842094,27.128742091329773,-0.3936082427275258,52.22380654748138,2.251577424466785,-0.7962684579891761,6.103185726010648,,,-0.9175855188544539,6.4156485611689025,-0.06072907125921261,-18.94842513185912,,,1.098414415972286,,,,0.1526328212780586,,0.9977891172390898,,,-3.4223654515922224,0.09532717572306837,-1.4847053382124948,0.5538277165348744,7.634636667905997,0.0642288890379123,10.464155519308054,-0.6502104973435412
2020-10-23,-1.0067116925554374,-1.6387241101152592,,,55.32643780710745,,,,-0.08059611198530872,0.026525122133692812,5.06975281386705,-10.569805520688117,-0.9784531913153423,-1.0803177917168596,-9.37742341149656,,,0.5306430851319013,-0.0374886769380907,-6.620258380243636,-4.18870239738092,,,-0.01695695176965014,,,,0.02774136809700118,,-4.1022870109087135,,,-0.5578021966930479,-1.7147394441957329,1.135830734524472,-12.603834516142143,-0.5428189708144893,16.6731108644264,-0.005093366639271783,-5.487402706463243
2020-10-30,5.449351849354149,-1.3560188895128382,,,-0.23518890569769307,,,,-21.92892890549753,-0.24650507946640626,-1.8006545660846576,-3.050355349177688,34.34534586014288,4.120433399346679,12.675405053272748,,,-1.379093884331302,0.05073566937021279,8.041530102299145,-1.3391937066482156,,,-0.04873912627590269,,,,0.06384157556563122,,-12.952876178995325,,,3.7211706934890243,1.2287523344247957,-2.8117981286551816,-0.21234795734068743,0.7752425105536813,16.219092723951878,-4.389685130349449,0.04078638500689974
2020-11-06,-3.336846309595198,31.548373472233376,,,-0.07571561456639561,,,,1.0863793667198691,0.4873784487830988,-4.68396314492435,15.787294763898876,0.2743471901528076,0.054055210539608545,4.125013787639467,,,-0.17237356118415434,1.7507136465995514,0.059222646235689014,-0.4816121063302894,,,-0.07040754383145478,,,,-0.0032041472663375137,,-2.036917798022076,,,-3.617470894970004,1.0218778813046598,1.1399063155068205,-1.9466422843205742,-7.418400041941214,1.492105706802816,23.022272788184665,-1.5750735873770731
2020-11-13,2.6305458770469867,-3.254033691228536,,,-8.341155545083543,,,,-0.05780112599090929,6.6696488344602125,-11.791944496270874,-1.8914132324976705,0.5298387579529031,-0.8510011860492184,-4.221609325933339,,,14.195016517164182,0.050792458481924985,1.6655653111338167,-3.0199812376504873,,,-0.02043180363907778,,,,-0.04054045438630221,,9.477471610323999,,,-1.5405385941554637,-0.5120591236723739,1.3461200977607843,-2.1972885699649973,-0.03883380408903098,14.62386601717723,1.9253962462355063,0.9580234187294367
2020-11-20,-4.368627998326393,-2.8380658576638758,,,0.2112481249856158,,,,0.4749555117784018,-1.2636275675167854,2.119229390536676,3.878158279270158,-0.2887469224236066,-0.09735831747234824,14.992151307092556,,,-0.6101078622833489,0.029152636364580268,-0.18644708341797026,-2.216983461123355,,,-0.8178027480781067,,,,-0.16500743367662923,,-0.35697665032333037,,,-1.685182204265327,-19.502210405838788,-39.03996666358123,-17.531761954355094,0.08842204353942369,-22.7704719456152,-9.687593812377473,-3.847909627109117
2020-11-27,-2.6331105553906173,-3.2035839407215034,,,56.072572876084884,,,,0.05763279208932923,0.20066877202377942,-1.3259265168879493,-0.06336585221559857,4.142946340454658,-0.05163491946168135,6.695775013525008,,,-3.040118854928554,11.705880925781852,-0.034482355515930416,-4.802395730266683,,,2.798379868322914,,,,5.152344043760211,,-10.802305722158717,,,-23.01125048589165,-2.210853017409581,-11.000650458131151,5.204290671594859,-0.19954819881975167,0.7741459501379889,14.07631795214892,0.26226170791527803
2020-12-04,2.8066810656380174,0.1796664346692868,,,1.7508650785035544,,,,1.5027614901260415,0.16643723574774716,2.031828417370297,-1.9082766004303073,-1.2950756262056713,-0.7215172615248716,-7.403515168379688,,,4.384701197708437,0.036993604619963184,-0.49452341320136517,0.9267294515264282,,,19.763946893270912,,,,6.878643178641962,,-5.903293354687171,,,-13.536891440502627,-6.435240159203014,-0.7216667038198555,11.754854240305463,1.1001787635990865,2.3924918984552264,-24.56107272897147,0.13787392378422336
2020-12-11,2.2698901818191684,-0.18968435709921636,,,-5.7398954900551935,,,,-0.001342365281497837,-1.0476723287071639,-3.5911045276814564,14.357413285352946,-0.5506106898568882,-7.9283323020708965,5.355009499151048,,,-0.0010799091058243948,-0.07741252759926245,1.847245029368126,-30.73683368027481,,,-0.067221659095059,,,,-0.02919466362435682,,-16.565413911109765,,,-7.499793375506347,0.01103407469170134,-11.156921411661038,-18.33286988867446,7.915018157148517,0.5112270976631983,-8.33237633330624,-2.6543441915803805
2020-12-18,7.852232301434407,0.3433582983905066,,,0.05007619258323223,,,,-0.5260602757498312,0.5843109297072492,-1.3219348197268666,24.448492368224628,-0.3367936391615951,0.1566875394475751,31.52454061055903,,,15.871490255099456,-0.25169947888876226,0.8912712878874519,17.99136044808338,,,0.24247295057674223,,,,6.751806450768175,,0.4893299929179974,,,-8.746928504959655,-0.4834503366999725,-20.790051738002504,15.538998824642507,-1.717961445115984,5.853034663985907,-2.7322335355820524,-8.129575879508968
2020-12-25,-0.4673005369229486,-2.533004348853213,,,-3.8356952613682678,,,,14.033374510646235,0.7877494131895681,-7.301710963664336,5.492306755289968,-0.3718085381704118,-2.4286281148665223,1.317403270436503,,,-0.8224817192192734,-1.2109974362047808,0.607310110886015,59.1838816740161,,,-1.826729123804743,,,,0.12063954618465404,,-0.5732298635890777,,,-0.2177434538646012,-7.358927071877375,0.0534691638543065,7.321171794516758,-0.36134970503848474,-8.4193230542612,-3.1161625786865974,1.7205471755147563
2020-12-31,-15.42831460382335,-0.1453350041884479,,,29.326680841593237,,,,-0.040297896818930846,-1.3501066964076531,-0.5463758254736895,26.823844774733857,-0.5823858740167653,3.538524212658406,-4.805359031674234,,,0.8122376587444884,-0.04061105238247569,0.005418682080088041,-9.486616655530502,,,-0.06321097523889954,,,,1.1328486292741675,,-10.225345885087314,,,0.4796615136446413,0.336663951125588,-2.7913532219116064,-4.950201225896231,0.49415650978754755,12.73483607239527,-24.815336300820977,0.541583241319572
2021-01-08,-6.513473579025232,-4.864969793251695,,,10.530294428744565,,,,-0.010286903192396004,-0.9201266485406859,-1.284919270108622,5.641825835615878,-2.8325887333247275,-0.11715069169810455,3.1062536590011636,,,10.774012292354818,-0.6920654128978191,-6.640307640490322,-3.179669601330625,,,-0.19710749425992208,,,,-0.05677570822793512,,-0.7968365258379213,,,-0.9040212869514379,-0.2145889897562985,1.4724904037318147,0.3343752630353913,-0.24167148466290217,-0.8373538785688586,11.554602314531552,0.7366149591582383
2021-01-15,-4.703730606021326,-1.6310045632916246,,,-2.1836789011926303,,,,0.21137998351349785,-0.21418649814305074,-0.216697388736813,-0.018774190227930088,6.420164480207998,-4.313357590243125,-4.454904661749884,,,0.94090032738894,1.2853586166211772,6.467459767030655,-7.8174317320392355,,,-1.2202697726414917,,,,-0.0042757876267720644,,0.8666116995204268,,,-0.9295487931816094,-2.354243959403915,-34.62003500895192,-5.1883002826245015,0.07270742028235719,-0.6336515401410057,-0.6398918020747746,-0.7810794740240324
2021-01-22,-16.063588649555037,2.978048397489769,,,-3.692609768497528,,,,-0.26859455922098036,0.387743721263538,1.38245397406664,-19.363336376133763,0.029353526909988936,18.717166924457707,-10.09358833645406,,,0.2964144425439682,1.6580509217765758,-1.3988072243285354,-3.3599234543586443,,,0.016457949633968964,,,,-0.1329802530859253,,15.384514826114376,,,-9.28785534331484,1.2732295915912766,-3.13507736497407,-1.6473851365350092,34.4361530089956,5.361992303192655,-0.8306475386283979,15.260966568645728
2021-01-29,1.8360516778359424,-3.9348545661676195,,,-1.8259474348954776,,,,-0.03322821957865291,-6.85807976597159,9.677019762689302,1.8184750240684018,0.14976093820466618,-0.2059172917688872,5.566323266619898,,,-0.14240310480212215,-1.5803697389787463,8.675060123444633,-24.26465848596822,,,16.465832892875227,,,,0.30966366452209954,,-5.060138528381351,,,1.2021986677293608,9.966124629515413,-10.4734831959413,0.197118798321576,1.2097561517549025,17.61464998553892,14.493856964670089,-0.8079867013488097
2021-02-05,-11.94799285927153,1.9237754310547668,,,-35.96184790249014,,,,-11.633889760575604,1.071872893275863,1.481939513832985,41.88418855153434,-0.6369121480001456,-1.0333714547100308,11.336853727387727,,,-0.5444558162168154,-0.036697627097915034,-0.42155099861763534,1.6863711894769389,,,0.524518521909346,,,,-21.58071255433929,,-0.27041595954637176,,,-0.5409583291059915,10.626508789821461,1.0817853185796422,-13.636857082563875,-0.2853574862711669,3.6600917015869885,17.344477849191186,1.7390533504104857
2021-02-10,-34.24036572541393,0.5717505920198396,,,-0.7686658183756279,,,,-4.8587885823310195,0.19907974325035505,0.6328332040895068,2.07694245346031,1.1131980162573119,0.6643117366965384,2.2378636658713313,,,-0.19576780522786752,0.006115854602157852,1.1613191209006541,-3.318700746947995,,,5.709786709693576,,,,-1.4866729424683247,,-1.700866495251558,,,0.19303646810114006,-0.5715000377552927,-11.73814027879396,1.8753086794729126,-0.07913001607397385,1.1995591341534446,-0.4978960178073626,-12.211276197201407
2021-02-19,-19.727567075785828,-19.126977541539638,,,-18.13736661670703,,,,-0.12882686266399265,-8.685496621712193,4.036521542054371,-28.10716423618517,-12.814017991375165,-0.4328898674060263,2.5138673339322555,,,-1.1220091021570235,-2.21916152906964,-0.5655296458932682,-15.2030423693569,,,0.033594475090136064,,,,-0.8681369600906735,,-0.7211940084737982,,,5.292448053426431,4.563156480138348,-5.132812149348836,-3.606855041981288,0.234503486218377,23.185895422503986,-5.665004962278624,-1.5402411415881498
2021-02-26,3.0666952832200827,-0.45122082030975463,,,-0.8816877675623602,,,,0.22400655450529136,0.11633523280209357,-32.881769790521915,-7.280236912585464,1.194588628753063,-0.09227458433492791,13.029078357914381,,,-13.599842069809325,-0.09093971148889304,-0.0797768029875355,-5.080954043184816,,,-11.669116646337919,,,,0.4927508222497205,,-0.49190544186789736,,,-0.3007829553247898,-0.9054612326039494,-0.23718003465193915,-6.387185588697749,0.027813132190694156,1.2876199101569035,-6.856909024225177,3.331497947644677
2021-03-05,7.293420893590373,-0.5764123671675736,,,6.559296123966589,-0.01611151194897037,,2.210088405319587,-1.487005447176163,-4.14887202274666,-4.403887890444852,1.1009023814382735,1.1382065920316848,3.38417409514762,1.7307565026581972,,,-1.580644853630416,4.939184443000502,4.484618445356241,-1.372132332032211,,,0.028240365724475656,,,,-0.1175700575263027,,-0.19142064644846482,,,-10.438904861351435,10.685636674979568,0.566279669303613,0.21797245765282258,2.325228695270619,-0.8967558429452789,5.393120306978322,1.6870589511448106
2021-03-12,-3.1511420181366177,0.6025443240895776,,,10.881230955291114,-0.06388826229357257,,1.1738092686158976,-0.04277547542658424,-1.5170202454132937,-17.61259324392529,-4.092010659719387,3.1442697051883237,-8.876378354283771,3.8189216207910714,,,0.3248946788173263,-11.959082240366149,-3.1649051810548077,-0.3573717221488809,,,-0.08307424417549938,,,,0.5177619739255871,,-10.940346118708973,,,-4.314690139819449,0.1998611513500559,2.102261616505783,-0.9502098663566914,-4.842097961229241,-0.008611164601192045,-20.832155281879764,1.0729075306702678
2021-03-19,-1.6724400740304108,-2.880163775679555,,,-1.4124811857632078,-0.023471805360198984,,26.26655565139243,0.06709288594266967,-0.10280120182493181,0.6555523434394221,15.80373595436762,0.24796489816771217,-0.7795142452019215,-0.05368453724597175,,,0.10999765420461795,0.08634982922367895,-0.44524153701251495,-3.257847119969319,,,-0.10888403125623936,,,,0.3220138819920013,,1.5657585188525815,,,-0.47180809233376375,1.279598758434901,-11.81771792067521,-0.8371002570427679,-0.21764977772443977,-3.045618181404136,-9.283942532320244,0.1803237436860065
2021-03-26,7.493607174070397,1.4106497114145982,,,-1.4672603021948492,-6.339334574344354,,0.16566428505746522,0.8334521793350763,0.5815917767405723,1.444114602700439,1.7241105578325495,0.17332566310932282,-2.4944719709827265,-1.262174913583414,,,-0.7399228413005164,0.03932134982755193,1.1529291335680618,1.1794956901176183,,,-0.08375295690688717,,,,18.09450307075285,,2.387628911089479,,,-0.8413255596011496,-0.8111392499348302,-10.592152885989798,-3.281679851368175,-6.227810424679065,-0.18362033322640964,-12.57736455400797,2.0539261196747334
2021-04-02,-54.788280370112986,0.31317911748529803,,,-2.9817994704679998,0.3022535639677347,,-109.89272769520639,57.462160639356526,4.694420958318985,-3.832584159534859,-39.53076038904194,1.9726410256827,-14.474575954225404,-21.04504724352488,,,0.15459726554733982,-0.28335746354342206,-0.18747093545042906,-4.403707775863547,,,-0.23024180062093014,,,,0.010538870328536544,,9.686624811634594,,,1.998470133094333,-0.21337678019850093,-0.3796498831620408,30.669224250496512,-0.5328866798370863,-36.590227237954494,-4.014812445199914,8.807572808091045
2021-04-09,2.470244833573031,2.7351716749455783,,,-1.2477692170547492,-0.09746357182701358,,12.731103848280734,2.9004737822248687,-0.3163622765266583,-21.417196984120505,19.8778230032127,-1.0331478315486449,1.25237169575659,1.3261128712010217,,,-1.5595800268799458,-1.4393233255235116,-1.8051798180791614,-5.1357098113366675,,,-0.14291152145492092,,,,0.16879077004062573,,-1.278467297595772,,,0.21914379110364798,11.603039981088038,-1.6648175953302542,0.5118806866011125,-0.07128729778571907,-1.9382353530722642,2.6993200292228128,24.660621641840397
2021-04-16,-5.420270223749007,-11.553323218049822,,,-1.9913680120841586,-3.2792046903944745,,-28.28377925969304,2.2952624577187724,-5.939252475466036,-4.764928562500339,-11.117830206605316,-0.26619199931616905,-1.2352305747890637,-16.337064450682988,,,-4.283168162438282,-0.4189304603730388,-3.955438731990337,-16.994584143209416,,,-0.2922985406981129,,,,-12.389183790673298,,-1.042166458515227,,,-1.1406798012337265,-0.4575861837055856,-19.306116181331138,-3.608136239788193,-0.652059153008138,-3.793805047456548,-1.0942696952878233,-12.716598328999629
2021-04-23,-14.22697268637181,0.9766878661322689,,,-1.3910717781007673,4.689034199967849,,-1.1228721788742302,-12.293454718290494,9.348294801371814,-0.6280885700363629,-3.4111782007656957,-0.3619808038864105,29.395859645509105,14.137539923120048,,,0.3997873832910782,-2.137479573073361,3.9476947902437227,-0.9206956411860059,-5.530288586842912,,1.4090772293105531,,,,-31.546031088152496,,14.112553655633127,,,-4.1284285992640966,-0.8104298075547837,3.556467097254191,-2.7216497103690127,11.426463376175862,17.805320113037766,-14.177428743517735,3.6458481183533005
2021-04-30,0.8070433426231102,0.8768659558965232,,,-2.779081863623597,4.675308728255221,,6.093515856082788,-0.6197689567599912,-0.6018200932336496,-9.802028164272128,16.70899221402496,-0.5992317404633434,-2.3520607811642025,0.31471629385483296,,,-0.7230193741258968,-11.412618414248229,11.175442504724522,-2.5989151058426136,0.020048285036563036,,-0.6118804073501141,,,,-1.3492292319363468,,5.408243629241634,,,-7.9914881997923075,-2.6921458116787447,-6.2070763030936815,1.9779060990696136,0.05633571781127882,-1.0991574105028934,-25.49616043804394,6.899135277993256
2021-05-07,-11.966944818084851,-1.1743859946595678,,,-0.5441255464768668,0.09656079933719558,,5.006336896674649,-1.7293116820781638,-1.3392850471992914,4.522515341271379,28.765820877997612,6.381241306209704,0.5950741389258959,-4.186929004577419,,,-1.8446011427867934,0.07529426207877933,2.420235057960897,-1.1692756345325952,-0.07314857789053361,,-5.598577424531763,,,,-17.41119452948847,,9.203314158810386,,,-3.10110947287451,-1.8081785129065389,-4.136445831317058,12.20851173502145,0.13302883573073,6.9400221783596905,-13.84610951178557,-10.85038651261542
2021-05-14,-3.14175409532863,-0.03434868163111804,,,-17.902614513425036,10.026787944582058,,-1.6935234563137522,9.275101472521559,-0.1121441561930733,0.22591460674130504,-28.67403569788218,24.10368027684345,-2.256405752977911,-2.0547907100108675,,,3.8608118635883977,4.5178250520847305,9.435295319565643,-33.16337683163904,0.024804743287462464,,0.7853375961164409,,,,7.115386283390888,,-1.029699274966771,,,7.699808745964481,12.350508331078018,-1.8375980720971348,-0.4955035974189015,-0.9592051690745185,9.86771763343017,-3.205244754558146,5.668416103134619
2021-05-21,-3.5846259576715744,2.9072813883405737,,,-10.66237809313217,-0.5082686289306808,14.811460669606339,-6.693054474411389,18.917272203011905,8.542597649384007,-6.284337142676691,80.87394739515386,1.634535193857686,-2.45880600961026,-9.132158796472483,,-2.982440278796614,-0.4811556201268872,7.026672656882658,1.371313574144108,-11.892751919468797,0.05870578780047269,,-0.03797673381719213,,,26.483611198889275,-16.656521043361714,,-13.156704050090129,,,-1.6642044063218058,4.196415106759024,-7.724625999080899,-1.9206486214162466,0.9136959863062506,20.336755539427497,-4.757149905695705,34.7316225278869
2021-05-28,-28.346603051170632,-4.377007811910951,,,-1.6964517005466502,12.335583368413328,-9.44837100972619,-3.6154515722103353,18.581997484695307,-0.76526762141341,-0.5444819444982021,-3.8282977684475643,0.371580468176827,2.5866944952585027,-0.3663904122250957,,-2.389883887622254,0.1189711436798567,-0.12878969159006967,0.4431595135921302,-40.99277508703017,5.995011346513872,,-0.5895712391360899,,,-27.750251221782214,-4.642775963035962,,0.6247534559988669,,,-2.223421750273515,30.38620077946105,-20.331603373950827,-24.84275230566304,-0.7232412779791545,-2.3205314125644354,0.15318084545069177,-1.0730528770796186
2021-06-04,-2.037297840075374,-0.719736506847166,,,-3.1748196329849065,-0.8441836623621914,2.588038091274652,4.242069317485602,1.2670816395959688,2.2846883269432947,0.532002037825311,-5.3804857211663,-0.03820050903308725,-1.1240993211164085,3.0509122512810007,,-1.663705013319106,-1.404879069937863,0.8713661838230019,2.879748185745121,-3.8262484243400614,1.2818078828213264,,0.006455434778906213,,,-1.522507951704295,1.3265428248834983,,-10.584281140817275,,,-4.938059581581862,1.6536731357940329,-11.956898164840688,1.8090057606890657,-0.8521989719268793,-13.397977357455218,-7.00756592685167,1.397825184166899
2021-06-11,2.9505779997941826,-2.1229523617855426,,,-29.823303840211814,-0.5306741773750299,9.409365081583623,-0.30053033270115415,-1.567414581137299,6.107464956110954,-0.20161167569912508,-36.73970025344397,4.462857251890946,-0.41508395443542206,1.376709242411302,,1.9449308083154548,-1.1020359639237784,0.1505664135638599,0.005632811036629291,0.17053112296944506,-3.783333114736165,,12.985728057495793,,,1.2266709544056371,2.590813003891956,,3.3396536511936454,,,0.22602013727516318,-18.297508634479048,-35.088121501337675,-1.7739295093050396,-0.20228593820707164,-3.644452848988919,34.64207116149442,-1.6988284430031184
2021-06-18,-5.5904578805821235,0.04765482977674587,,,-6.201271143431503,8.341956236925771,-3.308968860170035,-32.85827076292246,-44.464530030504505,-6.757904338494189,3.9369465853923655,-3.452990200136964,-4.493417511002576,-6.372175328172383,25.072528617764053,,-1.8098929155606647,-3.770180587327714,-0.08149983409452302,14.322654954768337,-10.548161827523222,-1.7588207025640588,,-11.232531959889203,,,0.21083973813528145,-1.1180166047188351,,3.101207078794583,,,35.00294886660072,-28.92620672324647,-33.86280872753772,-2.383915589595074,-10.453509651937525,-6.103986754824039,14.79823569964699,3.9254856799525775
2021-06-25,-1.7520139969750026,0.19867515223797425,,,-2.759417470698528,-88.9099809211163,11.682955354445383,0.4938370699017278,3.0043990274552983,1.683993905491545,-0.3726265537996054,-1.167989754520494,-6.696339519121446,-0.40224413320742985,-32.11639321514468,,-7.065875076812894,-2.225966547515743,11.187341814590624,0.18157032385633276,24.21017660698206,0.7071589857142793,,0.5000726361136419,,,-0.2823972259966677,-0.933235025099002,,10.805959462266351,,,-0.9445028052464629,6.876514792586653,24.790767064765937,-3.9063871601847775,1.8881623773464704,3.1795093176666147,-2.4644471458878163,0.6784258874806111
2021-07-02,-4.371608010728426,1.6042777570216067,,,-1.6275198902310586,0.05352422921915356,-3.5593680142896726,-25.65847961715334,-1.7242332521179287,-0.8259008811328375,6.583189403996641,-0.13648664208460293,-5.137120399861556,0.1683207820321384,-11.907589455733586,,-0.5616292016118,16.50914042995961,0.1546096325491085,-0.0401826375336457,16.127760442020758,-0.16312449375105773,,-1.0921648652451357,,,-0.30493181857924995,42.84724472274676,,-6.64325151489698,,,-3.239540902071448,20.041341162513252,-3.811269395053926,12.805071709150548,0.029500259960458075,-5.187599453441285,1.5600068216659162,-14.254041762551465
2021-07-09,25.715582998286703,-1.1106821293535023,,,16.493989918512348,-7.583243073664704,1.421325609144636,-39.65157263144046,1.448656511119988,-34.11854208989501,-0.29972059766926973,-12.970060731847457,-0.08150277588627725,-0.7715339815621237,14.526795032746076,,-0.825574159358302,-2.6053914074168314,-0.1211127552388066,0.3764987137459497,-4.464409374634596,-0.13322444013081136,,-2.4139173034289776,,,0.11083847606120541,-11.504996530794898,,-0.020613030947532085,,,-6.629024623963517,36.909334429917166,-0.43570001723924234,-9.028706839500584,-2.586888508796629,94.99160170729839,5.348015144316488,-3.5636072129052345
2021-07-16,10.394619736244756,9.139989364890816,,,23.852949365914803,2.852858159489186,-2.097525888949663,3.229248033696264,54.041628517617006,17.972315904042198,-0.7900499487923518,-17.65806539086247,1.962427511015135,-0.6003106601603374,-1.4113164897943822,,33.18708372687688,-0.8396027665240653,0.16441265362435176,7.156158208345301,12.563310245989122,-0.9877598547007529,,3.331906270415535,-0.1509454878247396,,0.33284831311779084,-21.00543922622998,,-3.1119264867889607,,,-0.00602998719113813,32.53701176274344,-5.090928054018527,-8.083293844854602,0.5501706082664043,-12.112948264193754,1.8411065509042004,1.4691274772030065
2021-07-23,-0.5816883528548399,0.8963275151223995,,,-0.33764178173356285,5.344784857792536,3.12956698078292,5.573096538857083,3.1938885193585573,37.84380364844844,-1.4424789441483474,13.255437630323414,-0.024116599868849564,-49.197685437994814,-0.3708971776444765,,-0.6333683627826123,-0.26405595985902414,0.004007268341572745,0.5036348350468884,-22.82689948166596,-5.032650466388383,,2.1123907016216528,5.1923100339847785,-0.05013751592640636,-7.674696840707733,-18.5879530356327,,-4.431152782861441,,,-0.8844571700788412,-4.640712899864547,-5.852064273118211,-3.093004512989897,1.8044108761002422,0.24553389592822472,8.418105173061088,13.272964456261612
2021-07-30,-9.761363210321598,4.062876530570537,,,0.17282585801691952,-2.3303094762048238,27.761739734423916,20.681435937298545,-13.120183614758783,-5.338305950408513,-2.3926870544353283,0.00308740612547842,-1.2847508607863236,-5.993413773882847,5.244568893056828,0.22955306693596722,13.872143879029599,-5.999150309975322,-0.21508445206195803,0.2695099050675609,4.377387731941016,-0.6279264273663707,,-0.17623376815786246,-9.77619681822702,-0.19349535009455326,-2.900745098590303,-21.786343369251597,,0.22725333217820676,,,-2.0459275177835456,0.6489252411121351,-3.5490724002124003,-4.157679903626501,0.03935295983974324,-8.903689706560126,-5.815369633626524,17.285297488391272
2021-08-06,-0.6234216836778192,-3.9114751787123287,,,2.402061058127909,2.9503980276957606,0.19007103855339302,-6.049599488941901,-0.8545058893017075,3.9398183108122375,-25.10506453722136,-33.99472445111403,1.7701859411094818,25.00629887261651,19.431746081433825,10.065556431634944,4.027594770077582,-0.15283342712236714,-0.5680479063682332,1.291485850952319,21.736684694390576,-4.010239635605765,,-19.6077088199705,-2.441446940738507,0.275329266985096,-1.775282581638547,-38.41173349351829,,-1.9203959520844114,,,-25.286077109051412,24.218756999297142,-5.344283282020054,0.28652833003879447,-0.13319346271201613,-9.646278231318599,-6.102457605875619,-7.2417186738659325
2021-08-13,-2.6359066626075345,-0.4021316732671042,,,2.6441469990172273,16.18917368708877,1.5180091642671476,19.92481650436357,-70.07634634866497,-36.3569977560216,-11.605938414375315,-13.795519775452135,-0.2511036171177017,-0.719059432234098,2.260810776775008,-0.23431706995558513,-2.975771921777609,-1.344127406632302,-1.2908115125380653,-12.689013223741034,-11.613353807591833,-3.2255583860161723,,1.5109423777350823,-0.3077432586936724,-0.6212611862277212,-0.1559109136491278,0.4681207490239958,,-0.5323131317146215,,,-10.646574467228689,11.119786062099102,-18.81822482603903,0.4078979665100506,0.21214056692607036,11.656389505159208,-3.8819875529381687,-22.482382604118257
2021-08-20,1.1705849034896003,0.33202150848921647,,,-8.777894380252354,-9.38277294583384,0.09899335851138666,0.28694924214778095,43.28300122795228,1.2534756260833746,-0.29394699798202323,-3.381786107754997,-0.7935780598603329,8.910046759340414,9.3796185975253,0.09578366135034369,3.010955486729433,0.12828765176462242,0.04327575237155409,-0.23859186415707864,-19.147313873010038,0.002446674745899838,,-4.951925394414884,-2.2622527558794867,-0.03188933891690153,0.08770092278506422,-0.6922610424113401,,-0.8980921328185375,,,-20.837662150715587,6.106281332086592,-8.896007191512405,0.21082139992734472,-0.47628449389696037,8.645585822404101,50.620424499536,1.0925977455614782
2021-08-27,-27.304404004049296,-0.2549783249581741,,-0.04633021600319413,-0.5708979816531732,-0.9578303103368313,4.103982423788972,-11.682488854397615,-13.09061111709797,-4.98635655181736,-0.9488922498853962,-16.321665561886817,12.433140352571666,-0.19597846344848702,-0.4197497082670377,-0.028950796335141245,-3.062313551994921,-0.06249021704837521,-15.621697150753128,0.14109257389683902,23.290232065820213,-5.8047828628096205,,7.5922102135414695,-0.13597564013389749,-0.012181401008397142,0.06481296687362947,15.108990398595019,,-4.8964101666860005,,,-8.299124718131367,-21.241529655743925,2.376908182663152,-1.0880204688675776,-2.3077284297647016,-1.868253381112509,18.06433370818567,-0.16841854202929657
2021-09-03,-14.130805508981389,-1.8740782470251838,,-0.051107648415095436,-3.477249809898068,2.5700422538237273,20.60829587745515,16.654741684652464,-4.13134121411878,-0.0548708923628648,-28.32199852714171,17.43635295020548,-3.142470925590772,-0.9812514318802821,-6.886017088212528,-0.030953150229040403,0.5607041314882115,14.474063739336506,-12.455398998804677,1.2872277286245732,-11.894880013754406,-1.35084727729327,,2.015191518975736,-1.160014558646873,-0.7552662717357681,-2.304489631864996,-28.204818451864146,,16.839081922373964,,,-24.578259609012875,11.696130102669146,-19.950815490367663,-8.092424552340134,0.8535716640491,-3.818850612070116,37.517849173824764,30.827461447046332
2021-09-10,-40.832245943698396,-4.545270989365251,,0.08676862278763378,-8.825856285867731,-51.693325241550895,-7.927112096722596,-0.26560440961730825,-0.8564082995082338,1.0600524536845866,3.7639372242354994,15.026429479971714,-5.6170707250658145,2.9502447620268386,8.009032736372282,0.017031296161638183,-1.2112233939556791,5.437898655164467,0.13201724551785532,0.2246623652680389,4.331328674545136,0.07068655925691322,,3.2051714389864463,-1.5903184364948113,-0.027023506787168364,3.5998928198707416,-3.2245850596318713,,-0.042520787790168935,,,-3.6351463148281433,0.17146817181150958,-0.7943372463630406,3.26885415320878,3.222794951299622,-25.04012428233425,-4.908000657273549,2.4351608085485235
2021-09-17,28.99588221031732,-0.10364989834036387,,-0.7868278822710789,-6.543754568889154,-3.3083293244558165,2.9380258786458024,0.7531627493857954,15.044163043842847,0.43335505250062556,-18.124608399987075,-12.03994759684402,-9.661576972869321,-9.268982491245128,-12.125423469499024,-3.356462349951912,-1.6127020845288245,-2.289476201434045,0.026542467128513374,8.235275778882002,-7.335606853433762,-2.4483063345746467,,-6.078715756399717,-0.47571353416648254,0.024570877153382673,0.9791674718458245,-4.703450161641808,,-7.28745834631855,,,-13.230042272910627,9.992455244284558,9.646781299854839,1.3616340654594188,-0.9795631378635767,-15.306886473670364,-5.676539925783108,10.60840855943759
2021-09-24,0.21903528964425795,-0.13099634635471705,,-0.0862940818844495,-8.903817049333203,1.3185734967738545,50.578991088569396,-1.7304491584528945,7.708674898328276,-9.767483743474378,-5.544460082659878,-16.282080190601878,1.9796197333632595,-20.564022268742576,-8.122995074438306,0.157479721728227,-4.427861873146913,-5.836214876251273,-0.00740393454703267,-3.103858929806237,2.5152526847864736,-2.008420064860133,,-3.814162476477401,-0.06159476725515997,0.14957947864052173,4.628231056866283,-16.200532255912723,,4.8545988920926275,,,-13.235687324606664,2.890353066140549,2.249355175737382,1.2311867588819205,-1.8221206678126807,1.0370945217686498,-1.2634308936415195,7.857880199980953
2021-09-30,27.930340976817263,0.1225627615205147,,-0.9831874812742054,0.9113003065315324,1.5309102890447952,-2.841114247622474,17.45739188575553,34.247762025881094,6.176919651485923,1.731646356548918,-12.397158301859017,0.29054401537881247,0.227450773743523,-7.63882394023914,1.332166483673056,61.07857562289282,0.608371721696901,-0.10319598465766819,-0.6983629142726506,18.389931282455255,0.21785671910320703,,-2.7511467561857113,-10.603290890078823,0.02593216873007163,6.088125022486761,45.3897815075555,,1.9602130164064455,,,13.140919464330945,-1.3180141878920963,-1.3889762548587583,2.5909098240995414,-0.05185465658565372,44.79174303428997,10.268538064554617,5.3392983661251305
2021-10-08,-4.156125344880434,7.146690821591008,,3.288514001654204,-0.22588483295694714,45.64902472060369,-1.3948652874090683,-8.882405938918774,-18.365377739672166,-1.9695043763592057,4.74718557935924,7.417987208339487,-0.10954577346597144,2.12430010531956,-4.986326198075565,1.889652873987746,-5.743146114909217,4.813689465506046,-0.10370603837466313,7.232570532520547,18.394156516936555,-0.9852600858813935,-1.658601450718713,22.94894035097013,-2.0679045083501615,1.1210101052540902,-22.991439454047896,-34.88072038855968,,-1.314161498462512,,,32.12766048832388,-2.842154101981164,-3.0470780485646416,-0.500634141897047,0.2291649143544426,-5.61177423436701,-7.375792997531305,2.0865994378785673
2021-10-15,8.609158594302952,-1.1264700208095821,,-3.933030141150719,-4.054039030549459,3.4879673001043203,-3.551967661268065,6.848422366823307,22.72861186262469,-45.2462783636026,-7.567846326539808,-15.462071591923213,-5.346043080091598,-3.2529145150949206,28.56871808393566,2.6693106540788105,-1.8336553427496909,-1.27700198695155,-0.8096729224551324,25.572737945875957,-9.61397524251685,-0.2646802643580113,0.8820281578722842,4.041452837294285,-0.5643264093720188,-0.03694448206758724,52.21322112689527,-6.91897937033307,,-0.700691659112659,,,-14.912439889676591,-9.62680880586918,-0.7823288221347882,2.812474943538855,-2.0187849243452938,-11.533819521331706,-24.822001829164833,0.01207011497971884
2021-10-22,-4.58736913201629,-2.083190908438327,,-0.6754182718352667,23.53093913003798,-26.620256347766464,5.933382068095263,-14.389558709468318,-15.356794436558934,-18.297251578728787,-13.761689801154949,1.5438904705627867,-0.7892819563317954,-4.338791743274397,-2.082279429717921,-0.37958482178086334,-3.120405944437131,-4.128802906575461,2.9017745157275594,1.1955975683248254,-46.54776809398471,2.5398705597394096,-0.09800939463692286,-8.921505037403936,-6.804412848490207,-0.36240186046591355,-2.6082174487914624,49.31551637517961,,17.16819209315022,,,-8.320463609658283,-19.858476905185647,3.063426731944988,1.3900818859157928,-0.08182496799825173,-5.613113476177066,-21.459571055099094,-3.320977333547853
2021-10-29,10.437289553197928,1.1681549072424715,,-0.0781872477240039,-16.043969200437406,26.54352714015952,14.138323248774926,2.1989711342065066,2.3144451199955585,-7.078718606453321,-16.36324296643256,-4.671167280503557,0.4781039522353655,0.4440666101674297,0.783514532044259,0.5851181589365724,-3.2710356531831835,-1.7338344617429624,0.05751887468599557,2.305808605410331,17.664454626717358,1.1666765961282948,-0.33667383755539826,-4.308871125541646,-1.1204347517481201,-0.06392162573863067,1.2685266165004725,24.40433352747934,,-0.19536687039021605,,,-2.59751970976,12.966373532396954,-0.37274224239593645,28.94725585675853,0.9255529736560967,16.988480163086436,-0.5915298397456159,3.573904366685369
2021-11-05,-2.4441794306551934,0.3978042263427289,,-0.09979979419058711,-4.591091412413507,1.484647091035449,4.5608343253076375,44.40068773402072,27.070147009424083,6.483826748182116,4.408143758000232,-1.3478476011618732,-0.4461186494176882,-1.363535432796111,-0.9158479629813709,-0.04191267264869585,-0.6858122486880247,-2.9083185654079653,-0.03222365233104922,4.897318880435344,-6.98783890239373,-1.7298929139976962,35.78424725017774,-19.705686805824865,-4.480622883243095,0.2228628749685548,3.3029473526380846,-29.234948182435005,,18.441295453308637,,,18.83166930844013,4.906091543941532,-2.0234791247793797,-1.9768329110391247,0.48097316094039233,-6.2579213285021,-5.90416250728011,-1.1290799770882618
2021-11-12,4.0341416105437125,0.03881126499451437,,0.054688442577480734,-2.9864321369884235,1.2597650251003356,-13.012867670407434,0.9367321451571518,-14.61402744051348,-4.159753001426066,-12.186537588815847,7.886253413031251,-1.0191492257565617,-0.09291457689958704,-23.62200785963875,-0.3159443638760116,-3.8016939723667242,-0.5739162973604846,0.04257354546385655,1.2240518112864769,-41.496128622953115,-11.85830441659924,-1.0954657343345224,-5.015873382545002,-0.728122553891843,0.01616765359660352,-1.5566756074742,-0.9075474263755117,,3.900164232809118,,,9.233856792550473,-23.32837966568445,-12.539685201056077,-10.34258562129346,-3.5557993517940565,-5.082748486793219,-19.550543692364926,1.7291843664676396
2021-11-19,22.06517912917772,11.994618365961161,,-0.18440415871044283,0.1145704039863249,-1.1009739292432337,24.367636495618747,-28.879836733433745,-6.8914181966499335,-2.4109362886201273,-3.221428149963633,-2.1874475286834745,-0.5948266757102518,-3.7874693700142914,-5.662956565186294,-6.40507248738302,7.034259862867211,-0.38218406815916506,-2.902022858982657,3.5877141854681867,-36.163769172498974,-1.6596546905836165,-2.608875083923518,-0.41513081909269656,0.8097116934992421,-0.41337912880665106,0.6021366288960793,9.996266626944717,,-2.6414975537275422,,,-2.582205702677443,-0.7496919603600263,-6.658253538803418,-0.9639767893468972,0.1540161246400008,73.54895262798068,-16.2825776472084,-3.5930271437297976
2021-11-26,11.195720935367612,-0.7485163822733478,,0.007625217692378811,-2.025999067476457,1.7155874941269535,-3.163216587375534,-52.13678002201799,5.35274398124522,15.444497928467754,-0.016433018296639935,-7.564389554116899,4.062009014890661,-2.0327287034406893,19.384029396842553,-0.054546670639473875,0.5637299030320442,-1.7196185158056136,0.0412477651022182,13.705259763603532,1.5714099398835404,-1.44471308962671,-51.0688859853441,1.776185204796594,-0.8634235126447883,10.99071894793801,-0.31610787080730585,36.36817660588607,,-7.636822420774959,,,-26.81120418389006,55.96649926746493,5.5509861497599555,12.441993549255377,0.275322736781886,-2.9220207106243143,-9.916467273752342,4.353431344494145
2021-12-03,-8.345895746753289,0.08101401870356537,,0.4422366878195514,-0.47715992120758755,4.953095079667749,-12.245665572359215,16.87084675929693,3.985147479921403,51.432436060056816,13.134070399508776,-9.077692606481293,-0.09689540475413116,0.6674451770315688,-2.993141167956627,1.2081278262168007,13.448525021601387,0.4865734104515964,-1.5439007683069348,6.989822620478833,74.04732650876666,-0.13224692647889133,-3.324907812440573,-9.261744093101617,8.222153013004744,0.2531679303085056,-0.3502823242778116,9.387244459445347,,-23.910062474349303,,,-40.95404239754613,12.683578296205033,-19.06300780611898,1.7055936837970236,7.415332469587961,0.893050440899884,36.62584962745004,1.4465073231173762
2021-12-10,42.706331460751926,2.269129018680835,,-0.5072038889404596,-7.307858281026146,-0.10665365415698203,-4.769038594599591,-3.943045416085651,-1.7188469134372626,-2.1969170770989415,2.721263020584177,-19.389553124877356,0.9577701823663273,-1.1092844179497636,-14.933523464348383,-0.21068641609217767,0.6642536554133374,2.652316649091681,-0.22225893335598654,-1.0631835777640672,0.08718830212788764,0.16115623208820562,-14.611861786076556,-39.00769569780405,-0.14533322384393965,0.011846850346113814,22.894358628426538,-16.21614063338736,,-0.3797460552916392,,,12.140465812591641,-15.539570605703668,-4.516952938595928,14.858715859021471,3.353446508747928,41.809254311884885,9.661078264663074,0.7261122323115936
2021-12-17,0.9459404905576407,-0.9687016201524048,,-3.1203237584429164,-30.864697141214886,80.18233580135669,-11.947969187208646,0.862633918714186,2.398700307843301,-43.79507018773854,-23.270359037398507,-16.320425435570595,-1.1924152694079528,10.159745597423285,-6.301831922203817,-0.16310779079590756,-0.7701790548251721,-3.834283301741541,17.332170366849777,2.499316688788261,-31.309978387821868,-11.113926128219795,-11.7182863838032,0.6799559550578345,1.0978163882818655,0.28646043004496846,1.2750589788310065,-1.8134395475449825,,9.607839095918324,,,-25.472799583812343,12.328135976880427,-11.91112941187169,3.9733406762149066,15.92419156222353,-4.606023098102851,3.3075081097989107,-11.552883514371288
2021-12-24,-16.09942127560946,18.202335573053,,-0.10156025775510136,-0.4699353283824469,-9.538009695863334,44.647895399711814,8.968126959099042,-3.409397017449881,-4.596255794649599,-6.85523043541054,14.841309265482485,-7.677334844158829,-8.104092757991069,0.9628670796374277,-2.642069576965836,0.6270569283360927,-1.9187829610378593,-0.6791788389678028,0.7155062613429849,-19.20512664183702,-5.541962686185844,-0.3692748531281982,-6.779075517628451,0.07682068555961835,1.0288414583785865,-2.26175587441724,-11.367216156630406,,-42.56950674185566,,,21.997047547782564,-34.26033419651567,2.303302531696839,3.383450704397486,-0.2605727411402896,-0.15444155974216528,10.375157936176418,4.5739950336609585
2021-12-31,2.046683262261799,-1.0316175823103533,,-0.0545468835645182,-5.092160941383487,-6.783488116529115,10.920470509143325,58.59139738525064,7.129040163338137,19.56761966139601,0.3454352173202184,-16.72998117457741,3.6905305009211977,-4.338094985356325,-15.842938008811792,-1.4869967138342386,-0.7424831126707423,-1.3392595607124465,-5.980182308032254,-5.339309717378843,-21.088357378299985,-5.507106770374197,-0.43060437965432996,3.075787790560465,7.0176675991297195,-0.3097914743852194,-8.668382849686362,27.25682045723177,,-4.7972171766169325,,,-4.832019831085086,8.471749443107647,-0.36683215208809683,3.6458600122994835,0.07156642793138993,1.5701896901396224,-27.831590284640843,-7.669716787453411
2022-01-07,0.5445984133861677,0.8241578884033822,,3.352111547377283,-10.718945123989513,0.7777708185702498,5.693429463860738,-14.954831398514472,1.1194572656714459,-7.965995358910803,-9.333339198612746,-9.145755772671995,-1.8606461200487698,2.15650846897676,-7.146954587847094,0.13014764445302332,7.073422990778299,-0.0112790331127946,-0.2019102451585626,-3.0890796237130824,161.3282162205467,-20.11722765464751,-3.8375747815210177,27.848539140638387,-4.401457367036412,9.536175458087495,-5.132997783031942,-11.615858897217935,,15.518252298157268,,,-1.753012551153665,-24.33919490647183,-0.9524865545119996,0.6252544164408084,2.6881332413125327,-13.147824930485408,-31.54426776774879,0.04821918305373085
2022-01-14,12.771239905773434,-18.496514377587452,,-0.15958810130837175,0.3407552056012464,-0.26552735392590066,-1.0659533269183434,1.8913550467347622,-11.460524555065179,-26.750168333834544,-4.10750824924353,-3.8183551345117466,-1.4152071374154689,0.27882786720922126,16.288385548909105,0.551330872080084,-1.6974896367684682,-2.2700959838860335,-0.08177317271203358,-0.4127111568716241,47.553492648450224,3.9047034130165246,2.1178237456735935,5.2373822113380175,-1.090892824495226,-1.0161049643957305,3.036758443269886,11.477817025318904,,-5.9459659319922356,,,-86.55152895154212,5.613622968880853,-24.55844644928649,8.351393866261164,-5.41806019441205,0.07687588474832463,-25.71314749161802,0.08301024815313393
2022-01-21,-35.12872376145672,-7.483496784758733,,0.24746649282679595,6.858442155875749,2.972090198377477,0.9387018626795858,1.262790103953145,8.123167262376722,-1.9130196882146808,-2.379970120522812,39.68755944756076,3.2563771576579987,-4.177907284971978,0.7422171276524162,-0.3046367224216953,1.6864782399620686,1.4495289520186794,0.08046103074988768,-23.928986144079104,-9.796069095939234,-8.257258428189068,-18.965659742693976,-23.902672504614145,1.7880470258742815,0.01242075475322678,2.231739578875067,33.399556147090394,,-20.739130551306644,,,2.156570376555124,4.167896547239406,8.234118114031402,-3.520147024864639,1.335397478824707,-0.11059931198827105,-4.4204250285063855,15.713414787474997
2022-01-28,-6.267615444045649,4.459849201549667,,-2.5821301662941574,2.5891683095245455,-6.252167520747908,0.033907061470646704,14.929249884109863,56.813856867769346,-16.388255470967717,15.695508245028984,-7.910568487986888,-2.436863764125555,-2.135574884446324,-3.848901371719333,1.8862749782711454,-5.028125830765481,0.07854524938631371,-1.6242122755597224,0.15361365841490032,-72.09386793940882,0.36944815917686474,-0.5202136201051505,31.294302452405795,-5.321910105814058,8.395288265467762,6.476587902353352,32.04852586547276,,4.042268617097385,,,-1.479102026843959,-88.74753035547329,-9.376378957093493,50.520968936156216,-0.4513278387225084,0.12813868805919143,-18.038894887924286,15.758609935804298
2022-02-11,-4.216485959533348,-0.7506557864736798,,0.022668239277705764,38.64287955684309,14.78322847653264,44.74003706015567,2.231932725840383,-8.105404256899579,-27.658487409586368,2.0557445218740344,-1.5612882968146966,-3.0608250901923806,1.2876819748909174,-1.1466086719772306,-0.015008870775990897,3.2111586768909683,5.399592151141038,-0.14817594995415975,-0.09816232161697089,-30.3607863689785,43.094971296438054,122.97430431972639,27.380233182447142,3.415365507477957,-0.2684747477327709,-2.572615736612696,18.72390844424612,,-5.336598180245751,,,-0.38447451682828154,-3.4095868945099923,-1.754375649049789,-11.000545332867727,-1.474378866037179,1.6888915114210774,9.072729091829544,-27.67109761655637
2022-02-18,-27.142038572539537,-7.475739471865092,,3.6831224235090327,19.669688371525684,27.613417855146203,1.050268028368142,-14.012242772786143,-0.05957750279916674,-5.7903058992388505,34.01782715742945,-0.2905390201955618,-0.15406456864645263,-13.547160258306832,-5.693332294217638,-1.5559225451697607,1.3558836200738937,5.84523481348358,-0.18922391029732996,1.0119404096069708,-28.43681745658603,-4.258646435445816,-1.0728802233623806,41.98152570665373,-8.595594543110238,-0.17871001802544803,2.81094795224769,-23.017451564833788,,2.949220861521831,,,15.496545548365713,37.40236415225616,-3.0667645953774296,0.2767228334325123,0.05712205207452559,-8.142116203743253,0.1668096219567482,-42.21359554111312
2022-02-25,13.514039914780223,1.2544383886794035,,-0.010179958707391766,-8.659638517170148,-1.7443991787098327,-9.673203930533155,-0.9318680378641534,-0.4097146686383334,13.195811507695232,0.5442617735683435,0.11293483686139383,-1.889183695451481,-1.952731913530239,-17.035904754266657,-1.643662595395605,0.14940340185944762,-0.4016728616804865,-2.631315532520447,15.883131962540494,26.538293777510045,-0.155560266642306,-1.23801013049434,57.56990454048855,-20.767429293850256,-0.013515556699711634,-1.2953048215629717,5.138007353383915,,-9.671689445882247,,,-5.8535876927038135,-5.0853383577089035,19.09571892270761,-13.717032854075141,-0.36386143694672013,-7.74229494929944,-3.5780430250616,-15.231095860904691
2022-03-04,-3.88061648146385,8.93173267283816,,-2.0113256685434657,-38.411213599612495,-9.323479961640924,3.8911645824900862,0.18091043185470884,4.604814056474712,-15.809423045917455,13.790921619590918,25.730892500911104,21.683378156392376,0.6615277586826114,36.54263737380082,-0.8613628098972338,10.689492548508918,3.2211325035684935,-0.030674767356233052,36.31595693353592,-127.89260437930723,-23.395657113060206,-8.272279605974918,6.533626518902997,-3.457222590019198,-0.5422563980683766,-0.41029981729636805,-0.02884299069678553,,-2.137743162304519,,,-17.713677110653915,-91.08196355274976,6.000421773604373,6.378129427407436,-1.3205928712128598,-14.674273963050704,-17.05792843942301,41.92311884495485
2022-03-11,-6.7924541755688566,-1.4585972615293006,,-0.07485203986823877,-2.6480612179392913,-9.154022146116189,1.018510730669125,26.482335431512578,-1.4558779153964692,4.520931366058709,-2.3259918530977477,-40.914869872662905,-2.212012145773259,-1.4891601725544006,3.577636711278399,0.3868658825407916,1.5485179750837395,-0.14558760022256714,2.3335910092868284,5.995946978373773,-9.966918101317699,-0.17544491891572025,-0.8246668374033822,1.0628510615759537,-4.832807886534745,7.67888227106131,-0.9682066502817627,-7.744202066805828,,11.607959091595609,,,-8.283625791662695,6.553702605012457,-1.4454939993027818,5.319458763127874,2.5636584188985343,-0.10165052889880588,-2.247350567282944,6.470116063717247
2022-03-18,-12.01666909960389,0.15467125493398104,,-0.027846763205657047,0.48708382996306937,-12.101937099100141,-24.518878180515582,-10.70788581680011,4.017428448965827,-16.944176558106623,-5.119564458861223,-5.715165220285278,6.600948261024146,0.4597417951417651,2.069818236156179,1.9504930458615168,7.853878332380132,-1.2042612406284556,-1.6756041753844964,-1.6197386656459596,4.073874011608169,0.4087273389479709,-0.4607407807236225,2.093367161097351,-54.134625707634086,-7.476811053577758,3.600393119763891,0.9702408498703406,,-5.733029915303525,,,14.116578355359872,-4.710938104225165,-14.938091596384396,1.4084062024240742,-0.12357668735860945,-1.9710100528043362,-2.479548753920134,31.19851966293945
2022-03-25,-27.6946322498592,-1.1611054357028046,,-0.023667096957865973,-2.807132581758063,-6.463089576185205,4.920170051922388,13.410967772737509,38.24053675194701,-9.851736681974959,2.1963932051690143,-44.44730818459579,4.708818233617684,-4.208968227157382,-4.7714659254762655,0.03910506807702305,2.8734162448806555,0.8319485333598708,2.37579965544399,1.0984052461889264,-2.0235866024951887,0.39491409417137024,11.420595668446303,20.117935665583865,4.061865093298961,-0.04795471842078471,-0.7401646515064644,-14.92587134466085,,14.656827686060112,,,-24.42723998597953,22.213855974686986,-46.893706025159695,-12.12146227124114,-46.87911862519198,27.774546687202356,-5.362385632490446,-9.213798056734442
2022-04-01,-0.20625046622210386,-3.10930305746479,,0.10847967212964042,0.972361631609383,-0.3086935835691921,-0.0722871114857066,-1.479057289459731,-21.232330534801733,6.528928502790399,-6.87644338244888,-2.815250125860332,15.294393477172333,0.8515548774792577,1.4219897359782658,7.665041149161661,-4.455131195456879,-2.503549717759538,-0.1977607332956155,0.44579158727445806,42.78901276159647,7.6864285137526185,-0.3779138743926203,-8.604332551682491,-6.753602232312984,-0.17992842118429328,3.9927945018221513,-20.49318133681049,-0.10919883607217917,29.353848065834995,,,-68.51828728569474,-32.72227142669185,-3.8387678934625535,0.0374617628156407,4.399372054027814,12.17189422662838,10.756208701491591,-49.989153707482515
2022-04-08,31.78429721450459,0.6494744281504345,,-2.907024117037848,0.6239433308265006,-7.928687481624876,1.9213152587646345,-19.989085734428986,-13.9063415807757,34.00849642863435,20.774386074911288,-2.002651125251044,0.11677129214991888,-13.744414914049585,10.233156606196731,-0.16423244744074156,-0.9329258889867842,-0.9977543871095165,-0.6761361149020001,-6.186332154302473,-35.96684595256274,-9.692798013011181,-10.748373226555023,6.706779492408073,-46.356426695610935,0.05547056072493197,-0.5480400233200708,38.30136063026822,-0.003934563969689324,-6.07863707244608,,,13.759989572758949,2.2778268832720614,12.977665803721047,-7.097529581484904,-1.3756483683289855,4.611301733847442,-3.64828504316658,-3.287065868153952
2022-04-15,-4.400009632627883,-3.564243493090739,,0.014522676400155157,-7.259199550734497,7.711626339536167,-12.335273774370979,-20.639071411136605,1.646783711003318,3.478063437523508,1.9931474292722084,-1.8839910819089658,0.6694129136189374,-9.228572378935052,-21.894827084239186,1.4824116187903251,-3.6173352940207635,0.4913815312367401,-0.5146844868712103,-0.013574492766765811,4.0924183893257196,5.892938971672275,-7.429069552376897,-7.7395146107415265,-4.226017598076023,1.2872301303698581,46.03711345315327,1.190947340445156,-0.6917188962399026,4.929220583842959,,,-19.17821989199092,63.00313189464574,0.4164706499324193,-2.046911064620243,-0.9493859454420672,34.3286588923961,-93.06452072711593,8.873701205865235
2022-04-22,-17.834040681803536,-0.6391293521094258,,-0.21313988525283942,-5.4161864820543935,-11.64202150912931,4.381065010534751,-41.79930150574633,-48.344299435838096,-1.053285821269119,-36.354232438117016,-18.39820168534376,1.5495251042976554,-1.4690176447324652,-9.789209287943073,0.030142821453191384,-2.6363169620123768,-0.1443085974461171,-0.47962696539738153,-14.849265721931618,-25.21759031561538,1.3869137131262441,-54.931075721332306,17.12296896357633,7.2113195184251575,4.0845711926834785,-0.06653825911817507,16.012578462830813,0.16083196264667296,15.644258771469957,,,-13.716852837881742,9.615644157444192,-26.33299729422269,-4.0533267204534305,0.14367742294497712,2.969430955668126,-9.744195428266423,4.6541767285606435
2022-04-29,-3.9925268339782938,-1.2648437508533674,,0.4904130959656405,-10.62640633214774,1.208383005102569,0.8966098613007554,3.27810266128872,-13.9983410539102,-7.180425569261166,-6.643366742294319,-2.3127462209981804,-3.2681179870241546,5.632024674893642,2.461417317653157,0.5879373873233675,-6.053168464515702,-8.54488921223976,-0.01588469046539917,2.2698483671529694,40.208491180094974,1.2751518162858722,-63.404989000851025,-2.741383266386149,2.237354690516646,-0.4329433541398854,-2.821241365753477,25.292515209248318,-0.024375717361346083,3.5065920157981005,,,-3.764180610145667,37.45587281531364,-0.9001568414180828,-13.13296504809778,-2.3242145518224753,5.725387646079628,8.954207809643894,8.385695760519955
2022-05-06,-6.384037366790784,1.5436656527385806,,1.3462987614562638,4.160722419764263,-2.9017524419224516,1.5010386243173823,2.2538141426035696,6.795910365945899,-9.038190621320519,2.2269464482858314,2.579661907644035,-0.28386890264273773,3.1272801650011175,0.29064057045483693,-0.4818853985972158,-5.252714036005936,-5.624503405573664,-2.45478559590568,-3.182436232661311,1.1896285896616137,5.967049595833784,5.473079239794718,5.4676505201380285,0.4252820408421645,-0.23255667128868476,0.6762767948877967,0.7921502514554307,0.027918126823379047,20.57428855326838,,,-29.416246653986214,-5.4751826923691995,-2.4179548425943715,-1.1907923761845791,5.322531587805717,-0.24436528885886594,-7.012892408311948,-12.484767223589047
2022-05-13,-49.9878371630367,1.8798384143651665,,4.979947293344933,-58.87130979746081,-5.791883790747538,-0.1817252640696395,-2.97904246494252,-38.55402784639851,76.63226465128709,-27.524455284958208,3.4181204140007035,-0.3987894663245751,0.9038338977864753,-0.9209395988925617,1.4767747351751024,12.404057826395032,0.08157166311765843,-8.769320749146445,48.12571923430157,-92.61718937174908,-7.855701323896769,-2.4549907960913746,-5.7473252372088695,-7.658302907039791,-2.2286113420986227,0.7977623785300684,5.480927278174655,-1.27556129841958,-27.021669481303313,,,71.96215968318954,4.292615568799041,-2.2403019234082393,-8.004635642055476,8.034575557321094,9.204909131505065,8.141847899011735,2.0838492558100516
2022-05-20,-8.17364835174336,7.898534039539374,,-0.5345853638350299,-5.076580661458092,6.171220042906051,16.793181737130947,15.380533000653822,-59.499801970858194,-25.216406836762502,-16.33252648538688,-12.489285472320606,-6.146609416561425,6.613797251578072,0.2765404502882627,-2.102318417542817,-11.31991128918141,-1.1766485549902832,0.513614983705692,-67.62095819338158,136.45163749719774,-0.9084782156285618,0.3367491121693239,15.293949229645914,-10.233418215293149,-0.04579487678276945,-9.44220881312659,-16.749712594987958,0.003633979278562016,4.752143637469523,,,-26.147606383445527,9.850808331205577,-6.102623956789959,-2.7935096697506783,-0.014108212643533083,-4.908168177455045,0.4807652263009117,-33.78049346968693
2022-05-27,-32.60223021397303,-13.46346429425993,,1.1945361720766516,-9.254687476614862,17.856616312629846,-3.408287652299113,3.817172361161697,8.083560980675042,-0.7783694776760338,8.077651103904499,-5.30120659452317,0.049241977168136934,26.691520818871787,0.5441763478141248,-6.269419618429245,13.178129500508414,-1.2086460836545136,-1.1793398869986906,-0.15994477886022562,-6.952975327766708,6.026954326366599,41.86634055691546,-1.3023027364732778,-1.667696544229529,-0.010271031163261288,-3.7871186357929583,-16.735386678243724,-0.18924992495739495,-78.56520368548748,,,-0.2783447284867075,3.298257664430041,-15.123621993573336,-1.4524415863512983,2.9058569747202654,0.6012000223000256,0.21904424170718995,17.27436728373265
2022-06-02,-9.104115923253529,-5.4912101043791495,,-0.7357482415702161,-11.902551620296387,3.401093337851279,-6.877554399931761,-5.11322562984712,-0.7706454495764239,7.879961694075486,0.48484539930784704,5.317756770410044,-2.9736722849231825,-22.291383989830422,-0.6469641335545433,-1.1343391056027625,38.58605802413785,2.14494307306039,9.126936267971324,-11.928835224688925,27.700365057913558,-5.511168208550597,4.290773985256914,0.8054254693202318,-4.988293728141032,-0.3731236794693734,-0.049984620044118196,-2.9334768802767943,-0.11983693177837093,-17.766439204350824,,,5.481789869006329,7.4257986814769135,26.162211820761858,0.23304072774116852,29.225465252841296,-4.335944040958027,-2.8696296878112584,20.05223678850802
2022-06-10,14.313741388488115,29.309817149453345,,-1.7571775454765988,-8.740742122575437,-6.212088906913938,-6.552308913486662,11.684387825199815,3.323067963955955,-14.333500540224328,6.758560820563619,19.567470272439145,-1.7767207873360684,2.2579670448783733,7.3630952202317435,-1.4455015847350339,18.67640447324368,-1.0396243542866954,-0.046659389667969675,22.963470083459274,88.26232914019906,6.897584458316236,13.601825906126924,166.8654323796605,-4.435256409919441,-3.3498687174136146,-2.5894149981043624,-13.524573919100886,-0.05396859372552788,-42.52302387252957,,,97.42208781753313,32.33304483646505,-7.30759809344436,1.861285147971844,-4.669896299249367,-5.343960186850117,2.353825852243257,8.650703812866947
2022-06-17,-73.25052003704856,-2.547317430736027,,0.0071058183590575474,-3.671724426938212,6.067227879716844,2.091423771484459,-16.64293187300122,-6.787513107825153,68.79132792645416,-6.300968251202413,2.0876244195911777,5.484121988873312,6.533539038768895,6.015805995635191,-0.5762816915229892,6.460531413576913,-6.866097435028158,0.6194448601770579,-36.91187914076594,68.0591949731794,4.457294355663026,1.15195969553249,30.60645125225356,-0.6244314222441104,0.07151659427007719,4.268988625108666,-13.866209601993484,0.011926526917500471,-60.926283958791515,,,-125.45275558179617,-59.04261182416967,-0.25264006242070286,9.361441722886317,-2.4930746149560683,-4.629622393369674,-6.694778528642903,-2.7360750234335605
2022-06-24,-6.182601100832717,-44.09986623258772,,-0.5242697561444319,-13.188010079426178,-6.686431463493305,-2.3343623241905456,-51.01624330223056,-21.568078335573308,9.844604740674363,-11.582535152326738,-8.943819801644109,-5.71053236623881,5.022158191973811,21.154210873921528,-0.16923098117097304,38.347629021981206,-0.829796889758025,3.7316044499769165,51.41879810258882,-13.716022495799125,-2.124789147329585,-1.4017799233700692,4.325766946030529,-1.934574198532899,-0.033005038657497515,-0.5333533743998023,-9.534347422571539,-0.07702792307867183,25.079565710655377,,,62.45646459389745,0.30213642296279064,-3.5092863785358572,-5.644854216201439,-10.87312987999622,-1.4462855263670829,21.433994114528577,-2.6523815207604526
2022-07-01,2.614726723729709,-0.9559803414994481,,0.4668850628551926,0.7606312461841798,-3.0855828115584187,11.084911784832071,-4.9610606818528815,37.2216750338407,3.8953454412398036,46.83908228292023,-1.808323571794763,-7.1753854590626105,-0.9121124783944009,0.756621613922686,4.23615455721128,-8.333270945073643,-0.21604000659452552,0.42296685137231427,0.5222394005466087,-103.61237812982652,-18.448397139618613,-33.449403082551136,61.14329386864242,-4.112749823458061,-0.23863190234112985,-2.756152444656449,23.15067101261542,0.18213747658168633,110.47059778518727,,,36.24585929281329,2.233189633278003,-2.664202597997928,-0.9287704925381219,-1.8334348391921118,3.2657515690058996,-27.427007168293787,-9.53850024950689
2022-07-08,8.38315269742222,6.8157287401795745,,4.556789043424689,-0.3312263674692868,0.4229245687440848,24.433456559690036,-5.5937401313459105,26.677151355406448,-10.888958301035768,-7.788371377049746,-3.177243852929283,1.0407299255920321,1.4054795692213236,8.025941914747902,-0.11090472565366766,-8.048928109117268,-4.391211112556214,-0.6065177795532026,-17.08572731905612,-62.420875614612264,-0.35439700756451986,-7.775493205564686,14.753581554992582,150.2296141261691,0.3122974126221031,2.794444580476764,-9.308412264766684,-0.07827329871726116,10.94219772939155,,,20.397417979031612,7.505604136368913,-13.695035763387459,4.589266749037394,-0.9121779268362674,-25.051814494330912,6.3848459167658556,13.330599608844036
2022-07-15,-16.019362822031983,1.8153874848969889,,-1.7421713016280573,30.3039858170004,-31.451612416641847,-4.733476451009748,9.187849505276093,-29.326835999867416,-7.676456107173574,4.009112826355503,19.931909890973774,1.0286999208517205,3.9979603901574787,21.43659116490789,-0.10183456756197332,-0.9174197566553944,-23.644292686663512,-15.865179871066314,-8.218485018431453,0.4779018395717426,-3.531423740403067,-1.0402925726343328,7.273336734326715,174.92534375234177,-4.90975561781491,-4.595806832255578,11.481290115693541,0.411365161564586,3.6324054516642734,,,-51.150761991936335,-10.186503029996508,59.611899589738336,-3.599655283242185,-0.40138867510864107,4.054858657095939,-6.562815591205082,-46.542972303721406
2022-07-22,17.275349516597643,1.5580333552009278,,0.5795043051673991,-3.2299890113257463,7.761067648302902,-3.243593673268737,34.461651251247005,-8.241712881404085,-43.698835481194415,-0.6061182367386131,11.37441244471262,-2.948206129771302,-24.254081186355958,-0.23037924949697763,0.01459836281156024,1.8465803415522182,-2.759301084599912,-0.017310183243475386,8.68703840228822,18.672859147569223,17.967802399005038,-2.6786349532248326,-13.898233545286367,-8.2264303250037,-0.2140337735914582,-0.9001416572027257,-2.402281752379822,-0.6682748985350032,181.53541934892374,,,0.2242377591091742,26.04045234100727,20.41686532480335,-18.973601270304666,0.6234844853607711,-4.351987993635574,-16.928136519641974,-3.649552492881783
2022-07-29,22.358926869748423,0.2505101168521011,,-0.4247474390888379,6.874277202790722,-2.2511689015278336,4.021962739419685,-37.63305923342312,-45.597826979175956,-0.21423600335940876,-20.349231960774365,-4.4491702346462585,-14.122096710554237,12.288300482563452,-23.447749081797678,0.4704112468474847,2.121418777074418,1.1087696181995954,-5.746058979615227,7.114670183794575,-16.029627269171243,4.397239258279628,-0.25183947608717694,8.726127361869878,3.4100943829511676,-1.2553763100470587,0.8572544049918223,14.402182049029458,0.16748406779166472,87.09229781782882,,,18.931338586868442,-6.799407130869305,-1.1852857795641452,1.2998693227228275,2.0196387976323136,-5.156010968873831,-4.047636836384733,12.714524395613878
2022-08-05,30.200552491391704,1.5936083556931835,,-1.6236706693461578,-17.740134129957262,3.8068738445594317,2.650741442021018,-47.33297636649058,-21.882357196109073,9.019912360271782,54.51009794767059,24.751025638613843,-2.607688334853995,-2.8457842199500356,5.689760574132713,0.3143598323151444,-7.103101207251446,10.561242743629021,-0.6336433767871417,0.7254926517523197,10.065106919262165,0.03524174699748921,-9.161154796547377,6.15393945549535,2.985464968857081,-0.08519315852046017,-27.170697871356452,-4.621861914663817,-1.4196909409428922,187.16192086794808,,,-5.124626998140777,33.1324692812379,0.42803713087585776,23.004281012171816,1.4133397231509206,-7.582729811616775,18.898049941849493,-5.897458515279543
2022-08-12,-50.466165516842096,-1.3963115441988976,,-3.1711119009521154,-4.601912401256149,-13.915826369778,-0.2794876063631838,-67.9195982626256,-9.70846045143981,-17.519023933590717,0.3074850798736293,1.7178223272047777,-2.239659731240272,-14.549969576141914,-2.067303016744187,-1.0001443279831996,8.328709080232658,-2.6055514569677345,-8.801958096777321,-11.329871110464975,139.82255190125449,-0.1597729228353827,4.436924762903097,7.46151207233436,-8.042640676261883,-0.11116465956012117,0.05319219565666299,39.41427945787632,-0.21787304416239744,-2.5126414838117483,,,-62.53648525776804,0.6957212367361433,27.33910936929951,8.104120626831154,-0.6839395030376973,3.8672679988113345,-6.30579195615682,10.562608471953066
2022-08-19,-3.756833584189242,-53.432421066261256,,0.0219049649757852,-0.334577045919883,-5.431174904518779,0.5687392538874987,1.1728554253893317,-7.774195528767677,-92.0268319879484,-40.31938302799108,16.111482981185272,2.266466498657544,-3.244856934882177,40.05763854634309,-1.2186211819175823,4.05023769490472,-0.9521304661424959,0.9593887077258056,29.44480545861626,-28.91602618262519,26.071622484444802,-37.774720200852116,0.4359849839269344,-15.264406618321003,0.05669860944805748,-0.05762252065748835,-7.390053858604881,-0.7401155566575877,9.397162070417991,,,3.702174192015734,40.383625857764315,-23.217077857147554,5.626646096992491,-1.0389788995922113,-7.633810449744483,-18.111727727776927,7.207558798712648
2022-08-26,-52.94560417351404,3.3229274723226556,,0.08704683665621525,20.525093863648877,-4.104458833960533,-2.454874330410539,-3.669667176091471,7.793307944445711,-4.7147010691997195,-0.5186671553879055,11.831062057446552,-0.14648618430481636,-3.8363045474488273,-6.6053184904077185,-0.36383752380467316,-0.1232571733206122,5.62727903529173,-1.0425872592731815,-2.4017288409542554,-13.584661138771718,-32.948903593080956,-1.1528492099761796,-2.202175425011149,-2.342699290231056,-1.8937075771228056,5.801953925826003,-21.05358262128932,191.3280107463238,-4.267635105138567,,,-0.21930104186225563,-24.79680546377053,-1.1581109424479583,20.42040443724609,4.296224481422878,-3.099440094306859,1.381180418208352,15.986329370958726
2022-09-02,-0.8823074153479877,8.631048226639903,,-0.4850361638027911,-29.681821906788105,-21.518286754388672,1.0745080196160273,-6.654173694585205,-8.661746138174715,-0.30448941814315944,-31.37322287835342,-3.5030462946606398,-0.02109377029925108,2.3756192259399005,-10.530136964250799,-0.8914470671648952,-4.414740861117142,-1.0175054288167271,-14.857513356472298,-30.425877062941417,-35.526642794716686,-17.100204035515134,-135.76648736535822,32.03430602761726,-4.231590207498746,-0.06265717830752954,-0.5037460423906783,-29.566840533821555,2.029002443348496,-116.10881137706328,,,-19.713667915684795,14.124124540246221,-5.875731182032313,-9.793766742069192,-0.6482142256893116,43.96294839697081,-6.2511891315642245,-8.322124513850607
2022-09-09,-17.829033509596513,-2.4352101032926114,,-5.278739039381441,-9.860842382011876,-7.573701781273293,-9.316338646548108,51.88763787434803,28.413225445479142,15.065985624908476,3.379008235627384,-14.178819622346078,-4.551041968249368,1.8145588595669082,5.7175671601539015,-0.1827382916755095,0.7803320897911006,0.5747808167297839,0.218019949326014,-11.608776747342448,53.51042956279836,2.1360171789326348,1.3022817203945039,2.2863932505023326,8.61742666374414,-0.07544745026126175,16.49704336220369,3.695038620787455,-0.13946839104614617,3.135600348795604,,,-1.7468540508370944,-2.7325717374378526,-1.027235202313205,4.591154613352913,5.8735871396250925,1.5994317827892188,-35.496474752644964,-10.266449613554759
2022-09-16,-29.003688637157826,14.553963154392386,,-0.03744965458927982,-31.849667036712002,2.5053112977047167,-3.0854315971663944,-69.8991706440834,-4.8051044631987105,5.68208298878797,11.615962020857957,-1.7835610301020473,-2.169972195819996,7.472279438321836,17.207274063517758,-0.9712742407025345,-2.3824823259302064,2.1519694425093356,-2.3293589121166867,-5.880602965094193,-40.3890971590996,-5.674039077699608,-0.14069171010349807,-0.2907093233719462,-2.594746502661477,-0.19540285306089203,-5.276276012568693,-0.48901114636063236,-0.36438146366852875,-2.8295130766103407,,,17.246091990220776,-15.898968093747802,0.8231952343824325,-21.209295831128212,-3.9645270040299887,-10.198895984289267,-0.5999179347649153,9.795742909339301
2022-09-23,-32.19965136440983,-0.8946893080105123,,-0.28079650596184136,-5.115173852641105,-34.797017469567145,38.34425789130126,-10.951750680332111,27.136528496972108,-9.753583662225218,39.99673607994493,-23.473200090374487,-13.232931927783802,-22.15282030188613,1.0848904302909939,-0.4897491450694778,0.8827558622733908,0.6908795562362314,-0.08288368532431711,-35.627671130911416,-25.613235468353608,-17.243463684168887,-8.592198323157394,7.0212395521105435,-39.125267927876436,-0.05658760045448208,5.319918428554271,-37.180554473728506,-0.08959188482612986,-52.8475092913695,,,13.353245304115546,12.269680197558772,-3.089330242831273,-2.473405281142774,1.653076319414962,51.73136335794607,7.255274317092571,4.5934679113250105
2022-09-30,-7.246535151340876,0.6573626020452361,,-0.30186087735241723,-1.6651770477854912,-7.55822873483627,-1.8782200983019632,19.243339102098275,2.7881859398965707,22.953704860348886,7.942596958164545,-6.289351911026403,-0.333836530672946,1.6589291397292412,-3.418540254065409,-0.40821877944279744,24.86973550444882,-5.002980250554924,4.005105318458618,-21.73116738537452,-64.68400091735653,-3.3746312002608922,-2.779037180221991,-3.3894314214931067,-26.553689261815418,0.03453382469278108,9.09088920169204,-27.127934540404596,-0.8776494624150544,40.86832723148133,,,8.461244344485245,-16.295397581552432,-5.376314595894879,-15.028288006537718,-0.37187002366470073,-4.896931130881354,23.37000524010552,3.4332594913054306
2022-10-14,-4.685162938383442,-0.2502319526298688,,-1.4430743570132636,-17.429140224364758,-1.953817222291683,16.27005410305796,-17.547746447087544,-9.470967751369725,-0.22340024343807108,-13.16202099724579,-4.529205213322273,-1.3862173976234524,2.0094185599252326,-1.2395536729513195,-0.8411421357406756,-19.80157447137927,-0.4106089587589161,-9.639284562330477,-1.6687491190497314,-140.5980426836908,-9.344842068799721,-4.975000433198407,-4.870474853074794,-0.5507746508885195,-1.8822520418017672,-3.4846874271369956,-2.4903707788490177,-0.6399543509498365,-153.57286203265545,,,20.486913326264432,-2.1703007890807307,-26.44864246069437,6.510107782766391,-1.3476571299354645,1.2354726082997358,-0.39427106219394537,-5.513098643335406
2022-10-21,-7.2216574949698975,-5.234357054612587,-0.15013567296716526,0.2485482797471485,-0.5749886272165934,-21.24427762484505,-3.550240917583206,-5.896460057026099,43.885609798425065,-3.358648977585524,4.972024770126645,-29.48550246727723,-0.9226245810891658,5.870619607529224,-6.562313294581052,-0.9243097939641773,6.585507870825916,-0.772877484133779,-101.70615393727527,13.558114471901261,20.995188899798798,5.644910037849031,-9.623433205155921,-20.23079304680679,-21.848951722794816,0.29833706599913884,-0.3452609871889955,-10.183489906950424,-8.84634308044982,-26.435289568970116,,,21.155886461400613,-22.897676832902846,-5.87892273328851,-4.028736786411009,-0.1341048814702532,26.163172921526353,-49.074983620021,60.392715040196485
2022-10-28,-7.140576716392203,-1.2828698409302977,-0.8052128033293326,-0.11410785734004397,-6.27094632831879,-0.3104930742500541,-0.37459247192047995,-19.38798688699588,18.703692808218165,-2.280137387651608,4.008889449564598,-11.83028241814271,12.398977758329917,-4.312403525864838,11.223266302295668,-1.1500235302578399,3.37941940905585,-6.623959714578266,-1.073601033384612,-45.7609035516005,2.7333566120748016,1.8891684912829179,-8.798592334519274,-12.438260488924278,-3.6931888344430757,-0.26084906491495985,2.872944397340404,4.074602204196453,-1.3989565478101587,-5.365852359172542,,,-12.981005195289429,7.799998214373574,-13.575891399580357,0.7916283033006714,2.2683289590947715,-3.3595927428483185,12.034532752725495,32.86338293583461
2022-11-04,2.7988709533407956,2.0405280195856967,1.5128372199348565,-9.437666564901006,0.7634644355752782,2.120346935980771,-0.9852545367203331,-31.989829758554304,14.978100477956906,-4.422334483374938,5.093523074734415,-14.983886243410627,-1.1426637947545317,0.23343477722931238,-19.611829201890597,-0.7490124417917619,-0.38183330761937545,6.695973996098818,26.933213697596905,13.621469276176018,-65.45043437171523,-0.5048512647523178,-12.870212829881003,-1.848983573427283,-1.2586177145127928,0.38066580595750055,0.24128154512094607,-11.193347189110986,-0.29516683585322206,-2.8638339946223215,,,47.77078604556857,6.4456172646197425,-1.6615639196171061,1.7903970026472833,0.5242056941284502,1.1230295926786942,-25.353045435821574,-7.004204312176299
2022-11-11,-20.283326260878834,1.0866931702527451,-0.22398282341714207,-1.019409626146726,-0.9488124150761723,34.66335559892501,1.361645567639803,27.120681224425475,-9.034085678018041,-6.118751384030184,-15.273976894848367,-6.189077048607151,-0.595745149625206,11.237939712482746,3.781765144463554,-7.128204397023611,26.043281465578506,-2.308031693041635,-8.248294534878411,-45.97870399666917,-34.17444994908445,0.05503235598559836,-56.04049721886225,6.415422761465135,11.571434795625368,-0.2471441669330236,4.1752369542591214,3.265672459755238,3.0155301998704673,3.2046249806813414,,,-105.15413389527396,-18.88394265518072,0.47855333706053593,8.688747066494377,-3.8199159252063897,-35.782399190045794,4.615938282213882,8.02542853717645
2022-11-18,-35.5014886071321,-1.411531019069333,0.1505534675175787,0.8013407900992142,-32.4495340452028,55.72073170908706,1.561603264217293,0.04733498870457176,5.905049647017943,0.1610369658077584,10.518571033941447,-15.674557053909242,2.333362475778536,-4.62910934467185,2.363868035108286,-7.6499503476749044,0.527008091733389,-5.886967755054993,0.0713890602555881,149.46714720149217,-23.113196485457102,8.219819314412762,2.347455259203163,2.947378979800267,-4.693718073395641,-2.407816834819799,8.648588966174533,-5.906352397467316,-0.029066161322259327,-10.625407888022359,,,1.0976986013895038,7.005509535449266,-0.9193031128016849,5.027713542236708,-12.166178290170329,7.611370198906072,25.802894956206824,1.2400831705950668
2022-11-25,5.072718249659091,0.34153711024545724,6.800233159939951,0.5392769572435413,-12.436333786066983,-0.9260424131284744,-1.4109849567198778,-31.72975943606173,21.744558538036987,1.9461984703305704,-2.8078922957298342,-13.692933640245672,0.43345961824044643,-4.441048949726342,-6.457604510492074,15.271321106894408,0.36165737273694676,-2.00354495496948,0.346488611528077,-19.94671423470704,-5.2976481293933775,4.574716085434112,-0.46909366804767993,-75.92698414850175,54.24147907393517,0.9707776539547077,0.37173493136586144,14.24060478545892,33.743599219697884,2.510902373704318,,,8.613576102183979,9.900088929642735,3.2147735882145243,-18.785225236199352,0.2883306140301627,1.559768061483901,5.368258280084319,5.621751792271384
2022-12-02,12.27169551776905,5.3090923405409685,-2.4139480192729708,-0.35995621607978107,-48.86890543448745,-34.05102888931146,-3.077207548255059,9.11118030973652,-32.562541929753316,-36.97976801939968,-20.784143633967695,0.6207138336191331,7.352134939622726,6.542830299461084,1.6442898646586914,-0.08680459674632285,7.057336897265345,-2.555905997681201,-4.8389377024699485,-1.7453558645582583,13.119369199998141,-2.8753859259889873,-2.1063014898141725,33.71898513828164,-2.682123757520476,0.053027157863380185,-3.2907234240109076,4.427405031679644,1.6560091146964733,-51.27971668943137,,,-11.305613140450532,-7.993272018345596,-9.176305693565105,-10.735126251552488,0.7102788248366361,5.646325011813048,58.75654760175545,-26.893222824576835
2022-12-09,-39.67942216750516,31.88534544415391,3.100281149525544,-1.0468142503792512,-4.886593246307015,-23.22846748716424,5.277727009415052,-21.619234300219645,26.023497262555033,-4.9436578647782135,-6.513406014325812,-64.85510184127868,8.501907854425344,1.6697729282840303,5.409415760722934,-0.11296270414092202,10.716417834214559,1.0836790876258764,0.15107770997946302,27.411735555205922,-20.394943213374763,6.177601823365033,-14.80206973302096,-62.84604163608083,18.96885008977315,-0.007059084278314973,3.7278162561864336,-18.032966655318614,-11.540582720112546,-3.897130748701416,,,6.222925410095644,19.154229093800915,-0.7118065810241477,0.26050559356129166,-0.15628885107777413,17.082293185990032,5.403108367889573,36.45781535919474
2022-12-16,-15.402963748846252,-0.29004400140870984,0.7280249191174077,2.538455423412069,-0.21165062678728264,14.99991848447474,-0.6934482712921414,2.9032248691615075,-12.666894092893214,-12.92892521873485,0.23771538456081714,-7.0887256490756,0.48065765970916197,18.69173387872007,18.77756987856256,-1.02695931779149,5.001388652474825,-2.3754865468677195,-2.6145460564786647,-94.70483073595891,-42.11923905526477,-14.528196258113947,0.5861250276609947,14.500849997467265,-7.421512926000622,-0.6132616809677519,0.654325680984345,7.933500463578375,-0.7962580767563344,24.097941719861286,,,21.087423778012663,-18.343094124751673,-22.60576317429809,0.0880309953500008,-0.6785567287410044,10.971297884110639,3.313329573614288,-10.466822812382556
2022-12-23,-3.119604570022519,1.6850988426975497,-0.8962453317109228,7.9919511609627785,2.7357707218205833,1.124067344340613,11.339309399209188,-31.264484851539176,10.281097957648996,-17.23228752045581,-31.3339289809219,92.57728546883159,-0.9035802318533914,13.401647927084984,8.962091622991437,1.6099003518521382,0.42317556352545044,-27.36246496874829,-0.19301254442943672,-51.73751893854157,-58.21968214704732,16.287504655758493,-1.3301175414040731,14.760796606747245,33.19267225660089,-0.0766741025490022,-0.344812448027934,4.912798338701316,-1.8040918778005746,5.906557175547428,,,48.822449274954515,-3.208868303825749,-12.163645551573074,-3.266950869787578,15.653849178933827,7.644555612579644,-8.678591532280228,4.676249503516508
2022-12-31,97.57312084543338,-0.9320310351055692,-1.7375327217460077,1.0659398746345818,4.175503047383874,-4.089420434816712,-4.577134672309111,5.55708438626759,-13.41212006403744,-6.795009013177762,-7.698551006331854,-47.00470720707018,-0.6077355364539113,7.396171452903161,6.7104195600992025,-1.1385152021321878,-2.174596154706126,0.08759765830069134,-0.4385940958678817,-0.6622682582695478,11.547687430426587,19.60828458174439,-0.3919107456824279,-5.516287933253611,-14.045192887427664,-0.04056497779029243,-6.7885712414510735,-12.967591312717104,-1.1969419669109704,0.21053330933095182,,,-21.20011055000448,-4.234618745862245,-36.06592018820158,6.058423785488406,0.41534616691712495,-12.497896077975199,-23.98535401943945,52.54760299841284
2023-01-06,-1.8405161676375659,-1.1925647132505386,-0.2968854797447646,0.05207025654369413,-5.90996709167476,-22.985619100273695,3.8846890003088217,-8.079464758610703,-7.077174601778763,9.92266671429343,-14.306138096239156,0.5039096071007936,-16.485118703107872,-10.045382517565567,25.061966686303766,-1.8684437218172538,-36.26875761752343,-0.921248768017698,0.16477521195759598,-31.473702413264213,-68.16600683792154,2.673113905397664,31.768262137935306,6.805953517867124,-2.685733365138368,-0.030296728568949383,-2.7448557072696063,15.233262507379823,-2.121002640702569,15.60929819080436,,,-0.9461642515326482,35.336836852375775,-8.260502903408195,0.08581826977757662,0.9516378054477627,13.88832720653512,2.103863797230006,5.523935017568016
2023-01-13,-55.27820786393396,-0.2903886961442878,-1.6707755873210366,0.32348599897261404,-1.311686238391062,0.1830404950555973,3.9708519513507037,9.083444963038101,-3.912432629657479,94.8663624892432,-12.262008849674057,1.2971818393286985,-0.04277470301164457,-5.230634195120946,-1.0316163233454292,-0.02646565137926088,-4.162009718980014,-0.9784787699949719,-0.11799387639625028,-7.005687657234711,-50.978466794981685,-0.9170510177831104,1.6039799058260586,-54.65987794215007,-10.505846924614307,0.14835672890073884,-0.3498047575410731,-14.227605743466611,-0.07063146599480849,3.9019043414530454,,,-6.318317705868246,-54.24427394124285,-17.06777884006254,-1.70693507846222,-3.046821555899273,15.196626992513576,-20.88107794072879,2.9598063711358287
2023-01-20,3.9931382211808923,6.941192940693607,1.62455767922251,0.11208425594184074,0.9779365433174059,13.549780548077106,-4.207402281501341,-5.162655501209965,-50.32428857244432,-6.648148718072473,0.4957750096848082,0.917721026338548,-0.07338113123780368,1.6424655311875498,-21.857498149414788,0.04550660103474363,-19.18084454873248,-0.3194519074313881,-10.123391576035772,-7.784151044877284,-14.169793445061153,3.5757096984881884,-3.550202086967643,5.7474327130924,3.8535038897592098,1.0055676397123054,0.04840917615835419,-10.042032429102914,-0.9482221294633688,-52.802845152406505,,,104.41981987557853,-20.03260619652046,-1.5009330815487965,0.7742302507185013,-7.080388209501973,-13.981260999353132,17.341520580123124,-0.7057450821996389
2023-02-03,11.560714618855618,-2.504588738333046,0.8688937095746728,-0.02936838720981497,10.932982411024277,14.6617381456435,1.4357865177293248,-5.491049228120694,2.2305513506975103,10.790591270210216,0.9729392633144074,-16.923324651284613,18.117345331408025,-3.73369954267876,-1.5067643388436596,-1.6486074331798601,-4.1230441637940505,-9.385432432045073,0.012401516638195182,0.9601296553757842,9.636268011157426,-25.1589998174067,-0.03357210958500456,-3.953055110078608,-9.815153625317288,-0.0058755050327748675,-0.6023115467424736,-43.981866178577626,-1.8915328979408725,-5.917167726450642,,,55.892762183781194,-2.421180345158938,-1.7512847937147922,5.223353002453476,0.08315527093448752,-16.742412966793296,-7.403458527898754,-11.079183592641154
2023-02-10,-0.11659045052797434,5.047648385590996,0.8149620773180485,-3.4295798348618485,-18.789678092841097,28.20019594472516,2.4407926104335873,45.79880086554357,21.98209456852763,-2.08245134031632,22.830178259019682,-4.204612887918664,1.2930523627710098,7.065263618153712,-19.997938821528436,1.738449707003037,6.753158777603908,-0.004873791864666754,1.5678597424285554,-0.3635709850776545,-11.495622025949451,-1.577864407781268,-24.051837919245614,4.456511949302296,-1.8241394040331336,0.03679383077146249,11.155649906052739,-34.55971381780286,-1.0973005663923974,-63.898922631255964,,,-2.7373144978484256,-30.427133064316052,10.1758389738864,-1.8019868641323338,-0.9848926733051666,-11.761247796051745,-9.471899341624678,7.616318037320902
2023-02-17,32.999009373691976,-1.9334075363522467,2.29064961626793,0.19302570896405574,17.461301086004465,10.487498990263333,2.5933225928386516,24.640317074014796,-24.14197833036276,-1.4409132582344473,-5.717036145293834,-35.88604129590533,-4.74283746914353,-0.8626512245055332,9.06533094468322,-0.315119057157003,-1.87762093205653,2.6353998035313735,3.4859731438543116,-115.48008695151225,26.1899430365416,7.696825772367794,2.3641940043664813,4.229975103573937,-1.993206226922664,-0.010117759536649985,-2.2378760469452357,17.770763165489747,-0.03209970426511797,124.99283806723008,,,6.852878042923754,-22.831226673670276,14.219386275063876,5.434305933828244,-20.63670670325958,1.279023795133142,1.807984566898564,47.146273554255174
2023-02-24,-21.94619901919523,-2.065054494715719,-2.1395739318799865,-6.0765542106043915,53.677312030793914,-4.662053471859817,20.811945290431915,34.11703160160597,3.888557230509133,10.185422879076615,-34.12229303083177,-0.9749941977691499,-9.283067279296453,3.941151570443126,-17.95532343856809,-0.09678411089079397,-1.1072552809008014,7.605130170750453,29.74769066268938,2.8604911796071653,-49.38393615764418,4.9218702271596495,-57.21709198347263,-1.2056567329866938,-1.5624639808227072,-0.08701802930159133,-0.0038915037855857416,-13.75537718878318,8.193360583957087,-30.423149716709386,,,-21.0941717438565,-17.412118252107643,-1.6905221140245488,-4.223253104081029,-0.836044683273701,5.882272269013738,-1.093249904150125,9.765667566116795
2023-03-03,2.3935984659157983,-0.6913040535123542,2.330328607271931,-1.1828080889859347,35.194999128218086,-0.6713901575408082,0.34743632410438785,-0.8820529407273345,-13.268574441219315,86.62965545771397,0.8693013508803897,-13.306099817537657,3.177339637416908,-2.5948116208751126,-4.963592000507257,1.5549827815746184,-6.171575682187976,2.7737002009100076,5.701401602974627,13.305173793971592,-64.95313353046126,6.7051054274936845,-4.150409800437284,-1.584377439323191,-6.822429269346361,0.27762991051297076,0.39658164827653575,8.12666568028906,0.10466083200049495,3.264736872949421,,,35.69016640338788,-14.602564969721534,-1.9002483794998737,2.9991261836611267,-7.1724387277995945,0.4653505374947505,11.232770662585196,9.530230835695283
2023-03-10,-17.36699795562691,2.3490204067441223,0.7199114686119213,0.055008543797545245,-10.052482343097296,-6.446118360794807,14.57069433312619,-3.0603347271757535,23.54068203046494,5.446491599991282,-13.98302346723864,17.417468279483643,-0.5254367038581169,10.502827422048123,0.6031273100786505,-5.913963940264367,-2.619933222732202,-7.839631500442336,-0.08967902381210724,-22.75218286098146,-50.569545101855006,-15.318739653404101,-55.18244181844364,3.044486990201446,8.854998868570277,0.027296927562919356,3.2407172188281197,6.0258147965664435,0.5602656869378744,2.6809212729207204,,,0.25006792256582155,-8.789178569123504,-5.95416185594027,-4.114774923468569,0.10726043614436265,0.8120424522898734,4.232383228286038,-0.0787056567375106
2023-03-17,33.38527217884004,0.06248739838213385,-1.2621647772892124,0.4378741115405803,0.15002943598882368,43.59624812494795,-0.7594460271889241,-55.2773847887963,-6.084492464521962,1.939227718652013,-8.053583179129415,-7.807008564650845,-0.44021778568161535,0.5103867870918724,-38.90962980564319,2.255957316384254,-1.7840205972772036,-0.20162428266208815,0.59965247808452,9.56055886221619,-18.880899858462517,1.7227243126845853,-3.0208522634844472,-2.5838893199190696,5.909237497910123,-0.2803651042442245,-0.7145013357141006,-26.05123841030339,-0.3717538062089608,-7.308303438360815,,,-15.050257058321979,9.636975402218628,36.59322663038059,-0.8109830067871047,1.5669373725564624,-0.8162639042681599,5.437246454202356,6.633774264375642
2023-03-24,6.946993919620243,0.32568267484491253,0.5463260942034728,-1.949012412940661,7.59165925104512,44.18104272882767,-2.207576629969568,-15.425663048880036,-18.472601114583064,5.347064385395813,-18.22763866736161,-8.134942051405023,-5.9024647678875235,5.94564704653698,4.866382425709086,-1.1825212359270327,0.1482519171925288,-0.2827974985265269,0.35273141483317577,21.995096226921675,-33.881563308292755,-5.129990194241833,-0.5934125947124234,41.1098645765089,-0.7989979651927186,-0.048210230211020305,14.798454111357948,6.859271719594266,0.8515202813680729,82.1401102434885,,,-6.078824337182192,7.07661520261862,-0.3667977571532813,-16.275150241321057,-2.7454905728048566,13.467842519337367,3.215876375499592,-0.52142219107375
2023-03-31,78.9605580312455,4.0738631091150745,4.0436041016442745,-0.7952291555952926,0.19507506800644747,-7.302611525326566,-14.495419622317577,0.25982526320234167,-64.1592682259136,-9.7829351621539,-10.40695102749326,15.561552072301339,-12.940371033356582,5.9133111107886185,-11.83879680573187,0.8472637699738119,-0.19773172001236716,-1.4881740434148856,-0.4192705838118722,-29.757924405843294,51.73476331046768,5.1082168960273515,30.629003616189273,-29.685884110799353,-28.05244555717504,3.699652758417078,6.306080766555651,12.07986178823448,-0.16883510682185182,6.548018943478701,,,-0.7990098260593057,-1.8160135209539987,5.441738268668332,0.0025067116491682695,0.5990385853737832,19.510205917281386,18.76006143571601,4.7755998391225205
2023-04-07,-18.388507291832184,5.750697197565258,0.08586827912435024,0.2972150407455996,-11.24879968210097,8.364645811461129,0.6104085986983556,-3.2288789132133386,-54.75385538981764,18.243073841430952,8.175004029790598,-3.6832087199868826,-0.17209382274258914,6.077208593645656,-3.8684654935463434,-2.0892928105946598,-18.943052113665253,3.602040964742805,0.3837670471581971,-72.49293284809359,-85.184581835629,-6.03451871813459,124.44577551009407,-99.3207160408835,-26.2919630850334,-0.08022072421600161,7.8703944303841284,3.6684303573088957,4.459367631301684,-40.32164297918164,,,-41.715143073670376,-8.725012111897408,-0.46226983610994965,-0.6358069641266108,0.007960761488618101,3.735341608454963,2.0789879122344272,10.80436119731282
2023-04-14,-19.189190015653146,-0.32932620108818467,-5.722201333260214,3.708604486161664,-2.9789698244834786,-8.920193734659467,7.633913341148851,5.660718198319105,-10.684089205816043,-4.68505961771486,36.490855384798195,-16.14718429385661,-1.2512919095965853,3.0109325725206864,27.486682012290498,1.534723570175935,-3.3514226731127854,-11.866421481720424,-6.902093256618022,-16.160171846742433,-6.706590783815142,-1.0212647817289893,-2.793150473273837,-2.8281425145986163,-16.55195212669217,1.0843559837956072,-1.6758537424116549,-8.94553027641209,0.03610439488997719,-29.944189291106188,,,9.37741439345903,-5.1274335836966465,-3.582212028767899,-7.5297761789730995,2.5518693561636465,-2.004248100397193,44.28752210614084,5.721962841596175
2023-04-21,-8.505380314521684,-2.888591532207986,-1.988958500559637,1.361855092900086,-1.1141263745737342,3.077202452058137,-2.5057464260815303,3.483761351748309,-19.8276890711436,57.18608035158657,-44.64742866048956,11.81621568201959,-24.469132925273684,18.35417931826131,11.066729067894693,0.5527070617572338,17.123086102705546,4.655601777321841,0.004192989949029589,10.855368152347427,-54.202064603260936,-0.19741811937317916,1.2191954122370794,34.81798750140411,6.688810174292076,-0.5041241415675829,-0.027607107222916732,23.01602598315067,24.10910330051374,-11.32090535708842,,,57.858954016929644,32.41922153482466,0.024295227664165073,-8.695258586819605,-4.503846505632351,-3.6348653393549393,-10.072449629276354,1.2442919689859417
2023-04-28,-9.590948864982648,-1.3251854588492622,0.765043832597595,6.712076051710215,-7.461485324195487,-25.16385706871951,-0.016360241474424178,-21.784394774084316,-14.938093628247037,-10.173608865962246,-7.1625605604339215,1.0034819453585833,2.7027447365216006,10.858117502939642,1.1364274419318388,-9.1661161684946,-6.572154295393268,2.0571624433710816,-0.5046568994866796,-1.5800329740617478,27.688627804342524,-2.8207031067506003,-1.0182498696791749,2.2162992619267654,-28.921652644753433,-0.38437216256357115,-0.7334642711263084,-1.0101127239032237,-33.96986530391031,-13.992349508302835,,,42.11106713327028,61.62714737288332,-3.5155851589104836,-2.2684574788639114,0.27978756692179935,-16.10180100065957,1.1154165580801707,-12.667277425258689
2023-05-05,11.669412392165688,-5.4252811972100785,-3.361054369730352,2.658510315651953,-21.467397442053098,5.612481434231019,19.524380457226712,2.262861693371602,-18.556049206841816,3.8380070567382205,-2.2219666319486735,-2.1557348385341397,-4.70370247237514,0.2446288178617424,3.959456594752141,-1.0729867090494742,-6.844188489223219,1.9971683702452259,0.20482783016278638,16.64753577373398,-14.95955610065231,-9.82854340861756,-23.18591690926877,-7.326018847958629,1.2937506770883906,0.03100155925244812,-6.1889540122725615,-30.063720778987058,-1.000459936799805,-32.23711334050881,,,-16.756587800703816,29.50431882832715,0.4941071964631707,-4.274405528366572,0.3642197943362645,-17.039965793236206,58.20821064360766,-3.8675828918124338
2023-05-12,28.837473020805128,1.3405206757812933,-2.28752410144048,-5.064680338830987,3.809669860105865,-24.050578460633247,0.8002604436215421,-52.00677145668663,-34.76638890363242,-4.345342651790287,-8.61339332936036,-1.1328906305743764,9.029825089594144,25.78165706227271,6.713172144366655,-0.6798912569034805,-0.4335699564742611,3.197729739744173,0.8981822434068888,46.418221920758796,32.016854997945956,4.3564291043657635,0.025114796207083345,10.156462631783418,-0.7735524491857387,1.3428463110689182,9.42613077094678,0.2742436498242178,-1.1985939796787595,18.36555132632033,,,1.74448400557021,1.2004830526363068,-6.741711535354969,-1.1580872455687885,0.23225907485893096,-21.959292752316355,3.952732277913286,-20.008744578386615
2023-05-19,32.26160311091953,-63.445700947677274,-0.7313372340436044,-0.011444354771483645,-3.998132271188007,-2.828971755234891,2.1137980543453265,2.4007860672070143,3.7987863152626336,37.07797323922982,70.38296959872275,-8.919560020944832,-0.06787098193211326,1.8212871072277768,-55.15451161760031,-6.461784061407638,19.887412567866786,4.642235714901308,-0.7977077447073978,-26.108576738493458,-29.943519892240918,1.5737922435576719,-5.634412699840964,-2.6460089534170086,1.305010186549291,0.08867670881394912,-1.6990937692783348,18.833087965770726,8.932727933537684,-16.39593398411643,,,4.094356638369696,1.842763768655551,11.000177580194856,-0.1944707512998458,-3.279574940045414,1.3723373548187154,-1.706001221867746,22.620533421265023
2023-05-26,-10.368160547368896,5.051231851384741,0.03684801290670359,2.7291009801081945,-12.937995909331564,2.8218130881766115,1.7578572446652843,-1.7560380622325822,12.275191417785145,-2.457438144055371,-0.9579914736638994,-7.429026107515172,-1.1191873774115255,13.673739674036241,-9.916509763111804,-2.747869284136024,4.814954593266379,1.5930406829893207,0.7915824094787385,-2.8323332026330026,29.503889253857505,-0.817491973716103,-20.593677321910416,-0.2284084418344919,-2.980108346290077,0.000748935534516609,0.9211282662958025,-23.100843238153427,6.663958640742999,37.14019719798337,,,-32.701651910829106,-26.752631087885664,-0.466478594421295,32.07466968651226,4.569507463021929,2.2969773266502522,4.6601649525457205,23.02993824858983
2023-06-02,-21.111836071190908,1.1246712013149374,0.37944221104155756,0.3134638648496306,-3.0430975452735916,25.88283257347741,-8.424410325952147,9.025429333207986,-45.93667913323794,-9.282645464608633,16.40737169910153,-21.22245430825,-17.54304814963317,0.30516230248023113,32.91192370098607,7.488197946926404,4.347904571246522,-0.001135055623061515,0.04950627852829115,79.62096695416534,39.692965472210815,-3.5035913275806245,-1.2950444488475714,-9.148203182398147,0.7275563123987121,-0.029432660126040074,-4.942462469049508,-7.01082805089689,0.678682220561836,4.058585356901203,,,-24.76407613864545,3.4649652457051094,-0.20589254567972556,9.702850149404137,0.04655746039155384,22.23663193737959,-2.786752400844133,7.932983448284342
2023-06-09,-4.780997864059382,-2.0790858330142226,14.328380537776075,2.043298620702061,-25.713745091959087,-20.693762314892382,18.17872825185011,-5.963920843690837,-0.9094413634842453,-7.3252008065401855,-29.55836872103604,-37.46369020971074,-4.615133515353361,-0.5594731748093011,-2.1011026193179356,-0.031632150412023094,4.821467791991659,0.8192298631408056,-0.043116041020415996,18.946810940522823,79.30329807777433,3.6417395313318353,-8.544618819916984,12.15577493831747,-114.88544207929259,-0.2941956879805906,2.9028715748921585,1.6013385198083252,1.6913171883200002,41.80903700808215,,,-36.24396785840769,6.201272705771162,-6.642648068632107,19.918477077214945,0.7124623876044588,1.0604558736503256,16.0201759477676,-0.28574433021097445
2023-06-16,0.13735123641183652,-12.022562905098583,-2.430652890843556,1.1340106585301075,-10.987417900450648,0.6349014597187735,-11.322534941385808,-0.5449461850466162,-33.87561581698933,-3.9338637961608565,-20.714325201878324,22.9279818679146,0.19496088290538932,2.8369833342703057,10.757681899887572,-1.0651460381350069,-2.445016499162426,1.6819242159709866,33.415209852977824,-43.35836515315271,-9.229627200430686,-4.554960928754966,-0.932017618146679,26.048214688380522,1.7697213231398419,0.8492998053028231,27.601270321787222,3.501609895821575,2.9809128408441548,21.939005373654812,,,28.64604485510332,-27.31566411379898,-3.403854115085786,0.10130783357667184,-0.2212871957845192,23.29336156157964,-13.261455138261375,-8.582885626618179
2023-06-21,25.936282076658685,40.73119609138317,8.286069493193267,1.5528660235018437,43.79081321811869,-11.696334196100077,3.961677158180909,3.922350119333899,16.864368765842244,-1.4655604192925173,0.8967604575179655,-16.475714476959528,2.13650095059861,0.6150711664979319,6.390679461837223,-0.4781059782736701,2.0667696339423256,-15.50410288273725,10.748973698954995,1.0706835363112626,17.759240159740003,-7.738704454172335,5.790064915509367,-17.64329325897739,1.5546476936098221,0.11137308995013467,-0.16205099867707662,79.91572176098059,-1.6970664109198577,-27.43650060130041,,,64.5721636671175,0.13097936748814032,45.77333394986932,5.96967776309895,-0.6393596365487713,-0.19986137938825485,-6.420147711835998,-6.788296821410792
2023-06-30,16.215762107217028,2.2593967996089117,2.496020310030664,0.8445175925500187,-23.964790001751297,17.281475948360917,0.36830585988160647,4.544111558238936,-30.72930829772194,2.8708931019245445,-5.113565866764266,-4.769069753791798,-4.145378088457089,-5.538074766920751,-2.0651709969615997,2.390220298001538,-1.335673788768083,-0.7095652626882668,2.752757313564885,-44.24081290978527,-35.449813903916066,4.163970986578298,11.811655739244426,43.246677384963036,-8.994407088140827,-0.023317489253284182,-0.28524680864417085,-5.161484601433328,1.4283398016661144,-65.01624155748867,,,-4.451918734195549,-10.20632599176213,-13.957772312552468,7.510614322043923,-13.324216711812692,-15.77254388680101,-5.661113516923312,26.22878431742713
2023-07-07,-13.69167520233605,-0.4803605680929368,-0.38303750275867154,-4.306819378615703,-40.62105341769936,-1.899095444695859,-3.629019104988745,16.64316961491485,-63.18264944857051,30.394890069270943,-1.0138669000563048,-5.171217533430786,-0.2767625812509945,-4.702062001210835,-12.3240093740401,3.997854558578074,13.843594517733955,0.5628802402805803,0.42258769550386055,3.3841208310751263,21.550504952049433,6.23056251479247,-0.3222582982998985,-20.47008951901319,-8.960844425693866,-0.10724248640167058,-0.06571067744308148,-12.748562192829082,-6.045573658485948,-29.075331576939647,,,-71.70432780181135,6.296838196635832,1.2546830660287676,-26.08265579189692,-37.60366701010351,2.4257064178000434,-0.5914401829065151,-0.5411874873857507
2023-07-14,25.70081927398655,-3.879074163681947,28.042119779786415,3.1511373732905117,0.20047594935588542,-1.3140072219755956,1.869911419838804,1.7240633919930926,17.17797370958808,2.2728889646064316,-9.304343226063741,-29.705453696164277,14.18537811641577,16.93014580502068,4.720661192740388,-1.3164510719852318,5.6999013111979915,-5.233730913629364,2.46415291480609,-0.8961888263388833,-18.868429281687416,-4.2794672169527805,-10.255066730051567,-2.6528346053369707,27.437579198721885,-0.10386305073414384,1.2865981591014868,-69.85915274673447,3.771164768881742,-0.6278373400676075,0.015113634005878621,,-11.962232114375018,15.262114179577125,4.365909596017207,-1.6516438676494496,0.07254545597526216,-11.236062101978087,-9.224756426721891,4.7797532140877275
2023-07-21,21.97370842606284,1.267629819271989,-2.106327883127035,0.6576904918423638,0.23601322926801205,-3.4591090122728256,2.3676787043651712,5.109005741780317,-40.0203076894937,-0.8555095620119818,-12.902198532779675,-6.659875475845559,-1.2549011047786411,0.5547484542003502,-9.959705346042135,-0.21370327274925113,8.436954055567087,0.3988073660725143,0.2968011869619721,-4.190583147399352,-18.59158319978233,-3.359676119132427,-4.138583906119076,16.759756431839612,-3.0632447676055152,-0.14735693305971015,0.3825324730821957,-8.995501340904028,2.1526375942124587,-13.66259011600182,0.10263075463964354,,13.25266317910767,-4.436076758418424,-3.0061015864143856,-13.563789034781955,-1.0043753115185727,7.411369026917252,32.62276227428477,-6.213587545057275
2023-07-28,-15.294249855682041,-3.5268146468507897,1.9019323122626912,4.888010420326734,-0.405778963959484,-8.09161234356721,-26.55403613343885,-47.9540402458242,27.00372547435728,-31.568007534604966,3.5101919158788313,-18.018874819510152,-0.20397061598370403,10.52490659809785,8.664301190448976,-0.15864635066281318,0.7145638039668687,-8.053591153843541,6.483403965727519,-37.58935488732993,-117.85419269740147,4.187835798955946,-56.77601517885864,2.1461931823905047,-11.005408839851004,2.2245940914726785,-4.260015316228193,-11.966667936667413,5.7891091124895695,-19.375043404192937,-0.03700866591724442,,-17.145166797333857,34.55355305139528,-6.806727697190867,14.83352890213179,0.07875413755095494,60.70335966611798,-15.852860482407936,3.560715271712847
2023-08-04,9.15912588183862,-10.938525319450266,4.0681228035401205,-13.341513889920195,0.6930625850950696,-18.425874096104934,9.774289420281375,5.543580060126868,15.020552293675683,-12.349319657221539,-5.721082772666096,-13.489641766689832,-7.1118392954684015,-32.063065352478155,12.016978396492282,-1.2269164161224344,-14.692839736916163,2.0336305621698973,-3.1863718942454993,-22.73873791108653,44.121695811800784,-7.304774586206671,-71.68430474432601,10.79286091807022,-49.55432409060175,-3.44673389096357,-16.735038167920504,18.43380173940288,0.7466637985043939,-14.204531752119522,-0.05515069373896268,,3.4490835493432273,-11.131230504007958,7.4834883041363085,-3.8130532761762574,1.3741288926580126,-3.295622637225741,-8.991817758064215,15.05524882144212
2023-08-11,-12.081914164479508,3.705870727491611,1.4965229266042577,6.389325436867261,-2.2323157177876127,24.346651254319806,21.569448760740265,-5.886033595415395,31.4172551946419,1.6788729655378254,0.00947188443602924,-11.614975592403264,4.245203855654852,-25.044974810260968,30.843534587608893,-1.2564339051515243,3.4305463431176513,0.027834135348481788,-0.8098457067642131,-13.025553300230479,-48.23889766837376,-2.319043731961095,-2.5634319753565404,27.566353113889825,6.756957663566465,-0.0035741277050022977,1.755677468366977,-32.74312746991254,3.1729689621998447,-54.974388702209204,0.7909987873631567,,-8.879068055029185,-20.210779403488004,0.15910485105835062,-7.604816884843345,1.9556796178976845,0.9711316989374228,51.13536028922231,5.372899479682062
2023-08-18,15.553563303221031,-1.532773194049519,6.830084761603242,-4.957113637886567,-16.632072948672327,-15.723466625759809,-4.561347278952376,15.867842487500234,-75.10294282563663,-26.034517213968975,-15.701152882310145,2.1460999740642084,0.6498791845899552,11.813990370053794,-2.1445149654479394,-0.765597678599867,-3.484560034469242,1.6654841555770048,-2.6818286046217477,-53.91531535871921,-30.511089189820293,3.178256269662941,42.7548563099194,23.062962057538897,41.06951528010988,-0.13583070525683263,-0.7846623911712685,49.17426201874718,4.767569965735961,92.94542906417209,1.128862765085953,,4.401118651749299,-38.857854744139594,0.4724797104370891,-0.37263175356157263,0.3524689647362627,-3.7704623040983,24.54263035122304,12.459300338548966
2023-08-25,21.896435048210982,-0.7378348878567667,-10.862463973854464,-5.302657261709139,-10.178044840843977,-2.0389402452744374,5.4221572339564625,2.8750208697250117,-6.97244477232907,-34.05572515362354,-17.72116734007347,6.9168385178715805,-7.8260703799010125,-0.459117589302636,5.722602251892048,-0.2628921582298701,-2.38513776588979,3.553264818508235,0.6491276232769074,-0.7911745237188614,-25.086726892918485,5.582101988190044,0.5362427055142625,0.3330116486964387,-6.98255145859221,-0.4390276930590597,-12.098122108625155,12.835343171760027,0.4907968380388046,12.986192802867652,2.0927866357647966,,-57.14369964177602,52.27233158451064,-12.815678982654251,-1.938568135246563,0.03708432728649737,0.015032400672482543,-13.831707663780506,26.39175800826849
2023-09-01,7.876974818479478,0.2751128644480583,0.16793093488496683,-0.05253583509329615,2.9401751424173894,0.25987571630103623,-0.5265434307990245,12.576345102816406,-17.973062560540363,-4.910068188924941,-39.65528441075141,-9.212968793842368,0.7462823257781875,0.3213684233907321,-2.6173933770562385,-5.302320245215197,-8.275424869819236,-0.13490261711232898,-0.4398607769483756,0.7243982729388063,8.876010002530787,33.549489957309156,-4.56454297192819,-32.71500156127582,8.810723740090918,0.0021811146856493733,-0.4303157068078711,4.807537714115407,4.770386054191562,-5.178362861374332,-0.005751448427592543,,-7.410910748921338,-1.4578128192211512,3.8024990947520094,-1.9973658461202057,-0.3836447085897714,20.39888757481045,52.80005969887341,5.092105044174241
2023-09-08,-7.0554897494208895,14.35607635853038,-0.7131163604472626,-1.6062404984011946,0.04654088979589874,25.245299027392857,10.22123069042751,-3.9105131320479,0.35265317169531585,12.433011196020589,-5.28137449954452,-16.2290552447754,0.10678464135538912,-4.986491915256326,-28.57698367021779,1.9743467611591488,-0.4991090028952182,2.5581021502493617,-6.554327771776155,-23.127432881832075,-75.71788006163665,-0.5212674191057445,-2.142766530015029,-5.4333798012484475,-25.68800293083482,-0.818920559281222,0.6173132688769994,-5.864457635175295,-1.9142269758460706,42.33504000023548,0.03723820855930285,,-10.369265435883314,-2.76654375947112,-13.868844925551684,8.815841918355774,-1.9564436329416883,13.145489298888561,-3.6029594100152456,34.88407074446073
2023-09-15,-8.29104161112377,0.8998507600776618,3.635192521304315,-2.3188397731427304,70.74759878919014,43.34630902126702,-0.302472168980781,0.06386036505281734,-18.094533462904636,-1.1879528081255404,-54.90890231002167,0.9650639425589911,-5.75534158915407,0.37244819597648643,-4.795815983040968,-0.182077247534279,-3.2316238194341023,-1.1893210490061423,28.09825354095926,-22.566588060608805,-10.047779311931064,-4.806000082924314,-1.494629254890246,7.584786563356406,4.6471266617971345,-0.20893828886334911,3.6108046993247367,-10.556971441183272,4.524642449190676,-3.443604100970587,-0.048448879483955015,,20.722026493144526,6.127905349621028,-7.785067475339179,1.2364484889576675,0.02052574358615611,10.538437321308356,28.295844737990812,7.365068820577938
2023-09-22,10.60786387028541,-0.5275388934095345,-3.604626567453588,1.1707375920029992,-9.58659595343904,15.67911634156385,14.003315336174966,-7.502878944814331,-0.8522703563177771,7.999702003720261,76.87223779553449,-15.217885253771149,-0.5168646925584187,-15.176434668191005,4.488382609585954,-1.6846031640194017,2.234173959699469,4.778653013244537,-9.0102058093035,-22.21315767667913,-48.32418073407969,12.852972491259926,-5.280540665863072,-7.384130909089651,-8.33505356157789,-5.4597102782205456,-0.3594924761739339,-1.8392715462589684,-236.32580379547787,-78.90134568371104,-0.06443747192354636,,28.630434112415262,-25.80905868446344,-2.653714533845747,-0.10393288674142526,0.58505240422114,-16.6350624163871,2.043697549777623,12.156785638575746
2023-09-30,27.093613314494274,1.4975255918329462,0.4477906132153144,-3.1916866457380912,0.4606291535824818,-3.7209426833726362,-1.0082418664842872,9.660184343113023,-8.739415946719818,-0.12830471639962115,31.93790331317624,-11.321772253030453,2.8639042467529436,-6.391826350175958,58.74377483135473,-2.948623212272597,1.2452741503104567,-0.572335016417829,13.685371196422807,-14.163746291274773,30.595706853821017,2.021197242407795,-34.377232331599224,-2.5865877118337584,-3.8196928380804156,0.020402273954209914,-20.464711431066892,0.6110131991142319,-117.43227698564549,20.034740132257927,-0.09095861212314298,,-60.3309432435397,21.337218503903202,3.5772588838911568,-4.263496630451481,0.1554486525689965,-2.7032632229160245,0.3842882238998434,2.2064333819345503
2023-10-13,1.1978586650688055,0.08378037852520359,2.06893540201848,2.621947747259392,4.8996138997250025,-4.907235208717403,11.59016656667396,-4.373758817360791,4.964082082991206,-12.80259829408722,-27.90486400093291,7.565449272649101,-3.589084026229468,35.13162591189168,-4.388444196182524,-0.4995532972452824,-1.116883621906827,2.9481463559807737,1.4505472776731312,11.97846313277663,-43.23530604558303,-4.919653442032055,55.08869137761839,28.534526322332574,37.87926997497185,-0.01944617492569988,-0.415191107162059,-1.8897709198135326,-7.425217915557486,-2.0057949696314585,0.0009352713505155191,,34.74012956609229,38.67101112240188,-2.486385635358702,2.412455053202299,0.39034643761249904,0.47349942810082496,6.817618178240525,-19.50537677990649
2023-10-20,37.05086422559996,-1.0050745836513342,-5.917013845095717,-2.3786574873213495,-5.8001357810949195,-18.85458195864237,-5.287653682392021,1.2246263160434152,-0.4903115364140538,34.16893059927635,-2.244225551443606,-2.6931218688044067,-1.1507425050465703,7.044012647110238,2.490052517815706,6.6590680349042515,3.717821001330996,4.457947568100069,-43.09301156265014,-26.642629231941633,-48.58724635279416,34.21850992476321,-6.057879952662422,14.878116811883679,-2.0174562822766933,-2.1937620938077886,-0.0663833138646841,-66.70811717226302,1.6770846701006459,-11.898853223445007,3.4208173421837675,,-6.93300735948846,0.15565499268698346,-13.436545085675036,-13.29308049251046,0.19989103605592676,4.921109992161978,-0.5513993966095241,-7.513966007168224
2023-10-27,32.38497589217705,0.332987143060375,-1.400684605579861,-0.8237931830923391,-15.727706184206115,-12.588842266086754,-0.9888390575513604,23.47134117735144,-61.67604904747473,-3.6799041668619785,-4.703878132993522,-15.923310026065526,-1.5636589517480735,2.966950580286969,-7.204787785125567,-0.5020370908470912,13.172832381742351,-25.942676379350683,1.1585359422881214,12.267850058223281,-31.003544593689707,5.971101004731996,-2.605269162356024,-15.227989101825074,29.0979867337158,-2.0597435621664797,5.348746589723284,34.645672987009085,-1.9635767114785732,-3.5672501789905113,-0.09270266929346252,,7.0542099192822105,-29.211936768348853,-7.762044403520998,-3.1728264171306932,-29.546178884992848,-2.9551770786362974,4.442300385517117,8.362078030669576
2023-11-03,-56.79272794716183,1.8001984782935163,3.3123316233422537,6.297664095212863,0.11825581601806845,3.309640693268662,-9.795378013630891,1.4297321383801038,-5.172732745792078,-1.246664005935427,-5.5485059722798304,-37.3498184642871,0.8859105304682106,7.524535752753129,7.188649013947486,0.01999616344366262,29.131766752074583,-0.7970861806750351,-0.7363208410543514,-7.875852393048419,-68.34960567962342,-0.7239559613006437,0.0037542300154460306,36.58341164899231,14.053002505753156,3.0527593289903034,0.018772555127292107,4.956481951328527,-18.593465797994877,-14.572283529553841,4.412341781461539,,7.062028678968474,64.35128715438758,-3.8970914303409327,-0.20388329370898253,4.708431601382497,9.95677311082577,-1.544174321328805,-7.337419117631704
2023-11-10,-11.6595923171386,5.691628618617304,-5.568712899588849,-0.41977926389066944,12.702011141039721,-39.9520105546458,-4.814353395825007,-10.324637272599263,-2.850142800058133,-0.27546188794244375,-56.72483941440297,-18.045479807829135,-22.02437214195492,7.711376698525808,-2.1199576584981816,1.0343563599482348,-5.091424810052227,27.123637081008027,0.21212547452592312,-31.74359483981083,0.054372655345532706,-9.55285332263829,-11.321972230393538,14.345578019122712,-61.28403896535181,-1.3931811757802497,-1.3720893376435286,-1.9693806566192043,14.325227840244231,-21.70834651209685,1.7913824524121893,1.2551226889715124,-86.69816029528786,48.01460032254171,11.451985122349567,-1.603084502896525,1.1217114062354792,8.538022011941562,29.091687289766444,-0.7548211883433733
2023-11-17,30.259107951341342,-2.095172173188495,3.0113980092437598,3.178248872340543,-10.364451381907458,-17.300427894906054,-3.5275356446001065,7.503186914408838,92.66875685281869,-8.408091753559741,-4.374071088707947,-20.13138558033882,-0.2601425257968035,-7.823684483726654,-0.9488559013059613,-0.5373277263358323,2.8677221252972833,1.3213603812197188,1.641462267129927,11.028855026357041,1.2131387200990327,10.028719907523385,0.515970289092378,15.30110517008241,0.8791418665791249,-13.945680678459222,-0.8633223914088659,-7.478175623678226,-17.622980490490345,22.758118963707766,-0.22209203005177583,-0.01781574159070563,-116.94347066025739,-2.169666319253837,-5.651609566490743,-5.632797463117168,-1.7944333154135519,-32.72781253154164,2.6813479525200816,-2.98549253231071
2023-11-24,-10.801087924771016,-0.11763899349747788,2.505431118197306,28.0308005684428,1.3637793689143811,3.320489041085779,-4.218617350565817,-19.743610237103557,-3.4151200601006484,10.915742587433815,-2.4179757319138138,12.201945704403677,-0.3737138210132689,0.6793630922020024,-0.08803859808037207,1.1582581911844378,-4.3484585483610605,-6.488837986927645,-3.8170947135460835,-8.48311144127432,2.1755985009243157,-2.6609334872993147,-2.5223354948515286,-23.55707599584547,-1.6106117000853546,-0.6765617142004143,-4.000235366787072,-2.702657293989471,-34.00174053180411,1.2932165144422676,1.5349023004040598,-0.1492411115353937,-9.682145934174088,-4.272959352388628,2.441511987550596,2.7348551514727295,13.11478830773324,-24.59596349265828,-16.47720229440336,-7.831376750073624
2023-12-01,-12.960673361797086,2.780894306569076,-0.43352549600362517,5.230555961202762,-4.414626894268238,41.150650643843846,14.491427947037156,46.65251599364984,38.72417604488595,-4.534747424905269,-12.582176087896165,-3.306458153285751,-0.7510683792186339,-4.087556296498693,0.5388660556805029,-0.9212942470014869,-2.853997914186501,0.6770204896495109,18.181566267875905,-17.131260289120345,-45.275880915621585,0.07873770500238009,-59.56192720886412,7.377546975196745,-14.505349519601667,11.553396316776517,0.13188676865082638,-11.01688734192064,6.081931017581215,-24.19392257428926,0.433851158234606,-0.24114284042294182,-0.9101344920621903,-111.56951341327215,-3.1331375996110635,44.54557097633736,0.5699510173282762,-40.31644254706255,5.261947520021616,5.200905864615863
2023-12-08,38.9362712319004,-3.114151557227853,-0.1490850317223642,0.9297545940171379,-7.958649825352597,53.24897870755099,-7.080180140761706,17.95408901739252,2.4137002267961476,-3.520880468030202,-29.42551143558913,-18.386632759236292,0.14066624447473108,16.281183294697247,-12.045554058478817,-7.50262229721756,-12.0290469616541,-2.7078784504958495,-6.797961597713211,-49.32269641407804,-33.20260465893177,-11.357842907895826,-46.47806522743483,31.224483283601316,-37.746319195559884,-10.653470065917436,4.311866523816382,25.43634129064843,-1.1254123964134122,-44.10703704493083,-0.19309820003224887,-0.16237575923531344,-2.510849501726155,-6.268258223067249,-8.91512330181654,-3.6380528660375853,-8.752570594137008,36.102020524344546,-1.2828068754127466,2.2789486560766155
2023-12-15,-55.78867989742766,-9.978601169018926,7.262142966111381,0.3788227259764378,-1.7580234352090125,-0.8620922821161762,3.8196980043683464,-4.443282841717383,-34.66387530887596,-9.805447127221344,-5.033095120542765,-20.183238149222536,1.9935038715261288,1.2680633401959325,-32.162474467939724,-7.14431822762901,17.61235196143746,-3.624628174534017,3.840152766148643,-8.908846192241027,-16.851999064741687,0.980949341101216,8.006418316788682,6.327661067922403,-25.627537604606896,-5.371946906710406,-1.0438644510655857,22.059325130697992,-2.585052217084729,-14.892819351399728,-2.2133940316651604,4.577735081909236,18.968345813913082,-31.655944863597586,-8.956180196993097,-10.054021405681207,2.561800224295861,-42.29021080706256,14.853660099440159,-10.05693871599375
2023-12-22,-22.730878154550336,0.720650906336477,-8.878939003887757,5.672539209991024,-5.944061077667162,0.20979503047497813,-5.26966230446872,16.386883679367166,67.95668653833354,1.076287820507867,-6.047090584019552,25.116645488444078,-1.4421129554007897,1.1973058141657842,-2.822914801242657,3.4850947126085345,-11.878580501336721,-7.278840916367226,1.4106092103654317,8.111653927954356,-20.526840685578506,1.9220756943128423,0.6262957939572019,20.774537961390237,-13.475787729534717,-0.8634153809699343,-0.11773698989333704,-11.580451395438478,5.316929552047979,6.684061001258705,-0.10842653924053591,-0.15390199345363845,7.187917581082262,10.176486825960415,-14.19530244865531,-23.724898171857728,0.33239308252649047,-17.420351565756945,-35.74181842165183,2.4442367879641336
2023-12-31,-12.17467692013034,0.11659649711132927,3.728631409534747,-0.2068002942554359,2.456877363321073,-32.65774925994577,-1.6584143038867456,-7.868220617153867,-15.775730593042635,-6.544018837301346,11.198054072832367,-29.575170323112623,-8.193910244688873,-6.284146881342484,15.775094352693502,-2.374479794209814,-4.666014594882777,47.3800163701922,-0.19484937807225947,5.347907630308507,-45.46389296271722,-1.1301295752589797,-5.64807478623324,3.648714327315238,-18.1373377135629,-2.6125167116913492,-1.186993041587662,4.867512209243544,12.173313310388966,-7.464814988710929,0.6589343986463554,-0.008350358220729413,-25.06613016901611,38.600886552975155,-16.245381343717966,-0.43381820484579925,23.701228742949475,20.86625221549911,5.323686733786672,40.824442626836216
2024-01-05,-0.10085860261608826,-0.3653403077551254,-0.03643768520755519,-0.30574855247381993,0.20242736943491002,-2.2359705798730087,0.48659392135992896,2.5707064402545257,-29.840163705231276,-11.924346644934799,-6.878627714301549,-48.63964223695133,-14.242064047162724,0.6177823508468976,8.062022287503664,-9.987479984271973,0.039864773911076234,2.367908980211701,6.2910453726360585,20.29111719882243,106.96635590497785,-9.546337806507209,56.21320206364547,-126.68184231350263,1.4131919005975064,-0.9124177355140505,0.7651639374033048,15.37647681778901,-3.1315419646780804,-9.888021454221905,0.9450179056564849,1.660042284014976,-18.284782727188286,38.280828555312134,-18.24398423885038,14.619108796523777,0.8246152859248037,-1.2250712458035706,-27.526723507295504,0.5600925390863898
2024-01-12,2.3152413327112766,-0.49794098978345575,2.149657545467323,-3.0131540912993535,-23.119790966324633,17.55358948528483,8.258821643281587,-47.76258352225679,53.03348908030847,32.66087664413033,27.62976901467982,1.279717818090658,0.4534183543191441,0.8859043738902801,24.840095543930584,0.28403601008637347,-32.07490127025076,-7.616395988825747,-0.463638507712638,-0.5687556823075868,-52.83195373610614,0.3089072232344183,-17.226588472249887,0.6408859675626346,-52.96513413889541,7.666166313466796,-0.44469246832840365,-15.406647620777553,9.486277759563333,-8.377330745958233,-0.006776257689929545,0.008869781818952586,-19.005727740393365,24.68652258361005,-7.098497251224021,0.1360155597536617,7.646212056236353,-13.586238335075782,-11.941654830796768,-3.2104638520659377
2024-01-19,13.178652980637066,2.101058705467824,4.108400157219785,-2.695639629381125,-5.38638209001806,-1.5197498594855272,-22.24555674514427,-35.55923580303365,51.48402798395404,10.271775333012547,-6.537580352198138,-3.1997371426555192,-0.8838690311987045,-1.0203504446815013,-0.5747194894574251,-1.9279786308627072,1.7849889743202028,-67.6206211320504,15.249671912263144,13.30626489488679,-28.769407447369144,12.007339001425269,1.9112517830921743,6.901339933054186,48.8490483438117,-17.148857874685667,-5.5607690781515515,75.54701302589548,2.817167826802789,-12.639270223096137,-47.89926738088253,0.90678668803792,68.84838390015588,-6.342597703433194,0.3517001319368085,17.780934097479765,-3.377088803175366,4.771405302708323,-4.884714468863567,8.045499774211116
2024-01-26,-11.526899826616466,-2.2475979404124344,-5.234205471580069,1.9558328872124728,-13.538285767896234,7.004340975665805,-6.712163245617816,-10.140092652596133,12.934054165016452,5.655368729158314,-6.506779430211232,-47.30254917500097,-21.80701287727895,-18.065066834075523,6.778112958552724,-0.7896618027503716,3.295508660563663,2.0783287643147332,0.26095961704541115,2.5034262392746065,-34.138673844999786,-3.603230232007812,4.51149369863367,2.9457912459938838,-15.530993036368244,8.205408138735168,-0.7396639968041882,0.4317414532598173,-3.838000819415952,-10.015415953166944,0.10716210492574282,-0.041951666697130005,27.990074588103777,-0.5912467107833632,1.5591249878291178,-1.1740551401292976,1.4997723972735606,-7.9123862522304576,-3.587251996359536,0.6463736036997738
2024-02-02,-30.752910368678457,-1.1010409778844872,1.0592763040948836,-0.05586680242291436,-7.767398216916708,-29.993853665351597,-2.849398828319943,2.00941447114852,-3.221419913693971,-7.600089161939688,-7.948100374103202,-15.872013930136813,-2.421343083572655,14.690977131961095,1.9138157852123312,-0.7791371569364219,-4.499133432949273,24.453300228130026,0.08392135462338787,17.235028487893405,2.75825407313893,-1.827527204231361,-0.3470645339299152,-17.985318737291937,-8.621182176794841,-15.670109803729805,0.7147544787518454,50.3185327013749,-35.53357524202638,-44.57391596195345,0.19704619662802386,0.46590605251378986,-6.423693939464725,24.994311424973542,-13.759251950839761,21.99454948366359,0.16737967781891616,-0.3151122348177896,-14.399818450222712,25.94443971686956
2024-02-08,23.045209779078803,-0.20346027576000145,-0.4120392435618896,-0.022244839445898668,-3.261948888932768,-11.297498982953284,0.3597092173916852,13.326699541880659,-23.945918296457954,-23.10330560609569,-6.357405526598527,25.088690872779846,-0.7982079801597959,4.149390496990229,-10.637874576699545,21.82749605313997,-3.4309717039406826,-39.28839645459737,0.6227338357116805,-42.13746451830956,-7.370183094860545,8.0224335902356,-14.272412308147155,12.641294449045487,-35.86528143100819,-1.6604364837026204,-2.5753949146305755,-22.97568257750061,168.77180062961563,-7.727028705990492,0.0679368231875653,0.11580839050298208,50.4553499821707,-40.53146331952661,29.7725935755443,-0.10679445440181604,-1.6955147286242662,-34.51554480536209,-8.944101420478898,7.6353638965949715
2024-02-23,-2.2503395875591656,-20.721741595149343,-11.655692173616634,3.5926127746891723,-33.288144490262496,-10.415468179861247,-7.704353898428128,14.365203287905292,21.474892587229757,31.79987037882988,10.36214742107,-14.646735716859865,-0.7168461219235773,0.7916058869589243,-3.0187135307432857,10.627777960443941,-0.14773801063764022,-2.5901832160936986,-0.4829252134400718,19.42538364656201,105.25025897569893,-4.766547250660618,-60.946847736646205,-5.721567195067903,-0.9861539589934346,-1.9840828422067291,-1.8197480753319597,-17.654729997257657,-36.03111122946207,52.35718843610036,-0.10731385396272805,-0.05692144375274023,-37.75779641418009,-3.8099660044514416,11.506494464019442,2.4005945946935845,1.1033237656358112,-0.29153046075783673,-32.437924565006945,-27.94425346256518
2024-03-01,0.7738769807218469,-0.10830921830531799,-5.167569602751961,1.1560241638317914,-11.071097256941584,-3.3642903458291964,-7.409331106515756,13.713445282171122,11.694858339075207,-6.063226595359266,-13.205883093995038,-15.816362994228268,-4.795140435629125,1.1273862987417527,42.7770717365214,0.8022637910019975,0.7962469703484565,-2.7850515552794644,-0.07109150420643615,-1.809133383186317,37.84136311118066,-0.6307544025054723,-3.685558442494971,-7.086829501745637,5.0794617504490285,13.854845566357422,-4.135186463385068,-0.11432460162055502,15.214939795538484,-4.622349579017779,-0.09213616258843127,0.4575594511673642,24.94230738303483,-69.48057350995924,1.8439622824161581,-4.040287672574621,0.4426994372545241,0.6033251297002985,32.977744492787195,2.873938569736366
2024-03-08,-0.3370397397486088,2.6568144585163536,-0.25125597301307606,-10.87264086372613,-1.4461778684655182,0.4020348639955713,14.872766759041477,-5.545697433802017,-16.662647583836943,-0.1627045147138014,-17.75241701150066,3.4441841122425956,-6.972632097433811,1.870510633462589,-5.451345599528226,1.7038545939754228,-4.304696968496239,4.453318331775537,1.0658030119751836,-102.92830554287539,-83.64267411706876,2.682995698023403,-7.002947558431162,19.33393069312402,1.9442227631998943,-0.13300125809895427,-3.022614210648616,-19.164571365894698,2.0448783256378764,11.075280709023849,1.7893463888254186,1.527579704372059,6.197537108337864,11.326911997450729,5.849065917437516,-6.082674052834522,0.604878517215803,36.42809684931746,10.403223845997635,4.504280855549546
2024-03-15,-65.75307922031112,6.554960452337419,-1.636590533360863,11.576014675903902,3.4399382667798193,-5.666302946033154,-2.801034382217735,24.18513486873465,-3.2666749689993,12.242986259480357,-20.965128275965036,1.625734061827381,-0.8759128335961961,-11.761311536179969,-0.17249620703713137,-1.260118006017049,-3.937428246494266,1.7240407215971896,0.7490960004606594,-46.611948308237054,-7.87788064562026,-32.59757571334681,0.0032848707032609725,-16.3453517394953,-17.282588923356958,-0.3122894047819736,0.18887343290908837,7.460033076888963,-20.09140821888496,11.15909291275162,1.3072552821609562,-0.23990695814758278,-12.413947067915611,9.532649873705413,-14.633879768672074,4.81019274834659,-0.7957694098019004,1.7550005258789836,-11.138614283032892,-68.73618255270593
2024-03-22,3.133711383896297,-0.4319268686691025,-0.5811937175331131,11.112869969612836,2.662443169275773,-6.915908941471544,-10.303381768761762,34.016654599907895,11.430551712156408,0.22713523501752209,9.099302587779123,10.071379340538408,-1.5254294035760716,-0.04746282806601435,-0.6419225008187963,0.0329852659974484,-2.9470115450606165,-10.020860780658854,0.7263433425536374,-7.226643896026415,-27.19652933077808,-8.392505555143993,-0.07736417214051865,-15.737057797981807,-3.035354788351989,0.2441922230089181,11.756515451266232,13.156200339396626,1.6388833132437155,-53.526706008847256,0.5984601647707521,0.09013232956517164,-12.596558432290495,3.004124937308573,-24.743123364331435,-11.18403958892124,-4.877876239207083,58.88172464487654,-0.5308536727886998,4.862575608358593
2024-03-31,-7.721200033380083,-3.828840434301637,1.5837486274442873,2.1735749918647906,-14.489014373671566,-38.94063411821057,-1.886805997870579,-0.4904393751009075,-9.490614917977801,3.057803950116429,-36.40769438471926,-19.134040109525152,-0.18287577124489207,1.0092319005464456,5.0908986003856125,1.6041560809239235,-2.5847579886630347,2.9135453528960538,7.435508212833388,13.57517835112914,-88.7396226010395,22.416413460790885,-1.00371833324815,31.48002233423915,2.9436153763235646,-2.80563702934567,0.7092443277965534,5.065083206670809,11.392902196913537,-44.21303119462823,1.839481661950663,0.09978406378600349,12.615996596464914,21.391889208478847,-24.440194400286188,0.07417091092293437,3.408646137385121,-0.46832510842189173,-7.406981011317232,-7.093690485747755
2024-04-03,7.553183034837457,0.11877166922762653,3.545970485970016,-2.726816383002596,1.548561278019708,16.352072176227523,37.79993451522726,-28.642896285436628,-21.34568842828661,1.8216402801744018,-12.8395534769583,-101.09515910331304,10.56576089465758,2.4528879758815396,-1.0431484216030689,-1.9918256975404731,-0.1671917237786226,6.406117641504581,-2.3290955552969708,10.034217271924632,73.47026570512708,-0.6868051830650763,-0.33501938317102553,44.636298599078955,3.6922023659416396,-12.529951390700225,-7.2241054836000975,-14.869884356851783,21.85836184292141,-3.821299318871408,0.3205141528662063,-0.007125927391624476,-26.129992533793878,-11.09904422606081,-34.38830443030351,-18.141337922162094,0.9737876200911133,6.304198107630789,1.1296542366515472,-4.221470657159362
2024-04-12,5.215020718800226,-1.1506752301843126,5.826441137400272,2.3931831619988198,26.729432351425434,-6.521668758133655,4.4159764716646945,-1.3550764318411725,-22.942501149099982,10.876771866181718,-1.5962117647756353,17.580207974635957,2.714984092216702,4.8178091880556355,0.3702604098005471,-0.3927667325960599,-1.2609436129075533,2.445948852708161,0.9372149628921138,7.465966518363861,26.326039119517695,-4.662793596073788,-51.46013582805423,5.45263415239614,4.530047708602636,-1.3484782590395687,-0.22486359106960643,11.542374000793318,-0.24379696361832248,-30.793027484192244,-0.05181049602485085,4.26978281263956,33.190181420708804,22.763537750465172,-1.8357330798933966,-2.1899160091943086,-0.10685374092315378,-2.1096792144085486,10.263376470625483,-3.6577764461492723
2024-04-19,3.4524092474520574,-1.0929144578230163,2.259640458461372,5.7517470786350255,-3.6885604961898135,-7.6465186036472055,-2.730462287038063,-56.70001110630893,58.961813690616665,-48.37132279781972,0.42221243516276274,-15.319467602801236,-8.521249249068985,-0.23487923689716855,-0.54656844064571,-0.5824830724402729,73.02521303863648,-35.612093805112956,-3.365075606461552,-50.7802786752235,-85.25649475697304,12.011113702877282,-1.0096682870850238,0.2107052527784576,22.69260915178545,-15.517138877413254,-5.427414054333803,-18.505580009308165,25.38738095182884,20.897658089493167,4.194060372973589,0.04320331448578715,-45.21622516077332,28.190138146934878,-87.84609183540925,-18.240784736249207,0.22802423234338298,-6.928635294295909,-0.5336276331746852,-1.365380550419659
2024-04-26,-49.660561539420655,3.3054163034003805,-2.424785960176662,10.463233804233468,-4.264167499773002,113.45526992457835,-1.9534839053682416,-59.23647050660932,18.540078851538265,-3.259184230614322,-3.723460317267772,3.19316938633045,-1.5031416217803006,-25.822665237811577,-2.0428628982535333,-2.068475690826668,-2.4786258469670184,-0.28823478055283336,-11.881007348347659,16.627520721517786,-62.03813511652559,-3.273957228615263,7.312160738017119,-4.561358668877112,5.101933383336878,-0.09677124392149289,6.253216241857076,3.3135362612113526,-1.6623119425274566,-2.1961610935958085,0.052462281333130675,-0.04969416304019191,6.565650847099455,-61.71328542138486,-11.556105879659269,6.518466334965869,3.548871954842279,3.58389180185826,-1.8324052567327545,7.7695364501255515
2024-04-30,1.139690200106004,-1.6453220887690803,-0.2313376447257311,0.09572100522190108,1.674784089490121,39.44679123803427,-12.639728078047671,13.976617584795322,-12.410873445953566,9.137563951676468,-27.486135234040404,-23.277097647491285,-4.212438745472086,8.421341447755013,-9.360037017461629,1.8939972262555347,2.936005742020069,-1.9954966444589546,-0.39518508513639805,-30.910364057881054,-6.694150753893034,-5.7265467093262,2.078206199972761,-14.50545714377014,1.342232324112567,-0.7393821526597927,-9.80138750791751,13.064843178896258,2.1133991077254066,-19.673749448304594,-1.2179599960726566,-4.334173712902699,-16.190159656887154,32.399854553846495,-5.247763180787578,-8.794042438222375,-0.3949144027913716,-19.11726146970476,58.06294992570054,-9.708591157483296
2024-05-10,-16.620614432989125,6.109136729885133,0.004101544886006912,0.2385740271706424,-7.749652949476535,-24.03625329924367,-2.001075155016741,1.087943099686223,0.6205123161270099,-0.4946527276860202,26.638052702103103,-8.715834236629444,1.4648460778709436,1.5729451431451786,44.09307391310952,-0.34677056057234124,-10.59907808915074,4.930497845906067,-8.0744411305518,-65.1841070042473,-37.840271172958616,1.5347084041857482,-3.802922058659139,-9.3964097372896,-11.961917848477514,-30.51282927162372,25.262352171296076,178.21658369220887,12.461956587372143,-9.615566104919797,0.16335878263516007,0.3232362057932632,32.31290864102718,-43.55136113791384,-14.228697491669642,-9.214639440607694,-0.14618575638406328,3.950180260535996,-51.26244401068757,37.74352156892006
2024-05-17,-27.457736903617505,-0.03420912843610534,0.6412147483302536,-4.2165719646908135,-10.382625856028058,1.8754068201146965,-13.41455610841686,8.79303972754672,-17.16773505886753,-4.418633430481636,-20.14243272077116,-37.24785776445109,1.1743562297605505,4.824957135875241,-14.029341306049336,-2.4555827275227458,-10.712910221195607,-0.2889894925094696,0.6265252450299779,7.903149433993575,15.230765362001252,9.98654254436696,-1.2663661257733567,19.08150971733192,-1.521571462513077,-0.7000364048491173,-0.036365821264758,17.319222390754355,-0.5790987933836802,-0.7901170699814228,-2.3777848849698744,0.6715670563173769,7.203018127442813,55.80436330956487,16.85893571895284,1.0679291587536144,1.2170265912476392,2.0275431957939163,16.28659975391381,-8.679595504438636
2024-05-24,8.68932082779697,-13.580004129899743,1.9080853134091265,1.732057304401989,-10.065527301524277,-9.271091883744031,-4.985531443999831,-12.151381005104964,0.31003520100088894,-0.9210452755591356,31.90444635424072,21.909744940343288,12.526150859507784,0.32957431450606267,-9.905074218471478,0.4094981045313739,5.497661397108615,7.718287076224455,0.05245683554714922,4.055476110274124,53.31920507471002,-12.547809980015058,0.1531926428031657,4.5798247885730206,-0.26168078689671326,-7.454972883271399,-10.769250750263424,25.53041621325171,5.267924326626707,13.010339320690598,-0.2766584745301235,0.0035424573702030754,-42.50897799989273,-39.12943089244155,-22.366292859957706,-32.68029695456993,-0.14518176943066718,-31.44529401125099,0.30210420129641946,1.2594846013370633
2024-05-31,22.767081759669132,0.9452959019953392,-1.441285310709681,-0.47970884904911776,1.6842409217008427,4.212172474764146,2.9003686692990063,-32.53822772584318,49.63506822723675,-4.3247026249766485,-7.294655152871724,-11.356695393817116,1.6195934483423213,12.851075272816297,2.5219504290573562,6.604089275086568,-3.3608891609355083,-1.6145037550849064,9.411882511185746,1.1777873009105306,-2.8923579126904344,5.201342139132074,1.0723445308275605,-10.027476951319924,-9.042701894892256,-0.7189793872655503,-28.03725132937738,53.36603119936483,0.9074432904691649,-41.40068700593343,2.46141069270124,0.42115504318494895,-108.85899099824938,-25.058739313759062,4.965433686237468,0.9316328307533968,24.024301828897606,22.94200559202083,-7.589961399795078,2.2282914138833707
2024-06-07,17.702158597495767,-2.241943327733383,0.1759057547887593,0.8934020256107812,-5.2555500431673305,7.634104403028374,7.539864347381019,-0.9448871795297176,-7.312875222234754,0.1532964671047878,-10.925245062079723,6.856649370758212,-0.3921557154463691,0.4827213039328199,0.4711082736513178,1.190772931513426,-0.34155256822141744,5.862353890289021,4.313432147356438,-6.622987359740002,-56.751547586131906,5.479866323761666,-1.8697148819879685,13.26433502543427,-7.289353699987718,3.491746667640668,-0.3437724184204168,21.253605821204513,1.6188181262893189,-56.46198733954177,-0.20767362823248267,-0.0008546745675929585,-104.57519192852618,92.80496992770846,4.540807250440979,4.37921088707889,1.0656147356117818,-7.554559218172535,-1.8965770106425779,-1.1768109972764798
2024-06-14,-4.054393030128145,-0.8336415641956323,3.234743223852662,4.78875004067564,-10.664660100838722,-68.64983278097475,-0.9076747388362693,-4.050265079348232,-8.565957571155383,-15.890869184919463,-2.768937570222537,5.549032461386862,8.597394540946258,2.6343610777750737,-3.3959634470132025,-1.4508936909727974,-1.9547943900426392,-2.026541131928113,1.0476712096189191,27.68685193211621,-35.81893603371091,3.1356294413185184,-0.9169321682424233,-32.04513498596579,-9.851956199039485,6.371617681507331,-1.965107869892635,0.39211626587920434,4.137363897803644,0.08592120909057233,-0.5099722559209994,-0.3189820813879,-71.1187583673987,0.18396331855200215,-30.848448922737866,-1.7817553939127921,0.2355034328251005,-3.947555191219805,-2.9215068585793893,6.062681687353968
2024-06-21,-13.98106851436237,0.5354923792181361,0.6452874940436709,5.942333032618548,-32.93107829016249,-20.10618725763717,-0.682609281972344,-7.207919274883903,27.07732990768068,85.79515035760316,-21.03927182730499,2.409347769709578,-0.4042505832359945,14.689417670857331,-2.813433478953239,-1.0693646775291685,0.8181621792904363,21.561667427145615,1.0658317510376984,-28.980061180428187,-80.14248194947302,0.6354002575467093,-1.532394406430297,9.849689733900522,0.71975071867483,-4.554692259006375,-0.44785881672868766,19.441962042863814,11.136041859411595,7.713601519334078,-0.14711054451201586,-0.011857387431925813,89.96356410012903,17.98976360474645,-25.053283583782882,-19.426239582724584,-0.31761575420358734,-38.254822694329754,-18.552577288658277,-12.36252733446783
2024-06-30,12.854162944213448,5.15235940012708,-0.7855816647374736,0.1032443915252538,81.47811361564699,-1.599842745472738,1.0099288644533133,3.0026066887769804,-64.89819600340742,23.65271644213785,-46.60573261339958,-4.98247223052906,-0.43744406557959625,-0.18433290247698264,-1.9106709260576649,-0.737226136551862,-4.489141491047669,2.244571529153525,0.9882996267541002,-7.247969205362948,-26.75884435999553,6.147035060326207,-1.646392857469017,-8.631205634901397,-5.472594040667284,7.447964179854885,-1.273653190058221,5.845776523798237,9.42703197406922,-36.159461557725294,-0.619079259341323,-0.23276023473712887,0.9876133069221558,-43.18361042595313,-4.315455072271442,-13.277642274685217,-0.16659611122707418,-20.58809021200836,2.746185384751386,-0.056155311427662724
2024-07-05,-1.932336424347434,-14.98393455339084,0.8719780060564627,-6.187276374355649,-11.332900107751694,-14.578073140977512,-3.157917333798435,-5.912446890945021,16.886548459880476,4.5626669398173645,1.624291783399777,-88.51145180355395,-1.5419348330320388,4.178106989158165,4.193676428713028,-1.342967216652596,7.304112637105079,-0.7667507321892456,-1.0612836178689844,2.455619713533933,74.61682633898748,9.796044575461133,-12.434295422658769,-1.139065179932821,-15.688921899164422,-0.25983600842217325,0.12903829704243647,-26.002339069365046,5.328645387314433,4.870142086003603,2.0846116068292613,0.6886932734399053,-41.65078812969321,41.074853807091976,-3.5593062039914427,37.01060122689483,-1.248747793384996,1.3085548842365449,49.37528572652015,7.175402827556955
2024-07-12,-4.863642137718727,10.849472824956642,1.6502214885218627,2.1092206351205554,-40.18401560868779,-4.461209275908567,5.46300297883743,-0.8481794855808684,-7.344228503905162,4.639374571705414,-13.94964713059171,-45.20196361997133,1.330086547680737,-5.413792383787357,-49.44296200990197,-1.1985613398166624,-6.074961273483265,33.71792005924889,-0.5040897591657223,51.323724881423516,158.86320698746607,7.365143746191852,31.242713097537287,2.125555751816914,14.050644400740163,0.6424365993648123,-0.545907934884104,55.91140441799153,-6.30742406147932,25.488343799804156,8.59499349684656,-0.15501183769747362,-4.331293776102637,-8.644267520809722,-4.842190272047949,-6.585731977268937,-0.05333430273625908,-11.000641767738315,-11.41279505821216,-5.0646645872140486
2024-07-19,-21.590725944677306,-0.5088244963546589,-3.6093038004947777,-11.157212653626916,-7.347193588561121,-5.770119111375785,22.104222806660246,0.8849298831685986,65.98255798954887,-2.6295230581266553,95.61223048522926,38.297723638786636,-1.2523966903225423,0.13245819274387435,-7.067131391358764,-0.6042684768338622,10.656662344503419,29.184082243671693,-0.6035987046344118,-5.484223139180852,58.2163662288731,-25.605884542119036,-1.3500358371910672,-19.869397556602472,0.6858285769744561,-0.48927930539827197,2.8409416108042698,61.00978223295791,1.7139204154169505,21.548643995982317,-109.54654464686413,0.14186832171908262,40.6915267816055,46.6266664136765,-14.818506964632297,-0.23227229841374444,-2.7955224541584047,15.105259421974626,-19.03761197315973,0.38948751889179034
2024-07-26,-29.059012382740672,14.036252889790795,-6.487977972501984,0.34558398199132623,-9.326080120270582,-1.7175667014689326,-24.62448742124139,2.4432393836624384,-10.005529465229744,3.162351751204093,34.30873839291999,-11.42851344922824,-0.16466654844722894,3.7656956837532265,-3.6080378017850947,2.0143633664040013,3.2657490285647097,4.351058501297846,-3.4668713543510563,-47.667633141465444,3.181300321305272,11.434754976732908,-9.28585747934402,2.7338195306250643,11.357239507560013,-0.6685266114612798,-1.8413202228586798,-23.400187550705102,0.6290873651840481,68.13469879500927,-0.6850682730633042,1.3408218213391716,-3.1898720644757463,16.93165011189846,2.5567427649169963,-28.833267123773332,-0.035764720119489515,-14.687868809624334,-1.3402446224706248,30.687216319846844
2024-08-02,-20.052464488490475,1.735950682062344,0.4493557823425943,1.309533364620028,8.073685283398158,19.15167039379736,10.626284269875772,18.836280352406895,-18.492362399635798,-5.407534414226535,-21.001225266478862,-8.08764296981039,1.6177727881723802,2.6637748533046555,18.14508152734836,-6.1426965003701,2.7073112050655865,1.9160418856197101,-0.5231467650450894,-18.209507802076825,-0.7511461711475141,2.1699521364352927,-6.148306049366569,-6.925892970454555,-24.765673731925098,-1.63572307134327,-0.03777749336023614,-28.637629774482757,13.221243497384213,19.240471611105935,2.8191327965710316,0.3696218440900545,-15.954956044669311,57.16023707453633,0.25815889941193415,-1.194183648791555,2.1258126274619316,-81.74990703344331,-17.51472439569616,29.55719202270175
2024-08-09,0.9474002383901949,-1.8707713730081392,0.46821534371074625,-1.3904811349122925,-4.288877194764798,28.505036702615243,-0.2056024637078144,-13.124993688582704,18.82731968351117,-4.3114307038670745,-17.452449035322424,-98.53625755492044,0.10701060422466907,-0.40637334339145326,8.865804041776277,-0.004785611063073354,-0.9516290983521727,-2.8328161640181238,-3.57140119665843,7.276666287689271,-13.314504658568826,-7.401228016565003,-73.15839559141618,25.182199182331203,2.0780931862141814,-14.657203284133614,-2.66056611777789,6.734448039679096,-5.875802946651974,5.918466193574967,-0.6249941863260273,6.5900280522511645,49.65164493275476,19.354169472266157,8.471181826943807,0.13174356780566987,0.11220676218490896,12.35684316912854,2.3323879763587123,12.420538047548868
2024-08-16,-1.246796612263355,-9.252800991689229,5.919734529265446,-0.5980256570830913,-0.841010472305332,-7.82531885941613,1.9260861116558639,3.350813981241279,-23.612430775672443,15.067303535306657,-38.01092059041493,-31.06961730325439,0.062348460672228725,-1.869129465145785,20.52628471009978,-0.6166467374893272,0.622228619773363,3.753045032499453,0.41796893286022024,0.7063162627570707,22.18270424967528,1.4866070950624217,-9.594030337840355,-10.246960174712685,-1.3829234893036833,-5.328962840626895,26.921695527094023,-22.27884018917341,11.050211675815365,-16.749049120564468,18.65192629992129,-0.012792380726075685,-19.465312600647117,-17.495890044905067,-3.6759692232462435,-0.2605677046618664,-0.009404152442861653,11.218848365671969,9.002790540048723,-1.3383499464747028
2024-08-23,12.260881775403622,-0.42990328915842774,1.0821875851711107,-0.057137444695895497,9.419056360856915,-4.3422357830099045,0.6231389257907117,-4.049524597377744,13.40251309671149,22.86242141426016,-19.170637189765785,-9.25218090058338,-6.775460200050247,-0.680323148901897,29.541749398644118,-2.3323159456465588,-2.513059360640433,-0.761414392422691,-1.0697625633823638,-10.521501822470016,-44.85034405580653,32.51288905866002,-12.836027976877501,-21.15824338920311,6.965828766164215,-30.295516976370337,2.417976716489908,0.7234401998825826,-0.9773920533484919,-9.662594019666642,1.535218731099342,-0.08212556279511724,-41.80065528237843,2.9757121659040173,-8.319522032627283,3.4607709961377413,0.05946300423891485,7.795424993680063,3.2002345183730214,14.694520257663314
2024-08-30,-4.796253125232656,0.7234533801198132,-0.18222840878891466,-0.7855746143126026,-5.5049712612664505,5.924869811126058,7.176799325534116,3.049555556011427,-44.32214550286954,3.60595085056144,-12.601960354127431,1.5007993784622162,-1.3331143460618682,3.792236124336763,-1.6758573498994385,-0.007823709530895506,-5.009499985251487,-1.755984424620032,1.1843848066594724,7.926842145829553,-0.3864115506070509,-1.4002735217675633,14.60378803747538,44.06215474486418,-8.344918131068853,-10.165292914572904,-5.267594804287094,15.644820558676702,61.762467682176556,0.6174674752807716,-0.4386321592625662,-5.431446815962055,-2.431379975635312,-6.84974722846836,-1.4907797920368482,0.3885336106559322,-1.0491869763839212,19.207710313321197,7.958252110777654,12.664988107717717
2024-09-06,43.382797845632226,7.475557574796497,0.3400140479853443,7.526731891772746,-2.905934273958327,0.013834176781964136,-0.329597926763739,-4.557984734044303,-47.02967201709147,-2.321202453259904,-12.358084042175932,-5.698742412412822,-5.670696897840454,-13.019599321513398,-12.864840503082718,0.4945059263102991,-20.06657327995325,7.355378944163482,3.7492590157952344,-5.2517390600311105,29.702407637101835,4.94319089040397,13.563824017596572,1.8302977012601551,31.566063196900746,-0.5617541191231188,-2.1093899990650375,22.935397470215193,-2.2628948084402682,4.35792012836219,-111.49264621250606,-0.06527268007821008,-13.749938089348369,170.06661881408942,-22.338607858553328,1.8421317441492646,0.8873563956682159,-1.2064654901287089,-11.265262557719392,-14.049453295927211
2024-09-13,1.3406982175195217,9.75779452891398,0.4676896769948017,2.64881975597346,-28.682267135592344,5.776902235265682,7.642214364573027,0.45353441183901205,-8.747043842995662,-1.9117444183829426,16.944984516925235,-17.771458832869072,2.885713847541756,-3.7561858280768243,9.035575928288399,-1.4584353968877424,-3.156813817269282,0.6108389247903286,0.6685734162978911,7.703542393484036,31.352966142265768,8.612852152016956,0.07044901970046724,29.966964948177477,-15.09456004274903,7.690007983797143,-3.3896191384489254,-2.0910859005701705,13.226785155945025,30.893560212580912,3.7939654164505736,-0.20871906237354887,3.976304758054607,-24.696662175628543,1.2869948305874228,9.027010174191494,1.1177975034394043,-22.328510084795546,15.386147956318416,-9.558298870460598
2024-09-20,30.703764802198847,27.224740942502397,0.4816738106288881,4.009288519360631,-1.551078862638096,-2.6100511575965464,-2.1058998883355526,-6.079822773836466,14.771484603710945,20.157229017059812,-53.82472810781094,-20.122636406232548,3.3947678024627876,-2.7191539631532393,4.376595448503571,-0.27475496203554445,-17.25775912424274,1.8977300013679954,-19.603674357525115,4.001318190153307,-25.732637863551478,7.171348383157201,-1.4989108722838647,-29.857770383175747,-3.1172771148675356,2.1873080560952,-38.01093546517244,13.58499498382739,1.1266437737592847,28.614677177725397,4.910274149009569,0.021814088005843293,-0.07624033015510867,0.8039289215249299,-3.212010084323112,-1.1423927695743346,-6.2805403098967325,-5.854949024455849,17.056263531348918,6.3234652192777325
2024-09-27,-21.598659841783743,-4.842126311108571,-3.843551159726679,1.997176251487358,-8.816979742222038,2.442048149748261,9.076239811151588,-14.37912946279561,1.1251587965636076,4.055770834882483,-11.948315497283378,-11.962862068302828,3.7057673739301578,-1.9712995654918344,-4.810805269259239,-0.049042814423016834,37.77656607949501,-16.84918950918128,-0.9756837213880886,105.92013588012817,38.28389118363493,0.26553211737298044,-5.059880570476225,-9.71246516566692,1.3975760562848563,2.251990139098697,0.6867516560274624,-3.466311264800928,-20.30614394712676,30.688432437035367,-1.3319175093564537,-0.06809573713639099,-7.1032913088610625,-14.39598280853362,14.853647693877376,7.142900686161316,3.1045258157439855,-1.7326460639250874,16.75121495227349,5.478284873705327
2024-09-30,37.6786205942317,1.5204209804072282,0.4606606483968331,-0.519293037407884,-2.365060523256797,-0.3533689891720144,7.077176459534885,-0.29635879999446046,5.891159681223753,-3.9993232767760754,-14.27164212446823,-24.494983390496593,6.278757435319196,4.123458410393999,-24.150736471795156,-3.0950975825557046,-2.163033683858896,1.0639827307014713,-0.16274210694154714,-0.7228618559981046,-69.57689415015163,-1.9653961253377366,-62.406111160812685,8.924062864111727,16.010670329928836,-1.2584568115416341,0.5158481210650137,16.73372123439745,6.120476736924559,23.180304849862324,-11.949178827943951,-0.036681324573835605,-24.151097846290945,12.800327101671568,-4.439111066525536,0.19035045999972716,-12.674155708524822,-12.462073994447332,-4.071605474846675,15.14607052343279
2024-10-11,-5.1388308371090705,13.755594800948742,2.215951700223653,0.7034275181773703,15.53507860974224,-4.368366098796874,1.721966429628529,24.400925207921766,44.50482880699934,-0.8261480046351258,-8.146553511164079,-39.55191520752427,-1.29325583478219,18.579884570005497,-0.830543387517543,0.7006170360868196,-1.281125189021351,-0.9783884339851869,-2.22124478331459,48.285479009241385,-11.010582840117706,-0.28723243326627257,-47.643546428515414,10.012387651478779,5.761960216915109,-9.513140238429585,-15.14357680103971,2.536605398175728,0.18510848135863045,-14.488777698614806,3.877804263539242,0.2570115120639028,31.59132051860399,8.90020815582408,-9.549010473153778,1.3651949676208406,-0.35139878586330614,-16.964420145350864,-7.29745736461983,1.1598732657110193
2024-10-18,33.78932140659974,-4.161848920106989,5.11369933869474,0.8693217123720118,-6.93763924420439,0.4154815109651957,-5.149232084473643,6.562982267747558,1.5804925110175434,-30.559919326028453,-89.54659808489349,-0.8289537914770146,-1.9842104573682713,5.824454616250365,1.083453239623156,-0.9756346146542909,1.0509401160147602,-3.191012864304454,-0.44536794956676473,-3.209629282995695,-33.39095577181651,-3.996931732189416,-0.9316498316230077,32.62085934894579,3.0265229621469394,-8.35078988561408,-5.820594670182773,29.914135730176692,-1.3196217982658671,19.58750569379767,-69.32608835577895,0.4292604348669404,1.5045547747833323,-21.2852476366729,-0.728429137157448,9.77855892863243,0.9748396874609232,6.062990153697197,6.915544844630187,4.9232631845343
2024-10-25,71.74211415279687,-0.7178366872862874,2.6272132600743103,6.92939743841297,0.1581071052418037,-10.366605573479948,-6.9852587126940335,-0.39158009735857974,-7.645646275266254,-0.0893604326263419,-10.592148369035773,0.3768595798174863,0.9228361491648216,0.24552478583512882,-14.940795967268134,0.3474368788788958,3.027721030403403,-0.4416137200283824,20.797239190409613,-31.074769638323996,29.863110003829274,-10.159854588420082,-3.7523514360073555,4.883358144486031,-0.19983112954269727,-28.89124101990099,9.564657666857737,-8.72712637275798,-63.99781626907591,7.877321101496595,-4.075502138946763,0.5493723384539503,39.811909581611985,28.382045062246505,11.267653432818939,-0.6115292096144695,7.370679792879452,7.654026402595198,-10.454072233529795,4.463431232428379
2024-11-01,-19.281590310822565,0.0762268433579357,1.063342903364755,-0.10506653434521762,-6.410073392541553,-8.075613282583427,0.1694587700521717,-3.001968946877754,-25.277034904423374,-8.428323396879247,10.942950001793688,-49.09957522772593,0.11960087128345526,-1.1269031288691913,-5.958497682734876,7.869439514006784,12.758486352057492,4.33288619936071,0.785789352356796,-24.78678012570007,14.494441484522817,-15.952108830822631,-8.72115649092285,2.0849416760698256,-1.1917704276280967,3.419484024367609,-1.2341919106653734,84.73488614803317,1.6902490799886816,4.415451713541406,12.717924008477034,1.2134720334451474,19.821975801122306,-36.39401793492923,-2.0127351066674537,-1.3077996528522295,0.5111334359238934,-6.932708416214496,11.094374570699076,-2.028310977818806
2024-11-08,3.95658472991932,-0.5912695357179947,-0.2447923941570626,-3.8728761256026845,0.3473838559438015,-3.9093341907794805,-1.8800350542904534,-11.476994811196391,7.281294015021015,6.861118337751356,-9.446386350525527,63.45818043927258,-0.45304698582530123,39.51492438430069,4.8395430211510515,-2.715098583464971,-3.9414897959073456,-2.902964734164889,-1.4457243348035675,37.38566757381571,23.055341033594615,-5.301352676377833,-8.477260763441485,41.69402987698983,4.91086611343126,-3.3412759346526455,15.514364441008162,-9.506419766092588,20.834965559690893,6.29154727066853,14.637322819443947,-0.013660474752317502,-38.78885810610474,-0.17254409743583,18.91453049742117,-12.454398454367235,-0.07421090700563643,-20.7151237330112,-37.483229058422914,2.3235593004871165
2024-11-15,-4.542971734007144,0.5872786985854774,5.262543884309321,2.816065484445858,-0.1490784080954185,-32.51296924356668,23.539445726666553,-71.8597340862575,-39.25049760630499,-71.13870887359819,2.5447604473565173,-21.431362991243034,-0.6435231366164966,-5.766938294955636,-0.8884879324668193,7.229716044444665,12.176371480913442,-4.137456088122116,1.304234857702476,1.1555612602045504,27.55569625195804,-9.780156402717552,1.2946662777484033,-36.30550002877669,-1.8925284032354923,-3.7196237137076626,2.4039132656971898,-6.283800868093339,0.785319170740797,2.9680850170366657,1.2118859992186515,-0.024921779076225024,29.467765670024104,71.99221484025533,-73.773093918945,-19.473095141613285,0.9763106935703884,-6.616509187445067,6.494206560734338,-14.274599703580252
2024-11-22,21.69365018076816,0.34771634311581806,-1.3799471215465327,-4.645227910877806,-4.9313077877462135,47.15488097640851,-0.39163720680198233,-0.7437946845139578,-25.249019272667994,-14.592643991726451,-5.847978850392203,-9.940502763101415,6.110717913582553,31.3321570544662,35.18918725780663,-3.610598686851099,0.5821269139146686,-2.036380757100546,-2.808741778708445,-11.41506671955686,65.79519186440838,-3.213619417773797,-6.927560465102114,-4.373964219184048,-5.978064656044808,0.7106242029437884,-0.8507006936372136,16.25344509880023,6.651298625848872,-100.14220398427886,-5.054063227729972,0.007786392898777014,61.45589856174194,62.307443970814234,-14.103137038769171,-0.2883349008934013,-1.844183046767835,-22.73159223454113,2.064544687992304,12.059461882360395
2024-11-29,30.028174008719958,-0.001991850236473072,-1.5131625970955644,3.92733357340989,4.865146772446725,-8.16992794031802,4.068584161389806,20.382689363070668,-77.21102382312907,-1.4946800865722663,-29.737176087567043,-13.914589356773657,0.3097567128687521,-2.1361592757023393,-1.4490234015784373,-6.289826595005675,15.882756380161489,3.553743507509824,-2.09044602205737,-15.093466956250328,30.91913719646948,-1.4337357848643573,1.6582304236907723,-17.911427286766774,1.0161151932436034,-0.5787794789312636,-0.05977528307225999,-41.05459813201869,-13.832677693780399,-84.45604736791779,-3.4489754971514084,-0.06941762954328917,-19.45436360880755,18.3063651965634,-15.941547207185947,-5.75842736998993,-0.11472762826710542,-19.769788809100234,-12.977138284782747,6.136612799280359
2024-12-06,-35.802257781516545,-4.106215465052429,-1.2243805339549951,1.0945799029617578,39.81438217630988,6.469656833217188,-55.928224813899426,47.4982487479054,18.159736853057453,-19.04529746241772,1.8092294021742015,-24.350004891029208,-12.273270337355678,1.2917040800568713,3.2149760833512424,-4.923534794592755,-3.204549299210386,-16.675591923787184,-0.4612076714878949,-5.227533500278765,-69.06727912216805,5.904927018972684,-8.481777851426147,10.885726586726141,-5.543931786381465,15.964276205268572,0.21689287433578933,-6.807302674587378,5.922183198974549,26.313342432541603,13.263300202701386,4.65374998407845,2.9571214274444313,16.52530229232876,10.120952663912878,-1.244023329353075,-0.48808201655230665,2.169179198549682,-2.4322283815877936,-19.784039349172126
2024-12-13,34.53029984105518,0.4249394315592691,-0.5033311999671254,-0.29553908380409116,-2.7114952961214924,2.5628336145608186,-3.796804643202365,-16.544982571272904,-3.5614676533645753,17.430220837702347,-1.0953747398015614,-4.723536806603647,0.5578934996161051,7.695739400502801,-20.754710682696594,-0.8060048584471736,-0.16414794202063177,-1.5839662431492523,-1.7400839199031428,1.330794747884993,-26.9150474404073,7.874721159079277,-0.35550732661687245,-9.244836362024277,3.9581579363324284,0.07785040066648725,0.018110722033186644,-3.6861459447976856,-111.23239560213878,0.42486029223361355,-2.127159658598974,0.054850601799371956,66.19738086570544,34.16967676066603,11.446093189349423,0.7096237387124792,-20.023113058031118,-14.92775137005204,54.38247346490015,18.244646467548886
2024-12-20,16.803617166255343,-10.719669207113398,4.726240225761859,2.7508349467771516,16.47312529125521,5.77972741721968,-8.306588836378946,-13.734975593675921,8.680753593387415,-29.240332991430815,-3.5250899110538407,-4.380589657708462,0.2318247486590507,-10.295855128726616,-0.6399762116509047,0.6872116737888824,21.431726150732697,-1.9575313479854408,8.410635195737198,9.380480034127926,16.854442359744446,-2.969610668930692,-5.006060479403413,10.71104782600563,-33.66268113616235,-14.970362992691506,-0.781278280342103,-26.007745467269807,-7.272478988404238,5.4458032721014025,-11.135890207432155,0.12937919794917213,-82.86302295158923,8.561540341923862,2.2382903669781857,-8.623416996613372,2.6479980466240827,-8.618211318447031,-12.480608802044921,42.71332214321675
2024-12-27,8.718090397475244,0.6437296634402508,-0.7514396124175295,-0.6496451505027164,-5.549746867446337,2.9150865744807275,1.1173948948362342,12.827118226004298,-28.67714212395513,-14.09634300859978,-0.3094306384748803,-11.626276851209571,6.59646441952509,2.504647345677184,-19.646344674190814,-1.102317700544746,-2.284842646052783,0.6650712096712428,-7.096261649599614,-1.3593528769419156,-19.779308465003474,21.449441436041084,1.0332491986656815,-26.389992936106584,-5.675809268968887,-6.798908812571067,-2.028980374571267,-9.01755287642274,12.472925044298261,45.32619220530533,-2.794597567513585,-0.06726953502511801,-101.60250884867654,14.5285526643375,-11.292546495142066,25.392262002934874,-4.923787920304253,3.61891064854579,-29.483743835936707,4.174974322835071
