TradingDay,TMT,一带一路,中药,交通运输,传媒,光伏,养殖,农业综合,医疗,医药,医药医疗,半导体,国企改革,国央企综合,国防军工,基建,基础化工,央企创新,家用电器,房地产,新能源汽车,新能源综合,旅游,有色,机械设备,汽车,游戏,生物科技,电力,电子,石油石化,种植,绿色/ESG,计算机,通信,金融综合,钢铁煤炭,银行,非银,食品饮料
2015-08-07,-2.548896089655535,,,,,,,,,-0.18557547175019967,-4.597511420248779,,,25.382378791353116,,,,,,,,,,,,,,,,,,,3.124918990446436,,,4.706766956362643,,,-0.1740667203525392,6.419635212356897
2015-08-14,-1.3189345566729564,,,,,,,,,-2.93815452699644,-15.93340554224688,,,-0.8077889539453723,,,,,,,,,,,,,,,,,,,-4.5028639470910505,,,7.0789976392155065,,,-0.14557012219668491,-0.20015148631992394
2015-08-21,1.257957473958978,,,,,,,,,5.736817279995363,1.1299338693185097,,,-0.29978554167165905,,,,,,,,,,,,,,,,,,,-0.4218632486799325,,,-1.8731752577363063,,,6.595673004535451,-0.7008725364004001
2015-08-28,-1.9755719572836663,,,,,,,,,-0.7106046920257283,5.133971981538032,,,-0.3855312888593528,,,,,,,,,,,,,,,,,,,-10.632859905077307,,,-19.9849575314834,,,1.4610232516261643,2.86869161175135
2015-09-02,-2.083251296423311,,,,,,,,,-0.22640746483202984,-6.597353957248368,,,8.63217384518976,,,,,,,,,,,,,,,,,,,0.6450627627611996,,,-12.2712240877822,,,4.626619904444359,-0.07332689177271823
2015-09-11,4.1583098596895205,,,,,,,,,1.408108143377133,-17.776444344854447,,,0.5462996705902401,,,,,,,,,,,,,,,,-0.5946738138415169,,,-0.06652777877364274,,,34.9047536363042,,,-0.08727973669334803,-0.0698991498184744
2015-09-18,-23.493252099395846,,,,,,,,,-0.975756234865233,-9.032115088492768,,,8.381818627717875,,,,,,,,,,,,,,,,-0.3376339300678463,,,-2.1338726869822744,,,-2.2851196693843465,,,0.8162969907088108,0.7774423628102665
2015-09-25,-0.8233906878136183,,,,,,,,,7.1107495082825265,6.236047425695933,,,-7.07261405906955,,,,,,,,,,,,,,,,3.125558985494978,,,-7.130088968925938,,,-5.76315065597838,,,-0.06376457196750462,43.6508611509517
2015-09-30,-0.9339831686200901,,,,,,,,,-0.24593816672806573,-1.6782358346482067,,,-0.7816744962217875,,,,,,,,,,,,,,,,0.6196082021379012,,,-0.8679507658680041,,,-0.8225947687857105,,,-0.24105183044867,0.08853873079297067
2015-10-09,1.196692780850921,,,,,,,,,-8.754169010243615,-11.602102926055984,,,1.0317820525101051,,,,,,,,,,,,,,,,-0.5790534345246563,,,30.418800029049972,,,-21.528825641299502,,,0.0008834428601803279,4.408870692617725
2015-10-16,-4.803872230138542,,,,,,,,,5.365525767985922,-30.72607079013465,,,-0.21672696161734986,,,,,,,,,,,,,,,,-0.9966102067146774,,,3.407942507028945,,,-15.893900349906037,,,5.083195368515474,1.849957036165625
2015-10-23,12.381144885014578,,,,,,,,,0.08253002736443604,11.567534230183053,,,-1.0569424548278168,,,,,,,,,,,,,,,,1.006781630962875,,,-7.743981217178383,,,0.8777064837162925,,,34.03020446421342,-1.3569896178120133
2015-10-30,2.5300401114339026,,,,,,,,,-0.08202542864656075,-0.7345388205959051,,,-7.399235406580032,,,,,,,,,,,,,,,,-0.6912484312902107,,,-8.119039384358853,,,19.80489706881956,,,-0.6078047398369243,0.4057517039777018
2015-11-06,42.766421726254435,,,,,,,,,-0.019180206357367613,-22.779611650866414,,,-0.4572877515730527,,,,,,,,,,,,,,,,-8.15447423733542,,,-1.025742818420626,,,-63.31026615800679,,,-0.05219940313750396,14.141980250420852
2015-11-13,2.430801832857383,,,,,,,,,-1.2744502796220498,-3.1542514882544714,,,0.5703705880462026,,,,,,,,,,,,,,,,-0.13127305607487272,,,-0.166352711573993,,,4.712538580642693,,,7.5157439615510695,-0.34070216441662526
2015-11-20,-0.3999440268378519,,,,,,,,,0.10413094221166477,-5.2897546369708195,,,-0.44485791404640374,,,,,,,,,,,,,,,,-1.445004337514754,,,-2.2002591668389577,,,2.348016317790409,,,-0.6846229718814343,2.3711142921623027
2015-11-27,-0.6315430243464268,,,,,,,,,1.8272268165303074,1.2919505855483986,,,-0.22512439241533194,,,,,,,,,,,,,,,,-7.235260880115831,,,-0.9057731359363597,,,73.48180993202885,,,-3.54146137667853,2.998465526753948
2015-12-04,-1.0412483231452438,,,,,,,,,0.7121679841308786,1.2528684263178615,,,-1.085062794211972,,,,,,,,,,,,,,,,45.25135679235381,,,-2.2474338842751305,,,5.761083750432364,,,-0.9763422906455275,1.0204403017931287
2015-12-11,-10.675073316298022,,,,,,,,,1.8381730592417143,-10.931733504443375,,,1.79679391414528,,,,,,,,,,,,,,,,1.0716438914656994,,,-2.0222787194014344,,,48.687414291386226,,,-1.6501160802468744,-0.022722803583765938
2015-12-18,-17.798365633860676,,,,,,,,,0.0872388151121607,-0.9678096350444894,,,-4.8330833295590265,,,,,,,,,,,,,,,,-0.345409712675683,,,-3.242980804149326,,,3.9515429468703163,,,-0.1261381919770858,0.9590184634711642
2015-12-25,10.474787734033686,,,,,,,,,-0.023383472317246932,-0.9577083650497215,,,0.6271347557335084,,,,,,,,,,,,,,,,72.0991884820652,,,-7.459097641200778,,,-7.339472958479373,,,-9.552110440307155,9.647184235827922
2015-12-31,-2.070611645542261,,,,,,,,,5.392196059209048,1.4642733958294984,,,-0.2260013513089761,,,,,,,,,,,,,,,,-0.5399829528640573,,,-0.42536190655246325,,,-2.2181607207763925,,,-0.3947393586112694,7.747655262738044
2016-01-08,-2.437382743684683,,,,,,,,,-5.677432450419728,-21.175109259152112,,,-0.1458487667513974,,,,,,,,,,,,,,,,-0.13024803258811285,,,-0.7365988591287327,,,-24.1028018840457,,,-0.2789131386069796,-0.14756246117370786
2016-01-15,-0.1559420183039087,,,,,,,,,1.4853854459359122,14.336264021335666,,,-0.7990309886462477,,,,,,,,,,,,,,,,-1.3224254596256337,,,-4.402698095534522,,,14.129933828559867,,,-2.438519478422332,2.271334277034466
2016-01-22,-31.10107996754111,,,,,,,,,-0.7620738492817413,-6.538375757804637,,,0.8406292635009172,,,,,,,,,,,,,,,,-0.11153006542402791,,,-10.173818170996839,,,69.59137144466088,,,0.3270973529462217,0.06691202710845491
2016-01-29,0.2892762993634772,,,,,,,,,-0.036241076514007174,-48.84919330413789,,,3.9604937490361873,,,,,,,,,,,,,,,,-0.2940328955149325,,,-0.18805378248748914,,,11.129081114638876,,,-0.31710988989278316,-15.861998594666899
2016-02-05,25.790045176655195,,,,,,,,,10.628379363959931,-34.03250146348434,,,-0.14499868638893149,,,,,,,,,,,,,,,,-0.6761820455208096,,,-10.18919697504633,,,-27.67884897361745,,,-0.5646855557459707,-4.573972792275636
2016-02-19,-5.251716849864413,,,,,,,,,0.1704049592340609,0.5845965607227068,,,-1.5129672158548841,,,,,,,,,,,,,,,,1.6424096739957437,,,-9.133359038076389,,,-6.569035607346488,,,-0.09810396933255099,11.003479417876875
2016-02-26,0.13900433774414322,,,,,,,,,-1.2153135814762344,29.126716959739543,,,9.99636076161024,,,,,,,,,,,,,,,,7.655849432395804,,,-7.127177224490527,,,24.190056081897225,,,-0.5121295790537924,-1.6762136004690618
2016-03-04,-1.4701809489305557,,,,,,,,,-3.447071665284402,-3.991981219484642,,,-3.5558581581158824,,,,,,,,,,,,,,,,-0.1674754550968306,,,-17.357340824449373,,,-28.90776960297243,,,-0.03176141421843438,8.62169534992984
2016-03-11,9.899514429455637,,,,,,,,,-0.23064334425332922,-2.233418874234777,,,0.8012684182186258,,,,,,,,,,,,,,,,3.5284441372544793,,,8.698719116290205,,,-27.85608512615703,,,-46.358650582064115,63.892305183350324
2016-03-18,0.2801233218407182,,,,,,,,,-0.09370640212270505,-0.18397876941162994,,,-13.595885987212068,,,,,,,,,,,,,,,,-0.8176691450008353,,,0.3820910450500497,,,-8.074607613133946,,,-7.770423138396314,0.1925041289698587
2016-03-25,-1.8114790462421269,,,,,,,,,-0.2570561851455678,7.095469923895534,,,-0.22895928952330757,,,,,,,,,,,,,,,,-0.5695619589687422,,,0.44296305171717654,,,0.9392567210191086,,,6.250709958484101,-0.5759158714082906
2016-04-01,-0.23143959591825744,,,,,,,,,0.0866934343831956,-16.80618133652205,,,-3.62754114432778,,,,,,,,,,,,,,,,-0.36610539489114413,,,0.1970225445523786,,,-8.504015638643141,,,0.029154101151802503,1.55226515710123
2016-04-08,-0.9757902966425052,,,,,,,,,-1.8241209149931095,23.727153808072327,,,-0.6379155816695348,,,,,,,,,,,,,,,,-0.29740248725338014,,,0.41724488293009393,,,-12.298568618797368,,,28.96042289366057,-0.3546002683785222
2016-04-15,-2.0153733406211223,,,,,,,,,-2.8277494708602666,-0.48674579418123265,,,1.6824860873328698,,,,,,,,,,,,,,,,-7.876349848525159,,,0.028808888644310388,,,-7.063631863311786,,,-18.04235694313806,-1.985192428834002
2016-04-22,-1.4754766389897083,,,,,,,,,-0.6446973951025745,0.318206610159329,,,-0.4797899640796866,,,,,,,,,,,,,,,,-3.6407463314885904,,,-0.4007495922352923,,,18.062994707371914,,,0.017027137552410726,0.031591318659581036
2016-04-29,-1.0632095277766407,,,,,,,,,0.65156145459013,-0.0777261946750431,,,-0.5529834697569518,,,,,,,,,,,,,,,,0.14838561600456524,,,-0.8829850020986141,,,-15.18139882458167,,,-1.7536113871890373,-18.54807953565159
2016-05-06,38.86832128819261,,,,,,,,,-2.6995748195887477,-0.6937331117496633,,,-0.47458278748676785,,,,,,,,,,,,,,,,-12.775709938737128,,,-13.15478304629435,,,2.3431611360957127,,,-1.758605327580525,-1.9775563155549347
2016-05-13,1.6401663146170724,,,,,,,,,-1.2574076607184392,-10.400483423018114,,,-1.6297763608777236,,,,,,,,,,,,,,,,-4.135997465261584,,,-0.13165652899834013,,,5.114029056339657,,,3.6468342363136736,-0.56607812255236
2016-05-20,2.039496300815213,,,,,,,,,1.8887629167214035,-67.18369391631195,,,-0.11611915534851402,,,,,,,,,,,,,,,,-0.3531912639126208,,,-0.23756698840920074,,,56.79314664151993,,,-0.04439079878564808,0.2881674596908526
2016-05-27,-1.3876338549758673,,,,,,,,,5.630417761583841,-0.383775132058671,,,5.849990592850758,,,,,,,,,,,,,,,,1.5714088481721205,,,-0.7080428051746107,,,4.032362022206923,,,-0.35335776760308746,-1.1868824825374213
2016-06-03,-52.1756676436,,,,,,,,,-0.36185772402180133,4.718645438536912,,,-3.814984294709789,,,,,,,,,,,,,,,,1.6487533045433627,,,-4.385249411301284,,,-26.84025397652639,,,-0.1875182203206395,-1.2616859063842722
2016-06-08,-38.00874742141222,,,,,,,,,2.334228297129781,-1.7569120460059318,,,-0.787390717847904,,,,,,,,,,,,,,,,-8.632965993440626,,,0.03308146134527984,,,-0.7698473210504801,,,-0.07667235427987903,1.9573864510060046
2016-06-17,82.85697689326786,,,,,,,,,-0.05879785141944294,-10.177778368110204,,,1.2485128170456012,,,,,,,,,,,,,,,,0.9107878558572391,,,-0.2198555796912844,,,-5.749395151776486,,,-0.1645625959018409,0.14071966648923206
2016-06-24,0.5236717622240263,,,,,,,,,-0.14309404486082983,12.72898636299528,,,-3.255068790283309,,,,,,,,,,,,,,,,-53.820862177717764,,,-3.9104525540653596,,,-1.4206933301020768,,,2.3994868476647184,-48.188242113225996
2016-07-01,-0.8284901832248037,,,,,,,,,-1.0452321854085156,1.2454574711551172,,,-3.868525535530574,,,,,,,,,,,,,,,,36.50664818901659,,,8.861284024323668,,,0.40868453155861656,,,0.020132350696316373,2.1473888729315274
2016-07-08,-0.7215948973244737,,,,,,,,,0.4841588051675868,-49.379049162918655,,,0.043803097638077215,,,,,,,,,,,,,,,,13.582506133532073,,,6.89592864596024,,,14.49790761520509,,,-2.6798128108939117,-0.9804712657329948
2016-07-15,-4.23146774095898,,,,,,,,,-0.16693261622358868,-1.461755639375124,,,6.703987244456974,,,,,,,,,,,,,,,,5.829001359066761,,,-0.9488459564573157,,,-33.242509025607895,,,-1.074351713208113,-1.3463947637659226
2016-07-22,1.8051175816070473,,,,,,,,,-0.26925308857124175,-11.00386245646353,,,-5.071655304187178,,,,,,,,,,,,,,,,-0.13395296171887178,,,-1.9391521276022838,,,52.02747983263523,,,-0.40002492394832095,3.485586789728757
2016-07-29,1.125018438197163,,,,,,,,,-9.22687648412659,-14.933634820873895,,,24.791819752489147,,,,,,,,,,,,,,,,0.6249468651866975,,,-0.07741438624969083,,,-2.771050054018123,,,0.04332585076816063,-1.8256403027889818
2016-08-05,3.9668595108086024,,,,,,,,,-0.06502681480106784,0.2457809146864789,,,0.9440592464279198,,,,,,,,,,,,,,,,-12.72548089400729,,,-0.7922351208148926,,,-6.172566154194617,,,-2.355725151791548,-0.7975180530459949
2016-08-12,-0.15269119379896984,,,,,,,,,-0.6575372526953087,-8.440090108099588,,,-1.1046894518099748,,,,,,,,,,,,,,,,1.9733049189807927,,,-3.1699586914248723,,,6.91532321442853,,,-35.97616693549766,-0.6594784793786325
2016-08-19,-0.7907432273202383,,,,,,,,,-0.3288739674331922,6.4335892192074375,,,-10.878960244092571,,,,,,,,,,,,,,,,-6.6925348235448565,,,33.83028273803526,,,0.19293623665771564,,,-10.952819822267806,7.0600131244643025
2016-08-26,-1.0514149511371316,,,,,,,,,-7.427464847874089,-39.829498925771006,,,0.20762452081521446,,,,,,,,,,,,,,,,0.08985728816296429,,,-11.052484666287178,,,-1.2206013467043957,,,-0.13129672445513052,-1.1887660033573288
2016-09-02,-5.569397611348385,,,,,,,,,2.3130362669550104,15.52707983591662,,,0.09113550235714196,,,,,,,,,,,,,,,,-1.8617661813542865,,,-0.1406202184125745,,,-21.72235839279826,,,-0.05635353975769774,0.29725724285437766
2016-09-09,10.246343901014345,,,,,,,,,0.06209546093187768,-2.0986595698663724,,,17.816046854681648,,,,,,,,,,,,,,,,2.64268455966281,,,-3.3916285631012775,,,14.373988269505782,,,-0.15011111038504502,-0.22996699791899816
2016-09-14,-0.6267610288163288,,,,,,,,,0.044618114829725594,-20.966184282059352,,,-0.5510786121509378,,,,,,,,,,,,,,,,11.893227787152195,,,-0.3678444571484749,,,13.761893339215355,,,-0.027794156090833903,-4.263342761483224
2016-09-23,-0.06331587253080609,,,,,,,,,-0.19602709105920268,2.350764545915969,,,-2.4364155119772435,,,,,,,,,,,,,,,,1.8908327834750134,,,0.8979220748295814,,,7.45654003305941,,,7.421067488756923,-2.90254431172981
2016-09-30,-0.712195604538625,,,,,,,,,-0.3798271794793954,-31.621986698816958,,,-3.772230750039189,,,,,,,,,,,,,,,,-0.41436228859157376,,,0.021979700440103028,,,20.898976550665555,,,0.4027208386411681,-1.1555220482859099
2016-10-14,0.13778470643391233,,,,,,,,,-1.1353528310904641,-22.32300971560019,,,1.239120911978595,,,,,,,,,,,,,,,,-0.030525596782264797,,,2.8941492049832913,,,2.8086857456424923,,,0.07917646766692171,0.17453383641160225
2016-10-21,-0.4441157981078548,,,,,,,,,-8.419818781794122,-0.9800263080748726,,,-0.21343248994467692,,,,,,,,,,,,,,,,0.264321331051895,,,5.066532849906561,,,4.471235506192267,,,0.1262364309790732,8.301937166749102
2016-10-28,3.0087361038209215,,,,,,,,,-0.09040619334792555,-11.058558025271179,,,1.7627740808274484,,,,,,,,,,,,,,,,24.582937856410055,,,-0.5347030590199418,,,-6.98573340936468,,,-1.1642650343727956,10.043817728244944
2016-11-04,-0.7713315129236106,,,,,,,,,-0.3032185796106811,14.641072898453627,,,-0.38039069075287746,,,,,,,,,,,,,,,,-1.0797523374822946,,,-4.378390897495406,,,-43.1625452759215,,,3.211630956245353,-0.035659062377939026
2016-11-11,1.787051632469347,,,,,,,,,-0.04059613066098706,6.234201409356169,,,-11.408220156035387,,,,,,,,,,,,,,,,-8.392340449512654,,,27.880980243348727,,,-4.784811556707345,,,2.2442494422747252,0.1311298181722118
2016-11-18,12.700617499854161,,,,,,,,,0.2138245814149255,3.2194682562718437,,,4.381844089804695,,,,,,,,,,,,,,,,1.2498757504340279,,,2.4944658642405595,,,-2.849689042665461,,,-0.49973998196669783,-0.1756009973520265
2016-11-25,-2.323447804088622,,,,,,,,,-0.23054163035602332,-20.288712468860716,,,-0.7042190173614342,,,,,,,,,,,,,,,,2.5153987536035727,,,-8.64400873446191,,,-60.32333320421694,,,-0.5430671953145657,-25.69213918999567
2016-12-02,-1.9365393788905205,,,,,,,,,-0.19905417802230907,37.54009677015062,,,-9.197916256863081,,,,,,,,,,,,,,,,-16.573053180579645,,,-2.5108476910566955,,,-10.49785530101231,,,0.054400237679446795,-1.6632698028107407
2016-12-09,-46.639121957732826,,,,,,,,,-9.04433689683633,9.984635537974809,,,-1.020173575326513,,,,,,,,,,,,,,,,-1.3063518577852593,,,2.7581809252188316,,,-2.4575732621463358,,,-3.768845744437171,-1.031790373091947
2016-12-16,-0.42005265981956397,,,,,,,,,-0.055349692280131244,18.01831855601122,,,-0.3646578713766082,,,,,,,,,,,,,,,,5.235522791596005,,,1.0570862823778477,,,5.852551462679499,,,6.819169484250916,3.970181462012833
2016-12-23,0.34828371939630487,,,,,,,,,0.21150712087010035,-2.841967787574043,,,-7.69671384455215,,,,,,,,,,,,,,,,-1.6030219366764797,,,-0.28036253834309066,,,-0.508289422295793,,,-4.605185447113056,73.33086808827535
2016-12-31,-2.9807038986033914,,,,,,,,,0.02002681554558139,3.0463083863434997,,,-2.1563277588396788,,,,,,,,,,,,,,,,-11.7132497565174,,,-0.21675074442343123,,,21.27428747352545,,,1.8644399127679652,-0.6630170353616633
2017-01-06,-3.3624038709466944,,,,,,,,,-0.39775111797811413,-1.7181385893196155,,,-0.23177201670583109,,,,,,,,,,,,,,,,-0.8517944260711519,,,-7.626343530312996,,,7.743528816452299,,,-0.0013817812878798852,-0.29613942645952007
2017-01-13,-0.20676610116767535,,,,,,,,,-0.59733203160846,61.202797462195555,,,-0.11478102476355449,,,,,,,,,,,,,,,,0.2454486157441335,,,-0.48501317750177286,,,-25.037904591681613,,,-1.104787609255617,-0.9420090886836627
2017-01-20,-8.378697998316602,,,,,,,,,-1.5951057056108924,-9.72492506001548,,,-0.34018500345578007,,,,,,,,,,,,,,,,1.5949572560237066,,,2.14161000894511,,,29.755419816485702,,,-0.07891481939810605,-15.929168053930162
2017-01-26,16.502762481217047,,,,,,,,,-38.29782366372767,2.7552965403668717,,,0.2034142494101825,,,,,,,,,,,,,,,,2.3067198296948486,,,0.3040412668445831,,,-16.32350224568544,,,-3.2918190515238903,-10.898284336324238
2017-02-03,8.944905604213561,,,,,,,,,49.479802472853976,-3.2537528255779775,,,19.14081896739936,,,,,,,,,,,,,,,,3.633960999899736,,,-0.7943111527185373,,,-6.053903502272938,,,2.0163989229241843,11.76150943929622
2017-02-10,-2.9025407081986563,,,,,,,,,-0.11356124679258646,1.7883253016558887,,,-37.22044800227093,,,,,,,,,,,,,,,,9.744866896283103,,,-1.3907900501082773,,,5.641746069288704,,,-0.8673532785059518,0.2866570000661205
2017-02-17,-0.3203741457036749,,,,,,,,,0.07373539095682963,-3.588876488033235,,,-7.983785519683349,,,,,,,,,,,,,,,,5.118369372662444,,,-0.34463671346878344,,,2.028535276816913,,,-0.3453693748800746,2.9466742682350917
2017-02-24,1.4709173737035288,,,,,,,,,33.245896267334814,-11.956182471417788,,,-0.17088628859975818,,,,,,,,,,,,,,,,-1.396874881579333,,,4.443839902615657,,,-1.2048678180686057,,,-7.797078498854091,-8.01790192923022
2017-03-03,0.2068887275208462,,,,,,,,,-39.345698875868315,-1.40775477553147,,,-47.67041475007048,,,,,,,,,,,,,,,,3.8166003728629487,,,3.8011925165810445,,,-27.3013893807312,,,-0.3519525781048861,-26.34296053569392
2017-03-10,0.33859050107276223,,,,,,,,,0.7048107076821595,-0.3278905106254257,,,2.0063050380238474,,,,,,,,,,,,,,,,-26.314233440004497,,,-0.0004731662309600815,,,1.4768315526885272,,,0.3646469272201246,-1.617992572144884
2017-03-17,-2.0408868162139764,,,,,,,,,-0.8187686617697825,-15.650655580446335,,,9.643595413852609,33.845117787736825,,,,,,,,,,,,,,,-18.84688621534377,,,-3.5781190792006248,,,0.4440558416834426,,,-3.9654451614714823,0.012699638006729908
2017-03-24,50.43131388982646,,,,,,,,,0.4342073525727388,-3.1552752765348937,,,1.3415268506951583,7.238657196354278,,,,,,,,,,,,,,,-0.4594090224642555,,,-0.6657637763622017,,,-0.5994228080262802,,,-5.686371435089278,-0.702756145068584
2017-03-31,0.32360864821760005,,,,,,,,,2.607047774906505,-8.480911179067974,,,2.1152749979100793,-1.874539410029291,,,,,,,,,,,,,,,2.489004531900604,,,-1.5354013407321974,,,0.8195842933609753,,,-0.5130232681798281,-0.28971658720782434
2017-04-07,-0.1307057164018212,,,,,,,,,0.540010776432057,-2.921664705243569,,,24.448684598355463,-1.27216524992892,,,,,,,,,,,,,,,-0.44389853031266263,,,28.738752754398483,,,6.153980710742263,,,-7.78215898964697,-0.4185087614689935
2017-04-14,8.073160806443813,,,,,,,,,-11.820429440203393,5.754157740945598,,,-3.317660845196909,0.4692621783407706,,,,,,,,,,,,,,,20.401186461242002,,,12.214366511038342,,,49.201723718629424,,,11.175218762550776,3.589077649100417
2017-04-21,-0.6926074680373113,,,,,,,,,-0.02622508885155475,-0.8586054201332238,,,-2.3200819089211455,-0.5186473048845681,,,,,,,,,,,,,,,1.489236758320637,,,-7.261112760342012,,,-4.977838943397472,,,8.554439160760928,-7.198631289186717
2017-04-28,-1.2896448956358388,,,,,,,,,0.1810877053824818,-16.009618681399715,,,-0.1860550308326916,2.0051702768120654,,,,,,,,,,,,,,,-1.5792125190518889,,,-0.7518990514552018,,,-2.9468146353804565,,,-10.404008826673955,-4.107977097673907
2017-05-05,-0.2069969129809599,,,,,,,,,1.7928569990521015,2.051284083992324,,,8.76315273661077,-8.00375717880147,,,,,,,,,,,,,,,-30.287408217735923,,,-0.4058195563625494,,,-3.2768575937261755,,,-3.7716473636771966,-1.7154575744876963
2017-05-12,-7.914440808512875,,,,,,,,,-3.430240498343757,0.45085781168013583,,,-4.038286647574088,36.67122233359523,,,,,,,,,,,,,,,2.2547171666165666,,,0.7847929885999327,,,-32.85222301758154,,,-10.01337256284704,-1.1309343951442137
2017-05-19,3.3211868841491996,,,,,,,,,20.9100424478703,-1.7994436778688423,,,42.46317339726424,-0.772204558360135,,,,,,,,,,,,,,,13.27692597081689,,,-1.1044282278705948,,,-22.626927338107087,,,-0.13810291916213724,-0.16646563075662463
2017-05-26,3.482276678005836,,,,,,,,,-0.7039496583628668,-7.715868254939542,,,0.09044496264540268,-7.289419159540451,,,,,,,,,,,,,,,-5.287803964965994,,,-0.41370521008572614,,,-3.95159814581638,,,1.7274027357676802,-21.273483035494728
2017-06-02,-20.245281734411993,,,,,,,,,-0.04450979217999269,-3.0659346886513386,,,0.7463455806065038,33.950116491788954,,,,,,,,,,,,,,,-2.8490624645231346,,,-3.9708399052003513,,,-30.69152051051141,,,-17.97950728456438,-0.08054955223935509
2017-06-09,12.508618383989793,,,,,,,,,-0.41599935936067933,8.941383605680507,,,-0.3424862016730479,1.1518236396399748,,,,,,,,,,,,,,,-0.5959163009268088,,,-0.5227841414237903,,,16.107023170479362,,,-2.8721740415470003,0.1697218770683534
2017-06-16,-0.6052504164946266,,,,,,,,,-0.7419046626191215,5.968577824369376,,,-1.0733065853777495,-2.236607570217501,,,,,,,,,,,,,,,1.7032950494349872,,,-0.21480303601996076,,,72.3802442188536,,,-12.861196439186333,20.243576239124334
2017-06-23,-0.7513895154158696,,,,,,,,,-0.29048832533646013,59.515118828290284,,,-8.150509423480415,-1.861579857874953,,,,,,,,,,,,,,,-0.429128417531113,,,-36.43914677196546,,,29.125466409736504,,,0.4049224393140277,0.31650945330800706
2017-06-30,-8.427441271328007,,,,,,,,,2.306519934941588,27.629411910628022,,,-2.7665980259785616,-3.749426588434017,,,,,,,,,,,,,,,-17.17931587538073,,,0.7498289769408049,,,-12.660579628034949,,,56.3084517030519,3.8800056562511247
2017-07-07,-35.17662688095332,,,,,,,,,0.27076475388956034,15.107657501155387,,,-1.310074293663136,0.5520130486083754,,,,,,,,,,,,,,,0.25776333006282437,,,1.3131710589950616,,,-10.443294192335738,,,-1.7128781903873533,3.44197752786247
2017-07-14,13.43449199608091,,,,,,,,,0.15504131977819113,-16.21152197871169,,,-0.7332089687503122,-0.5602019902819602,,,,,,,,,,,,,,,5.4705618460856025,,,-0.703809461722276,,,-28.847574836713196,,,-3.979677324811159,-18.135330795825205
2017-07-21,0.16233256561134948,,,,,,,,,-0.15343639019234256,-7.859346865141801,,,-12.700863164743506,-0.26814755949668084,,,,,,,,,,,,,,,0.6537676386779526,,,19.372496663608725,,,-0.32296934648540576,,,77.85611836949695,-0.42860120859292145
2017-07-28,1.5978463656499442,,,,,,,,,-14.664276114850036,-10.891314651549623,,,4.962513711801699,-2.114037280500915,,,,,,,,,,,,,,,4.868186733757045,,,0.03686621735891396,,,-3.501180474759508,,,-15.441943261090653,-0.004103873913821436
2017-08-04,-0.06553855922251815,,,,,,,,,1.7742107022993672,41.44573839209098,,,0.23314367124687335,1.4586463170870447,,,,,,,,,,,,,,,-2.0189162495094854,,,-0.2870204273800241,,,56.42222710618634,,,-0.2529049681323313,-0.6660651567062804
2017-08-11,-3.192402845940263,,,,,,,,,-17.38836340435322,21.203894728643654,,,1.089754043637969,18.60844154925086,,,,,,,,,,,,,,,0.3702363709833729,,,-1.0243672011023561,,,10.120818086105821,,,1.2257174349047304,4.086073233334766
2017-08-18,-6.254060916068356,,,,,,,,,0.02463550063985209,20.667438769202164,,,-12.570671022340216,-12.90041552232109,,,,,,,,,,,,,,,1.473750542269864,,,-0.4101446210532253,,,2.8622918506411983,,,0.3360493206942058,-0.3765551962420694
2017-08-25,6.355525723821764,,,,,,,,,-43.749262583683475,-6.236357277412452,,,-2.5753733772744036,-3.295674988696706,,,,,,,,,,,,,,,3.7467887950289347,,,4.3737669027905755,,,-10.160683952351865,,,-3.4245663819077974,-1.4478030233720407
2017-09-01,6.353883106920847,,,,,,,,,-0.14321081609988195,21.015046248302212,,,-1.48338593514633,3.0718687865242518,,,,,,,,,,,,,,,-2.75791303915753,,,3.832980184053003,,,6.219285512499994,,,15.844247348608448,-4.428990518559724
2017-09-08,-4.436533041180541,,,,,,,,,-0.3619988726700253,1.8516836959584113,,,-1.469786047121474,-2.934550049396568,,,,,,,,,,,,,,,-1.1882399993683639,,,5.553587665558798,,,35.97573473919703,,,-3.4045998759064235,0.07304167182964333
2017-09-15,-8.707130258971643,,,,,,,,,0.08410284156530592,-3.8280651076130727,,,3.007672302419397,0.3619699230165982,,,,,,,,,,,,,,,5.296834152281718,,,39.407293617931956,,,-11.035298101098567,,,1.3476987650859407,2.2922960290357315
2017-09-22,3.012977297386269,,,,,,,,,-0.09276104056209813,-34.90543668815401,,,-21.52324367640692,10.775924987626796,,,,,,,,,,,,,,,-13.664381173291964,,,3.9510763630660835,,,57.11311501977514,,,35.846514915612005,-5.585404678765664
2017-09-30,-1.3299878379885226,,,,,,,,,-0.08095109353303215,-0.8029998655374906,,,-13.001825441886353,2.9980861415619424,,,,,,,,,,,,,,,-0.5220898926142881,,,-16.50200161531361,,,-1.5081098325793691,,,-46.415845075790735,18.788045417958987
2017-10-13,-3.3478791251834665,,,,,,,,,0.0996347894304851,-5.275001136934405,,,-9.96237945492677,36.50464779469437,,,,,,,,,,,,,,,-2.775866526547988,,,-5.336467372111754,,,-1.9454042794699025,,,-12.960827177825726,3.139122764053547
2017-10-20,-27.480927005589418,,,,,,,,,0.3395746987636118,-3.33662604981463,,,-1.0305287009312978,-41.02887301419542,,,,,,,,,,,,,,,14.081045007553527,,,-56.63295087647893,,,-2.6310649541528317,,,13.113477893705891,-6.464145075184372
2017-10-27,1.717684606055296,,,,,,,,,-0.036406281743077196,-13.122927540159115,,,-0.13187976514027838,-3.8336452763518474,,,,,,,,,,,,,,,-11.273298624566843,,,-0.9622772893147848,,,-5.899681706431,,,46.088266302102454,7.682043915411327
2017-11-03,40.53388982546335,,,,,,,,,-0.049365449897345315,-0.9079560412812511,,,0.28513277799288783,5.967376398858295,,,,,,,,,,,,,,,-0.2201559448026914,,,16.34801262297227,,,-7.781862658844233,,,0.3656129951259558,-0.163621427926039
2017-11-10,-1.8835470045314886,,,,,,,,,-0.12202128933579248,1.6119632049311143,,,-0.4703023590795091,0.7485407376771038,,,,,,,,,,,,,,,-0.6934557056998937,,,-0.8897572461888772,,,-48.536695877506695,,,-2.0890530036893393,-1.9689227564620313
2017-11-17,-10.811108818527854,,,,,,,,,0.006522625744373976,-5.174445274620712,,,-0.35904657504090054,0.25388578146352847,,,,,,,,,,,,,,,-0.49973473632202875,,,-1.6893136182750217,,,-30.681157816357562,,,60.38204524781651,-0.5757044735870692
2017-11-24,34.34814068301416,,,,,,,,,-0.33284481911704766,-5.859734775741163,,,-8.873696841284506,-2.775779243080652,,,,,,,,,,,,,,,-11.025766291767015,,,0.5334981540126378,,,-1.0173779579444187,,,3.654717464916217,1.0460190680377321
2017-12-01,1.2760497934763677,,,,,,,,,-0.5271776836095767,-7.14030952980343,,,-1.4292803012486164,-12.22527886345441,,,,,,,,,,,,,,,7.152189493934536,,,-3.151886313518945,,,-25.537124037108764,,,-2.073086651764567,-0.32252612562019095
2017-12-08,-0.0532034484546476,,,,,,,,,-2.617032569976983,2.527945984130646,,,-13.0132530638271,-2.7119015553321115,,,,,,,,,,,,,,,-0.562452353770151,,,0.23312187940819273,,,-7.357771621689361,,,73.12910747653724,6.552492095106597
2017-12-15,2.889367028781354,,,,,,,,,-3.8876262475510934,60.32399032674032,,,-3.804669388575279,-77.93642979173195,,,,,,,,,,,,,,,-0.419939608541685,,,-6.091744945597385,,,-5.70733038096018,,,5.066323097875088,1.3154519306432542
2017-12-22,-8.303667485208715,,,,,,,,,-1.9146304437213333,12.115017626332723,,,-0.818939933005969,1.7078025465049695,,,,,,,,,,,,,,,2.859946558808455,,,-15.199104904545166,,,0.435532206248312,,,7.916762683276469,3.7170942840286485
2017-12-31,1.0072438177825567,,,,,,,,,-0.27237417954769655,-1.235062220252268,,,7.757551053642676,4.001972765208004,,,,,,,,,,,,,,,-4.537055936865274,,,14.673033395475542,,,23.933765295328026,,,-4.536711292885111,-0.6786437238594994
2018-01-05,8.336882440002803,,,,,,,,,-0.18252282132130315,-1.2346316764224394,,,-4.06698208302257,4.692103576330441,,,,,,,,,,,,,,,-1.633462926568345,,,-18.801308488986145,,,-41.91978600196915,,,3.637702848169277,3.0217554971767076
2018-01-12,-1.803621336608216,,,,,,,,,17.446502671407274,-22.808224523469313,,,0.2849806612264222,37.45254646371911,,,,,,,,,,,,,,,-0.5891279941709221,,,0.16408016125089803,,,-9.636655748776777,,,-1.1877854228272167,0.12844232369737466
2018-01-19,-5.539318087539763,,,,,,,,,-0.280073893232757,3.132642848997145,,,-4.130008610503681,2.3159654845232645,,,,,,,,,,,,,,,-0.5421848922514847,,,-31.812679163002805,,,18.87541298431787,,,-1.1142974754525565,-18.45050234484951
2018-01-26,-2.042542630198132,,,,,,,,,0.14225599949390216,26.71368406988693,,,-11.887107450129209,0.10841933680073582,,,,,,,,,,,,,,,2.016042883280934,,,-13.731425958310858,,,-23.900692533763785,,,-36.44281356242249,-0.740975860738037
2018-02-02,-14.640984492984638,,,,,,,,,-0.13933039089914834,-1.4494833251034511,,,2.5964925722071897,-0.17964649681164693,,,,,,,,,,,,,,,0.007770215907130881,,,2.3946399650503736,,,70.88606847916789,,,-1.4406681072412773,-7.991505526346659
2018-02-09,-5.098549985065706,,,,,,,,,-0.1419738283809237,-0.18353082073070648,,,-3.4113286642996266,-1.2759841719832947,,,,,,,,,,,,,,,-18.64917061414292,,,16.710022097176513,,,-13.093833605481453,,,12.347372583771431,61.68832703164583
2018-02-14,0.978684119720975,,,,,,,,,6.357148591736972,2.9276643438192234,,,2.97550017796867,-1.1902427798834176,,,,,,,,,,,,,,,0.6729440988756212,,,-8.204299596685116,,,-1.3580040011692058,,,-3.7919059921676967,-0.11240085342760653
2018-02-23,-6.398041920435416,,,,,,,,,0.7395473353528449,0.6312799746966588,,,-1.5740348281605452,0.7625312361006502,,,,,,,,,,,,,,,-0.59588278309113,,,-0.8884263476882676,,,-2.816085446237891,,,2.384946952073162,17.30228867042078
2018-03-02,-0.22689606939931933,,,,,,,,,-1.6912524401509992,9.16347716201033,,,-8.069796602002437,1.8945158510540145,,,,,,,,,,,,,,,-0.08732088119439076,,,2.441303366290902,,,32.44665986160474,,,-6.110060208449758,-0.7496165479695688
2018-03-09,55.995216061489735,,,,,,,,,-1.0666178767918582,6.476520078702567,,,-44.3659587636142,5.129277142285439,,,,,,,,,,,,,,,-4.510402548010195,,,2.0958759907541076,,,-2.683867596204585,,0.049518588156152954,-106.89014401219127,0.08694378966643328
2018-03-16,0.40186621236445086,,,,,,,,,-0.3855802282682117,1.2148335812225788,,,-0.452435835065119,18.475293847124927,,,,,,,,,,,,,,,-2.512409178261934,,,3.2318365436886634,,,10.626027039464827,,6.856530727448966,-2.1954309256594238,-19.311534074040424
2018-03-23,0.0014196400940293397,,,,,,,,,0.13742224616969814,-2.433798662564131,,,-1.0196083460655463,2.7671330355851285,,,,,,,,,,,,,,,-0.06340586834285195,,,-0.8837797995075259,,,12.596126611956354,,9.906907764876573,-9.947031063916421,0.3598069554431489
2018-03-31,-1.4353381101102969,,,,,,,,,-1.3153252925068062,3.1592216526347174,,,-20.84030127955353,2.9844558666642604,,,,,,,,,,,,,,,-1.7645124144283497,,,0.6213916944312993,,,38.42543288211032,,-1.3962267423534511,-41.60342997310673,60.92004438145155
2018-04-04,-31.317726258009394,,,,,,,,,0.1975035304997914,5.193439356288524,,,11.976210221520777,-9.31741118370939,,,,,,,,,,,,,,,2.5649741341801424,,,-2.356113595733232,,,21.349693604177762,,8.253437861952053,0.12320461414228723,4.377425569531229
2018-04-13,-5.3821411525019975,,,,,,,,,-0.0752477990594313,-12.391137666423331,,,-0.3966057808173925,16.184197481603235,,,,,,,,,,,,,,,11.576169394918368,,,-3.5456543145849326,,,9.778472955777444,,-0.5118269939206853,12.390132114929683,-0.40992758449481204
2018-04-20,-0.20164244317906282,,,,,,,,,-0.31562754303403673,-1.936040283102506,,,29.65077014548314,14.906520455684898,,,,,,,,,,,,,,,-4.374794850913329,,,-15.462258580820485,,,33.729063921787755,,0.04380957317231282,-7.505151385920871,0.025665339701003376
2018-04-27,1.6641764235736731,,,,,,,,,-0.0704494879550757,0.19798733091729215,,,12.110953056875083,-0.8602503368076522,,,,,,,,,,,,,,,-0.30978452951426116,,,-0.44911663989422446,,,-39.73999454109941,,-1.49814643738228,-7.313721485786788,-1.5344712891930812
2018-05-04,5.9141889497000415,,,,,,,,,2.4721815860578147,-4.681263194167579,,,-2.2703661586614965,-40.25760137456928,,,,,,,,,,,,,,,0.24788212297271273,,,1.7371839622611125,,,-25.712562570043225,,0.02480089293445309,-6.556991660704706,-0.5028882628364477
2018-05-11,0.3402153757373521,,,,,,,,,0.49712073750559815,-7.973754532871347,,,-1.765402457575867,0.1205675602005245,,,,,-0.14123480144637823,,,,-55.75449160658566,,,,,,1.551512070825558,,,-15.919149976684295,,,0.22922484895722084,,-0.23613781740320838,-7.433353700458115,0.7088030496817367
2018-05-18,-1.9237215079873238,,,,,,,,,0.06979673826267793,-4.413562797734979,,,-15.34089135649554,-29.519470405126114,,,,,-0.16911686303879947,,,,0.05355465202413284,,,,,,4.307942535152575,,,4.063869908318376,,,-3.214023842968376,,9.302472045694453,7.489097355299934,0.3762507690446353
2018-05-25,1.022391755123984,,,,,,,,,0.23796836748359684,-1.7960549011814981,,,-2.7179628844076134,-0.23067047844712163,,,,,-0.03720603007526502,,,,-0.6764666730118909,,,,,,8.841079066123186,,,-28.888360075202954,,,9.225024528944967,,1.0100512597981064,-12.014212824079685,-50.36413473655405
2018-06-01,1.3691456299937124,,,,,,,,,-0.1617598151395943,-0.3819039976421489,,,2.5193223649115417,-4.684411939270902,,,,,4.454536940952607,,,,2.971210059254117,,,,,,-11.522830781231804,,,4.327062497248544,,,1.8119602337972005,,67.32424966594456,20.204546314740764,1.4113049007497702
2018-06-08,-2.3699981288070244,,,,,,,,,0.012034039446851413,-3.110421998385915,,,2.2938433079747216,-2.8886942800152626,,,,,-0.10389361339565234,,,,-0.01895270178460476,,,,,,-8.119315577294032,,,-1.5812481402377412,,,11.145751348779875,,-12.499006386531846,58.82506166175838,-0.7050015792881591
2018-06-15,28.83354680756606,,,,,,,,,0.47679033161970624,-1.4342935299063422,,,-5.040615467195251,4.039387857428658,,,,,13.664290903596001,,,,-0.09325916762922065,,,,,,-0.9056644008776902,,,10.99509502847776,,,2.986321421535649,,5.2427795951150955,-0.9453299323157773,-4.258349463368022
2018-06-22,-7.2789239090046385,,,,,,,,,0.20694060303344763,-1.6991455294912499,,,-0.9497302290600782,-6.990899810179516,,,,,-1.7014274080177252,,,,-0.1416112822243046,,,,,,-7.182664761931006,,,-14.74702969731163,,,42.34950599739247,,1.7261275385566222,9.201618797021268,9.074358440139473
2018-06-30,70.23766149818299,,,,,,,,,-0.6093655324303975,-0.3891695901680735,,,3.9541091441736236,3.7720411184186773,,,,,-1.2260067197635667,,,,0.2631220730217574,,,,,,0.06099831870877188,,,-8.13167258411618,,,-3.23079855992274,,-1.4200141285215429,-16.78941229046187,-0.15566623450482442
2018-07-06,-3.0599161307647775,,,,,,,,,-0.5322227317117751,10.172942585552066,,,37.57577296124851,11.762102157784192,,,,,0.2821163588171279,,,,0.202162430710284,,,,,,-1.3589399542029255,,,-19.87873267901486,,,-5.594431724905048,,0.11450707473279481,-48.873543178520535,-0.7938251175884143
2018-07-13,9.288959400169261,,,,,,,,,-0.23131593072764828,-44.7939034523351,,,-1.1295548633233636,-0.5237081981851794,,,,,-2.4562708983975132,,,,0.6437621315697446,,,,,,-0.8908713895998522,,,-1.6986978719817043,,,-0.4557533924858198,,0.975872305017841,7.1295590547553,-12.956269593038588
2018-07-20,0.09036166544772528,,,,,,,,,-4.876955241864408,-4.093796274155411,,,-4.942417948844676,17.20637726889698,,,,,-0.32303508211827475,,,,4.481557204509057,,,,,,8.981438270488278,,,3.5588715819348407,,,-12.087131569336545,,-2.595611261670344,7.871508844803405,0.9819611104008454
2018-07-27,0.08858590564979571,,,,,,,,,-0.14359834798762036,0.2452605746041686,,,-44.72708338224634,-2.889029121413688,,,,,0.12212373595826984,,,,4.293112119450236,,,,,,2.4053741759322156,,,-10.017376400778545,,,8.508541132557244,,-1.771699177703439,-4.0288078910339875,2.2294332423211314
2018-08-03,-6.940782551080102,,,,,,,,,-4.2344879881986675,28.79058152289255,,,-0.8368491754765695,-42.387351073034196,,,,,-0.06652374091297335,,,,38.141850131761444,,,,,,-9.19779280880165,,,-2.9156179414306136,,,-12.740239839577931,,1.016374947804976,5.557627871616226,11.958515689838322
2018-08-10,14.129856303081386,,,,,,,,,0.22766957252698494,4.559082024309654,,,-1.2975514150811054,0.09700774361878833,,,,,0.3055794068518787,,,,1.3804097945605374,,,,,,8.41965821171831,,,-9.572303312288378,,,18.573334140847823,,-4.233236043346864,2.5082190540979035,-0.016696067980643242
2018-08-17,-0.6312989913633984,,,,,,,,,1.6551767177848435,-8.273902604495252,,,-0.4771042281329694,-0.8163405534970722,,,,,0.08771472117726303,,,,0.790370798955462,,,,,,0.15599877692702457,,,8.469011699895542,,,1.0705510340423143,,-0.03603999152056803,26.4119455515506,2.0975237578367505
2018-08-24,-13.98685561356046,,,,16.61637737993685,,,,,-0.00931893753360269,-0.49885658834455704,,,-16.32254946538723,-10.09399015186358,,,,,-12.629633252609393,,,,-0.1396777875304511,,,,,,-0.3395497666194769,,,-30.378394208391214,,,1.2027336339188945,,3.356474882875081,6.441896239504022,-33.30043148061762
2018-08-31,-0.020752154788095584,,,,-0.21440482753158674,,,,,-0.12849820362359635,8.641785416090542,,,47.32454313328156,0.6371890414349263,,,,,0.6768381364668413,,,,2.3372087384365132,,,,,,-0.4151732341947043,,,-1.1478598931062238,,,4.427610236650409,,0.7615398189293061,-1.628610951707546,-2.4684130129542443
2018-09-07,-2.1342188603834535,,,,-5.960425269371313,,,,,-0.0059477265431973625,35.84310377129368,,,-0.35504992504424404,6.83048417680318,,,,,-0.11703285031159272,,,,-6.089743693183033,,,,,,2.424103115067534,,,0.8452220491471314,,,-15.308404272755691,,-2.1626417596940883,10.325524748396308,2.094889576234425
2018-09-14,19.031422847340288,,,,-3.759663626762608,,,,,-9.973022663265883,13.604929341777183,,,0.6184187424115877,-44.474323967415195,,,,,3.8175659903945713,,,,-0.029047776488351135,,,,,,6.078614305668825,,,-0.5296447317367193,,,-8.215141414401929,,3.156148226301428,-2.205489445197375,-5.18728142425318
2018-09-21,-11.677946663331477,,,,0.5979186755541266,,,,,0.6079587355845194,-7.5959506964341355,,,5.125470972289042,-9.336488654399556,,,,,-0.16484999916797577,,,,1.9655190569524552,,,,,,-1.0121316521800072,,,-1.16299878274135,,,13.388462363382732,,32.93705651582364,0.5918824592179264,0.9153560136985843
2018-09-30,2.089212830072787,,,,-23.64211766406074,,,,,3.88212794016704,1.0946417201317753,,,-36.53018204626555,9.033958198381647,,,,,-1.9931540744306542,,,,-1.6179629195310201,,,,,,2.389996631604608,,,5.725246848139219,,,0.5354820281934833,,11.28989401986723,7.759729907752581,-3.966963683616417
2018-10-12,-14.743426472485009,,,,-1.8078664606328947,,,,,-0.025147598339000723,-36.600264288282766,,,-0.5416131070546053,4.044761861396032,,,,,-0.2456736204098531,,,,1.053982207052803,,,,,,0.08895924703071856,,,28.36071941398387,,,-52.5237569741839,,-2.859176699123708,-16.859324468470934,-0.841710480968604
2018-10-19,-0.17655269240460764,,,,-0.3643452014693755,,,,,0.28256988356331125,-3.5715357510221217,,,-0.3262466327164303,-0.615347918545422,,,,,-0.03722303363145031,,,,-0.5106015339784462,,,,,,3.19452618604409,,,2.595218505162269,,,4.1496594928080395,,-2.4417162183731738,3.276092301943807,0.3044710892214352
2018-10-26,-0.6646220864250978,,,,-32.52956516571338,,,,,-0.3774521609729596,56.246702723569335,,,-3.35167109494716,-3.392297291200786,,,,,0.2039379016260794,,,,20.289323106856205,,,,,,55.02259751636381,,,-5.761108893122486,,,-13.825417196806455,,-0.6613275999180627,54.90476337917396,-6.7147370744374655
2018-11-02,19.97479431537038,,,,-0.06757891396339222,,,,,2.319380756806262,-1.277926547215139,,,-0.2807916876495753,-1.0564291340308178,,,,,-3.0606802806411264,,,,-0.15851795355264348,,,,,,0.0077941537289385465,,,21.473479412488363,,,-16.837355006655766,,13.493892344345301,-0.027407419078222972,1.6682113029565062
2018-11-09,0.060530310313786584,,,,0.7144472670159141,,,,,-7.318432375608699,4.151994497138598,,,-9.15917333504452,8.080433330337305,,,,,-0.6703050849070527,,,,6.079588193746657,,,,,,0.7128811353906991,,,3.5736514693640498,,,10.299229575929822,,10.784262396258127,6.650779357047915,-0.49434373695815587
2018-11-16,23.258541873278492,,,,55.86579694599855,,,,,0.03171158835294552,-3.096122450163071,,,-0.15538710686302099,5.5847406646846895,,,,,-0.07178259598409442,,,,-0.41185758166279807,,,,,,0.7826904024938195,,,3.9297990193650607,,,-8.353988189103514,,5.426126636512754,-1.7565544736898997,6.927413620511015
2018-11-23,0.5957903127435751,,,,-10.27129030042434,,,,,-0.07037859714663353,0.936689155127342,,,-5.0046653730170325,1.8418016075241148,,,,,-0.10246990726454654,,,,-0.3373023200532402,,,,,,-0.44524019917375046,,,-13.798096685277258,,,4.090963620177472,,2.387452186744503,-10.020142587495913,-0.16318538649460074
2018-11-30,2.925648273727641,,,,-9.167716008600056,,,,,-3.398130369420857,2.69307774360069,,,-2.358989252236049,15.035146048912738,,,,,0.1319161108883558,,,,-0.06116311438720917,,,,,,-3.466345334684362,,,-35.58415871533297,,,-1.2218455709626406,,-0.05732422504905793,18.724414953123038,2.5235398575991894
2018-12-07,10.55959367438721,,,,-0.9917910936030916,,,,,52.52082521074924,5.697621977590176,,,2.7006919684331616,-12.051156350286007,,,,,2.0528743781402636,,,,18.902409537970534,,,,,,0.37304755566007297,,,-0.9162132266408862,,,1.073342432322616,,-2.051968889781799,-22.26695530861352,-6.169850029673831
2018-12-14,-61.55356799199995,,,,-98.3195960910469,,,,,-1.9061468027526156,-10.541622595701943,,,0.3612312458273461,-0.059026567835135796,,,,,1.0688752910687676,,,,-15.091869809015146,,,,,,-1.8414961359039883,,,-1.834272639644124,,,6.89570543857001,,-11.603141814718658,-11.668287819674315,-9.772692679119729
2018-12-21,20.666329365345522,,,,-34.734939460028926,,,,,-0.2831194977507572,-15.39617151834505,,,0.6447106234751309,27.41330946894722,,,,,-15.162767239197368,,,,-0.2989060626771147,,,,,,1.1036487586207715,,,1.030686801114988,,,-2.4262740976385997,,26.872711368662547,-5.550698113759367,-1.2666675617814298
2018-12-28,9.012885141375365,,,,93.51365749381685,,,,,-0.03725098145649028,3.5586655329839143,,,-1.9268875833066144,3.2904824192017452,,,,,-0.07395803204515759,,,,-0.5237873238637285,,,,,,1.3628963151514868,,,-0.28210494618724263,,,-2.4536756224913283,,-5.610883384983171,0.31427234202759974,2.958367595347547
2019-01-04,-6.760325748251112,,,,10.500290669604972,,,,,-0.2766438797798463,-3.669282614388514,,,-0.08733913291112429,-28.937559242710407,,,,,-0.27885265691043626,,,,-0.09787494448363886,,,,,,-1.5986688959207318,,,-6.269224327504126,,,-13.813287191852554,,-2.7976915429623017,-25.63978607280853,-28.005135099388756
2019-01-11,4.595554514899073,,,,9.059856395814169,,,,,0.29645384972801136,14.510442668489091,,,-0.8241971939406542,37.63688588220878,,,,,0.43324843281473824,,,,-0.4583883503442777,,,,,,32.102558182498214,,,0.9649211206610833,,,-3.0635604011405655,,2.800453921246955,-0.5292397138032068,-0.07361090464391216
2019-01-18,1.423194878544993,,,,0.017676587918033185,,,,,-8.484133862006344,7.275044805254603,,,-3.313795282388176,-0.9517043379940434,,,,,-1.2975995478807292,,,,-0.5701019132738487,,,,,,-6.723454722487129,,,2.8643483484191004,,,0.6931727886352559,,-14.839517822595216,27.218229452714343,1.6712696378492948
2019-01-25,9.02162473354968,,,,-0.1676188400708959,,,,,3.4779646834207076,7.207451809108894,,,-0.0379958300555584,-43.597012876669844,,,,,-0.24476149503494074,,,,-0.2937418462680826,,,,,,-36.78700015411585,,,-1.6050470470073135,,,-7.303037542956861,,-2.409133817977405,-0.42133694991998133,0.34259789541349867
2019-02-01,0.18134262993175598,,,,58.69027157190314,,,,,-0.09007666939863018,-56.64286290019213,,,-0.33511589543057374,-55.62907978478878,,,,,-16.87442193805968,,,,0.8683483553039878,,,,,,19.107484772571297,,,30.771461095642454,,,-12.919542651893419,,-3.1728833834353574,9.259653504024064,-0.19288728371455863
2019-02-15,1.596710914397105,,,,-24.063906268629502,,,,,-0.061743250895206464,16.71115806722431,,,-3.088680997744323,-59.10060080584552,,,,,2.0045249961596636,,,,-2.671141907783375,,,,,,0.057020434037374196,,,-0.8541015255987021,,,0.05756561262547977,,-0.45396329113506984,-4.283986420729608,2.04157324598662
2019-02-22,0.27302086129888514,,,,7.247167874594414,,,,,-0.29632104417521854,1.5484881724270223,,,-0.6537387151272195,14.205757295237287,,,,,-3.1007556977090864,,,,0.25872868292111795,,,,,,-12.205498654250281,,,-10.368664015075058,,,29.041866035063705,,3.02165130439623,-14.088328460615465,-0.15807065642791332
2019-03-01,1.5145161673258847,,,,5.9428215218504015,,,,,-0.6377299127771672,4.368990374619506,,,1.709183497981038,2.2496947341964244,,,,,-0.36102987442060686,,,,0.6709472092568338,,,,,,14.883835538821227,,,0.3243844841771447,,,-8.374876837269367,,-7.215992563705729,40.93351470437872,-0.13543310285621696
2019-03-08,-5.975850777536713,,,,-3.472585508920531,,,,,-7.094495627325561,-4.234525499364579,,,-1.3144506478377296,-25.714434866277116,,,,,-0.061153826126819064,,,,-0.5230937809116459,,,,,,-11.429831323269749,,,3.974705397994503,,,21.338290012139737,,-0.4585479279454189,11.66398361767264,0.4742538153708826
2019-03-15,-0.7121796128894065,,,,-0.09052245097458311,,,,,-0.35416235954825953,33.94000369271948,,,-0.9175301410634873,10.060964235721935,,,,,-0.1218156410341516,,,,-1.514688262159728,,,,,,-17.97583293157709,,,6.51507202542524,,,3.6861039741718162,,-7.596967881384272,10.045070321508303,-2.1066756435117258
2019-03-22,3.2007957107849587,,,,-0.09035206199171182,,,,,-0.262603859338323,-15.881571305005277,,,0.042031723806170984,-12.825466802606329,,,,,0.2872585380839152,,,,6.747764238526386,,,,,,5.236021733081691,,,39.03676774255307,,,-9.091803417293628,,0.2943505951681559,11.808630401688546,1.3137653682870507
2019-03-31,9.555738509988696,,,,-35.39861715211653,,,,,0.4086942396783811,-0.6415128501980396,,,15.880351543420932,0.8457003052661972,,,,,-9.197560099944232,,,,0.14790681902245412,,,,,,-1.1478977438056064,,,20.858952166170457,,,8.840176634517265,,-0.19734786521607395,5.03327610100737,-0.5496988901402957
2019-04-04,-27.84099826401449,,,,-3.3633183657352967,,,,,2.6368974484848318,-38.59285462006782,,,-6.161378086750458,9.963825276740762,,,,,-0.4202124604676213,,,,6.168727020655115,,,,,,2.859972114766027,,,1.2353972594974587,,,2.2008204088412398,,-0.14148586372773586,54.53244090644851,-1.4472472791514441
2019-04-12,11.818526718135496,,,,7.559158879273779,,,,,1.8367488460407089,-5.334703164022666,,,-42.52265896374841,40.263321433561885,,,,,1.347999013038991,,,,0.23228302441385504,,,,,,-0.46715597788511826,,,0.894951732645235,,,-38.68617047632479,,1.010151434214158,24.64748909415084,-0.20749686866507247
2019-04-19,5.6382234628579315,,,,-0.1166557664368284,,,,,-1.748787874819409,-28.431931823797488,,,50.978681146258715,-5.6009429273850095,,,,,-1.0434735009328333,,,,-0.007951642066657078,,,,,,-2.206182367580762,,,-7.144001113058308,,,41.91004938035071,,0.22118963418839221,37.82375808351283,-0.8784274902415578
2019-04-26,-11.877549835281311,,,,-13.132997591343777,,,,,0.010721851855182152,-20.212186422212433,,,19.639662044502963,-6.853028435320255,,,,,6.602255850893317,,,,4.031200875261982,,,,,,70.39342495413244,,,27.142908668188742,,,2.8602287182176047,,-0.9301358998484032,-47.25942741257674,11.871997098031663
2019-04-30,2.376064438858177,,,,-84.72639725886856,,,,,-0.24511866784916883,-19.800677199912787,,,-0.7316250866275211,2.8790409722240313,,,,,-0.4120852342157232,,,,0.9018450516428027,,,,,,-1.2262269440629519,,,-1.5532684779696275,,,-7.269428125405687,,-0.23063757127213902,-2.861626493764055,-3.3506571473768423
2019-05-10,0.04445259828497011,,,,-12.7554208082941,,,,,1.104589787882948,-9.03695185533171,,,7.380540893405958,3.7932834030743807,,,,,-0.3073076734307899,,,,-0.22315854328341,,,,,,15.634969725058783,,,2.3024375038506393,,,-11.178219891977651,,-0.4008004124729637,-3.3147801251455533,7.963535058610253
2019-05-17,-1.025117877161818,,,,0.2933789407502544,,,,,-0.2073036322792765,2.4198528404490562,,,-5.852431348710256,-9.972832790874088,,,,,-0.19841639912956746,,,,-0.10550219302881107,,,,,,-3.285817543259473,,,0.682814524379854,,,-47.39224674626847,,-0.3394186037708662,15.504946980739621,-0.599065171054733
2019-05-24,-0.6322587736049023,,,,-0.08079623863993105,,,,,-0.08638920311711823,5.2562570546701926,,,-5.768984022733955,14.592498808235966,,,,,-0.21806255718967205,,,,-0.43655623803887067,,,,,,6.260170808859102,,,6.240431915063735,,,0.11395713196121893,,17.33027800454554,-36.65753015546345,-1.5431014056113335
2019-05-31,-19.10807943386335,,,,-1.3466707257313053,,,,,-7.769495435734435,-17.550840081418208,,,-0.37799900239897677,9.050424772077914,,,,,-0.011199901258066663,,,,-19.99836059943038,,,,,,1.2628557350287688,,,3.1386747218166535,,,1.342848493654106,,8.281753714247712,24.940407133850027,-0.07754678383401972
2019-06-06,17.3263888263356,,,,1.0234453154228231,,,,,0.014287442321526716,-6.637521142374057,,,-0.2971852868414886,13.431102393300481,,,,,-0.45700898934914186,,,,0.40657322705726195,,,,,,0.052861525077522786,,,-1.4624111440480851,,,14.353977413819146,,5.32850548322476,3.071223555123312,0.29236560327030614
2019-06-14,-2.5670112875932185,,,,-0.28647042370262055,,,,,0.46211955180206243,2.529969473504039,,,-8.337036441016972,-9.139792899580423,,,,,0.3379416919712935,,,,-0.5335960939776598,,,,,,0.017591831261583535,,,1.1820511494510804,,,19.151382216095026,,4.751554988796703,0.6164033639245725,-0.5805515858633695
2019-06-21,9.728483293795293,,,,-0.44571728631484864,,,,,-6.121890906138075,8.900051110440195,,,0.10808917858817307,-0.38248878238875594,,,,,-0.033803236053979405,,,,-0.15192805693808037,,,,,,1.6564650749043903,,,-8.432136020682439,,,-32.980503358036394,,-1.217218516892626,7.832809547189992,-1.424620733909752
2019-06-30,-0.8246193820378225,,,,0.3965322868479084,,,,,-0.3291774960317709,34.261106102840124,,,-0.37958113822648315,-20.75633475154815,,,,,-0.16310435053477912,,,,-0.5620596468521352,,,,,,0.800998433615413,,,-7.4910295387458135,,,12.098979921621712,,9.353023766472964,-0.8859987015661641,2.0257294919894635
2019-07-05,-35.9386718800893,,,,0.13159867798121794,,,,,0.4175571473651783,67.08521511411472,,,-3.363754022905386,-3.269046654477642,,,,,1.5761051795473997,,,,-0.9756588444456908,,,,,,-7.0617063537220774,,,-9.74195271478856,,,-5.827649624279065,,2.4899841340823587,8.617991057997362,0.06465359986655966
2019-07-12,10.681786564559832,,,,0.24328459031098987,,,,,0.6408256761355677,-24.804420962488905,,,-2.3777637721941742,-66.17921293804253,,,,,-0.4621215476721762,,,,0.6927541446268781,,,,,,0.560545283792943,,,0.48669905264452573,,,4.017384817459093,,10.694158887987397,-4.954934359790896,16.039501519000602
2019-07-19,-0.3906668898657394,,,,-0.23799463254638176,,,,,2.240028173294656,2.751323100189359,,,-3.716591676030812,13.138747193976982,,,,,3.44484061453054,,,,-0.37456763299120455,,,,,,-1.7287404630633414,,,21.880172023291994,,,-13.487406821449312,,-0.7790504844535109,-1.580044378971175,1.5773388614729216
2019-07-26,-14.118015948164627,,,,0.31452778107801804,,,,,-0.2736631142472676,-2.590279265918734,,,-0.8267578822778926,-4.6069881881538315,,,,,3.522532479807376,,,,0.1350608024520925,,,,,,-3.6470310030059734,,,-11.180565730307112,,,16.357174267440737,,1.1719644831526677,0.9203781149942756,7.58613150306584
2019-08-02,1.3798801255876272,,,,-0.08281381680120406,,,,,1.3046258421264878,-0.9927773449644318,,,-3.566031690487729,-2.4033834569762234,,,,,-0.5738013372738506,,,,-0.01114209551684095,,,,,,2.06577843668392,,,0.4238393237718395,,,-26.049196372170204,,-6.202563345989094,-35.01016657251825,-2.9172867714617925
2019-08-09,6.571298458230852,,,,-0.00829258316311321,,,,,-3.0263108872849704,12.731476561787083,,,6.831323544769421,5.301626532666961,,,,,-2.161079247705216,,,,-0.1107756732253582,,,,,,-1.5942467044768447,,,7.030332586945331,,,2.441808818894362,,-6.914895984348696,0.15965536257093849,0.05869796899263485
2019-08-16,-1.1309300444535149,,,,-0.04087697078986466,,,,,-0.189226249620436,1.0774267545335683,,,-11.740886617470922,-3.709345673178132,,,,,9.173560999217763,,,,-0.06431991334642671,,,,,,0.8965536336454203,,,31.232359798324538,,,-6.8640262348741015,,-1.1988863798259564,-48.016734195112925,-1.6275655210267588
2019-08-23,-0.4308433178576192,,,,0.7654207127249943,,,,,-2.863693104249913,-0.6207026080406653,,,-0.4014993561316024,-30.044716432132073,,,,,0.2643659451716457,,,,0.1131343138651725,,,,,,-1.1900380507820483,,,-0.5676216310736302,,,-38.49538414930016,,-8.96618496508717,4.158075619059529,-0.7031498593122993
2019-08-30,-19.285315071708943,,,,-4.101656920619617,,,,,-5.672781958855376,5.675819154978782,,3.4606426857049395,-0.11885478448676591,-4.271629634254472,,,,,-0.3017586579728146,,,,-0.11951050295452643,,,,,,-11.662441904361954,,,1.8696775617494144,,,9.717006271452867,,-3.735075676056412,-8.604850379125043,25.522253815509856
2019-09-06,17.493979387688128,,,,7.799302617647237,,,,,5.620797616969287,1.8493408869883274,,-2.9799590209746123,0.025334193338140687,-1.237647383257586,,,,,3.0034697501664467,,,,-4.325797269957798,,,,,,1.7975684903198923,,,1.2569507736659662,,,-18.55173462409703,,-42.38084415470493,0.5433785332630761,-11.993076813679323
2019-09-12,4.740631825714104,,,,0.020142835401592035,,,,,-0.7743119445126523,5.1601887581552734,,9.333028146634366,0.14713216017010056,-2.687624758426203,,,,,-0.22432200503637273,,,,-2.3900136492870376,,,,,,-0.477660479061717,,,40.631058532162584,,,4.6437359103918965,,-75.24698354302576,2.8817252532852335,2.3766113476941264
2019-09-20,25.99560936904917,,,,-0.1411095729121772,,,,,2.0060982328310635,2.37072969435844,,-4.0931127264764156,6.419852107206902,10.106257963945401,,,,,-0.13166420155697972,,,,0.27121217251069507,,,,,,-1.5049110197862219,,,48.237624160365094,,,7.2795456041402185,,-3.150569402766513,3.5295823818780745,-0.06640159510752563
2019-09-27,-0.24818460501785994,,,,14.546272965011557,,,,,0.8253899679543895,10.983313710810034,,-3.961489270039221,-10.690263763133705,28.75136124959923,,,,,-0.02147214880891539,,,,0.42820720375652943,,,,,,41.343080242508464,,,41.02003097455009,,,-0.47127219168529066,,32.297919593873125,0.20390657279765928,-0.2292062449740564
2019-09-30,-0.33557917713591046,,,,-0.44915813063376986,,,,,3.588301612070031,-0.16709169921088307,,-26.800693409318544,-4.70114182618475,-37.93112607442638,,,,,0.031535256166001197,,,,-0.16079386674211266,,,,,,7.966022272938953,,,-0.6416502711538292,,,-7.526287361770167,,35.904335550341976,-12.206979529457813,-9.743383574853652
2019-10-11,-9.086639655640516,,,,0.03427323512997252,,,,,-0.21582923372359952,3.0686551853284474,,-35.715665385496536,-8.126337315089016,-1.2124971706299177,,,,,-0.19863154773144823,,,,-6.242582148900876,,,,,,-1.0528614641438339,,,2.2133095361431954,,,60.67344643040873,,39.88388087262257,6.356280817114527,1.506122214381277
2019-10-18,-1.5921718631658432,,,,-4.373451759452934,,,,,-5.416808416113209,29.335900753757933,,-0.5846593130111479,-1.3727678853191025,26.273591660782305,,,,,0.06604004986748241,,,,-23.414336954137546,,,,,,-2.1753000279107395,,,-3.8479255612999643,,,2.5692736672330136,,3.429416219685132,-15.884800849121223,-6.482753918668891
2019-10-25,0.06205683074559343,,,,0.00330340202086897,,,,,-0.17119870278415256,-7.289425916419757,,0.8892238939898816,-0.20121638144243198,61.7469659207269,,,,,-32.98911986407351,,,,1.904914230366843,,,,,,19.196304170801632,,,-55.1265852792519,,,-57.00696751531303,,42.259924913914745,-4.597428920325731,-0.11930511304712504
2019-11-01,5.786100196447178,,,,2.2340651076786333,,,,,0.21496671506084108,-1.9019594349482634,,0.36454221253450025,-0.4820745258381057,-0.28116842983679535,,,,,0.2965955736451631,,,,0.010776390043367168,,,,,,-54.31377603340473,,,1.3479363653124332,,,-43.47697662791614,,-22.00790390245531,-6.28973521611662,0.4566109680271947
2019-11-08,6.90665468985607,,,,-0.14414073810087424,,,,,0.10621858108940693,5.694299465195856,,-3.6353426550443464,-0.36198351633885734,1.9161120447303492,,,,,-0.1779592700807821,,,,0.18844779623119062,,,,,,-0.1217981767798511,,,6.872375937402889,,,-4.799221467934257,,-11.695661649427343,-36.60021518576556,9.072315816439762
2019-11-15,0.19184867949185916,,,,-0.21833936039864865,,,,,-0.09378577024718258,-10.632236279590165,,66.63604787073263,0.5886521976205362,13.483510403323006,,,,,10.564579127598321,,,,-0.16871128370845284,,,,,,-0.6343937872406398,,,0.12990629020965422,,,6.332296754542002,,-2.8796038138356463,1.0338365176732598,-6.42918775037279
2019-11-22,-0.32310459186161244,,,,0.8010831212533682,,,,,1.525740073187391,-8.57835282429534,,4.551360195792975,-1.9571217170287554,16.72090407605313,,,,,0.01823706154669888,,,,-7.980967071604226,,,,,,0.47451386038817184,,,-0.49012522969213257,,,-2.6196211405125363,,2.731939369854615,-2.1262558100995577,7.006638954742616
2019-11-29,-24.743338070130875,,,,1.4840485849166245,,,,,-3.2426142070720854,-6.528834952678698,,28.679087214403836,0.48430166675141684,30.92323063745311,,,,,0.16798537547206216,,,,0.052809082877971786,,,,,,0.6636920449896111,,,0.659592934376546,,,1.4315341345245773,,0.9943022759137379,6.593602068573658,-1.6738097202863047
2019-12-06,-0.1600868633783803,,,,-99.07659206344485,,,,,-0.5107477456446972,-38.85547073489509,,-2.617518060851641,-0.1719390881533862,49.878214718471405,,,,,-0.044726200129646385,,,,-0.07167133979610696,,,,,,14.706922508744391,,,-4.706199592386441,,,-2.903018410196453,,3.1526942428971463,-15.602728073589194,-2.320086159196059
2019-12-13,46.19041611329648,,,,-23.003625654505285,,,,,-0.1837716402513611,-9.798316794761412,,-39.3478479954081,-4.9075837686552655,-16.190375277012972,,,,,-0.5002494438712431,,,,0.017079114539665374,,,,,,-3.0971683717301963,,,29.900814314031464,,,0.12208397880596333,,-34.1519322100727,10.217856247868282,-1.4724177153799507
2019-12-20,-19.889380538421428,,,,4.355155625053296,,,,,-1.0048040598021408,-37.87608341615993,,-3.908379575580894,0.1212771343911806,-1.3147984210405352,,,,,-1.2260590292115974,,,,-0.39579762344729186,,,,-0.04294167300946192,,-0.49351286190192384,,,-3.50808375227896,,,-2.0798954223962944,,20.75301505854811,-19.167176252569444,-24.49979457289112
2019-12-27,-9.64139134268296,,,,0.20031726976682074,,,,,-1.2044601390655805,-1.9916306788490754,,-9.256708493663849,-7.6592444834364155,-3.4366360110513128,,,,,-8.179798301999599,,,,-0.16342044151263777,,,,0.15195385190786123,,-18.47877770325771,,,9.308892469745846,,,-44.573139076464884,,2.5583156819276,-5.539193064691226,-10.454407226687715
2020-01-03,-3.313419515943483,,,,0.2106533190315469,,,,,0.7679084090928844,-1.8316941392928197,,-1.5277084118796829,0.21590692710533887,-1.0748291611301801,,,,,-0.3681040498865425,,,,-0.6790492988991681,,,,-0.09385424670136232,,-0.29929245196594667,,,-1.182154204297647,,,-8.119304977934814,,7.437351388116023,43.21655849133142,2.52699485266709
2020-01-10,-8.744486569582193,,,,0.3217154838521634,,,,,0.1668352415010193,-3.081199448120972,,-5.513142126039507,2.177983766646371,-5.898048947358738,,,,,-0.02966196677761071,,,,-0.14624524135692624,,,,6.219244027931505,,-0.8337243457717822,,,-7.762632302287058,,,-10.249418126097176,,5.657309589016693,9.371393182918505,-1.5401495271146894
2020-01-17,-1.4676681358670305,,,,0.1051227637889946,,,,-0.44534584539599986,2.224438997326262,-4.97589234374387,-1.1238800952099581,-2.8660363613400732,-3.9649977211674576,-3.931881094500085,,,,,0.46885119994031044,,,,-1.0112948934201125,,,,-11.98324057992128,,3.5560338907103177,,,0.30409469226494346,,,-19.978170109490648,,12.551052613663323,3.665475566694977,1.8725372222017445
2020-01-23,-0.14018435896627152,,,,-2.571112165575986,,,,5.414338662752394,-0.40130463929243676,-4.208677244483081,4.725216303062234,4.567561622944888,0.7975953876738093,-4.134412968328855,,,,,-13.503993225191232,,,,-0.47527129086703657,,,,-0.05812534573432897,,-2.76027968611536,,,-0.06606902869795947,,,-47.030325663458854,,-24.03826087197599,-15.204509463511345,15.415997224710148
2020-02-07,3.153364618147458,,,,-1.263059459855555,,,,0.7041362859375645,-0.20370205167286937,-28.851446538371473,13.715152230205076,12.307155675018782,-0.8930879801106533,-67.3738316085147,,,,,-0.06066166047544907,,,,-20.63803373724527,,,,-0.6902597891898621,,-7.904466533348752,,,-5.395782794611609,,,6.079859648405476,,-0.4670179332207393,42.90577420140865,-1.2301399877903052
2020-02-14,-10.32291241458007,,,,-0.15224885203121652,,,,0.7799334930318047,-0.01178039259151907,-0.3476819673963263,-0.745548128104942,6.884195500958723,-0.22001685755078482,-51.828682663586434,,,,,0.5163149646070007,,,,-0.35521631646217844,,,,3.7837928269385133,,-0.19459643673963556,,,-0.6925329034887957,,,-17.242529626666602,,10.24345646073528,12.559147015518038,2.249831723298456
2020-02-21,-10.03004886022056,,,,37.886168478659485,,,,-0.277606091644202,-10.22187827366984,4.1259229524018295,-0.5848718244863567,-10.502026215652275,2.495437403268315,1.1043103365442408,,,,,3.217793841297185,,,,-0.5035219268169153,,,,-2.3290004937815376,,0.9327142886522624,,,0.41733116957872163,,,-9.13417101262937,,10.058331198320367,42.28074300510873,-10.017856917077447
2020-02-28,1.9988636778707871,,,,-6.007205122041883,,,,-0.5334821898275356,0.14842704267633416,-2.6864456082387624,-2.7554640809761546,5.706169288907464,-0.667385150094202,-0.24566339905322387,,,,,0.5636805513462443,,,,-3.8773716129042506,,,,-0.093829364272144,,37.60129549145861,,,0.16982344916658698,,,-4.616964258516925,,2.761433290813132,0.9423934572328058,-8.815111488860317
2020-03-06,2.467676120890014,,,,-0.03005430546443849,,,,-0.05591779220096987,-0.023294566778681636,16.58553134174756,0.8792276961295202,38.670096135156285,-0.6153540805356645,-27.908537404732037,,,,,-9.53110716083395,,,,-0.1306272209800277,,,,-0.5101810023314907,,2.5033411976702995,,,5.519502072222423,,,48.472587532439604,,-10.566053451016582,2.937256315098465,5.462797532415358
2020-03-13,0.48868306129666905,,,,-0.2949647724257558,,,,0.1040161196616059,1.4965502679019784,-1.1581279569885237,3.4193665865252143,44.08666013136962,-6.38795310356043,0.38370843637641294,,,,,1.0287917287341504,,,,2.857286700404953,,,,-3.0146272880186418,,7.124063439508071,,,-9.393485987181272,,,3.3300588103907427,,2.2131562702957437,-0.5723006307476929,-2.6295647489223324
2020-03-20,1.8057419953045941,,,,-0.1378877065050522,,,,2.09261685403405,0.07781816259840962,-8.423201684597002,16.248370659650707,5.177930647304256,-2.032306522929993,-1.9540427559362334,,,,,-0.29899858363905374,,,,-0.3034329928140416,,,,0.6220774905714473,,2.655473372316421,,,-1.8429938739041112,,,22.446810264730967,,10.138301124458767,-1.876775615450931,-0.9430009272689772
2020-03-27,18.294223927609956,,,,-9.473986275532592,,,,0.7775273869257807,-39.88351908602937,3.455565079206262,6.214662286472817,0.5353967571270453,-1.6352795002073282,7.040782906434145,,,,,-0.2497692180763823,,,,-2.308402851592345,,,,8.264436790352352,,-0.24891488833144,,,-27.986147744038224,0.8939277344411255,,38.85436884817286,,7.225739521595456,-27.13327590566997,-26.00031701617154
2020-04-03,3.7746175060773015,,,,6.429947467366701,,,,57.63893885800141,-0.3497601851705131,-5.432794879107401,-4.648104077558205,-0.8366983287185493,-4.069348140182297,-2.3466598206060234,,,,,0.8618756190361502,,,,0.5824908552239285,,,,-0.1602492854092088,,16.363511888002023,,,-2.593443564438203,-6.014313007738116,,-0.1368887874468661,,25.92849886772613,-7.689872734028585,0.5961124416262094
2020-04-10,4.554483420642364,,,,7.402746348796434,,,,-1.2283547292211665,-1.0978139128132733,-45.84293466716037,-24.21862628864851,-36.65318753671936,8.261610634664072,4.483318638663568,,,,,-0.7528704073098794,,,,1.4149216302941303,,,,2.3190393972281704,,-2.8262216285221706,,,4.468504438761659,-0.04096281318416947,,30.670395505086805,,7.645656062269364,16.898246551439456,-0.03170229638635416
2020-04-17,-2.304472030470518,,,,-2.1052998365097926,,,,1.4698612563877864,-3.2616658874605546,15.105945585131652,-5.359051177077955,16.109579471624187,-0.6454440639406401,-8.56873574071296,,,,,-0.47777634697339544,,,,-1.2605096532291513,,,,-0.02458978245553982,,21.981477018964075,,,-8.469948284340708,-9.014405157124703,-3.5951755010737294,-3.9275162117644182,,-20.131034252087918,-2.710440246962483,36.305868125588916
2020-04-24,16.668325245440645,,,,-0.711110162507306,,,,-0.16819086675631995,-0.06477712466126664,12.6145428962711,0.2678729332771834,7.801608273520557,-6.326289259949315,3.6791860713296094,,,,,0.050314902558568,,,,0.2528918848106062,,,,1.5891362652676917,,-0.3143123796408269,,,12.636593716297075,1.2670736824793083,6.077434998464758,-0.7529695067555162,,-48.06892733614979,0.48727328804509673,6.4486542935467535
2020-04-30,5.549081547110381,,,,-0.09385299845694653,,,,-6.463919325018839,0.6596279357971238,-1.577747684228067,-0.6085510861788854,37.5975780573067,-6.426940750379401,2.4514117537178195,,,,,-0.2684271219145605,,,,0.05341635530992367,,,,-0.11260375097781408,,0.5491898506565516,,,-11.921699019199322,3.6718380364750467,0.10890402726169299,-34.44613528453509,,-0.15451885778400254,-0.5156397630550731,-4.128779087907032
2020-05-08,-15.067470435137952,,,,0.10074007410549857,,,,-0.25647408862826526,-0.13625689799804588,-32.191143959083746,2.2956545442632574,0.9790237899863331,-4.709163707730115,18.887969521895485,,,,,-1.4623840586202337,,,,-0.23051866564077111,,,,-0.2823362726847673,,-3.4575070995595034,,,-6.356837703998886,-1.4003174133690057,-0.34190414224338284,-25.02813024299747,,20.126491330398885,3.4013912497495733,12.786409642491025
2020-05-15,-0.3849602651912625,,,,-2.2095883388598674,,,,-0.33776614367188446,-0.4724368953820723,-2.279605379040502,0.06128743553077422,35.2771336798523,-12.030724290488951,0.49096906790785777,,,,,-0.7421147803988161,,,,0.23167338855196368,,,,-47.42100668159698,,-22.551172226603608,,,-0.47835949272178824,10.458728665468335,-8.406700066641429,-9.49056281147077,,-4.448807261492556,13.369619400470532,-1.984333400005335
2020-05-22,-19.638447942553512,,,,-34.86298095119385,,,,4.082854012212087,1.966097831642017,-8.18140442615258,3.5550766420475677,-4.298902810053106,6.702271873379817,-22.39163091775725,,,,,-2.0189776969051003,,,,0.2579396456045078,,,,-0.31373669847404134,,-0.20353006446157412,,,5.422789397472795,-7.797185071744163,-0.25721878392513625,55.78493110729533,,-18.34864326658689,20.88054113722803,1.9821354766582
2020-05-29,-10.027642707415822,,,,14.143143454632451,,,,-0.1379576508187092,1.585664347723307,-13.560576324564053,-0.7183025471550376,12.178710436490713,4.66703362566579,-15.995771337164705,,,,,-0.34479674758898105,,,,0.22468375215254843,,,,-1.3710160911693101,,-20.99144537934316,,,-1.5535561828882745,-0.29030635199083865,-11.859545160913475,33.27807063325862,,12.512228051536976,-3.172588039880741,47.61480884388371
2020-06-05,-14.698309257218003,,,,-11.308291796283648,,,,0.07379972339887117,-0.1270685790643646,-6.213813357197373,0.09049289766210217,-10.673667320575088,0.44013286266969115,10.672296973903547,,,,,-0.7129422265502807,,,,-0.326678680115511,,,,-2.874953188145572,,-12.371010340319161,,,-24.391838590698494,5.237950280231587,-43.06681835028063,6.92640867133319,,1.30405389144862,16.972171657040203,-2.1070666444884
2020-06-12,12.255896660172665,,,,-0.9352772221156785,,,,-0.0018467960532953659,-0.3329911906236033,-0.5443321892164941,-0.498514706845753,0.2876687348721273,0.014643544463644576,-3.0522674671008847,,,,,-0.10366242949119403,,,,0.626272199213143,,,,-0.1911677380490146,,4.747682471365502,,,-2.8591910859308287,1.7703304745537753,-7.878413193937597,-6.598396820850055,,-4.856776648785927,-18.47319248680136,-2.0113680118915584
2020-06-19,-8.111261901651842,,,,88.89038526905063,,,,-0.4192227394473465,0.7504670974890287,8.374615628723118,-4.660688110423519,-1.1079922226128587,4.855800892331354,50.596816994453654,,,,,-0.123331534263901,,,,0.1975053111046681,,,,-15.017511270996168,,0.05664081340649374,,,-1.090200564459636,1.2159321303821005,6.674515961371257,4.211852157508288,,-1.6643490977578388,4.712402675383497,-2.2931508783509975
2020-06-24,-17.035603291820614,,,,63.679955118215446,,,,-0.05550732220679325,1.8050906765991281,-0.26480382351391996,-0.3531476319531442,7.342497849634128,-9.258620493537107,33.91645740486817,,,,,-0.09001554756933183,,,,-0.18361130769762676,,,,-7.046669123477953,,-1.305247955987616,,,4.47263287129704,-0.12545702229515446,0.7304573958335272,-13.53280792852714,,-4.230972424159338,-10.541874014522984,-0.177049331222214
2020-07-03,-14.02804725747741,,,,-0.35993642023395117,,,,-0.06064294648820878,-0.30656652123808337,5.188092803250937,-1.014422373358218,-5.717040539739261,-1.0033424206830865,-4.1375349506086305,,,,,-0.045290489231753585,,,,-3.194048877556458,,,,-0.24287876216483179,,6.4545111148436725,,,-3.002619261707662,-0.9735715190569307,-0.41412979890916984,-4.856806520075402,,1.900706862977536,-1.0001862038420941,2.8736332044575787
2020-07-10,20.531978780523364,,,,-0.2880337831498002,,,,-0.04130282042367049,-0.0024398516144964744,0.7300796534791743,-3.915904209019007,10.933525518130688,0.22800965846016608,-35.394363332003586,,,,,-0.23094670310010346,,,,0.1518060211857768,,,,0.08181027366475256,,-0.5877305991886195,,,4.119102422338471,2.6402900930328217,-4.313296251972144,1.6534398193683562,,-9.264878956537466,13.975986280311183,-0.052537289938352195
2020-07-17,14.031733361980265,,,,-0.20263381311238476,,,,-3.5412770542716006,-2.8615184643751577,-9.380151012971162,-0.6585854169275311,0.9068013268389912,-9.754429656969155,-1.4723685927603287,,,,,-0.17849598169379277,,,,0.19125729634519004,,,,4.571990786591749,,0.8203664552899841,,,49.4368877590458,-0.3482718187651973,1.5219916966395126,3.3308476171169747,,7.664331868569952,42.540451210903555,0.0786856184216968
2020-07-24,0.3841174409544532,,,,0.3342223656639249,,,,15.370157259482038,-4.0412556570814795,-16.51814121514246,-5.817695539522368,0.6115679592847785,-3.560051630921713,-5.292377625660042,,,,,-2.2587861051499667,,,,-15.645165439216495,,,,9.795409788993213,,-1.4883207244813563,,,3.864054918685572,-0.9319767466321528,-1.4246613107227275,-2.2078651614324065,,8.687004346824615,5.832259560508218,-0.612920823175698
2020-07-31,-38.33966113829928,,,,0.5528842895776998,,,,-0.07619659817810742,0.17836573335925054,-14.434020258495412,52.518095927705104,25.244413158897057,-2.326804438095681,-18.09503598828571,,,10.901808059334016,,-0.1337173699145361,,,,0.3232594328123583,,,,0.05265609371988825,,0.45774821080012784,,,-0.8847032850807546,1.7896977290353884,-0.9496602897120119,-5.053402606385211,,7.73537861995595,-23.97424136792161,1.4202218712769017
2020-08-07,62.65156819129345,,,,2.0794279361050974,,,,0.09468733146646907,5.334484343413587,6.986497739353754,0.2686586500198022,1.612634815211859,3.0865214762211526,33.07464268459192,,,-1.400718533564487,,-2.2337973583202526,,,,0.6963189475231528,,,,-0.3230487231867515,,0.036122126139188304,,,3.523712686192189,0.6955402814615064,-3.0094067330730407,-4.1461865941646625,,-0.06882619330156153,2.2527107554793737,6.4966100597689005
2020-08-14,3.583332631844476,,,,-0.011363015345479593,,,,-4.63394429697172,0.39886299287046034,-2.7708418776152035,-0.07911391781696747,-36.192013248882006,4.339585792298594,18.364864527532255,,,0.7178684695208751,,-32.94800379636567,,,,0.4293629959781642,,,,12.760034674270845,,-4.280181095603827,,,0.8115193985992318,8.884395855291306,-0.07536028955880597,-5.921315386565466,,45.024684472944664,1.420697606143536,-3.629053642801483
2020-08-21,-24.589258123779445,,,,-21.433364124078427,,,,0.8154855882146528,2.9839502582891804,-10.764550082032248,0.22299261222693478,0.9681765850990467,-8.247252009841842,10.053942161734868,,,-7.888868703949576,,-0.2654080022945653,,,,1.6608708229200442,,,,0.2640701467633203,,-0.08411612801800797,,,5.107829610264747,-0.10846512887332974,0.11908946404428364,3.61953271691425,,-2.1850356795804684,-17.664784583655187,-0.5446326176498055
2020-08-28,-0.5638866118700498,2.888886049742066,,,0.19368536496475366,,,,-0.2846234850749851,-0.2982642231564048,-17.915948244878333,-0.1648315022676711,-22.094371887976262,3.101272405453471,-21.35712384131828,,,-7.083334782150694,,10.479206442264083,,,,-0.017620774725491617,,,,-0.1771414075072376,,-0.21794815836608644,,,25.232727874218803,-1.6432100405572936,-32.15259288676484,36.20597573980751,,1.29361089763148,8.502012369428405,-0.10849223522279594
2020-09-04,-71.82505225114672,7.519037465527075,,,-2.0224841041946684,,,,0.00266818766270413,45.25297151654951,-7.374806333848939,-10.122978940904915,15.87963585657541,-4.176338502978199,2.594313929720009,,,-17.234498485099166,,-48.7396798222747,,,,-5.459742121234296,,,,-0.5198846903734937,,-2.0831627443600733,,,-0.5554468680212352,-0.15326262199728505,-0.8877080032048021,8.237686293335171,,1.5281787411190066,-5.180389524459554,-0.08089765986925501
2020-09-11,-3.4009407277324186,-0.31049762757209154,,,16.28358619751019,,,,-0.023990344934075813,-6.743609673822142,0.9839811781407896,0.36321448903820186,1.2572806946834294,25.203599980556028,-1.1373652557557714,,,1.2411400459557886,,-0.441493202253888,0.27676777184732115,,,-0.2544253418986429,,,,0.30904691866415807,,-3.7855034070435845,,,2.9972939009318544,1.109583656058921,-6.697245048432181,1.2234069608381941,,-1.0401897726018126,15.561629236591696,28.928548830252407
2020-09-18,17.58035119257522,5.335842104190101,,,-0.7898898912595503,,,,-0.5469840478575567,-18.70777195486219,14.439151243817946,0.13406733928727343,-1.3802131973955616,-0.4898496444442696,47.51351419468964,,,-0.5241395626460918,,-4.954741632265978,-0.4719950139643159,,,1.5561502580301434,,,,-0.1737279537978466,,-40.95733572471922,,,0.31733652219284103,0.060046162306144846,2.02133958398075,2.862900872226592,,41.605444906119374,0.5505531378521432,-24.788667970549092
2020-09-25,17.0814283016976,4.063077911009982,,,1.5539883718192695,,,,-0.08455563642954489,-0.3168495319522047,72.16698862227332,1.2584487331503285,-0.22704554526929632,-0.5395259210485249,-3.9433583025290897,,,-1.5744611134150825,,-0.34341022035669017,-0.9051566430022071,,,-0.18528242254087768,,,,0.04788806124109164,,-6.977203499744132,,,0.5680686041292324,2.1605422645131607,15.524570646394498,1.1549436779956945,,3.368284173947063,-1.933809172189162,-38.232967439728206
2020-09-30,18.449369482329093,-5.235697305407711,,,-0.33596463782455244,,,,-0.3369486987012783,-0.12111815936598222,1.8025457402386618,2.5165566818012772,-13.100049654038834,16.71128169526017,13.31344558455146,,,-5.816271689455799,,-65.90115247354592,-0.2153215514595604,,,-8.161754667374272,,,,-11.37649296213425,,-1.1962305672996894,,,-11.05930024674009,-2.2901796822358778,-1.7441635975364855,9.375877207590507,11.040605390711022,-5.879306473260294,49.53175775369132,-10.247050970841418
2020-10-09,33.271137423039,-3.8944014955526502,,,2.5633743612272712,,,,10.068719654768433,-0.4424523598745299,-3.7811475319304337,0.5853087979256113,1.0242448591693303,-20.124267113543688,10.911769910555433,,,7.3963549277561,,0.3297180303809392,7.9828822128454515,,,12.956032664551016,,,,3.436831739029571,,-8.60205525227438,,,18.895792531184537,-3.7996210408848734,0.1415996422018183,12.63107097126128,-13.945801770605456,-15.4285272905933,8.415568497751924,0.29840539410553624
2020-10-16,-3.121918750360579,2.0856991200600605,,,4.505299686868577,,,,0.3431008879548676,-0.7667407523927872,1.6160823085998612,-2.6324488307886273,-0.3202842204127665,-0.3297541588579479,-31.571851636351717,,,-6.593330106036609,0.15588099329174834,0.2130539852433171,-0.062146526647220826,,,-1.6089888197234479,,,,0.11099456281196951,,6.346295389097984,,,-0.7156431071747227,0.2157268546076927,2.636335452898045,0.9349828230276449,-20.122497080192908,6.444045006467999,-23.731919308080514,-0.4909763290109753
2020-10-23,24.448978265860166,21.183944614840062,,,0.6516522444905192,,,,-0.18620041893397205,0.14929287551982146,-7.6259867351874915,-64.79357948807969,-4.552048609403847,-4.178534402778395,9.31496101308852,,,-0.9694322104722934,-0.12293635527007618,0.1656739988845421,-69.13962578884943,,,-0.2693077741423603,,,,10.123103908461399,,3.595238277288306,,,-6.86496263315082,12.888920637877955,4.050678397469287,3.279445925008019,-4.219195752971397,0.3623995511549758,-22.07144209071133,11.957495555374875
2020-10-30,-47.40922260067569,-3.5313345417832216,,,0.5824989303586964,,,,-0.25060819678980173,-0.23090263470277644,-10.6272548219377,5.059061345666379,4.473951383588065,-20.84351578359916,-27.7260432826144,,,-2.4261210089472725,25.621819893486805,-3.574013485074212,64.26084601717018,,,-5.20989365869282,,,,-0.13082315102041986,,-11.786391542708163,,,33.68959624188177,0.13153885772429502,6.294060944260998,54.185163816670496,5.191984362277713,-1.1039871541648076,-11.642138993204684,-12.064640364195506
2020-11-06,1.2396401346388286,-2.1374618602772477,,,0.3912047146530664,,,,-0.8103885667327697,2.4224077208814854,0.9854413837234373,-13.80530333935594,-0.31785925241889224,-0.9870685693038351,-21.41824953209036,,,-8.240074826556858,3.0454232144328497,-4.323335545076089,3.080054674721108,,,0.19537822291117612,,,,0.4236298314700566,,-21.864984855144506,,,0.46070441852657207,-0.0928603472697676,-2.614206861745277,-6.588041644276576,-4.665397533750575,-8.259002376365162,-1.8325046661224926,-1.4290415771867353
2020-11-13,-1.3057405983502017,3.955547620212457,,,-1.2836720572173066,,,,-15.691155941595976,-3.485723518099011,23.214264689694012,5.384793094554623,4.774968599099109,0.9974616572147539,-1.5803158243342992,,,2.8491582034201826,-0.040946838578940936,0.08073077299301931,39.05040205564645,,,1.1219925163376683,,,,-10.104607448963485,,-9.840689727724053,,,-107.55631066638313,24.24816104472711,28.733065694991257,-70.26796438592369,-2.965100439770153,-57.48694287077696,18.734169545422677,-1.638383410262473
2020-11-20,-2.3752890909358193,-15.4678847334593,,,-46.545535756998625,,,,-0.026460237299436515,6.263324463694338,-3.828030923206871,0.9472199395953047,-0.1791065998981189,-45.52196953639328,86.25356570071838,,,-3.451164823587261,-0.6096924588937639,-5.110012828468539,-6.001458504785714,,,-31.113634575557683,,,,0.5322809159433035,,-16.918786108454334,,,-1.8046835949456081,0.33233891675518795,0.36517106338263766,7.425787037620922,-1.9799643100746427,-1.223018517544844,41.07327442238923,0.31141821620202303
2020-11-27,16.94002029510569,-1.5408586508223199,,,-15.562435264218134,,,,-0.7255995996555469,-2.074788942383432,-3.3741830060820157,-5.148945153981443,-5.2153544998909505,42.60780238837284,-17.07225279534206,,,-4.30353869082243,-12.823676682764201,-1.607620575372013,-69.86230721025649,,,0.5746607329693278,,,,-0.1557200420278183,,20.364540594800214,,,4.431177547191577,10.339443540614104,1.9474622303742097,46.419667299798654,0.6131101089449604,-4.21180331465394,4.528897753881831,-59.552621225294644
2020-12-04,4.621850954622179,12.878407209241026,,,-0.2652282545083485,,,,-0.41754750041503336,-12.946456669156776,-0.9941526550064619,-8.827015810000994,7.770036748598589,-11.832443802901636,0.1360746330983248,,,-0.6442278420243095,-0.13085305830427166,15.745433417032586,1.5813194264845198,,,-34.95210008037968,,,,-0.1075783396731034,,0.16997197420848514,,,-11.195442072645978,10.986015480645934,-5.699866702103176,-2.121795646815314,-0.1315318890798632,-14.552129158900366,8.309473080186432,0.6743694731813394
2020-12-11,14.63375239848556,-3.3288193423100463,,,-94.50633999690541,,,,-19.564008327174943,-44.852815589663884,-4.637211768633202,8.061282081648626,8.161417204425247,-8.43547655883581,-20.426616918566648,,,-19.282860606171976,-0.10149494306106152,-0.2406636261666071,-13.943419283922761,,,0.34264292550047426,,,,-0.29101987547089825,,-0.3178632381297639,,,6.315791211781826,-7.2781447075785,-46.205761416438186,-0.034871102013947886,-0.6473808098512814,-6.852754451821957,4.768281225911715,-11.984078572605592
2020-12-18,24.780748950523655,-0.6182930250999489,,,-62.62729703495587,,,,-0.42878482195550116,-19.092226142824906,-1.2513578710607458,21.902970134302475,7.945257354019371,-0.8539141356083764,22.204666681798983,,,-0.04375951867916361,3.8981561225766814,7.232215708362759,-7.665540003365624,,,-3.865996302251882,,,,2.4889281114482373,,-5.359813201465603,,,-1.3096695258466806,0.4881795210175551,-107.34917207512868,6.426754098225247,-3.3779741714477836,-15.667235165848039,-30.93700084218922,-0.9169024126622164
2020-12-25,33.22671575930918,-2.9204612437864728,,,-52.845919038183936,,,,47.58434865332803,-0.21146612408667714,-6.81571235552437,-12.148121880641234,4.258338035242671,-2.9782864607202866,-0.8532794023648503,,,2.190499181071468,-18.517035191194957,-2.116474537485693,5.515993806659267,,,-1.6287083446278212,,,,-0.0011660307442596662,,-3.6819235606797847,,,-6.264867826765367,-0.6553928327926535,-0.614036762005032,33.014917873112516,-15.231094528761654,-34.84920813187236,-20.14687853380503,-8.674934290081945
2020-12-31,-42.223165344566034,7.485030621339812,,,-4.642853194873734,,,,-2.416956425665854,-0.8816084916593854,-13.390061758557257,-83.71504797895935,-1.1733283068513707,-0.32819728187402425,4.717476633259341,,,-1.6464287923875898,-0.5290520739983777,-17.176983714051012,-6.1173733911426105,,,1.9309984965548868,,,,0.26376490169676736,,-7.230227067072247,,,-6.388269314844187,-0.4362857238643193,-11.718289534950388,-34.280907198367665,-1.658607520711234,-16.835573268748217,0.21503650818940212,-1.2968354978643861
2021-01-08,-1.4402454487107001,9.679653476355703,,,-34.39898207943586,,,,-0.3215516783141016,16.813163072811324,-15.399471131545829,-8.314068857655288,0.3322642942446321,-33.90474065068247,30.213454419372713,,,-12.431236340015792,2.8942287029390528,46.362295584673234,1.9929465783779243,,,3.2178537074333073,,,,0.0805862859788763,,-0.2703792950775096,,,80.29329514627172,2.414967250580996,-1.60417871464811,1.8298269335664696,-12.201735264258325,-1.3368319479702604,29.204674608106377,-1.7617379426361854
2021-01-15,-40.29505570838457,9.584844147493303,,,25.58264810420017,,,,-0.34530981602180116,-0.12128734098542471,4.750621420846725,-62.29307849873314,-0.450095288931097,-7.099221552929732,-5.047342387231183,,,-0.3778990506968064,-0.10371862469106519,-0.7765217977294329,-97.76832677682843,,,0.021827567820076166,,,,-2.3154222179341977,,1.2346561079215435,,,7.615020590493944,-10.037485920520023,2.61060216339213,2.8997694255657316,4.5488253950999695,1.8529150770576843,-109.19423693881332,-0.26336755918430815
2021-01-22,27.577486525155265,5.507347366127599,,,0.6305867380213449,,,,0.1280480156682147,-0.10385696940531658,-3.2619611407905795,24.70461400981696,-0.7664007580301486,3.45365336742864,27.299372795684,,,-0.09801067850774489,-1.2139515970325028,1.1786824448328135,23.415697458862176,,,-0.2200755279387839,,,,-0.6818383707365553,,-0.840339733549477,,,-7.8035368176903335,-0.7494353830566027,-13.687784571474461,67.04258307279012,-3.4753611252367724,-2.0437304332989945,1.7432694820765935,-0.6597719237423676
2021-01-29,3.3541021841431373,-5.030407902832334,,,36.105660622308136,,,,-0.11221236500067712,8.19672465464033,-24.839574287596292,-70.83351847139652,0.2164673061444723,15.58982482641356,-2.997783357618575,,,-1.1301880350061944,-1.1591951099955295,1.2768610577082926,-3.354169596604844,,,-0.5294632191075231,,,,0.668805488351132,,-18.41609882682097,,,-1.1275359313579127,-2.0437660821503796,9.146065563762097,-5.61608937197007,9.857274369952176,21.605879598799444,-15.274534044328446,0.01806847827370378
2021-02-05,3.344739103818858,0.10173107920478239,,,3.510905354816257,,,,6.173430811474795,0.33938854583772793,-2.708441680027933,-69.33992641632044,3.157884387576538,27.01430799481305,-7.6710247997569265,,,17.093575539673964,-0.4637498102662937,0.6097916766070937,-2.515449471012843,,,-0.14230733481168578,,,,0.4367634073560049,,27.428300850451144,,,0.3387604177551373,8.799298889189794,-5.435950281778062,-14.389700951210902,-0.10478454561192921,-3.6992584345434407,-65.30551240883703,6.372077471553116
2021-02-10,-17.596037836866316,0.13078450275757322,,,2.83149105927376,,,,-0.19606684775393496,0.9664210737844323,-0.8665256799769432,109.81140521416563,-14.149821981512112,-3.5319051175964895,-7.766568308077151,,,16.37351555738232,0.23803012738450857,-2.4120168305817007,10.193935840295229,,,0.2564921099699638,,,,5.102324803731179,,-0.5718653625988153,,,9.576089369550216,-1.024110435211441,-8.781139497205025,-3.897855958481511,-2.2944468244227587,-0.9563334337630982,-4.9136930239745285,0.07601270281432126
2021-02-19,0.9762537848781526,0.6949434357029538,,,1.774669158493038,,,,0.24311472454858046,-3.5147589367492644,-2.1518135365349407,7.277206733104596,-22.08655422926869,-0.7736218501205078,30.40622352697344,,,-26.90902018571986,-0.8106517183846813,-9.2613135541333,90.79902305770216,,,-0.08039401092189236,,,,3.3031070839374155,,6.007153872957261,,,-18.558781701671244,2.700340058324059,6.152649203671121,-4.377678543801054,0.8773116284109382,16.188323752393536,30.310471691592575,0.045087590439881975
2021-02-26,-14.52484547924648,31.60647454719624,,,-0.772880235183175,,,,-0.6036109762414037,-2.772431669810781,-0.6288989111097489,-4.00559750808394,5.043345739013891,1.06570251918024,1.3675410075028123,,,1.1485673095023063,-1.4513859330527705,-2.046026569169508,-28.674041826315488,,,-0.8387070165064708,,,,-0.09754778040840217,,-3.3691582839270553,,,-22.92227274453003,-0.21530266083065053,-29.69469537423012,18.91572327362975,-2.20120496343382,-1.3350372092056317,9.523164931512177,-3.0891472007168783
2021-03-05,0.5815949540431222,3.8922471424518514,,,-13.643377610252823,,,,0.24329998220742993,0.17896130270499644,-35.97943731184955,-13.840417056195284,13.42947132894991,-8.600156039295724,9.590348687579382,,,20.804221142145984,-0.8430609830338026,-1.18659041398846,-29.763927730116034,,,-0.9547224204961715,,,,2.3109751477423726,,-16.913912339996187,,,6.518333787552314,-0.6029604628016635,1.9191363770329013,-44.06101252523354,-40.52905360385705,-11.95088486696273,-5.790486119823035,7.339856646970994
2021-03-12,1.5820990763415208,-0.7932062992479052,,,-1.2156665201157737,,,,-0.42327900021352616,-0.35580581300679487,-61.34213988810175,-22.403383025786276,10.918265749978648,-20.580249926784848,-4.911109143085964,,,0.8826034974927447,-3.362903285354947,2.636555769955702,-6.204667598220327,,,9.48899281986839,,,,0.1280665819322801,,-0.2020662438674351,,,-27.30177074244209,-0.07358143057182748,-42.86474799448715,-10.762915265723887,-3.7554747469861454,85.02253113137144,9.736596862335908,-4.9552236942919015
2021-03-19,-21.2230785562787,-0.4571203003317952,,,-2.9335585985781574,,,,-0.04237803291410247,0.24575245362366868,-13.759976796901178,6.53605832264809,-5.816643568456487,-5.309294527801615,0.8441557322653437,,,-10.668665555008394,-0.3873604918913424,-2.0699741096952717,-24.47343673978782,,,-0.6223509179624142,,,,1.792102923759388,,-5.380460001387081,,,0.5467135369275018,0.08415005032817605,-27.513789710569927,-1.3587689631717548,2.8603433614989346,-27.290107402156554,33.366113827239936,-2.3256860966239907
2021-03-26,-4.027030603890318,5.009468989276358,,,4.034392530934297,,,,-0.25557069148670963,0.028802198613384872,-2.0581965652943754,-35.481159247176656,0.11371049979188269,26.511286441356802,34.191673241669456,,,1.5063227587679766,0.5506679219503176,0.18872763087359856,-30.036166496462947,,,1.72660064404589,,,,0.7497906855478002,,1.5381686072069285,,,-2.5491115694981548,7.349711449522947,2.9091587068392544,0.810574786560333,-0.42698063177032614,18.313104255806415,6.868212889957519,2.0330459623164723
2021-04-02,-11.213139928208223,-20.505369110966026,,,3.0926265485017175,,,,-19.92562314342023,-0.325298176419926,0.32151361794079525,-67.32769821852006,0.20229961846359357,-0.02553058570370939,-17.665347424959375,,,-11.113407477830242,29.074268715368742,0.5573466275512425,-1.362226551636295,,,1.9189262008759407,,,,0.7976331051559507,,1.4864562078762562,,,-18.756073427685028,-1.6610093218351953,3.7992066661109987,4.599235503116945,-2.3625000181495377,-0.07733753047913694,41.30084283631364,3.113242468615699
2021-04-09,-24.01271256724813,2.576440399002686,,,27.35043872178268,,,,-4.28361369955905,0.8525082714843156,-40.33372646960184,15.086664394583169,-25.718693783899052,-1.6231021953418605,-7.994008024824291,,,-0.6770020762368069,-0.04201078721721459,-0.04715392770999935,2.098384003622836,,,-0.1097068642858482,,,,-0.6041240755614574,,-10.658855124751652,,,-0.7217428578369076,3.196940128695976,8.46638233071042,37.35336831659888,1.6517963185351512,44.455770424060766,-12.531066277325028,-13.407000932600631
2021-04-16,-9.3818028549372,-3.8640319292456713,,,8.916630527756835,,,,14.728204212158925,-0.40204621236650445,-10.561187392279443,-23.619482973485745,1.3467720847319884,0.24350835165782403,-2.52325391005482,,,1.6065842984135532,-1.1056842404629406,-0.2254570721623056,27.52536988881956,,,-0.10369365282639442,,,,0.5441080339751468,,-1.1516956671628211,,,-17.92009244642838,23.061040067233915,2.9090970120341906,6.162874790603651,3.812670409664943,-29.5694678458317,-45.209380636769616,-3.5551458350865213
2021-04-23,-12.92821239119591,18.144575932809442,,,-29.63907244950623,,,,-0.26940965300876296,-1.526145632343866,6.5446394663052905,-63.328269506300046,3.546683206205707,-5.645701737741009,-0.9934704309398983,,,-5.127140625343673,0.0022572447255305023,15.703263254682664,5.668370665221799,,,0.7391651154485925,,,,0.2772819583107353,,29.906219575482886,,,-17.29832046139631,-1.260907884518706,-51.161090754002586,2.128184628773141,1.6719332040575652,24.422567357698227,-12.271285389930007,-5.478896852949777
2021-04-30,-23.631283365240463,-1.84674019011696,,,-0.2199445451946822,,,,-1.4326144961074558,-0.726832225248478,15.305468321348679,-23.9582658554453,-2.4975803939959027,4.294214753915367,23.05062375906519,,,3.5529644888446694,0.012809776600380574,1.6055502473616916,-87.49366664025958,,,2.862951385356621,,,,-0.8947427743570673,,0.4410420421831529,,,-2.0352891326425784,-0.2654532907645989,-40.58627711382923,-9.843646628675394,-9.37801904514992,-6.0818347351921105,-31.875340146058424,-0.10703682589041924
2021-05-07,-68.29934474570904,-0.9735373984371333,,,22.70475262874533,,,,-0.10985692234309356,-0.4530986537168605,6.527480956057545,-92.8260295021232,32.260842259196735,4.657318468967875,-7.692835735841005,,,1.2635107245943191,-2.3120376653321104,-0.13818380214814238,-0.7735023609003603,,,0.5034048065445464,,,,21.537705566792738,,-38.72082554768024,,,-6.328215542673861,-0.34204810667097346,-22.797984915449295,-34.49550741031362,10.442942828813337,26.141773556588152,-6.298496606550786,-27.955011629046034
2021-05-14,-19.417638846829167,0.6733576158519563,,,-64.37951300976917,,,,-0.33325093477937245,0.3422317397114433,6.419104106151625,-34.660195741993725,35.67796873080452,-6.70571157881544,-23.244078110912987,,,43.84713681268988,-0.07743891253530633,5.965192834973327,-6.2081264800709715,,,0.11763501620798311,,,,0.12538994550432,,32.01873102510349,,,-17.119788478274007,-0.7626163751901731,57.44465585785584,-44.79453186708507,-3.3854095526551053,7.03892270331401,-16.48109838768766,1.2594150397630262
2021-05-21,3.987528423016356,5.419475736559038,,,-99.7745576867798,,,,4.814719652189957,-0.5416646536549826,3.392336975605573,-3.5098402567557083,4.5839430902267555,-2.7157511344477703,4.236774974194434,,,-4.99663960356469,0.2668023305592012,-8.441004267334122,17.697653272415415,,,0.04018026730407087,,,,-0.0445190991354444,,-4.393907938469555,,,-0.8367231128187272,-4.6069030695103725,-29.254099115262978,-14.554233156799066,-1.943683715247783,8.129347690871795,46.25363194642338,-1.057918068108875
2021-05-28,1.1012420347995686,-0.7442871406716071,,,-31.29195545126311,,,,10.812781003424238,5.018445880504256,-3.2478815109288766,101.07946767337202,0.2887346519097108,-0.8045363777517723,13.595517480227228,,,0.14701096695885219,0.09190693205119049,0.3425547633001775,3.4355554602575284,,,-4.9967499357954255,,,,16.515442810325816,,0.0004979329686352826,,,-18.496394102925418,15.622412203143277,-12.07125166441493,12.920433562251231,2.662735110488358,-2.970889012774344,3.115959085570251,-3.740134889047368
2021-06-04,-8.621955100805877,14.35466511231359,,,3.692621253474963,,,,0.23792214286082325,2.3427187979042206,-0.6089906268795857,13.170960095762657,1.0279105473712484,1.7247892173382469,-90.610931492648,,,11.885459431802456,-11.206069622166082,-19.82428390006922,0.6707174631744796,,,0.968717629612202,,,,0.3288068518176426,,-15.937479808469883,,,-4.784655867166698,-25.41415102860363,57.75684122391907,1.0376010356433174,-15.536876202401046,-32.15883453042549,-18.43292854503324,-1.6664438948740634
2021-06-11,-5.160719528303817,11.376242082548265,,,-0.1594674982314236,,,,-0.824571131311658,-0.4553519879441251,-0.05080968736039114,22.86357393167394,-13.18407040778484,44.27838715795064,-56.925770945526295,,,10.701067850953713,-3.9802434406425795,41.957366949792984,17.1376604323482,,,11.250881497033554,,,,-1.0773681062041662,,-1.5251214067198138,,,-4.790711947565261,0.10072250515689785,-0.9558289718730394,-6.077691244113119,-10.58262811236918,-5.706203348784176,30.425891451581553,2.472659948367206
2021-06-18,-56.54984011658074,-28.97363613186979,,,26.030800540673148,,,,0.870311428433723,1.6879483689737549,6.164691494448869,24.46213889091756,-2.22384752750904,3.644431551969329,-3.7306162383165358,,,-1.7352912887520868,12.345248008133579,-0.11230773044482634,3.9634922377331794,,,0.4907673635983188,,,,2.678293131651034,,26.236409099345867,,,23.018907741800664,-2.376186831883771,-6.433898194341988,12.078572014333961,-4.000350159627649,29.437244968535662,1.9408245487890388,0.19840852293969102
2021-06-25,-30.843498038626834,-0.3012037104369547,,,-1.3816379387035098,,,,0.0993544454854301,-0.7429499716249892,1.1386648966207342,-28.202995309169847,-93.72693105036134,0.5831729006462487,21.9283486300709,,,36.240082619940246,0.4602682016164773,1.8258975054783573,-1.2976815916158877,,,-2.2423566431325033,,,,5.006452473293774,,47.71796278653774,,,-3.909867698145831,-0.3355051366031041,31.82544466575249,15.819006398404879,-0.16416082226732126,-25.52013450186637,4.924951429526574,43.70871386109481
2021-07-02,4.208996978963418,0.5359570844088931,,,12.588459369904026,,,,0.021535089444128908,-6.938464009997776,-20.077029454141375,4.601334963785824,-0.8326044002056611,-14.580952344028091,-59.6281094774095,,,-1.453836832306459,-1.4970130566370172,-0.06665869507807046,46.616362262637885,,,-0.16626843415400966,,,,-0.33260101683358906,,3.3797954917330006,,,0.9509412371348738,-0.2574016256455737,-5.3677858071248234,-0.2587567438092002,1.3552277752411106,55.18735470794441,14.958996858740655,-0.6181375296484416
2021-07-09,17.89947146237976,1.524812184466338,,,2.798648464525025,,,,2.1583858037090993,-2.3952985193692613,20.551953962855634,3.308271297549692,48.473306701647374,-3.2127902504607766,71.42436987031468,,,-1.248493270375632,-0.5965531370035175,-3.4382406661101865,2.084215048819455,,,26.867417517234017,,,,0.2878323630389435,,5.5431338616909756,,,11.08283448218171,-16.60824647392301,-2.161035277854238,-2.7987883494231496,-4.275353193207061,-22.25876663386976,14.353146908410427,34.81354574779553
2021-07-16,48.503770013658325,20.506232314604674,,,0.5177723126148478,,,,-42.273280011903324,-8.805845606447203,-2.095348945631671,49.02370077274239,65.12692048445788,-6.221360232565211,11.13639941485565,,,3.8349532000841187,0.050784024695291086,-0.1457684916956777,15.80288416291256,,,-1.9977851448156037,,,,-44.233371008455336,,1.819366233207679,,,7.061060390484854,1.5573649268062741,-121.98294779011819,-6.321270456596625,-14.186908685002221,-19.937296118302587,-49.5001485077087,4.592042698878997
2021-07-23,-90.14441967916063,-0.09801106618331401,,,18.44015234776964,-0.05162755163573345,,-2.004596785474109,-0.010015439095268322,-7.189619133975665,-12.978233107696349,40.830155485887104,0.34893464666530916,2.7249733853336373,-49.090380411606404,,,3.258959755070457,-0.6994200155525307,-2.0221721637168817,-9.119597616771802,,,-1.097177789109561,,,,3.042818418156745,,36.42847112347495,,,0.11653826473160532,-0.7361975370242986,6.66075817753008,-55.466110107681736,16.892509221939076,5.916801368742915,-70.4801477866238,-1.9255634905684282
2021-07-30,-13.002070566329518,-84.21239073438456,,,-98.95961707650704,-1.4446354126757925,,0.4522686746941109,-0.24012154884942927,8.698709928179163,-10.756968469648342,-4.725354840430715,-0.10848204046111642,-0.4661565779954518,-4.034452909591137,,,-7.286838508373601,-0.1887613955108164,-9.196449060785458,4.149597133610472,,,0.033509873913553145,,,,-0.2673442927604163,,-18.2109046577532,,,-4.435119175019022,-5.252761376249233,1.1267137009753405,-24.42422704224519,-0.031164027588589938,-53.445447187529034,-9.775670140959171,-0.4694636757809952
2021-08-06,38.683756639394915,-0.40921181638898185,,,7.899364975655509,-0.8370007680698118,,-1.5357725086124372,2.4113272662868033,2.123931418583834,-32.72799541525028,-5.795651122076658,0.3481903012661638,-1.0542647836826433,-13.420625694848786,,,1.9071967618684789,-0.26052313348613226,6.547095711395346,-12.398802492588148,,,-0.22119204151005606,,,,0.6251168915015852,,-1.295875376993131,,,17.34797017736545,-2.341770914739369,-19.188074396865936,34.747939490994895,0.9873085389447155,-15.487688121559867,-48.56093981141295,-0.7268509856045966
2021-08-13,13.25704080854028,17.183571710399026,,,29.439520161785694,-0.9413731889495605,,5.910549271034636,-0.49750410508365694,-0.06450698163340357,2.017112466974329,-24.99795888754017,12.026231734398037,-0.7129375257290407,-2.1224597319347507,,,0.5826603280595282,-0.8429088981470975,0.20752795832213222,-6.170094280394466,,,4.391127056756814,,,,7.36175600275711,,-11.12088645801675,,,-14.092184305972118,-2.1221390879493973,-7.070628781600181,58.18651030989136,-0.04124588427174464,0.3698224647900119,4.4151640493697615,-0.08608834296375989
2021-08-20,5.090977424376362,-10.307513335261921,,,-4.855025220853545,-1.5292753052060883,,-7.830465548981985,-0.046239324815842225,-16.716351446825286,4.02393414719385,-10.081179497925168,-2.7555926471067806,-37.127224457321056,-37.06194489151271,,,5.179887520333736,-4.974588675243903,-0.25544330964158773,-40.10505165838594,,,-9.085304866578916,,,,-1.2767664048380336,,25.218056510907108,,,0.7879481850173827,-1.1956560864453594,-8.3461189484969,-0.246405167948881,0.42295113994615,19.558023742820993,-46.34026133788444,-1.0622990859604333
2021-08-27,2.3689469525321853,-21.00375063270004,,,3.9298244930097384,0.31237370952110943,,90.17531911876358,-0.15857062707255193,-2.4049233450120457,-10.056717537342545,-7.467645192415595,-1.0426597737375245,-1.0421644320216523,-2.7484065952658305,,,-1.369558718661325,-0.8912902903281743,0.1612635524208284,34.300664491670226,,,-0.9409822162686491,,,,52.298941271478014,,-20.002000967863328,,,2.232805532001195,6.314664641838117,-23.585433846981566,-2.3188815942231087,-5.189387226254383,-27.669673348816424,0.7615609616643972,-3.721088425262466
2021-09-03,45.72867336635328,0.6257788182489765,,,-3.4696622980811997,-0.5338961071001604,,-3.159744457163287,-2.955720745908388,7.948083090870679,40.61718969023539,-140.21818502633207,6.752287073738586,1.2872028475553035,6.355318682769052,,,-12.099791083507048,1.1037637797175213,-0.12122149577191255,-16.64713892670171,,,-0.9168329690150816,,,,-1.105598886793137,,-30.833093161697697,,,3.986771568981668,-1.641333725341342,3.418979944973814,-22.003419622598404,-4.499716265246115,19.85946905881104,13.970816623819154,-6.594923516983188
2021-09-10,-15.478032241347409,-11.392162184751728,,,-2.235860662358952,27.45271865465086,,-8.2790753274599,0.31879534604802984,-9.56936493451881,8.152079767293637,0.3190671152600696,-0.5790744897843307,-1.2153883380642965,-3.3880650739059295,,,-7.18533518085255,-1.6784155213631209,-16.96736407079787,-26.535330676182696,-1.0658156321195447,,-0.35698971176352445,,,,0.20725361245698168,,7.501504446444935,,,13.734698738533979,0.5531532130119556,3.4676615334115537,-13.316087029560777,-0.6715030357205932,5.843291095890766,23.177488395517926,-11.804282127010026
2021-09-17,31.45033881739395,-6.340041549713953,,,32.69538882299721,0.08524152890179257,,-51.16556182239425,-67.26350492164771,4.610390066392167,-1.4606546471154245,-6.799062670938825,-0.8326706132253581,-3.623813979049686,14.63039415443731,,,-8.061743460728403,0.07586387085025015,-4.17331168045236,-74.84456280427685,-4.651642479234412,,-0.06555955672895111,,,,-0.18286837814876725,,-1.24242331293443,,,-12.999155550473377,-0.13757696274992748,5.7433249501473425,-33.214627642050075,-2.3235547967729455,4.130360749544652,-13.451628692233314,-24.456686838416985
2021-09-24,-30.252983796918492,-5.716527924336923,,,-14.719537005174868,0.8351774338738847,,-3.2251973239512237,5.072084810648512,28.922723851654265,-9.127121369940955,-38.757149012755065,-9.959236629293768,-18.46929889848057,13.746048667496364,,,-2.6407293349788374,-0.029725037055170146,-0.11516316088916013,-25.489054924248876,-1.3648572327078585,,-0.6299695104221854,,,,3.9464735398615165,,-2.90598398828894,,,-14.613913459151657,-2.8639067296142144,-12.654765051937591,39.88932647562984,41.02230486514627,7.158343619061075,-4.125484413920043,0.9816624399584857
2021-09-30,6.754574153379264,2.783959926271968,,,-36.9694768552384,-4.305752610757775,,12.799748272732728,32.07130991669695,-12.903239901215485,55.571971788067536,23.683179655323393,9.066774754036759,-0.8320532008618887,-76.03762824497315,,,-0.09624052154001739,8.848927126857543,-0.6702289657376663,-25.334580737744314,2.5144589740024843,,-7.117324021446931,,,,-13.18437002566351,,-0.5405341180118354,,,0.18123258078806237,-13.181229996443854,6.016159849072143,19.774674666557342,1.5807962315758488,14.829833478651423,30.13288369692343,-35.31727320514902
2021-10-08,12.056548810314686,-14.73532367878077,,,-51.97145596302343,-114.08800087291306,-26.91230822493336,-8.490474370876283,-0.18210599963620316,-9.158455314702312,-12.383000369619412,-31.02831742804543,-2.890672835895275,-1.2106364402008811,-30.817170086517415,,-59.49181313379128,17.543144210236697,1.4263748168003814,8.553734656568384,-4.8454675983742215,0.3239620948336771,,-5.925257136620446,,,0.509053190890881,-23.286508689024867,,-6.256535730746315,,,-0.1233488726017248,-19.799097423524692,20.02258672909082,-6.081307427968593,4.337510187031605,-19.85506761262954,7.388978737128966,-2.693692620490915
2021-10-15,11.262082489804271,15.571912139515504,,,-67.0474452563891,12.12369280689025,-18.226760669763692,11.027039510600172,-8.479538290469153,-8.68445620551955,-1.5057060802333158,-3.960839381783355,-0.8773049224208069,3.58319818890546,-24.248592939492845,,-5.385218159672119,-15.08294966076567,0.022130770289267965,-0.6842078254025472,-148.1072733905594,-6.664117741371094,,0.017533627462754164,,,-2.836440549767513,13.910819122111192,,12.676920047863822,,,1.2212080670362941,-8.130688423774705,-40.19581463983814,-15.881571456204878,51.47491834200092,-0.9275503626274023,0.2146774713743076,-65.753521656565
2021-10-22,15.58903668926721,-2.9539462920307655,,,1.9013515572646846,-14.832242474225424,-10.748983805647962,36.247069526719,-25.158934539580578,0.8578647427122912,-5.497958325254297,30.51225211933211,0.34474847737379216,-0.9226488298635755,56.59530128183974,,-3.307875194394555,-0.5668955341677651,-0.09063009977922516,-0.4234905684065906,-8.889983854620693,-0.5952903421154339,,-1.1248926207763787,,,-8.842793699197596,-69.8480618385656,,3.5610989471528858,,,41.186718515791526,-7.954287806663278,4.628892950743399,-3.1977892154892116,4.7985701762040796,59.76060684396094,49.563261030490324,-60.53047101470452
2021-10-29,-1.0252603602209036,9.203529324504665,,,128.2562618574939,-0.09825200243350157,-8.499671155691502,4.8710131692533665,35.72977602775755,-16.44403412669655,-10.71303288912635,48.12307302834374,0.21336683730061978,2.5324602293217664,-3.1561035940724054,,-6.501746717492942,-1.070570691622309,-0.08973000231832194,-0.28561452723176206,-64.0948047196961,0.7951232092335372,,5.858629170232451,,,11.728807898685575,-7.252239238373483,,-3.2937559019165796,,,5.201743022149224,38.288193547327346,6.962953982026891,4.716123257207935,-23.130230756666347,-5.484967328927756,9.241272128756481,39.16623826863916
2021-11-05,-11.351743476065508,-27.740514154294818,,,21.665555166502056,17.383573175948776,18.262594676994045,-131.0808001756739,-5.748892311196447,-0.8280557246272313,2.2110479398466576,-2.7164536299871367,1.524897640268672,-10.248461116322735,-11.625472749082308,,2.698759953734469,-10.747264563251747,-9.740546353694853,4.299215126092575,-70.53717300451328,0.2418752965813932,,-28.12935643524377,,,121.10192493699392,-3.3503377414654696,,36.478410886832286,,,-6.7565951877360035,12.48965377186285,-18.629564882464706,0.5429099424948749,-0.5808919610457703,-16.743192424144304,-11.219860195111579,13.247990515430445
2021-11-12,4.880115832238618,-8.012439510155756,,,-19.022116421145803,-3.5515881465549572,18.018697089015987,-2.0014023162479924,21.21386994835663,-18.33354755458299,-22.693677975437275,-73.6920545686904,-23.09236201925372,-21.657222776419285,15.980793104537332,,-28.260247813964426,0.620548044858046,-0.24875658133258605,1.4019992030405597,-17.2031729579035,-3.337805472118322,,111.92980296963455,,,-12.751661927045202,-3.5483981651331367,,-44.06458293369961,,,9.383621335490693,-14.299038691159806,-11.908085232094857,28.579927029050115,4.0895016489497,-34.450723939867856,-3.667848114009376,0.5160159680815588
2021-11-19,113.962768800619,-2.020117652260047,,,-70.45846117686841,-2.4605891785337666,13.488680306350473,-9.118045349192718,43.16152146372409,84.49011210248317,30.085237209729566,-72.60389636805203,1.2787353865271291,-2.0244332426679352,27.085340411493615,,-0.1823617790844295,-5.58259854093983,8.024318873566369,25.569663496565155,32.66612479062117,-0.19119970121258612,,-18.3388483326344,,,23.401438077508274,-6.091764442524734,,-8.7066171835857,,,4.335403070891758,4.149090763341938,-167.3744617737997,1.1694017618567416,0.042740422976795645,-51.219850691755944,31.424878026632218,-4.534239374962705
2021-11-26,-49.11943666155678,-0.588427862238206,,,-125.03081810967147,-2.442208626885933,33.84935910397524,39.48447442184355,-19.082605124855323,-103.06656056521173,-8.370136263184168,-0.08835416666512341,-1.0920914207866939,0.07139720242538916,-3.2291887774859087,,-17.262066934679293,-0.2085983387997411,-1.815399742546413,-33.40293708282853,-32.31775510312613,2.838655682097269,,1.5050193762959247,,,-1.4532007973895396,45.1612572656787,,2.31277994677604,,,13.375418747420643,80.91117855918984,-56.414511343336486,15.643143956379765,0.06315335913879314,1.224257940029407,-58.67431119038252,12.332384426549542
2021-12-03,4.8351582004378635,-1.775596531561748,,,1.3404590889300398,-1.8025700194328311,-6.530977798800282,-4.517317014245413,-15.845341968395507,-57.75458304794416,-4.191391975670299,2.4676162432687883,10.355044608042288,4.954520401610178,46.54429889221475,,4.065090949834643,9.16652998025599,-4.444651011388007,0.4628248135282629,9.110796622538096,0.08325985138806148,,7.963512384254909,2.578044974476617,,5.101074034325526,-55.45675964813578,,-3.9718562134590227,,,-15.6881164501488,-9.407160404314311,5.320217258910398,-15.54034779945103,0.035925947488853506,-5.506047899727756,3.0552858971763732,-33.74135216541576
2021-12-10,-6.41095790430912,60.321531060086784,,,41.138816088743496,12.753409544122443,28.457903099991576,1.2376399351891658,-13.990112018812793,17.254698218258813,5.631377464960417,-43.777296910066,-1.621143975836032,-0.10297120550009858,-17.853546533265312,,16.17748476037904,-11.08052403930816,2.8641429959783102,0.5101137598620531,-12.37754411578566,-1.8959628330019362,,56.58457248514877,15.910909915648428,1.0975687515396892,8.639096995461843,-17.582632393440083,,1.3586580049117518,,,2.959357346258814,25.96805472820767,-62.5005471526103,4.461941235214229,-0.11994988749823465,10.323305924695859,-13.376880135243413,78.48294072096692
2021-12-17,-29.074737773256988,0.2745499776602004,,,-9.693358793424778,-5.588736780432022,-7.132386432023315,-0.10241486838494843,-26.63244940719698,-3.2448056476130045,5.827498408622735,9.706686289044614,-0.5968889325862714,11.782028082614552,35.99652201047882,-0.21571960717059344,-16.757524185361348,-0.2635221816671214,-9.027805358917568,-0.7323408960176543,-3.5221353239709456,-0.577833187507867,,-2.7867687970546053,98.66171059421427,0.17772393608160936,0.43820910189716755,29.021160657351345,,0.02026211891139503,,,-4.374106501405825,10.179292966925484,-73.81152790789797,17.094359396758,-0.09539911983678478,-10.030460230798395,-58.909814371013525,13.03937319284585
2021-12-24,-55.53674398977964,-4.850775914886335,,,-2.2818940420964147,11.93315008427486,-1.7085026463914206,88.41711723655233,0.6783761928350074,-31.48058181016001,-10.339642880360987,1.4471121522014045,10.745809775756582,0.6293724606966477,-1.0637869279668322,-11.50619310876833,-0.6400881874697049,0.8802193952554809,5.370425425757373,5.663021926871095,-72.03872385294991,-8.42393782717673,,-35.714187752401436,0.14623276215536787,0.4730678934561505,-1.3613505299229738,-2.985954400177638,,18.50597510254943,,,-3.5552070366890436,0.019502293879078536,-2.3016908493946935,8.311682098132032,-3.8164016229983475,-8.295971052828282,-33.678952826566366,-14.786205685865998
2021-12-31,0.8900051789479932,1.1695394750325365,,,-5.257801072180094,76.01358993272818,11.234164146986183,-11.794248765400175,1.5822464665490121,5.590090366938078,-15.058862328369836,-9.786212918077977,-13.635862255836104,-0.17581673323213853,-2.5828631331447927,-0.07135016564427699,-3.943904508527781,2.298417092370837,4.438959498421019,0.8684375996495721,-23.716103998517106,-7.957364312121728,,-20.98362349423084,13.527907963978773,-0.31101337948233143,6.660644947521096,28.036238680963997,,2.035128780286759,,,51.36476081344253,17.578574306158846,-16.867869924100738,-7.307542626657911,0.22309090811553886,39.9227096683004,-29.77605213427578,-7.185235090986662
2022-01-07,-42.17054938203458,-1.8665107657856603,,,31.872081506054183,-12.802613692346428,-0.2319634256487788,-8.486194898906234,-11.503876473248392,25.045249895261616,-15.59609297090632,-15.9642394682835,-3.062998674716563,-0.6990883422213259,10.025304421774235,-0.5672418435342195,-2.9297799251086527,-6.380052177680075,-3.4375470656064944,64.659261182792,0.9020963558407837,-6.0438022158781965,,-3.846470721693433,-0.8432390869819801,0.16472291307261872,-11.368993342930146,-3.9559455733933886,,0.3614887338105451,,,-18.951217629001082,-45.41419591167618,-12.056647824218782,82.3582055197528,-25.1196176994322,5.872507393400916,-15.533470177639431,-6.329451839781188
2022-01-14,11.633213164675016,-0.2693260471869078,,-1.0029360787470503,-63.658746874190726,4.76726006947801,1.8333770740738462,-1.0476946250813395,-34.85507269470497,-103.90762540192895,23.111860323494287,55.0850194934548,-2.035629576247887,-30.752963239930065,-0.1984835290669661,-1.406481858373749,-6.1824740809776,-2.3668896875978924,-3.187411596184745,-9.69005850283426,-42.32536298668454,-0.38726842814827367,,0.04469948512319555,-20.284848786386547,-0.07081072285266028,-34.343461467834196,-44.88564182738256,,2.5821787007641133,,,-11.475427016487593,36.17166035063973,-8.298250125721864,-6.24422358047821,-3.695763760938351,-45.40973892850423,15.14469781120345,4.688310316686982
2022-01-21,-41.69451218901458,-11.499333620278563,,7.513284376435591,46.388299762176494,14.12502078596071,-10.358071900681757,-88.56356841185296,-14.40503836702155,-98.49909715846299,-5.356838427138892,20.469155236423067,-0.34055048708832125,-3.007252083669935,-7.499799776767825,-1.8957707227770537,38.59620393621222,-0.9812357536743928,-0.0333944374100707,7.497901150873119,15.109456487428083,0.18080018247581287,,38.08881204825489,-0.12354890460526463,-2.4098587553865167,-7.343043603256714,4.8021284459664715,,-13.04375693913624,,,-10.361016236047435,3.7238359631344222,57.66760117345806,-13.774999623065396,0.008818962562926719,1.8534366310693189,-15.177961269310778,-3.680387515233981
2022-01-28,-84.05960086263366,1.1240403759444586,,0.17241241700991974,-2.1256762417082147,-17.63105846167395,-7.105326735830843,-24.087204111285516,77.82513052646004,-81.97627925608312,2.3128232194078753,-27.301393563074598,-0.6555492715223703,47.508477665314864,7.779072720505364,-0.32884163183823933,-4.202777828334188,-4.479971683986937,-0.016279658228296856,12.761639248611484,84.31945810828292,1.624821656364953,,-68.45087657687988,-29.161191246217093,-1.340132929253006,117.21537446286523,-54.96822987317415,,-47.24700097086216,,,-25.072901649377172,23.45821536050403,-23.945234567767013,-29.142046910033688,-0.22725111341328413,-15.397458657598143,-12.132106870525805,56.9955462257261
2022-02-11,-11.024885042140715,-1.6375745840386278,,1.7918561688935513,0.30575346501070655,2.381057976049207,15.893803515695035,-1.1283738736142679,-4.085526901985802,-223.72744462419837,1.6278882009207347,36.33999424231783,3.7384047634747897,0.7183867762064606,6.906165621294336,-0.016340243354251438,-14.090564257357453,-31.0092305153627,-0.13504099119405,-4.1422151075763525,23.25917866190619,-5.544199067745396,,4.478242758656635,0.0090525924116365,-2.166237014125965,1.5783193736663907,-24.56878702259195,,-12.138479675811817,,,8.43138261676709,72.72766746615373,-76.67401391995135,6.271451157516658,0.09202334941876872,-22.23414679413509,25.13891832904757,43.537313748412885
2022-02-18,-80.65768548821558,-0.6063765085232486,,-0.3087126801419935,33.012642306856904,-11.718434780364476,-8.876705322533223,-149.54394594500923,66.65238138692607,-57.02989911922102,-13.51280477101898,-29.424532488009408,-35.248746379755325,6.071973323505482,9.640915558269976,1.1374955591477731,-1.9928882987261063,-14.365197149004034,0.02995332034439402,6.195089039676613,16.614304850446338,-4.849184036414435,,-35.538952214389056,-6.274866107989509,0.11059754734325467,3.6816037129603725,9.768704683235518,,-3.106116126199239,,,6.921082718978769,-30.170693050428856,0.036104816416411445,31.335519890697295,-2.336868233826129,-27.612728500914898,7.964314573911177,-17.02071243117378
2022-02-25,27.351523806339294,-0.7957618876978345,,-0.01561937781859184,-65.23744441984508,2.072466490408304,-8.275122816178587,8.779456998645582,10.445580834421298,3.5041974229483532,-2.8507987633964076,9.258264286726838,0.3752989630360877,-5.9670944298896655,17.52462276966206,0.5398978416575071,2.6153909818682477,-0.2677196747094744,-0.15274016077053842,3.9658258255577215,36.4348697154256,0.20075986465125006,,71.45940084948363,-20.40592537960769,-0.47702486799803556,-5.266424158976223,4.748946805123936,,-2.3722724581867336,,,-25.20518101134805,4.975400807342956,-24.790504040696433,-5.700922839693601,-0.027252519720463997,-1.8744538265910633,-89.57160183921123,2.8917091374137764
2022-03-04,11.171686592030161,5.452116813632294,,0.444843994657568,-6.890698838408168,-1.6637186749603796,-5.57015100185604,16.7643740114162,-0.9473793608021658,9.238442252490238,4.160002574180281,-52.19873261331809,2.6963732834150207,2.883200965030455,-19.109707774167298,-4.917491223923119,16.695912177540436,-0.32191180995743185,-2.63908591602973,8.769457165905848,-42.8410551587806,4.969153735812099,5.60471939837651,93.97814055159792,-0.5447600520022319,-0.17107742731913078,35.893768767529856,9.649615177852068,,-11.121862891728885,,,-3.28418788345132,22.284145336048276,15.812008544255542,-41.131651144933116,-7.21276340396725,-66.17954520484234,-116.56323554162503,-22.768835163140924
2022-03-11,-49.867370086680964,-0.5823908980679153,,-0.18137398435235824,66.27128091691355,-46.12478056546528,45.55773374317959,33.620686709775896,-16.622425230033677,-24.894767492170406,-3.9061524095391427,-7.543611902317263,-0.054451944640199285,-17.51064104488061,7.8445710460919855,-0.24619683180373675,-9.610065203038882,6.992061979560505,-0.051402573457700385,6.557780170615603,-4.642011825286539,-40.816416599933795,0.30958771879984437,28.095114251581062,12.019847393295171,2.385614735321894,-1.9528527508244684,-69.03164277438538,,19.026735509085494,,,-13.81297307717713,55.05653288838382,0.15008174950352127,-11.097844417299779,-0.23226222842413402,-0.20373430493394018,-11.723969557585832,50.13887386810384
2022-03-18,28.405465840636598,-1.989107588858447,,0.1117082290385057,-65.25536892387242,-18.381632922806617,-3.326367920051235,-81.74641084120834,66.06666197413102,-27.90463420842557,-18.97892441768496,-85.87085391700705,0.5798545317637104,21.322656723739993,4.448877615624319,-0.5574942560994859,-4.95389414358391,-5.077449532268095,5.768284263292198,8.846921644464686,-4.714613921088769,-9.0681389217415,7.967143954204518,15.663358011134106,4.511397087647065,-0.19761546301339394,-19.856480323353296,-39.80336162434908,,-7.5864352237170065,,,-14.342233672049172,46.72813588815333,4.984481694906383,-2.3289598139932877,-1.1942677534214354,-23.047239181154357,6.066045370397493,28.36364703167147
2022-03-25,-78.39260314808256,-8.2989483321235,,-0.5463907543260742,-50.35843379634655,-4.912440760998164,4.950969447986091,-80.99813542422848,-26.53782481827912,-20.718512823195066,36.21819833978577,-54.696507662408784,1.6434518654396144,-4.030917474961661,5.767480090315219,-0.09319621743315788,-4.13094793974869,-2.620046991076787,-1.727623278566462,0.3582593077479923,32.60333572113182,30.529067425985552,0.005335666298776215,-14.030339355736928,0.18932598613244167,0.3405424053617584,3.3419130409617157,-101.58539751769158,,-37.67704106823361,,,-31.165616704718918,-14.825610403426692,18.20991220950945,-0.8424851316863868,-3.502434491369742,33.46551571731303,-78.48139521017413,-21.420738983027235
2022-04-01,71.03792861516958,0.5959779258991306,,-5.133768725904632,4.743523786125213,-2.927690821748879,66.21680236547736,-11.760790202547813,55.96037949647019,-48.63734518077069,-5.565334972294302,-29.44945046346301,-2.8768082578858962,-2.8300542183651727,-0.5503498840309844,6.406326364764359,0.036844544256179036,-0.7823948230690586,-0.1488042210169235,1.099338335407467,-21.897295363476754,-6.095310493341566,-0.1773026422034772,-0.2558542887060895,-0.337567013191005,0.23909964624585167,-7.218722313893091,3.006216833206076,,32.02208365624289,,,65.0808623012241,21.866329111813723,-0.3164671843246334,-1.1989669402670058,2.6772730617140037,-9.16687537119732,-90.97171835840518,-1.1119997372960901
2022-04-08,2.634948243919675,-9.625419497981715,,0.5339834576475403,35.06054544115194,91.29490759532517,-5.19486486241691,14.136612358379482,45.35087564610423,-24.08323677648799,-4.732846206281633,16.02585401328003,-6.168354339802928,1.7976467573357204,5.007353063283728,-6.067352115796665,-2.363198948728754,-3.8639634472405007,-0.0343521681994714,1.3663836341119064,-213.09499628107977,-5.696557227669258,0.26921632716201227,-16.36633531715545,-21.51378447579837,-8.45294981687527,-3.4977184603278877,76.147977716462,,40.51737755840378,,,3.6706112294211124,-67.59912867673445,5.430384681528459,-32.84959052038125,-1.9290416875126177,-51.91953869797884,6.3734226628472666,-45.81850518634341
2022-04-15,11.172747048199138,-10.046596876492902,,1.800088887125526,-14.617284146920102,-13.11430578062062,1.3692021433259944,2.1877973931641796,0.3933309641444964,1.125304205804711,-23.226772171335046,-35.23071340387049,-0.17117991493975818,-14.43975191529038,0.6899718883307508,2.745077573037275,-29.97893081274025,3.3145937671689936,1.8278589061670378,6.983438511331863,39.302087855868564,32.98663591314872,-0.011186382323743947,-25.029132875866196,-7.184219706391713,0.04166442471419381,-0.14962248744734305,-2.8153444521960957,,21.83926642606642,,,-21.07461692296607,1.657319011535855,-38.05413592108013,-1.7474272821683696,0.20732914495659938,-94.66579537542653,6.35147642873174,5.230147635594323
2022-04-22,92.90429519102476,-6.580309405964532,,-0.026933752708723467,-13.067860742365575,53.48147856011824,0.6853007155969304,44.395074751584474,3.527961076718622,-11.214744961870784,-1.0581520628410739,6.4144588449743685,20.509410767707962,1.8729664104215866,2.0169646976873663,-0.290529767173458,-21.638050206903767,-2.70717574397618,-0.11566086849212477,-15.270623902124596,-215.73309557800093,-14.58641525234682,0.041204443135790095,-5.891008633954615,-0.008266963938340033,0.17845330603673631,-3.294197237608577,-42.922860204985014,,-16.22944329382635,,,-14.198180909134615,25.32091763606696,-38.02371329331273,-9.140035325558168,0.42117515037594916,29.144174241085967,47.12371702524119,-43.80899035978304
2022-04-29,-73.61619351651628,-3.0150231905645213,,0.18556383515299804,-2.4282792397871873,34.08827228984373,-6.862144224039862,41.53636376910203,-44.97422889169048,2.9125673302835424,-87.03010211444608,0.32091038116553194,-22.717580203772908,7.554865528065023,3.733670453393378,0.791189319756481,-3.88456446735857,19.18774185782128,-0.8537907872669428,-28.12886411367646,1.7219771912081792,-29.643503149234668,2.508693256525256,40.76381628087298,0.14980983872960196,0.0584558949585422,-1.4043171328762116,-4.726266758283862,,5.680177352188071,,,88.43861203584888,-11.852464748407048,1.8279148707443242,11.112132955207251,1.4857913743589501,11.719178164874366,115.8836477137587,4.295425789013361
2022-05-06,-12.771256989083694,-1.5067563531971238,,0.1370305632813689,30.058480013937164,5.312905864534614,-8.735553073369179,42.05927874213408,19.47699490872729,-33.422835849558965,-31.54405161632988,-5.66312098482875,0.5607372759844497,-2.9312197010700656,21.903977493550546,-26.339298664234928,14.124213451297035,-7.961666158856436,3.069653404180604,5.642752273003428,-31.83111479318105,51.56129378700972,-57.41378279031042,51.351665964658224,0.02716999837937624,6.566759163857632,5.734973879454963,32.61422429033301,,-27.044129780841388,,,-22.41089958014167,-40.5682636433902,-26.425113498846436,4.622154170221307,-7.604955386026715,-62.48825361244947,9.431883316855462,-16.350438303558892
2022-05-13,6.881010980006705,7.763206657752326,,1.7210407642748207,1.877064133020229,-6.9453531437280915,3.4934731767144593,-22.948277179987507,-17.946849087869964,-6.683135195583572,0.44056409599640567,22.68059062641871,0.9636992733672126,0.9196312780070794,-5.2457389374881815,-0.9554826685361478,9.771166487315066,-7.838114883359341,-9.095805384220455,0.04702406495970393,23.076726285133333,3.759746582070035,1.8315133690805294,-49.80985488297275,1.448989534014672,1.0225749631614025,-0.7739428525308427,1.1433318876885357,,-17.5693219364271,,,-12.8181935278024,-2.443656691360158,-0.4853734012274149,-11.274985804310926,0.3796582827031717,-23.957356622136505,8.57986563313573,15.095370355791449
2022-05-20,55.50514244615772,-10.100278283120334,,0.5126974731764455,-0.624436606847137,-2.59765815774219,-8.574985456436371,-29.5916722536591,46.600425091382306,2.0277665627704358,0.925927692094838,58.9381460772088,-3.0149161900623995,-9.245966831714707,-38.39585732660722,0.032074728604648564,-2.0707461023462193,-3.6492955727361718,-0.058462989406174316,0.374063720326217,-29.43673340048618,1.394701541798193,-0.031637618039924,47.492660335322334,3.898831645673412,-0.13206625250911058,0.8122929021662678,-0.022502729020086765,,-12.820580180341306,,,17.294499679120733,29.366042777375313,-45.90892828390512,-31.303394544145554,-0.4284009530050076,7.301103647142812,-17.448571389035145,-11.713214793975501
2022-05-27,10.389764962096024,-3.343080476037457,,-0.0949761989257411,2.3544023004297054,130.9766137774731,-0.7770234143141161,-110.58273204657037,-41.32040182714551,19.623724979544885,-4.11978309522652,-186.95629340234214,1.4408881106993445,-11.65894993173536,23.118109986448502,1.1136435246855698,-1.2866155454087642,1.4133074286738259,-0.42891405823163453,1.1745960597642804,-62.942165154466764,-1.3973315629566572,4.451644801327532,8.32232157141528,-0.23873095652628606,0.06217618494096573,-5.896880910449796,4.209555320865927,,-0.7289760954470155,,,-39.93520737602238,-137.29176797951874,-1.9269901561845129,-1.3616646227608218,2.855732122631605,44.473981649477054,-29.103271966721948,1.3041311543370913
2022-06-02,39.4801254946771,0.6066100444669807,,-2.213673698335877,-29.95899018847931,-2.4022684795199565,-0.09012759206195986,-5.757755941317589,-24.07198098475195,50.58077031109409,13.078059948804906,0.6117872417826224,2.2273799493283413,-0.3435947739667107,25.5296833279341,-0.04281342465958054,2.412667835126511,-5.2578066340426135,0.16577974321565736,-0.1260771440810955,23.212049648327312,-5.961115788839841,-1.151926482189281,22.969041552962402,1.3536685417484684,-0.5943958407174509,-2.8220007106213805,-27.934084708820624,,-7.759982915701607,,,-6.440143022795522,-31.891822483484138,-2.1059622072695254,-27.878469129073363,-0.4055189662224806,4.487414106289356,-30.751740222031227,-12.576258745443026
2022-06-10,-12.894992707012188,-0.39306729854154676,,1.4221084214595106,-34.11834288754728,28.98428661137168,-3.59290698726421,-85.49617369172425,6.017072179469951,35.251539334823796,0.1154621062843546,25.825878074469667,3.475629056576728,-1.862994017010648,5.5275648251818925,-1.8350849437284498,2.5695394321224314,0.24159803506382982,3.4308411375122465,4.739485924450184,43.96307150530355,9.874725591414233,0.12290520370856084,-19.91097561932405,-0.1964564330864219,-0.8242948590452117,20.137503913719847,-37.115540681473306,,35.76820409956459,,,53.97698843661988,-46.30880654109788,-4.511699144646991,-7.449464394660453,-0.16547964635398538,17.699880074531773,-56.333078266948135,-28.743440530043642
2022-06-17,43.191102782673816,39.533701245780186,,-2.336946707560604,-12.269733928413515,-11.923060549375116,-0.45919955057482487,-7.618772945330338,19.01398533175192,59.76706774003809,-7.019746121626378,-10.092751298433795,-25.791112012924586,-3.214730540987146,5.122473162209154,-3.761786540360956,-8.59479085566116,-4.60343533176676,8.397993757730317,47.18983385157684,17.032745064521535,20.742422170213715,0.4868544586029041,21.26003925632485,24.0548057097312,4.577265118425142,-52.525355279252096,-129.0349152913868,,-5.460786959804454,,,-33.693369657269635,-73.6025712990204,16.42424142927727,7.271426573056295,0.7563563936014769,-2.0134320437944706,16.098351606604634,77.40009247890418
2022-06-24,-50.15230011748777,-10.934653927729281,,-0.019907223599280904,11.386231753971032,-30.129707547159796,16.116367145913284,-30.250074576985135,8.849950738930662,-64.53206380912918,9.158096667553222,82.08995560313637,9.537927552205243,43.79221540294542,-32.45350984839866,0.2611370550310332,-2.2289710723663534,-29.843578287127027,-5.070612443207457,19.123023801206365,-167.71323945019654,-20.068745487573853,-0.09927219283509514,-123.03509067562894,230.9907646257713,0.10574045591388015,-2.335611735847219,74.2040597786844,,-4.167825025741525,,,-58.40043071831011,22.11822789575638,9.456669011978565,-14.703814828768516,3.999213236837558,-17.894699528357656,-6.649670900272276,15.200071955854419
2022-07-01,13.776712251917653,1.5495185907467133,,-0.04387835759451605,-5.367462214255244,2.6471388431068235,4.762820096246956,16.56953945138222,-21.835942794089494,-2.957416056992657,7.065804650899952,-73.65848918748657,-0.856960172310389,9.854592114971092,-10.581851053643788,-20.686678166495437,-3.4693491738267124,-0.41457028459700773,1.732173047168511,0.9716339746658549,22.0342529221886,-1.8221097598988703,0.25077689650883095,-6.227680070966903,74.71575750837715,-10.222561652151896,-6.048641039785275,1.757138654411735,,-9.329397972154727,,,16.277116443925422,19.420839812528698,12.185221028650295,-0.994044913238878,-0.6763364598913741,-20.954141675016718,12.978130725199607,6.446341801965374
2022-07-08,-64.29347700643514,1.9932933586414865,,-1.270563081593052,7.150316102712839,13.534801879164736,2.7416085280289426,37.40843795809334,147.41904663373202,-1.7623429519617515,26.93688496929324,-6.108328338830135,3.526486055444649,3.265900100563931,-1.8291269383643065,4.971081632725813,-42.99432081507086,-29.74915048857167,-0.3143410053091644,5.263055356144835,20.26949802325622,4.940097214789689,9.100953928678814,33.70184473389068,-79.70377246262596,-0.0396937488209315,-6.7839065917793056,-25.23094323074943,,-11.405562666065794,,,27.311722813427327,17.50448594355021,-3.4910313439317244,20.150875924857377,0.15385243943723034,39.20865347066431,-5.591512955620827,-4.481423248390772
2022-07-15,11.379863039089836,-16.040235143581615,,1.4115438154905073,11.961658131581869,0.9167025641469828,-2.706296717214767,44.399522109260175,-5.027436918113339,48.575223529413364,-2.61198758628106,20.1404064665792,-0.4105020159406001,-3.5365087619743782,11.462929704529541,12.601972348810804,0.6189803061751903,-13.495619103490935,-0.08973007728460923,-46.869527978461605,-173.80608260614292,-73.72556147231309,10.63680399917426,-3.4418346379058,4.043838569803922,0.9233625519711967,2.281754070117943,44.51676923356313,,-43.97369049976541,,,43.861857736558186,3.5955536255449236,4.906983336480191,24.450366957956774,0.14953065651886635,67.43244931306845,-46.07036230486544,38.05165290879971
2022-07-22,-0.816147953206425,3.640957106456654,,-0.013202924136063762,17.258889630464513,5.104445983887089,10.550455695372964,45.755568741911254,-15.68151634922626,-28.05412924642989,4.953725363664035,0.6321286811665972,9.199084208688454,37.58364319322825,-14.943528042663957,5.730554220547127,-9.520485685798885,-24.30140198208287,-0.18290434685289508,4.276600517079025,-31.52543551032499,0.3034156844329652,7.656329052355088,12.354206568078396,2.28431656621861,0.11833273783075954,6.16221253805884,-58.63600047828984,,21.484499538781105,,,26.352423325837055,-47.84928218597333,1.3679025647708998,-2.267605334989324,3.3461904638810487,2.0567065698989175,-10.961071121025078,-10.839067233483304
2022-07-29,-2.554810773580746,-3.053228311841681,,0.02788447025731826,-1.4283456093333675,-11.859944033706745,-9.934117278644495,-66.40338048010656,-38.508113716896986,-39.675531378719825,19.30896200755986,-43.88326955659409,1.635274012511782,-10.81637777752799,-37.997397153899904,0.09090830819192061,-36.460738153186206,-28.624580117411863,-0.20222109782797876,5.043622052609308,-2.7470754624417135,-7.263908992488781,0.22983163194141878,6.055581867869693,33.42723049301672,-3.371482742628773,-11.767739134919411,-88.46624411215895,,-7.573038963551612,,,12.446650986734547,-71.79749301022107,-17.257880340289297,-5.254191715786857,-0.07503204839693489,44.5299231344701,-48.694805606678585,-33.196395220283485
2022-08-05,-27.0926635661056,2.525449562612417,,-0.033968139433183726,51.39433736287366,7.411921060885824,4.287840388100544,35.89442059059845,1.109891067727789,3.391701576217859,-77.06845393443517,-110.64542362259087,0.29455724591480204,-17.86750690475238,-34.8722437830897,3.1176035704558465,13.68913436465006,-0.0314329780756919,-2.413038989435103,-0.8420575526523084,-139.87889775865423,-8.400129594060054,1.9289502554183622,14.059993551605707,1.0574850774847961,0.30265941991458817,-1.867632177399297,21.003029674197784,,27.037984057069465,,,75.61179849069372,-1.5237358906442897,16.678443146582964,-38.817166743474175,-79.81555610676139,1.664119466907639,30.989323778941838,45.877543698273115
2022-08-12,-77.4601953665053,-2.5216989970317507,,15.957293878838327,-48.62071014260491,25.84256612054343,-0.08420642194827122,-29.016994696503073,-20.46181710942212,-7.514372293421239,16.052928809241163,-67.29818757012265,-1.0529720438886125,0.8920238989062703,-10.418960012379372,-0.09092042928286682,1.8671632765109782,-6.483044452761092,0.012388047017978424,-9.274930214647398,14.602746698622724,-0.7959660952890448,0.09373227447070191,20.111080365965822,0.2128711043980107,0.03933758707409265,-1.7648698881818905,-86.92755567898999,,27.627459032437002,,,17.89696090338155,-37.72643796725897,15.459351190809086,3.7129410308242807,0.5351957146109236,2.076051508189709,2.5934635649674007,3.3290049979171004
2022-08-19,-87.24546739956757,-0.15484761918774226,,0.11858739303480516,102.78281757208359,-2.1970123299652773,29.298486841525165,-15.030709209970233,-64.94798967525065,4.420876758621657,-45.09006212117929,-34.31004057372351,0.7645520477502834,-22.299713717022755,19.938145551763863,1.0596275380510918,-3.910540898433,-0.019921638307295195,5.338797623310911,-6.3674755731949695,-20.014524316759807,-13.652011620812454,-1.0279230994073254,-37.91662800530088,-13.427493771329644,-35.085110464919914,-2.3006741116401734,53.26518852073549,-0.6563686137737015,-13.172018325190196,,,-17.261871975609207,11.82439340287561,-85.23653870551813,14.271932033640628,-17.781571250586136,74.32901982600211,-0.10176296099437157,32.684451302007574
2022-08-26,79.1362742262985,75.2975558332338,,-0.6025532992429485,-27.07846211741101,49.42052273707661,-21.882360391811872,11.021100961916837,-10.965768526107155,-19.752076735320948,3.749885931619824,-16.73069540170419,3.5038750535998506,-5.1450550413701865,20.003213134838138,3.5330348180956515,69.00208001735251,-6.631895189229842,8.823875761560823,7.472818025072901,-16.965954474569944,-28.46029534859765,-2.54082437736946,-9.073497633855718,-2.0846647459526686,0.9627961080279579,34.81320967391619,1.1996613777545528,-0.09669124521814289,-3.198149233168121,,,-44.667549007643196,-27.243234547097206,-15.007227543565287,-18.138009381567475,10.751479013074762,-25.384086484572155,8.340116849852546,-8.82558953316162
2022-09-02,-51.452061284726405,-0.21219416971928695,,-0.470695974829969,16.54479457795649,14.09679704813154,1.7863875698038596,8.140880566870369,-44.10623396944761,48.937068451531616,21.05838804595527,14.84094656957451,10.776539059523753,3.49106083341845,-27.364515230744964,-0.5141277228116524,1.861796253470686,-12.690057335893691,1.0557302313803683,-2.5920623155279134,-44.52564297625717,-0.3027037856681014,0.3234558344630861,2.2415658404960443,-2.5131247055004735,-9.118689356808067,-0.8576319473150644,-44.45674998607261,-0.06751246137820349,10.202627304861917,,,-49.58844959575481,-13.889280394358678,-9.049452490611797,-15.112190460528103,-0.2004858794765896,10.517926409368261,-87.16615419714991,-1.711346186219738
2022-09-09,65.41042131780519,5.807127965062556,,-0.6209484226628051,-88.15474546188811,-1.0464007154362973,-7.873468160944368,-9.889406790132726,-79.72389020201327,-0.8727707716000018,29.97149192879308,7.421555325476649,-12.930025390025989,-3.549824907973108,42.20553850346657,-0.04933100013697242,-4.630620768167674,-3.890039375315669,0.4596664637834235,-77.4688772780705,-73.45270656833556,-28.553759973978934,2.058655734304992,-67.486785677991,33.085924929993254,-0.5467908683423051,-17.949594767638214,62.49808854593534,-0.05275868121755108,-15.795485073468114,,,12.789809152337773,-8.638353432145342,14.900564990570235,1.1723246868397537,-0.8298439765899861,5.3769020237416765,-82.10114109001657,-56.53925869133233
2022-09-16,-4.431594846387425,-17.454222222211314,,-1.3279811568239759,49.79646017133878,23.15186527625726,-17.13810751991874,7.117209679883602,6.058067097325248,-9.313588030144691,12.869339145105934,20.131825859587813,0.7740561487346821,-0.9454879483871709,6.884452287097053,-0.23028322193378448,-0.5605466074411707,1.7229137454557166,5.590003337696553,7.471821991890941,10.169153834930313,39.74993145565122,-31.189986955907873,-22.74156455282617,68.23703091265978,0.011748182353429651,2.237359091933854,45.40037002595519,-0.11969460516119132,0.7688139941426471,,,-11.906722713650948,15.07441320817951,85.71374637887203,-7.311990565718581,6.4640579851168924,-33.408501559689256,-3.943002473945283,17.21825756952137
2022-09-23,109.16950007364294,1.2661590466194113,,0.5283956699140614,2.360727414004541,-9.908385956836478,-26.880486978500855,10.08149216028827,-103.1633422936607,-31.580160920659743,13.763569685537423,33.93789804063052,-1.60169960886753,1.2898511735037617,10.368629342832286,-8.213987661121038,4.471413113838474,-15.572936818397306,1.2198517300720522,9.377362914090499,-19.54206807348623,4.214992060688302,0.26595876311066136,126.77765152700599,0.8585562144741434,-5.952054824910926,-2.416385470168718,-27.201720776068182,-0.4665722232561522,74.7584983878342,,,23.947425102591836,-16.592475824279457,39.35637868402289,-5.027407442063421,14.138209066939368,-19.313804071356536,-48.01186035049173,92.18805854196097
2022-09-30,-169.0151690901059,-21.855592336098116,,-0.08228324511229448,13.09208539968193,-4.329041973359276,-2.076748849150033,-2.0355310095806978,28.967301867058232,-64.43058833533122,-19.36010444744113,-4.874825476971845,-1.3550701256067197,1.153878166926193,-2.4721164449361184,1.128543413737298,17.108421187879458,-1.2403072779728164,-2.567230289439373,-10.31364870824044,-46.272248137650465,-15.030326861314062,74.36441908549749,25.622530856731043,6.667305685763697,0.8049583784678329,-0.28306850463826616,21.896279734744127,-0.18090576456716043,-68.81130513181408,,,-6.818542810192788,19.065373118228045,-2.127413208410167,-32.77003027977994,-0.4809570379992344,3.778383485478157,2.086331771508636,24.24177932233626
2022-10-14,-5.681329405568927,8.410484236728859,,-18.91730472052273,-59.52602012985296,-6.621111554997161,116.26926626063562,1.8616846434480996,-5.0724310724708515,21.93312188042952,-47.33848408641711,9.280474625442123,10.567782994358371,7.973698321607485,-2.507582184851345,-0.43505439796116774,7.45850488895803,2.130012263717714,2.711961403647205,37.62978934033947,32.63033585952046,-44.781538889375504,1.5342941361565827,-13.916172002118584,-11.7735484521652,0.08540843639681073,-14.867803622230134,52.38427191683926,2.1254036559981233,-109.65910093835775,,,29.911717582317284,106.11059216397516,-55.28032406377005,-6.317553834085975,-5.37497744673614,-23.16078522158282,10.465054390841107,-20.62445929826403
2022-10-21,-2.583671278239215,1.4489730982418338,,2.7132451176769687,18.82024220807329,85.30737505316887,-8.681369254824677,-43.872174292973355,-36.049084690704554,7.5740466072779675,15.515302115179615,9.295526287764869,-0.5987430183855028,1.0568027548827872,39.25044936456526,-8.196145748016113,-9.22835942043624,5.199774163928255,1.5968370531750098,23.758228500825233,-82.08273299676513,-1.385496107425362,2.4962105083049604,-22.36144781616309,-69.182170032138,0.42840833558630154,-0.37971715293073505,-63.139956959384996,1.575194169500954,17.3299195807567,,,14.930042695692451,15.749854897710176,0.13224863220608057,-18.42465003790405,-0.06794631571424148,-6.4778614656767575,-24.359572275554534,-1.0801776922063013
2022-10-28,18.081208733803525,-0.0983410511604233,,1.7041364740989533,-44.48857629224841,-5.072468072885531,-14.570705391116961,-54.13209433682854,-28.303052487839846,6.064188082767,18.412044543443606,-44.87909809303443,-1.256565442786842,0.46309738167258785,24.616100376541834,0.24836328947696623,13.538196644476105,3.243578258077025,2.5064668613820076,-12.612667752983588,-181.67670039051507,-6.306504730316976,29.797497274571235,-71.83472015390568,-10.456295246733788,-2.6434176271679557,1.9016136627462998,-15.515162939410402,2.0885193406581037,21.547751231701533,,,51.89240379435617,11.857364318931008,30.98391809717943,34.10325008529769,1.7621877664026733,9.283917946859983,-69.06775578317287,80.04015782111384
2022-11-04,28.869224247129416,27.110682712736775,,-0.38872485992756617,-4.764201763774029,64.97236326297894,-11.03530191226471,-72.27960217828698,-46.1800789429389,62.917151387896425,-25.174481767526668,47.39606685092941,5.290480294066354,33.02562079932202,-1.6385296200151658,4.368059138674768,-5.690732995256266,-25.734032107734915,0.569951116369776,4.184855888140431,5.277144821049115,5.401291587301197,11.025480508184192,15.82573032115604,-2.9427406124161637,0.06745094197458165,-14.283797637801088,-4.429089624268384,-0.4882668086442669,48.97052375362404,,,-34.66472584334082,-21.94012359468276,-32.409789274179495,2.193651412387582,5.511644176434213,25.745247017049913,-13.824758632303945,-2.316120650938911
2022-11-11,-12.975623348829833,-2.749849038440511,,0.8475875051930697,16.631781025505134,62.92978057876771,-1.3427503980163893,1.3863926546758911,60.38518775119477,0.8241344784259644,3.9726441737680775,-73.59684339973236,-8.012846463000484,-4.5012554743575075,47.19098619064118,-4.9898954667248105,-10.976522311745548,21.15758137661985,0.1760161535437834,5.631164639131432,-48.37552927987328,21.74073602420314,1.9183939810817934,26.18632101785017,0.4615765620695665,-0.0422444524597742,63.968513651498874,-4.8144700436134755,-0.4889643567367672,11.93769656689005,,,24.682944185390912,25.148526845323577,-2.4442374569817154,0.9880018430724773,27.481423167673228,-0.7841165538736148,-11.275630616467799,-7.163981903263799
2022-11-18,-21.289651332044834,-4.734600785321607,,-1.0876854830397966,-95.11206827718469,-75.6342026843851,-19.045974045574198,18.348044833770686,-19.79751334337512,-92.81384447792136,-11.709210550200634,18.72055346451084,1.6393116710693434,-1.1391049997313885,13.99480935724503,0.0030234586691376686,97.58127363341002,-1.002102827894889,-2.017302693256829,60.559268472942314,67.33141044149511,-12.72396970296009,2.9251265542915337,39.9861412630423,-43.04495171677917,0.14493011879673434,-1.0858421674084138,-21.66773059991767,-0.077953331745809,-81.40233580599792,,,-19.119642450132883,-59.6756406648785,-2.545958368924101,-6.142801564490267,-1.2324493607187619,12.303372489749163,-23.021913343476314,3.695459289650066
2022-11-25,43.072133557183086,-1.5460455130252373,,1.0820214120034313,7.736471407030876,-33.67291720500841,-0.7067114391601684,-56.99677878732786,-86.75080338284317,8.690086366238491,9.83457773570545,7.735695266077496,31.02394201593168,16.951568574869817,46.18786121659094,17.607020140235612,-19.03354272145017,-2.3935262330809355,-1.5845643495579722,11.756676742228299,-13.429166767774928,1.3775709475102982,-14.087811793645951,49.797173101436364,-15.177961926867786,-4.087492034906602,-16.614669501361202,-4.731960674057805,0.07371883655540853,-16.857073002366292,,,69.50647415520352,7.723671667070169,-113.41331325255308,-81.08361719924842,-0.4551316578777531,-65.96032108414623,41.36335379123476,-18.793675779511243
2022-12-02,27.298469419002533,5.5359781164487,,-0.1632119183911365,16.79647332428472,28.87257426596943,8.003355411088098,1.3826081449811354,-16.97921057984746,5.092208484574898,64.02285779648778,11.320728914491946,-8.231769088289164,-1.5153394744308133,68.31960459481034,-2.3362574001396084,3.8807214818634073,15.86690644573521,4.882874211586666,-2.843401721942439,-219.02520551291582,-12.733386077614508,0.08081243130497559,60.35503751818065,62.12168265881721,-2.552420332122745,-9.905693586557192,-110.51723364941142,-0.9321462814222474,65.30886001663632,,,-34.71182387813403,-71.82609828080787,-34.15718980184865,-9.404755183954077,-3.6696779813772156,9.394733691874809,-55.88890211121819,4.8132288491601845
2022-12-09,8.539461969673665,-2.089677955873384,,0.1298019412794058,-32.3222267578589,-8.386794210778593,-14.74548920793909,-16.802936650733372,-38.523386457325,9.046602777688907,-3.2958302729592712,11.251400160826769,6.623110694693791,9.607261990159916,11.562873001797117,0.6692588302266456,-18.726649971522487,-6.441444065771298,15.89675753573255,30.10015209823726,-52.445492828309554,4.452691669153903,-4.469306035343779,20.465796250140308,-11.529063337663237,-1.6331807642276361,0.05158979351875648,-2.8115115481012722,-1.0702024293726369,-10.045501263651872,,,-197.9352551408807,-31.570950270358516,35.14364401107876,-5.435207243952419,-10.784699698379383,12.645676945836032,-28.045479704624096,0.818196935065866
2022-12-16,-18.34369307243955,-72.8439570721073,,1.1158733897983644,10.203603785420814,-22.281957297509443,-6.085376114518177,-111.53275210308875,-76.94858566935721,-26.324903806560414,-12.151757620860096,-1.599234421701374,3.898919464448003,-10.104047232896857,-3.3254675536224774,-6.206915055388285,-6.471031379651557,-0.9346861016357255,-3.9690201757617527,-62.1418101725333,-31.950195402966575,22.494147481182097,3.183580260199512,3.4244015120161357,13.554846579642817,0.19478994684802475,51.77268216463734,90.5564454567824,-0.2968614091077191,-29.230664770636295,,,-8.112979939575336,4.792326417239521,-51.02549534177325,-3.1401299935112226,-1.177766250501722,13.345923747607507,39.45904372354643,-8.545949319389315
2022-12-23,30.54616985448768,0.6734042085827967,,-11.551892870273322,90.01104352055219,22.74482600606269,2.375439201754977,12.530791449270234,84.34842394560471,81.05961418612577,-7.589975965367598,43.99118084865346,-0.830008263003064,-0.7632235177615235,10.669870553086058,-0.10070612409174812,15.044606993480825,2.6314053823087273,-0.26116772880276695,-0.024633941277834026,35.47817077486382,10.529598516909052,70.91440093448507,7.831786309971597,-4.500443720253951,12.123833598727618,-35.62806767168713,-43.801794188677505,-1.3626410427105697,-2.406348575698347,,,8.172878918925743,-16.37241622767574,-1.035193113183299,2.5427318498244227,3.575384042496586,5.2074384895710475,28.635749317784,11.030663028420152
2022-12-31,4.241580426551541,76.28656205826981,,-0.9457302163443413,-0.9735116709132738,-2.4201524517177258,-12.99079600247551,-64.29197625653354,66.63857528416523,15.23523062312945,14.78459965344512,8.147840990978853,0.1298902112243966,1.5869051811704833,-35.117620967192856,-0.7270343182458436,1.1621426026953783,-13.479698797560642,-0.48583912616029956,7.116046167870342,-89.77077036822416,12.715621701893985,187.48627088206703,-10.40210911940991,-6.039633310747865,-0.05290705246680322,-8.04095292210874,-74.51763565060554,-0.11736764439883884,16.308294630764888,,,-21.224327886193816,-12.180805708679369,-22.6339711040616,4.447975406719751,0.060474232918225124,-6.966391769070908,-0.5204767199984808,-6.22715818348742
2023-01-06,-42.32791389287152,31.62621823064488,,3.5014438372626393,-8.477184467601932,1.5376755969462446,3.960696477408998,-3.4426071332304478,-92.09640858568494,78.37548109669675,61.690685518773314,-41.88447895016923,-6.098936506499557,-19.256864586161818,-0.42203200821025044,-3.886767854334485,14.406872131682274,18.458027909688546,2.4869387956302176,11.313116141441677,-28.549749807807174,-2.8770218638705876,1.296960055616653,-48.5688477154505,-93.80128187577584,-12.955195528753528,-1.3740905467616715,-17.96772780787366,-0.4318322807581777,39.76949276341452,,,-9.561902010489638,-85.47682328500755,0.23162829278997998,-3.013733148082363,-17.571928188018475,-16.84096021864579,-37.4462175981043,-8.792347238412278
2023-01-13,14.228882942890731,-0.5518217268521253,,10.140948981715727,15.223277731792406,-42.35465277330522,0.036224474528817774,9.538494053163532,-11.288258505230537,-10.276111961028667,44.45557895125537,15.643095010716667,0.16474515884442664,11.268798902620937,14.760774629851749,-9.838806991981722,-1.887011712164866,20.20114346170022,12.65897891709955,13.929946940699773,121.39467380627153,19.968071221820523,2.5918935360356894,62.291239950999206,-11.377765765730947,-0.07487358529416098,-0.5374910860716606,-23.377038239195706,-0.07791615881379557,-1.5598233790293945,,,-29.178169697599365,-19.24067933797292,-22.38700767375007,4.0555439542052,-0.7323187291757716,19.336003363184375,-76.65116635580435,-31.663672609205058
2023-01-20,12.663744759566429,-0.2759284131227221,,-2.9825614799475155,68.59677903284901,42.87782051669409,6.47345376286802,-72.68942731439861,8.36061323473037,98.98366320323258,-9.006369028559007,28.344138260298294,-5.3202103353588015,0.2003647156706762,1.749742421522968,-0.9909064565855696,14.846841036764335,-2.4703359925367154,-2.9569630439284893,84.3097386871618,43.98603901092474,-5.167831531877352,4.064779234803792,-29.951948088708473,-0.07166995020486056,-3.9706132020878835,-21.442057860152847,-8.538133094761807,-0.21607592313741963,-36.88546889492653,,,61.09398814349284,18.382173357940705,-2.842698359553929,-38.79483009903772,-15.856136079376762,19.465549697795637,-9.827670585519725,-59.10000236274365
2023-02-03,-14.570792907315553,54.68357461693872,,5.6080984849733095,-15.493315494295679,-1.1470403633854458,-26.485675648902948,-44.89820590960996,-40.5659719657452,-17.991809924733623,-9.762607487228374,4.873400562943985,-5.938130648378985,-2.465224038939274,17.15197882968002,-0.646077778472052,-4.278200555839393,29.051136535286854,9.46167250339965,-18.688297796953357,-59.031099236723755,28.300098048963715,6.293791556238299,-22.654061711542255,42.849931107233274,0.8191772554675999,2.659446403286456,-2.1920067270836903,-5.826636959708537,6.779612307469563,,,-92.23629659758865,-10.481194135012462,13.352090371781218,0.22128840570408892,-3.2987519658545397,-45.596332880070534,32.38876290755848,10.151173996777263
2023-02-10,13.647399001430694,-1.416402707993237,,26.75648388718135,60.42292914937235,-15.570023846821906,-1.545945533027267,-27.366832345598212,-8.77343463993519,36.872013084991686,31.964802455101797,-17.393256659371207,-8.901843829342845,16.64559468790905,8.850340490057349,2.881682131286108,2.4455896885087953,-1.2398762026468781,13.168732241399834,-6.2526187441554875,-42.377613243382115,-36.53381989655551,14.845743824230587,-30.7485037011631,12.956112178567901,1.0146499020903947,10.745074317154177,96.62164129730726,1.1516818435686864,-104.45209781135536,,,-4.269153167487521,-47.951053413529856,-37.0307968748739,3.607438553304318,-7.588781272028346,35.96820460792612,-14.689147530628107,-14.965927574904924
2023-02-17,-28.77799233689081,-3.1150199753598806,,0.13978319239284476,-69.70860777371935,-4.069820706464126,-9.829853529530029,9.39628204092405,-39.50445470417872,14.868413996469755,-28.769537777584098,-56.04612682709421,1.4874600593088874,1.1523426493504154,-16.550203023658042,-1.5470974191098812,-3.4748137566938135,9.82528391118618,-8.799132363136893,-37.619367769829715,9.600270193361117,-10.72814136704566,4.5449562201134865,-26.31409450148284,-3.0537204405593803,-1.472695395608769,-3.8521825365619597,-6.80183727789065,-0.2434340040429891,-15.618310281626227,,,28.958486329956784,3.2945453620374865,19.29181929328391,8.478928062455598,7.974149886614722,-0.873213305686039,-6.1127928949825,29.230000049562964
2023-02-24,75.57015809336309,-0.08679368516678518,,5.599973053025142,-20.129956722093283,38.17728209813745,-1.0209509316588425,-30.869691519295532,-58.91571918869699,19.93856351710685,-60.09333781832376,7.999109245939357,0.6887670372199728,-14.762176850777138,13.296412861088541,-1.397442706797093,-27.089890341673126,-33.90036556662316,1.0042805187106594,67.23108616159634,131.03463263147472,-4.160183084327244,-4.077009832926747,-31.73121783659256,-3.671448223126779,-0.10681899771531514,-1.7792545919416258,-16.520008211591318,1.105287811925721,37.99746566465221,,,-39.7091812874218,-94.09921179333634,-19.630926220750077,0.6784991441398165,-0.4182339270319272,24.254079177790434,-33.40849681160222,-57.37816173107454
2023-03-03,-17.950422175697135,0.4261823915866209,,-5.528346630441748,28.198809338066877,39.539131457941956,4.957823413043439,-95.43814079464201,1.4930824298287426,-11.385553817511305,-51.70951417206767,-50.55487789673677,-9.091963390339789,7.406199807741004,-82.42302905034106,-1.15022376234967,2.153171314364083,-8.279469337737574,-1.224095211724561,16.84019744550688,-128.84625104662828,0.5866680483178728,-32.3114574910013,-10.515565575466908,-20.87297252506809,0.19439112219320076,-2.8379176497404592,-16.382911565047262,51.30396409203174,14.857259037437803,,,-18.974841646453147,10.856831475102595,-84.42569648162305,-6.6988913309825575,6.172220328554722,6.830366566920107,-38.91606481782439,-1.3052059194421555
2023-03-10,-12.124832439542978,-5.371059757425257,,0.27381035185151104,-0.23912147133059883,59.77477954626943,0.4610625156352066,-1.0753302429382803,144.320201194802,10.254751537553531,4.1276476053103925,17.843823310237998,1.8886568419077667,-14.802640738405774,3.671403505296233,0.35618895040298687,33.46084172686219,2.0390653963362175,19.97350278882733,-10.819544737466607,-45.873698762973994,-37.93302380832853,-139.21977493427872,8.169910776880188,22.493568543202393,0.025533825964570725,15.641613483219382,-39.241651526431795,2.047317115943588,-11.854408632639428,,,-8.57534351242878,-31.759252891113945,2.0883717634375873,1.5214426960628544,5.872928973438998,-7.653772048257133,5.28333228484146,8.060964918124691
2023-03-17,42.44975257191554,2.78296333577943,-0.07772676831568076,2.23505576384537,-76.1731839333201,-108.37806966514026,0.7514903508586661,89.80152712846845,68.77480899567708,42.35210247120136,-0.16133367472427051,-10.188007300342171,-0.48531471232905254,18.468059935128053,-5.08986717731695,-0.9070872005254627,5.0888419733431896,-1.982419894895701,3.235138910808145,2.3916140346435806,-36.48457873985868,3.006303670290214,1.5929771766218495,13.363928712111086,-1.0434946186386784,-0.10424443022771743,-15.283717909934506,-21.054055307719057,1.7912723063092324,-48.90950894769953,,,7.958861082551219,-16.009508091965984,-13.773876945051956,13.685581998323615,0.44101589168216904,16.788232737249878,38.78118077214918,-6.520370084157411
2023-03-24,1.224269636356282,-4.197109360431288,1.2339537933515234,-0.2461399450873241,-34.80956755407816,22.98725720236701,-30.163172057492403,-7.149664444262654,-123.7890113872051,-1.1995451685656953,-97.22631812717071,0.1600009122129922,-1.837221697851402,-13.699286083662216,-9.798438480164357,6.817180419477446,-1.176343282648599,4.292313191819625,1.8094294097002033,11.268460115694625,26.55084646342179,8.869893113019495,-0.3969558751600355,2.500027011378599,27.83585939019425,0.7338728904839156,-5.210957748460659,29.584824568811793,-2.605960948771833,71.83751004006243,,,-47.99748679392318,-61.610581722103845,-6.438387761055703,8.045989053470208,0.3120558472869186,-27.200979303853593,-154.40953716714148,-6.731231184768397
2023-03-31,-27.69952728582518,3.625960113405049,-0.8681952056805876,1.3172427765835277,-9.019505436435132,12.355433002656946,-4.437865346442245,1.879969202273971,75.15104107834294,-22.079724435735507,6.498752420450929,-2.939674820699339,-5.848986875942513,-1.0790940666394948,-5.7328845992961055,0.8583058629070588,-15.627691883547367,-10.070650558830048,11.099786156794323,-16.697425756133743,-18.88430834928795,-5.651257286120234,-10.25863607880954,-2.4272752904486863,11.16194302272327,-0.06296053643173825,24.47415169727769,-110.64098791399934,9.275076249316749,1.675249868763128,,,-20.002406055413733,57.02410152208534,36.60900642050895,-1.7012627497014232,-8.257981679607495,-37.34483739095541,120.8779970625387,0.30579168640652343
2023-04-07,15.990651697084571,3.667961553669045,-2.5358637821563303,-7.217784997114581,-101.89396487979234,-8.470947983007907,4.634440867072438,-56.701479171536775,-25.3066912646099,-17.099967022384913,-13.151003536788032,-68.12000272299689,6.827720697206253,-1.4469343633659577,-10.434971105543791,-3.147283663054759,8.182211448967537,23.40260150294731,-4.62520365107293,-29.812137550240408,-98.02598061132922,-101.03382358859969,1.6380528917547097,-11.363314593321979,-21.554038917554557,0.02019389267387211,0.3356973415599809,5.627125116061165,-1.1164704301074846,-33.9607669066588,,,-103.92739272537234,-11.225095783464958,34.30284233395171,-19.119855251200985,0.00630041069778009,50.68567958727421,-26.098234534180737,-11.98991310053777
2023-04-14,24.942231313107325,-21.95706894674032,2.4893981029297176,0.04535767262792534,-22.36624931909633,19.993469858804254,-0.7341509392578391,-17.59850985256982,73.38562049642239,-49.253348242327796,-16.35973185957871,2.9446593816425093,14.879278882508602,-31.31453120275856,9.451579500067869,-0.28107109248032364,-0.7622356091183401,-7.914211836557833,11.290773579347022,46.74630961335764,-58.64786423264341,1.1839329853236016,0.9536518203361748,10.056829218047778,4.571448514696953,0.008039590882831862,-0.23351645543380223,-0.5907413250534604,-65.05301927218018,67.3750803494726,,,17.04625123797405,-55.588397292156024,-39.65743157008789,8.77743962655779,29.952672254036646,-29.847621031111075,10.383299490039004,18.619694756593294
2023-04-21,60.50958874415528,8.898651992331594,0.11763755682487975,1.3308180945880144,14.873855379489273,-56.573779253252965,13.925427095394397,-11.618266004141336,-27.750357327792678,-29.110947880071272,12.207178335748566,34.016721899609486,0.6384302891608498,-12.464074575027427,5.440669639436809,0.40153800079803076,-1.6215045482342374,-6.679384292904929,0.37960375247108313,10.744377077161953,-35.75155302102975,-3.277335717126951,-0.29233254949749465,-8.808823652674173,-5.681459984285614,-1.7983089226568314,-2.3758855507137966,29.424898415535623,-0.553773637145984,19.757034563199774,,,15.527105599271959,-46.94515043545933,-2.229577844487646,2.630590509891378,-4.403377266327186,9.416136217646086,105.69148608275057,-15.134228084229584
2023-04-28,53.10202757974146,-5.131893831210168,3.4662064227055533,13.839418372125033,9.87461502909042,24.810217722376517,-0.7130750283250793,-28.66844515801446,33.052049341109864,-74.79043373860674,-71.7518994298542,-28.325615521893905,0.8209538596296109,1.2473892973691134,-17.948077904701222,-1.2188763482338665,-4.324365977790882,-10.033037054751814,3.8781030663497944,-2.901609580420482,59.69619615533076,1.5538547485217284,-0.45015159109524605,-8.85313499858474,-42.034648119174506,-10.531051280844634,-4.558552357556413,-11.920512188833449,1.4828811272027798,-20.654765604171327,,,13.4836189977715,-13.69320423277492,-5.313314462359383,-8.981111416667378,-0.12811507036352102,-14.018385708801153,23.092400774915404,10.442612632754493
2023-05-05,35.135077647875136,-1.3539720387661627,1.2695150448194248,0.23087363706307515,-16.64862619838276,-10.097718898999021,81.3937252297687,-138.31066676055968,150.03468066173247,-55.584438168487715,-5.554466890325519,-25.53801746609341,-31.253619849262392,36.32792566327379,57.698158617215064,-6.382055544171082,-89.40070987579121,-12.009689094307598,-0.9655883113373862,0.6469136098577113,8.081768247388547,6.4840378554229865,-0.12178596751097613,6.154055500071348,-29.003153974216424,0.08430687924285404,0.18282629657839433,-37.52766283655136,-0.9559482331006304,-18.535217752680317,,,17.59987325498752,30.6572032031341,0.48421474852716695,-15.121142806107763,-1.7628958949272695,-1.3423603608629082,-35.952275674354674,-10.843281176790567
2023-05-12,-80.42997820591631,11.8205013727153,0.20049260610731182,-1.6967867169998754,8.192635382853839,29.42196665923993,2.7738113918813783,19.847320900129933,1.329880273820255,-5.427415519152422,-22.775429547253157,-2.2689898799635904,19.987937489820958,-7.235712109418613,-1.447663463076061,0.42793849167622566,-13.714139872632682,2.684489048926717,11.185744255017251,39.81809550539784,118.33590411267022,0.8132807525953191,0.14771285305774826,94.93415745153216,-1.5302460151077828,-0.23386513103687925,-20.906955483359415,-8.45150715233615,0.7586756139956448,34.27499309258248,,,118.63024516821,5.219178376557967,3.5763617066356543,-12.064258073821119,-2.336933921321658,-17.145246087944642,-51.551971736044806,5.213896084736633
2023-05-19,3.5427990241020364,0.3832891774022178,38.244502730757794,-3.1754039129224054,8.652948451890335,41.82312982510966,-0.6726638386099258,-22.868365620965804,-41.005164618288845,-31.710133015149772,30.146855889010503,-60.43660134152222,-0.6881335163306297,-14.233607039621738,-12.78961118077748,-1.8237859124282285,-12.04498215170101,-7.958755600076621,0.16268904603170664,14.810572402749198,54.058645128557984,12.739349095338289,-0.17599732194792572,-102.90428634494526,13.41900178493853,0.005938132419441879,-3.0549108682905852,-20.332894445104635,-2.4775297668783476,23.41094810281412,,,-20.399525492772977,35.141256379261556,14.926818028169018,-2.9833057066873714,-0.702178542811543,-10.111306546940849,-2.7900952575185785,0.3220918620696105
2023-05-26,-18.293522585532127,-0.30596711151570166,1.8980033045077107,-1.1396732334945043,-13.389721472382798,-10.508070943817215,-18.33964662046009,-3.102587771178189,-2.1183339783808126,46.751000778672726,-10.405962918963079,-4.569344941812005,-0.1046664547012202,-4.964403072613579,-55.64671425929057,6.790041442028909,-1.3834804430947671,-5.6696891450790226,-11.164820200972986,9.278760664829207,-136.67213317113897,3.133125474309233,18.23768084718122,-41.98074633821802,101.63506571290098,0.4708942570578434,17.502473808422938,27.4594108322672,-18.964844412408443,1.0103594151435704,,,-14.052415451067382,145.2414251596788,18.343071716394572,-4.614950533521584,1.047362859401396,-11.286837016809034,-29.96773153703676,-47.551192675749235
2023-06-02,-4.1739631678379965,5.417604329496017,0.4072768921214697,12.10698282669984,68.57690330713201,31.265728264024617,-11.796001793031955,39.943904421790435,-33.55670112920927,-26.32403365769369,-21.463221182306995,17.133302460715882,4.660214163744401,1.4504845582772687,-11.545300291127202,-0.3760470854089698,-12.571716346180004,4.620318373634491,-16.50014118189844,-4.086350145350616,-36.33651014780086,-6.135861023621677,-56.61401883593614,11.214718742189612,44.78616596532598,-6.03496253483642,-6.412290308302085,-1.2620158908867802,-24.42017531009228,10.41836101818085,,,-14.356918988011195,39.160625224373256,0.4736983329173953,-12.541605432684733,-4.0146219248489174,5.452023501535345,-18.308167844584112,-28.74067985685102
2023-06-09,26.443557613255436,-2.9191788958612372,4.779741218403702,-2.1061061642622927,24.67646665411826,14.710652207107646,-20.17134265521948,-18.251078955583754,36.44091381812322,2.1338580878858906,-5.674851946416801,-38.8104915577892,-0.21289371251517844,-11.98077655866922,-5.032624617403585,-0.14521125245812883,-7.938728784349748,4.053718568834747,-1.3882778304496257,29.506731316692544,-3.522584596123736,-20.14634646600647,-0.4539554879119312,87.00376806414666,-110.56124954342886,-3.1109882145087897,12.216374485827155,-42.49957583363082,11.93711145442677,137.98641142890992,,,-62.55983141625659,-8.949636710780181,44.95151871898589,39.91232615752207,-0.5084429288909902,2.044431005940066,-181.38065829214128,12.638631991731412
2023-06-16,35.03334899329612,5.700290737834868,-17.946240537460753,0.481541611414546,1.1001017943347837,-41.11599622117015,-5.0313104311597785,-117.72994599958432,9.272459044993301,-22.63640244289681,-3.9340468130606707,-32.630544992217935,-8.896001583533982,20.30394894119964,30.077992647983702,-1.134136652945056,-17.725444134301892,-0.9629670301901507,1.0615464594755697,-4.3762186664825515,107.3569211241489,-21.15430426482569,0.3629891091093358,-5.382850550535927,12.80379036960174,-2.109835442291956,-0.04907709822554662,-24.19392824000505,3.093379639606444,-94.84592731562866,,,21.70261325400076,-0.43785333206420773,-1.1531818053875416,22.106376695962997,-0.616090022303464,-50.22941961959514,-16.04892452804069,-7.779605945739549
2023-06-21,-32.12689108029221,-4.784072587892381,5.011404186264311,9.408547677008873,17.209828458461363,-39.22076011995555,-1.505616416108897,13.557561140375185,33.91553680556836,-91.07130132027345,-14.937722371046084,43.694692752761625,-3.623517637547061,-0.44179610960465343,0.5950912958641785,0.06350409543852475,-20.481894937006842,-0.030973098127255905,1.323579263606924,-39.96373632345488,46.79840222426811,-14.329644782602342,29.546358069176566,17.482598077856714,53.55666101446189,-0.015908897005668176,-2.747412505104796,-38.60666004121798,-125.3692434125528,-35.36205508888126,,,-55.04406188699087,-6.686901380118023,-8.795149917419048,-6.2271729435594105,-2.1728453447081266,53.4568419439279,-25.87971530048057,69.53205712363328
2023-06-30,40.63402263127407,-6.001035842079257,0.964692184223108,-0.8761011743981162,-14.14848833719787,-19.483646964029784,-8.336406494344322,-21.783563079017693,-124.05557615222641,-32.048143518127496,-61.95769993863318,43.882887585885356,56.499851558094385,13.702053825726411,27.654552789166218,0.8796176018331909,-19.090061546893107,4.52820021676882,2.3177843019176203,8.512694254036841,-115.59730678673031,-1.252164465885527,31.186148839545968,-18.929551340514696,-1.0398113665508557,0.07234954718422965,-1.9950962074433212,-16.801405071172777,-1.0578140142228927,-15.784469346525533,,,-97.31696298952484,-10.462666600387589,19.133486035283696,6.60329963553109,0.41885054051124515,1.2096913311955755,-28.88896144306261,12.04145024672287
2023-07-07,36.624681212133446,-8.5256935612509,5.7266442108234905,-1.2779657917522547,-9.86816020897954,-20.173060112970667,9.052209012798276,-43.126489637428264,-11.35808133797483,-19.569599341651262,-44.9810482962138,23.372044681541325,-3.3239966367413047,-33.29478469182217,10.427592253218322,-0.48012241627189395,-15.136968912920398,-8.643629909371022,-0.5751848402455293,-12.749983136960383,83.35270513012485,2.0729874512487156,0.3000086333855779,-57.19196502652177,2.854578390029288,-6.011499044791805,-9.011726746312569,-86.35302475645747,5.324706908759,8.232372203544843,,,7.36337363306407,76.20735475487649,5.755227742188263,-46.34395361005518,-0.9314388812983818,-44.36893427439341,-8.493674429003145,-70.29119124101308
2023-07-14,-165.8599462942064,-9.606528097639375,-0.4743993409345747,-0.5760199535988725,42.242172323313795,-6.025772419859306,27.93518021189416,6.642899883135008,55.673814219709165,-62.44827997293806,13.763678678915333,36.8979806398493,7.749527954858149,-1.91763600765589,13.903059163241586,-4.182679002754904,7.2219637565275185,3.031694013078517,-1.3806922833934163,-3.337720100447991,-228.07408866016743,-16.61523813583723,-1.4460128530014948,28.640167897187116,5.725619143533455,-0.9985007106423739,-5.316224759887868,-31.192031909400303,7.150673932058311,12.965680264150972,,,92.30453757854772,35.33715633107242,-1.4721780210941735,-3.8286741736526992,-12.95740133678557,-31.294290887993647,3.7339364733990568,51.866776764462024
2023-07-21,147.51453948139013,6.605344521223606,-117.93038922868787,1.4581405515917494,-2.891441340223718,84.01832265629696,-8.552648188235601,29.94668647013994,-85.09901086655553,12.421935918859143,-56.503723051783886,27.031940246126457,18.45199276899807,-15.739104271632215,-30.816364572172816,-0.3407934546527198,7.059625206327724,-1.8055305609320307,-1.5912917061375682,16.807320323882916,71.45017607721273,-1.4946599711599564,9.89905388334592,-1.5701149135697967,0.5297502612440159,0.3000207490075029,17.025638413526327,-10.681989417153126,-9.341483460799573,-37.52768408723027,,,-43.93433167393368,-17.992091897971168,-161.3892851291061,-4.536657607457164,-12.35686020071194,70.08369983035895,48.41870381161946,-15.313401284242946
2023-07-28,-6.247263969292797,1.3684504206633448,-0.6167087831506408,16.213143389461376,-8.115376640235235,-5.035537096241567,97.44349130012745,11.444207625079276,-23.90244992859423,-97.6552781217973,-7.7011865384907106,56.96952723301297,0.16320832524994622,-0.29392652358889687,-31.01265155254258,-0.26127208839796173,-7.8301095593833985,-38.68179070864959,2.947571688348192,-24.925091315567926,19.77338740638469,10.179488793076715,-3.750441706519538,-1.6720331600623342,-18.091065174000704,-0.1719869879283167,-8.438916617024141,-35.28807329558171,-2.4411683649145752,146.67746153778197,,,-27.73304070173909,-14.195203048168887,-8.704098322072538,70.40733972496304,44.38132033291335,59.60983348000832,-38.432512694872635,-4.759630777120205
2023-08-04,-13.114841957933944,27.401663007340865,0.03331722865633108,-0.8401938182472959,5.2521849248317025,-33.697869925224424,2.2103671846361626,-0.6847554278242453,32.058712370887186,-21.680987403128096,6.783328739658319,4.3422579954730836,-0.8316679567678251,-3.40287758814364,16.28551056564694,-0.8110526890326863,-14.839173264283659,3.8497313081767075,22.52529656059412,-53.618904606139516,22.315845725458445,75.14172362551238,-0.7659833528569464,5.545855207270746,34.41141234274535,-1.8480114731633335,1.6672022853579649,29.57932176254238,0.1194699338924565,64.59601100508964,,,-42.33862842333247,-24.62967825596611,-3.1575582705989813,5.429468602655464,-0.6622253696191909,45.69424073034139,71.10266368420614,29.806870210093773
2023-08-11,-2.919992841524398,16.281904929565453,0.5220495200265202,23.537671893725364,40.231302307741565,-4.738458261660221,2.463748970538757,0.8791329934773087,-151.57491314255168,-11.52043655978758,-40.28656061835348,-65.81231167038284,-26.802554373591917,8.817330008712094,49.334981085954276,-3.459932170053719,-4.718483799142945,3.3547195682957187,-122.92249140078158,-2.471811618692488,-11.247083276793914,8.08913572977103,2.239459347419697,-30.7567379657087,25.41768367987755,0.019744027227208465,16.49158363658302,36.7876212746769,3.888750358379288,-6.488939616816573,,,-46.350430028253115,-18.2779552714002,9.785944885362518,-4.576825231688807,2.388168388175618,2.6730597213893175,-4.382756939946708,67.11266383230091
2023-08-18,3.6446008493497644,-7.971497542841061,12.056324425638065,12.252476793135497,-20.578973174637856,84.3843177587207,-10.911583354220577,-8.1156741998491,-30.366882243536402,-0.12932808125164164,-0.15961598815798128,1.8562082696818003,-2.011300168956396,0.6845269551314721,7.598119818289433,32.84626883782849,-11.435795318041253,2.9139938398885086,-8.082333347868438,10.806053533786121,-51.296048451414535,17.425198410383604,9.450197150912746,-40.897733330317855,6.394187607442437,8.638192322898702,-1.9714333895795535,-11.151206863330069,-1.145465008813444,28.47290612910395,,,-46.73650925668276,11.233517844084917,65.07152420461956,104.1246062832758,41.870897524323524,-36.868505337175215,-57.930210728359405,4.909572740095028
2023-08-25,-34.922576535305005,23.199165843263117,12.741840501888701,6.772945484550508,4.613865401307807,-6.305019120199449,-3.8956154576847,-22.564445436662506,1.0093155145297992,-40.23848150543752,18.38304326959171,-111.85398691292225,13.892605211761534,-8.498794871962152,49.68633335121445,32.67512879600131,-1.1399924211601515,-0.025306278812404492,-23.185418322567976,12.694991452859945,85.25548917998647,5.597348079951313,0.7424920649170627,-8.134383718451359,-12.69446191892047,-0.12245409741358035,42.775201375081025,-6.057685487941607,8.789129809077687,-58.84781197308852,,,89.56533614331184,6.224704063300315,3.5014606042313936,-3.588432249959244,-1.9761411459124754,-94.4758494103353,-63.30549095120711,-14.94711887935941
2023-09-01,-46.39471910779192,6.6714380053041715,-2.255116342176267,-8.841527243352663,-65.88001227838112,-1.9445227584570597,-42.67105022284035,-1.6542381649645366,-18.02543535897409,-89.77412326525189,-10.855368983613978,-9.709448005346111,-4.21772730732934,-5.089471835710579,-0.8021929709434574,0.2516314635876503,1.17928159331077,-27.362747230758337,-0.2667162571461051,10.928136090841582,-36.95265049701101,1.55522894265619,7.091570956934273,16.81253662548708,-2.1284150998809324,-3.2755847603512507,-6.65208499607717,-27.603198850884613,3.3142920452990836,-6.054425389054204,,,-73.15991136355657,35.693519595096404,-13.980081902827756,-5.184118692069408,-1.55651809913488,-22.69333045501864,40.363571087391485,38.95245286787135
2023-09-08,0.5542725333130658,-0.007760053317719867,0.8806255776627033,8.692374457740568,-3.058223757837594,-0.05059834547797415,-20.590555181442397,-2.0514603568049385,-1.8726704888389225,-2.9951314252428203,-7.842972635083124,10.292018998456179,13.649910732479627,2.3724846106442654,-14.473243652673663,-0.14900569984789325,-18.333469005506423,-31.553289835427645,-0.7483971322763879,37.96058634017177,-84.99882870645615,-4.1724048726534075,-2.034563214317693,-24.56929051522057,2.5941991907554662,-0.10150017707087063,-12.303764776687874,-8.237941795210915,-1.7792690585617397,-42.59639391904041,,,-15.084181509446516,-5.144463046243521,-21.39292593966013,1.2380518269064154,0.09946450691192549,6.505675676582497,-43.07162923815415,-13.967654038767542
2023-09-15,-80.09250675322298,-0.5842652788973085,0.9985270558479076,-4.108846124233804,-6.760647305454422,-3.5111321288746464,2.9292574062441923,4.874189917171716,0.9730229907113048,-11.083466062887272,-12.476630217332048,-19.83115718831108,5.246103186723707,-3.391809706146784,-5.570144614574483,1.5283359945845714,32.62372030924566,35.82853516270352,-6.8573529459037275,-19.077706078043814,-94.40429742308234,2.190585982944902,-0.6970351610525584,-7.626398072237648,0.9960846662939944,-3.6094562640253804,-3.8603735006963125,1.9559047527777056,0.09741099813833219,-6.643812127175897,,,-2.6113335990903357,-2.4540231716332386,23.906988228008586,-13.690188174745877,0.2916036688031109,-50.600748029152385,-94.37092607628239,-13.342240522977038
2023-09-22,-32.84321718367182,-20.690389019344863,-6.798901718898626,-4.759534466243797,-4.196603989268608,-2.070452613356835,-4.056615678903206,-41.13233923057924,-102.60538923986134,-129.8104700600007,-74.80827425150113,-4.403306103098705,23.43188924745912,9.455156448075426,4.7739638935707065,7.938693969740137,13.667140086824697,-0.8440206488971526,2.0208830163870166,5.83363886853014,-100.93830069445612,16.917786811474542,15.183425626667844,-24.686223983323664,9.73888704285235,0.09123736681358564,-7.706518977434192,4.225299369890858,2.9506494528007043,-25.29447343527191,,,-131.67100638292735,-25.907554451542254,53.54874865364151,11.791280147485383,-0.2980165090418665,-34.155088255652565,-14.478390428608918,-0.4470976334423824
2023-09-30,-30.304683532798038,-1.0303156206941502,-4.3489859645393185,0.4460523986922945,-75.96418177242043,-7.348957981960669,1.6838687053457662,-2.3116358655665477,-56.94540806996197,-1.6077062679513594,-4.380535801426761,-166.9780502217398,1.2890651189301368,-13.26346601090291,64.36586474584959,0.3600716817186924,-4.854745158191789,-5.421963894930907,19.795729795223266,13.09777459078733,-25.663385139955974,-25.130081452688717,-0.003536196107827294,3.069405995763944,-55.253190984104585,0.6675302434444216,-4.506894067613183,35.08797134500907,-114.9443719183856,83.3263638344739,,,-35.38259549010607,30.816932306779517,-19.69022503613011,-19.84428906025818,-0.2471874620990351,76.71437974636486,-171.00086455109027,47.78267017032432
2023-10-13,-7.845983100506788,19.675314173694552,-0.8074632743074595,-9.814739254435208,20.728495781001875,-12.305295789153,-83.4706291445964,-22.93228169940235,-124.03335428581076,31.924787259790335,-9.863803634493017,-10.87349878272203,2.323064484645735,-12.712568192412707,7.98396370933814,-10.316837430875799,96.35879050996242,-0.4672975381278168,29.159307784052242,37.43205064532959,-60.33484927362809,-7.603161619216158,8.319362365769509,57.57735149751688,-1.2054998545777176,0.0963273134837021,-2.9376214957738878,2.061627133403679,-5.955165581572532,-32.98652068858884,,,-71.58352935590929,-4.098222342830644,-26.347810733502172,-8.406688305151885,-0.13518829970779875,-4.131579743598941,-56.25487069572247,-70.61731098760191
2023-10-20,-40.129882897420465,1.0295176765803837,-0.10428941014750348,11.481325146193857,0.03346069816178371,-23.46823016617254,41.82126287348966,-4.643220662092858,-26.347897243511703,19.415504140264964,-43.1508472180029,-8.088281276867878,-2.4664069247205678,9.650487773189587,-45.26636063770955,1.7680250612715107,-37.86026870958934,3.505950728433546,-0.40522183001901024,7.592614191121686,148.25076047327676,2.493646061927957,2.677067446761026,-4.909767510544691,-2.7188472054644937,-0.01685902931894626,-0.6256407487490299,-4.9413864582436675,-18.944544266497353,5.886858658803742,,,51.87637468353078,-15.595638895703914,3.881957698942199,-1.4846494668427281,-0.521412878236915,26.752457473960828,15.907308942974456,3.6121578172265227
2023-10-27,-58.426019967354144,54.48680271716067,2.523462760881378,2.6207330837184184,0.3681651230164569,19.9615288801464,-90.69181621722237,28.345933911333372,-62.14087370891302,-4.470611437439434,-11.37995599052988,8.965983786493691,-1.4291130476538838,-61.114672073647405,14.897823569076081,3.9259447422658855,-8.783287616515608,1.7962641321366155,-16.40525841646535,-69.08344133221006,52.91678855522355,-8.028130193451428,5.381067262481931,-72.30680250393613,105.84121741764757,0.10589297019501032,-0.047913988201213537,64.72173704171105,4.969357703002008,24.84506068700511,,,43.62712671406404,52.38420252709701,6.116864289253645,-2.002117168906145,0.6158006522580632,-2.318986715471755,71.91679040256177,2.9713144648528553
2023-11-03,-23.620500574193038,-4.9230556360366045,1.478801272457271,7.556329574889121,56.64028198018454,39.172673886193365,-12.490493950655962,-0.6590447740343234,21.076184468618088,-39.674598409322726,16.712679870290142,-23.926472220945275,-1.284441433008304,-0.5956956653312816,60.202021962921,-2.6217555657338316,4.242424420550289,-0.4270655539878057,-1.1726678980943106,-14.567576409839829,-13.2092407177106,-45.72993583009774,2.5048213212807813,7.461843179497029,-28.685932368919765,0.04448784079910217,-9.681798956485746,-79.13737791284161,12.422689635903364,-117.49801892472986,,,42.95480028115302,39.96997609091209,-23.81530605673503,21.132091252947745,-3.603326848189165,-11.13980859750076,38.59657807921222,-38.03150136159073
2023-11-10,-11.501994859580865,-1.9401951588064557,-1.9543938935426939,0.8914004685488838,-37.013287903678595,3.0512338447161342,-1.2544562272007813,-90.46844970180433,26.552220688147006,27.383395694340262,2.02190291351598,-24.03331062167786,-28.266593435686953,2.534656807910282,-7.88484688736524,-4.392283404723631,-10.352244187785672,18.225613567005514,5.722388743322291,12.148596417472461,9.535676776562369,7.180427453928402,0.2575182707784154,-2.580116910671725,25.122251272462545,-0.21466722485012327,-4.353336512319091,-26.483810047050795,-5.931692279273396,28.20219652960286,,,-10.263259817511681,10.383533390232309,27.79204821722842,-37.59206348827428,-0.07312309313310593,-66.01216856450743,42.25005126196751,-18.142167946900578
2023-11-17,8.707400339398566,-9.995826160387855,-6.311720061439102,9.428802156610052,-0.6101429075589306,26.012376445118964,5.7172766659869305,-35.82859491763774,94.52051587825508,-8.227370134483825,-35.509997328299264,50.66832737814253,-6.0078074147215705,15.332882133264999,-2.797166459209051,0.4575108980023066,0.4945737400081067,-4.957799851480606,-6.1011472607421595,4.045946085848749,-81.67598592082197,0.37652889802522416,-0.40182908794847877,41.51964798672449,-21.842675941230116,-1.317591482616395,6.142128878995059,3.9758973279857517,-23.568234442597777,-85.51803655549254,,,-61.37876870346555,6.403086646776083,-1.8588417355434896,6.434265421887378,3.569874212578035,15.481204047672167,7.236098507121861,21.139771030983464
2023-11-24,6.0450212540696135,0.31574492206004456,13.1594855450338,8.923998313423983,-66.31771285654432,4.273932876486836,0.7305426697729694,-1.139934432997428,56.10796329387317,41.77703866693521,-3.7724386023844385,-14.748466193900626,4.864380183751597,15.120480542806542,-3.4821283864813957,-1.9027523290692796,-0.33065066134158494,-2.5876972401284855,0.19088181418698985,-2.5368034631728897,-80.79825860095148,-7.1709177409296,0.3167819185834663,-3.7161438206516384,-23.843292330763973,-0.927679022783332,-0.8036173088059173,-19.594078266585434,-2.268074703018261,-46.96253095425429,,,-11.127547439575034,29.17116160509128,4.308965197556073,-63.821967972080586,-12.019280513814932,10.92947784689802,32.13544912580864,-86.16555349702193
2023-12-01,-7.947528941451836,1.5949660131014547,-0.3954018864410068,3.3770526350597985,-69.90207102805726,-2.606033575990864,-5.671896172770772,-3.5707345969102304,-31.26502110081789,-32.63477774458741,-71.22690376457308,-47.20136927856843,-37.38044413739878,7.031761103434338,17.83223032007477,0.9554724523316371,7.7477659288560465,46.82988122696329,1.2118634963839114,-12.586599015963058,-31.628208472833112,49.97296430688668,74.87086932521207,0.1519469178464874,61.995629820099744,-0.0013151527973076578,-20.916531752498432,-18.84280453628264,-5.034269173115492,75.95319227672739,,,58.62226108324421,-3.467609384341369,9.2439482997413,-21.099888741480537,1.9447959990683406,-2.1268819787850304,17.031811708806593,-2.940152454560553
2023-12-08,28.83358465961686,-9.752830048577795,7.250947387831522,-10.719721265488463,-74.39554777119169,8.634466402922133,1.5659199063256573,-33.116562191830205,4.066642395462939,-31.427628679226824,4.586098326738557,1.2235818201635793,-22.608408691778717,37.10869481564159,-11.267729501320247,-13.359624706579073,-12.228330089692843,-20.68672793111837,1.87561908053795,1.3507517261399045,-18.954866189942486,-7.040444891826046,2.816360666968448,-65.51881956046947,-0.7144254120973519,0.009410769318720409,97.36840954739372,-93.71711503842177,-3.3849118702230117,-31.427702846465106,-0.4886832909724474,,-102.31334821989967,-13.406123248825708,-5.078125006714544,-10.6116727381463,-0.5455278253162756,-28.524627442019877,-42.10872179463877,15.514794454377235
2023-12-15,-63.76660667788993,-0.46399429058191466,4.917677727650461,220.968606388738,-13.855480402674054,4.730300917022879,-3.5625192636318945,57.76401698967596,46.80418343884931,34.34840706153326,-41.63024815802767,27.336227600531736,-2.176162226399071,-1.3396056009802906,11.996828737008222,-1.664849496567434,5.667265764178964,-1.6123490353755279,0.3702370925605533,12.401428237831015,-75.38954346360512,-4.672710072879504,2.493372539494528,5.703740749657758,64.46086164545173,-0.7455866555401712,-15.7621211627281,-20.22816976211429,46.85220850707583,13.695049795206799,-0.09793329231857571,,31.013412451261704,-107.91824885890335,0.4967711536041568,13.529155692228766,-72.15877629165087,4.686557631507658,14.918606964855055,33.05286526503852
2023-12-22,-194.35606212322583,-4.683796182619109,-3.642237734013963,15.68203925948334,-16.837948856873936,-1.4209964685701437,-0.9219652908440952,-102.22891103810889,-10.699185758542875,-5.298624567997132,33.81965136948629,-80.68095849364096,0.257513809735868,-1.3730950327542477,-30.18639858639612,-2.9750558748944576,5.41607012953942,12.214582975790517,0.18750026463953723,-3.363661081588502,49.7407916505188,-13.226745125947772,0.6398947816799696,11.996286655381118,-0.6743527233030103,-0.2940221611835407,-6.237886774648552,36.81800025629375,-5.239847692840952,-25.57946214104163,0.3651373330742212,,-143.52557064872224,-8.838931560399585,-33.80410011894004,2.93815783306642,2.7279129347503237,30.96989592996259,40.53263276529591,-42.883991749204014
2023-12-31,36.93530596730622,23.181024678940208,-1.3281720818266687,-8.339933813088924,-21.89637650784886,-8.261121771171496,-2.367267688248905,-125.10235304871898,33.436928452359986,-58.60851190275554,-19.286650243477638,0.6296955573486032,3.7515275617874813,-5.51526756026095,0.9436346699152804,1.8724882573021775,-2.6206007293666356,-10.260165613610805,25.549200545374617,-70.77196869153448,49.36204031177555,-3.6745083589510337,-0.09236157685731652,-145.7442241150476,-15.187435148149923,0.6574991946238037,-7.603400600376782,19.336125881588234,-17.315634309030063,30.60413707177582,-0.014596509514801992,,-77.55751897412453,-2.544505802798162,-53.91094434779699,6.514268923414939,0.9344816312133704,-12.967681936175717,-0.15318735815069423,9.735235212737837
2024-01-05,-81.11046736456494,-0.4583237873595978,0.026860495597751166,5.126939641226762,17.53042016740885,-2.1006200526173586,-39.61555527552528,8.87379896032477,21.320342931672016,48.41328413929954,63.79771788433248,-63.956742087307894,-13.182965037760015,0.6654604041004578,-94.34795229141807,-3.99795524481084,4.684200811443591,-0.04404099840073483,-1.1110566721944188,-33.34800404926909,76.30532148210524,92.48103726668847,-7.193107188785587,9.03371071194962,-1.3400404626610625,0.023626379073568366,-6.156802072137191,-27.367632553820368,5.269448813351385,-18.89100795391272,2.1266863792188784,,4.692307067434657,-7.905991097009858,-22.04480007584499,17.585951312631252,-18.900044244891188,-36.305012139466264,-35.14674796816329,-9.483582937669933
2024-01-12,-28.578310622597627,0.3645374977336434,2.961404033932385,1.6981124312968925,3.3520830677550424,-2.8348791566170886,7.021510810351518,-79.07272512860918,107.44803595905907,-25.778149393239726,65.38720651898362,29.068385608012278,6.01581202179516,35.469424513119776,36.0619316046086,0.9447301116421645,16.119956902698974,5.672525489995198,-2.991661200765633,-26.31811974860066,-144.4702579727126,-13.789692231777503,-116.6549074957329,-21.71165795155715,40.18836488385376,1.1297782963001304,-84.25718697378092,-21.039591011936142,-3.270967505782678,7.55822219872174,1.4791508217665155,,-7.956071723721239,-10.57074438368616,41.17151851649382,-0.26935972260219315,-8.110538282331106,-9.76420317242436,13.155347264193106,-14.659968149628474
2024-01-19,-15.689540114277083,10.021704397762072,18.360688970387,3.2489807744611774,-3.3345382866647126,-56.530936314549535,63.07141742003619,13.505694042758268,-133.1353345798237,95.72267423023277,-5.350151295071557,48.24116125292175,28.690412719528368,-13.542456810075798,-21.863945187115117,-0.4059635992541549,5.936850601279874,11.329040374183439,7.874556969419503,99.89083663514279,1.6244739081861135,-32.300872717503516,0.8719799976485907,34.21885506724688,-18.691797121040395,-0.5857544673432655,-1.4855463696924542,-12.669015999530643,-4.78153813703469,-109.78091914021333,-1.514707421124921,,-23.75340031454902,-51.64854876897534,4.5176764914094845,6.4884152575359195,-1.4382091498836207,-12.230331350293682,18.607927478584898,-0.9627090357032908
2024-01-26,-43.06203971444702,-0.24153503258656064,-1.135744228625138,-9.270209598209206,-5.3412277339806655,-4.819604691598793,-4.298882547086545,-193.34376743240125,-50.046655941205806,-7.195767068024691,6.803876919796777,-20.61923562063059,36.03332925940675,0.6729635713339966,7.909523751683143,2.5038191751858307,6.00224103653934,-0.39272910013475126,-13.504922236254032,-4.370082952525081,-53.090055408450326,27.494074478487065,-59.10832791122226,19.113883205054847,58.31323653787116,2.054320713616079,-26.95354489651399,4.744156109306757,-2.6852173344967536,201.23368810844363,2.2208034795430573,,-9.741770074992349,0.9240329456893391,-5.0141926236234085,-0.6654842258564302,-16.073667921484553,12.27260733153403,-52.08557336151447,-13.150883827274631
2024-02-02,-73.94074742082942,0.705593488328269,5.6465120112751475,4.617754769777505,-4.9092589849307515,130.59418010473513,-1.9138338626148683,-4.750321175119871,11.565783509002824,28.849847587433338,39.26646367649865,54.23496442413387,0.36355989107610925,-0.7465114160156638,6.873315781656595,0.7819889715948869,16.25231627900665,-2.994563047719888,-0.6297800464318051,-7.1208868216586,80.25657918877323,3.8581552602885596,191.8947484574683,-6.1038846160725635,-2.5145680630762506,0.036844486332224445,1.0212065558683183,-6.332010912627477,18.07629933981634,-2.633722029089779,-4.6262906962666746,,-67.43347055011546,9.553764535906168,-7.254253393335338,19.366523309453562,5.7537091649715935,-0.37097849575281333,99.43885696835704,22.75406224164144
2024-02-08,1.7403230676609487,-0.18094382118415148,-3.526965653518721,3.411071605704022,-23.323663632380747,-8.557345061248743,-1.8846522697992982,17.87905031512455,30.208350479275804,-67.4702841807367,-7.19939498143218,-34.87874631720031,-7.826764505028666,-11.37136149956954,-2.5162351989288463,0.027848449839524385,2.4205737634044393,-3.8460252241307193,1.7385977371817949,-29.09178963417933,-77.23202603604189,-0.569038548416169,0.35363077132570203,41.85073199586045,3.913680044139751,-0.07781707587149098,0.6509219802762322,-14.198328870179441,32.33854454622631,-8.964223221782246,4.30845682524957,,-106.59745886534618,-29.328937227495864,-96.65864448544168,9.693702962387995,-7.962251969687947,-13.711065896318901,42.762042018857066,-31.266455279855247
2024-02-23,-23.64060127953859,4.287439581351609,-2.2039040269277685,23.78650999560177,-14.85327058746779,-34.05973254674332,-2.160842615715226,-79.59354008803169,-8.825241733595991,10.325963770275902,2.4128987421044723,13.779390598793707,0.19427759433971659,26.282637097088546,-10.889689177196667,-2.5884429435058314,-4.363435655797104,-1.1207505501806094,-0.13861150744710038,17.71989585891919,47.74170729511731,-57.690974057124784,29.30802456865717,-8.669121257106616,5.112349745506336,-5.88197892915637,-3.0951147031205264,-92.5812797879548,8.530079641077577,-4.481951020273527,0.04636087208876142,,49.86660968849367,-54.16090030378577,-32.41221286162946,4.641697487444235,17.38309591011386,-11.283243666279228,-31.46673111763657,-28.13326469571546
2024-03-01,45.18360154862226,3.7692733445370465,67.95222188403173,-15.008636369521938,-44.12452523245035,-45.87928663454226,-8.950076860507616,25.955776205759733,-123.86402056799736,-16.724573763118848,6.165349951610439,8.370652416657473,-2.7242432205480664,-3.7179603312408416,32.81783810076412,0.8710728550723725,-11.398650688422075,-6.499563823092634,6.210135258359286,0.33940081313616943,-89.11110942757584,-1.6261175174833578,0.7700868661600107,-42.810116837907216,4.737763946452823,-2.895948678114931,-14.07641168400838,6.60826762579944,-12.69019413750191,38.90143072962888,-0.015431678535691488,,-172.80989101140605,10.179364198274987,-18.30477925253104,-1.0347647070336223,-28.316258684943342,15.089181445312777,-7.251462940178898,-4.252379615751435
2024-03-08,87.86713481781867,7.507248783482341,0.23713119711484942,3.397211399678703,11.883927310057365,-6.557398998379937,4.0468636031442085,-10.586544687997579,14.037137082139095,16.691311705598757,-6.6957212577062,9.395596085197411,3.050748320030661,54.02155186070739,19.745248757270204,-0.39347788168679576,32.600085156469895,-4.770072299825008,4.786585686981368,-21.515607980952023,-35.208523135323986,-8.987804978166345,6.988227641707586,10.20945353756093,-13.699178454292433,-0.3617805955292337,-2.881952385851937,28.035583851073145,3.5891776279963907,15.95760855607007,-0.907071663714188,,-17.605554205384195,3.701624448986318,-59.62553489868797,-35.59397819923227,2.4488442823248775,-4.773833240909784,16.464358518841497,-11.72483296044204
2024-03-15,-5.19457520816147,-4.563637006447535,13.865007516314439,0.33605679530490784,-2.163926291166053,111.60264321423637,12.8107787988219,15.613353246521825,10.672220751290912,-9.725165833939885,6.251440738881374,3.3539034004640547,-3.993974263136449,-1.2599040848379215,29.701520982976067,1.2363435318173845,8.987242991589923,-9.257533242282623,-1.3021929013474671,-6.087909317943117,-227.85575327462104,0.652726719436659,0.8931550946354975,11.088316623268586,22.563293592292258,-1.8718916493456212,-2.5589944611365496,-46.22568045911946,-2.1561420403298186,-54.62721251639152,2.763400480802477,,-94.19036131690663,-8.892834908704964,-11.04706721415452,-3.19783956604337,78.26422511371351,26.85905931765367,10.88966788574498,-4.900804927428642
2024-03-22,-65.10663716988594,1.0817240496269789,1.121332813907281,0.4564938300548089,2.090481699583586,-9.539351634614322,8.692290416614433,10.650675184163328,13.414669761810071,45.827808838316535,31.986160674257057,31.03321871839495,-2.9674335291679492,1.845645466233017,-4.947237489163144,12.527114104142886,3.8059948975237403,-26.105393267644985,-14.66180353082455,-13.572018390966168,31.45618159919015,-23.65201022553141,-16.08289670809278,-33.299535276461626,-2.9630704322833696,-0.35092116393164474,-0.20036613454718666,-28.079373061347283,2.15802492013342,-37.65454206141325,-4.818789278132768,,63.689805067653076,-47.6122041727559,7.796394222428473,83.56446479818273,-0.06687819567743807,-3.4879551365530332,-29.676432655147426,-75.32548177839163
2024-03-31,46.45713712436572,-13.061273724156452,-3.14901515739304,8.13542171185685,-12.542745057239916,10.67306565155557,1.717873799991281,-134.2810270964684,141.74624691600815,-22.16320871779339,-70.1196695181824,-5.8778000359273,-1.0429200505789946,27.38665423408624,-9.11669792240288,-1.4081761109531683,26.76799936247329,-5.617270248040937,10.029949887497631,13.08259868032187,-69.87446588481183,-14.72667818103741,2.4352861571464595,155.55219199279335,-17.87090995040942,7.537884597032666,8.135289822604216,8.252917544094373,-7.792579139228152,-132.57241751513712,-0.36986593019140207,,30.01207684370354,44.288060355847456,-5.860025369941514,-12.99357181274199,-0.4652286303356007,8.722288069777923,-12.015667810596367,25.050115990852827
2024-04-03,-12.19406951877649,-5.611334157491383,-0.4304685928213712,-10.3387154934403,-14.177689052874547,-4.671487877786795,-12.817154691091838,123.26486291396782,-104.56499896662815,60.20852914541304,19.651253966501304,-0.20484016108258007,-1.1523928944966944,-7.43187096782937,-28.47847283839145,0.8436379480058112,-2.296804861965854,14.540632925664708,-11.494834305581556,-14.800742945974585,21.552869978117492,-1.110597907376554,10.425811938598963,41.771961015761015,1.3528008634454496,-2.9353656391846696,-4.7185331122709435,-20.931544262224353,-2.8107880524060045,-66.12679097725892,-0.5422401539101946,2.225449005185671,-20.754102939982648,16.43350053527795,13.339484144135554,-1.3860896513107122,3.188366127065549,-14.698428798789728,100.03799802748007,-86.90724370410597
2024-04-12,-39.932008306966246,-0.2974889725211878,0.8595414662723646,-7.417948170898241,18.444835489288238,-28.109892448613913,-57.26965351742087,-5.005210349789093,25.84980180382608,-23.512234407278473,0.0625199189190706,36.835945775233895,24.014442702941764,-38.54874794388419,-63.397220943293256,1.190481867349222,-0.0037542006157749164,-6.1039632454094495,-16.778020790222186,0.8175410763092126,95.12964578294019,-5.616609193353436,7.958743739278585,-10.305657250349993,-7.327414557158026,-21.56460173361264,1.4508568753444218,-159.45541958048898,-120.05181293088539,-37.7426129063396,-0.1144854226901066,-0.3836264500126872,-48.604661427290246,19.091081347015603,-2.966449298527105,-18.50749659170774,4.6487409717367925,-12.199786176309992,-10.77337062866023,41.99955048714609
2024-04-19,-20.01570726000995,-0.1885581084288862,1.7708077832256373,-0.6676803044612653,58.21077711294133,-47.474901976051456,-7.567073564910653,1.3983352225608594,-67.01264031378312,8.190624149881145,-22.501480163547555,-34.88667747888432,5.101057411895425,-5.9473475978996655,-6.691664595995045,-4.8653951712444865,-0.24217055600730542,-10.80446231948282,2.155375263966379,-13.682171336536033,-32.11212294326404,24.30001707749979,0.4170556067765218,-16.348572008209395,15.47280056967485,-2.981677177191332,0.7854772733907127,10.306825413763342,-13.972743589849445,-15.479871799840339,4.2043821725385895,-0.014085211906213355,-127.99018481623497,-86.08438771638129,34.29388136548104,-2.2946147355740614,-2.0853044934206055,41.88278386244892,15.693794162966423,-11.509692539505965
2024-04-26,30.156459017189597,-0.29473375241084204,0.8687964874613132,2.6684326569338532,-9.78371731597022,28.75341213710533,-4.633101754109605,0.056181334035589114,-21.250370151228005,-16.348604419581974,-36.59819041924175,-28.398196967240594,0.5695474666134324,0.6660990221522711,8.582697435770678,2.980854893761031,-11.173632158366884,2.7230854577041486,-17.405640036223996,1.0132427637966586,-90.00016180135879,2.352934661207729,-31.820893939641962,19.16155742457956,4.411374045599421,7.809001108146933,-1.5380458126123933,102.12143648972216,-11.925261216513919,110.90744274976439,0.005395491934609685,12.412149994297605,-80.74248296669028,-46.81443934593663,-4.151052259214324,-2.185285780282725,-4.313699808826969,1.2914229301300422,107.68101264573168,3.8061801996096913
2024-04-30,21.569196828008025,10.569802906200142,-4.7039005211155205,1.3148578269956195,29.486009246270413,-24.51511142919768,-7.945271046167805,3.704413009114848,-28.655097379248023,3.6557511661297535,39.50462613275695,-23.02257378393029,-3.8445451335400365,11.280939033269158,19.55051284101098,-2.71156736673445,-19.61842578411992,-37.32031009663234,0.0747486091165408,-23.639290723502647,113.57257212515948,-28.409879335560188,0.0031521269479599743,-8.878819387665413,15.50634336513776,-4.377583685856728,-12.814814141279506,28.140963043059216,6.5370675771175035,51.45823790595643,4.99902176475002,1.5360527882254376,-26.899570141510186,66.51628078973971,10.05716418002341,5.7749812289751,35.50225581043179,4.696947817751697,-16.76588243994085,-150.61670348876098
2024-05-10,-25.20945139072046,-26.829962606899947,-32.546921392629855,-6.578343855483867,-32.619215592253354,5.883077168637684,-3.44728237048236,-3.362965353451828,-50.16397155933286,17.054019703846716,8.453879651968377,15.399218372260702,0.4363949954119405,-13.147588106070154,11.218944854896602,1.769974193172686,-3.3138004795913045,-3.723611588591192,1.058183183888047,-30.2912840673893,-114.35082688532862,-9.328730202843408,-0.29424066447597746,29.283268292882113,23.449621275098288,-3.6338586466933216,34.30894809985707,5.329302030656893,-0.44657368408963033,-11.634231760740583,5.931610987800445,-4.815808038006903,-41.16677243978178,0.12433241779996562,61.56959889098502,-3.655558849211106,0.1844161071406403,23.254797052120765,1.2372580288026918,-5.721062914230121
2024-05-17,-3.6689997478305343,4.521013676395654,-0.5929346714879424,2.8695498543215923,2.1575255950971983,-79.07821459365134,14.794890498546533,6.426259504009808,14.367599776529026,12.959150332730925,-86.26300743637282,-20.106032395758938,-15.368733126957874,12.895590045055684,-7.705959393570884,0.8127151736868452,-16.162823003585462,-6.175444208777002,-1.144927896775031,-1.182018328156416,-57.05392255253209,-0.02107743355646452,2.220641023536716,147.38412402194518,-3.6975450988090905,-14.748022210220006,1.128800244095896,9.410257652729642,28.649783773797385,9.596993643866377,-0.010888041465661712,0.27894617386602605,26.955395462795803,82.69987828021254,63.94191147960977,2.3423975180644754,24.617715315865663,76.30463670581321,-5.441887897572317,24.63943273417538
2024-05-24,21.786727166091808,7.017440413196251,12.999529193797933,15.544683647939035,-16.991004868318832,5.254370910114003,-44.03187702225506,56.85328318341041,-54.61236719675285,7.6470368886053945,-71.1596638812832,-47.4478976330618,13.956539750477834,13.90314038422676,60.62415488931687,-2.487462424987979,-1.5815258296979469,-1.8346154924579066,-1.5672891407213014,26.148318979136093,-40.71715789998141,-0.9781728114933664,1.3617988051575831,-39.04207516916547,4.006938314746774,6.8897533455166755,10.769267243631703,-81.00423776722648,65.51759443339513,2.9646797282516553,4.160679111275009,3.709269286802486,-97.84065238439845,-37.78003773879106,-1.2543874152286807,3.6032755089279496,-0.3228341049121721,5.91419492342618,-65.3984356875341,28.14540557595865
2024-05-31,19.600958574786727,-3.8042638498058707,4.964026903701641,6.133254743154138,-11.594817425992257,7.256048634062164,20.356695449202274,111.38518441865801,139.58730267430929,1.1287647479645924,-20.459240459120117,7.338229036485289,23.65286856009902,-19.53074971207567,-31.206934776054236,3.6384988997243655,-17.301177841376923,-13.370511735770267,7.082068107231066,31.72172775027097,-105.67205851827559,-24.394157184361596,5.3833836885121675,-13.411415049720352,4.690829794884894,-4.864597235069158,-0.9326063069994395,21.141669545539727,-8.528120697097052,-43.5144302062134,0.004757072635762706,-0.48731684441477463,-36.010715420723464,-22.63781026206843,-1.133758493859302,-3.7461500686414246,-0.09048752059200443,-3.579210358831528,-73.94956847715417,33.117730939105414
2024-06-07,-13.836227584203957,0.17674820701142072,-9.946600358109121,6.909160779255121,-11.43808731736949,-74.76342869588353,59.60299439893544,10.258909519210938,-52.50851339586407,-6.641062461239249,-16.269767746323208,14.420727247404443,10.240113380155629,0.9761721069872128,-8.053081005965787,19.933872953750303,-6.625950436538009,-1.7486147156322889,-21.115696660782245,41.479359067528605,106.33200227011105,-1.4894714536779463,10.595390044639242,68.89750742197457,-4.014607383160925,2.33031504507549,0.46650465997417456,-156.05889014234975,-3.620463280035671,-98.67431166356644,0.3175543802387301,-0.11412931349902655,-32.05399479632047,177.27074485348612,-22.31812741780346,-3.7816826650806634,-11.578914157600765,23.353574493891113,-5.593964548787227,-4.778901853577702
2024-06-14,4.217845513514279,-10.874920575400587,7.2430522997176245,6.187947733550762,9.09348627389297,-27.99037188293917,3.621979774818791,-7.813571191679408,-14.045970560467797,35.253162567850644,-4.056670575951985,-190.11933765957306,-0.15860791683141562,11.666627473020307,-11.847362484419136,-0.864231842869527,-31.774969747864883,3.842784053912789,3.706167722330478,2.4524817075209517,-45.7062060170831,-10.23747655076031,-0.3570423453965956,27.506534068562157,5.154219757581259,0.41105330905784476,3.9059547517823137,62.03001688854906,-2.4721027462260974,-111.84605976322538,0.19459210944089256,3.038669076914672,7.327146243688047,16.8462291055212,-13.20808141474205,-1.7768152170898566,-0.18024149930169414,-20.230738960630873,8.553988347662644,-2.57497891234852
2024-06-21,12.401469038493788,0.13613402257643598,8.135762463336997,6.114667584708581,31.60773055148554,44.45910605076858,12.488313104796472,-14.264010362318977,-12.67242484517434,-112.56631009403523,28.438741476885514,-3.4255540006395377,-0.04590625846360945,17.073535413056526,-6.040249360428089,0.4095931733505038,-3.5199179766165347,13.762781691008215,12.272975287881572,-21.376874354217215,94.63272189638595,-3.0223915117774283,1.6243407939443695,20.025142715045767,11.462118467666842,10.829428885092412,0.3659998720773736,63.00481938049653,7.340542001394837,-48.47839931605397,3.651357701480948,-0.18590511711084645,-20.939267815307677,66.70372498391234,25.451547916078404,29.53516868911897,-1.8112653769006872,40.01348311591325,-80.97802222345972,76.49092418906402
2024-06-30,51.97602003930081,0.2529120304819336,-6.487253629012183,-7.990201287872571,14.635951226210263,-67.66902932140914,-10.687139843027945,74.98235289851957,-39.862540887605164,79.01675376311749,65.47104776055832,65.74056190617077,-3.6864300001736283,-31.536087075411743,17.003785222988448,2.010736714815982,-0.8884780304910342,0.49530753269056715,0.6082090266872735,8.836408003913217,-75.47949984474137,49.9179748314808,1.7082023554177654,-94.97053608984659,-39.02034923095952,-0.2882882100526326,1.4795181407729143,-9.058252572369735,0.1032028342969465,118.85947120578317,-3.520145849647829,2.106977517292094,33.8711528553282,-17.517298928133215,-19.173839054861936,3.2159189434865505,-2.4267606311786616,45.59702049495801,157.62713032957151,2.0637514991233346
2024-07-05,-44.00433675943205,5.090988148424749,-1.2739359862176702,-0.11213356547743762,-69.04295566933664,-24.514041833808506,0.8751748215156103,3.7383622054951084,-26.81255325528104,11.554622732113101,-62.58564104523234,-30.89066916782047,-9.844459500978523,-11.044035153328018,0.7598098416830699,-1.4657622057360709,-13.87522244065308,-49.87011019980673,0.9802501326847721,-0.374168824072723,-93.98385278525195,6.517304276802502,-0.0989541783277541,-11.15414435578216,1.1473140148443084,7.522462129674218,-1.9359173254422672,4.949947531109137,-7.634031051282113,-12.698948228569995,-1.5216124122883823,5.846675620746543,13.772213836898786,-64.90659498771005,-8.722220235689436,12.3221636427762,0.23351539515463493,-11.274549813342936,-0.5200124339426591,-19.380862546261685
2024-07-12,-1.5929169740423479,2.187359551763835,3.9503953846762707,-113.10191391957927,-16.3908981070146,8.96473700720218,17.83477671082585,-81.07698563919912,77.63633549090308,10.316685497457492,-1.1662710226152861,-19.0820392076633,-8.188978104597648,-7.955380714392589,5.904513786498296,-0.9948885511064408,26.071111426788743,-4.18481263821744,-1.9112483260385809,24.272087353202824,25.821739101664388,-1.2009109681194783,5.6298406558302805,22.843436711747596,-10.272800063438195,8.64325073780749,-1.8212560471736157,-57.51206658772458,-17.20882892166635,-37.02625385029231,23.12470855484475,4.378782402541318,-109.63126844467484,-8.999112634498779,-4.629269453417392,15.454803738235892,-0.5080765484459835,2.742332737414127,-8.20810164984231,-51.09803145167517
2024-07-19,-196.59517971458243,-4.096455507063132,-0.18634916856405448,-2.366030599839189,-13.635976382063923,53.596204739989,-2.490804605645065,96.10610050119253,-52.84068384454767,2.7031472992645935,-51.09797416710346,-29.47777823832997,5.087491552756786,1.951240373200088,4.031557346772295,-0.13024185550183862,1.0516143003171803,15.424974325440504,0.8074897218778636,-16.236143507032438,-48.10842069161727,-8.876759864494005,8.009985459942515,-39.21513780922833,-13.62448932219236,-1.769303155289123,5.149131435586605,1.417196364188925,1.8592576176972155,-11.164778140354493,0.36245253078187717,-0.022908308269107457,-70.84861580212649,19.15259804253099,-24.38286680005041,-71.70107928324667,3.0239272347501016,-44.15677949111042,3.49020798323239,-28.21626897566119
2024-07-26,2.4699784120875496,0.366864110291103,-0.7054000023550278,0.4882519163504524,-13.215925150087845,31.967819425275398,0.6977528482124529,-95.42737992873812,-109.95331964801169,-84.2407849396042,3.6795904184709807,12.407179898880651,61.148403032601145,-1.4068389973483542,-18.08443181015733,-2.4869654969892796,-2.0651496769235407,-3.0032480861343656,4.966561316833195,-2.7253594212557184,17.73376292791266,-23.59371767617072,0.3896020339458712,5.459027041609694,8.046407257903795,-6.48822251364422,-0.3949998147104736,-23.41127285474879,12.621935706970532,-60.29729692562963,5.432045344814133,-0.017414716200167824,31.52049771657167,-27.472773652008442,15.114117388565141,16.20809601489053,0.4744891282580137,-17.42848075332246,-73.84308972153664,-46.548937421533445
2024-08-02,-16.46364907177071,6.436454522514175,16.909127347927196,1.1253514969973173,-9.581788749435717,78.58765338873327,8.33303320865795,5.55959205872719,3.255334147683146,68.00910243411857,42.108575309832865,-68.91019108881443,-7.817434050670231,0.8274831698618346,-36.81627280113365,-1.4444137680483857,0.48211551981850853,-6.723350611688869,179.1694111914007,8.393696582570357,-13.492523194864589,1.8880171155220011,76.9270235823302,11.199235459035473,40.313292793315256,36.805428767860064,-1.028135159462802,21.530276654392082,35.419918049639705,0.2402742033304479,-0.157450682317459,3.08016344257267,-73.49103975812928,20.233718972402645,-13.135435171565275,35.87485800800978,-1.1336012977318637,2.949929503760756,28.205344705154825,-6.435848558963823
2024-08-09,-32.61572906486013,-0.4197770175855997,4.717392354635775,29.041969545257487,-65.75621503658924,119.2209304506811,33.04552808233234,21.961795281696322,20.64293332307073,-7.268511414731308,-7.085437989668806,-26.900904979522682,-7.260495852703839,11.736546208085379,19.246855720215827,0.7378984210877692,10.28886342513165,-54.37925645810236,0.6055289034740327,-136.08173031912548,-26.60755487349887,-0.9114360459061451,1.9597717350001407,20.24075401191611,-30.14878183823553,-3.9647698857551505,22.540885701685824,-51.138655953209685,-18.7569459942962,-2.6497965910830814,-0.048527048967208344,-0.006597465048569226,21.034547837262,-71.19340062882605,7.735883292688301,-11.263566698916952,0.0763411359802112,-13.090842778562646,-1.6372031419224236,-53.98549306466684
2024-08-16,-46.95483881290471,4.807818619789829,1.9025849804825936,3.7300800012654447,32.14613233053421,-28.889112717288143,0.3558239397843401,-1.6687997481080101,69.75270129686614,-16.522206619756076,29.024742200928785,-63.121126052546174,9.577073773827472,-0.2767500156820507,13.60940969233019,4.1600640223615795,16.52007866983561,-0.9847551712972906,1.5228996983222107,-21.207269140290933,35.87626920637369,12.880296616786667,5.447149125738866,55.074435783493406,28.295048308333335,-22.971390641991714,-8.364152969401397,-30.324781579668613,-12.542887144192695,5.458235960942414,-5.0737433769528035,-0.3504205879979041,-64.7448534027006,-103.93582557935027,18.99986215383075,-4.429538802343305,-17.63828505855605,35.94057118020713,-21.430369197813054,41.881051058984156
2024-08-23,-25.17542032021744,0.03825234414155787,6.341536857015786,3.600422349033787,15.987483993120573,-3.979007958447234,0.8873138251713061,10.362087781760296,-50.94323357574688,-8.673911981236468,-34.133913525948444,9.547069304590151,-1.458760038008858,-2.9129698629526026,2.736959303101269,-1.288598882614204,-8.6692267769076,0.11755871697366294,0.5337644050541408,2.199367089606606,-124.7130549889542,-8.864596128226813,0.40603445308313063,-90.65148533801528,-2.020484685853914,2.398966203313611,-0.11250255425263356,-41.89310187154248,31.72725188524011,-3.9142055252771257,1.5900633262343846,0.5801437581306654,-31.670779699473893,-89.73654113885128,43.647101750621076,21.087471872164965,-0.05370537993001881,-31.96233945992358,14.947268726045017,-30.707196535274676
2024-08-30,122.67704152671578,0.12155919165772522,-1.0851979185850777,9.48749826609376,-67.68863230537669,-4.7557084953739235,-4.441027086145018,-91.24280101465462,-8.14837507485855,78.79475871068615,-3.021342424706809,23.4834339118005,1.1187800921630646,-0.6014543922898421,-8.384158508792533,-0.9467018760911232,-4.094000358758706,-5.477421656489021,-2.5904862573788976,-20.195494218701857,-4.798311684039064,-36.408795025051276,7.621395715591815,-69.60456399804217,-27.536067192410403,-1.671366003043195,0.7486032243391798,2.4006896567393468,-5.781934248053076,8.660088137590762,2.6696828240321553,-0.15427065857372013,16.149672167994122,173.16262703025177,-49.207308154946105,11.276424912501643,-11.984724545773382,31.383848209011887,-30.18300606245645,25.483013814886366
2024-09-06,-24.481152151631594,1.3070809611715186,-7.937017383154327,22.317121729722352,64.79751504064805,-19.455486571663005,58.75838683196451,-2.0584587088635113,35.05979922882177,-10.889385738459403,0.3663964943740574,-96.53446427936603,9.240153287801602,9.694849634859096,-8.28810391046225,0.4981943298867808,-3.2443566330199363,-1.7306821324513366,-13.633059342050403,-34.175372876089135,-75.5510856862976,19.765292433839875,-6.563332592648086,81.87178125140713,-17.845059689738548,-3.808976551539466,5.8460666084907835,2.8292961240986614,-68.39403494811167,-13.667473073136863,-0.10099891766325261,2.1082647413624427,-27.459259560168743,32.57452250335118,-5.499315499743355,34.271089321791855,24.369842214487463,-12.061004158883177,-19.259906002153762,6.803430837572658
2024-09-13,65.51873126620535,14.395412974894072,5.904536964062164,-0.7473801955152062,-1.8942428930898838,40.737755957421705,11.135128259398778,-0.8873991564204164,-54.009230461577104,15.605466312134526,-4.756583056535685,60.7945487514073,35.88797796773336,-0.704445308454104,-5.4551742797541625,6.510112582485886,-2.056042030045396,-1.9832029364290702,-56.58281823555021,-8.74270265738062,-4.677470933376366,-15.43901879389573,-60.755237552035275,-63.052147978390764,-6.991581405967671,-28.52005521693476,25.65289844704805,64.21754224968569,-10.003144817974832,-16.55770113981496,-0.30353397280926164,-0.0007544072827862913,11.051559324022028,-70.99592564146381,-11.046875018961266,-14.435672568259442,5.181811144131899,-34.898893565607345,27.90537923341849,49.989541885755386
2024-09-20,-27.833874151401126,0.07529483828197148,9.575769903796385,-19.145206952602415,-53.81931407066305,-0.8770245822281435,56.236999735743154,30.800349057268903,-107.2020102982671,-12.479885631817538,-29.87814090018579,1.2186909299119255,-13.472172907458702,-0.4396715013147534,1.0576448833988168,-9.13080317839204,-1.7876674238972157,-9.811629875356372,1.6816322448808898,75.85911805190807,-17.048197901063393,2.456499807003247,-0.39091651059510735,-200.80841750687875,-162.83318569849706,-0.4261249254097561,0.009819106738222727,-2.0209126834501707,-0.286417636347848,1.1621492039721781,0.6837620358369565,0.2631035442277603,-65.82183629653333,-45.86214944101977,60.06534873312396,0.8746537793127271,-0.8863256437543188,-2.8875683002191446,-22.48935953739476,-16.465470065559373
2024-09-27,76.72147746074825,-9.342703419473478,0.23094712330216052,10.764454629057225,-1.0379494621572438,1.3869644877250256,34.41329669355264,54.487294700669295,-82.40958907375723,-7.859700937054167,14.599967289694641,-56.270404436591065,2.081837737885982,8.473165386249805,-5.802196508809527,1.4397429100267962,0.09806090021760616,-0.06059190083437177,25.519304827747202,-2.0178832331961147,-181.71189838428828,7.295909083856828,1.0748452279386664,25.322781078514836,-18.374039224443703,-13.700123645504899,-7.1506050632422475,-94.01851834214033,-6.542320130262508,-27.684139213846123,-2.601236073838791,0.5392144244688952,103.95599675244236,-65.2806154847972,-1.2079103386029384,-15.60609924564479,-3.8453905132600235,4.099253322796148,-14.796648283842696,-11.04684413719177
2024-09-30,-16.347323819335436,-2.2493722885475225,-41.271183274633586,-11.474151000530792,-6.974988994161986,-17.877731393365057,-4.894944258529468,-17.25454288606218,-15.812941071724616,-6.776520287730469,6.932330532533221,11.44749255337092,-1.18531517478985,-4.566896648047145,13.786196168385125,0.10470197284395766,-27.975695672048634,-8.335119575902835,0.8927942625447403,67.70763159469931,57.42894311254119,55.7740850893,27.869331972781822,-2.1013006646719754,-130.08821427727375,1.9886839210686968,-3.730902594529487,178.01215941191057,5.915360082881172,7.7217281327414256,-0.6176644169694858,-0.2728644301464111,45.995023382250764,-26.33615534297616,-32.59614393561379,-47.64708730369637,-2.1808838256210397,3.728716570691563,-25.55843639932583,-5.2015894245714325
2024-10-11,-30.544736277601363,-13.047770359065726,-37.25389696294698,-3.5798916061438377,-17.38619371748413,26.345036694736564,3.830155682179392,-166.31252432106066,-1.782676142922348,-7.376401736748759,2.5523661237564585,-57.68884341598508,25.414351072806717,-5.731897328424477,2.625563685274219,-3.1093616173596614,0.615334367437784,-19.308592235626854,-4.473764410076848,-33.4124379535142,6.867146300689122,24.700979312292738,1.477431767058623,42.60601293654361,36.15991683311827,10.461500614697531,2.8995356083247805,11.32832268335818,-22.32218944506761,-59.26562698242615,16.307726964730946,4.602663478923513,68.4648445006376,47.299529649510546,-31.88579852189295,5.960470113589814,-0.8905824553768955,-10.342887584454104,-41.00314436169935,-45.46524682006425
2024-10-18,-102.05012755719557,-0.32000971396729677,9.183325879819119,4.208990480814513,-2.352934698011997,50.18832001632602,7.002046844451159,32.99483196631809,-134.14020142423993,-46.64850449163246,41.270284386156646,-60.172639949815775,0.47205796838227265,4.10540803910747,16.004613078781606,-1.4842612092758356,-16.15522918569166,2.4512700913354095,24.73208759635563,2.1311897162132603,-201.69578008245736,12.831562241560606,-0.5614282673799829,21.240053182113567,-80.16367277388743,-20.15504731089612,6.599363937091774,36.06039402211772,-14.343839098060489,-15.738433979375099,4.739919051138632,-1.520457765324762,1.0417508183742639,-33.207453152285034,-17.028092951534823,-5.598919802350949,6.418101783928669,-0.3097501523808937,30.22801529489672,27.88196208319615
2024-10-25,79.61582376611146,-1.5139565490643594,-0.7583889277274378,-0.5682640454508803,-117.06940776853735,31.137427085703656,10.644276307665603,-6.658268633550052,75.03963803675191,-3.531505964158314,5.077684241490207,-1.8026256406135843,29.012186946829015,-7.351860773238255,11.21826152210407,0.10741325926897438,9.073312857417877,9.082324709718588,-11.382859330125079,-8.839943873307824,-55.88397825365915,91.31232410872347,-18.36514511536029,-37.38916325796314,12.735786869154893,-4.242506585814542,-0.7660333061965341,-36.70048788744772,-0.32823260021292144,46.66654020467256,-0.9767453797038328,0.06397677059572969,27.208041572404007,17.810435180534945,6.076196974929032,-3.8030343908116317,-0.11436887979558245,1.8302716823082497,19.95203931304132,-44.6513765780988
2024-11-01,10.241613796923005,-4.293527897884237,-1.3495743016310224,-1.4779689482373206,-12.429122700516189,-15.166987200158445,54.366148697442554,-155.4020836327747,-9.907342184987142,-11.008587443653742,-2.792445405171533,-74.38955344311934,-14.300289735230226,20.684068965529338,-8.01285657535517,0.5171619718896694,18.05747488861631,23.660017078659973,-39.888985983488524,6.256152486580388,19.372233214450322,-12.247176474607075,-0.41504820961031214,-17.948432968839043,-31.717982348453155,-1.3240439007343654,0.24994168020051288,15.300709032038514,-14.173508612688844,84.30346969585516,-1.3957618210228229,-0.6328521719976014,-5.630482397804437,-24.840669368926754,5.767184260271732,-2.3331070740913886,4.187448001137902,3.0140511149567004,-0.0036588028933710603,7.220629339999492
2024-11-08,-49.97811916943791,0.26321232132130234,-1.1058358295904513,2.11786317328429,0.5708810968107357,10.012555897421484,-19.266075886742957,-75.88808314228277,26.40263143031138,13.173139414035834,-15.730047986068293,45.75198543826507,5.0351423744894666,-1.4663340710963944,-14.868549650438384,-1.030847876653886,-6.458982556094959,-0.6330642075685775,-2.1757378197249166,12.89688874117966,123.91020149086508,-0.7750530353381155,3.9401121720872747,50.559495245867495,40.682209513610054,4.826789503742434,2.855384946546252,-27.825324865465657,6.6180535252298505,-17.11104291915957,4.3572507094511215,0.549625236949523,-5.202581528047389,69.18882472341592,-26.435016099930685,7.647640029157676,11.995908401841112,-21.264869410632357,-128.6167756312647,-4.843152931177933
2024-11-15,-56.96647847323723,0.7639598995039498,0.6372640393068756,25.70597636413704,-7.180761759650277,-12.185718133566578,-1.0234404171954996,-2.817590828758312,17.096093416773325,110.62436194801498,-50.53747678514839,105.6714848146711,2.9764085915338074,0.21133598656068714,8.730035085819809,-4.081445969638062,11.024912158277559,-9.544862334498049,0.792090159856675,-35.222904684512365,22.880698049452402,8.892263453785695,1.0607295926538345,19.964179050825763,-8.051867787142543,6.803824042967388,41.12423185016107,-56.7206794098917,-17.27533778000036,19.649585329497594,1.751742796961631,-0.021112326990718296,16.543148810439003,-56.87950908897181,9.689244118653058,1.5305565660651188,-3.0057401696585684,-26.217383180665493,0.8861405069810848,24.726097893300267
2024-11-22,-10.541964088770312,0.14373791572608965,-0.47335896417954193,4.695111930731253,7.090887254503422,64.38281071230892,-30.469259428351254,14.034273598401256,0.42909194859993605,-32.49168446582212,-56.27064575790484,-107.28810234095705,-1.3650821853746313,-17.307794765877645,2.149942399358272,1.4446629175971955,-43.62083768493096,14.827892217766241,0.28233824022924453,-49.974060948066374,-80.75051026314891,3.8860782199601407,4.843367908051414,4.102052747735467,-9.437518279080129,0.3761205039235198,-3.4028375389198016,-84.24966559444513,-35.96468978571925,25.764176623427414,-4.844102828045464,-0.7594970082675491,20.099624276153065,58.61358728075897,0.7975078700453921,-1.3882806068618914,3.167754371705737,0.9131777056575192,-11.407438688884088,40.04262367012121
2024-11-29,-41.91583962298081,-10.716256839833502,-3.8610036268741084,1.2913703813223205,18.397258340544774,-7.724558261957439,-0.332843539255802,-73.6531407883585,-24.095431177873717,-24.144250043674685,13.22306005343543,-29.408847783829035,-0.9036248390080583,-4.10388282237843,7.1522189753601575,-7.045892780783454,-6.439157854139311,50.78748288884555,-28.651850722689005,13.279628097821195,108.1069303138926,6.299782996187786,-30.915180484434043,-3.246928389993897,-11.927457373442218,0.8768629243244423,4.78518474373745,-2.1397654744491046,-7.545915742886859,-0.8937242974037215,1.641436117200365,-0.10360965802714914,-70.50029341131861,39.66938926190836,21.897563360347064,-47.912142869841375,-1.3028571969565443,-4.42519445615145,-56.36918708332992,-36.205322767373175
2024-12-06,88.54947131034012,22.46055643632413,0.7999144839958371,13.080092293343668,-16.0851046161702,-20.70421025173108,112.26654788147604,-10.60817593877899,6.076541162229057,2.5359845562925742,0.7324071275547891,-135.2505105299738,1.0690199919470678,1.4694542654951313,-10.921263464747513,-1.7089573738322454,-1.6193348727691435,-7.356991832194923,-21.4365999121326,65.33593421288454,-11.953342408523898,10.228480852165152,-1.634325481685214,-17.972875315353754,7.028567980865398,-1.8632261239688614,20.458006104198986,-48.96149840837968,-38.79896461676543,-16.85491674792415,-1.127474705165427,-0.09614226682058076,-77.19267483509849,-9.546682967085323,-193.39990206787624,0.5058256038651014,0.935038921444074,-15.187778182801981,17.663372573868124,-50.648155863516074
2024-12-13,-12.246891399420884,-13.011807805689905,-5.27318147063655,-32.40469487996444,12.701270066475232,-7.788589857549841,-50.84184518520336,-15.141216527287195,-30.012252065300626,-13.303617046495448,-10.029689549055114,33.37206084780323,39.749321463297754,-5.510204932706403,46.09618349763969,6.716556080508774,-8.47619040941287,2.8503972429075577,-10.464070295642053,-24.95774376783816,-102.17966514418806,-0.6678092253384518,-0.5481865164320394,-1.1786524111675116,-10.55302987088337,8.22070306419396,2.5956583175282666,-31.892394886413705,3.638678783105665,28.225140638407524,1.3829837289685487,-3.0592960982557855,55.52759511385618,-14.877307073034292,14.945206706948504,-2.4126365554227727,-0.9259814407252103,2.6422527549971226,-35.053581502917325,61.6225456359714
2024-12-20,-31.908422777410426,-4.943736949737809,0.6699865435784597,-3.676254431864959,70.42830271857645,-2.623501319921796,-9.288775334213296,2.339716258130351,16.09067108958787,-136.12928236967826,-23.839400845026336,-35.59986606917262,-1.4212944903838594,-27.045784096065624,-14.759419916810737,1.6086354299808687,-5.905734835419371,-0.3942498599924371,10.687799511541446,7.708111777426184,-76.29758186394912,43.52046603316497,-0.11054863355999442,5.612988329319751,-3.7969385422462216,-44.73571404555306,-6.731890268421706,6.995577058076089,-22.702362103112208,-28.280229185301497,14.868849749588637,-0.34009842542832747,7.675692753609022,20.362157414417997,19.143043978054756,-3.2857581258546573,-0.2302874418279853,50.358066297536624,-41.039682387857845,-4.860106068346841
2024-12-27,73.1060391983156,2.503695768598686,2.0832773963028566,4.805288216050544,-45.68480660377212,-23.044634542041326,-1.116582086532649,4.079678178555762,-83.18044750196692,-14.6158303738102,-41.52716436463516,-11.133802184255442,25.8508633260114,-1.6160342586902494,3.950076082956252,-0.42024178749943397,-34.30939162327069,2.0306009970467307,-0.9044258679224716,-9.65666978521226,-84.75936806833009,-8.300227345512077,5.254323014418111,-15.661900340341264,26.599084089285686,8.44146623368539,-25.697747569139718,-27.861258534872043,-4.12599334122992,-60.60505657300331,10.867978632673058,-3.017399062316511,-30.283763550394447,-104.79233109508229,-2.6707789654222105,-6.228971532257287,6.596178834012579,19.89706369363715,-29.172602029352408,-11.88084238409433
