TradingDay,TMT,一带一路,中药,交通运输,传媒,光伏,养殖,农业综合,医疗,医药,医药医疗,半导体,国央企综合,国防军工,基建,基础化工,央企创新,家用电器,房地产,新能源汽车,新能源综合,旅游,有色,机械设备,汽车,游戏,生物科技,电力,电子,石油石化,种植,绿色/ESG,计算机,通信,金融综合,钢铁煤炭,银行,非银,食品饮料
2015-07-24,,,,,,,,,,,,,,,,,,,,,,,,,,,,,,,,-1.8338738250081326,,,,,,,
2015-07-31,,,,,,,,,,,-22.6248123195223,,-0.0562562677275904,,,,,,,,,,,,,,,,,,,-2.0406246421723027,,,,,,,
2015-08-07,,,,,,,,,,,-0.761088753052551,,-0.6473663335316872,,,,,,,,,,,,,,,,,,,-0.5667663390911619,,,,,,,
2015-08-14,,,,,,,,,,,-0.753220064125,,30.657846670822547,,,,,,,,,,,,,,,,,,,-18.16545862314341,,,,,,,
2015-08-21,,,,,,,,,,,-16.246980892446395,,-0.18238939694083423,,,,,,,,,,,,,,,,,,,-2.362224277952151,,,,,,,
2015-08-28,,,,,,,,,,,,,-0.7456980206029601,,,,,,,,,,,,,,,,-0.1878611316998401,,,-0.8898832552055767,,,,,,,
2015-09-02,,,,,,,,,,,,,-0.15405847900704273,,,,,,,,,,,,,,,,-1.3728772825284041,,,-1.0118311646871108,,,,,,,
2015-09-11,,,,,,,,,,,,,-1.1874359625065773,,,,,,,,,,,,,,,,-0.26430835867450125,,,-2.6506985929170974,,,,,,,
2015-09-18,,,,,,,,,,,,,0.024203801550002013,,,,,,,,,,,,,,,,17.973343741994775,,,-1.4929753562466979,,,,,,,
2015-09-25,,,,,,,,,,,,,-0.14397572984507007,,,,,,,,,,,,,,,,-3.1763350857466235,,,0.6264282796578087,,,,,,,
2015-09-30,,,,,,,,,,,,,-3.3904555632935818,,,,,,,,,,,,,,,,-0.6232566078373232,,,-0.5971894734899956,,,,,,,
2015-10-09,,,,,,,,,,,,,-43.234596465747344,,,,,,,,,,,,,,,,-0.33805445284458546,,,-0.3079108918446396,,,,,,,
2015-10-16,,,,,,,,,,,,,-0.4824801092354509,,,,,,,,,,,,,,,,-0.5731655762181744,,,-0.6142368632055705,,,,,,,
2015-10-23,,,,,,,,,,,,,-0.9259587504045252,,,,,,,,,,,,,,,,-0.02979186376342277,,,-1.7933864349421627,,,,,,,
2015-10-30,,,,,,,,,,,,,-0.6410019778132618,,,,,,,,,,,,,,,,0.13317425605254418,,,-2.5459978566940977,,,,,,,
2015-11-06,,,,,,,,,,,,,-6.556452341727336,,,,,,,,,,,,,,,,-2.559967741987883,,,-3.650106159435248,,,-0.6946046851557179,,,,
2015-11-13,,,,,,,,,,,,,-0.4634556052594063,,,,,,,,,,,,,,,,-0.5936650399543155,,,-20.16013795885232,,,-0.49237769698465605,,,,
2015-11-20,,,,,,,,,,,,,-2.4471862356863863,,,,,,,,,,,,,,,,1.7650419651700933,,,23.335050926940728,,,-0.1136687806733976,,,,
2015-11-27,,,,,,,,,,,,,0.1923309084902074,,,,,,,,,,,,,,,,-0.8017819805036955,,,-2.2282691249108324,,,2.945003490093548,,,,
2015-12-04,,,,,,,,,,,,,0.09407656593683786,,,,,,,,,,,,,,,,-0.8664565283654664,,,0.0347097490149437,,,-8.853151097866984,,,,
2015-12-11,,,,,,,,,,,,,-0.10431894120179869,,,,,,,,,,,,,,,,19.031358060765868,,,-0.6388550064217177,,,-0.08775574487592903,,,,
2015-12-18,,,,,,,,,,,,,-1.0551047508928761,,,,,,,,,,,,,,,,-0.12232269020703967,,,-0.42475122489954975,,,-0.2590418559910866,,,,
2015-12-25,,,,,,,,,,,,,1.220603236746518,,,,,,,,,,,,,,,,1.2605638800101844,,,-0.8035026653533733,,,-0.2165419449116756,,,,
2015-12-31,,,,,,,,,,,,,-0.8167634450111823,,,,,,,,,,,,,,,,-0.18582086413176743,,,-5.963503262205818,,,-0.47243321062747423,,,,
2016-01-08,,,,,,,,,,,,,-0.30969736635538164,,,,,,,,,,,,,,,,-0.5729146778845617,,,-2.3021567630853377,,,-0.4989212794137029,,,,
2016-01-15,,,,,,,,,,,,,-0.22758021242877793,,,,,,,,,,,,,,,,-0.09867404489025888,,,-0.6850962895935059,,,-0.42370444648673006,,,,
2016-01-22,,,,,,,,,,,,,-1.1545814390972833,,,,,,,,,,,,,,,,-0.09500865974239811,,,-0.1608938720403632,,,-0.6510843781118583,,,,
2016-01-29,,,,,,,,,,,,,1.1290121031360574,,,,,,,,,,,,,,,,-0.4071557822938507,,,-3.0773508806540613,,,-5.836582055453463,,,,
2016-02-05,,,,,,,,,,,,,-26.769801972142545,,,,,,,,,,,,,,,,-2.8321301897211373,,,-5.319606137599705,,,0.4361775742842786,,,,
2016-02-19,,,,,,,,,,,,,0.05539651182000163,,,,,,,,,,,,,,,,-0.6450820008659705,,,-0.8864291094846177,,,-0.24000623946638036,,,,
2016-02-26,,,,,,,,,,,,,-0.40878032423157884,,,,,,,,,,,,,,,,-1.9697805038350786,,,-0.3327060153949022,,,-0.21734617930616718,,,,
2016-03-04,,,,,,,,,,,,,-0.29760708244636824,,,,,,,,,,,,,,,,0.8064540683828824,,,-0.20834256722842018,,,-0.029927043667775353,,,,
2016-03-11,,,,,,,,,,,,,0.05801379778089455,,,,,,,,,,,,,,,,-0.4854565175061377,,,-0.3759525119033492,,,-0.10198192687253993,,,,
2016-03-18,,,,,,,,,,,,,-0.36066628195837497,,,,,,,,,,,,,,,,36.72620057655375,,,-11.345670095606897,,,-0.27673161183039346,,,,
2016-03-25,,,,,,,,,,,,,-0.9099678073294821,,,,,,,,,,,,,,,,1.7859864871430347,,,-2.0490857376136313,,,-0.019431296567566758,,,-0.38505565797689356,
2016-04-01,,,,,,,,,,,,,0.034239355673101934,,,,,,,,,,,,,,,,,,,-4.1175588046997715,,,-2.5170750855192776,,,-0.1775393378220619,
2016-04-08,,,,,,,,,,,,,-2.1595925293535614,,,,,,,,,,,,,,,,,,,1.06892487037736,,,-0.7963208441829939,,,5.286907831229776,
2016-04-15,,,,,,,,,,,,,-6.334210418948151,,,,,,,,,,,,,,,,,,,-1.9005067073033377,,,-0.37747544935366395,,,-2.744775181883594,
2016-04-22,,,,,,,,,,,,,-0.7069834802700821,,,,,,,,,,,,,,,,,,,-4.326756434958639,,,-2.8678615565242893,,,-0.3816528556560591,
2016-04-29,,,,,,,,,,,,,-0.824719743129289,,,,,,,,,,,,,,,,,,,-0.6198174548520101,,,-1.7301039275311412,,,0.108298676249697,
2016-05-06,,,,,,,,,,,,,-1.2893578272254895,,,,,,,,,,,,,,,,,,,0.05047109905394809,,,-0.47739926914958525,,,-0.5002340399315124,
2016-05-13,,,,,,,,,,,,,-1.0760602221032791,,,,,,,,,,,,,,,,,,,-3.3932397393501743,,,-0.1584854386108731,,,-0.43707532790664133,
2016-05-20,,,,,,,,,,,,,-0.6046967586392181,,,,,,,,,,,,,,,,,,,2.554964323992812,,,-0.12129750749807883,,,14.948616211998548,
2016-05-27,,,,,,,,,,,,,-15.731299181751105,,,,,,,,,,,,,,,,,,,0.15491939698650392,,,2.697178237362834,,,-0.589879323469323,
2016-06-03,,,,,,,,,,,,,-1.008775336324373,,,,,,,,,,,,,,,,,,,-1.8637159726577208,,,-0.4024546857764625,,,-2.7396584232222967,
2016-06-08,,,,,,,,,,,,,-0.7160194426193652,,,,,,,,,,,,,,,,,,,9.081393017558376,,,-0.15429322920665353,,,0.9101813933011258,
2016-06-17,,,,,,,,,,,,,1.955869559904429,,,,,,,,,,,,,,,,,,,-0.5552646457179036,,,0.21240673939987187,,,1.2891837835374869,
2016-06-24,,,,,,,,,,,,,0.07579063300627364,,,,,,,,,,,,,,,,,,,-0.6637988789655727,,,-1.0654790319078917,,,-0.23387783974172915,
2016-07-01,,,,,,,,,,,,,-0.3299838043282921,,,,,,,,,,,,,,,,,,,19.85290894417701,,,-0.48422670339375623,,,-0.07666564991190689,
2016-07-08,,,,,,,,,,,,,-5.8320711987732645,,,,,,,,,,,,,,,,,,,11.214208539856555,,,-4.11624236706754,,,-0.28579992165507484,
2016-07-15,,,,,,,,,,,,,-1.1571868657640931,,,,,,,,,,,,,,,,,,,-7.399887868988543,,,0.004001635551805688,,,6.071031245923235,
2016-07-22,,,,,,,,,,,,,-0.2203326147860057,,,,,,,,,,,,,,,,,,,-0.08120179931327087,,,-1.581395435116515,,,-0.22212354579170682,
2016-07-29,,,,,,,,,,,,,-17.93691901688706,,,,,,,,,,,,,,,,,,,-10.079644637270182,,,-2.556633793258381,,,-0.07570870790499273,
2016-08-05,,,,,,,,,,,,,2.3520856571546442,,,,,,,,,,,,,,,,,,,-2.864855705883528,,,2.970489555753308,,,-10.991167305561277,
2016-08-12,,,,,,,,,,,,,-1.17051391725045,,,,,,,,,,,,,,,,,,,-3.405960195215201,,,4.09166901506465,,,-9.731870980055827,
2016-08-19,,,,,,,,,,,,,1.1451785166323203,,,,,,,,,,,,,,,,,,,-3.5503672238254715,,,-1.4757367206167729,,,0.2516943736715963,
2016-08-26,,,,,,,,,,,,,-3.2887477847793374,,,,,,,,,,,,,,,,,,,15.42087573044811,,,-0.8640796598393078,,,0.12888402100535667,
2016-09-02,,,,,,,,,,,,,-1.0478648184731907,,,,,,,,,,,,,,,,,,,2.591343680322011,,,-0.8528146578961842,,,-0.3680062267927977,
2016-09-09,,,,,,,,,,,,,-1.6599191643406133,,,,,,,,,,,,,,,,,,,-4.199215681283069,,,-0.5092474940929215,,,0.37807767929158853,
2016-09-14,,,,,,,,,,,,,0.10172372220931636,,,,,,,,,,,,,,,,,,,2.1841757531791597,,,-0.4637982368199019,,,-1.1919610065123285,
2016-09-23,,,,,,,,,,,,,-0.17106077047975038,,,,,,,,,,,,,,,,,,,-0.0966664419408026,,,1.6983287203327473,,,-0.2659789902133027,
2016-09-30,,,,,,,,,,,,,-2.825544573997113,,,,,,,,,,,,,,,,,,,0.4804372030018695,,,8.497016985254849,,,2.52787425735542,
2016-10-14,,,,,,,,,,,,,-0.4695315278038865,,,,,,,,,,,,,,,,,,,0.034410777713600016,,,-0.29983942648813483,,,-0.2718913449767896,
2016-10-21,,,,,,,,,,,0.32868956198585575,,-0.5827190188990364,,,,,,,,,,,,,,,,,,,45.3183894872083,,,-1.0459717175752865,,,0.4974975322370908,
2016-10-28,,,,,,,,,,,1.8328866051635373,,-0.10234830386262195,,,,,,,,,,,,,,,,,,,-0.3592556732469795,,,-5.3481528983709135,,,-1.446913377648471,
2016-11-04,,,,,,,,,,,4.992152911434868,,-0.8485554733816562,,,,,,,,,,,,,,,,,,,-18.02590316591086,,,0.6426996516954369,,,-0.5243477293116223,
2016-11-11,,,,,,,,,,,-2.0252623825111815,,-5.922423199908138,,,,,,,,,,,,,,,,,,,1.426897754207993,,,1.138344942715873,,,0.542931151051488,
2016-11-18,,,,,,,,,,,-1.1731688626337375,,42.0206066597562,,,,,,,,,,,,,,,,,,,-42.0096645139032,,,-3.5531850766785977,,,1.1105889527568316,
2016-11-25,,,,,,,,,,,2.7005750029891,,-2.00776603383041,,,,,,,,,,,,,,,,,,,-0.3225895941769793,,,5.557290060367501,,,-0.1345907914288866,
2016-12-02,,,,,,,,,,,53.4332619983285,,-0.4800230187230248,,,,,,,,,,,,,,,,,,,0.217196893751624,,,-6.22006437421611,,,-2.1352921660033406,
2016-12-09,,,,,,,,,,,-25.72617551279162,,-17.368333617885668,,,,,,,,,,,,,,,,,,,-0.5598465309305412,,,-12.987870522869475,,,-0.31755667397670106,
2016-12-16,,,,,,,,,,,5.657318109117972,,-0.18606893571158895,,,,,,,,,,,,,,,,,,,0.46502362619065185,,,3.8169466524849325,,,-0.08031238567054733,
2016-12-23,,,,,,,,,,,-0.8631365468254909,,-1.134753903649786,,,,,,,,,,,,,,,,,,,-0.3799041435282095,,,-1.4349323061822499,,,0.22774360492744594,
2016-12-31,,,,,,,,,,,-5.5106962742845615,,-9.330110815456704,,,,,,,,,,,,,,,,,,,-1.1270534833520975,,,4.144587489697095,,,-1.8079192874690329,
2017-01-06,,,,,,,,,,,-1.224330721982534,,0.5316153881897239,,,,,,,,,,,,,,,,,,,-3.002237381221079,,,-0.43562852364265614,,,-0.8056928306642976,
2017-01-13,,,,,,,,,,,-2.8352559897309866,,-3.22821575415792,,,,,,,,,,,,,,,,,,,-0.5812245504860928,,,-7.838451680217702,,,-0.27927064286393993,
2017-01-20,,,,,,,,,,,-0.8776595990289708,,-0.2402773216494326,,,,,,,,,,,,,,,,,,,-1.552891970667698,,,-7.2449413077313825,,,-0.22122892764179997,
2017-01-26,,,,,,,,,,,-0.2591531942882872,,-0.44404750379858315,,,,,,,,,,,,,,,,,,,1.2292936364477276,,,-24.23548868141848,,,-2.8939832109837287,
2017-02-03,,,,,,,,,,,-0.1665928563473284,,-4.772804466993517,,,,,,,,,,,,,,,,,,,-0.08797856801142812,,,-2.3181747269308683,,,-0.12758102923270964,
2017-02-10,,,,,,,,,,,-2.9540625530752727,,-0.9551528170221422,,,,,,,,,,,,,,,,,,,-4.064534501569803,,,0.8953341429258537,,,-3.454583341769846,
2017-02-17,,,,,,,,,,,-1.637786745943932,,0.2033919061205052,,,,,,,,,,,,,,,,,,,-3.7515988255398742,,,-13.819056682130554,,,-0.21070044982189684,
2017-02-24,,,,,,,,,,,-1.4276956007516612,,-0.29327486582480145,,,,,,,,,,,,,,,,,,,-0.42158249647125706,,,-1.867025132456896,,,3.14283895512507,
2017-03-03,,,,,,,,,,,-8.723732289386469,,-5.1143545738357155,-1.1157820789728783,,,,,,,,,,,,,,,,,,-0.025024657467465652,,,18.11396288292289,,,-0.31910494887363866,
2017-03-10,,,,,,,,,,,20.85000934134404,,-0.1897102143467041,-6.253149248648631,,,,,,,,,,,,,,,,,,-0.7280877370765615,,,-1.2049491050422756,,,-2.3585999599121443,
2017-03-17,,,,,,,,,,,1.1109537561247251,,-2.6198692260735417,0.18944076241243624,,,,,,,,,,,,,,,,,,-0.4293808690133341,,,-32.683262784747555,,,4.369523245480108,
2017-03-24,,,,,,,,,,,-2.2149450963694304,,-9.642353562026228,-25.44128659056923,,,,,,,,,,,,,,,0.10109615735852945,,,-5.07704645321819,,,-19.28034176790985,,,0.2143060744975554,
2017-03-31,,,,,,,,,,,3.604495148962716,,-0.21500028493368883,3.5178942638106796,,,,,,,,,,,,,,,,,,-37.64806869339997,,,-13.014849733651653,,,-0.3451604444802313,
2017-04-07,,,,,,,,,,,8.13401370763681,,-0.10616272598650334,4.409695485160996,,,,,,,,,,,,,,,,,,-1.8383061514482657,,,-2.2994168950780827,,,-1.2156177439206801,
2017-04-14,,,,,,,,,,,1.5967875653469008,,-0.6608014835826305,7.67879084431413,,,,,,,,,,,,,,,,,,-4.030217899283243,,,-0.5179786474329354,,,-0.3939513208130497,
2017-04-21,,,,,,,,,,,-11.001350044092629,,-0.42666057246434624,0.8967705204138554,,,,,,,,,,,,,,,,,,0.5092110948289149,,,-4.748129378004988,,,-0.05525635698322884,
2017-04-28,,,,,,,,,,,4.824937105706609,,-0.965657030616516,26.034098302252946,,,,,,,,,,,,,,,,,,-1.2963548630956387,,,-33.43619668617719,,,-0.9361341629612409,
2017-05-05,,,,,,,,,,,-0.6117053257468666,,-2.0457273610217785,1.0310305751537838,,,,,,,,,,,,,,,,,,-7.0917138294351165,,,-8.004310484168325,,,-5.745455015872993,
2017-05-12,,,,,,,,,,,0.7873942261654769,,-24.670029144450528,-7.588735721129188,,,,,,,,,,,,,,,,,,13.293394855559594,,,-2.0509178555848853,,,-0.3975717876330025,
2017-05-19,,,,,,,,,,,1.581767735500231,,-0.1630503730272788,0.6257826654579939,,,,,,,,,,,,,,,,,,-5.3077064559575255,,,-1.7052184049719448,,,5.416731965507132,
2017-05-26,,,,,,,,,,,-0.15349952618730645,,-1.4508257351811253,5.763385167520349,,,,,,,,,,,,,,,,,,4.185068426780251,,,-7.690628092311882,,,5.064150514948453,
2017-06-02,,,,,,,,,,,-1.243765138602592,,-0.36165382666347407,0.23934098773326185,,,,,,,,,,,,,,,,,,-1.0591000061242093,,,-3.359826701829088,,,0.5760194308771337,
2017-06-09,,,,,,,,,,,-8.890482461220174,,-43.655073779770944,-3.7145915684951922,,,,,,,,,,,,,,,,,,-8.997354550873936,,,-1.4323737088863473,,,-9.73457378370459,
2017-06-16,,,,,,,,,,,-0.7775864751440862,,-0.33132326375457255,5.113524486127913,,,,,,,,,,,,,,,,,,-5.747225419529151,,,-1.9102115464767029,,,-0.818845939018457,
2017-06-23,,,,,,,,,,,-4.023561069884229,,-1.7283317081744531,11.308160888762016,,,,,,,,,,,,,,,,,,-0.22540227878209784,,,-9.524453612520826,,,-15.01109166461029,
2017-06-30,,,,,,,,,,,-0.2595226123662703,,-1.1422152626846658,0.298947941292103,,,,,,,,,,,,,,,,,,3.7651153810238,,,-24.12907869588417,,,-1.7850381878675932,
2017-07-07,,,,,,,,,,,-0.0332011359042666,,1.6757147736877043,0.3328945777975105,,,,,,,,,,,,,,,,,,-0.4333965908208074,,,20.698691651999024,,,0.27660991787844125,
2017-07-14,,,,,,,,,,,-3.5747028047655793,,-21.846740627732594,-54.55698763990784,,,,,,,,,,,,,,,,,,1.7434542978116945,,,16.859318342387944,,,50.58924419929384,
2017-07-21,,,,,,,,,,,-0.6988632550173639,,-0.2520652927503443,49.540996754163416,,,,,,,,,,,,,,,,,,-0.2006619753840037,,,-12.688260817827345,,,-1.026151368302442,
2017-07-28,,,,,,,,,,,0.4465499153269903,,0.2567618383191896,16.50421962569173,,,,,,,,,,,,,,,,,,-0.9048248970924297,,,2.8052066317028252,,,0.963394613554919,
2017-08-04,,,,,,,,,,,31.52742310551434,,-3.300889317945644,-6.936162645448154,,,,,,,,,,,,,,,,,,-3.0776087093922717,,,0.5754990599951171,,,-0.3820378449402328,
2017-08-11,,,,,,,,,,,-2.5740916348494136,,-3.0263497555756516,-26.293700725248975,,,,,,,,,,,,,,,,,,0.24715526491469222,,,-3.333310554025549,,,0.973958264462071,
2017-08-18,,,,,,,,,,,-1.2589367231261925,,-0.019150038910213746,0.44589657969999874,,,,,,,,,,,,,,,,,,-7.928313686805195,,,7.575158209592363,,,-1.6618371097402262,
2017-08-25,,,,,,,,,,,0.8970145338657907,,-2.5786245719089966,10.227861497498948,,,,,,,,,,,,,,,,,,-0.9905236527222294,,,-2.156970036712588,,,9.73695557082508,
2017-09-01,,,,,,,,,,,4.738313941082943,,-8.634442492149951,-3.7011398335547665,,,,,,,,,,,,,,,,,,5.952420059557243,,,9.65356283227968,,,7.461522799947231,
2017-09-08,,,,,,,,,,,-2.437851310084393,,0.030347017441955115,-10.220860596571598,,,,,,,,,,,,,,,,,,0.11125146982172174,,,3.7388762583788804,,,73.76792900974999,
2017-09-15,,,,,,,,,,,-4.063334567951549,,-0.19717442664276874,-0.7889841293906379,,,,,,,,,,,,,,,,,,-3.3268261099873895,,,1.5753438414364744,,,-0.10539710126652374,
2017-09-22,,,,,,,,,,,0.7907125706270638,,43.37516258000928,25.75962358394978,,,,,,,,,,,,,,,,,,1.0747661202139385,,,5.935031346647988,,,-0.21244109247174658,
2017-09-30,,,,,,,,,,,-5.58927761321161,,8.472419476414823,-0.9093570911325086,,,,,,,,,,,,,,,,,,1.1542675286211221,,,3.903634351627311,,,-1.0930866689592205,
2017-10-13,,,,,,,,,,,-0.8996604550196294,,-0.30512557625647735,-1.2110636035262399,,,,,,,,,,,,,,,,,,-0.9022334554441069,,,16.118764721625844,,,0.28721206360141044,
2017-10-20,,,,,,,,,,,-0.6791701981263267,,-0.1694856262122043,-1.095449778389624,,,,,,,,,,,,,,,,,,-32.5323840279448,,,-2.4448637178541905,,,-1.1503478020005637,
2017-10-27,,,,,,,,,,,-1.0671915047492926,,0.1720342954956061,2.422633527853602,,,,,,,,,,,,,,,,,,0.7626949370025973,,,-4.691401286978941,,,-1.1186252234968785,
2017-11-03,,,,,,,,,,,-1.309458936195804,,-1.2405291480083627,-1.2533745670621548,,,,,,,,,,,,,,,,,,10.264469057133667,,,-0.41858970311792687,,,3.380308690000856,
2017-11-10,,,,,,,,,,,0.008235186825018281,,-19.172686695014285,-0.5475296070042661,,,,,,,,,,,,,,,,,,-65.64972140292524,,,48.17525483865014,,,11.106264595928433,
2017-11-17,,,,,,,,,,,-3.02620038515175,,-0.3903817381656274,-6.551131250199575,,,,,,,,,,,,,,,,,,0.7951952474973787,,,1.4234790163247553,,,-1.3017504224841514,
2017-11-24,,,,,,,,,,,0.5112572331838854,,-22.544653993740535,-17.22724131762765,,,,,,,,,,,,,,,,,,-3.1393958665330324,,,0.14389948154368284,,,11.01491351195201,
2017-12-01,,,,,,,,,,,-0.7201017547010795,,2.9737752339237877,1.8625685322531973,,,,,,,,,,,,,,,,,,4.215596945568132,,,4.1267915821526895,,,-60.0801522002348,
2017-12-08,,,,,,,,,,,-16.09168703188286,,-1.0814910487126723,61.568453454383885,,,,,,,,,,,,,,,,,,-0.6349119134459253,,,-0.5185531786199701,,,2.828932507725378,
2017-12-15,,,,,,,,,,,-2.2249040921788863,,-2.394987263547714,0.6643203533497266,,,,,,,,,,,,,,,,,,0.10388836128928336,,,-0.4760840341726251,,,17.210847454981973,
2017-12-22,,,,,,,,,,,-2.6048234345221433,,-3.5236164046371297,-5.04117477428336,,,,,,,,,,,,,,,,,,1.3544077050225707,,,-0.3876535428210573,,,-1.2588280335073119,
2017-12-31,,,,,,,,,,,1.4863176800830167,,-0.7605788658133188,1.8465373934373774,,,,,,,,,,,,,,,,,,3.0940344916796803,,,-8.657184402669706,,,-6.507088566055179,
2018-01-05,,,,,,,,,,,-4.179088845627558,,5.852906667224444,-0.38217328037465503,,,,,,,,,,,,,,,,,,8.618034056393824,,,9.283193073931917,,,-19.91334673399681,
2018-01-12,,,,,,,,,,,2.041048327810646,,-2.6920525285437127,-0.29088092793523723,,,,,,,,,,,,,,,,,,-0.22400754347447782,,,-3.286281145489619,,,35.60278481390717,
2018-01-19,,,,,,,,,,,-3.6810247427448832,,-0.259273069146005,-2.3301643557108624,,,,,,,,,,,,,,,,,,-1.0950181371293404,,,-2.8285802879467337,,,0.017441066707472405,
2018-01-26,,,,,,,,,,,-1.4784014388518283,,-0.07346809649592301,-9.732701831184128,,,,,,,,,,,,,,,,,,-1.9402937377288876,,,-3.2150909129270517,,,-2.1395361486464206,
2018-02-02,,,,,,,,,,,-0.7375376005161743,,-0.8170163090231441,-1.1171749871054288,,,,,,,,,,,,,,,,,,-1.2620882158532565,,,-1.7829260184510685,,,6.2186592796303115,
2018-02-09,,,,,,,,,,,2.139886902598816,,0.21617546973002227,82.49058908302604,,,,,,,,,,,,,,,,,,8.700849723940225,,,1.5961084727638488,,,5.909252293388688,
2018-02-14,,,,,,,,,,,-33.045629296416955,,-0.6589104544829004,4.400888203637043,,,,,,,,,,,,,,,,,,0.06078819197189442,,,-4.869255850848266,,,-5.706496081763291,
2018-02-23,,,,,,,,,,,0.9442884225806334,,-2.897791988190124,-2.332520160909381,,,,,,,,,,,,,,,,,,-1.6098238630262651,,,-7.646065726073503,,-0.11716553745377757,2.3011189205258997,
2018-03-02,,,,,,,,,,,2.6181767715210675,,-2.083447265196267,-24.21025043393114,,,,,,,,,,,,,,,,,,3.3908443799481915,,,-0.7525920152223442,,2.5282315392792327,-1.3805441489289623,
2018-03-09,,,,,,,,,,,1.5029569269251415,,-0.851606077593006,3.226729690902916,,,,,,,,,,,,,,,,,,-7.968148823153012,,,-3.121867389868395,,-0.17427202709095624,14.390095884188064,
2018-03-16,,,,,,,,,,,-2.241729346987907,,-1.1105967070902136,0.28325112480187276,,,,,,,,,,,,,,,,,,-2.679559376301798,,,31.786554141342275,,1.5427935216843685,5.157777183530849,
2018-03-23,,,,,,,,,,,-1.7973791356097824,,-0.5276489733941747,6.820333825847852,,,,,,,,,,,,,,,,,,25.841572207474115,,,12.461846937056126,,0.8142626108778053,-2.8525889821720516,
2018-03-31,,,,,,,,,,,3.751052411498576,,37.68776454483894,-97.0991009282567,,,,,,,,,,,,,,,,,,29.98633758090708,,,-1.968289742327284,,-0.12242544258757941,-3.142667398438326,
2018-04-04,,,,,,,,,,,0.21617593298839316,,7.359450897866175,65.60231390317786,,,,,,,,,,,,,,,,,,10.503616330818662,,,-0.28952117694842056,,-1.5080272178780765,-0.7997487687916525,
2018-04-13,,,,,,,,,,,0.9093906561722628,,-2.0072531263293563,9.654196498987929,,,,,,,,,,,,,,,,,,3.224921596611659,,,-0.2991926668516172,,-0.32585147761296995,-3.3239653866699057,
2018-04-20,,,,,,,,,,,-1.1343853166937399,,-0.6247464953291086,0.6259478397760199,,,,,,,,,,,,,,,,,,-0.6838698299025938,,,-0.16482558809205,,1.352924816682516,-64.76570484987414,
2018-04-27,,,,,,,,,,,-1.3025554647417317,,-0.6426801158875212,3.0607321916016983,,,,,,,,,-1.8481812367011066,,,,,,,,,-0.5596342260940577,,,0.044157583440835424,,0.001561146039563921,-2.8066057658331043,
2018-05-04,,,,,,,,,,,6.202263111102143,,-1.629261666145012,58.95904572032038,,,,,,,,,2.178443532595451,,,,,,,,,-1.1437942590755477,,,2.141785770036339,,-5.253492774849729,-37.029132647933444,
2018-05-11,,,,,,,,,,,-2.7686445111460696,,-0.9304463392047975,12.951512986593194,,,,,,,,,-0.20158987238881476,,,,,,,,,2.3670203605829196,,,-11.425822313161397,,-25.19323766921388,17.315733320035353,
2018-05-18,,,,,,,,,,,-1.1128336628813127,,-1.4571639588329874,-4.253635147635105,,,,,,,,,-0.28198109116457193,,,,,,,,,-1.6120104438528258,,,-5.238406685094269,,0.7958738552061906,0.7943041312963662,
2018-05-25,,,,,,,,,,,-0.6204804763708959,,-1.7287695090943904,-11.939416901573026,,,,,,,,,5.8756376921944575,,,,,,,,,-1.3710771413666907,,,-0.2218510290585749,,0.10868873083197539,26.24431756000226,
2018-06-01,,,,,,,,,,,-1.8303141766554913,,-0.3892505573393943,24.70036822300396,,,,,,,,,-0.287303620823166,,,,,,,,,-0.8317626038169776,,,-0.2867697350107528,,-0.20189365821884106,-53.60403311818589,
2018-06-08,,,,,,,,,,,0.019731723518963296,,-29.052341404079105,20.314969855975487,,,,,,,,,-0.16334140559326313,,,,,,,,,-0.6993463127896076,,,-10.383524989645313,,51.92811107192,3.5711671027917533,
2018-06-15,,,,,,,,,,,0.20453372138286366,,-5.636167256548644,-7.017393374575768,,,,,,,,,-0.3378405435694968,,,,,,,,,-13.247846511221992,,,-2.09106724985408,,-0.9882343263946494,-1.3803208101097137,
2018-06-22,,,,,,,,,,,-0.5410465745761042,,26.457032734640187,-4.545199957757423,,,,,,,,,-0.2302419795401503,,,,,,,,,-26.664873206444256,,,-22.269823271405222,,0.00013075569095705175,0.9233491364021277,
2018-06-30,,,,,,,,,,,-2.2311111937815156,,0.03099517854506506,13.214442345002997,,,,,,,,,-0.05667274517671125,,,,,,,,,-1.8538287149493566,,,3.122224422389907,,-0.2409370791221432,-21.573386656214385,
2018-07-06,,,,,,,,,,,-0.8775143397378029,,2.037000196922492,-3.6861348700747882,,,,,,,,,-0.323655167991007,,,,,,,,,2.2979120142321174,,,-0.9503785382643932,,-0.3980847485963964,75.60392246458585,
2018-07-13,,,,,,,,,,,-0.5634776538080897,,-0.3789857182022879,43.373886101114444,,,,,,,,,-0.6443305875929184,,,,,,,,,-0.4859417044868109,,,1.4523628242510462,,-0.1924923822811109,-37.92330609277986,
2018-07-20,,,,,,,,,,,3.0315282712687943,,8.176873099920812,43.73090306346788,,,,,,,,,-1.9973394180010127,,,,,,,,,-1.247999435035257,,,-0.21696824824101402,,0.9536857483367099,64.56752852832,
2018-07-27,,,,,,,,,,,-4.761155230064839,,-7.791694325750618,19.962584797292738,,,,,,,,,-1.1064265070414872,,,,,,,,,-24.095688311937863,,,-0.72286136971663,,-1.211613367489109,15.497533944815556,
2018-08-03,,,,,,,,,,,1.5562438542042307,,-0.5394130850475096,14.820751903945954,,,,,,,,,-0.23712164054072213,,,,,,,,,-0.39862408129209614,,,0.2382687235512322,,6.603004997475882,4.386202118474311,
2018-08-10,,,,,-0.6007744382592495,,,,,,-1.906849123952122,,-2.1955175971768055,-0.7184922906889495,,,,,,,,,1.2158524074556354,,,,,,,,,30.73292345879954,,,5.010962110620378,,29.255754148181147,0.39704268371114093,
2018-08-17,,,,,4.045665893418493,,,,,,-9.59406300558642,,-3.8049330514147597,-3.2065337248701073,,,,,,,,,-0.5644960893864575,,,,,,,,,-0.10201274277822947,,,-3.374621043446954,,-2.0130688495332416,-31.919464737233284,
2018-08-24,,,,,-0.15620129484964967,,,,,,2.3479803608034895,,-1.0380789646976614,2.32543428836639,,,,,,,,,-1.6709208632610182,,,,,,,,,12.914386217336366,,,7.746620157312561,,5.518722815945922,39.48909255224341,
2018-08-31,,,,,0.1201260944395216,,,,,,-1.6685224284915918,,0.03694309368158949,11.977812455380478,,,,,,,,,0.778848333815295,,,,,,,,,-1.6591353687739847,,,-0.7517146042848051,,0.8042193977242528,-2.285392155991523,
2018-09-07,,,,,18.03755834920043,,,,,,-6.647205916676953,,-5.217765198506871,-0.3162645169527995,,,,,,,,,0.3626320899396863,,,,,,,,,-13.912567657824043,,,-21.613592907833524,,12.808531430188854,-29.101807628522323,
2018-09-14,,,,,0.866818198546657,,,,,,-0.575279748082584,,-9.981451574263254,1.6739574849811838,,,,,,,,,1.8230498303044915,,,,,,,,,2.24095149262839,,,4.1091139453499,,0.031070253501249923,-3.2885262660624344,
2018-09-21,,,,,-0.0519554521615575,,,,,,0.33476906638021564,,-0.8223134063891702,24.803892431222227,,,,,,,,,0.7183646938496981,,,,,,,,,2.6323226736546577,,,-1.0605668851476588,,-44.23119110146787,7.456983816336766,
2018-09-30,,,,,-0.08618276115401184,,,,,,-1.5183133193449343,,-1.4883409856193353,-7.465471891003189,,,,,,,,,-0.2614021528695013,,,,,,,,,34.4507106265409,,,-1.0625695551626886,,-0.17513468276083324,-78.18304885187428,
2018-10-12,,,,,-0.16455725132319754,,,,,,-2.171473631028575,,-4.600589320336658,-9.653459257769983,,,,,,,,,-21.292226405088904,,,,,,,,,-1.5755990496921786,,,1.8392199514913845,,-0.5485877515749241,-5.881629760820633,
2018-10-19,,,,,-0.21636785693755162,,,,,,0.06694636893387926,,16.302785067085992,7.231165558150033,,,,,,,,,12.936297074022102,,,,,,,,,-1.8686328018422516,,,1.3818555160078165,,6.420674873932953,33.09059176752351,
2018-10-26,,,,,-1.1939109582038536,,,,,-29.136005895569625,5.193791725328881,,-6.372432736998347,0.40612156284649237,,,,,,,,,-0.5330040116956467,,,,,,,,,0.4916046299921372,,,-0.48006822910038827,,-0.3208919313832143,86.42904013975087,
2018-11-02,,,,,0.24179794287255962,,,,,-0.46880158719364085,-1.8065061930201307,,-2.7960656131217116,-10.140180398947289,,,,,,,,,1.2886555394108328,,,,,,,,,32.658784269600744,,,-4.501897919001677,,0.11774264865044393,0.5581091295499172,
2018-11-09,,,,,-0.7927503047813809,,,,,1.1444945886575528,-1.1119249680452905,,-2.1561630437117882,-70.96698103987303,,,,,,,,,3.532196589098951,,,,,,,,,-0.3915367615544499,,,-1.888731426025048,,4.477703466015223,5.604676444762664,
2018-11-16,,,,,1.0295040150007537,,,,,0.4772565006342194,-0.1654943253899931,,-2.1354297024558333,-3.2719551009373555,,,,,,,,,-0.5481141706340587,,,,,,,,,-3.051735221417126,,,-0.4116020710780112,,2.2859037354015115,64.83934900423446,
2018-11-23,,,,,-0.13817031986888442,,,,,15.032616023663968,2.2249588575582875,,-16.368095455597324,0.818448141631549,,,,,,,,,-0.14309848735925523,,,,,,,,,-0.45407398180456376,,,0.20870392672437044,,-3.205187071739624,16.293016206428735,
2018-11-30,,,,,-0.1551512574586936,,,,,-0.1111627270443695,-19.46248146060576,,0.6172677068440997,1.6343691117309675,,,,,,,,,53.47271243658756,,,,,,,,,15.638979321596779,,,1.9593115265305356,,-0.5150179953040759,-37.23970272021913,
2018-12-07,,,,,-1.2603407971564713,,,,,0.5096539138228711,-0.12130251577444051,,0.5007192580462481,54.6156662247081,,,,,,,,,-0.7277157266136981,,,,,,,,,-7.223663106482017,,,-0.31887354134984836,,-2.729073911135565,-0.6251410972624318,
2018-12-14,,,,,0.16767380779668645,,,,,-0.9980347865813161,-3.239471448407107,,-0.36068368939080053,-1.5047601848758754,,,,,,,,,3.4118403246872147,,,,,,,,,0.6952842021847927,,,0.7296924702258564,,1.502797703663076,0.010941043856412591,
2018-12-21,,,,,7.856507040481559,,,,,0.04936043178862948,6.498676695074533,,-0.10976901207707616,6.286319889183395,,,,,,,,,-1.028623351666053,,,,,,,,,49.86756693393987,,,-5.183237702950471,,-0.21568844847741955,-10.151074815669363,
2018-12-28,,,,,7.204136232203728,,,,,-0.22366665553642665,-4.782464697325323,,-1.3285056603069585,15.64545564427144,,,,,,,,,35.703728902365214,,,,,,,,,-0.16731547578960215,,,25.21631457422055,,-0.6455444268904673,32.37316421971716,
2019-01-04,,,,,5.791628135681038,,,,,0.41556942045572987,-1.2676838035158107,,-1.5966064425258928,-0.4929094338273122,,,,,,,,,5.050563553103569,,,,,,,,,6.606684025755965,,,-0.3137757042516093,,-0.2682329968689786,2.0144575130408713,
2019-01-11,,,,,0.45615615128372466,,,,,0.2880656480651407,4.1508958064846535,,10.043724352528296,0.5682780450148267,,,,,,,,,0.6867533300766115,,,,,,,,,-5.1630498678532755,,,5.259760719662169,,-0.36209964518032806,10.772763354428605,
2019-01-18,,,,,-4.466762195753826,,,,,0.08344158206091609,0.4011921281191193,,-8.688472112064135,27.188532086342473,,,,,,,,,-0.2210210777221691,,,,,,,,,-0.6984615655722407,,,-6.549089496289177,,-0.10076005778096525,-1.1083756386709291,
2019-01-25,,,,,-1.3831820985130414,,,,,0.07819572250634643,-8.034576145555466,,-4.04197033936558,-0.058957921137261615,,,,,,,,,-0.20682522993987035,,,,,,,,,-0.27251650824068213,,,-12.389115635597449,,-27.796992526077265,54.9794179859895,
2019-02-01,,,,,1.1465958889635448,,,,,1.6803051177780484,-0.2973371623678018,,-1.367547839472813,-2.662300980706579,,,,,,,,,-2.6448652786431364,,,,,,,,,-1.9450170285668693,,,-1.8790187812679564,,-0.2731071281525155,-0.06455011845629388,
2019-02-15,,,,,-0.15110934909445725,,,,,-0.1353920844140779,0.5587489279621463,,0.20235747412481975,-19.634333708518003,,,,,,,,,4.364479324385265,,,,,,,,,-61.37929246613956,,,-0.37071211715027563,,31.10094241236416,-7.433210149401059,
2019-02-22,,,,,-3.6203905611309812,,,,,-18.600074903618257,-1.5500973113315661,,-0.9949320780265272,-1.4049419115674444,,,,,,,,,-0.08681204779263003,,,,,,,,,-1.6898817396201191,,,0.2544246949539053,,0.24886001140204328,10.373358245693822,
2019-03-01,,,,,0.5885806590473475,,,,,-4.743448555282361,0.30405362292310467,,-0.5110111314301639,1.1012422783838782,,,,,,,,,0.756523302723219,,,,,,,,,11.41167506105008,,,-2.134861072311426,,0.1349881721254257,-31.722194175760883,
2019-03-08,,,,,-0.3945874054951476,,,,,0.14307009515406321,-1.911827141802806,,-0.711324345119593,1.8513582478262247,,,,,,,,,1.411541271349197,,,,,,,,,-1.719987765697046,,,-11.606796254110401,,48.607691724795174,-4.316519929517782,
2019-03-15,,,,,-0.12340785757599154,,,,,-0.13420388439442554,-1.9678426403496623,,-1.989661038495374,-1.5071834488159392,,,,,,,,,1.6219277358081508,,,,,,,,,3.874483723363006,,,-1.0837146211395716,,-0.9569139532492399,1.348060041843734,
2019-03-22,,,,,0.10064927121981682,,,,,-4.232010846790031,-1.770503246366228,,-1.666585156508543,-2.8837314284760556,,,,,,,,,-0.9050920446091351,,,,,,,,,-1.9647139758387802,,,0.7048305455506015,,-0.13104987279554864,-10.451943876192432,
2019-03-31,,,,,0.014807299890415626,,,,,0.44088064711377317,-1.4429610514917168,,-2.884114858731047,-0.32647207849172544,,,,,,,,,-0.13609680979689004,,,,,,,,,-0.2419651451207092,,,-1.6547550396572563,,-8.06541142446026,-25.931526527139443,
2019-04-04,,,,,6.242760184244461,,,,,-3.198559030068667,2.6832559635074102,,2.543751102964459,1.3268295565318031,,,,,,,,,0.158310726216863,,,,,,,,,-0.8878012382233159,,,-4.923191962683479,,-6.546512037160182,2.630151851044074,
2019-04-12,,,,,1.2241422142980332,,,,,-1.1560364524855984,-3.3690976564548065,,-15.395618447527356,-0.047591252815019,,,,,,,,,-2.8138357879179936,,,,,,,,,-1.6104962960295646,,,-4.316739673342933,,-0.10720409888623184,2.2441880119801505,
2019-04-19,,,,,-0.14709870575278486,,,,,-1.4284923335586535,-54.7948452976389,,-21.5514049607386,2.771487667044437,,,,,,,,,3.2011020361840252,,,,,,,,,0.42660386902223335,,,-0.016496412107018923,,7.795289721526055,-8.942729343049873,
2019-04-26,,,,,-0.18434350867561689,,,,,-0.23335450236298821,-10.121370007049192,,-7.5973026160117225,25.483925411584234,,,,,,,,,4.193923176985139,,,,,,,,,-72.63964610714171,,,-3.4924768098443915,,33.93217359262365,35.09696826724188,
2019-04-30,,,,,-0.35569144953961035,,,,,-0.32885723032795866,-1.5283547484223656,,-4.474135138065888,4.310054494960737,,,,,,,,,1.140015808458408,,,,,,,,,6.22279197303482,,,-3.1916734070679453,,-2.0304264509961523,1.7624444601799998,
2019-05-10,,,,,0.03220536532459861,,,,,0.4970838825441266,-31.741262920671247,,0.6755530695632342,0.12291927246639367,,,,,,,,,15.842533284876325,,,,,,,,,-1.993645133502493,,,-2.347219684435832,,-0.5170983461607206,-3.6619048261070093,
2019-05-17,,,,,0.10274595731951125,,,,,0.6903394348082297,-1.7912791421897487,,1.7273510490401085,62.88311467084995,,,,,,,,,-0.27743758604508056,,,,,,,,,-4.502857380149594,,,-2.1566277615071625,,-0.98651519719792,-1.0356123444625875,
2019-05-24,,,,,2.4868739185249806,,,,,37.81723372520322,-0.9499348797111291,,-0.5276777453565817,-79.49157749665638,,,,,,,,,-3.1514188588846155,,,,,,,,,-2.2267690043583848,,,-4.216821848097992,,-1.7267943645537365,7.2439233268855405,
2019-05-31,,,,,-3.1785192453441713,,,,,-16.091402429118588,-0.784053353144416,,-0.8340597947126531,68.17772530412859,,,,,,,,,3.162282983997991,,,,,,,,,-0.8960985384545825,,,-2.2517789838806523,,-0.890478806242811,-6.957961212475231,
2019-06-06,,,,,52.75332189474173,,,,,1.0328761784034746,13.077097451855861,,-0.2936857288979549,-1.6435225338506882,,,,,,,,,-0.1814315799341852,,,,,,,,,1.673513330382899,,,0.4729462810989056,,-22.988469475780512,53.395610924818385,
2019-06-14,,,,,-0.18245279557826133,,,,,-1.756115449814366,-1.0191051859687417,,-0.2798856622851187,21.665667692330164,,,,,,,,,-0.004068429472695367,,,,,,,,,-0.685033272706757,,,2.6168627217249174,,-0.0677818461039289,-78.56255597696898,
2019-06-21,,,,,-1.2141284676253477,,,,,-0.42130008126507035,-31.768025302226025,,24.63603812802569,1.3256753066434093,,,,,,,,,20.707783367794182,,,,,,,,,-2.8541472441932108,,,0.5619830650364879,,-0.464195021544484,-2.4992915391563253,
2019-06-30,,,,,-0.347553804355617,,,,,-5.872061318118483,-0.7328969757748917,,-2.9628746261133134,1.6694415069002857,,,,,,,,,24.42447686487545,,,,,,,,,-0.6344120588149385,,,-0.04047607280030524,,-0.5363391301589493,5.065477289309332,
2019-07-05,,,,,-5.462819566016283,,,,,-0.26033372544139466,-7.134406483399889,,-15.363688081504888,-10.732323994260682,,,,,,,,,-5.8939567418668695,,,,,,,,,-2.7251504240056192,,,-1.1171003417502807,,0.4941010833183547,-2.266655510632474,
2019-07-12,,,,,-0.0033891568887362,,,,,-0.9229054534167312,2.444743348719557,,0.5298890646583908,-0.7497374729864024,,,,,,,,,-0.6620150664795215,,,,,,,,,-1.116175341475051,,,4.5310657931368254,,-0.2054836341051834,-20.506535553462644,
2019-07-19,,,,,-32.690036297309746,,,,,-0.11323607176438671,-1.1520752335516216,,-1.7431746872828517,6.5990710666298025,,,,,,,,,-0.5429819656296875,,,,,,,,,10.928414991966687,,,1.223198734517579,,-0.3882544688362366,0.7289717530266255,
2019-07-26,,,,,1.1530845020808917,,,,,-1.450204862363093,-1.6221389661931997,,-0.7978111437262684,6.700019132758573,,,,,,,,,-24.845960034565955,,,,,,,,,-1.2277018920733815,,,13.346499612971076,,-0.16891047388510674,-4.563294315778639,
2019-08-02,,,,,4.775648622380453,,,,,-1.1132417757773299,-1.3088977419671206,,-4.595297997203457,-0.5982332245863491,,,,,,,,,2.4739225053380185,,,,,,,,,20.123094437293556,,,-2.272363743479516,,-0.6606880470620531,-37.50555994311305,
2019-08-09,,,,,39.190198561432716,,,,,12.828351968653823,13.385901881158887,,0.6108631941641063,-1.7899027926822089,,,,,,,,,1.1562169886199096,,,,,,,,,17.82494084163854,,,-1.2147522748300854,,0.8721123454589735,2.2576219763923167,
2019-08-16,,,,,-1.1047002923472011,,,,,0.21443085161280134,-11.535985537537687,,-0.3487647012141255,-1.8036743924623513,,,,,,,,,0.05130145603442959,,,,,,,,,-10.276798414169912,,,-0.6306059168442961,,-0.00926268546400947,-4.616833957272476,
2019-08-23,,,,,18.215793899991645,,,,,-0.2580363950836376,-5.269856477076287,,-0.5692287417426548,3.9052439906452054,,,,,,,,,,,,,,,,,,-1.0702616577222017,,,-0.17314072417613327,,-0.8374385290265112,-0.7745957876747411,
2019-08-30,,,,,-0.26183888115946197,,,,,4.801790514456185,1.409636563188171,,-1.7353424106121937,-0.24667166990098782,,,,,,,,,,,,,,,,,,0.7893063707734906,,,-8.744296734471767,,1.2078706575186506,-90.19323003406888,
2019-09-06,,,,,-7.22129187488742,,,,,-3.8584832557138045,-5.06513219301527,,-4.953771978942623,-9.910760142640811,,,,,,,,,,,,,,,,,,9.714449929064266,,,0.3147415567105859,,-48.538418612391595,0.6195992310823696,
2019-09-12,,,,,-0.07300256008246819,,,,,-0.23195221845202738,5.917404647685491,,2.2139526486682604,-3.2368081436767113,,,,,,,,,,,,,,,,,,-1.3797285497617917,,,-11.396145663856187,,-1.3804562956577917,17.108314423876898,
2019-09-20,,,,,0.1903735403624514,,,,,0.10238391597235696,3.554409967009336,,-1.0246873409162915,5.442742638855621,,,,,,,,,,,,,,,,,,-3.5493802046778287,,,-36.479880082938735,,-0.11377894841672764,70.98900109695458,
2019-09-27,,,,,-2.0705553754491275,,,,,-2.496600986765404,-0.704844142969119,,2.341406167408124,-4.670094771948293,,,,,,,,,,,,,,,,,,-1.3277960152267165,,,-0.03064764630278538,,0.15125831677077833,9.92082050873243,
2019-09-30,,,,,-15.362590444404972,,,,,-0.5528179729911464,10.339153689134728,,-0.5342774313050432,15.116005021264295,,,,,,,,,,,,,,,,,,4.5007273705848485,,,2.268818767909452,,0.6254235841617601,4.829580780748069,
2019-10-11,,,,,-0.6954987428048602,,,,,-0.04051885413939893,-9.734666622727989,,9.101350881527171,1.5753767688421343,,,,,,,,,,,,,,,,,,-0.557415468465275,,,-8.599386759057936,,25.837948148545372,7.065141555326439,
2019-10-18,,,,,4.7421754907459555,,,,,-26.56907026057298,-0.2247580697094147,,16.91043997316201,-26.748514437153798,,,,,,,,,,,,,,,,,,34.15607594996906,,,-2.508243285323261,,-2.602939161041611,-0.56265747753816,
2019-10-25,,,,,1.332266222633229,,,,,-0.6327236330466142,-2.513407977829859,,-6.915759680277677,1.1067105431303428,,,,,,,,,,,,,,,,,,27.68150462375176,,,-4.038287976969168,,-0.18814581305777228,-105.94644172329876,
2019-11-01,,,,,57.992945892156115,,,,,0.17860333474373835,10.402588890367747,,-0.22551796248423242,0.8709747039089606,,,,,,,,,,,,,,,,,,46.13020961146096,,,0.28753558143138663,,-4.505454291364422,-0.9299503519795419,
2019-11-08,,,,,86.83305940683684,,,,,-0.013782250585307215,-1.775195203661035,,-0.8095677749008535,-35.70588917089373,,,,,,,,,,,,,,,,,,-20.351567575805838,,,-5.26810871310372,,3.4224451908195643,3.2734718281026423,
2019-11-15,,,,,-0.26150360450330445,,,,,-9.007717143518109,6.115554398313241,,22.030010660551827,2.7610702055133522,,,,,,,,,,,,,,,,,,0.31288085797189535,,,2.7605278829795488,,0.06335980986899065,1.2256121660607153,
2019-11-22,,,,,-0.5174501671895178,,,,,1.2155933538545174,-27.4538391068713,,-5.103317715800082,22.150701808340717,,,,,,,,,,,,,,,,,,-5.669274553966748,,,-2.8286649370382886,,5.226112736943156,-7.292411459979732,-23.413711709777917
2019-11-29,,,,,-0.5988854915351556,,,,,-0.18425153146102533,-4.497402687186473,,-0.30150753811709435,-1.59637498719118,,,,,,,,,,,,,,,,,,-1.5563920785226795,,,-2.9703286070247787,,-0.9890188201854145,1.2765535510562593,-0.5239894598104408
2019-12-06,,,,,3.2918588355016514,,,,,-1.801418486698096,-12.114611766996559,,-0.5784925565275503,-0.5322501539578768,,,,,,,,,,,,,0.31791672996431414,,,,,-10.88677762287779,,,8.301578368779362,,3.970966165750868,-0.2664855474517366,4.6198914500437125
2019-12-13,,,,,0.2558546258580038,,,,,-5.398015086143108,-1.6911121653106151,,-25.656108733285514,-49.30516548049417,,,,,,,,,,,,,-0.13882040800679846,,,,,-20.77978469641927,,,0.545949911922694,,28.92328113084128,0.2816298561234185,2.0634830279584695
2019-12-20,,,,,-0.3620094857193048,,,,,0.574124346539507,-0.9481703927378481,,-1.461209269823577,-35.423555184026384,,,,,,,,,,,,,25.00039929694204,,,,,-1.824952285724497,,,-0.7765687911344332,,-0.8407840782420875,-1.2095390839824258,-0.3268568587140494
2019-12-27,,,,,-0.11676981566966826,,,,,0.037771148800113674,20.021609248033897,,-1.3628506002107645,-0.6310180891357554,,,,,,,,,,,,,1.7499159499907448,,,,,-2.7995494085383035,,,-0.8479942551013109,,-0.15216018358158206,-1.4733908153225166,0.2947770542151904
2020-01-03,,,,,-1.5767539449705468,,,,-0.20229136510810797,-2.7502728192859545,-1.8590289622413776,-51.32672964354105,-1.1812288772002637,36.74136263846777,,,,,,,,,,,,,-0.2337070488095564,,,,,-0.10036877297596708,,,3.2268478672437473,,-1.370790311469204,-25.78238910683751,2.7819476737850977
2020-01-10,,,,,-0.7187666608844703,,,,-2.035168864979211,-0.5705913924305932,-2.6886096612790684,-3.4456945012884788,1.6214536875620098,10.208345643337372,,,,,,,,,,,,,4.093856548950954,,,,,-0.6234982629287534,,,0.9602994870257091,,17.00784687375934,-97.72309214866215,-0.28738875071431597
2020-01-17,,,,,0.6442951113722251,,,,-6.673146533756257,-3.4994790380638685,-7.621811924510095,4.170225397986215,-0.5277390835922302,19.9306069467993,,,,,,,,,,,,,-0.5766412636756183,,,,,-29.4243207768137,,,19.49056001055402,,-0.3733864432995248,35.92133753230812,13.289561157498412
2020-01-23,,,,,-0.9560810309221133,,,,7.216082878445351,-3.173271374896217,30.350029670511187,-0.18005263037696406,1.608074357752138,-1.6869274759091888,,,,,,,,,,,,,4.563569385592773,,,,,-2.6284141596804114,,,-1.2433749023333032,,-0.2881606609182625,-1.3886633461972584,-0.2749510825421603
2020-02-07,,,,,4.703295354075927,,,,0.7611121462097501,0.7848854785797399,6.306200172866487,-3.5236985893893866,-2.391464641268758,1.5923433833826233,,,,,,,,,,,,,-0.3115420837643181,,,,,-4.726499131499236,,,-3.650440024479054,,-0.36963461631456074,-5.91786016603711,-0.6828414846042625
2020-02-14,,,,,0.04755613087972774,,,,-0.013582496292151192,-1.4985927403836063,-11.169702519117694,6.366824561148516,1.5612058463024314,-15.067121045075183,,,,,,,,,,,,,0.966284589272705,,,,,-2.1619326946179704,,,2.952827229587135,,3.8618782070532416,17.09447291181701,-10.532775712489318
2020-02-21,,,,,0.07694096325172733,,,,-0.09841423777699876,0.03085560376995039,-0.7026847942601602,3.701000631539601,-0.6146594633107665,0.8795345311864264,,,,,,,,,,,,,-0.14404354628550126,,,,,9.839703686750763,,,-2.6424983546444256,,-1.1384565608130504,8.335279985233939,-0.3739611819059883
2020-02-28,,,,,0.9820434096325577,,,,-0.12762199173275973,-0.06728742660499559,48.350806867498896,-0.051852429817549395,-8.624188478669238,45.25576246514246,,,,,,,,,,,,,-0.29534724197960627,,,,,-6.181213843718945,,,-10.807084517017145,,-22.67956088966691,36.56721343804044,1.314360692643865
2020-03-06,,,,,0.12982485231824914,,,,-0.292284401403664,-0.22695096218558033,7.914040298621437,32.16861063025941,-4.889647739778963,-0.6719670939879834,,,,,,,,,,,,,-0.20317137136277905,,,,,-2.4441905614546395,,,22.830497076928832,,2.1572659931244473,-12.546440979979787,0.21709819408277825
2020-03-13,2.463683057932913,,,,-24.29731398124227,,,,-1.7664829853628268,-5.476873354062999,-0.8807456952739889,-16.267566555503265,-0.6691384548019418,-1.8929701961062446,,,,,,,,,,,,,-0.08765594643373394,,,,,-1.8102235218885716,1.0302666732587467,,-1.7886808166401156,,-1.6240423598110718,24.780569948907573,-4.487830766746922
2020-03-20,31.99106141150093,,,,0.6047769246338849,,,,-0.0065330068597159174,-0.528331810368494,-2.9813912078318796,0.4318592535573821,-0.3205606781260653,10.73760425155444,,,,,-2.947322828905768,,,,,,,,-0.18297720875706186,,,,,-1.4365530151000983,-0.2936982771542026,,-1.9609241464541387,,-0.4420915224744044,5.105360803143442,-8.735239743326147
2020-03-27,-0.24894882662983436,,,,0.15344306730488105,,,,1.6412183742767863,-0.46596757437302627,-15.865496919436607,-0.5132666207830172,-2.3869078369541192,4.275873996491607,,,,,1.285694680710778,,,,,,,,1.258127073569831,,,,,-2.9009383817930567,,,0.6386965677449872,,-0.31494922613008125,-20.97817002295706,-0.02469589578690936
2020-04-03,,,,,-0.8395779368065487,,,,-0.478938967439974,-2.0583409212200205,-10.964478243034927,-2.651944747964839,-4.335514040772876,-6.443529939491641,,,,,,,,,,,,,-0.4163054369144296,,,,,1.7784236801346758,,-0.40226801614355434,-0.5614969177122762,,0.4776784999605286,1.588662488713562,-1.1303163931642193
2020-04-10,,,,,-0.19325721401297546,,,,-11.690747394662985,11.78576890368457,-8.147821253418801,-0.42151145883548913,-0.879107938515579,21.838945577413313,,,,,,,,,,,,,-0.18839195380027915,,,,,12.54772422741447,,-0.038733207081966314,-2.3499267294867874,,-0.24428101001279326,-4.153816072936647,0.32689641621127463
2020-04-17,,,,,-1.1209300607095511,,,,-0.03126980479720076,-0.09056577553000228,-23.01638297119867,-0.26414417977029475,-0.4298347766128404,-3.153471013687489,,,,,,,,,,,,,0.05133180830656903,,,,,2.3480008898540476,,-0.17638277774774985,-0.0849383686599603,,-0.3615219289975403,0.3978251659663157,
2020-04-24,,,,,-7.054574731660972,,,,4.646332160069676,-10.577696350867592,-2.478773614700133,0.05847400284524108,1.1627811207319019,2.9114879736693395,,,,,,,,,,,,,-0.27976918961893105,,,,,-6.169593219044778,,-0.1604681059474341,29.1075452029816,,0.5854919630666784,6.158250537159842,
2020-04-30,,,,,0.19897777658252708,,,,-0.06426892950052579,-0.174933020434348,2.7598790902515264,-0.7077211282055518,-0.9526307793404305,0.42195078840418043,,,,,,,,,,,,,-0.48540261251858385,,,,,4.768537608951866,,-0.1613858875294553,-20.63331045103297,,0.201910824593442,-3.8536980723060306,
2020-05-08,,,,,-0.22560807304093666,,,,-1.553545880933263,-5.619684491353753,-8.796891707986747,8.639251668117561,-7.551707497538844,20.576206477048167,,,,,,,,,,,,,-0.35383399034554996,,,,,8.262942853057895,,3.5711793767339466,5.055833922806804,,-0.13014127967954506,6.84553850771496,
2020-05-15,,,,,-0.13201070096318046,,,,3.296135852508991,-0.07748377069344711,-5.321952941977383,-11.66131657744127,-0.4894226017151442,-3.631326848957826,,,,,,,,,,,,,0.7040921619493834,,,,,-2.414452809648938,,-0.6139740337118196,-3.0824986952331463,,-0.35775839926375436,14.181009293750577,
2020-05-22,,,,,-0.23918900189057787,,,,-3.188016086969057,-4.709904528004316,-2.593294460313521,-36.7888088918024,4.01443306796249,-59.991107728379,,,,,,,,,,,,,0.0021925662357660386,,,,,-1.335750872036557,,-0.3108053229304357,-1.3414008838421838,,-1.7777754427707273,4.994457195527667,
2020-05-29,,,,,0.2110312620560928,,,,5.510624105763072,0.24918232667917029,-24.810456159422458,-3.0268792749996756,-0.15508222351235856,-4.697524954014287,,,,,,,,,,,,,-0.909793702699735,,,,,-0.5392509821663599,,-0.44042271866962546,0.3024963784404634,,0.15092148837533015,1.1381326643569358,
2020-06-05,,,,,32.139078055394904,,,,-0.05137145751206282,-0.9765524541568038,-13.807014774569506,-0.1447897593047315,1.9512521065305872,-54.75877758847101,,,,,,,,,,,,,-0.24566986628923299,,,,,-1.2169092242945048,,-13.884163306302899,0.2778357310048151,,-0.7002058069397894,9.138549886633692,
2020-06-12,,,,,2.554840072911836,,,,-0.4870648147647165,-0.5159668657797577,2.8719544040921465,12.64102607007844,2.6409654005394376,-0.867449698230015,,,,,,,,,,,,,2.1441363849988524,,,,,0.1311082186005202,,-3.137596816459353,-0.16044459003100853,,-2.6852197872341366,14.586069512926024,
2020-06-19,,,,,0.20219409704354424,,,,7.507773370406567,-0.21291638964730755,-4.9437526130744605,-7.982823870672589,-5.871976445836614,-2.570099255507163,,,,,,,,,,,,,0.027093887537328804,,,,,7.9124818151774745,,-2.912477400925321,4.161626753538707,,-0.5391669425875832,-27.220023805953527,
2020-06-24,,,,,-1.15702420895907,,,,-0.5631566537602012,14.868509472562344,-2.853054918417315,-0.5956945500485734,1.7645913512458808,-3.979689092773424,,,,,,,,,,,,,-0.15862533616519717,,,,,-11.285093410026876,,0.18614910472594606,3.565993388441877,,-1.0867976103876968,1.7208632740934209,
2020-07-03,,,,,4.119149998950762,,,,-0.9774281369346598,-0.12470102417964435,-0.20296213157084309,2.4995602309022593,-1.368762893210848,-65.66300112936227,,,,,,,,,,,,,-0.30902255959651465,,,,,-0.2890005836924331,,-0.5761243034466662,7.988798041458072,,4.87039494768867,-22.836018259209546,
2020-07-10,,,,,-3.5217157700337474,,,,-25.401372730091584,-0.5178065489948354,-1.7855878637582032,-10.280902480907248,-0.5604148868068987,40.9621179743605,,,,,,,,,,,,,12.069666985945517,,,,,-3.631028788986124,,-0.8041780526443756,-5.628967650255468,,1.9184252173514413,7.033640875640835,
2020-07-17,,,,,1.1883148813933082,,,,-4.917076693309128,-0.11366144526115901,-0.595927766962413,4.548709622619401,-0.6144926449153385,32.174465191197,,,,,,,,,,,,,0.315959119390407,,,,,-31.203040635789,,-0.18467635910013935,-5.624043061938096,,-2.734933914063224,-35.87113494025452,
2020-07-24,-0.29652135033461596,,,,0.3630564912548173,,,,3.255960492978602,-30.733413389820946,-3.501519521832795,1.2201545274596897,-0.5146794343721336,-1.7751276126579247,,,,,,,,,,,,,-21.27128685784815,,,,,-0.6053155821656453,,-1.3897871774167183,-0.6349273819209287,,-0.2156767593389422,32.978103683613924,
2020-07-31,-0.14265842738806556,,,,0.697344033854443,,,,-0.34964029639422134,-0.2900405805552123,-3.3024078685746097,-0.7002190177246682,-0.07170334694598648,-0.6850669608785395,,,,,-0.15233684203149694,,,,,,,,1.5821612337967363,,,,,24.60920548910736,,-0.09347649800070357,-4.1620822995583415,,2.4219159665440104,4.092587790208443,
2020-08-07,-5.3124941490713,,,,0.0683149384992996,,,,-0.7201833238177034,-0.5317484757248182,-1.0532751203153436,31.28401571369135,-0.20282533434675473,0.08879986065467962,,,,,1.7436872068572065,,,,,,,,2.7191366154914345,,,,,6.409145496617607,,-0.6868500922788661,-1.1355854684182003,,0.35538256926775486,26.478293025058885,
2020-08-14,-0.18587802400132328,,,,0.42252077114759057,,,,5.393845735139651,-0.9618765589556044,-5.875908428142309,0.7701807106879465,-3.6992833347032366,24.217286602790985,,,,,-0.223005090288377,,,,,,,,-21.990506413622626,,,,,-0.5338185831265856,,-3.5567306205585014,-30.567708763415627,,-1.1598479430958617,0.20115079587133033,
2020-08-21,-0.16256216774405804,,,,-1.049804376727142,,,,-1.8904661907775846,-0.13245612059977113,-48.6309124657097,15.543066364938882,0.3540878823616991,9.90143911847561,,,,,-0.5765658582646915,,,,,,,,0.34471694463903935,,,,,-1.5620248757529747,,-1.988739109189448,0.001601747884188126,,-0.37800414950002775,0.8439256915435075,
2020-08-28,-0.13966789177069108,,,,,,,,-0.14137143666598206,-0.20540005259804017,32.25863036882539,-0.05025192485970073,-2.7364108209659297,-2.712182565699469,,,,,,-0.9173667370018376,,,,,,,14.615870375958373,,,,,-20.95811586190467,,-0.02220289967614708,-0.2695827396510154,,-26.01957473731445,0.6944238917720977,
2020-09-04,-2.7771778723069938,,,,,,,,-0.4113875686078199,32.38833312976972,-0.3815503674318371,-8.633344135761337,-0.0761767167008909,1.520562409267153,,,,,,-0.0505111367707176,,,,,,,,,,,,0.34645429916872883,,-41.5162130521946,0.8907525633797577,,12.597901856395294,-0.556291434567228,
2020-09-11,3.788224602947131,,,,,,,,0.17684817873251146,-2.423431261776513,-0.5672730985414186,48.0022788601882,-4.794536389838786,-2.224897935974001,,,,,,0.5313122732845179,,,,,,,,,,,,8.468673116439046,,-0.9066756150262308,-0.8076864652734782,,-3.3067852194231353,-1.4417116874454112,
2020-09-18,0.12743151520213442,,,,,,,,-0.18332414089798973,-0.3367137226418939,21.152891480380937,-7.640254436449409,0.7631832600441055,-4.4121044960162585,,,,,,-0.8218747949370964,,,,,,,,,,,,-0.13988552355182743,,-6.797882189915016,-1.3050544992236515,-0.06397224362697962,4.774048825465972,35.90485869823419,
2020-09-25,0.0662143709458114,,,,,,,,1.6982298849765534,-1.080506658460417,-2.3302559157102674,-10.264353116721153,0.5860837399105643,1.736040533567074,,,,,,-28.424880411011845,,,,,,,,,,,,52.1495242469411,,-15.297807058642839,-0.5507291413827791,-4.193960035162007,-10.64866992880146,-132.80714212048946,
2020-09-30,0.05419449129856889,,,,,,,,-0.5705031030924519,0.288700830706742,15.51780327447049,9.33624237797894,0.15512123088429886,-28.197110033281078,,,,-0.11528066032807202,,4.418352522396529,,,,,,,,,,,,-51.949118835028116,,-39.118486131852386,1.8623035043116487,-0.07043974383783373,1.3550017845125315,-75.9640997424336,
2020-10-09,-1.7583965642969988,,,,,,,,0.5881857158545897,-0.37249736366287783,-1.574349062582137,2.4835534943469195,-0.25091798938856136,-1.2749557824888225,,,,-0.46852440564296993,,12.05854083162236,,,,,,,,,-2.022721922098553,,,1.0388244150271486,,1.4721163878302614,-0.03627956388210707,-0.07507984072247456,-1.442514569393991,12.937067554510655,
2020-10-16,-14.885541172689894,,,,,,,,-24.47862248656307,-0.7596717500745653,0.7182975635977475,-1.7553564199040297,-0.8108585021185982,0.6957621319491597,,,,-6.042705174538364,,-12.84349748901825,,,,,,,,,-0.3830427388958463,,,12.255291848495062,,7.978273619328815,-0.6670429457321498,-0.11432156691319842,12.370082510850457,-0.3156813007777136,
2020-10-23,-1.3149470496407683,,,,,,,,-2.222353189843328,0.6012510037576784,31.79437079874611,-6.698216280959429,-1.4878548772376643,13.297032975773746,,,,-0.2229770466699679,,-1.120728023583582,,,,,,,,,-0.01376521253177898,,,9.25375562346975,,-11.391073006122589,-0.7597491362782729,-0.7399431377060194,-1.1392787384465226,-6.546199683941368,
2020-10-30,31.730793150895394,,,,,,,,2.0480057340703537,-1.1333204095206373,-0.7798721968863,0.88495164946338,-0.21538665622192743,17.132445683079546,,,,-1.1293755221878006,,1.1978511044674374,,,,,,,,,0.6732933055601491,,,4.653447043692136,-0.4457393462753617,-0.40311543129608285,-6.171128740094614,-1.0185694977570243,-0.689689587482322,0.7210367147307402,
2020-11-06,0.17735678452162726,,,,-16.640343690802695,,,,-0.058171157185994055,0.9606164769500726,-5.041966778801193,-0.9818785051307137,-0.2424499612017093,16.74550771187788,,,,0.2500345181435797,,-22.888038537839986,,,,,,,,,-2.0787854322423307,,,0.96778401385574,-0.5956500615849134,19.073938591915677,0.3839709766540292,0.25185815453041316,0.45246380367984373,53.23630582407808,
2020-11-13,-0.41258705650650696,,,,-0.7528532754772785,,,,-20.15198527521273,16.58430096562876,1.5084302690231368,3.3310290974648624,-0.42718377783180994,-73.18984059417939,,,,-3.184696222973646,,0.2656144983810882,,,,,,,,,5.1963896272011,,,-28.74971618645282,16.574882398187135,2.8999509090860895,-17.6451390134724,7.08397379244438,0.08811021631952054,4.181281272902924,
2020-11-20,2.5963929921431568,,,,-0.3221506961546655,,,,14.408083470829553,-0.8990567860761058,4.5032723570134365,-1.6961899059710368,-2.556627140303833,12.69413002811913,,,,-0.050115532322962675,,-12.318784619151874,,,,,,,,,-0.33106935605643883,,,11.689922202395973,-0.8716568374369582,-55.04708870815779,-0.7511373682658511,-0.4599785388235581,24.742629239676514,-1.8926192823677588,
2020-11-27,-1.9744044139297074,,,,-0.5042920172499968,,,,-0.5527327215687201,-25.51281930289548,-1.2609348135816858,-3.265986640979513,-0.12102797652940915,14.913436509266823,,,,-0.7525070930942591,,-33.11952748188495,,,,,,,,,-2.8885589614108276,,,-1.531613978268344,-0.08535113582956744,1.6734070333537154,2.9378511341366957,-1.236912628085736,-44.20736065413647,44.899377901907116,
2020-12-04,56.93016224744347,,,,-36.03592337184676,,,,-0.15449326932694363,-0.15738087734814116,-8.042609274924077,-12.121585759088825,-0.03718148919496719,-5.3280986657810585,,,,-2.185520116774937,,0.220473534505189,,,,,,,,,-0.8715773309576091,,,-0.7790422217515699,-3.6857872758011894,-7.558770546764127,-1.9225214265106476,0.09010146755979051,-78.87869481815005,52.03298105418322,
2020-12-11,-4.065898364131929,,,,-20.615867422699772,,,,-0.8815859236328522,-1.4179938135120551,5.711471987377056,-25.897861030676594,1.015866552391161,60.15288896387187,,,,-0.71738864700731,,-5.8790555726450835,,,,,,,,,-12.376100189540214,,,-0.19130717758824173,-0.41243192294455966,11.928412516010377,0.29994389136214705,5.047776769943525,-8.804850572626814,-5.235405761184475,
2020-12-18,-1.780663961384367,,,,-4.240460080927877,,,,0.08568142117815096,-0.03432142163504537,-10.44198848005675,18.04970475003234,-0.3399365655530716,-8.595262246630742,,,,-1.5582355377562576,,-7.0555552198062905,,,,,,,,,0.06269080094289531,,,-3.462227246411942,-1.4554169089023212,1.1096298121304484,34.66863649620957,-0.08749010715345583,43.89320847519211,-13.718098902722302,
2020-12-25,1.2995166093088677,,,,-29.87741643051759,,,,-0.01229230134177306,-2.414034946279883,-2.7724611228576386,10.300036294385986,-0.7549701710957952,-5.730123028258184,,,,-0.2317145488270284,,-103.47510538778235,,,,,,,,,-0.42157577385173806,,,0.055973153370058704,-0.17051080695046897,-0.3751033117977556,21.432733568728572,0.026231520866103086,-37.231733857431564,-12.7759302576651,
2020-12-31,-0.19158711007802448,,,,0.3955292492976362,,,,-0.5992940146766883,-0.5583379066663114,2.6451567598304804,-4.5991669873465995,-1.0096434710497855,6.035949717018385,,,,-0.02948317727108394,,-13.390728979249943,,,,,,,,,-8.05992074438688,,,4.280204351998257,-0.3058811803699115,-7.394480348006656,9.091962042749863,-4.417997174227304,-29.443719874858765,-8.054861213087923,
2021-01-08,0.7382975490586405,,,,-0.9454969178265864,,,,-0.6242085050468286,0.3237423747876245,-15.823022633027026,-17.421047618764735,-0.054851023103838124,6.7747984359840885,,,,-1.1843129818931846,,4.076049034434545,,,,,,,,,0.06800792270673761,,,-0.9814617592579974,0.11260731555014292,4.349907933152755,7.68758161197767,2.2117863267039546,-1.3359684884618181,-8.90002411970358,
2021-01-15,0.3136632787019935,,,,-1.1513989873096762,,,,-0.3756334521476586,-4.937457829052025,-1.2994931546584474,99.01827745382387,-0.25765116718972497,-2.122352846296666,,,,-0.1330055047037817,,44.90855656263223,,,,,,,,,1.0093517087228774,,,36.482346627561185,-0.16243599789697077,-3.310391627245446,9.410985303507939,-6.625171854266922,-24.411196619043622,-6.158806763309192,
2021-01-22,0.4126699915947224,,,,0.30738550534509207,,,,-0.8376429418620776,0.40395368073167964,33.49368354437661,-5.778936063889084,9.63092100220565,-9.527190279097926,,,,-0.6300470629431296,,-1.129011827908316,,,,,,,,,-0.20909938901650077,,,26.542150090631893,-0.5751300440970558,-0.824797187148965,2.0142952685812228,-32.01030944835782,-4.644448536235015,-11.217970876731034,
2021-01-29,-0.22127227232928195,,,,30.482801200915304,,,,0.5240751582962299,0.5113043455057286,15.12372951104008,-9.028165053691586,-0.4880792152139163,-1.7217334724060924,,,,-1.1248673824784798,,-15.3383233655986,,,,,,,,,-17.286509161759675,,,31.256131512893937,-1.401708972637853,3.427664496974568,0.2748888062889323,0.18048216153702792,0.07330975097144021,-7.260408419067986,
2021-02-05,-2.7324675408475647,,,,1.1784660103306361,,,,0.5703144012343535,0.7051274639989653,-0.2532692654368511,6.195283970079309,-2.4396849755389622,-28.822637900515527,,,,-0.15494156007738666,,-5.577051039717648,,,,,,,,,0.12752644824317477,,,2.779056072256712,-0.817137951075618,-3.8616575350170783,18.384470369654874,-0.5026110915608348,35.91225939481862,-65.53970703672732,
2021-02-10,-0.08389054400390644,,,,-27.401585046968307,,,,-5.899566767071222,0.6963987473216281,-5.547269758297695,-45.220270691329674,-0.1599507089571764,6.517388894107122,,,,-1.7165501395633482,,-10.614196046584576,,,,,,,,,29.477817933426987,,,0.20608631687583978,-0.34890196242925675,-1.208934659017029,-2.378000107974556,-0.1324425142545333,-3.1792512361673273,-6.003647146031593,
2021-02-19,-4.522612013623199,,,,-7.703369670336077,,,,-1.3249570973116167,-25.715657285142463,4.161099558011664,-16.173977829157614,-0.7782043221608542,8.045687035136208,,,,-0.5938149182777576,,1.1417916094867495,,,,,,,,,14.80307736263486,,,-18.849550902680186,-3.1668102997719965,-24.584896637831193,-4.167635404695615,50.56683027466486,22.350500944959453,3.3462638811373377,
2021-02-26,-0.1522972045465825,,,,0.40786999916422184,,,,0.05397792774778076,0.08137754568155316,-13.01548533552809,0.9533104802849808,-0.4186086144582285,-28.675920543873463,,,,-1.5883332413691549,,-14.748406976014811,,,,,,,,,-12.946737521768481,,,4.525641704724236,-3.9815783962732767,-1.0690418614048276,-5.582880181898425,-0.4149622790336185,14.863503171028391,40.08397424621884,
2021-03-05,0.21755776282981285,,,,21.79770988377617,,,,-2.8015287933837207,0.032223515814417764,1.2933360332454273,29.76717203700994,-1.2561949142854332,0.7181766429735474,,,,-2.010982392385335,,6.794278357204844,,,,,,,,,1.7543268239170666,,,-0.45186493807613853,-3.1816488632567745,-100.44636273692579,-16.78167064131402,-0.3474640466880837,-79.11538385367608,26.241239177813583,
2021-03-12,0.4786003499029158,,,,-0.3580296208531093,,,,-1.0812439011216866,-0.08885385691890238,-0.5810548490759004,-31.206931375340815,-0.7249682157313333,-1.635482063822799,,,,-0.37973420302349986,,18.982382999552687,,,,,,,,,2.0451221947075604,,,-0.8944138066137568,-0.5825014066099503,-12.531340875682382,-0.7817126930425711,-2.6082336905430688,1.3481839471339658,19.77962278191606,
2021-03-19,-4.174177520816091,,,,0.8805925398279162,,,,-1.7512169192043832,1.0059748064063088,-4.4845690073305775,-2.630464772484171,-0.14987698225847562,32.658772204036914,,,,-0.9349640357064398,,6.687601176133952,,,,,,,,,-1.0731024476007345,,,-2.5937643432075763,-1.287227053363988,-18.660547450456566,-4.061865376190682,1.151517612318381,4.938638996656781,0.8762437258452735,-6.129038840573919
2021-03-26,1.7669773579416514,,,,-82.29505999323385,,,,-0.23226302264467225,-2.4906376634944154,-52.30737129903028,23.775540872207657,-1.196242623629705,11.179597413231866,,,,-0.2864620736155213,,-57.464150572649224,,,,,,,,,-3.4562679184324816,,,-5.507291340675159,-0.341122769475322,-5.792908820953033,4.083125209934227,0.8427139733552005,9.943000552265689,21.41510559023285,-0.5101603873508449
2021-04-02,-13.33059523241495,,,,4.382204423993695,,,,-0.5195997758815902,-3.1862829861063076,-10.855693416472695,-27.348805097789466,-0.21999255386717392,-39.090382716671854,,,,,,-2.5498739571015636,,,,,,,,,0.6586818419583239,,,0.014143661110331995,0.12733164613804482,0.5553103281763894,-3.3993194775728712,,-5.342892225057151,-7.057222621033931,0.1378875433242191
2021-04-09,-0.07824879332677737,,,,-2.737496333397873,,,,-0.03866361297733187,-1.3162036207749734,5.324541997945186,9.16740784573408,-1.8170283021414104,-1.6151410819888485,,,,,,18.522680293474604,,,,,,,,,-2.863620109782223,,,-17.390125916727392,-1.390896556746942,-2.154345672667141,-0.8826952304446696,,-1.127837198554465,43.795215144619064,-0.38402449076807255
2021-04-16,-5.054180370723615,,,,3.8515524429013173,,,,-0.5519283405325093,-28.21251860659306,-20.613380293488465,14.0225663960892,-10.69679595637354,7.789623446077785,,,,,,-36.43988280775443,,,,,,,,,-0.10204073139077877,,,-1.0781069829894177,-0.04669499001785611,-57.33681919985226,-4.986845567506656,,0.07543908902056806,13.475732439084975,-1.1423561666988264
2021-04-23,-19.533222660460563,,,,0.21424721363084995,,,,-0.13503016931001888,-4.6688098744934425,30.37373764774721,-35.904153109635025,-0.7702565405907729,2.0101924874597668,,,,,,0.17978947699684072,,,,,,,,,-0.9623794814042894,,,-1.0817299535871205,-1.8324746521303545,-13.286764597202039,0.6324023451785643,,-0.1028985391586357,-37.48069319141939,-0.8072864063959119
2021-04-30,-3.484191309910684,,,,-19.358515029495926,,,,0.6507226738459607,-0.639516752161158,-0.6558910657387687,34.59396209624757,-1.0904332123538332,7.643043725202038,,,,,,-4.219595370791579,,,,,,,,,-0.5457046266891802,,,-12.924417472535636,-0.2672894031950602,-23.374282815063783,-25.037381895890018,,55.22660944843541,-58.58698326328334,0.15251671202892125
2021-05-07,0.137912305112917,,,,-51.86975049132839,,,,0.13996425614456287,-1.000501616723254,-0.7218962963923098,-8.803426272090409,-27.44209179989577,-1.5514042427935415,,,,,,1.4527716370164383,,,,,,,,,0.36969017447092944,,,-2.840685795567215,-1.5615919353378809,13.05441959509763,-0.017519120255153744,,-19.33508225419314,-47.74438693617775,-9.40188260155203
2021-05-14,-0.7298100873556047,,,,-0.08496326970991652,,,,-0.1223530067777488,-0.1375129375537935,1.1969339137317003,-14.24338567153311,-35.40483236454326,16.616133246268653,,,,,,4.63300051504456,,,,,,,,,-15.408293197308783,,,-0.2650077975893059,-7.1330073552910696,12.437832506809038,-2.6436801015689406,,-1.8372454275294947,37.469470730699555,-0.9886112985019808
2021-05-21,-1.31014391734498,,,,20.39553476845813,,,,-0.08872494819181231,-1.8099623714237065,3.109269791505438,-5.148528934775117,-1.3251323882767665,-54.01287084522023,,,,,,9.085797705732901,,,,,,,,,-2.0763450325428616,,,-38.23435435257937,0.10879302712279143,-76.95668604494945,-5.2560951818232775,,-1.145959553477084,-17.173853758260474,-49.631413191698
2021-05-28,-2.9557913319117954,,,,6.120350885562212,,,,1.1328571908763663,-7.591419380501516,11.46598538387609,-5.179439862658718,3.014274580923909,-2.4202669926527087,,,,,,43.411837574761314,,,,,,,,,0.7023289420944947,,,-0.8057405758706713,-0.07804828748159129,-1.0273434529218517,-1.7834813512806589,,51.275005712613996,-6.990544218603965,-1.6112652142877582
2021-06-04,5.91550556800609,,,,-3.2659033063748786,,,,-1.2767445355990938,-1.3988421473690285,5.106785963865767,-85.70607639605309,-0.00041885344689861215,-10.58779134431256,,,,,,0.09705273415533255,,,,,,,,,5.504321647502755,,,-1.3046131078906187,0.4962870910788531,-2.7988096552999444,-3.8457769707974507,,1.2786491183434234,2.3724702530068993,-0.1785432803548328
2021-06-11,0.08061514850241541,,,,1.3206888365196292,,,,-0.32010733563444616,-7.8244056708592975,26.65395809186592,-9.73759189405396,-8.59394013411234,30.47724538227259,,,,,,-4.489920739093991,,,,,,,,,-0.7260430016995596,,,10.369755419491547,-0.50603439625103,-0.3370137685951103,3.7325892733699626,,0.44819474555533656,23.25646287904798,-1.7339641569898887
2021-06-18,-0.05553936858935998,,,,-1.1223736714096448,,,,-4.307448340940864,-30.367514184671272,-1.7831312429812363,-37.199131977382116,-19.254326641942676,32.367321058478595,,,,,,-13.76608013201906,,,,,,,,,1.1910476163110837,,,-2.130513515654718,2.054195319068916,9.202674457350565,3.9899295366809575,,-7.786484006593157,-5.5014250201450805,-0.008558546090926877
2021-06-25,-1.6226688815872372,,,,-1.1659286332635999,,,,-0.10152753879385171,-3.2908563626797953,-0.4771349741400073,-26.208433836781403,-2.770206791295764,-1.632316688008344,,,,,,-20.613941413844493,,,,,,,,,2.3231500672911727,,,-7.541091591161157,0.5500409935481299,-0.7979391240662996,1.3357039986341008,,-2.4552662338691897,14.219155525688839,0.870135672403499
2021-07-02,-1.6878894744940505,,,,-0.11781208763822937,,,,-0.06877946604363488,0.9517201503236246,-1.0891242909338454,-7.340551531571713,-0.8668989489137396,3.048620014124275,,,,,,-5.559369509555621,,,,,,,,,0.2630564971032534,,,11.910658074790634,-0.1318539696961552,-4.486388289665529,-12.122613415655543,,-0.9145323881171614,-1.4264220691864935,-0.13362863951757814
2021-07-09,3.528996697857224,,,,1.1653605954531683,0.2887294777834202,,2.450016699258586,-0.7829452693830854,0.8014009591654773,-47.97959696955473,-13.056121243552024,8.457483705994525,-3.6456828706308753,,,,,,-1.1979385832142624,,,,,,,,,-45.465440616740196,,,-11.585418490056956,-0.13960056810487337,10.736755406900775,-1.7159287964514105,,-1.197698461611683,-20.819715444651433,0.7824321652528858
2021-07-16,-1.8868507617812447,,,,16.727689610875615,-0.022271025860176655,,20.887566287701183,-0.02327795674375835,-5.687731391401083,0.04476089362316138,-18.30844267091667,-3.102771672586761,23.941210028629534,,,,,,4.3433966238772515,,,,,,,,,-4.423745502265531,,,18.365669628456335,-0.4719866695939321,0.04583863235702637,-0.8919782069949838,,-2.0267735459414524,-0.300430425828754,-0.20634373658705046
2021-07-23,-0.1672088776453986,,,,-0.032423494355717564,3.495849497811228,,-68.85931357808488,1.0166318782189476,73.04388385751292,3.52507659344846,0.7983901812130416,-2.7222810963102426,-10.99368858616791,,,,,,-0.7572717929950588,,,,,,,,,-0.36156227665910545,,,34.493723515821664,-0.849235839654332,2.1891577319185753,20.487690986518174,,1.3891592996454796,-1.3801929672457862,-17.626498347134167
2021-07-30,-0.004354238466423965,,,,-0.37124390636607885,-3.01919485998887,,15.4302645636132,0.5405043152476096,-25.010024070460403,7.098020922030707,-9.868285926353316,-2.059185891140321,-8.529093883318582,,,,,,-2.92336554331082,,,,,,,,,-1.3323912613647089,,,13.81607913380138,-0.31271972689517713,-3.7077174226395107,6.972439189910033,,-19.937979779310243,21.126458175409827,-1.4236937235604867
2021-08-06,-0.8588341009213635,,,,-32.432077622624114,1.1481659787057608,,12.49807391717303,-12.762064571777277,2.0121001762444144,-20.530896769334788,-31.772894354685377,-0.9813389543875612,1.4298661304817895,,,,,,26.800160242110923,,,,,,,,,-2.8041790844825405,,,-7.1862388378617705,2.338359889381773,-1.901072801445621,-4.579105372405306,,3.9539311677558526,-5.9036635146872705,-3.2012851008992644
2021-08-13,8.453585456247202,,,,-4.278860052061001,-1.68600645002222,,-40.705144575148424,2.4281204833826093,1.756487837063299,11.893878829082194,2.006947742435389,-4.188245388976676,3.0824473584105263,,,,,,-20.642157051599018,,,,,,,,,6.579424701325156,,,-7.6080067980541255,1.4610315805238308,-13.040021622990064,3.231780709779157,,12.659153742661818,-0.7757750501849456,-13.07071167581807
2021-08-20,54.043384092561645,,,,0.2808869822061453,1.2001800405497933,,9.575570059822978,-4.5674014767570785,-13.751275379464646,9.185087736760106,-15.829495499369386,-4.641606379586433,-0.976320384096252,,,,,,-30.761834048154345,,,,,,,12.36828549343664,,0.9581291327170055,,,14.912714665299792,-0.7099044643592823,-5.743126388044337,-20.881067568204823,,0.37416572669417536,10.636639154098502,12.707126855511273
2021-08-27,-51.042702303046205,,,,1.2797973251507684,-0.847928484675481,,-14.805942901999323,-1.3573528036606728,-1.0692255576747296,30.267488687404647,8.66917388113127,-0.36465799694723955,1.7656915740594612,,,,,,-14.372792123166406,-0.14096684268433196,,,,,,3.227864598599855,,28.14454175133401,,,0.9702640919834046,-0.4576998293867035,0.9786900065137258,-1.5783739014253308,,0.16242292243671247,7.6085184080574475,-4.459352097735623
2021-09-03,0.303781656336194,,,,0.21140521397800038,0.04635840153245968,,9.620038373783798,13.537994665088982,-2.219836425468431,-10.229396807260141,77.15937576261932,-38.04080641784803,38.07801564896665,,,,,,-16.721635058784585,24.966362062849544,,,,,,3.3418326518690336,,1.1014861922210257,,,2.9460579109412453,-0.7558608959274813,-33.44312141718677,-4.918464938672495,,-1.0332880101943265,-0.18595511008363608,-61.8383603568077
2021-09-10,20.599454612654117,,,,-7.965227854017611,-0.1487906252332835,,-1.4007576095022383,0.10272734230936797,-0.20122044965261948,-3.275227887993966,0.907244292696137,0.9801723195841552,41.38653740208039,,,,,,-32.45005937150049,-1.2109667040178707,,,,,,26.780939471178158,,-4.0658571476994725,,,0.24903394963322095,-0.34555320121945154,20.10203004081245,0.403508554402744,,1.7050822094300881,-17.729874867337475,-0.08955975520990356
2021-09-17,-7.266773631649869,,,,-17.872535243735566,-6.465003754060677,,-0.6352413323787603,50.00789416630698,-6.214258050148366,4.571182340926368,-30.982522856912563,-0.4191247844277707,15.285521778391423,,,,,,12.51900397866083,-0.01946718840858209,,,,,,2.111637108778616,,-22.905861946692912,,,-31.074727843342625,-2.3665444795415014,-4.825994164492951,-1.3113647449338108,,12.106751345029739,-85.21327190278967,0.7583633669628954
2021-09-24,2.9133603364639766,,,,-34.3757499115341,6.363419880941777,6.476998661687613,-2.868966574259634,0.8097511518788184,0.3646054431639215,-0.9961923575964708,-0.12243933119553391,-1.8871415497447446,8.666256521075306,,0.4413888824298633,,,,-0.4133893988962061,-0.12882821754287552,,-0.08918461620778716,,,2.0273054966196504,6.035078984220551,,-1.0178338343649074,,,-0.9608849611191436,17.988411448770883,-1.4355636561477496,-0.9161636806593396,,0.794456939377314,-6.41481529635862,15.411636225628396
2021-09-30,-37.7078560913656,,,,-28.668675181745854,-2.1081435295623643,3.142114081648287,-8.555276795281117,8.891442854605252,4.476122498974998,-8.420323654924196,19.532477591864847,-10.124407520676685,29.09617542443707,,0.31327371255886133,,,,-99.96919333764447,0.20905274659138043,,-0.4671463877067746,,,44.69184460917883,-14.27545028200572,,7.606437989069194,,,-2.455121582959814,-0.36803308192967465,0.2311507301725575,-2.632192239873392,,-3.7270326821101487,-14.405777611230183,-1.093759650097962
2021-10-08,2.553955506507088,,,,9.788185213874538,-10.520857029812168,-11.10813406910682,-2.473666028032628,-20.41623030331543,-8.102476111953266,38.04971205615651,20.716161901552596,19.367884717305095,2.67662110616135,,9.778721300709208,,,,35.04608689727421,0.0037229909465863117,,-1.522817172533934,,,-2.3674390359203805,-1.0297996303050165,,31.5223275974514,,,-0.0835209485744437,-2.703610287908417,-15.534427549611797,3.3129905507487534,,-2.3211198647020526,-20.31965612751238,-0.08363371895784905
2021-10-15,-3.7304215385237125,,,,5.751275239901485,2.848896131257038,33.95356812996645,-40.90518828035265,1.057393328443011,-25.698273084538215,-8.77376150417475,-31.08717041460804,-1.0813321786070889,4.108522174807847,,-6.188977990675117,,,,-1.3656068415450644,-3.5213253720543456,,5.649510430680926,,,-0.41575806854096586,-59.57173685799596,,-3.0037113649737175,,,-0.5072939898380168,6.023537280159344,-6.627376251446694,12.881242635010013,,3.486676460778086,20.126297524157362,-1.6751430826440212
2021-10-22,22.23841131769926,,,,3.5475557467721472,-2.655084684794443,25.304775147998754,45.626772998966885,8.990745749995089,-2.884968288996422,-4.3367191602884,24.249058040213107,-8.292457346704992,-22.501412629108415,,-2.151789390518372,,,,0.09290549845276286,-0.022068277713093987,,-3.6467032340778096,,,-4.8001282821814435,-74.92489549279374,,-0.26417876126932577,,,18.862093938124666,10.96082172345717,16.58964377719052,28.638516566600906,,-0.9159841645588876,17.97473914478465,-4.032057234919761
2021-10-29,-3.9781605512493794,,,,2.0807402802225052,-5.062529388610349,-63.58199354731848,9.792048869609754,0.7104461200284363,-12.407690450185962,32.42092569545221,2.3472210787346417,-1.217724303812115,-2.8788865517694333,,1.2820153894836845,,,,-3.241320785127993,-0.06380315396941151,,60.0485113240059,,,5.383459646856092,-7.825422913085838,,-6.70864270651394,,,26.699552640738386,-4.667442831514047,-21.853578045425234,-1.808911477641851,,6.869384791633814,-9.598322252889266,-6.49166490332633
2021-11-05,-57.13455346163841,,,,3.576409466195564,7.183231577342284,0.5528889513168469,1.181042783669906,-0.1124778299864515,27.0077757100169,-0.6407296624237884,-1.905279290352972,20.88401475111768,-9.394738006211387,,-2.2887016434555782,,,,-17.252643430153007,0.5548461323961893,,-3.405764171534127,,,-1.9125974194461488,-8.318383094324638,,-0.609646538076772,,,11.638220918447118,-8.089072773186908,1.6154931248422377,-0.1983472659060536,,-7.387508019467404,-50.1138599529359,-9.72629128857642
2021-11-12,2.202206430113269,,,,-3.7997273663620343,-27.585039025040366,8.053239731179552,-2.7173969811206975,-0.6330573955005665,11.793270561566766,0.76567138289965,26.481869622713827,0.30737979404704413,14.495749531560355,,-18.158327587952424,,,,-10.445393080645097,-8.087263589025618,,0.8622299652092407,,,1.8907971303119837,-3.8894383758078095,,-0.641094663467233,,,-7.087691357547825,60.71349257764341,-1.2916623389792412,-22.7521584159392,,33.300338757179816,11.989727961402252,4.961750603862662
2021-11-19,8.202031904442258,,,,-55.84858151959421,-16.159974796654698,35.88961355683786,-3.536055754592124,12.731305997473642,-0.8257846604311553,-1.30449484532397,27.364485834480398,-2.863700410820031,28.37984769051885,,-1.3528668487172655,,,,5.811713785923123,0.11697018670788979,,-0.20114798582470805,-0.1892663159785403,,-5.408625282509496,27.56750111251375,,-0.16255648887064017,,,2.702920599902601,15.566955540023345,-104.69264837063709,-2.2886823209647997,,-0.6087825792830427,60.6397609013135,0.44593870144016723
2021-11-26,-5.003382477466317,,,,-0.33453284563076835,-6.628240110391014,-0.7002981462530798,1.7002249063326313,-1.3868374823243883,0.9526586645289488,3.301350478679225,-0.05282992749588189,-22.801586745294003,-1.285960835650033,,-9.440035776107585,,,,-8.341426937213809,-0.27494934325928033,,-1.805133904319597,-0.8265267425943519,,-1.565055226300298,-46.011927481164356,,-0.7698699603844493,,,9.176623654749324,-3.380839706751948,-57.67670212377058,-2.86905092295917,,58.10581748405485,-2.822570247303302,15.708973671531004
2021-12-03,29.06741436607264,,,,-7.3329958029789255,-17.02485685116168,-0.5600695237127932,-9.632133209113519,-10.98804238781955,-13.725713100560455,0.30179294999280426,-3.724978403908043,-1.180784907118663,-22.199258552876508,-0.8494692222554889,-19.35322035970755,,,,-98.70968271422522,-0.09776488612124595,,0.32929695578359053,-8.317450701881373,,-4.634828686162367,13.432675014047623,,-4.342356444437446,,,-2.0509523490267316,22.718831165839944,-0.5938062406552238,-1.9818294128724685,,-0.126795563067974,54.096353615973094,6.139491844718924
2021-12-10,-2.182678087324884,,,,-18.63558375699146,5.980491448672037,5.229047533070782,5.9888543624755,-18.998049476850465,-8.8823163681404,-3.1815550352028543,-0.9266353939190611,13.794749206004216,44.21584856481788,-0.4877562660285391,18.882259201515545,,,,2.2302310973216746,-1.9843652587743807,,-3.0980509782930046,-0.5840006326381879,,3.4208903066417053,1.2025348275813859,,-0.19145359979806129,,,-12.826574265128595,-0.28487054652820465,-5.104410629207381,21.58792828190034,,6.114723499323757,72.23130935593255,74.57329245994683
2021-12-17,-2.6135555955596272,,,,-2.7312256779428736,33.355700812659265,3.1512319187808977,11.852770168174532,-1.6833862856342683,-57.04846874423629,19.6805391153523,18.582864291766846,-0.2695611011049152,-0.9125168677738096,-1.2059422858874103,13.754020584375976,,,,1.1221672824076043,-0.28424724973385607,,0.44331713576562465,-1.1475612330839424,,1.615635992062267,-4.002205651434622,,1.865017529557628,,,-4.340276550336309,2.1364814559324254,-3.982654971570073,-0.13540280802076632,,27.953209591949193,-7.883070962846497,40.784295451924486
2021-12-24,-14.356516828982132,,,,-35.12123164725075,-37.34428777046367,-2.5838528395676454,9.32210215860123,-7.681374666233353,-2.541361095969496,8.163497704320834,-0.7330573795257951,2.9684352128453457,-17.985527137420995,-0.34978341727417916,1.6976706716724885,,,,27.328471546197846,-0.08019641510264118,,3.651734752560947,2.0376725434202294,,-13.094489813563914,47.31218296985864,,-0.7275720819201767,,,-8.50274019061817,-6.474718779516737,-5.395478991573276,-0.7852550533066833,,-5.915289034776733,3.2913779502924623,-8.906598778884929
2021-12-31,-20.705755772974527,,,,-33.30580044523696,-10.110472485026692,-8.107433528459408,-4.935049339033775,-9.983029067280414,0.8895801705783418,-16.88967353793874,-5.533959313615942,-3.6380901712950764,4.355593392792365,5.297862064374287,7.541348700731586,,,,-45.13659547995741,0.15777486965240095,,-0.9374412889071065,-11.951561312197551,,17.160791081080443,37.94524203884389,,-4.352445896302623,,,-9.960358310643244,53.6872393836857,22.658627034958442,4.551257997562293,,8.650617564760669,62.44073120021348,-1.4028415430809074
2022-01-07,-12.210122094783502,,,,-69.94243584792515,10.906102092823714,-0.28291975863863605,-11.409619206168403,-7.263993138870691,23.589708192035282,17.02792958481893,1.1308098925321266,-5.539765513848189,9.278387309543184,-0.11369055944438185,8.161315431139606,,,-0.5622752118137163,35.038146142439444,0.11510114506381934,,-2.7477785950852884,6.005733775233397,,6.079925648692318,37.43920765521734,,0.7309185911947458,,,-21.957803096739752,71.19110281000914,3.8844271294864097,-0.7027322525817015,,-28.907274542115616,4.229474526463751,-0.31094483044222315
2022-01-14,1.59651522777304,,,,9.802522408227457,7.479366501014757,-51.36991104333863,-7.158604787296694,0.5053180090988375,-3.0574623028106274,-3.787292540142829,-5.854377010882188,6.213835947298892,1.2087976363267812,1.992348802719928,-2.61451976301678,,,5.399339416294389,-23.019622231685837,3.0782719473621443,,81.96878572916418,2.3000437697906824,,0.5107267938082779,-22.419338011031854,,-11.46267833277403,,,-5.956357655315862,-5.91625917203494,-1.6178703752616008,-4.383281860240156,,1.9966175540929065,11.10268953351221,-4.526157413800369
2022-01-21,-43.95531962811044,,,,-6.102315979393188,-18.865666103852742,1.2635638468242631,-23.093517879163116,-1.9408544824202933,-2.08666224485553,17.192503357943735,3.9154631862216354,-1.2361617458641057,6.104751864238192,-0.04452713836964867,1.0916460169975468,,,-0.24523215988687144,0.5278223372834421,0.24747788253428155,,1.3429280828107182,-0.5550449257131569,,-0.9729334194609371,-2.9949151440863155,,-0.07680373402790422,,,43.49489209931108,14.889494436510152,-2.8942087107417462,-2.130998724521324,,1.700371196556555,-41.45466699464849,-2.281603868219747
2022-01-28,-10.162323309636335,,,,-25.30334745243915,20.505154905014347,2.0030199057123865,-11.220808762095087,-3.998339770528897,-15.980331804218867,0.24686732633610683,47.59138791032326,-0.8759538283014252,22.319724891163613,-0.062242871302057634,-2.777600351251646,,,-1.8376159944942332,-23.7011136852741,0.006352290788489989,,-7.033212850520226,-0.6034367172619481,,3.3034589430959214,-23.13484595889427,,-0.1491214719181418,,,-1.3735264426673057,-8.132195831643132,0.7615977287465536,-0.6208570105655938,,15.284956360153055,-49.592567153073674,2.0588210202752126
2022-02-11,-82.46675029233276,,,,-7.185592518149965,-15.82052782747197,5.349761360753528,-85.2910629275686,-2.6644599142022694,-2.1896563945565304,0.13107071548332905,77.34790747522375,-4.934067380921935,-18.111314546633146,-0.1258188584549847,-0.8771670114189033,,,0.47471990146501986,31.611823210482303,2.714434900602894,,-31.533402454146866,2.1205054402892074,,-3.3045356991068484,-4.419260911211887,,-0.7462856471726036,,,4.4764607968156875,3.028601873270011,-3.1243653402253915,-0.2681717731416484,,9.949996078291402,5.953488718772263,-0.8373459118800622
2022-02-18,-5.667839711662573,,,,-34.95610413578587,6.12362735638898,0.5872959111250277,2.2937735817365437,2.9546262810863313,54.684252013879586,9.292540218217248,-121.65923768921826,-1.2893546570851313,2.449275515888312,-3.6956391817633922,-2.6966794392332276,,,-2.701248105274057,15.994805932990417,0.45462529050397377,-0.6752652389608281,0.03020755950252864,8.85183797629142,,3.61713835062498,42.60722554323193,,-7.811566414559678,,,45.00059593040596,-30.642895696749544,33.96506526502949,-6.23673077483392,,6.964189266459734,-6.459663363298002,8.213755690904478
2022-02-25,-0.08256233913913748,,,,-57.9235536040746,-52.30645289427871,-2.741361710110547,0.594646972385902,-1.3196684928283011,30.06423141494297,55.81923302557108,1.1081719880352159,0.5879723282785254,47.49016231745613,-2.5777310752228613,19.047651433635174,,,-0.16423521113898482,-61.3367299855316,-4.72436868075755,-6.933504366586174,5.673902908057465,-0.8560081363351126,,106.64977634134615,-44.267293157642044,,-68.77118854414815,,,-6.887054727971686,5.083218109151783,-3.660900776530368,28.570966548324684,,-5.011045725988723,-27.540346404971377,11.181296394474828
2022-03-04,-17.282392530025017,,,,-24.739608968870748,9.9329215351175,-0.20565312424146648,8.601815968485358,-1.895924556307694,-17.338978788383802,-30.780593046098613,5.368973623942603,39.85631917414243,4.480498054697346,-0.42472409696532,9.870602476787022,,,-1.2119671633628677,-22.055200945382275,-1.0470979739169317,-2.083871094509986,-10.833952827100903,3.004649155578304,,-9.497495542026625,-0.32377040614969227,,5.319559159747914,,,22.509698758657393,-10.036329889361769,67.81788239094692,9.431826630516683,,12.63204618119545,6.451422866690189,-2.615405160434437
2022-03-11,-0.33798345872619445,,,,1.5005693684950812,10.04911214464108,-8.655032742142097,-28.08583444574135,-1.795062000604953,-2.06540600534779,-1.5818638688328508,57.08058035789774,-13.78942218411618,0.9128993974494464,-0.13165401008019048,0.1846487170422828,,,1.5505578583765782,-11.965973579676167,-8.865807437733647,-0.7884079801645549,-2.3804731159829897,-0.9156269869275797,,7.195632630527275,-2.6222616314735365,,-5.4721260110834695,,,-1.4677425771454748,3.0631210397362194,-98.79884097463163,-4.816415428773467,,-8.453890018133926,-2.6520004119371134,-2.834153226177201
2022-03-18,-3.6958439043444353,,,,-2.415895940924464,-32.40644816825076,2.700740810233712,-0.3903265830890329,-17.320155307598057,0.3502896813718217,0.01360038517934603,-0.9897950853682643,-15.359129555705067,-29.931263316795963,-2.8308195106877063,49.53411449889035,,,-9.801404765885202,-71.59391435784279,-3.203839024957661,-0.15387652513617786,-15.491657159066284,-1.711003295039343,,5.377709115009027,12.12979649956432,,-5.794204353202582,,,-4.2311883934984715,15.89662477857249,-22.22904295123048,-0.5377244899380533,,-10.869164811247952,-27.27713558787836,7.858711095061704
2022-03-25,21.030245654430686,,,,-12.179229038271826,-1.4179079406768764,0.5319779297141453,-33.77767988911232,0.07684913795094347,1.6386835545320837,5.272426923209918,-38.43123284280272,-2.7721506653925183,-36.646156219884006,-0.686614979211161,0.2761464602551721,,,5.355952857344619,-7.366920719662078,2.8641551972991848,-0.10902026169092842,13.100150948632631,-2.0063859716750008,,4.599452534848584,-19.7968136092314,,-25.989593152175743,,,-20.922581748153288,18.87243132969535,30.180839030974447,-0.5423277449796026,,-20.19222453702878,-15.183565650379089,1.6047154730460966
2022-04-01,-1.4058319739590983,,,,-0.4296394385960221,-0.6168553209843509,6.009147066373991,12.844067133510247,-21.960576693493486,10.636437337462063,37.82135402009241,16.12506049941565,-0.8096110301512417,-2.2597645910325026,,-1.3705424966930027,,,,1.962728193471181,-12.462446877518397,,-2.322823342028971,,,-1.9792389043436875,0.4458514413191148,,31.986428663899574,,,-2.8807635182611384,-4.523702035983124,3.9914256899972256,-2.498874416336943,,2.864245194298253,29.28638513615323,9.566171104181553
2022-04-08,-2.2605340794132394,,,,-2.422824760117127,4.350007811909366,-5.118813958255338,-0.7610372055792161,6.032596327202406,5.90218451128617,-3.5856664304246397,2.7839931464045833,-2.682575455399126,-0.18015367536323196,,12.165802302244044,,,,-9.222680401041043,10.842135926353963,,1.638815400003581,,,1.4507571657510132,14.138026514987413,,-8.225672153391509,,,-50.04965393910206,-21.644788241537725,7.659591169658194,15.004460596862183,,-9.936771909695109,-8.941463878978638,1.2117145208240117
2022-04-15,-0.9376513754109728,,,,-17.237478734830628,-13.361517024573592,-18.707651184458147,19.654121031459926,-43.21763936974602,-33.26213750373048,-15.98112460589832,-17.448150428029077,-1.4545411524428464,-3.53425427459979,,-0.11023921554405625,,,,33.92421573137542,-11.618422101369722,,-24.199218084025986,,,0.7233412751324964,-23.943178093472856,,-13.188981702768093,,,-11.243832503011223,-17.887907387806408,2.105391715643745,17.49828103303983,,34.85981148466539,13.62698595922537,-2.1104870486519585
2022-04-22,-0.4022495847047717,,,,-23.648699651243973,-35.14836076869452,2.86784502333182,0.6574149540321981,-6.916228856744981,-1.3222946291213227,-0.9276701163341097,11.115769423489978,-3.1532739404653465,-1.1144649775761728,,0.7976682767919177,,,,-35.181081228375,0.0038545949652788736,,12.342218478410214,,,-60.78001377255098,8.321686853326232,,-26.98926458357462,,,-10.712083535899817,-10.439185083912456,2.9060353172695343,-54.01622079040863,,-4.792191162666191,-25.3627731764115,2.862100795795122
2022-04-29,-12.819069322408383,,,,5.130123168085615,-13.464524969140284,3.4472954820551287,9.410756555328993,-0.3338641870389828,-4.257318152901769,-22.425077868228666,-7.649463108250272,-3.194853562218703,-3.3244871479057423,,2.0583612429808857,,,,-10.493574475106321,2.3649241181838905,,21.412475005346224,,,-1.8601581768399222,-6.853466509369504,,-4.5937627526965255,,,-12.24753448499432,-44.723406784628594,-5.6231304584756705,17.824403333143596,,3.2216422882617812,61.65395309558396,8.728582947384846
2022-05-06,-2.8032927352300776,,,,-50.357440853467345,-1.2741163407823364,-27.478021578507835,0.006181290134824713,-10.505512795497982,28.512093649583143,-5.221508491362443,-35.13735258184585,-2.852901816832358,-0.4131510711326504,,-0.30759429201447486,,,,0.5681146857412707,6.76570287153186,,-6.875757889052272,,,2.634190197880357,46.63959220812346,,-1.4427608072337026,,,-3.65488786435516,-34.21095807280003,-29.82001442865191,-2.117527788161455,,13.773939719629148,31.54727501173453,-4.304215147175873
2022-05-13,-15.517423318525983,,,,-93.22610944236403,-1.302689499985335,-3.9380560835959795,-43.89230485504802,58.93394014418739,19.029831857406585,39.55816998250469,13.031657297764315,2.1726781384567424,13.529206082738007,,-0.1974469325453568,,,,-56.343415983940226,-5.370660843503011,,-4.498050402362738,-0.43158020849918405,,-11.452891533610353,2.938111849707872,,-16.5812531014677,,,5.701177498835236,-4.8326018932141315,4.274044588404417,32.65130258632922,,-5.314390044207968,40.44375654303872,-29.523395657672374
2022-05-20,-1.8763560521806126,,,,-27.23257663846325,3.836214255260882,-0.1719868431909869,-0.25770939205106647,-51.37516537311143,-5.534991246183706,-32.20699618332294,-25.523395498884,1.0283860950966488,-19.21311013898642,,-0.1227353692097318,,,,-43.15166992602377,-4.440670335075722,,32.838673935284916,-0.18306276035422553,,51.05580175396854,-5.663160582153553,,-3.770078796959743,,,-1.6436613808266138,-0.01409335507045667,29.842685322606073,10.44712659909633,,-5.404482259983719,-58.93572190184236,50.35074051893327
2022-05-27,14.165346449701548,,,,-3.439156579728155,-0.47618593995100433,2.119437331888287,2.7603238607976994,-0.23539166024983516,32.229882007053305,3.248880599942579,-18.2148491453259,-1.396046274267853,-1.0281601362457007,,0.04598539411750137,,,,2.4303926660173465,18.314881397992885,,10.344706399069322,-0.6917387313457469,,21.87357267852646,-1.8111408307997188,,0.2939537409000335,,,-0.07879115082589117,-3.449015996829814,-23.239537274222677,-1.1674297469498929,,16.771540555036168,-11.549891251118773,-11.17832333535575
2022-06-02,-0.3250017840734123,,,,-8.287665539279509,-0.21797546539955207,36.31000592741349,40.233836872398285,-17.298751466595807,-74.06210220095156,5.9741513819593886,-7.235677230592929,-0.6597085547603583,3.604819186976788,,-0.07738942737478767,,,,-73.48595979215169,-16.362291494474157,,-2.0569706937316856,-0.12628348028674669,,-0.6337230419437976,-56.90767057738748,,7.70798725865514,,,-25.384231407623773,25.72895644713966,-1.635076753343472,-23.64612588743115,,-2.732852852939687,7.586434464992385,-6.616339748973662
2022-06-10,4.035187656281833,,,,17.827030581664964,-3.1023961841779024,-6.066544084932871,-14.760338786220776,-3.0943190732994044,30.81957718288134,7.390963994431902,-0.06141944423807383,-0.1444309382835905,-0.6727389111028036,,-0.07537551830017711,,,,-9.355043405497932,-9.266787011784794,,1.2859405534076105,-0.49894198090908526,,3.0108338679793416,-6.734719095384496,,-16.896087947974838,,,-30.82447792867219,-12.73179654143562,-16.011557116243093,-1.9918869128996168,,5.517845968013674,-19.346987569184602,-2.241688750406395
2022-06-17,6.01267496502719,,,,-13.316366317814426,-10.495415597258843,10.264300593616467,0.487841342205419,-18.679998541037413,20.46055692842278,7.388358541804632,-65.7539225321789,0.2302182201078824,9.41778639971208,,6.1300108658381385,,,,-10.889222537042883,-4.489537881295667,,-4.496242468439263,-1.0630311665625074,,14.508852462500347,-70.97093287468775,,-17.25554918932539,,,1.8471476369981732,-0.39613402404617853,-1.3805559496361335,4.748533331840586,,-91.20904371235926,-21.81690355460298,-29.86368441179095
2022-06-24,16.36862298220283,,,,-27.052755237126288,16.070463494301233,-1.0580763305229064,-0.12723218418783877,-7.378554826533555,-8.276442852766136,-30.705174049817685,-22.53337174162161,-0.26616626013823125,-0.4401875947489954,,-0.5397994885702828,,,,-1.7976055957807695,39.491559971638516,,0.40151838389333605,0.4691980390783931,,4.000363425392666,-46.13370608300009,,-8.72730599428054,,,-8.583062691273913,-4.052189933672398,-46.44517244944638,2.661788531327083,,-5.665080641915211,88.42461695762108,82.84310042066924
2022-07-01,-3.0350714474018368,,,,15.811475170270887,9.854559714711908,12.318018525463767,-13.71824701104131,-32.414826281783306,8.82151601758521,-3.924456393515096,15.30936987584275,-0.7854147588427483,-1.6395741972277826,,0.029339555600471412,,,,-16.576462020194977,-24.880351569578725,,34.82997034081467,0.3061118935258546,,-14.938314705623146,-5.382696626513065,,-0.7089614328100723,,,-5.504961848575016,-26.534126791090483,-47.189814494704706,6.04016085687495,,-5.850221355659418,25.92349926751687,35.42061590912974
2022-07-08,-6.400183493332596,,,,-29.435917382326796,30.599073190063134,42.62185498594968,59.76615524879653,-37.38802497369395,-4.446423361569244,54.31355691909823,-14.770694636560933,-7.502342167006898,12.605707413134526,,-0.007426771462073198,,,,-18.93707985803946,-9.2087234983794,,-56.14873873033122,-0.12520414704509955,,-30.301114508760765,-17.405593470912148,,-12.68867320061591,,,-3.551353265849465,4.6177403879321055,-14.04696727932463,29.46329825014849,,-7.716088540344199,24.023823734708856,2.6904853702962317
2022-07-15,11.10894308994338,,,,-11.97410359084252,6.511132238628663,6.446094506198282,-7.232321889292131,-21.751514219166715,-31.26266001212091,-15.24698703762552,11.519575013110861,-0.3373177987759929,3.2138430954472046,,-0.16616023589626938,,,,-26.19477429762182,-4.07860099634689,,7.146145717731846,0.9894698432452856,,-8.297321959566624,32.2537075633837,,4.630253075066737,,,-51.180249187274214,1.5670757780578137,0.9487451768337524,-11.112247904244137,,-0.7075087849875792,0.11701711435001894,-102.65937842873046
2022-07-22,-26.25135149543315,,,,2.0328257669599967,10.973811582976905,2.9687237644033204,7.445101883892725,-23.42056273690311,1.5033179479188266,13.961806543631395,-25.009668207928723,-0.272356944630719,69.45317228498213,,-2.769187647182636,,,,-4.605829086266568,1.6125087038665984,,21.92191707991731,0.6705568378416927,,-0.6298130655132125,56.72531331222854,,-13.819954122881079,,,11.03040507242204,1.3406131735924398,-0.7017949664840358,1.672277279269647,,-2.396007033008342,-15.257321306455252,1.0145458582740703
2022-07-29,-52.68367419904016,,,,-15.688553268260973,-15.760230813320668,-1.7145000906971872,-1.4912563111785655,-2.4493452125216804,3.2908182862843054,-17.991398490225524,7.309268563046089,-1.025030721280328,-32.55949206088781,,-0.654767382423822,,,,-22.15371479372751,2.8310194613433013,,-1.163701420219926,1.9984714144289368,,18.979732630273855,11.717942202926633,,-28.147894669909697,,,28.04810147587167,1.7573582949045503,-14.12100008028575,1.6443364532046039,,-1.457201511463431,34.774592129478,2.2786549322198333
2022-08-05,-2.920218917712752,,,,1.161790524960969,11.422961041182775,-23.945649009215128,-2.5571907466730863,8.301902949811156,49.6353238919105,9.539848934836149,-0.6217344081731635,-1.1711633435137372,-27.918597333129277,,0.07823400714862495,,,,-14.325998015749288,1.2088912216348329,,3.489578401566693,1.5097762707201698,,3.3264053140448304,-19.079947687450463,-0.04978186499463573,15.061215421672202,,,-6.99354209282617,2.057497547050815,-12.669713169927874,34.59745353511859,,-6.727980152554512,-31.06271698571389,15.925451546200252
2022-08-12,-0.45493684811190405,,,,-9.306024032613065,-2.282303491919389,5.022539151691159,11.065146181151874,8.38792584384175,4.554075297767111,-3.018234167755877,-28.63378587324852,-11.598487259251332,14.532218713302324,,0.2333341940249353,,,,-8.642603305035871,-6.836610942731555,,-12.243452580973178,7.73399792709822,,1.0829676994221766,154.0058566754531,-0.03406450949069451,26.286849371342253,,,208.6263137079208,-20.197565328981504,-1.1302849877395338,1.4077658352385798,,5.860919204497043,19.023840481499462,-4.327711479490857
2022-08-19,-13.724279613634629,,,,24.894257697976396,-96.68948034719381,11.282326942184802,-3.937658330256025,-24.581127373564733,4.157553895258478,6.557670404281078,77.28143825057737,-0.7729837624989004,2.2492194720115193,,0.24726727847941268,,,,-59.23004832450545,-2.3475359988023183,,-5.785503566379838,1.0023399359064584,,-2.3289221048040236,-1.9493726200512718,-0.04137051167868422,-9.323899356616577,,,15.644448623501992,-40.82925462592188,-30.97188704152802,0.4194554846281586,,-2.4141311357131965,-58.58028450932629,-14.638084682397242
2022-08-26,1.225916489836104,,,,-10.108389819325048,-1.2665092535451783,-35.91231752806228,-1.891517898145732,-10.231827339497249,-9.839002027538259,-1.6041094899607138,-5.198249598455502,20.345680387792513,12.949418630524184,,-0.015099945618158982,,,,-10.566821307513264,8.054453526475184,,-99.45692875493914,-0.2647725149096036,,0.08794553831818795,-31.991772886814367,-0.013044955089450791,-12.436899019193815,,,-107.43407660516026,-14.919784595351857,-5.731590871157782,1.6902086482203287,,34.421895053508926,-11.41863144222133,0.2971000355507498
2022-09-02,-8.5356494446768,,,,-0.4618463342201171,76.94729195338388,16.067856384176732,-0.946836088449882,11.66273401408098,19.661211160194014,-15.451457598376026,-17.368195302814648,-1.4639316306767172,0.312735776187977,,0.5266113477372952,,,,-10.360337674297044,-0.49909517899462497,,7.617369307261772,3.309805829132306,,-3.346252537707265,20.193420855554372,-0.007708373808730261,-0.5169204183631627,,,-6.483949125661933,7.500262040312383,-3.5849848662530497,-1.3427555426946847,,-7.644327527820942,107.03092290031063,9.024484341638864
2022-09-09,-3.0477735626213454,,,,-5.134626498107107,-20.396614626294863,1.2863585140371692,-0.9134385277968742,59.66285619573729,2.527092658080022,-106.58749304483533,15.368837033377947,-0.36431843512832285,36.90710097797868,-0.16578295644357355,1.5639832502453443,,,,-47.347725269096784,-7.130209857155112,,-1.1601398233565292,-2.9697700608841275,,9.05298189009878,-14.207027884063857,-0.230990424361046,-22.878644289970612,,,-15.561399251544294,-27.942038154122653,87.93330340574981,-25.027255920642375,,-15.617404287476273,17.46840654159482,4.146225525242934
2022-09-16,45.60072123083119,,,,-18.10429527870586,-14.850894584078848,4.374191098176365,-16.726730126834813,6.220048090696265,29.525586712308975,63.42812933701552,-43.16190223398782,-1.6928121728717997,-0.43543288377372336,-0.052160308879670214,0.5065825199028027,,,,2.903829177445088,1.4313457383509258,,3.108830565645217,-0.4900048682312019,,-5.188500549048804,20.33024515740747,-0.12316921489845999,24.36316109841121,,,8.354137248413544,17.752464508312116,14.256815367186357,-6.944874781486846,,-1.8096906973504048,16.725786215519413,-0.11523847517888886
2022-09-23,-1.3069016761887522,,,,-11.317778247587917,4.001082169497644,-6.139867949044185,-2.4278305189470686,-14.51357209497791,-45.250513579657735,-34.702828011966005,56.34600242364123,-20.096463556278092,0.4493640079892012,1.1925956776661568,0.00832293125200055,,,,-10.091804148511322,6.254848480786685,,-4.947501193390632,-0.427727662890488,,-2.512765023933681,-3.0651750781888794,0.07911387367230954,-46.41225631059327,,,-3.552711075511611,18.449648207844955,-5.933010789710972,60.96817468777212,,-10.133869398121144,33.56302322250377,-8.624736303695165
2022-09-30,-16.12299034189153,,,,7.00984248806004,0.9978429409709965,-16.298542150907096,-2.97947786747568,-0.8863987832000368,1.77270555386956,-4.889667187179877,-3.6371920078942894,-2.508381988617286,4.755718084074481,1.17421872738274,-5.098062712108402,,,,-6.31217660052652,-11.285665713443713,,17.85643974305064,-2.017837733947408,,-1.0025821536489863,-14.939215909095637,0.27143072917857547,3.136036820778576,,,18.703237588146003,26.393465061681592,-5.487567459625137,-2.077322978882079,,-8.36594938323774,-21.754764039526787,82.72534910289262
2022-10-14,-14.145913852729231,,,,-13.950969779307208,8.511226054360378,-41.9878245457161,-1.5858754027831208,23.325040891931742,-11.446243203021329,63.105123744739345,-52.766379950461115,4.24235192350868,2.0198588075438497,-0.006638882733617554,0.156927779093452,,,,-0.7827588352746297,-18.892074643784586,,-2.6870808693008925,-38.77046072652505,,-3.156957733795771,28.717784759640725,-0.033956553017004676,-5.354199798971872,,,-19.223792443402218,4.629935262542749,-13.25665169825001,4.988125872018706,,-2.8937346780901807,-10.553709378642612,-20.92339349686885
2022-10-21,-11.440748723814764,,,,104.01389477216267,34.19680659677308,2.6890298646703648,-3.8087681965567715,0.25231220067907983,-4.589445084533774,-6.435106448623778,13.057862509353933,26.189590274189992,-0.7469318650104722,-0.6839435601781083,-0.21339959873392864,,,,39.49548051897897,0.40715618836728806,,-7.851967322009806,-0.4644053492527682,,9.010108390914464,9.346321727383328,-0.023746503100667574,31.324846033203126,,,14.390125220170125,-19.207039125775108,-5.423466505352579,35.06810370656152,,-1.9356459768038268,24.34541679016311,-0.061792645187646045
2022-10-28,-13.585997121529141,-14.80238332374215,,,8.895297892698308,-14.06536244989886,-1.2806652280426984,-1.2011756856644995,20.84062014018495,-13.620759216293997,-56.04321725028137,45.16388316072702,1.0159194588398541,-1.4076523566331993,-0.13624694925618538,-0.8621410778636037,,,,5.142759683709948,-7.547266297858899,,-11.995724771848806,-6.277779977347719,,0.45749725247830164,-99.32219760740027,-0.04942538022841468,-1.6838146794144824,,,-1.655860048452143,-5.182244354131675,0.28382660409673205,29.176166776028495,,3.515580782807471,-7.225389914443578,3.659696737954079
2022-11-04,-6.457848666319972,-0.10164172207319688,,,93.97828881644244,-1.7728914909792215,-0.6019270818402909,0.16687126085391368,-38.767481930183386,8.913908300529986,-20.742304803258925,35.11720657439715,0.1270648480043396,-0.7407356382332151,-1.3642474106249445,0.06572553553047017,,,,-25.371958503263023,-2.6707394616409386,,-5.712308376058611,0.5878400582179206,,-18.79934885191499,-29.122717338659953,-0.13708467534854327,13.515686597873255,,,-19.818413651329045,-8.261895915447022,1.7497370117643571,-3.742423683274068,,11.299072549131626,-46.190827014935145,4.637673188735852
2022-11-11,6.657715669935449,1.510925101125827,,,0.9790954194505924,-3.0635616077233694,85.64105797000414,-21.00311410695413,33.928540761426035,7.721738417497467,-7.867077868999302,-25.965870392049585,-2.631742977175543,-2.0396941772716004,-0.07185726045729565,0.40336472111789984,,-0.12070398869496349,,186.96917730639038,0.8261028654063415,,-4.903824706616199,0.21612541489981052,,6.221002576396422,-131.18608368610882,-0.009132258059466825,-15.48394723628066,,,23.020531785840838,5.041906976253923,-78.96279680577672,-27.32327725141468,,-7.831808777491539,72.29773085503744,-2.1089717948454885
2022-11-18,-8.458613098960289,0.12402164545951833,,,82.79759251451068,10.828561015279945,8.890879996758963,-0.5851055470049843,-0.6629253831664353,-9.839494857639457,-27.4958753758195,24.749428308415002,-2.5001076936625988,-6.734277765930911,-1.1368330494218326,-2.0086852930559114,,-0.6339345290763951,,-100.1417692501845,-3.278494903224544,,-2.2752191084291584,-1.535076193755752,,15.998289880484801,16.666054981678315,-0.1956987485735861,-9.80321587344356,,,-1.7977895061525004,10.563888244620909,31.93179905215066,-1.3760905405325137,,-1.0552020723077684,-0.44244660021737015,-2.0053330594397933
2022-11-25,-33.61677821168568,-0.0051966241355776155,,,-7.102477538564648,8.069174695265517,2.3337529460243136,7.6327476735424105,-12.0696377737066,50.5541128260347,-23.23012460519448,-85.39266609459501,1.857988868248071,-0.04592506156386689,-0.02728455224896001,0.005255938009411751,,-2.4035088723619134,,-6.658772260686137,-3.9539040270114207,,-27.216044140296752,1.6011660414355229,,2.7019176295070335,72.96582155741959,-0.9522889111212234,1.3006666920152072,,,-25.15175224647485,-7.897767942347844,-1.6611628199806137,-7.153344653653079,,38.7288308424772,34.287425443660105,-10.106660728823954
2022-12-02,9.57834496734069,-0.5289183156096272,,,38.9963948925231,0.9693410064707062,-3.181331160150185,-2.5340232107978347,5.816137670237625,-12.085281055057521,-9.744048804763331,11.355702876537794,1.3049240806668867,49.43487916994362,0.15921208418598704,-2.265431569676418,,0.25920796746993885,,-53.65761242331252,-2.734571550057188,,13.077456430685295,-0.3349826187945206,,4.362652175703982,39.89554987786279,-0.6306359294983505,-25.373140394765578,,,-6.018440179459456,2.014808711128374,-22.665619776038465,-28.66835043494326,,9.052464836496613,40.93372616604315,-0.14145526192113453
2022-12-09,16.894555744032314,-2.805841759513797,,,0.11852407997214792,-0.013162685188852885,-1.3027880793755948,-26.02701009860362,-3.752980606757849,-8.99000518112398,-6.683636656365652,-1.6442485479514264,0.9453045327179761,-1.1233083152080927,-0.2942461137670643,0.5851151240914368,,-0.33932501299139706,,-65.59783747914098,-2.3475052495371584,,5.0643743038527065,-1.9678040094283713,,15.750566568409528,-23.386494183156948,-0.7088913225213028,-5.511488035394151,,,-0.512680389840662,17.392412578485246,15.898223819505638,-18.38762771052943,,-6.088306151987494,6.005599224831027,-25.661797115734494
2022-12-16,-4.012991131859965,-0.51730102327924,,,-5.041098765784685,-75.8342284955687,-5.202545708967182,-11.782244413985193,1.9491788832197996,37.43986874525207,-12.354144553314368,-27.44884797384266,-2.3157627329259056,-1.5004787111120264,-1.0244310754743924,-3.569463842824611,,0.7710960433022164,,-18.585016989417454,-9.77121653618228,,-22.075123037815555,12.520473169761068,,4.03123537066913,-13.989463600056293,-0.9759120122890041,8.102583078191952,,,62.6073859646107,34.296808284494205,-2.174102660638754,2.107046810365244,,-0.737900174260782,-34.097785791809876,-26.60576313473034
2022-12-23,27.21431463364107,-0.09500564361444941,,,4.9065786923849855,-14.956431267259646,3.941684962725973,-0.2641724471991694,-13.017932627874728,12.655858239653725,7.102326758155973,-8.84766398414327,-0.543863891323348,-28.733023429093294,0.6896565788061175,0.008383118197720342,,1.4561935277647795,,35.61693886086279,-2.834931692486852,,-1.997425285285096,2.9313357258062442,,-42.10615748198936,99.70333966904118,-0.11080620193938345,-141.49933954672707,,,-127.44246239526095,-12.727916682963265,-27.16592613641844,-3.726053260320109,,-7.641653011094604,17.57543818656894,-9.454329147020388
2022-12-31,-11.161201174519366,-0.6459546659235815,,,-5.455714600155046,-3.9539957987081222,-0.9860411805272177,0.31432744806763313,-7.267062872844257,11.838188398869166,-10.37641379963061,-6.386575139084942,1.9102278051372632,0.37366743580087636,0.44415832024600355,-0.09032453771371016,,1.7008132009716876,,-14.853277289737994,-5.165546287727722,,-25.173853213775974,-1.2759346817033763,,11.501490738753947,48.084633287442024,-1.924385119956112,59.15890196608564,,,-10.35378139406422,-8.298906743806766,15.374025418980407,18.314027866662247,,-37.154873340736046,-29.640309702581863,-48.78873246029386
2023-01-06,-27.09219728863891,4.099008146063527,,,-2.5231004957019687,1.72383565949169,0.7737996053171641,-13.162669279312746,10.617762632678001,7.221832842347205,11.023825186184514,-3.91394963239883,-8.048751455178897,8.177407613826595,-0.27191743869143853,-2.548556069033596,,0.24805159515751118,,-15.584033187188714,-4.356474450783795,,-5.9137021851026415,-0.8530226404104188,,-34.9493401814863,12.225833666966883,0.3479640192463193,-13.081807315537862,,,-6.480029637223238,2.1984894539024538,-5.957428927761148,-24.643545601043115,,82.18188573590005,-30.011280845345638,1.0788643620797915
2023-01-13,9.440611925933924,-1.404912843916725,,,2.587219586465046,-17.607848312858643,-16.066210853253796,3.0879574478571246,16.39022474953075,0.9525957189496209,-1.6995893309657697,19.992277075634114,-0.9690491257997473,-5.32235751525969,-2.8181499736339277,-0.10037072570653283,,0.7663944452475895,,45.32592217911647,-6.802093918162534,,-2.8924632214894643,6.1571299845303,,-6.949174597387023,-19.47384530518603,-0.08054352437079197,0.6717888422307075,,,-14.949188097761496,-15.544982345636335,6.9057887767721535,-11.12975850555933,,-0.8301545420431093,82.08368100086246,-4.518795301307004
2023-01-20,-5.8769331811084236,0.03511278515695766,,,20.58915174458599,37.066871112155845,-2.3952223650786055,19.437858543149186,-39.907969055259606,-20.544192828277293,-31.509627174585912,-13.57131588978057,0.11394705166607116,2.1970846365015557,1.0132948394656554,0.3868726450369651,,5.016919707805495,,-11.58341174276436,2.0157059160325095,,9.126282409093683,0.3880632808208604,,-1.5239549899383136,-20.922650130643756,1.0265605426893851,-0.5467908959354747,,,10.287023034281368,-5.080271606810565,0.1643641209666918,-6.683030670563625,,3.174928418331967,-11.638005356845209,-0.43354179288847683
2023-02-03,-82.44404755324095,-1.0362386946540663,,,69.7609259334733,4.57037852506651,-1.0511851026410075,-13.479735670889692,-30.023367588594173,2.678419868980509,-8.972297177717408,-75.10069057160649,-1.5895603271111025,-0.1189914795192697,-0.8941391363639695,-0.10016985940091541,,-25.179471437082096,,-30.45104092694069,-18.835443722957258,,1.0365586743741015,3.6501199939877105,,-3.9343875881494874,-5.670771120097093,-0.9286497402661656,-17.80730476889152,,,-4.1854706711894565,14.843392882739947,-2.4221498107289925,0.94645955471392,,5.856675284102049,-38.816674291147834,-12.24007587553056
2023-02-10,1.079793534775075,0.02588615422222111,,,-15.889810848597644,-1.2092682765946345,11.852095562554002,-25.620259943240477,16.96006816291703,15.351887869065601,10.30789320731309,-1.3808383647691171,8.57666075423506,-0.39948433979075304,-0.2964643209274612,0.0918676451107781,,-0.2556560933358401,,-38.20378513461814,-16.961693568541175,,7.977708618820568,6.117161978718517,,-0.7158235178345198,55.62759532750458,-1.4738141736027157,-12.7676821309955,,,77.82029333998338,-13.611686581111213,-1.028766696964028,5.699364063964891,,17.308291450111078,10.355436784262885,-16.655505571246138
2023-02-17,-2.866371503384441,-0.2851552552594726,,,-22.61359544103581,-9.109262337756382,35.38041303975769,24.52712927783157,-4.300990115296844,-32.67297407725008,17.836096564960553,-21.107812970879298,-0.44252961131290053,-7.2675692360014486,-0.28556679683658887,-5.129385943042527,,-0.2625692722464632,,73.80971818105404,-0.15920474117267455,,3.569822205056999,-7.270092480187319,,0.5945147436376892,-3.129645988092605,0.3401482381930082,25.65411159924501,,,59.36021076225655,-11.710735072930929,-12.441797475933214,0.4138426992093449,,-19.887146997052263,5.050300252751016,-7.013206594763554
2023-02-24,-14.62388113599107,0.08949655278356783,,,-13.675149647209679,-0.17984089270528106,0.4767152124601548,-0.3380764160742888,14.462830528544828,30.54698957319845,-9.550365652638757,3.902520441880183,-0.1123410631630179,2.160691312886915,0.22995260967650366,-0.09805356911685403,,-2.6373668471124847,,7.397094598581784,0.8394820775957701,,1.9881497659609346,-1.3164479327583738,,0.5089978386169002,18.539118301586214,1.9313505650528222,6.339607153670615,,,-6.34825318474405,6.688325173098555,-4.638111273079274,-0.10380536334417911,,-5.070919899443411,-4.002455589932908,4.638269035607424
2023-03-03,15.218044164052337,-0.34490996362066145,-0.11693604162855076,,8.681420003445965,2.89020190289995,3.698188635055576,-26.408961942251015,-1.3252187158994664,2.6057608920177935,24.47823154773857,-9.46510653578766,-1.1976324958480404,-1.6713965113361455,2.242202725549063,-1.7884287518943047,,-1.6254420387521167,,25.71218598503129,-33.80861798819779,,1.1701561070152464,-5.660160665235538,,5.194402074735422,9.534468570608004,0.5083277875726664,19.78059210351819,,,37.16658629042674,13.559260442251574,1.391365120245832,0.42081863125351376,,9.186673094608501,-19.847185617358516,-1.207025246513648
2023-03-10,-8.655681087118824,0.008585060710409723,0.03940639930868284,,-10.109140514085892,-3.814119006620429,-4.093439002755857,-2.949107588937039,14.918836630337495,-11.123074955727173,-44.29213878845943,-51.303574017577716,14.647037003315432,6.871282076895087,-1.5013925662896788,0.24857505765458612,,-0.522974116801951,,-35.67402320128661,-5.80018086958688,,60.20105194870728,0.5208562707370724,,0.6471319421922413,-0.83830837796007,-5.793794478141799,-10.750703772054298,,,-48.30841931895068,-1.3913998210773093,2.9688289225236675,1.7904516307844367,,-0.921858646124497,-43.69920418984823,-0.6024834125094857
2023-03-17,18.341461054494633,-0.19648726267808628,-0.23131474380893063,,-0.18440423418829055,8.700741225308958,-2.854570791288208,-12.34581140742202,41.414916169897246,1.066768704342001,2.7091994374097625,-25.380548271098792,-4.668075858983496,-1.965427209141672,-0.36421684175617414,-1.2823363591000554,,-1.8565270198887251,,3.939167965117793,9.911300466413076,,-2.340310555313123,-1.9061526913134663,,0.24913948897599061,29.602916327243857,-1.8088523626237956,-2.059432250806194,,,-0.5781243404595113,1.5298433022854825,-4.959124625473718,-6.110202824440163,,-0.05633360137197285,55.15094432945851,-9.40680673362185
2023-03-24,31.277313484114124,-1.749869117131665,-10.433616540965502,,-22.267016117933572,7.180906982106949,5.623670700535317,-3.613300685121114,-6.556079738293026,3.137467165734436,12.739174243145275,0.2856788633649323,-8.8020707954851,-0.5562009197837758,-1.2839825132973242,-0.2939470173388738,,0.06416946342683136,,-73.92393529072545,-0.5472502432284471,,-1.3607505057024345,-0.027058387697118214,,1.3739599020915705,24.664588180039363,0.14186846592516356,19.650419340457315,,,23.18738180971782,-17.81404593919531,-8.788167013988495,0.26362073919197143,,-34.531772814836145,2.6245547491655654,-0.011474700646201708
2023-03-31,-4.856886907726405,-6.529493437718009,-0.06878614000494043,,-7.762365210271273,-0.27623363598881456,-0.40076850596164415,0.6301570722545702,5.220195055019386,-18.842364135364733,-9.888979695715387,-93.28770952807588,-0.8688121628809176,0.8130637307407742,-1.7858521151023483,,,-0.7050565893403076,,10.819195090151037,11.969146379567812,,-7.363129148952653,-0.7000832171304974,,-0.2314556539690074,-13.411968676334086,0.13566588321843595,4.462894334950435,,,-73.0239856073256,2.3707830942585675,-6.908167800172507,0.581371892374394,,-0.1584807993008007,-68.3546536604196,45.69849141144228
2023-04-07,-15.882380507819697,0.03877338355986448,1.217051198030669,,-52.24942761385124,-5.4123647364893825,4.81267463264931,10.282436789522759,12.949998058945754,66.90732664343777,30.106360202897527,2.742609912607524,-1.0185103049592898,1.678596180682486,-0.05191427596865696,,,2.969620174606806,,-4.312072426285749,-1.1784023421847647,-0.03938510059281088,-0.07804257262066372,0.09447906766521408,,1.1326208384121674,27.341426121841383,-0.5798559598076651,-23.472306700874757,,,-22.472299806133332,5.870652025818638,-7.590010296709371,-6.553045770755232,,-18.864525117340026,-63.0074440093795,-5.041943040021305
2023-04-14,2.194851684828565,0.24506972804348226,-2.039964673105729,,5.818603984537712,-4.569384036543884,102.74745050391016,-68.47456750936169,8.64665482297852,4.025610032669692,-6.8191512811924575,33.57784670912801,36.58813573475237,13.635507512850248,-1.2822191696518181,,,-0.16286565352592008,,17.664205421324773,-14.757264637536489,6.562287889183785,-0.1474442222885306,-54.6766392923391,,-4.656305131112521,-25.219628656525114,7.160843443183365,-5.8229023408660545,,,17.609714324425845,35.48447594089639,3.6960649307142224,5.1173695909932855,,-6.344249610275665,105.40285915393756,-6.845788309716254
2023-04-21,-12.663342477301901,-0.7525677174934364,8.993319647215039,,15.551915745465598,6.010211036225791,-4.200412204228745,-6.865437062829486,-5.1849880136386695,-2.400448652179988,53.8211598614581,-8.724851824776698,-1.9152463457579194,-0.38097545281508366,-0.08857662719860546,,,-4.044200249583208,,-32.18262755979975,-6.487782399084803,1.8236967436370022,-3.8541875963904784,-1.0124973392730354,,-1.3780070432830611,-29.7534697257438,0.4405272206451386,28.720043241037974,,,-51.58195212587101,106.13154328454763,-2.9598829940147904,12.986527634367182,,-73.06806801907132,29.524784796304704,94.8333059662851
2023-04-28,-5.630679186697419,-0.11280654872058822,0.1236562613329932,,96.6146904982355,6.254974500513815,7.2574162344899955,-4.237745298199456,-14.818316659535743,-13.114804678951186,-6.445670000147574,-3.3050721118213016,7.550125123410105,0.18536836696876324,1.3532067904181906,,,-0.27693523802085734,,2.8620724434795077,-0.19779956731622045,-0.46105016806449484,-1.0810798890023554,50.05362572405405,,-0.1510227363558455,37.164599133800856,2.0075580186991813,-30.268528892315178,,,43.83902778093575,-27.602636413681957,16.89894354247058,-0.8023500972254736,,-20.833051638141026,46.599662749114636,-0.07332300369210067
2023-05-05,10.109350866227171,-2.53484474020314,0.19104583546838783,,4.159438777102995,0.5488740975586814,11.318148762260808,-3.549681346875215,66.15522872192085,-21.943896692365964,-2.8037769385244706,-40.26083398488473,-0.38814052624329054,-1.4512710715790638,0.3904422982128547,,,3.4575968941496056,,-17.235463200657385,13.166233184392013,-0.03978557998927483,0.16063236076015552,-3.389001807170856,,5.213220580953017,55.59701409083518,-2.2693968109284905,-6.7121786013259745,,,-58.15008609827547,40.951734094832844,-32.13100962346884,2.1873617052822443,,-31.505771398682022,29.79102771094274,-0.09172567389412478
2023-05-12,-15.127819277296467,39.47053000312849,0.5744716199608438,,3.8624278470483393,9.695705022652481,-21.70049424031475,-4.7864710121891365,-40.14695280980154,-18.346232393794832,-9.156314576521556,39.23191636950983,-0.48314686626958747,25.06432005463976,-0.5208291936360046,,,-0.19110070035857754,,13.728300297720244,-4.598262626966102,-0.01771660302547133,-111.91669978520581,15.377531634394883,,-0.4640998331203725,-29.031751135292208,-0.07649735625031072,-48.80220756907208,,,49.256492899515194,15.423312063110602,-44.86072172276288,8.01277429980664,,61.036260714097224,78.36475777861146,-9.402570109709464
2023-05-19,-15.893054935007672,0.5915387892111335,0.33224280924101723,,-13.566397173808683,-16.842654633420697,-38.40433222996362,-1.2428546896855335,13.73601011633111,58.31848476396054,-13.410739563047223,-17.272197785215916,-0.4898653145094558,0.2292337489077688,-0.14334327233352592,,,0.040532019319585,,70.88852758685394,8.41040326597673,-0.21780549351503248,-1.6172859562010062,51.98515184751945,,-13.560570741466876,-27.506372933734077,0.14102805935623208,-15.204116180011718,,,-8.391967241194045,-0.3222996001006187,2.495295159915491,-0.9252146871525312,,0.7276095264864261,-6.705587913403455,-8.882186089268497
2023-05-26,-39.10544562398532,0.12925936293680496,0.9533247063058604,,-17.266468898812995,9.444871819969153,-2.543611152026203,0.2448328144328744,-7.348804503809167,7.402932498959268,0.594371165222749,21.288051737376772,-0.17149923820541385,-6.400614271576192,-0.1709868077494771,,,-0.6365023483826977,,29.480099459700064,-4.544180326896568,-0.537072787677231,-0.8422335023369202,-38.52688865351198,,2.2201183225379504,-48.88306030241389,0.9595331606881938,-2.063898362017288,,,32.17048159037466,-5.16113659399748,-8.469478467955591,-5.713849292338574,,-1.8478744714716373,113.06920257007333,20.801973384879453
2023-06-02,-18.65221930546739,0.4022674834321498,2.262961694516487,,-0.8693289763148906,17.69977684206592,-60.53323291095321,0.7982795460348884,-11.414072604198362,-7.566498597026893,54.987300304559206,-2.3221606400834536,0.8107896262671881,-2.099711897578825,-0.6647481777585192,,,-1.774878565218927,,-37.697107733584765,23.963565908298463,0.018513773586048526,4.3519262119283555,-1.7302146074839053,,-9.19162525264161,-1.8214771610479379,3.934672787732998,12.715785055738799,,,-4.366544098417213,-6.378543117431689,-2.3608448412623573,6.8514182277355715,,26.028419627583265,10.483127729948633,-6.250407428769689
2023-06-09,-2.8617640053661257,-0.06541437915152715,-0.2686304775650741,,22.885713997982503,17.84120570417474,11.371320983595472,-0.9910670820760856,-84.62179514753325,-59.443046401661434,4.301139793363984,-6.593811005171328,-0.271215494666889,4.627763197689031,-0.08954489895111378,,,0.46571485251580436,,12.101700593748943,15.974610393995087,5.598141076066614,-0.19056622120206176,3.2043876457617047,,-1.9097056105125954,-0.10697052892568987,-0.31407870719776704,-19.721478025751836,,,-48.529299272480124,4.496752981084552,-22.518920975908642,-47.153054749698434,,-44.826077989862895,91.44950807608492,-5.532694272650437
2023-06-16,-9.6788687826024,4.835584804855194,5.063637771122278,,-6.472358744198935,-26.590442523025033,-40.78983974346938,8.966041756969737,89.20359426786167,-3.328215897983803,2.052344295857087,-29.855821633801447,-4.656880285681572,-1.2570524295664816,-0.22183355408540467,,,-0.2670390796263107,,-55.426558930854405,78.61300591809602,1.6777257285991694,-0.6016219308870363,-13.659854320459774,,4.899971453678587,-35.32085108306589,2.389406514909582,6.001856351455783,,,8.123698767973677,0.3208775931729462,9.012405994977723,20.749465555590568,,-102.08992926383985,5.885553615651068,-21.595174185263147
2023-06-21,9.322246032562928,0.8795579511934157,18.20140809612466,,45.16429726205192,5.180787192134158,-7.5380770313828105,-0.7835677485506508,-63.042546371128765,-4.931037243454838,-3.0916818035372873,-0.6988303456681582,-30.920933023276532,37.02390223815589,-0.09780639923445585,,,-18.152051201097578,,14.78214201370114,12.550411545045664,-0.94788079544771,-1.9841857811617536,-0.6460269575511103,,17.141210821906704,1.7756952700659596,1.1317910762614969,-6.166793463529746,,,-40.217783428628536,-52.97687247891072,-1.6448544944040182,1.3496080640995958,,-6.787721162611483,-38.42835858321556,-12.933110852886223
2023-06-30,26.636051656194695,5.68876114995299,-2.937035077954186,,-13.544450809518636,-1.7710084477229802,0.6541809883306975,10.272396279676974,-12.428999416770234,-3.476937836790358,7.550987909811396,-44.6556347886301,-4.487825092368923,-0.02420174964277244,0.013066631369064635,,,0.249210440148373,,-34.275548372074674,13.050154627190832,-1.7810932053499264,-4.642986061226149,-0.5169999686045181,,2.0872514375655613,70.75337958330262,-0.11109703534563771,-10.19959597357146,,,-46.18083997717199,-16.22833745381953,-23.31811397890567,5.288269525398485,,0.26971827064172094,-15.446324818822468,6.2035625272222985
2023-07-07,15.518788069684678,0.02090646278346462,0.5565139114003969,,3.686843773973295,-0.6910553036971385,-0.8122434054138109,0.7672243629382339,0.2300571838094034,-10.89005561217764,47.300416590729384,23.32450630102155,-1.8662156939252286,4.103984087325742,2.521559833442576,,,11.447508529359645,,-11.913855723245687,4.004929638215454,-0.6427410198587117,4.114119571384531,6.0178816944917095,,37.18631188101656,15.507104195767056,-1.4054492339795805,-5.819785090224712,,,-7.977230809894982,-4.829973836763213,-1.5012989105617698,2.042466247023574,,1.8339849430717616,-65.15713638698584,7.646329779129998
2023-07-14,-29.258428384965008,0.17983591569665153,3.505034319050114,,-12.599718318067612,-11.998324886677565,2.179035463574978,42.45667301254808,-5.901137041176867,-14.964096165055212,-89.49011520419707,-7.716459216199317,-8.069933217450526,-4.9160963127467525,-0.8509828703164278,,,0.5904258164125691,,-2.33292928083972,-2.353649811757731,-1.2105096341261352,-0.5455188867153944,2.7270845290198062,,9.177265657517085,-20.876408055632478,25.713661960450207,21.70608804148414,,,2.0437411918409065,-8.709211915602205,-4.478312862999946,-3.632225522595174,,-1.1285617811740818,0.3689703332456769,-0.3671592193581068
2023-07-21,-17.710972749541487,0.07593141337160385,-1.306600685255104,,-27.601820108501595,2.2870452276012423,3.7559724358721516,-5.252759760219169,-16.381766542024423,-13.535882991626925,4.602850644459608,39.123911532687664,-0.9467298439494383,-0.4177663229564742,0.6843240792645469,,,-1.0987210232480402,,10.751537475260292,-4.723696636358856,0.41466935711723324,18.696852415837583,-30.314011350880115,,9.540547674748234,-37.39967053132975,-0.08955911914448184,65.22736668613841,,,-17.262853600410672,-6.24540712868957,-4.414242439991813,28.025732418679905,,-0.5885438834507102,74.92724100010506,-13.339859691484614
2023-07-28,-21.747310358915747,0.03465286319802702,-26.52458371138226,6.6493148587992135,4.10382099330561,-84.40467220191866,2.530830890605313,46.87498479969134,-25.349836523088488,33.37632793202908,-5.8512577818793465,-18.581650251251798,-0.868793023410266,-0.2851132863337991,0.24807166693511212,,,0.0868365047565961,,-39.282732614650286,-4.650158980491203,-0.3675904061976911,-0.655155673722538,1.6319146254743142,,1.0837852525816705,-2.7898178781810694,3.790017039782076,-12.770474344879505,,,17.813296022737116,-109.46314761965645,23.528127694856426,-42.09916375711068,,-4.564473913408239,-13.628561662746861,-4.56637282123169
2023-08-04,-44.31797815434009,0.060350229249553855,-0.09793513974854144,-38.71871892310044,0.12215777200120947,-12.765822254031237,-10.934712036651755,-6.3884831090189165,-20.445197424939863,22.52200951447602,28.723590369450903,-3.755873769642936,-1.3370101405308323,-1.908356991063755,0.6337065986700054,,,-0.9554319898087936,,-22.773075939177573,30.971635939103766,-49.557518073977796,-1.5740374317366743,-3.101721392325367,,5.941282883694061,19.607334664416783,-0.9819199221200208,-10.893147608003915,,,30.230044746682278,-21.633408365653064,-23.841881990412535,4.685605114940676,,0.9134206806717571,66.20039030418184,0.3435733109866179
2023-08-11,-26.060894649131765,-0.24755937818300985,1.4018224370837318,-5.666530673206731,-18.73224724306267,-32.56093192249554,0.5942575545689385,1.3017148268651149,-45.98839142569232,15.344849504220422,-17.343273192821187,-39.60669882792494,-16.53631723887198,0.1951863072771705,-0.11916359069858676,,,-0.8461601519688527,,-55.306393161042,-0.3935010603938705,55.49588416411867,-0.5688932768408302,-3.5418405758603546,,-0.5613814444647162,65.058231358545,-1.7887986477715079,-1.3047806951919907,,,10.129181048946677,-2.819749882033841,2.024099095134219,-6.317428334912895,,-1.3736075578409683,-1.1660230663900928,71.61850036347977
2023-08-18,-58.34245342111892,-0.1518299032628012,-39.27004594314773,-1.2065241051729045,-12.07060508209273,-20.70405823149685,4.198742146886757,1.2476431131844654,-7.5713873357170325,3.0315898438521063,-23.860370154851644,-11.817145185038417,-0.5778518703300237,32.70093579842718,-0.06990094269278731,,,-0.1455455021030021,,-1.536041420999,-1.9688858108358427,-1.1899726235954984,-1.6129865289489693,-14.480623727789764,,-1.6176422852924062,42.45455974002113,-0.43005900909907135,2.532507297201878,,,-1.6847791465504507,-6.461748835380333,7.549486545487411,-0.7683247233339757,,-3.2701177271515025,-0.8678892612686542,7.714399911843024
2023-08-25,-9.950273167993366,-0.012519352016731017,-1.9470307449899948,-2.1333102551149805,-6.4458901930529695,-6.9006178483646785,-6.346337098350834,-24.109359974235808,3.6971887654289453,69.91792799606978,-7.853700605975334,7.728770176722783,-4.332742820242564,-46.30194691522781,-0.27253651615920615,,,-0.23559008091005137,,2.401508338805198,-2.456264307195032,-0.11264866840630945,-1.8407332615396967,0.6244618811126642,,84.2827479830195,4.97847324337895,-2.367308590532417,-24.993655977448118,,,-21.193317419587146,-21.788834383318882,-5.980499619919799,70.35590596443745,,17.011107900902477,15.825503902758573,-8.964008867351382
2023-09-01,23.459623938570555,0.049128762344520946,31.885550353246074,-0.14615227851790202,-0.13387964573598918,4.368789705842302,-3.3221199794898526,3.188832121443049,-74.08669364660896,46.887339270129026,-8.772441454680134,-44.899253687286254,-0.27872315803015624,4.9319097079952625,,,,0.4239716501184819,,-13.378926885615762,-9.438749503266882,0.349074619004526,0.3271002935862328,22.208901302888453,,-3.5422207453974455,-74.81048161906858,,-3.9867471948152673,,,38.7554027776812,0.11967838841703188,13.92900292336207,-6.174999894660722,,1.9723798465260507,-4.586018736981541,-19.365874934038487
2023-09-08,2.2670065280003535,-0.39610535055320345,-0.7788247722390473,-0.38877911041055313,4.4434056773247494,-11.001732828689951,15.349160780187788,-41.11818738071461,-1.737984417543541,-9.725548524683543,-0.8192236265724031,-16.07662486322723,-1.4490980424906883,4.281027486817799,,,,3.4652118152226348,,32.021782510255335,-5.37480635801337,-0.6085364135748519,1.1788357379328114,-7.221836982566784,,-9.851778347509992,-20.973781763809615,,-24.14931850741796,,,-18.983108355518965,-10.792079241356653,-0.8523084326745867,7.460585624787052,,-1.343236099201552,59.32957303021253,-4.1494752595609095
2023-09-15,-5.023131548513411,-0.1598994140473772,0.3086577215583597,-1.699588327956179,-4.511578330451286,13.81296019098058,-4.902167911579532,-6.8923246941678356,3.0119685131370617,-11.986829947632547,-19.554178765783917,-46.429949242945696,-0.931866514186281,-22.01802475112557,,,,-0.05727309938018106,,7.355457086932415,6.986041298710827,0.21298500878194376,-23.466372162165126,-136.56984927412466,,-11.845401432266476,9.765688366768625,,-22.600797360900856,,,-9.551240594479617,-47.412487621082626,0.2973604692831082,-21.876214565321302,,-0.5226476182930554,67.61748911866776,-86.41717322764866
2023-09-22,11.862365057379682,-1.225882540501303,3.630237144615122,-3.4570069873232834,-0.011680617755479697,-7.097552272897618,12.637742864827832,-2.644682174200291,-50.71480125692884,-1.0954955550588719,-17.604648219163487,9.419256191828287,0.24850425396596382,-6.20671311112537,,,,-0.8457996351470305,,-6.307816291177047,14.427876728833866,0.24824773671368397,-33.07749916255413,-0.09601929368657092,,-0.8851054287139546,-8.837680295546637,,208.27074014944066,,,-7.573227270281477,9.553130102324952,13.12151435325988,-2.4970456358773196,,31.39856578693867,-3.8438895841115803,-15.047462413480392
2023-09-30,-4.077699266276841,-2.140932715014829,0.2341390374732387,-0.19936663294903229,1.1474255032677214,104.17746645602449,9.103953806917742,-0.5456007321038916,21.95690020702443,20.914346516564006,-18.579000839431295,-6.747539253688305,-14.191508030382264,-0.05107556881563792,,,,5.137115564632726,,-49.988655082354136,-2.1034392812198597,-0.6326773319471296,-6.81985962483862,184.88590832854916,,-0.6944962110196666,13.919484119490331,,13.306664747266716,,,60.01696576980965,16.415964628799365,-121.59834106104034,-2.5584609512856935,,0.37814461229905927,-26.518118098047346,31.403627212710283
2023-10-13,-16.152699187310795,0.8696210005713292,0.05451468753287547,-0.2310614829499668,10.096934041201397,-3.02610815270814,6.029707402302539,-1.3654382381899453,1.3233032744824191,0.05399405917156347,3.729822584951534,3.2357782906494084,-3.4542272398722424,12.358984756152587,,,,-0.07363210722630528,,14.677922065988609,40.93953331552696,7.766262525238957,0.7983342516226324,16.243066164862924,,-0.08180685164123758,55.15424515898164,,-9.29694788153882,,,-18.478023815662375,-6.01979651433234,-4.29025131827928,-11.211503152464728,,-0.5830371995565851,5.44536171886786,-0.579231967820407
2023-10-20,-1.7032861925913714,12.696726910849238,0.4911549962538302,1.458199036445201,-1.4414686914137396,-14.055106664799274,9.04875002718455,-3.5588967141726977,14.966581602984451,-24.133680110911257,-5.164135364604593,-0.2385613036034243,-0.7974466080793561,-9.59732834482312,,,,1.5812342198669036,,25.154538460316914,13.484405480041465,-1.205324398746334,-0.6902948911577543,-0.9675998632887286,,2.8646178299690344,31.89979560187391,15.613529865235357,-7.887688639809174,,,-16.303471897382668,-24.791584043010577,27.01788074289704,-5.414588239741317,,-4.185740577945843,-8.323522827617094,-0.8963685096932341
2023-10-27,-8.04222900463554,0.24032429834931063,6.575882362914481,-0.6213701737971977,-7.368576801070999,36.76736342591105,-14.195138686338126,-1.3259647662837102,0.5732469174400541,-15.176342538792314,-7.0783790268295395,23.97484231748216,38.25638717244515,-29.407014083111733,,,,-1.1167424730349365,,-31.08301250207077,30.985275344538994,-0.10657593909738057,-5.526160362468971,0.3810143876769677,,-1.5019305888783403,-34.710178474797345,-1.049568007297951,-40.57477308031891,,,-59.55437142092362,13.297610224209386,2.7637225649510753,-2.389034768767541,,1.684603296852667,-99.79076877591433,-20.703550297391107
2023-11-03,1.761676888754128,0.138063691423053,-10.705657777932641,-0.7139489420263345,4.734920653242953,-5.249906654112405,0.8395984513040828,0.12529654683998692,19.502835775101964,27.88690683427302,-1.3887150432063813,-10.75727239542136,-1.5291131365868067,7.943723100541385,,,,0.2125164925560422,,-98.08278970995129,-3.8460355479766344,0.11168261524498449,0.567880562989888,-8.866099865881681,,-1.8621324680419864,-30.372679279592425,1.3812741316170711,17.963354928409,,,29.29975363942932,-2.501089928203335,-7.035915321205357,28.397353611383668,,-0.059400253468779335,49.04946833615105,70.11172793863062
2023-11-10,-3.714342306198725,1.0726761289696858,-2.256640651705004,-0.6991949334336336,-1.8243083573637426,75.18888903083594,-14.913474868226427,10.196543125334601,-12.688105710928133,-21.02368434024062,-3.1483844768478053,-76.01364083227925,9.502177825897194,0.9685966541819107,,,,-1.3748689365794489,,23.914596507806415,-2.907703527656452,-0.16781280516716252,-1.6329695723869722,0.6815864759079896,,14.114881201577967,31.060189801562014,0.39157056598467854,-134.97552829769938,,,-5.15142047058814,-17.935154585496363,-4.055115809913534,8.133097264470099,,-1.547359081724728,-32.08544173850473,-0.11372534707389503
2023-11-17,24.080613255646412,0.7225633086945402,-0.21112206578922127,-1.0235717207890063,-65.19212543080306,-19.804672582360368,-0.3003913735735984,13.502022427100702,1.2966164610140924,-81.05166495016732,-0.9168118827741665,-0.09205173220642549,-0.05945800832313636,-35.442071146636934,,,,-0.13976962157898146,,4.578226367127918,-16.5350045960919,1.1086570567261336,4.337244482204583,-0.23481466187645977,,-3.8177202505613357,5.360300753070299,-0.5160760002544513,-31.956879363285342,,,-11.27996310012687,-4.040452701385721,0.8267280497090078,-0.24240470776039913,,1.4579018455796517,-14.44895975079261,-0.12605032401270888
2023-11-24,-3.2790415337185177,-0.10203770652067717,-0.2281411622945857,1.694207567421902,-0.21308417294182463,-80.40356598382547,-4.473310853195626,-0.1696957841028539,-0.2495607104799265,-7.130462435163764,54.13434528033826,-5.342775725270397,1.8362446471648888,-2.9162797011886674,,,,2.4600313377823855,,-19.304821271035845,-0.24200558583868403,1.2950144174694898,-5.496481382104695,-1.0423087051494084,,-5.660371872228225,26.859610409531033,-7.705708838632981,7.531499144084016,-0.7120804323684273,,-7.780425007545254,-1.758526885602251,-12.776003433994848,-0.3628466006502534,,69.03091969101912,-17.410666048548162,8.46751680161743
2023-12-01,-3.8645156284681033,-0.08389583533060893,-0.23263213390823112,-1.8227056311155754,-1.7838325212448587,13.22278858448049,1.7156032280611382,1.9308038145517084,37.536184753803525,16.96955188681606,-20.192338960547,-69.90193808765079,-4.316773936447979,-1.1534846578739149,,,,-1.8876416552477937,,32.04283894131929,-5.4324508668235225,-2.3576252937494693,-1.6949944212434644,8.248603808923146,,30.249745015277075,29.575886288282433,-1.5617555136069692,36.06038570074816,-0.2834061781297278,,-39.82602251806209,-6.179140292742268,-7.004718656822902,4.663011123970999,,-7.518263977924839,-36.75143671167908,-10.0822538799381
2023-12-08,-1.9956568323750172,-7.722818419634271,-1.4567073195511533,-1.7486904072569884,-1.7414573370819983,-12.173858991482797,-0.4322122673194787,10.912716623089615,-48.73881885948113,1.157838231290983,-51.5048750374347,-6.7144021332322845,-0.327249759121529,-2.391799443311432,,,,-0.006377664412179395,,-16.747633579342057,3.2724771910127615,0.679759246399759,3.762306607564675,2.344908193234754,,0.0048353235986974274,44.656606934415294,-0.03264088118909733,-1.9642944697844458,-1.7718515853171055,,-2.006586125286992,-4.285649578565997,-16.305050961375645,2.1245639109864607,,-1.9688410022816836,-61.45075334749131,-1.955281441251789
2023-12-15,1.9169805927016377,-0.19118734186881942,5.572194901796789,-0.15178701017099794,-0.5341078280496486,3.3999318739489737,0.7021120914714936,12.106384857792973,29.086289189970447,23.057643886983534,-1.0993931165508752,2.209834277460572,-1.141190110206931,3.660532684433107,,,,1.5101431821111788,,-20.145536019842904,-8.776941099490628,3.8120858949454615,-3.1857498269650293,6.113447392531133,,0.027513246486850496,-21.556167495364836,-0.1455281822861743,6.29280768835466,-0.18669402138095315,,9.74451853952244,7.148547750240926,-0.6948079407606682,-1.1821248236111503,,1.22940273621191,47.46487780255358,3.353921419328323
2023-12-22,-2.92236624210587,0.43077944559515247,-18.185555327141437,-0.39858900231248995,-0.1037925287642611,-29.731694440040826,0.7165500645960542,0.33844211859005674,3.6103183032168715,4.002294086755582,-39.76374355052654,-8.82462284758537,-0.0006113278890877705,-0.7662492137664718,,,,-0.1933813134175114,,18.034384746624678,9.122079358717091,0.9899275217752368,-2.9212263435228927,-2.110010822537511,,-5.185860843464347,10.17924566462932,8.272090944408532,6.0729825819319005,0.8928813157540052,,-22.933044458854642,15.076201294032414,-4.640318526497865,4.008173617960221,,-113.0157295694443,-74.80148236843803,-3.7846693827917264
2023-12-31,-5.480266967965099,-0.12044758407983311,-0.13047005477967222,-0.2633810888329755,-4.178979742974914,-1.0528836389831446,-13.625449384375546,11.575019261523213,-9.828652660821989,-4.9735004170796735,-7.678993986248629,6.095829467487537,-2.5307942355813484,-1.474803475756657,,,,-0.3072805962085898,,18.714847419473795,0.4279620947835746,0.23246698598207113,-7.536169773556022,-0.0655049474708414,,-1.5272548250612703,26.621548570484478,33.41704876335541,-7.804335670979761,-1.5201097746780146,,14.740449218322464,-4.404472080346996,-5.024620477431195,-2.6962600452691863,,-36.98007953015076,15.069849366150226,-60.12949852214558
2024-01-05,1.8371649903317042,1.1993513325725056,-0.29359026675191147,-3.591247854933803,-0.01216121746216583,21.70598967412507,61.71443591732115,0.41238015749676393,56.61779645670428,16.4299913441533,-12.63859994333984,18.746024921024908,-0.19801441948823661,2.2242779267183574,,,,0.06283498287782649,,-5.501538875078039,-19.655704743870675,-0.02911783521327295,-110.72337899467344,-0.8942130053262705,,7.579401420870217,-31.148189280295817,-19.293717410457578,-3.1790616235637947,0.6099600240696681,,-5.908910150923614,14.4791988643091,-54.23502972595009,-24.694065102886267,,1.507729985228123,108.99424189124497,-0.21428515785175728
2024-01-12,-38.84012108358693,-0.19689010500068171,0.304885152717597,-0.9100188133997893,-1.2196554928964676,17.334653853429565,-3.356376532451305,-0.3770949310238918,-23.71345639417329,96.35078441450788,-127.17991865026559,-4.027296367512553,-25.107785892003612,0.6632572740844362,,,,-5.047042672177728,,-16.355598508125066,46.8069513586653,-2.3428984702878366,10.211746397835173,-10.567541828442664,,-7.637946739173362,-0.2641836218143079,1.0425230334711184,57.218356585136355,-0.7732955281218228,,-9.496298038513011,1.7579301916656573,0.8104276474776935,-1.7352339097311495,,1.5833125130293624,6.478031947634818,7.066235199080933
2024-01-19,-7.685681516751653,-1.4913582946596637,0.05942652243048929,0.8897531444868552,-0.21571535110868317,6.877059304888939,2.3418673451399803,1.7363808390434494,-27.3832567525568,40.770680429028744,-1.772530700096231,-26.926995776728763,2.2639013979523193,2.6773255317268463,,,,0.11758798317684985,,-136.9280385222526,-13.760925657458957,0.6381265324928967,-6.049205100818149,7.471468315919599,,-1.1518616967784077,7.814123194955521,-15.313584794657126,-0.38565673195874567,-0.13784814309863963,,-50.49918251384382,-5.565445466615232,-6.0018998787863636,-0.22958872255497698,,12.238240707007115,54.57153513780502,-14.91898593619337
2024-01-26,-15.215932921677139,0.2661701612888918,-0.1867054649736325,-0.7712893568892247,-2.125990556338348,1.7837836522102632,-2.1471771892385227,0.11180179887230798,54.7745303062893,119.06258617616915,50.58376491109252,-30.548122309705764,-0.6246029508380508,1.1974589983959318,,,,0.9181877173299642,,-23.61074154086339,4.375413390950728,-0.028926776838666048,11.322273934787116,-2.351377772140838,,-3.246469688261037,-6.441349019276948,-9.029552149651222,-26.120442134109574,-0.8013235983444423,,-47.82431460767981,-6.77175156447623,-17.918873751914337,1.0681060974564127,,-8.51924676151645,32.05212733836534,-21.401088511113137
2024-02-02,-6.051719915837259,-0.0161461014966969,-107.09458430543886,-0.7627596026395069,-7.689473340437887,-3.492634069724697,-3.8487629014193265,-14.511282764164745,8.205192046784674,-21.802157616806923,-7.768451183205887,-0.5398445672384913,-7.110021945512853,-0.1972311925438685,,,7.5901215372281685,-0.15394780555666843,,13.027532397335529,-3.9821812552790505,5.292490173713965,-0.8983659698432674,0.17213505535926957,,-1.182859593771559,-3.1096625429019777,1.2353368275703982,-8.163840447093083,-1.3390181584606016,,-1.87980511416763,-2.0286342362450185,-4.009845468243962,-8.655506312088024,,-3.0220408078960195,92.96343616423889,44.05597054210333
2024-02-08,-12.321382589195446,-1.6112403723508368,0.20771901172210516,-0.2067104813936876,-4.197075470555957,37.95809924231932,-9.259518838973326,-24.6576352928066,25.988686466754793,24.397526975435497,-9.164177272421638,-7.294235759080507,-4.34849197132837,-82.41073859521161,,,11.660895916892988,0.8607657191023814,,-50.10747662930831,-3.7641743522316675,1.17574356757937,-2.777689223426449,-0.9236745128750585,,-3.4396638956092906,-15.795776710305997,0.362551915416515,-30.061615620675923,-3.1807741366445006,,16.122250188505333,-15.983605386851266,48.776293866952706,-1.7348186376586892,,8.126876241077948,-12.533982161521557,100.13352559657227
2024-02-23,11.61819932479343,-7.311300518374863,-0.8026991874914566,-0.9112382918450801,0.3215728890630596,-7.128832957870477,-4.450310990155884,-0.37455448683631054,-6.441576127742696,4.585660172762143,5.436427476255281,-38.76198256007847,-0.8037887266226595,1.1051523078587828,,,1.2315988215298297,-0.011137046815519414,,-116.49659982259838,-20.332724283882058,-1.9125605267597194,-0.5572090997439006,6.269628736888885,,-1.1997763213050805,50.607708472596016,0.8298115863134143,-17.791994411496283,-0.28454838968779356,,-11.668185965417914,9.253373989148965,-8.78914264111494,65.65951241007205,,11.918610642793034,8.809565321883195,-1.3968963020505587
2024-03-01,-7.471897136602371,4.149146894793504,-2.5477925801077608,-0.7854339144454588,6.863872778726481,19.84251535135018,-0.4790268491295148,-21.317972730464685,-24.173383144828303,13.326231133082212,-1.9123999436903114,29.522275143856096,-0.45108121815172264,0.25887985026540045,,,-0.1175153803875636,-112.22103968020919,,16.179264289456952,-49.922998821536765,0.33470873999135575,-12.812920934907648,0.7299219508702862,3.959032102606063,-2.069970772968303,103.65082596619195,1.6923710590765804,-6.858487116050924,-0.6203686424170741,,-13.060318133276084,28.251997916012346,-1.741346708053416,-34.62445524231076,,-8.90051104491474,-32.39976903026518,5.6024203157153405
2024-03-08,18.52294116163499,0.08266814262512207,-1.1407874492914443,0.6451734203473372,9.731304973776162,-5.355655083150321,0.20778602675431762,56.40928560541938,-47.24965932351591,-1.2799992782584946,-13.75138688655446,42.5981844619616,-20.728460092863042,-0.8702961541087582,,,-0.917533768871359,-0.025291289502882605,,-37.956530606915514,-9.699341350313752,5.43716748665405,-3.787406169409302,-6.891897009885147,-0.038442110587975364,0.7953789298828045,-144.88823741724786,0.04538847091935189,68.2340679865814,-1.505849997857007,,35.77134613920262,5.5918591345187565,-16.46925830722265,-0.9875357478947797,,11.413464161659165,-42.17035354783608,4.512327169383841
2024-03-15,-2.3516856721336232,0.6199248270875812,-0.4332968753807151,-0.46108298547516324,-13.265404629838873,-8.419050346615457,-6.408597944189341,-0.8681177749259639,2.1641257139763503,-20.205623037532376,42.42182159594444,-13.328182490338243,-1.9664834119071677,6.381356912763405,,,6.768793604748287,0.21591900109723589,,-1.4149985841157138,-6.728056313349588,0.016759480121010743,1.4728393332432417,40.901275511019165,0.29809538332288704,4.748633400527498,70.5038843959499,-1.4246910029476232,-4.775917265324432,-1.7861794659832633,,0.4992874158876466,-11.553235381320931,-0.9725849448582391,-0.16401195718589967,,3.496915609805492,-15.168805121474232,-9.06061284527302
2024-03-22,5.363618759429169,0.08523612692204363,-0.3600991814263978,-1.0443730857535707,-1.804508435251987,0.6096805411471413,99.22748111452731,-3.7375523652923355,-6.072358083429814,-3.8533224426313946,-1.9349412993321464,23.354930834699662,-2.375351454723461,-0.10468931691416261,,,2.7036279705238497,-0.1217337532026914,,25.760280106482625,1.849520540037612,1.6335384962846191,0.6351838971944702,-3.5490218361492136,1.9179577613109156,-0.8685089978199898,-140.76426516547716,2.049274379816714,-12.070763075349063,2.0838116228450083,0.07090151429415847,8.010453370352332,11.944212294609482,5.276087031863866,6.8470021910415495,,9.584859428202414,19.697226059095215,11.841684132979575
2024-03-31,-10.145362492823494,0.024200306438766417,3.8472065830985405,,-0.6715042570277345,-2.5924946626027183,-23.590348765364958,-6.265463989240033,-2.2737373972523676,8.752000840841465,-1.3806840404657597,-6.424633779232135,-1.422232692910541,-44.38381662381145,,,2.5286489110054675,-0.09803224020337462,,2.729294297440361,3.2494177847263743,0.13916388039558228,0.5770179235865656,-0.8098358504532172,,-1.5554502713159841,-245.50752948460624,,-15.489135879394672,-0.23116726601902104,-0.27145610636246587,-24.517080125082476,24.98108100590444,-1.1707774669049296,-4.224043989859906,,-1.1679632859010938,-28.08004704172811,-1.2569258203896885
2024-04-03,-2.546010213501138,0.0677553205014517,-4.3615116576761555,,2.566988070711055,16.721983541131376,6.24737664713835,34.79633512353148,-19.098915244518945,20.818463447834738,-25.02771184422509,-2.680647201726421,9.606972301424449,-1.8519304090147948,,0.06829398173951215,147.4758369351778,0.01073468280411402,,67.14161970115057,-7.165418405520685,0.4769505814823628,-5.550131511722307,-2.363503706789322,,-2.8795141033159197,-14.314511926238538,0.0561043291500761,-7.310603697390069,0.2589410467338622,-0.29770207128830967,34.19854376167938,1.8138269891978038,51.69544748548704,58.76396488971734,,-10.621819664274092,6.291166534652579,-7.867173604010024
2024-04-12,-7.303739074921717,-1.0647084042838042,0.490854697731777,,-0.11455221945114122,-26.33033681903398,24.3281544524948,-52.6542522237294,17.426295708196296,-0.5648336925280415,-8.317606459617597,-43.13112757981667,-8.124550483254923,-1.1522845903108547,,-0.9259929366629,-0.07300794739367418,-0.0035587117291188686,,-33.11560832904488,-10.415575462863897,-0.9894202337631406,-3.991923849906901,-0.1245853668667999,,-0.11983175320949557,25.778199029436767,-0.07729614908837998,7.66216622024965,-0.6756204217115575,-1.0763767294223108,-5.826359780214561,73.47908712538327,4.820147772275229,-6.297341549735539,,-2.7253293766863753,-10.757675764788607,-10.09484577255418
2024-04-19,-3.4231039826219085,0.07697990087504056,-0.6259771589173504,,1.1501401849917297,-2.671998833602898,8.796049019291694,-0.8219056450310935,-8.992470453337358,-1.386021591065052,14.560504434329564,-21.199826040017353,-1.236476838017383,0.9604118161972277,,-0.43716462677380175,0.5663565118756733,-0.16043320421883153,,14.586635292870122,-3.1522754468940435,-0.1151388340291299,-5.525792477122983,0.03433396250416887,,1.374247865802299,10.087822389358575,-1.6947162898182295,-3.4286807610554275,-0.7328342637870997,-0.3066112916233048,-0.25083117967956425,49.978371522459234,-5.571329572721017,-1.41709888893844,,-1.7989166099626157,-11.121802055091635,1.9122864755414821
2024-04-26,2.9446270545410336,-0.24391549354134262,-8.141049345063228,,-0.13835814761370258,-20.661021152054833,-7.476160584436926,-70.31990664888097,-10.316386548855094,-14.015654790481388,-0.1274489880794254,-5.214712674533002,-0.5836094724104623,-5.622178820098546,,0.00926216798874123,1.2961699993665112,-0.0669678199882937,,-29.93726341363291,-13.265534326924554,-0.6406909238187475,-1.655443820634296,-0.27392310615984833,,1.5621123479136267,-35.16747670828373,0.48606448376383166,-86.6405904976333,-0.18751166030436187,0.33337479480646515,-43.38595529702081,34.45957667900077,-6.564431340091154,11.576917842981786,,1.171180738758791,9.695400819431526,1.0626452778460296
2024-04-30,0.7588531773024398,-17.083459180094234,-116.29705670978605,,-0.2366197047273646,-43.33239177685203,5.596405609857892,0.4536708927279982,-7.47989019869999,0.7501740523715994,-5.091089658332574,19.304393304501847,-8.312163193550052,-0.7104517994389734,,0.03024137058785395,0.018094171747346774,9.619028488293647,,17.534017322579864,-2.324273089246537,1.108251688307267,14.056919065487843,-37.74819779585476,,-3.5833131037801365,-23.778509635717715,-0.2969876586094622,-15.57861583397784,-0.3032850405365366,-3.3811261607073755,-3.444521446922254,-21.17375352794121,-1.5848969551400984,-8.806446953403178,,1.5500904899512398,16.58978751998827,-4.824160854329129
2024-05-10,-1.3276408988836457,-0.08660413088483214,-0.10822624125707335,,0.27243700646206725,-17.854795813743056,-14.245907305561104,49.047184664170764,41.47837335894517,-18.64279544741866,-21.517194467782303,-23.64989742548525,-5.999869819730161,12.276358245374395,,0.8567013515422008,1.6700114966648645,7.167767144549112,,-129.19557132691418,2.741272688386268,0.37698942734505564,-30.49007411655269,0.12598013322495905,,-33.08593843178661,158.50622821619194,-0.02652185560489107,30.261118127909064,-0.26977055803743405,-0.5328374427878507,-43.49035378759212,6.013205230067812,9.007123228567115,-25.521595885904564,,49.788734941460326,-27.832263118774588,-45.49172685036559
2024-05-17,-20.826610695547295,-4.468994964870743e-05,5.8550039035578205,,-0.46264430433684306,-12.375771662419073,5.17286975592492,-2.102380592115386,-11.135522673000452,37.742670399270786,-24.265243428900156,9.652316199643524,-0.834924608027656,-4.000505293698322,,15.969011529450125,0.24751638252825395,0.1322463780283708,,101.48669375148823,8.03382145880111,0.18577250648978746,8.116198331474992,0.06348570883382716,,-8.239397684899924,10.84741623593838,-0.11357407640354582,1.57127687358074,-0.823888201463463,-0.6592359867922546,-5.92554508187517,-6.382245629309901,31.59453323599883,-8.594201270465861,,10.660149359398556,42.176157457006866,-72.22468278193953
2024-05-24,-0.0031782209251421945,0.04373032671630264,0.20125588032778144,,-9.843109217862942,38.88000495598682,-21.91875805800255,-25.243073006603144,-15.669973839528893,6.864802938101217,4.176003915183474,-30.454981403164094,-0.21942090038853085,-1.565345645743176,,4.015459427523796,0.5898701358452006,0.36426046071352675,,-24.58871900443084,-2.31444018415284,-0.8071733640558171,-130.93790211333823,-0.17105610709018076,,-6.1430473863866215,-15.175475716481703,-0.02739014825535893,-8.315260360721403,-0.6568401825860375,0.04772182407508918,-42.02579999505518,-5.553624722617671,-31.706140923263394,0.039700306197959445,,2.611075789546244,54.74721194280018,25.252729466877767
2024-05-31,11.965966760707696,-3.304800702284914,1.2670312739723477,,9.298027732461549,8.669424723720967,0.01656249641197438,-4.007901610350402,-14.589583086409114,22.07490613919531,-9.55368294922567,-4.264889087408191,0.20110984084058134,-1.6993053164062564,,0.14655643000791155,-0.7664204678511112,-0.07433332924335681,,-9.14790446069876,1.0159489986260835,0.004136856772069628,-1.2745580017314826,-1.4163456819620168,,2.4428663543434657,30.87525356160391,-0.06706627788429859,-7.747977336756169,-0.8391914911474023,-0.8912117297316966,88.785751117122,-9.042550408494272,-11.5812374709378,21.45309453526932,,4.214238778736589,-22.66490785499635,17.899372191387375
2024-06-07,-9.339315227672737,-0.062244439064828766,-0.29451772354699796,,3.768246892890142,-27.34807844416615,-12.426351576413566,-17.567417340888024,14.471258448049044,0.8143165236223255,5.591749850234223,-9.59116191279638,0.6607766377344222,0.32256055369276126,,-0.3953548963540102,-0.18581330614428934,-0.04096207653347188,,9.052448387535074,-6.5063380688981844,-0.4963337753851738,-7.04952157981503,194.0043227167123,,3.877075271399261,-22.413027697026013,-0.08433735270775182,-80.55618128724187,-1.4472011344073827,-0.24234378381916924,-120.75560679078777,73.1146470894391,-11.609237843972373,-3.1001106053474614,,-1.9589881423139612,-1.2094720699561938,-24.454329722703537
2024-06-14,-3.3954069113674756,-0.126768416121184,2.095915867687327,,-0.2180583621966995,1.4415863584299982,-9.817829321292521,-5.88655789279455,126.51181469772453,-0.9378133130579291,-3.517921166215488,15.293276335803158,-0.07722842808881913,-3.2859908712806307,,-0.4355948392373514,0.06687369390931584,1.0687373372257132,,-13.46839440046541,1.1673124523283918,-0.43743146893305856,-7.990223070177262,-0.257228252493928,,2.3579388231357035,-97.17989357461899,0.8292223305203059,-9.70224514842546,-0.8523905780434432,-0.29701290984229806,25.915800600427907,-30.378646590109117,-4.304245270192817,2.7302626326814057,,-5.715540021413936,29.429665756939233,-5.916432415527055
2024-06-21,-3.0000328549331994,-0.06852840697687038,-2.442424920742879,,114.15379319865062,-7.869857296447981,-12.395107150325426,-1.2844471869634182,18.030917300197228,19.022948505001512,55.47720400670956,-9.044090002819695,-0.9688464244339647,-0.34779761821921423,,-0.07173766038956866,0.4751596307942545,-0.15356006059488697,,-28.60712043016111,-3.5794410953834053,-0.1507795290119654,-3.0000465357556014,3.750359796681361,,-0.26450477479045853,-53.8522102216811,-0.15401410331600185,-88.82908858382696,-0.25251073534680635,-0.7030483207508866,35.17334790278895,-14.56605986143324,15.467008831540117,21.45880572528165,,54.89904299197366,-5.184586089432437,20.87300369475411
2024-06-30,1.7201129858794832,-1.453870733854068,0.4713203147567985,,-10.219741525634653,4.746938416883435,-0.7918560184203797,-1.7914678103344388,-8.536758848253228,-4.5819420339937995,-16.09003767683783,-27.106770456907817,-1.3697550658314726,-12.303115230339113,,2.110616590228452,0.6181253727495428,-0.14228302916404717,,4.270528527400011,-0.18533263277036288,0.46650663508593254,3.3194775111915824,-0.10971322597150411,,10.810518870698115,19.071259049255083,-2.0423277177117933,-13.226665305407934,-0.7386255774745268,-0.2608347119013472,-60.3002929463519,-7.5185655273819405,11.793340071436193,10.990167871120759,,36.21609488351133,-90.73173544545868,2.2217044235532715
2024-07-05,-20.47462805595377,-0.5968650975120066,-1.360194430119497,,55.18666902812459,-26.170195430017323,-14.684236743421181,-2.888812975671892,-9.89445002113801,-13.70081051155101,7.5159302127722984,-0.729147737249958,-0.1883676740766183,0.147324773689971,,-0.2941986407292566,-26.24436871006511,-0.11187044015517489,,27.22879948127807,2.632650859937,0.183603088493314,-6.526266354401302,2.8103260817533253,,18.974188530889382,70.8836102774455,-0.4268079808675001,33.61495121422431,-0.6776082497114232,-0.8369267738458734,0.2807688561859837,-9.772095866236924,1.5940429469419224,-1.1513804996078472,,-0.24328297011815775,-6.693304597456105,-3.617172056275267
2024-07-12,-2.7848464465048814,-0.2594486212568498,3.0002906106951706,,-18.787030841905082,7.12307990783639,-7.18968713241415,7.692824304957028,-27.400386328414676,42.32270019581834,-6.469542109909562,25.689856846208244,-0.9715762362139927,5.16387995873241,,-0.10600096294726746,-2.664527681708296,-0.07479817007608547,,32.53694114928905,1.470173253913752,-8.833699608158971,3.5665900685384186,-0.8303337727159357,,0.2618291846084959,-5.824708238116268,0.11050432336218255,28.1844588629776,0.4981570153332875,2.129271201870889,-21.50708722445119,-13.323960607277218,-91.51956946728319,31.69753057189171,,-1.1997179934941715,32.718956832547406,13.147156571067033
2024-07-19,-7.4922452352240905,32.8830393289766,0.038532525714790426,,-4.298157478884119,-44.11614205104959,13.84427926297523,-3.4373594317147336,2.0991169992341447,-1.9664926588129994,-23.560904804382435,202.22213173389213,-2.1659939479146777,0.29913419622937887,,-0.11845681365422533,75.283898529145,-2.7377396676500867,,-30.069619193187666,-7.493898549441458,0.9110653597842786,13.307909629504776,0.46081975284080323,,-0.5228538563549819,-108.22717017504128,2.3171350146732945,29.299510689373793,-1.7729771785564854,-0.8201573644395677,-32.1360856202118,10.863253091671666,-3.950784984364226,-10.035605118039118,,-3.3423182305792976,57.5535299659525,-32.16212896323541
2024-07-26,-5.269623733841905,-0.6342979196280263,-1.2656276611339148,,11.018105525570403,-22.9592525387236,0.6488888562920394,-16.658537056133458,-15.359302443161129,16.79246948290074,-8.911550255873435,-8.19021623974208,1.7767844968381357,7.1346984757099605,,-0.43508416467078326,-0.06740708427388756,0.8191286288229985,,-4.769425226880378,-9.40828052337682,0.12728839534680514,-3.678526109573027,-2.9826480487908156,,1.567803943152553,-8.063305413232495,-0.3801637332951405,-4.333249835276378,-3.3502619825525155,-0.29321424870429835,-7.210389211284566,-5.122022478300012,-0.026855874773129562,-28.045951963433666,,8.931267743843904,-50.74155773305299,-4.606220402955461
2024-08-02,7.333986972989245,-0.5602932902286852,1.1396367001530425,,-1.3437041953035707,27.511714083174663,-2.478332750571939,-1.9523018358678215,1.4469289980533104,-91.34541523983859,38.3153062538484,-124.6694471484874,6.706774908410685,-28.235695365429876,,0.3308746230622203,0.4751300673907055,-0.08351650350370704,,69.2549477894429,-0.4421945798153051,1.2118312055704625,-3.9765934364076685,0.06295871999756253,,0.39868284166102613,-2.360442903313582,0.051650320116941276,-10.34157606547999,-1.596703916629679,-1.3883694352170428,17.61392083690602,-10.373883424635626,-2.9324502145659634,3.6372335541246006,,49.918039198937834,34.89714866946321,13.480131807742849
2024-08-09,-10.472921754863906,0.6116104129694849,-0.06740035522679709,,-0.17450274643826905,12.808814376492156,-4.093908292845832,-0.5746911096184355,-38.5501358074746,57.058475073922985,-151.24507737990635,-84.55348897878521,-0.3235601701751674,0.8306432971153255,,-1.0902166788748109,37.93638341805415,0.1082750112716036,,-27.84834893787475,-6.11031155229872,6.67701127359443,-6.847418413080661,-0.9199079545650183,,0.11069884062213403,16.06600188967057,0.45706435426575126,-25.00119274232167,-0.14705859934111506,-0.19877486422448834,-1.8506547911061744,1.058238398219295,-85.48236508935702,8.463375721728639,,-2.220034341254813,15.066668922703693,-5.687582047339042
2024-08-16,7.3953247261772,0.06439262121504025,0.057476611760640506,,-73.9660605498983,-11.85466339901534,-0.4228254465974721,1.520481860579139,-11.030465239962991,3.544754781435301,-47.79295471524987,-36.73126021486405,7.081346522263634,-26.779170713293347,,-0.21040891479320556,45.03008353591023,7.017538063950084,,-58.32045353963839,-2.307969428773726,-0.2521956370554074,-8.027658299893707,-0.8153690019898623,,-5.069043770080399,25.19491393475224,-0.24091872932265326,2.6412196548311107,-0.19742493195521008,-1.3255290118415823,-36.435888383475834,0.5967168287657679,12.223919737605751,-55.95673106674598,,0.5036905659498777,20.740155265238762,-2.205768682259979
2024-08-23,10.195189481037799,1.0812822413529994,-0.33717279515490584,,4.274520147606067,12.151129850146482,0.7623641065043765,-3.888678458764168,10.101426059747043,-27.84989080142251,91.30567574762239,-1.0830269938955328,-0.3932599732647821,51.5472196122551,,0.1862714903390088,6.433607767604778,0.38525678218538917,,-28.48254581118332,-4.418478846343764,0.07849758086168764,-36.722062457504585,-0.05179547064221879,,-0.16380528920212692,-22.418298523602274,5.284575179365057,-8.179966107257188,2.1594356766829925,-1.5207612477234531,-25.742298425750498,7.434721968165839,-33.47559404398126,-1.0467655749147011,,-70.7257892490772,93.44955269871693,25.289983224202903
2024-08-30,-7.761621086200297,0.015122477071007279,-15.918941326142146,,-2.0362562746178714,1.2114757263016922,-0.7938986475381883,-9.163123081008152,13.502490959822644,-5.625061889529661,3.9167689973811557,-4.675639580501523,-0.22285213528001108,43.65893527175847,,-1.1229210358110857,0.07759923416158261,0.11208547621939047,,-30.265757051356726,-7.603894748472493,0.2129866656105843,4.0607636029020195,0.408244600311312,,-1.1988511130081874,-3.9204543772129203,0.0472516274613726,-3.102049846942309,,-0.13618750539521732,4.512073339278243,2.27313830370462,2.171968069823783,1.560327855836298,,-1.934247848393059,29.79213094875484,-21.755434394927473
2024-09-06,-3.8819902554833132,-0.0937950300749261,9.830046860353018,,-1.9757030383508933,-6.5244706335855,-1.0627522406175711,-1.1545957793284718,1.2627367411246828,0.17026336008313614,8.133121655533435,20.878986495996408,-0.28334697274817316,0.5633670387532141,,0.030435533186042318,-62.53709298895987,0.12751932275542172,,22.799293961311097,27.176356211476133,0.01031556812891362,2.3806231988653814,3.733305529861742,,1.8036880247668492,5.611501773943441,1.114923430894815,-9.732448955229277,,-1.3025496588197025,-37.66865274151198,-58.18876354933354,30.00820748339259,-1.0891125144118863,,1.54886177289996,29.17682420918066,-46.18643583440459
2024-09-13,-14.67346559199383,1.3981857658014993,-2.0581033709158145,,61.185849537428396,64.43179712469035,-0.8631843864328332,-1.4965736931000029,87.69331393279016,-46.04913498564611,-4.5814154254879025,2.6996219857113877,-3.4755401697543915,-26.08740879940586,,0.014414443440664865,0.8693973315375851,-0.0006278928413741974,,-24.08999524138906,-1.2126341658478306,-1.9336019568671976,2.0445434771340896,-0.12546776467230272,,9.289398483012059,-2.9934001976460327,-0.8382882526653813,-4.893837035564473,,-1.0628880242994614,45.26769397180683,14.442371719321896,-2.634184481939346,2.0814093845624804,,-66.00607871955533,-6.635881238538215,29.05821707848833
2024-09-20,-3.8104616619062295,-0.16160745608072513,2.152970922115342,,3.0566055283988316,60.294093822019434,-2.5583976169672096,-1.552740487058776,51.304673743864086,1.0184306282482638,78.57227519947024,-7.674841591950415,8.669699117665834,-0.9156977925967239,,-0.08369027322162406,3.487401396831763,-0.1554562298065091,,45.41043444729918,-18.791188018179373,-0.46035891103865273,-55.12518872477108,-1.4340354477986832,,50.130729941534206,-32.231529976568176,0.7799203034846001,-89.45619730364555,,0.09339967054185383,21.843727277419955,1.9664064411215962,1.0415989762989115,17.063262269059962,,-1.4315837686351771,-58.151702843824395,-1.2365690468482549
2024-09-27,-7.822463182843892,-0.4421071636087616,-0.03775470602342789,,12.749229149017543,-5.136931349557316,5.845923869840899,-1.4562588880033995,-44.257259096030964,11.989353907245967,17.17185244776845,4.722125710974434,-0.2838611550814574,3.8349370801860094,,-0.05731034734438481,-0.10339561343582344,-0.11635149812819291,,23.3050104224126,-40.97482418519182,0.40819411100920244,16.34642131016697,2.7859168026934293,,0.07333668222854911,-41.42754221486158,-0.5951304383046931,-4.084611648621662,,-1.4982009490172525,0.25450393081084427,7.026235023438642,1.0502644218221555,-2.369172830159183,,3.3827378346771537,-1.92333575559178,22.66504626803645
2024-09-30,-6.209862658943166,1.699279714156285,8.77729929196048,,2.3962128857984735,-137.67563777359015,-9.303658193769504,-1.1058849238228576,-9.398666931705957,21.5808791103921,54.56696388352681,-2.192977611408645,-0.12980515205522047,-0.9736511674118375,,-0.019632100443788415,0.46142157531028355,-0.651776560680051,,-29.71201089881761,9.906894528996254,2.7306408637969257,-2.5172193923877235,1.9645596380253711,,-0.6906890236570659,-2.3165299210990584,-0.2130668818432518,-22.155590581568124,,-0.8122318375621554,25.910979154708148,16.076052478790203,-23.565287339694677,-3.952298231783996,,-3.6044458729097877,10.456101023510838,-5.195535792013793
2024-10-11,-12.4684151433054,-0.09639506673334282,-0.012665482064030287,,-2.215356160373783,-0.8620008908431127,0.30901762789073806,15.305453806805131,-11.524714202274923,-5.118499931305882,11.779370465334138,-19.78643543570923,-1.7960357117387353,-9.409715270105389,,0.11761187843649108,-0.7382957733186424,-2.5173910248396556,,36.253283138013146,-1.956884552981571,0.6075058975634072,9.386185647944721,-0.6239235112561978,,-5.053055222166996,-38.525680003028185,-0.4008772932490358,0.05953677727169504,,-0.2675913101481674,-18.046991124852624,8.740818627345076,-10.330841318388392,-1.8132894704042788,,1.0560731827361491,56.73799707530887,-0.1817723632471966
2024-10-18,-5.244794398169981,-0.6805865015079622,-9.320165781694202,-4.34094879790341,-100.32391785192436,-29.615127901682808,0.4417291166863584,10.006010139847033,28.71484558390217,-25.236085195255544,-6.276403007912109,-2.228328110896567,-0.9784147401803507,-1.5319921410656556,,-0.1484956811106985,1.844097542292991,-0.17769450686048072,-1.7254288485953038,30.346177261172308,-54.69315244410121,-0.007945745815783932,-2.3936158804779106,0.3298335607532718,,-0.08084552775837797,73.03565232427651,-1.0162105484293893,-5.005802886160226,,-0.3424868358863953,28.343024899628684,-34.6554496393149,-9.982661891241515,-27.87648570503474,,26.276300084952116,-5.8622759852688215,5.585136584674779
2024-10-25,11.789528772843703,-0.03316572710637955,-1.9540084319289033,0.18347581669603902,-76.75565003286155,-36.19558179810344,1.6957903731436725,-0.9484334986362788,15.864147110717118,25.77906655976563,-21.45127758684567,-9.046873795302565,0.05300128960440306,-1.0733225748172444,,2.94142811769413,0.14707053352200647,-0.5105538501620602,-0.8843998673621838,-132.60931097689277,-30.273843073056316,0.00984423322002084,4.829658186110596,-0.41454397268982385,,8.168183862227293,-6.992826912838775,1.219800262950014,-4.292107253721151,,0.9919625487800197,-99.8076412622996,-117.51472802361312,-4.924272138620451,-1.736613637471077,,-3.314316061789022,-46.72677445990516,8.038017037326966
2024-11-01,30.7465051320601,0.15888495509508888,-1.0562882656823585,-0.6667926179063389,-66.24458210534395,201.94904091325645,4.983871363542754,0.3240299668466118,-22.74044082073738,2.3299959673088475,7.081388528820583,-40.09159834723831,-0.12123065440948108,-9.508449073727101,,0.03760609302712627,8.448075054601077,-0.5300127996624612,-2.1814658398186246,5.364738208153042,-6.187704523263586,0.34941066871367277,7.743533096809428,1.6366276869200052,,0.7160221112495182,32.192604354226155,-0.022800896529729234,-9.000076258464897,,-0.8677817587109626,2.4006088352231707,2.344712978778696,-4.792583276400798,-5.893431711231393,,-53.58568789950996,13.450586983224131,5.464287286943577
2024-11-08,-14.045033996317756,-0.09569877420701503,4.66756153621477,1.948774695592995,-5.847280016339988,-5.4014180844586495,30.034870767823545,8.189045714016467,-8.62475392932519,-70.6105941612073,-3.4884991350911827,1.3234597776452541,-1.4104792055799966,-2.3268861963330414,,-0.04100331904873898,1.759135528881663,-0.14870085171547642,-0.08471129752431622,-6.302642268081602,-6.228704098233719,4.370588716325448,2.005556736902995,-0.12939906843433238,,-5.872675903131264,14.598439204474296,-0.6675118126916946,-40.725044435806836,,-0.7190610494184085,-1.2130649347595301,-1.8227820635698146,32.09256131060888,27.999464773032912,,1.737477180186838,9.62096963177251,-1.2884824198235285
2024-11-15,3.1884008138385944,0.14862498358710016,6.209150358197206,-0.03755127526853341,0.44838365458482243,-54.58830158177443,12.385237285609913,11.646316142439185,32.53040825918615,-0.7511489215801541,28.844386297829324,-5.981565966350795,-15.46609706816661,2.1013792353306386,,-2.530298737827258,2.9941777081079484,-0.8713499475727725,-1.8787887766088782,-60.305494348310376,-9.816396706666366,0.38015039499307857,-20.815007799733337,0.7532536985962288,,8.908814007587356,-27.061405590336108,21.324439984047334,-2.7320555719241506,,-0.28622547371095586,-3.215987732014932,5.41010506138115,40.28710889723684,43.9437417646748,,0.15544667365405,-49.43478714526289,-1.3719209987368162
2024-11-22,9.639047274547954,-0.12160959735120488,-12.239933540799242,-1.7708371822659263,-1.7315151954864114,-61.22162363264841,-1.161115310421323,-67.02440070555869,38.06580756917426,-46.30194141740935,-18.9538184741484,-46.63341944375122,10.26835925408698,0.3191197284952754,,1.1184192578986498,9.93294424628334,-0.5870636013062654,-3.8010280940018615,51.363275267958365,-0.8629192674109358,-39.18796154060121,-10.50221344059389,0.08080837993757073,,-0.5351089686376921,-129.85161150906808,-11.744750314523344,-19.272622382270605,,-0.671217073753043,2.3189002143729054,-73.42893802669865,26.663871609644435,-2.516769515825212,,0.6588594684079152,-8.114941736544406,-9.57942654085009
2024-11-29,-10.33687174410641,0.30724775225815093,1.647252348225102,-2.588026146839801,-35.546617939172066,-50.548143904315,-2.6073841052862097,-0.4318492718324294,-56.574361891557274,-86.53752881284456,-21.202189550712106,-0.49392247252641885,-0.17625616134582928,0.9877706779043844,,0.023011568291465917,0.03196271959242736,0.28231979773950777,-10.564061577267431,-19.15497601225212,-23.007896651304332,36.39900333051314,-2.132122827928716,18.106447211905365,0.49191137944909014,-1.522208000144889,-6.920548153460958,-0.0726481807960731,-129.9420376547945,,-1.5175901415638915,-9.94765624871571,-112.56845026100842,-17.87055808544315,24.28329072742117,,1.1267644401651662,-12.297086923472158,116.89345412552737
2024-12-06,-1.2447996014963154,-0.15037083292252668,-0.05505203329833486,-2.553495975441812,-0.4341400741216326,-9.544234941350528,-2.4338401188014234,-5.155899672265509,-18.57349139016597,-2.962687786967292,14.246928511025208,-18.043053251713854,-4.577909721221106,1.5228533520001601,,0.8672974423318568,21.43585313510574,3.4472194593367154,4.473722692949096,-19.07449301627575,3.3379667743881574,3.27626460962634,3.0305991352995743,-0.24000842479297022,0.3603511951625117,0.9226001446549584,3.4155558897430724,-0.912291702479304,-18.778216010200005,,-0.13993968429072748,-6.703681928071552,4.490103224060105,-1.3008136940543316,4.152365630132706,,0.2567963856999965,-27.184408143793718,-24.032358769083363
2024-12-13,-2.84362522698636,1.9115726023932857,-0.9123290706527533,-0.7368741972782133,1.3483707965986667,-14.002284283628029,2.2268966329945905,-25.133294208710932,-21.452437189745158,-19.481368293633608,23.55621240090001,14.783872523515264,-34.95077839115079,-1.7911376314310758,,-1.9513631094627946,8.624200898817119,-0.14460175462506797,-0.14507013640844577,-30.052719834964176,-3.158621365054239,55.91842179238484,-0.5406223978983107,-0.02368890447898281,2.570758912714456,4.632678478350652,58.8672696358618,-2.2973548516509408,-10.460185956034955,,-0.5804022133950859,20.38207467901505,0.5434365791508476,-2.9850472504630305,-1.0914309272942049,,-0.5797834145208572,12.891270408868582,-13.05028777698008
2024-12-20,0.017579762958651157,-0.618272291906268,-2.817847699862909,-0.20189281040495785,-20.778373258891477,12.5449758069232,-26.56672662799766,16.21089221566865,25.972833182817975,-13.841647443085115,-3.6408363771686565,10.122504291823724,-1.0763845853134568,-15.63467296174759,,-12.187903992410671,-107.73707639742425,-0.03763549305193692,-3.763452772583773,-29.035750585780335,-31.27922276862133,-3.29770505560974,3.0994219535698733,7.378052920832733,0.7396409803689636,0.26642714856054295,-73.9360684231384,-0.37821249645616023,14.94735705774225,,-0.5022495978991055,72.87301219630945,9.90792474715949,0.07863041159194334,7.224392190444575,,-2.2461959205311888,-14.043193541727135,-78.53714316185471
2024-12-27,-1.158495846763891,-0.6874537578489293,6.79604500972286,-0.7800556793771964,7.415909097623171,-17.81598367567417,-40.925842321371654,0.13497613388503016,-22.211213013905727,0.8820758122462227,-0.2583235356387785,-6.349576932517204,1.5967488712650422,-13.808053432910054,,-9.233948517924429,1.5344526064316018,4.080219073865202,0.696423639610587,-27.097347289826335,-0.8234349979598133,-0.05839039248452636,3.0045121244365482,-137.06652811321425,-0.11723730099655369,0.2009640054064653,-28.123843318093996,-0.06628800033246438,-1.0143071077483052,,-0.2249462324322313,15.171591752844224,-8.95460562727447,4.948034413767422,-3.3770225866764827,,0.8385244378643831,36.61584996226446,4.815277395232182
