TradingDay,TMT,一带一路,中药,交通运输,传媒,光伏,养殖,农业综合,医疗,医药,医药医疗,半导体,国企改革,国央企综合,国防军工,基建,基础化工,央企创新,家用电器,房地产,新能源汽车,新能源综合,旅游,有色,机械设备,汽车,游戏,生物科技,电力,电子,石油石化,种植,绿色/ESG,计算机,通信,金融综合,钢铁煤炭,银行,非银,食品饮料
2015-04-17,-0.00687386672749527,,,,,,,,,-0.03788280576156732,0.7143146521930986,,,-0.3587331556914979,,,,,,,,,,,,,,,,,,,0.0729592089841117,,,2.0118742120015933,,,-0.0007600860763839755,0.007690813363542345
2015-04-24,0.021279091501550336,,,,,,,,,-0.004348755295875689,-0.11523053783256985,,,-0.011863645543108208,,,,,,,,,,,,,,,,,,,0.01718566729836329,,,-0.21656050887589914,,,0.017497043392460568,-0.017789017800002714
2015-04-30,0.0827030885660759,,,,,,,,,0.02530660894879189,-0.0030448978482669736,,,-0.08064384347781406,,,,,,,,,,,,,,,,,,,-0.06480645163103982,,,-1.7378134347302747,,,-0.025436134003568422,0.09331492642894977
2015-05-08,0.1152480021618063,,,,,,,,,-0.02771469568205159,1.4496338824938504,,,0.12995550984274934,,,,,,,,,,,,,,,,,,,-0.011857611931271817,,,-0.9791276455566176,,,-0.00034985646286771123,-0.029950100847879732
2015-05-15,-0.038843700765114356,,,,,,,,,0.00030434011240774967,-0.05866367862704393,,,1.016712012579,,,,,,,,,,,,,,,,,,,0.3005419563374259,,,-1.367329724523472,,,-0.2638924635654044,0.013349382410829272
2015-05-22,0.19963108215824313,,,,,,,,,-0.008757257570193385,-1.1418198857601336,,,-2.297550495875696,,,,,,,,,,,,,,,,-0.043826650501800596,,,-1.4329489350051465,,,-0.5245220923343737,,,0.11817369204033666,-0.0016272949181413388
2015-05-29,0.26680454094795136,,,,,,,,,-2.458310362545742,0.15213395991484668,,,-0.07491791809990354,,,,,,,,,,,,,,,,0.22407471975869514,,,0.3484159604675526,,,-0.5566890031278673,,,-0.0005834221208881894,-0.0874317485564388
2015-06-05,0.4144398712294938,,,,,,,,,1.01202993620093,0.27255111353977335,,,-0.0094061610364071,,,,,,,,,,,,,,,,0.4130657600348741,,,0.16232522990015166,,,1.4116913163566431,,,-0.052602971503279916,2.0333108940016755
2015-06-12,-0.09411266142044611,,,,,,,,,0.0008716241257879575,-0.34036918055220555,,,0.22519844929216,,,,,,,,,,,,,,,,-0.7122568277658614,,,-0.08415413996160853,,,0.8518858809194725,,,-0.004748580109688193,-0.0001412480204401462
2015-06-19,-0.08247576429025898,,,,,,,,,0.0007991877659634338,-0.038480426984448035,,,0.152846445537147,,,,,,,,,,,,,,,,0.09766980995648011,,,0.06051746651336271,,,0.03585348067763269,,,-0.002990447837928896,-0.032400599180288286
2015-06-26,-0.20399488936671714,,,,,,,,,-0.010892906375236197,-0.0693972640169065,,,-0.159540383958246,,,,,,,,,,,,,,,,0.021520549601524587,,,1.6076828060678168,,,-0.28063369759099765,,,0.19885813078511505,-0.0883629977319727
2015-07-03,0.11696244630578799,,,,,,,,,0.08842698033270459,0.20773527920731136,,,0.04384830617216457,,,,,,,,,,,,,,,,0.032974032250083544,,,-0.02710390899638005,,,-2.2655922772959993,,,0.02607866555798305,0.6896155590817465
2015-07-10,-0.21622742510717297,,,,,,,,,-0.02543519625340912,0.0313642735062157,,,-0.03202321686834246,,,,,,,,,,,,,,,,-0.002075260780957526,,,-0.3837477185028948,,,-0.08561355462799532,,,0.008593527561909902,0.042976816457761
2015-07-17,0.016650431073573706,,,,,,,,,-0.10381089074256707,0.09897823080618351,,,0.015226437404042233,,,,,,,,,,,,,,,,0.046328853066866266,,,0.005157956194246289,,,0.2659358260040366,,,-0.0011372223235278308,-0.0014628019540813336
2015-07-24,-0.0042962534601019625,,,,,,,,,0.009261576199720338,-0.00443862296284434,,,-0.01833829801156423,,,,,,,,,,,,,,,,0.0189443062128802,,,1.1830866129873199,,,0.03293920615689358,,,-0.09112516020663816,0.02132799147367031
2015-07-31,0.26100248341025584,,,,,,,,,0.008985547462798822,-0.0033805233338103143,,,-0.5673505998329192,,,,,,,,,,,,,,,,-0.32605523673633424,,,0.005972086932830576,,,-0.2090285404047652,,,-0.04763358170360776,-0.0014653270418758667
2015-08-07,0.027412492255729243,,,,,,,,,-0.0724472441416895,-0.4607701126428002,,,0.7271045904242737,,,,,,,,,,,,,,,,0.023256331581358237,,,-0.01580337636939426,,,0.3609912582102206,,,-0.00020106799542744103,-0.27142940545834776
2015-08-14,0.030506522442671297,,,,,,,,,-0.011265022795824205,-0.16030624884221645,,,0.025380950722465052,,,,,,,,,,,,,,,,0.24123149234920127,,,-0.0844558094689083,,,0.5797218856818248,,,-0.17630793252896027,-0.005836481177997234
2015-08-21,0.12017364827173055,,,,,,,,,-0.44009152161394516,0.01868782229074121,,,-0.22466391422858636,,,,,,,,,,,,,,,,-0.02312957890231339,,,-0.026338735359877023,,,0.0030774704363640618,,,-0.007637916394131562,0.009721784967231677
2015-08-28,0.5985760125869922,,,,,,,,,0.0015028590406347927,-0.33197565742137153,,,1.1835079078854867,,,,,,,,,,,,,,,,-0.03450872845810156,,,0.01394862176354161,,,0.3558150880994592,,,-0.028327341899548945,-0.0007472576669810163
2015-09-02,0.04331176208735606,,,,,,,,,0.0009184697648723011,-0.30674501361041856,,,-0.029409804641946754,,,,,,,,,,,,,,,,-0.020190897245807332,,,-0.041467229454690425,,,-0.4148152451917406,,,-0.0015034611652072886,-1.4742819433229166
2015-09-11,0.34878032722401847,,,,,,,,,0.02055065679690559,0.5561122555973916,,,-0.16329815409624251,,,,,,,,,,,,,,,,0.0346541052441722,,,-0.07921132132717723,,,1.0236290379864967,,,-0.016202819992381275,-0.04690039951111088
2015-09-18,-2.482413657622484,,,,,,,,,-0.014492958606686921,-0.0525421740688444,,,0.010933048523391192,,,,,,,,,,,,,,,,-0.16395277900861321,,,-0.03788743033483821,,,-0.23911053948674368,,,-0.1692487936849128,0.07756071270148254
2015-09-25,0.11641086004238597,,,,,,,,,0.0011089948957208162,0.03309635431102746,,,0.08021432438847662,,,,,,,,,,,,,,,,0.04405751596608357,,,0.08210669136063775,,,-0.05192305074854389,,,-0.0024898631597403903,-0.0012060689713794357
2015-09-30,-0.05814655134078889,,,,,,,,,0.0019971172905514207,-2.500922609355444,,,0.10387733451810499,,,,,,,,,,,,,,,,-0.027481684662354587,,,0.3469663296229219,,,-0.22897667906767752,,,-0.023941750264974287,0.014981023584339611
2015-10-09,0.04103132843108044,,,,,,,,,-0.0056832527266709705,-0.6934136829218326,,,0.000327235132587686,,,,,,,,,,,,,,,,1.27827606402542,,,0.6150831314093249,,,0.04266690638387818,,,-1.0659644385986782,0.011558438661101284
2015-10-16,-0.6137767579035961,,,,,,,,,0.0004239798438114825,0.2241577692605557,,,-0.8342545779395888,,,,,,,,,,,,,,,,0.2377503243061565,,,-0.0085374170897574,,,-0.9276178405645148,,,0.06456954007641692,-0.0008877472200772847
2015-10-23,-0.7941951520380575,,,,,,,,,-0.014738260040391431,-0.531007727347357,,,-0.17521127854488291,,,,,,,,,,,,,,,,0.07647605971040534,,,-0.04658784009149094,,,0.9904738635468149,,,-0.006784244285463411,-0.11863797287065618
2015-10-30,0.053196850185134,,,,,,,,,0.46476423132550654,-1.0308683930366564,,,-0.02884047684948984,,,,,,,,,,,,,,,,0.08523429196133818,,,-0.19017530258943785,,,2.724107913466449,,,1.7869119137421627,0.003321746041211611
2015-11-06,-1.4712637596664753,,,,,,,,,0.0004956926396377485,-1.2737363780297595,,,-0.004286047903048026,,,,,,,,,,,,,,,,0.9256484168895542,,,0.017732608257796198,,,0.14433105915396413,,,0.07361776921386048,0.24544675346966394
2015-11-13,0.02477696163786475,,,,,,,,,0.0005598037780783739,-2.75305419963578,,,-0.004062659952252706,,,,,,,,,,,,,,,,0.0017567528567820085,,,-0.1112122701905684,,,0.2754223995131075,,,0.006409650013866669,-0.049444220500182795
2015-11-20,0.04885154403551645,,,,,,,,,0.001441149949276379,-0.004479334629647679,,,-0.198649645047756,,,,,,,,,,,,,,,,0.009382432693203368,,,0.02943472157312077,,,0.39887089251808455,,,-0.0007408955591072317,0.020313758226468647
2015-11-27,0.06437395728717543,,,,,,,,,-0.03143654149448041,-0.15413849181954975,,,-0.011715099709708411,,,,,,,,,,,,,,,,-0.2582097676527201,,,1.0263469615560674,,,0.20610082079116712,,,-0.8473763308956332,0.007133497613936703
2015-12-04,-0.013296894877364103,,,,,,,,,0.008801983209760902,-0.11390568532728887,,,-0.004743433110524026,,,,,,,,,,,,,,,,-0.030893931800858046,,,-0.008150290503507051,,,-0.32998956643740995,,,-0.09463619794194729,0.01092262884361343
2015-12-11,-0.003458851017170847,,,,,,,,,0.0006954155176688367,-0.005813752102237692,,,-0.7591332140327381,,,,,,,,,,,,,,,,0.2597102172205864,,,0.01444574446673849,,,3.3450017708300908,,,-0.010310854265327572,-0.0241260860776724
2015-12-18,0.04034383697593467,,,,,,,,,0.022233000400728106,-0.13503268984473676,,,-3.864618899451547,,,,,,,,,,,,,,,,-0.08113020969620705,,,-0.0017963601159663748,,,-2.3945214224770224,,,-0.0182848500792987,2.1919456071938055
2015-12-25,0.41875918561347875,,,,,,,,,-0.09942944518291519,-0.8742554196254223,,,-0.021860686846369243,,,,,,,,,,,,,,,,0.6210663225539743,,,-0.019190495400150373,,,-0.05786549021429836,,,-0.002346931985518155,0.0011641301913423074
2015-12-31,0.15054458501267087,,,,,,,,,0.0639831811740745,0.14445136666180633,,,-0.42089113348117657,,,,,,,,,,,,,,,,5.0427320551292985,,,0.1697506164226627,,,1.0438981247367431,,,-0.004330529411203641,-0.024071789154843013
2016-01-08,-0.09286718163839199,,,,,,,,,0.006114732011680201,-0.07468439857736747,,,-0.2925501126624497,,,,,,,,,,,,,,,,0.11302150179828907,,,0.010869577774009997,,,0.8334558987822831,,,0.1580890982057568,0.0004903692282412634
2016-01-15,0.8371011029951613,,,,,,,,,-0.24959035410447494,1.9051418131240188,,,-0.267437778727388,,,,,,,,,,,,,,,,0.3486162325077043,,,-0.029803611979769246,,,0.44404897932608667,,,-0.0009474874124196435,-0.008493279146284418
2016-01-22,-0.7539277228819365,,,,,,,,,0.07252711663120036,-0.07091629756761494,,,0.3184642092938356,,,,,,,,,,,,,,,,-0.01485520817578037,,,0.25864372124170343,,,2.3766775306705736,,,-0.010269903807697267,-1.1768910407184336
2016-01-29,0.0021994902439392526,,,,,,,,,0.0004217706593203256,0.13516706111435087,,,-0.5016051483765808,,,,,,,,,,,,,,,,0.262877949869173,,,0.008702841139990812,,,0.06076707681437345,,,-0.0006773019841682871,-0.021171291382368132
2016-02-05,1.2163567037085812,,,,,,,,,0.0003237616785902312,-2.5384465152467572,,,-0.00460511074861963,,,,,,,,,,,,,,,,0.1055539067315732,,,-0.21888414208646756,,,0.04685270750186281,,,-0.061718885201395284,0.0004340824516851575
2016-02-19,-0.014190053699393579,,,,,,,,,0.00106010719689684,1.5758345809448189,,,0.001925212086520215,,,,,,,,,,,,,,,,0.003031404009731123,,,-0.00401986768674603,,,-0.26347820679365397,,,-0.002736668112591796,-0.34565386419192756
2016-02-26,0.013662896866090339,,,,,,,,,2.3250676634345635,1.9784164705974425,,,0.0007072523014693948,,,,,,,,,,,,,,,,-0.06700277139873835,,,0.742228689398012,,,-0.12252226966401936,,,-0.0004439386662925819,-0.011246722115022263
2016-03-04,0.03597476294727632,,,,,,,,,0.00022629431662227051,1.1595999128888579,,,-0.000998457029160061,,,,,,,,,,,,,,,,0.01971727886386503,,,-0.14483372176496218,,,-1.3438531000457918,,,-0.006258391540042167,0.171372881433989
2016-03-11,-0.4087204321690503,,,,,,,,,-0.09001850241947641,-0.4786757895214513,,,-0.009936232575898816,,,,,,,,,,,,,,,,0.09977800856454616,,,-0.0030992355837215447,,,0.09269641179872506,,,-0.0008551587701987754,0.058868893090977356
2016-03-18,0.12671446389710259,,,,,,,,,-0.008350947267226475,-0.32556166371374906,,,-0.007619903720940455,,,,,,,,,,,,,,,,0.09644238232983895,,,-0.18425913674361516,,,1.2553722180119011,,,-0.0010138882495337067,0.6954116300172098
2016-03-25,5.265782559471278,,,,,,,,,0.0002241561528113775,-2.556697987564128,,,0.03598340491219071,,,,,,,,,,,,,,,,-0.05488986682584252,,,-1.6404920348550898,,,-0.0198383423284213,,,0.07112029584852653,-0.1511934394665553
2016-04-01,0.06273260263085212,,,,,,,,,-0.008780129303705515,0.2908442920556103,,,-0.00928982892804846,,,,,,,,,,,,,,,,0.10214433551880392,,,-0.008418591211481904,,,-0.3703045574800865,,,-0.012170309313378112,0.5698447757984045
2016-04-08,-0.7073908572357437,,,,,,,,,0.00015182316419521888,-0.03139615998745884,,,0.7527830668206573,,,,,,,,,,,,,,,,0.06084193668757016,,,0.07847580499901909,,,-0.27315389089435405,,,-0.002289683490067787,-0.1481269483033424
2016-04-15,-0.086354450941127,,,,,,,,,-0.012286550678917554,-0.055034054554398915,,,0.023363256103612073,,,,,,,,,,,,,,,,-0.11636836111298242,,,-0.44352331762143143,,,0.20936089404939043,,,-0.020142905735023052,0.02775089842130026
2016-04-22,1.660946833447455,,,,,,,,,0.0009088245728222956,1.5670973464312588,,,-0.08224332951331904,,,,,,,,,,,,,,,,0.08888248692539921,,,-0.2491586357901115,,,0.25261498021341294,,,-0.018843277049552486,0.06122009370323353
2016-04-29,0.06311181812992435,,,,,,,,,0.009294845177393941,0.04793529898972758,,,0.7183017714924452,,,,,,,,,,,,,,,,0.0863993601660548,,,1.4500888975356294,,,-1.6076573425235954,,,-0.08147761448193744,0.025812327553178225
2016-05-06,-0.03764982205643994,,,,,,,,,0.0024840650354107027,-0.154061690293576,,,0.012260036403433067,,,,,,,,,,,,,,,,-0.1434714769699865,,,-0.06839405233808339,,,0.15055586994037307,,,-0.0016011779642107554,0.47948579137253333
2016-05-13,0.22799320577537108,,,,,,,,,0.008341627323942323,-2.2938174177471264,,,-0.0461236131285536,,,,,,,,,,,,,,,,0.19772477463465077,,,-0.04461877448250802,,,-0.19583831065145657,,,-0.001744075652799869,-0.14799226140819713
2016-05-20,-0.06410931593292923,,,,,,,,,-0.25238448691381854,0.09723917001076804,,,0.061597674837936045,,,,,,,,,,,,,,,,-0.27838956382210933,,,-0.029282048297828017,,,-16.92441320605031,,,-0.0015258124951927116,-0.10603183178974838
2016-05-27,0.037204300196512316,,,,,,,,,-0.009733524890876779,0.028932842044611752,,,-0.2810437095686014,,,,,,,,,,,,,,,,0.025578042510991005,,,0.03366829273462089,,,0.09424996746664356,,,-0.0006056867567149566,0.0013032056277825122
2016-06-03,0.012202334672783526,,,,,,,,,-0.008882478083122662,-0.045297083833501534,,,-0.30140758616639773,,,,,,,,,,,,,,,,-0.021086354786923965,,,-0.00996737468716528,,,0.7646083841244007,,,-0.03849668640410888,-0.026586318021758655
2016-06-08,-0.23828615017847599,,,,,,,,,0.009456623741380997,0.1944265633631097,,,-0.13393997676430786,,,,,,,,,,,,,,,,0.1204303508184998,,,0.31254551416233894,,,0.3265199968221434,,,-0.14611557302454528,0.002772673617818384
2016-06-17,0.3833528523301028,,,,,,,,,0.10141620270344916,-0.28363422568713087,,,-0.02887136914284144,,,,,,,,,,,,,,,,1.345914247466683,,,0.021441788735695737,,,-3.2234397320761663,,,-0.13418867050097438,-0.4915376084610968
2016-06-24,0.08560455049896902,,,,,,,,,-0.15729124044306622,-3.151077118569612,,,-0.32581477444353735,,,,,,,,,,,,,,,,0.034359781722391104,,,0.008540997673695086,,,0.14120163132429386,,,-0.08431091198684389,0.22789358952377242
2016-07-01,-0.01078654265087041,,,,,,,,,0.00038329692084080393,0.33040005066635525,,,-0.02930026959000647,,,,,,,,,,,,,,,,-0.5408011449115995,,,-0.8928573260270367,,,0.0965552148850715,,,0.10520286314991596,-0.058907936293667244
2016-07-08,-0.12940103877782752,,,,,,,,,0.04132495083742678,0.24021147248075972,,,0.12393490629565496,,,,,,,,,,,,,,,,0.07048977420067004,,,-0.11826880797013192,,,-0.32858909519214685,,,-0.010763980274425256,-0.014681681835425767
2016-07-15,-0.20655013218518536,,,,,,,,,0.0028268163554980978,-0.5367621870477919,,,-0.029231961720605385,,,,,,,,,,,,,,,,-0.4211405150733488,,,1.8346772523165236,,,0.3242855326098878,,,-0.011681513166632176,-0.16870799897308295
2016-07-22,0.0629367282839796,,,,,,,,,0.00017947240238478675,1.96571047075604,,,0.5436724978761753,,,,,,,,,,,,,,,,1.2135729209005666,,,0.006168243298820875,,,2.804852538931462,,,-0.017294407357791263,0.08095159646558735
2016-07-29,-0.004618640288844587,,,,,,,,,0.00017563130979050506,0.20196034105991653,,,-0.536532792587449,,,,,,,,,,,,,,,,3.768688801680269,,,0.45826296291607216,,,-0.15420929715219658,,,-0.018916068854755913,-1.1786193230953381
2016-08-05,0.007451408050149683,,,,,,,,,-0.004495325014107286,0.07658725317284008,,,-0.004365806150053081,,,,,,,,,,,,,,,,0.060784593627316835,,,-0.20848046972573497,,,-0.2652785583971386,,,0.006839219783933727,-0.038602068244122316
2016-08-12,-0.029592667456840745,,,,,,,,,0.005968633689742928,-1.7625187874984198,,,-0.9469553646710013,,,,,,,,,,,,,,,,0.21987897866786862,,,2.175990407406961,,,0.24200874126132774,,,-0.03694960062524566,-0.04468933802381777
2016-08-19,0.028569224799896764,,,,,,,,,0.0003770780060260449,-0.02391732410949787,,,0.013337025566269211,,,,,,,,,,,,,,,,0.8753423192777194,,,-0.06470797369906767,,,-0.15886967695762577,,,-0.10721090813210861,-0.008527612345014451
2016-08-26,0.019716723004154335,,,,,,,,,-0.01575347691973553,-0.07759038937520096,,,0.018131902561667062,,,,,,,,,,,,,,,,-0.0024439579794065347,,,0.1132220613120125,,,-0.04196601201522269,,,-2.1141596358001378,-0.03418735905073399
2016-09-02,0.02628688487695054,,,,,,,,,0.024292111191177183,0.03614638865772974,,,0.11288306299167632,,,,,,,,,,,,,,,,0.024249542820709947,,,0.0664330805899599,,,-0.16696340765591483,,,-0.02362796948541042,0.0023589476826031243
2016-09-09,0.00860979902764996,,,,,,,,,0.02947627621587164,0.049586884671099854,,,-0.01111342375620969,,,,,,,,,,,,,,,,0.28043617349880207,,,0.007682870599711171,,,-0.1480777421954257,,,-0.00027308282240897405,1.3298565149777337
2016-09-14,-0.08094612652457459,,,,,,,,,0.0008552071981556135,-0.20444189733636806,,,0.0016222951039775906,,,,,,,,,,,,,,,,0.5460487092841597,,,-0.004922292165527429,,,-0.062424067427850394,,,0.41237951371169784,-0.05688929526251966
2016-09-23,2.464758219883364,,,,,,,,,-0.016057291629245865,0.6508033525939848,,,0.4834954559117315,,,,,,,,,,,,,,,,0.05680643935398425,,,-0.703004084096775,,,-0.014043132200446659,,,-0.0004782382987531173,0.01507355646081578
2016-09-30,0.19177234717537586,,,,,,,,,0.016910851697934614,-0.2728728177874103,,,0.1923844725882036,,,,,,,,,,,,,,,,-0.023873838784777744,,,0.3856136689281697,,,-1.1110612261565254,,,-0.04589752474057271,0.01690002871160415
2016-10-14,-0.0026119352384350245,,,,,,,,,0.09207414348821708,-0.19684934884565303,,,0.07815709477481167,,,,,,,,,,,,,,,,0.11367921152825736,,,-0.012088313498608127,,,-0.23359164053317075,,,-0.0003111074083039354,-0.08825669814467861
2016-10-21,0.710190410555434,,,,,,,,,0.0002928683723134182,-2.7183528937250374,,,0.5709244179100936,,,,,,,,,,,,,,,,0.019962040560811502,,,-0.08794462184769608,,,0.19697824787102067,,,0.007741041571042049,-0.5054875819472404
2016-10-28,-0.014973117227411153,,,,,,,,,-0.1933809825542879,0.12305537716096165,,,0.27408478999322755,,,,,,,,,,,,,,,,0.017626133329947682,,,-0.3014701564843168,,,1.0967232251493761,,,0.24310175602514028,0.2675924405274669
2016-11-04,0.07932979254587344,,,,,,,,,0.00033454976536191085,-0.09727717070069615,,,0.16904321050049012,,,,,,,,,,,,,,,,-0.20766043183356758,,,-0.012196427839082355,,,-8.568390775117669,,,0.036912176704840725,-0.15842710284237863
2016-11-11,0.038684306814073074,,,,,,,,,-0.01197888549910269,0.15999724590424497,,,0.04730405767505129,,,,,,,,,,,,,,,,0.10617405815646781,,,-0.00826016394047386,,,-0.014666419172132534,,,1.4813022725240559,0.04565260294964687
2016-11-18,0.0024376388912209653,,,,,,,,,0.026725577370175915,-0.03420807993924658,,,-0.11273724889533102,,,,,,,,,,,,,,,,-0.4983783489211976,,,0.017346817009596237,,,2.835683879958356,,,-0.17538626382231337,0.062114002734796246
2016-11-25,0.006503954074459497,,,,,,,,,-0.2597728969667876,-0.1515877827923629,,,0.6099284531859854,,,,,,,,,,,,,,,,0.29301331738109887,,,-0.02693711195577263,,,0.05468547201988195,,,-0.15910403668171527,2.408604569096271
2016-12-02,0.2904254572039725,,,,,,,,,-0.03276376801633473,-0.0038161599697839575,,,-0.00924880237128952,0.0013741277838523864,,,,,,,,,,,,,,,1.2498051872953215,,,-0.06485506519690395,,,0.4303185468720163,,,-0.03058134637024188,-1.5318191986538279
2016-12-09,0.014362087992694807,,,,,,,,,-0.013991528600376701,1.176915860909393,,,-0.10169719518950006,0.0010063287543529357,,,,,,,,,,,,,,,0.11186302814904654,,,-8.871479565909657e-05,,,-1.0927540337815937,,,-0.8736180230273841,-0.03965874669173757
2016-12-16,-1.1855929025750844,,,,,,,,,0.00048130059098178466,-0.14746109837167082,,,0.7464675232179914,0.0036035340460909534,,,,,,,,,,,,,,,0.3172787560394631,,,-0.09605563194026043,,,-0.31933044067399047,,,-0.007214346846152091,0.2689878718703412
2016-12-23,0.14058874216620215,,,,,,,,,0.00030413120335810213,0.056576248191260725,,,0.23416085441993287,0.002649794018813347,,,,,,,,,,,,,,,0.5012469311739166,,,-0.25532915334348116,,,0.5321046756716722,,,0.49485862921701756,0.0017153420056576258
2016-12-31,-0.031025288541439447,,,,,,,,,0.017410904968202048,0.3761840744466366,,,0.0762057023419784,0.48036770623829705,,,,,,,,,,,,,,,0.006995232494686841,,,-0.2753386934119237,,,0.18776838465686904,,,-0.03973759164389716,0.02107119718020236
2017-01-06,0.012442411940685417,,,,,,,,,0.00029994455521537575,0.42078337607894944,,,-0.13557187889911365,-0.047697587304042,,,,,,,,,,,,,,,0.04756059731008875,,,0.007354132109879689,,,2.165047332977616,,,0.005285128915166197,0.0017971029068280212
2017-01-13,0.14816702970258946,,,,,,,,,0.011037469303580254,-0.12591278911636097,,,0.2371957997404101,-2.5041469936500227,,,,,,,,,,,,,,,0.15649519247016952,,,0.19200732070044468,,,0.12326192161443128,,,-0.31398011153502453,-0.26159480836865023
2017-01-20,-0.08550081928330967,,,,,,,,,0.010428644870996392,0.011913135793191601,,,-0.17663987881766466,0.043711436607056744,,,,,,,,,,,,,,,-0.020404826555598284,,,1.376892126650061,,,-0.19040545735028355,,,-3.493243739932504,0.011443823433673528
2017-01-26,0.08304477514211574,,,,,,,,,-0.4952398284123944,0.13471897054424178,,,0.26329937140854043,-0.6708467070427485,,,,,,,,,,,,,,,0.12951316433028898,,,0.007651948198333054,,,-0.4720185931093001,,,0.838012869453031,0.015557421256907268
2017-02-03,0.11231692476893157,,,,,,,,,0.00042955558579265535,0.004470244493534415,,,-0.1240132848220501,0.20833344570327283,,,,,,,,,,,,,,,0.24626372735587485,,,-0.007700800887420055,,,0.8192128286358584,,,0.06385827286311307,-0.09113346203352099
2017-02-10,0.0007314009065828059,,,,,,,,,0.0004105708781618723,-1.277851898330534,,,-0.016518592609264183,0.010328316968726773,,,,,,,,,,,,,,,0.14253002820267135,,,-0.4795429289305008,,,0.01742556017350291,,,-0.11899989804626676,0.12419816997099219
2017-02-17,-0.007660447347076138,,,,,,,,,0.00034048049882241886,-0.1250800886528303,,,-0.3214991227867165,-0.4801277511339874,,,,,,,,,,,,,,,0.3889003215347513,,,-2.5161213081174125,,,0.20074149787212325,,,0.2031152285668238,0.009822652063029316
2017-02-24,0.1633244661974329,,,,,,,,,-0.0025093156310229776,0.06436484232060302,,,0.14656404549251695,0.05024379424837222,,,,,,,,,,,,,,,0.05178812925406822,,,-0.946240539998848,,,-0.8776800613567521,,,-0.007671520981454093,-0.19542335624034715
2017-03-03,-0.24309414463976242,,,,,,,,,0.09116542278432739,0.24000854732494517,,,3.4803797292598313,-0.5165717836183019,,,,,,,,,,,,,,,0.19327724070338995,,,-0.21586505826590716,,,0.5999182493337847,,,0.04271600255704954,0.27096375137680007
2017-03-10,0.3223985541655617,,,,,,,,,-0.5170520418430242,0.058041027870434934,,,-0.057187069735673085,0.1879891065559368,,,,,,,,,,,,,,,0.1048266862427324,,,0.21530738612612765,,,1.8362390544964524,,,4.409375856950306,0.0031964842823117524
2017-03-17,0.3208812985985144,,,,,,,,,0.02753663128534943,1.4433721227469223,,,0.3215438541060854,-0.2506394644095273,,,,,,,,,,,,,,,0.029101265316189326,,,-1.3487396817436885,,,-0.9713021514918886,,,-0.09286022516189635,0.012409676660118031
2017-03-24,-0.04775553666005762,,,,,,,,,0.09498997750290175,-0.9175974513927256,,,0.047304494925492144,-10.242595152254934,,,,,,,,,,,,,,,1.4590459424868942,,,-0.0044161021371674075,,,0.2889051282700488,,,0.9978360973778404,0.03595735926666456
2017-03-31,0.08170366508447827,,,,,,,,,0.11787845001248753,-0.3851028958580663,,,0.08897627041902874,0.32304332420831194,,,,,,,,,,,,,,,0.020775990847697816,,,-0.09176907594704348,,,-0.03312473105250824,,,-0.4182284934272707,0.0058304341547529585
2017-04-07,-0.25772524977132766,,,,,,,,,0.01846291340840983,2.679322284524024,,,1.1106268332572597,-0.031640014021478424,,,,,,,,,,,,,,,0.10742888966196033,,,0.000993562725919032,,,1.9337812291963954,,,-0.1969479667998049,-0.009987975856834667
2017-04-14,0.11206090770165006,,,,,,,,,0.11867021984178087,-0.23210659996722927,,,0.10786258049495283,-0.7873605042863481,,,,,,,,,,,,,,,-0.09951548376992325,,,-0.013228856884039646,,,0.7718013815528872,,,0.009505064804755388,0.00011650095811281681
2017-04-21,0.0851127252376501,,,,,,,,,-0.03187452314968278,-0.8066690410275191,,,-0.02027236633277208,0.14148588509055982,,,,,,,,,,,,,,,0.003914353189204117,,,0.06547164065249289,,,0.31273944508929036,,,-0.06868776158846401,0.038295272999550115
2017-04-28,0.0168208544760573,,,,,,,,,0.0011250716867603002,-0.035599851818351506,,,-0.1603128647478682,1.3172104508945024,,,,,,,,,,,,,,,0.06944862968495025,,,0.34510357443672823,,,-1.7160617825290876,,,-0.7463557124006492,0.06438170880191685
2017-05-05,0.00454478136808039,,,,,,,,,0.5164669097320133,-0.1270207880614286,,,-0.07360448006536864,-0.15297313644193278,,,,,,,,,,,,,,,0.06452620274163619,,,-0.40845733084951197,,,-1.5640065188761954,,,-0.07508502108908612,0.017159582015807813
2017-05-12,-0.1018074371634791,,,,,,,,,0.025693285629469716,0.05917365732610176,,,-0.005584235987955686,-0.21794327904819133,,,,,,,,,,,,,,,0.02257357058729506,,,-1.2755215062155678,,,0.01266316239822363,,,-0.2144680851863113,-0.09884280894582195
2017-05-19,0.08534031441506346,,,,,,,,,0.013685064198856636,-0.07805450601616268,,,-0.01716557774350951,0.5292263217277293,,,,,,,,,,,,,,,0.015635986123249474,,,0.062368390217975876,,,0.8712215095204959,,,-0.34344195304246217,-0.8990867827337278
2017-05-26,0.3295034965205229,,,,,,,,,0.04183918552464553,0.001159480567248072,,,0.19503235486674353,0.9080920997247629,,,,,,,,,,,,,,,-0.3972986585809279,,,-0.029302261495488133,,,-0.04751820956886383,,,2.6604264512086178,0.07621744517905567
2017-06-02,-0.933477224091443,,,,,,,,,0.0033988022017763663,-0.11720658027786464,,,0.34898503400348485,-0.1719492247116104,,,,,,,,,,,,,,,-0.6517579418502901,,,-0.009489684796002474,,,-0.37021053682043287,,,-0.10084312256980192,-0.003958134664875374
2017-06-09,-0.050351348907537646,,,,,,,,,0.017646117368993446,-0.7555498246551298,,,0.04714990188763816,0.38483385338965415,,,,,,,,,,,,,,,0.026537489544553764,,,-1.6655608838150384,,,-0.18454889850030293,,,0.03942946757216389,0.005728874766877293
2017-06-16,-0.01350083903507459,,,,,,,,,-0.0022634022621861654,-0.1555466751797659,,,0.02582763009716381,-0.03768391968555113,,,,,,,,,,,,,,,0.052671659090242816,,,0.3064917608129152,,,-0.49978915481104014,,,-0.16965180142690348,-1.019986239927118
2017-06-23,0.07416706529590429,,,,,,,,,0.03516707417949274,-0.037615264347507546,,,0.033358484963329604,0.020105776679085606,,,,,,,,,,,,,,,0.7317861205101686,,,-0.5203360549717467,,,2.484393008087027,,,0.08869323188981887,0.060083273567887896
2017-06-30,0.21155729834718248,,,,,,,,,0.0020319466381527942,-0.012896679501447966,,,0.07999062860497783,0.1830932148575911,,,,,,,,,,,,,,,0.04954750401061033,,,0.02252224222247568,,,-0.013734560509851015,,,-2.1352574395889605,-0.007360950552670549
2017-07-07,-0.3778857824101671,,,,,,,,,0.037729715561399146,-3.3491665882777792,,,1.0265221044163906,0.21346690299988166,,,,,,,,,,,,,,,0.07576787790566776,,,-0.012089478943226553,,,-0.13609873603332018,,,0.5849850391214848,0.6001120188279186
2017-07-14,-2.1071506773827013,,,,,,,,,0.013810143353455647,0.03035445176816452,,,-3.1807617361331144,-0.09039857046323542,,,,,,,,,,,,,,,0.06287324124730947,,,0.0045908735816277925,,,0.21069706458028778,,,0.47245409546186135,0.04409197497566352
2017-07-21,0.02102517419965516,,,,,,,,,0.27188245792594146,-0.09979864440299237,,,0.04311412570875507,0.5973186723783892,,,,,,,,,,,,,,,-0.2550292655232212,,,-0.633655516624053,,,-1.1284566876207818,,,-0.054697790333617866,0.01860164318731783
2017-07-28,0.07868534957143772,,,,,,,,,0.004603695660694421,0.08522898702590403,,,-3.6754818360025983,-1.1667836518562928,,,,,,,,,,,,,,,0.00885750994971601,,,0.01202029846204343,,,-0.7513705286079335,,,0.0026581904396325243,-0.013887122604188675
2017-08-04,0.01962523464312601,,,,,,,,,0.6204869236373343,-0.15553311571359632,,,-0.06652831881443902,-2.676595686452478,,,,,,,,,,,,,,,-0.17856487296516826,,,0.44426564441353494,,,0.46011097466599093,,,0.6609581688716493,0.05179358896338104
2017-08-11,0.0683792469665225,,,,,,,,,0.008399857758506572,-0.21444821462256483,,,0.08667077512529495,-0.810187054976476,,,,,,,,,,,,,,,0.024441311721209998,,,-0.024014704487457506,,,0.6215219687058214,,,0.20549155733476068,-0.5044639783305688
2017-08-18,5.044687912092768,,,,,,,,,-0.5120245356121285,-0.07795093386228384,,,-0.09919068726581133,-0.023189200031985976,,,,,,,,,,,,,,,0.07940713051054421,,,0.004885005436968339,,,0.18856515165086735,,,-0.3508956128515441,-2.4995308114356005
2017-08-25,-2.113492769642502,,,,,,,,,0.010339777028106803,0.06002789458048402,,,-1.7244141059943237,0.028682414006603783,,,,,,,,,,,,,,,0.054886345561294084,,,-0.03600945300622686,,,2.269364988744605,,,-0.03556221876609035,-0.11601563628891755
2017-09-01,0.22484002234837913,,,,,,,,,0.05245671981212836,-1.8689823574086344,,,0.13134693467791667,-0.20074447772398724,,,,,,,,,,,,,,,-0.004904666078930161,,,0.024500734895005805,,,-0.122216552904654,,,-0.31013695086788406,0.2139624346408954
2017-09-08,1.1156105875408042,,,,,,,,,0.003523471181516468,-0.3238934376581757,,,0.25822780343573276,-1.9560105657873634,,,,,,,,,,,,,,,0.15890032036797946,,,3.3497629420166786,,,-0.14680493540862646,,,0.40481388828948883,0.0024658108581000746
2017-09-15,-0.2332164854901189,,,,,,,,,-0.026654821443729423,0.04090238931538299,,,-0.03504887073137465,-1.0843617425530334,,,,,,,,,,,,,,,-0.47493965864689286,,,0.002226528150214714,,,1.1404898055608403,,,-0.22492823613600904,0.005810592003723716
2017-09-22,0.13400676320759286,,,,,,,,,-0.09530666971193087,-0.027635268954554953,,,-0.8368703831760972,0.09379360292910217,,,,,,,,,,,,,,,0.14999205891518338,,,-0.6958235855036365,,,-0.20337829448981637,,,0.009927693711385648,-0.08298852741269057
2017-09-30,0.006815663430311142,,,,,,,,,-0.47797750514979614,-0.01799173544609895,,,-0.18217721499620143,0.07446653218651343,,,,,,,,,,,,,,,-0.04068119851279835,,,0.10761499640458824,,,0.3108097752089902,,,-1.0246869253634714,-0.016103966214551305
2017-10-13,0.02522092937955224,,,,,,,,,0.28976692793947245,0.10683021223912928,,,-0.2914041272949922,-0.5366849232225226,,,,,,,,,,,,,,,0.23769485230930293,,,-0.11484116664700822,,,-0.05957111261147854,,,-0.13655494327847217,0.052171441904141275
2017-10-20,0.0615702733849473,,,,,,,,,0.024864582322105512,0.5967379498411595,,,-0.15762444380914586,8.839116712447924,,,,,,,,,,,,,,,-0.3392381557934513,,,0.05470278595932589,,,-0.6247114267976801,,,1.817139365008286,0.7485740282758123
2017-10-27,-0.13237919291459346,,,,,,,,,0.027001089502221066,-0.19378288567799237,,,0.0013899270742704986,0.850003319207833,,,,,,,,,,,,,,,0.2985107916133422,,,0.0014974009697923934,,,-0.09095726887725741,,,-0.010199895854952581,-0.036128273820127
2017-11-03,0.2894064873688908,,,,,,,,,0.005502284693000755,-0.1385691818625639,,,1.8098561572444862,0.21778806463101133,,,,,,,,,,,,,,,1.9027353330943224,,,1.2759876079394261,,,-0.07530026531463976,,,0.29697564612174293,-0.04341570074392983
2017-11-10,-0.0029792429389546293,,,,,,,,,0.06184826124790118,-1.38286090700597,,,0.008923574003810546,0.03878969140597202,,,,,,,,,,,,,,,-0.012082005271095783,,,-0.00032540693764584447,,,-0.7773395168632945,,,1.2260278490019991,-0.21004718065149663
2017-11-17,-0.007215573727377415,,,,,,,,,0.023266774451204904,-0.5092774775154594,,,-0.7192590737363547,-0.0034201269997637083,,,,,,,,,,,,,,,0.7492468702203616,,,9.052422551918658e-05,,,0.2770588052302741,,0.012361325194464146,0.06422069118006306,0.016204531960077644
2017-11-24,0.16911957991537727,,,,,,,,,0.0038048756167271725,-0.07425671850046717,,,0.01452570313300561,-0.4639989215418188,,,,,,,,,,,,,,,-0.7846737018173326,,,0.03131933473789354,,,5.276372146107503,,0.0003872736631059812,-1.5904648901700165,-0.8348366775638386
2017-12-01,-0.049776887709814595,,,,,,,,,-0.03214903179186569,0.09138911980725581,,,0.09727349081231548,0.10877283728418655,,,,,,,,,,,,,,,-0.08064006592636566,,,0.1529987543143569,,,2.375752814849612,,-0.00763700220457244,-0.114829392163527,0.2153107209855135
2017-12-08,0.22353817457705003,,,,,,,,,-0.0047372577986985465,0.3361232818400035,,,2.942140731031205,1.282794906177625,,,,,,,,,,,,,,,0.3317164949721991,,,-0.38090811149745263,,,-0.24697660553338915,,0.009175782056680905,-0.1368153853675777,-0.026679654800459227
2017-12-15,0.06910222519412987,,,,,,,,,-0.15728106434261446,0.37577848896740834,,,0.06546306170504955,-0.11591033874669013,,,,,,,,,,,,,,,0.1531006790439263,,,0.48372977287229174,,,1.143807801037649,,0.000563244863498652,-0.35295112912140114,0.03228818488464525
2017-12-22,0.058869973585086256,,,,,,,,,0.008608947711352082,0.13665796489524085,,,-0.5111876053988194,-0.1188826516090882,,,,,,,,,,,,,,,0.23396030260027412,,,0.03771987147005098,,,-0.24223408919818182,,0.08238193908695975,1.3096301419179794,0.0044000452025378355
2017-12-31,0.052519830688620844,,,,,,,,,0.06145862006490119,0.327744255380434,,,0.4170809479030773,-2.2519881334033047,,,,,,,,,,,,,,,0.015093694624506777,,,1.2111889296817986,,,0.45907132142765894,,0.04280496800605288,-0.019471130759351286,0.04046083279844421
2018-01-05,0.07398746907653174,,,,,,,,,0.017714401613595547,-0.6601057917258227,,,0.04191796426271658,1.342549981143206,,,,,,,,,,,,,,,0.6036278249872954,,,-0.0028980526590851596,,,-0.0067986221069811946,,0.6289055441306982,-0.07207390033205385,0.061969756770381114
2018-01-12,0.01225755405650013,,,,,,,,,0.001176256569693996,-0.8103630405674423,,,0.0168774353694607,0.014569539230719165,,,,,,,,,,,,,,,-0.5500097971741752,,,0.22383393337668184,,,1.5539746786275286,,-0.9351161328845513,-0.009079143203040221,-0.03523537019899999
2018-01-19,0.06557100594474434,,,,,,,,,0.0031323729211959637,-0.20619208878334122,,,0.22129614858111052,-0.14893652735585022,,,,,-0.028111821756628793,,,,-0.0002345421688125782,,,,,,0.07666797099727765,,,0.006401020792877625,,,-0.14390803587453393,,0.056455984982342236,-0.5166479866013437,-0.007343462062144946
2018-01-26,0.19466288222081524,,,,,,,,,2.2978960336615457,0.5220192970372863,,,0.38619385597632405,-0.2440645260172933,,,,,-0.10095625968240292,,,,-0.024857746682881123,,,,,,0.09397788935715223,,,-4.816502420866441,,,-1.051875721971865,,-0.43535248757538275,-0.26362330392576827,-0.016040021305694298
2018-02-02,-0.20543078622033167,,,,,,,,,0.003317666586010468,0.8946712985204405,,,0.02833314657547455,2.3122618821013408,,,,,0.001047498441001802,,,,0.37542987052254806,,,,,,0.05709535190949493,,,0.00570182212552536,,,0.41829044719156144,,-0.09568155853904198,-2.3614112429334018,0.015479676354649842
2018-02-09,0.11844143664696707,,,,,,,,,-0.05559312909861043,0.039447106552917666,,,-0.08844021561212356,0.16318118210707444,,,,,-0.07235019283685255,,,,-0.000938475223414824,,,,,,0.21713048434529675,,,0.02379665890224086,,,0.3020098904182786,,0.44583805204859384,1.8662273069946962,0.0003988302001739931
2018-02-14,-0.2370945471846593,,,,,,,,,0.028403837742570694,5.4767705810414915,,,-0.5547662900960677,0.21717697576709583,,,,,0.0019172406649690618,,,,0.006707186565235291,,,,,,-0.06012565753435412,,,-0.0005476973632709398,,,-0.25499519337796295,,-0.42253744700855844,-1.5138651015656237,1.258505418551985
2018-02-23,0.026188781813964314,,,,,,,,,0.0034943927905756005,-0.7508773265493046,,,1.8915780410519676,-0.2603209118903766,,,,,-0.016718102787273398,,,,-0.0455911351083816,,,,,,0.012742807993209523,,,-0.8589594388220387,,,-0.0051224724775153635,,-1.4492201790197836,0.03481785026923674,0.6815855596384213
2018-03-02,0.21737498621047013,,,,,,,,,0.009390058302645962,0.10240480419449369,,,-0.06369507211148139,-0.7957641150654069,,,,,0.026589935877055992,,,,0.2460948162013134,,,,,,0.3909906253531181,,,-0.020953637882752795,,,1.4928951691802643,,-0.012487996277180984,0.15992651589632606,0.0005362673982639527
2018-03-09,0.14953771301054875,,,,,,,,,-0.006490638217176394,-1.7354341209115332,,,-0.06686316406345488,0.18585465889076677,,,,,0.013985025991165486,,,,0.15492561688679632,,,,,,0.49305267457249485,,,-0.5690832772568384,,,0.04829429592803781,,0.10317860964349185,0.23942611040524717,-0.17095413770068296
2018-03-16,0.026637361543902057,,,,,,,,,-0.02228114192213841,0.4295437334638558,,,0.14396803635202893,-0.4045073141193326,,,,,-0.010550031357785199,,,,-0.0020837794687575597,,,,,,-0.03209149207109719,,,-0.48361010354179657,,,-0.594725176575456,,-0.14404784446392777,-0.09609528447124882,0.05969021510511954
2018-03-23,1.8713249929785727,,,,,,,,,0.006982688080094359,-0.008131211624185682,,,0.0121027967003279,-0.3950417146566342,,,,,-0.010947398679364593,,,,0.032534502962019825,,,,,,0.05709330176758155,,,-0.04616016018979631,,,0.9857917697958024,,0.056257623059122845,7.054421442376697,-0.010756277965269272
2018-03-31,0.0075550380952653946,,,,,,,,,-0.051077406059755685,-0.010745556485287428,,,-0.048101586156636546,-3.1417317106943043,,,,,-0.0253422291659152,,,,-2.4598849744814886,,,,,,0.06913058097635019,,,-0.0008373073319643355,,,-0.1469402555251872,,0.16321017012369662,0.08584697924253334,-0.028357270271695885
2018-04-04,0.3130452220021953,,,,,,,,,-0.34748054357125646,2.7589380037952713,,,0.043421612619184154,-0.031247624632040442,,,,,0.01216494291285455,,,,-0.00026428819759867153,,,,,,0.015144066067285477,,,-1.704579203603101,,,-1.6734410419154107,,0.00921674835802752,-0.3215436998576682,0.16297647001616378
2018-04-13,1.646674082706026,,,,,,,,,0.8023396920356868,-0.13063755373538244,,,0.0396180900772394,0.21801866393743036,,,,,0.3367989295492285,,,,0.05328571602163769,,,,,,0.06221340370449857,,,-0.02044319774887825,,,0.19412144694051697,,-0.028537196473322556,0.11356159130524408,0.0007104558450682267
2018-04-20,-1.4152113191849354,,,,,,,,,0.030074636618525035,-0.9494456938661138,,,0.05297309673511309,0.081194391378681,,,,,0.008058782006238288,,,,0.007549207635082485,,,,,,0.05513302123767599,,,-0.5294112305170467,,,0.6181096285709484,,-0.0047616013902359675,-0.04001170183660373,0.0123012067310393
2018-04-27,0.04304534694438409,,,,,,,,,0.01973831678336865,-0.16105342883259008,,,0.2515345940299463,-0.224751189404016,,,,,-0.014882793853215271,,,,-0.0006986078867294456,,,,,,-0.008909726832883417,,,-0.14116458515311026,,,-0.7422996750366246,,-0.03137147140180956,-1.2204213258706762,0.005074560548647103
2018-05-04,0.059187488847681206,,,,-0.008218369759567311,,,,,0.01900342062952104,-0.014498270621719656,,,0.08822203951574861,0.6091301225843596,,,,,-0.03921562747015217,,,,-0.06905014399602528,,,,,,0.27016628633345235,,,0.011962668620982907,,,0.002560753104289576,,-0.001663322892261088,-0.7229619376211813,-0.015535126485341926
2018-05-11,0.005037008445119111,,,,0.08232395893269423,,,,,0.2065492716552943,0.613289763894972,,,0.01901761848150716,0.4850772734106975,,,,,0.0029619551318151994,,,,0.0073179854004400795,,,,,,0.021898098888898623,,,0.22476104153135576,,,0.06521437650561802,,0.3840821261617591,-0.14456390353813164,0.0003224721387778951
2018-05-18,-0.49633138840006474,,,,0.04783458970351132,,,,,0.20585456115695117,-0.13377116128507754,,,-0.06070886654477748,-0.06296361019976597,,,,,4.715935779288284,,,,-0.032864743244917304,,,,,,-0.04474942904147253,,,0.6040559597794858,,,-0.5328628708346088,,-1.5327772960172075,0.45119281309621795,-0.023324902501501942
2018-05-25,0.20010259330816746,,,,0.002147392374267379,,,,,0.007545503587956171,-0.15439585504740555,,,-0.09458467528350849,-0.7943048497096182,,,,,0.0045072059686224915,,,,-0.04765795973693838,,,,,,0.02046907794578123,,,-0.3148145098475221,,,0.5354582024685451,,-0.05411925866578404,1.613539055313449,-0.04243589719213277
2018-06-01,0.11156985051809268,,,,0.030454563809295333,,,,,0.017506795513623205,0.19210100573346542,,,0.001108755049160741,-0.7049111056132816,,,,,0.06166445777297497,,,,-0.003639775267396347,,,,,,0.32918863430582695,,,-0.03388859093975232,,,-0.21595356403154817,,0.027456945223552617,-0.09724359211869586,-0.04135063593755981
2018-06-08,0.005643744837853626,,,,0.016379477260297745,,,,,0.0101411971063196,-0.4267058810430849,,,-0.8538888678465305,-0.7162082269625992,,,,,1.9332361892277194,,,,-0.005233066080432648,,,,,,0.12994905269509271,,,0.4750293974532995,,,-0.07684460267310117,,0.020584960471010612,0.359872437661244,-0.14172408837920064
2018-06-15,0.12537848874138843,,,,0.009932364356068944,,,,,0.14093298996677606,0.7831731373969096,,,0.9413365643962915,-0.005317927411432159,,,,,0.03516414501424784,,,,-0.04401310668284419,,,,,,0.32253756619306545,,,0.2551389897887182,,,0.12539858221778866,,-0.0595229525251412,0.5063252073767691,0.0006212293226629353
2018-06-22,0.003982624432910976,,,,2.116003335209221,,,,,0.26318797630478513,-0.10608761569612166,,,0.5729427274510599,3.5032281960522247,,,,,-0.006789738817397502,,,,-0.09571476191913081,,,,,,0.0062512919205275595,,,-1.4629122986579992,,,1.8324145268277305,,0.02863703612622856,-0.05099750531588835,-0.07795974389395041
2018-06-30,0.013989866718937288,,,,-0.0741974207436983,,,,,0.0029328203166851495,-0.3173381336375558,,,0.06224793781165143,-1.05837714156665,,,,,-0.09304564109344761,,,,-1.0771461403276614,,,,,,0.1948136694475924,,,-0.04633530967843005,,,-1.7865679578548639,,-0.017426415455333764,-1.7357036123056993,0.1468888853744106
2018-07-06,0.4203400208046026,,,,0.03878402836567105,,,,,0.02747611948107002,0.6365272682679084,,,0.033907499219907156,2.008733053313123,,,,,-0.059747060162220984,,,,0.0030766538715921747,,,,,,-0.017581389736364306,,,0.1268470943266454,,,0.013291030414021819,,1.382886010536882,-0.24988856324516717,-0.27615347880417884
2018-07-13,0.48767550929017,,,,-0.0665659056273484,,,,,0.025347003927866103,-0.012787553313876016,,,-0.12816278720726115,-1.543595380172258,,,,,-0.20070770607683452,,,,-0.0007542651145477741,,,,,,0.043122029006563284,,,-0.06548922136047408,,,-0.017112617048004923,,-0.03240562906755623,-0.01167052037685068,0.0010147070443733493
2018-07-20,0.23824017099678216,,,,0.04182114326925865,,,,,0.07077237157064109,0.7209980833483391,,,0.041961841847343466,-1.1095772252114176,,,,,0.0038779932057255765,,,,-0.19836887680126672,,,,,,0.03920239165166827,,,0.01861793891520075,,,4.697016553933,,0.32018841279540483,0.09769179859877536,0.02837328539181422
2018-07-27,0.9421121210738741,,,,-0.005155839830140313,,,,,0.0746996751648149,-0.1484690138971837,,,0.02987688299148788,-1.5311814556649406,,,,,0.0018936277405375691,,,,-0.5186514718513613,,,,,,0.369495678420856,,,-0.0003045888201251906,,,0.228100243109906,,-0.9537188839879166,-0.11074286959875014,0.12593737958036944
2018-08-03,-0.027986002352611554,,,,-0.7191920478318696,,,,,0.0027251439877288676,0.05332208195244065,,,0.022257940900873078,0.07491013959305362,,,,,0.002091903271565419,,,,-0.0003245996284005409,,,,,,0.5006931383171055,,,-0.20275685075954084,,,-0.21257858707517757,,0.12397165952250352,-0.07596880548192371,0.006075444859138504
2018-08-10,-0.038884085900302755,,,,0.0070930221836902054,,,,,0.007299410983038308,1.0069276886893168,,,0.9210722607125879,0.012764212272294777,,,,,-0.0021584295137837967,,,,0.16091056938634038,,,,,,0.12632825776287893,,,-0.12276479921572,,,0.018052377194485027,,0.027989680278468577,-0.3016951861479165,0.059783060143040426
2018-08-17,2.548513431209698,,,,0.052071562637923945,,,,,-0.02953755478860228,0.06096566425987132,,,-0.22873309598956265,-1.9045935378330827,,,,,-0.18693585590293577,,,,0.7226818784177582,,,,,,-0.975634940371034,,,0.0065165787017847,,,-3.060448144709918,,1.3166244308277537,-0.0038321898953610767,0.010209486660862561
2018-08-24,0.0038218103785803157,,,,-0.21803605053393416,,,,,-0.0023917738804707777,-0.2128111028992093,,,-0.0016459005364267906,-0.08282692188085003,,,,,0.49955958621979746,,,,-0.0010672136590106737,,,,,,0.561454625713062,,,-2.268427469279064,,,-0.15510590636816152,,0.003099385724547918,-0.015252386732020146,0.15708766766370275
2018-08-31,0.2751581554283603,,,,0.05999952639614062,,,,,0.00811891119739354,0.06549873566139028,,,0.026654788765114314,-0.19238300065757255,,,,,0.1214734601942536,,,,-0.06684592509596876,,,,,,-0.28056383820611963,,,0.018235884027214426,,,1.2940441368336104,,-0.10766804412105743,0.058279009397043585,0.000715261926528145
2018-09-07,0.029329570390153947,,,,0.008773909869991579,,,,,0.0028272335238628435,0.4085079508615505,,,-0.055314762483391684,2.6774723152650917,,,,,5.686236246470267,,,,-0.37873343790059094,,,,,,0.024736714194086247,,,-1.8772605605833568,,,4.560022905516491,,-0.0014372633195272877,-0.17182120718938787,-0.844728838239748
2018-09-14,0.15390880084258485,,,,0.10692322170377498,,,,,0.007036708163835067,1.4605231881596716,,,-1.3381546277598801,0.02373975999162229,,,,,-0.18527278008986503,,,,-0.0005855272147771399,,,,,,-0.19687788783500426,,,0.01855435458652397,,,0.817763986563857,,0.0808137615797197,0.6766752267460411,-0.05321504048096658
2018-09-21,0.04938891451232076,,,,-0.021095976639527586,,,,,0.007549670259859586,-0.34643364222920925,,,0.08254509013839743,-0.042963797743125545,,,,,-0.015133000123433335,,,,-0.009446593202895846,,,,,,0.45034705850057266,,,-0.20285366331084967,,,0.20660051522396472,,-0.010465906029322847,-0.01638514448234954,-0.17692093208163234
2018-09-30,-0.18189557751807428,,,,-0.32071508753722267,,,,,-0.051381072023806484,2.8546310953774867,,,0.03362955026258133,-0.014632606635599822,,,,,0.00169167626066394,,,,-0.018019667613582972,,,,,,0.39651872975921887,,,-0.018691677070998836,,,-0.23516653710729368,,0.2303384865927955,-0.048658514149332144,0.005726528663885112
2018-10-12,0.05202195759102079,,,,-0.03504904577046275,,,,,-0.01425422192543106,-0.69417253933602,,,-0.01612722276151988,0.3071115666864652,,,,,0.01132726956672596,,,,-0.0004551262551362425,,,,,,-1.6139459597633479,,,-0.013540254183295216,,,1.5246667246139043,,0.19108349889875836,-0.017078599980287025,0.11000996622570354
2018-10-19,-0.09692653945954222,,,,-0.09668174089324919,,,,,0.013769867882150805,-0.04508487515498205,,,0.17937804455538514,-0.23729779338411683,,,,,-1.3410613014294865,,,,0.03792738485847254,,,,,,-0.02582215811113179,,,0.36693669634444565,,,-0.025793252021437466,,-0.015975232399601195,-0.08286778261662239,-0.07635860297306846
2018-10-26,-1.0962271451534469,,,,0.02245402453662083,,,,,0.0027854176460275614,0.09594674675994191,,,-0.11591469553530528,0.06937958023640134,,,,,0.004809775142201542,,,,0.033065653831465244,,,,,,0.019094356554060225,,,0.3511153047186018,,,-0.1897658107827775,,0.04876867152187059,-0.21920190589122732,-0.060852770999513486
2018-11-02,0.015636759290204763,,,,0.005515987612633719,,,,,0.011510609867829246,-0.06154791749334851,,,0.05573622421924676,-0.08452418063398764,,,,,-0.014187695905746249,,,,-0.044772984536408586,,,,,,-0.5175155136893507,,,-0.2739852657122375,,,-0.49694113831123315,,0.014651688075617597,-0.0507334526354692,0.02530665213098986
2018-11-09,0.08924787902616865,,,,-0.010891151595979429,,,,,0.016208185210089862,-1.3425155384168326,,,0.8789745679084536,-0.15570246302632165,,,,,0.011448205810001813,,,,-0.2493367649000965,,,,,,-0.0589046057942058,,,-0.0055454575523109706,,,-1.1514184725923435,,-0.011329392100020918,-0.3299957896657926,-0.19439638719106905
2018-11-16,0.005545414296894473,,,,0.01486580265417653,,,,,-0.013965496431760725,-1.3157531759153653,,,0.34170421813025986,0.11175277570888481,,,,,0.0076062339616413555,,,,-0.0005453465067862163,,,,,,0.004201515099957612,,,-0.1089206231431751,,,-0.15113356437910927,,-0.026478974769681016,-3.1041092692056917,0.000767136677038609
2018-11-23,0.02944996901135355,,,,-0.05144695621942504,,,,,0.030328797089339807,-0.6223054969734025,,,1.061277590224917,-0.7077600006123883,,,,,-0.049189415071026005,,,,-0.0057032975126623045,,,,,,0.06399368196271599,,,0.17804840919474557,,,1.3702002385907386,,1.3779532781881172,0.09496325411675981,0.0007498748465927748
2018-11-30,0.18662522553303895,,,,-0.003956278329206461,,,,,0.0015233779659645384,-1.182871357313365,,,-0.07966911489427828,-0.42232516423336214,,,,,0.08110948919510072,,,,-0.07683869002278225,,,,,,0.7156485703299098,,,0.20353465529572903,,,0.004607064286473007,,1.9313665392922186,0.5276984557739206,0.0012612657687415614
2018-12-07,-0.03371388618788548,,,,0.011321140660322635,,,,,-0.0655297847937228,0.1618015843430729,,,0.14803354728493628,0.2800420635829097,,,,,-0.08459996052075153,,,,-0.16239493024243307,,,,,,0.5542461166328745,,,0.2062507266398498,,,0.3900629105094948,,-0.48756739938433014,1.3646016802337486,0.039834647016453804
2018-12-14,2.7919084968839503,,,,0.01386328975119185,,,,,0.05790264230845077,-0.1526488578217336,,,-0.0395198295416578,1.2217417332996814,,,,,-0.022219117065682924,,,,-0.0010812908350527589,,,,,,0.02059780912066874,,,0.14467148265364593,,,1.7139969750884028,,-0.014072535215570196,0.0490069748578492,0.02342953536266576
2018-12-21,-0.00740102255606607,,,,0.02264617897824869,,,,,0.03050576162988743,0.12762621094807325,,,-0.13276716389669485,-0.13081424237555658,,,,,-0.03520790904874842,,,,-0.0006312593658316047,,,,,,-0.1119646612084692,,,0.31515820044917475,,,-0.185690746937704,,0.04660855097132753,-0.5289012012356246,0.03263556655866327
2018-12-28,0.03405154886071303,,,,0.4212440308413086,,,,,0.0021139587642420646,-0.00852240709319283,,,-0.5251663363568863,0.45744505906196264,,,,,0.007456252556556712,,,,0.008541829279491332,,,,,,-0.5229351048540841,,,1.144660903104379,,,0.03768586847831604,,-0.08934716053702736,3.381598420719467,-0.051460894414574174
2019-01-04,0.5267811434352618,,,,0.024065519401143813,,,,,0.023294001391140906,0.10457867580130438,,,0.5030158148523811,-0.3609796582346045,,,,,0.005557160867686823,,,,-0.002624380985466141,,,,,,0.024958229872910756,,,0.03460048436053161,,,0.07101743941348924,,0.04095821531852708,0.9881064909722328,0.05394958669279418
2019-01-11,0.1423685136459652,,,,0.8063356912491237,,,,,0.011473023236895393,0.08669119251184589,,,-0.02352572495967458,0.12941232093781954,,,,,-0.14687274607929648,,,,0.006325796982063156,,,,,,-1.2416845237742173,,,0.6232782876976044,,,-0.10313857623366945,,-0.012028746539040975,-0.6712289167315755,0.0522488969556957
2019-01-18,0.03843750968801637,,,,-0.23002569554019614,,,,,0.008570885922048065,-0.09465339653880839,,,1.0418899758253586,1.528263465350586,,,,,0.049112745122196634,,,,0.2017135540319027,,,,,,0.7303226297291714,,,0.05563260403715947,,,-0.2915117728311686,,0.004971578476905781,-0.024690074346693666,0.013336327887179786
2019-01-25,0.20371029311596128,,,,0.005161413244266702,,,,,0.012678402481841116,-0.8203514743276397,,,0.14784378797966877,-0.3882962802937492,,,,,-0.05861169422703141,,,,-0.05148367034358366,,,,,,0.06922968681266171,,,-0.549053857505014,,,0.08019415847233671,,0.0008144301810797765,-0.11055083982785913,-0.013724750908461054
2019-02-01,0.250605699528019,,,,0.5710903070093374,,,,,0.005013481985990865,5.401301974514601,,,0.09552272773971864,-0.07609472412296932,,,,,0.007460784988243377,,,,-0.0012424558026872877,,,,,,-3.093520023359083,,,0.0009743773089064742,,,-1.2315809735633414,,1.732592600496385,0.17891518773224058,-0.03359710774110938
2019-02-15,0.044814554497571,,,,0.11097686276093643,,,,,-0.8110103914132767,-0.07580587378297486,,,0.2062078889113298,-0.303780460108139,,,,,0.03404729456598377,,,,0.027150941835085738,,,,,,0.05796700077306042,,,1.5870993258582575,,,0.2241403745004729,,0.015290572831591638,0.7476399738267098,-0.01727414361996507
2019-02-22,-0.027118453347402875,,,,-0.14790705296157955,,,,,0.09222926547740341,-0.04424752803858932,,,0.6441862541388874,-1.0211179829753885,,,,,0.009438646828065571,,,,-0.052244470049370384,,,,,,-0.006155502060409556,,,0.3081718573956773,,,1.8489422366675619,,0.2215214063805785,0.703812469418649,0.0026292751864239686
2019-03-01,-0.02258399721926764,,,,0.16071913989735348,,,,,0.20653595477738887,1.437077603082318,,,0.013141836877014965,3.819408314071495,,,,,-0.5708957539706698,,,,-0.00040397540937151113,,,,,,0.055472563320931985,,,0.0526532981542702,,,0.05159605961402196,,0.0036901931787309793,-0.09616409783759197,0.0001775040239711058
2019-03-08,-0.35973388479486545,,,,-0.12554011387477762,,,,,-0.002333791449456772,0.14699939200888185,,,-0.04880972043480666,0.3761247113846269,,,,,-0.00979601996719652,,,,-0.29562434345214283,,,,,,-0.47750094331635917,,,0.06771403421605698,,,-0.31606409011460196,,-0.0017341353750668686,0.09611674617676144,-0.16023868607593555
2019-03-15,-0.11962526510628513,,,,0.026995149030034096,,,,,0.0092125297423531,-0.03874927352949875,,,-0.14917741575066962,-1.342757186658799,,,,,-0.1255796914100737,,,,-0.0009038149639733293,,,,,,0.09046709522266967,,,0.026069672676768713,,,0.8519466354147146,,0.3708805041764897,-0.10839386399283642,0.008215966921405702
2019-03-22,0.630588677817749,,,,0.004781337146221766,,,,,0.229819530501476,1.0102190204736194,,,0.019833539832527447,-0.449010992051302,,,,,-0.002666343992973764,,,,0.007346360160210759,,,,,,0.00844873758054969,,,0.8638573263013931,,,-0.18970399735149407,,-0.4662607082630946,-2.9315226851170966,-1.709419156045455
2019-03-31,0.020615220599742537,,,,0.01093799391957849,,,,,0.11133830074647516,-0.7971632036077245,,,-0.1253031725003156,-0.3805366479656484,,,,,-6.930960674502036,,,,-0.0010069123177179505,,,,,,-0.030632343944149265,,,-0.06290261304103081,,,-3.9035606139382177,,-0.20994099245930303,-0.049996576481851365,0.050819916421850186
2019-04-04,0.02399765531904544,,,,0.049623954410918054,,,,,0.07868663865918454,-1.1214417540103538,,,0.7284018239255018,0.150776477864265,,,,,-0.007206212603750729,,,,-0.010844317170197506,,,,,,1.2955524845944808,,,0.07641592513914391,,,0.596050248964427,,-0.3915882157987078,0.06819601261844394,-0.7233558917514624
2019-04-12,0.23376551526107928,,,,-0.007470897758254477,,,,,0.00428819008479378,0.22128127947518553,,,-0.3315831561098342,-0.6126108540565789,,,,,0.06503744916643815,,,,-0.000867565547529523,,,,,,0.37594783346145166,,,0.0036630068855832733,,,0.10681995858371941,,0.2163475749769357,-1.8946240052465533,0.019725014550996272
2019-04-19,-0.4443328598033409,,,,0.031197142654849488,,,,,0.017110773320835812,0.45238547629675485,,,-0.002397420726207112,-0.7049354248028952,,,,,0.04550158108289536,,,,-0.0005913059728853118,,,,,,0.3717092921113157,,,0.2433541789603729,,,0.29070364807272964,,2.737317082942202,-0.10903155111388557,0.029360037272765156
2019-04-26,1.0460130102284446,,,,-0.058642605365071154,,,,,-0.10494066193334534,0.0863082084361955,,,1.1255334116419071,0.19845623545612104,,,,,0.0017118106153655205,,,,0.053360052638748386,,,,,,0.057581079281142575,,,0.01279659472306128,,,-0.42403111599444737,,-0.22038348791655232,0.3448939155656319,0.015544248386584341
2019-04-30,-0.10353296335573868,,,,0.013453508140181997,,,,,0.059108166974932534,-0.10256503292549216,,,0.4557169284951268,-0.13338859771995487,,,,,0.10154151506951466,,,,-0.0753487073326406,,,,,,0.6497656120110483,,,0.23682892688914522,,,2.272847180704662,,-0.15493917465381196,0.09908127713545915,-0.04629619666343434
2019-05-10,-0.010058284637255832,,,,0.005637140668742456,,,,,0.003728641275656027,-0.014303585683464516,,-0.09181002315318233,0.17767491964309923,2.2616570557527584,,,,,-0.011808634050940027,,,,-0.0004412994887694704,,,,,,-0.06254231193804344,,,0.3408943519100945,,,3.1169149545199484,,-0.014270584230949998,-0.16742281604566564,0.07083544759215389
2019-05-17,-0.007624869140472234,,,,-0.2168363927108437,,,,,0.015730047272772784,-0.3080928949433749,,-0.1479350236039206,0.021823937806911102,0.15151423487947305,,,,,0.29606972931606707,,,,-0.5893640605359458,,,,,,0.003524185459457152,,,0.1492056201547991,,,0.5508390862818424,,0.326967647361134,0.038104402881868275,0.0335195013015182
2019-05-24,0.5267301604571091,,,,0.005103647309909138,,,,,0.8987660479056747,-0.20601768364814227,,-0.03547867668612652,-0.22488262868670747,-0.22359798840771558,,,,,0.0007237011636703048,,,,-0.020876884584213166,,,,,,1.2123733600073991,,,0.16411829597783212,,,-1.8019447900279082,,-0.01885439177864882,-0.8416826945559817,0.00023144037795250587
2019-05-31,-0.20136853947975739,,,,-3.0081125939851057,,,,,0.02785663957317401,0.12033386603974021,,-0.10424775793491273,-0.051130791656995855,-0.030285030241683983,,,,,4.936753949545305,,,,-0.00038427955847315825,,,,,,0.0898706000575484,,,0.00048556318952232627,,,-0.6625613067170699,,-0.8547779209242334,-0.9566585000947153,0.0009862401002778682
2019-06-06,0.1318240983784504,,,,0.08904047576247562,,,,,-0.003089088754174461,1.652361535167535,,-0.4786170454409476,-0.4032816861395368,-1.0395229736960938,,,,,-0.02062416845550395,,,,0.14809580888070456,,,,,,-0.0005900307940946512,,,-0.0807060421650746,,,2.3191843746503724,,-0.15733602671002575,-2.8921367668001503,0.2386479864119339
2019-06-14,-1.267568033204641,,,,0.003771699566811036,,,,,-0.03214705066580936,-1.1740202265763457,,0.002198750134086061,0.14635329404495306,-0.21990433673497828,,,,,0.025235554832112275,,,,-0.0007295186156663757,,,,,,2.6046414053934255,,,0.040081474477250904,,,-0.4123526014022697,,1.7933458393161674,-0.035973151140858105,0.11470699560334799
2019-06-21,-0.32310965068490366,,,,0.025310332770736528,,,,,0.021066975887932212,0.08121288817644019,,-0.006690816055730535,-0.8780500232383806,-3.90130232353236,,,,,0.0020156360633951176,,,,0.007120478891096595,,,,,,-0.6894069589134074,,,2.0776878579845204,,,1.8351511601234036,,0.21845436630028556,0.5980907795207282,0.13496644113217446
2019-06-30,-1.1200041222122805,,,,0.028300112217025136,,,,,0.04344667642570178,-0.2122966798310675,,-0.017331385331559836,0.014694932657969152,-0.3432258484373245,,,,,0.0037271833137313237,,,,-0.4972591037789711,,,,,,-0.02798438861571901,,,-1.8032667558493987,,,0.4601602301951909,,-0.3565206637983752,0.07336869335960709,0.005833490094308688
2019-07-05,-0.01234626451326315,,,,-0.38226249679856117,,,,,0.02808010800485343,-0.06609194940994922,,-0.003717848185076444,-0.0021110847406135705,-0.2623670391564155,,,,,-0.005192874959757234,,,,0.06357656675818994,,,,,,0.007662727228087472,,,-0.17747535552648272,,,-0.29732137183084345,,-0.5509501906469415,0.07309369116056261,-0.015735610760631957
2019-07-12,-1.7726176352684473,,,,0.02331364798376957,,,,,0.026501020629446096,0.06830777732175669,,0.2739800567192327,-0.20104792991813972,-0.33142243797976007,,,,,0.015460462340636937,,,,0.007774073461974187,,,,,,2.5642553354135598,,,0.04518296847642924,,,0.16561455958343652,,-0.06359390930401998,-0.18967817684454114,1.326976812894787
2019-07-19,0.0034943951129496097,,,,-0.011928523832997489,,,,,0.04701730952563589,0.2432479628389485,,-0.008114669642399376,-0.006307656750286834,1.0261317414414224,,,,,0.0019442081559593134,,,,0.09980808701683565,,,,,,0.10949413200925678,,,-0.7177965659347683,,,-0.03258865808527413,,-0.01304892777112552,-0.17239453321144113,-0.4363236251137604
2019-07-26,0.029130003732778985,,,,0.011192904216292793,,,,,0.15861407873640646,1.575514381823276,,-1.0480002871461807,0.02072434644004484,0.3882237711775509,,,,,0.0019616766929089436,,,,-0.0005088934169966019,,,,,,-0.12129239841280012,,,-0.06942713579006657,,,-0.7914538011189414,,0.4666003600414737,0.28226962355084606,1.031766845182175
2019-08-02,0.03264364981539987,,,,1.4281796209321218,,,,,0.015408492852207968,-0.0992414330292076,,-0.14200214635402097,0.020750120318717438,0.5785327513016155,,,,,-0.007560599323787077,,,,-1.21633846490216,,,,,,0.022307368620388415,,,0.6906884071456227,,,7.339463587005566,,0.18587662410750777,-0.09239178295864857,1.0813465689119834
2019-08-09,0.00951387150672071,,,,-0.11573582593476729,,,,,0.009502906816377747,0.006091097019388741,,-0.1493347985210473,-0.0006554436343737327,-0.17434779739227768,,,,,-0.004049037479968164,,,,-0.019156697306979713,,,,,,0.002757431599045039,,,-0.013454350413793125,,,-0.9143131117446094,,-0.2783662481012384,-0.28723248703899845,2.642360281788015
2019-08-16,0.09643891733811653,,,,0.012659023964554898,,,,,0.00313359142426513,-0.5268246346942458,,0.12979855820003602,-0.4064208472157733,-1.74920562449214,,,,,-0.014440962114646573,,,,-0.009765706241567999,,,,,,0.0809417989752268,,,-0.06817464881100327,,,-0.6222293055782363,,-0.5565050193845785,-0.037359223440221676,0.007277434508987119
2019-08-23,0.003328570109204773,,,,0.05273371150274442,,,,,0.0687146452870177,0.05075753984193633,,0.012297284650871997,0.2705779181339372,-0.33365344248391593,,,,,-0.007578050406849926,,,,-0.011367534202568318,,,,,,0.0009388508711747328,,,-0.6398530311736702,,,0.024960700244798347,,-0.27281692132274143,-0.45383550843772763,-1.1846497121850783
2019-08-30,0.13553825926355476,,,,0.011990070700283094,,,,,0.0018255440131695452,-0.9874416297818197,,-3.1661289088734943,-0.08869035224175324,2.728236437151054,,,,,0.0036134503265629224,,,,-0.03276001234008598,,,,,,-0.052507933969301236,,,0.007100375909836062,,,0.07035893426608623,,0.09578265463799715,-0.5781823901571415,-0.016115766291712567
2019-09-06,0.7049163834767224,,,,0.025468319611549446,,,,,0.04536185787256681,-0.14848113233759014,,0.0031694953368491667,0.011437891233444122,0.6071568954341803,,,,,-0.17442561242342985,,,,0.03875615613328711,,,,-0.025653380371631916,,-4.838936697291603,,,-0.021492301484878826,,,5.6791568196059465,,-0.024428108608483268,0.033986486514696754,0.003530901891309695
2019-09-12,1.4565240724444872,,,,0.01580847058479673,,,,,-0.1292472932361144,0.0189208772699192,,-0.19161775994618563,0.0919568298032157,1.016657022394922,,,,,0.0017326846565051358,,,,-0.0002956523504394916,,,,-0.009398626261312269,,-0.5714784026383591,,,0.06485323975635704,,,0.20096647639931378,,0.053797223071866074,0.44707061904607087,-0.5460354794976661
2019-09-20,0.009587761108007131,,,,0.0066882147350466855,,,,,0.006821560890622472,0.03579368052252464,,-0.12004679487121217,-0.0330960220369285,-0.05723560431337939,,,,,0.053844943960575785,,,,-0.072377344495206,,,,2.4125998925945487,,0.03747599727260391,,,0.08044672768292098,,,0.5612922650587217,,0.502850607002514,-0.05297178491343719,0.00850731175953257
2019-09-27,0.028333974001274482,,,,-0.02629509792816319,,,,,0.004228640056894646,-0.07189704391721187,-0.0521304518879377,-1.0427082220239525,-0.3562202853991433,-0.15114292326007786,,,,,-0.018666233553601166,,,,-0.03972397084704886,,,,-0.14470000606587533,,0.18563559673020177,,,-0.07754710247334462,,,-0.6264631079895143,,-0.4043423568438982,-0.074592938444335,0.020836114961951688
2019-09-30,0.000549436029304979,,,,0.25892058532986395,,,,-0.014357805193121279,-0.13867642312726547,-3.1521521383040176,-0.003992705807806008,-0.09174494125542168,-0.006384945764187118,-4.670080443288525,,,,,-0.01362015397412349,,,,-0.007524647948590552,,,,-0.004823599816195598,,0.06717610443209857,,,0.31722332238705764,,,0.26732522750930665,,0.014331247297756478,-0.16625768028378402,0.009506302405496516
2019-10-11,0.03450621370528348,,,,0.008934621077390735,,,,-0.015205771861490908,0.2641230538019925,-1.2843924241507236,-0.07114417849253198,-0.0842035166571215,-0.018429304624133874,0.40933272182162217,,,,,-0.19659970173677074,,,,1.2438443166979638,,,,-0.0003968729411717026,,0.25327283175645504,,,-0.0022798631555698452,,,-0.009398195970565851,,-0.21236899039106677,0.0032720102997615425,0.00947072209209164
2019-10-18,-1.5598782336964474,,,,0.06603789991527843,,,,-0.4152866362359349,0.09830736761742713,0.0012581479461789141,-0.24143976384441612,-0.08811668729100561,-0.5242094375930653,-0.44154992550056743,,,,,-0.004722909941065214,,,,0.01012911955890194,,,,-0.48574102886046705,,-0.22259037839055118,,,-0.03246027550195042,,,0.253218553084278,,-0.24683349151090472,-0.06753275833957317,0.02294962141354362
2019-10-25,-0.1742606395116194,,,,0.025468721948459207,,,,-0.019833667155578136,0.08937393718650626,0.5984354384682576,-0.04053736840578534,-0.011747937734059105,0.016077441668318277,-0.1716029619680751,,,,,-0.02699637305703736,,,,0.03370709422510569,,,,0.07466821345561574,,-0.7796449609896627,,,-0.15905586020537132,,,2.269257568264195,,0.20221168401308373,0.5985464561321421,-0.4723028872555678
2019-11-01,1.1659747197550612,,,,1.0441068987514828,,,,-0.008002636572657713,0.021816439137020898,-0.3747247913531772,0.09393310403495606,-8.540339760332236,0.030975091463216378,0.41999513553308854,,,,,0.005093452358564459,,,,-0.011610691236914905,,,,-0.022361151639828235,,0.03988276305060301,,,0.8866725749914224,,,0.7034969082787593,,0.32447244011510756,3.271322463551658,0.11887686916883633
2019-11-08,-0.05004282319400671,,,,0.03234438102538136,,,,1.2871648728900202,-0.1096319558209678,-0.02565396711251821,-0.027675937642291426,-0.111356984990503,-0.1775889773962386,-0.4313419954348091,,,,,-0.006933335271600819,,,,-0.002087668856308602,,,,-0.001651381116311204,,0.03208472428163031,,,0.13023864266484705,,,-0.6093203366103017,,-2.0012089822228813,0.17295675252429574,-0.197488574087734
2019-11-15,0.16281331322604542,,,,-0.04551129090865933,,,,-0.17736502279879096,0.0017523387762168271,-0.06258739898256233,-0.14658606874821334,-0.15848388319959372,5.629199811751561,2.762618483454933,,,,,-0.034756073546376554,,,,0.06910030566774225,,,,0.046655916003864206,,-0.011762204012739374,,,0.00729629279370924,,,-1.3136587785775302,,0.05807354179059117,0.6803134366714113,-0.26586146686881046
2019-11-22,0.024367235323874935,,,,-0.5188278732016166,,,,0.04102632891883909,0.01668181329133407,0.2615204581608189,-0.0011310830556959322,-0.07297890140236928,-0.029041934177266682,-0.32609053712156677,,,,,-0.022752681958613713,,,,-0.005861813687071914,,,,-0.0014839598700923105,,-0.07373815821407449,,,1.3541534870411072,,,0.02728397240782007,,0.033033917188436346,-0.09774370176942093,0.016477968750554215
2019-11-29,0.8312608624133696,,,,0.024222510838628922,,,,-0.06864874678064974,0.08522683788464686,-0.41380231115104976,0.011642673150112932,1.070100232285907,-0.318626467850573,-3.600995115171278,,,,,0.005673071100562727,,,,-0.0005623669364550844,,,,-0.005783507279833322,,-0.00918829242175987,,,0.027116562587040576,0.011055364188477647,,-0.04769957999873342,,-0.04022730968815612,-0.2803220961449538,-0.687339162293803
2019-12-06,-1.279343120037931,,,,0.004781424083469548,,,,1.4350902390513158,0.01796489676798439,-0.0369330018732709,-0.4749092130900319,-0.02643997742693981,0.04211200828033165,-0.1256420702767211,,,,,0.002572921291058499,,,,-0.00021126850531526394,,,,0.3679392071266419,,-0.1439485572324398,,,0.13862486804818125,-0.016962914793820408,,-0.35918842889413805,,-1.1909372716687532,2.1931227698640114,-0.19833819740920042
2019-12-13,-0.7852932175533314,,,,0.6124924139898564,,,,-0.9377390245399402,0.1380282953257803,-1.5837864688321677,0.05464686071298104,0.6510434923763104,-0.039400858944367845,-0.3433140137981265,,,,,0.13366649149912818,,,,-0.011749126049051697,,,,-0.8582633818759748,,-0.0005121765387524988,,,-2.5875908942699892,0.12704333192138484,,-1.794293015978156,,0.0032219686391580515,-0.09347938365165684,0.07491058452399854
2019-12-20,-2.931490741786073,,,,0.13590136757913557,,,,-0.01201964388468037,-0.015458952686753864,0.3783698498755066,-0.30914377953766936,0.09244726963006067,-0.05418028359380753,2.326157945463285,,,,,-0.05239383347446294,,,,-0.6603532388063788,,,,0.0803951629924952,,-0.03190490715205022,,,0.7323281182585437,0.0019911064301874662,0.00041288269745623924,0.3191344747382291,,0.13984940984986416,0.4940408446332997,0.44809118311521384
2019-12-27,0.19276478330302071,,,,0.012094551743142876,,,,-0.0021929124865409377,0.006274379389949878,2.471776505736612,-0.2654813136846596,1.6268544931872226,2.097732388304495,0.11749275866020333,,,,,0.007118098091688419,,,,-0.0020307578131600556,,,,-0.035598904694426066,,-0.20684850244724212,,,0.004579025288341316,0.022754906733937923,0.0003389680730229158,0.5333344944524758,,-0.03452831128563072,-0.7118265789140543,0.23508671080802168
2020-01-03,-0.017037429558372372,,,,0.07131559593054554,,,,-0.0426883159751187,0.01207916349083496,1.1369995600496605,0.20100708219643576,0.11604370557422354,-0.15233256592206162,-0.23940097080118844,,,,,0.003109641648544096,,,,0.11408354459947632,,,,-0.0005969015973260152,,-1.5138064634515729,,,-1.1532212379323925,-0.0026458769030427223,0.0015768498387321165,0.8966693864680371,,0.14607451545064098,-0.10705513393597901,-0.1817754140652386
2020-01-10,-1.032931991869894,,,,0.015029221696726547,,,,-0.17108358944888502,0.033630226784639616,-0.1781954494551016,-0.03376766284886353,0.06258296125680125,0.7289115650951303,1.9520921543042171,,,,,0.1094519017627566,,,,-0.0004712918062967275,,,,-0.011516481135871197,,0.0060187114277880024,,,-0.006217803930213141,0.07923720707138841,0.001040349488367769,-2.438290396977478,,-0.013723955102668545,-0.3837047745148329,0.06618216427765544
2020-01-17,0.3309496707951353,,,,-0.2982744118909517,,,,-0.07942421330353872,0.11888882480089734,-0.09542721080364264,0.07686821024305807,0.31325584837810855,0.09793783579518624,-1.919426650763797,,,,,-0.005555195053901519,,,,-0.263358431799138,,,,-0.009500356807649695,,0.008301320235003242,,,0.05243207751578122,0.006161908246073164,0.00023440517251352053,-0.18626684010029207,,-0.2630344178381318,-0.8031016695621297,0.10179843020268423
2020-01-23,0.43539496967494123,,,,0.10076532179550579,,,,-0.1128901912389903,0.24196780945837637,0.1900089991567791,-0.0561858208049232,-0.850155137091954,-0.326258563909104,0.31550905958145453,,,,,-0.35230570565956465,,,,-1.1173635715081118,,,,-0.218752855952985,,-2.8292453487085663,,,0.22144029426270917,-0.1045422898985372,0.0004524316779389236,2.669343541303311,,0.013049331171852821,0.40472559362058175,-0.026723589258237947
2020-02-07,0.2508698769782123,,,,-0.8010817105862367,,,,0.15883009464950876,0.013296702181040326,0.05549199506503896,0.2450812128425112,-0.24439001224147897,-0.014369466607149974,0.4219891293587441,,,,,-0.403528200207661,,,,-0.00016205785182083393,,,,-0.07423687192727356,,0.00345377219801055,,,-1.5740455318535171,0.033177708680088035,-0.002662787462615492,0.517335628605842,,-0.051119071437987024,-0.9793340843410006,-0.37475633642853334
2020-02-14,-0.10525484862105944,,,,0.006247214851993671,,,,-0.009122449087471415,0.13861362878634526,0.12491295459657145,-0.021370537634066298,-0.0156319089530585,-0.050943210759180214,-0.5886818169904824,,,,,0.3604468690890558,,,,-0.00034863773694964595,,,,-0.381381833780718,,-0.3438390152884595,,,0.09389088512591287,0.12447859832677402,-0.14640813511812215,-0.13951943583230525,,0.14577879361484586,0.09256102269199971,0.03225872681790003
2020-02-21,-0.005508084216279019,,,,0.014459326769218534,,,,-0.025333341453125928,0.0016823929953566099,0.05839017457136248,-0.015915182327899634,-2.7913274764889713,1.1723756707670614,-8.339131937027458,,,,,-0.0025210172824783614,,,,0.1732877951412178,,,,0.005496358802617853,,-0.03163656926914078,,,0.34330101201577445,0.0026362105304388603,0.04562738364402952,0.165759482063858,,0.30245586783659417,-1.2565012620607472,0.020952500205728315
2020-02-28,1.282179517705599,,,,-0.0350271565835345,,,,-0.02143717819754542,0.005181971807530533,6.7784221559405315,0.055722352085679425,-0.10144253786284747,1.5647409184464975,0.14011900964296448,,,,,0.0005291831925844117,,,,-0.04220558899577729,,,,-0.05990655512565324,,0.29601127100342944,,,-0.19243159453478664,0.007137259769581381,-0.04559743325437406,-0.22309391478812876,,-0.17965706947723303,0.14856913872447775,-0.37509805415995523
2020-03-06,2.5422118914964322,,,,0.005882054421563115,,,,-0.01737551680058796,0.005746849529467905,0.08137036425700436,0.005008591593344775,-0.46157371267305436,0.3328271699748245,0.10974885473620517,,,,,-0.01120311111183006,,,,-0.0036665713533516942,,,,-0.034661804916588684,,0.12038665204083757,,,0.02355003289712335,1.4280787418241094,-0.0015189252822479056,-2.9125384348281598,,0.0032483843910106696,-0.5580677446743187,0.8633797634820441
2020-03-13,-0.12569586126616983,,,,0.041291517431722415,,,,-0.15495487798140942,0.07226564081250876,0.04908014635290328,-0.012516803598871784,-0.08619877919785565,0.22961449658943545,0.21868639852831348,,,,,-0.22436213367248534,,,,0.49196589560028686,,,,0.015390295690046345,,-0.19541890071363432,,,0.1056008817378653,0.007421008747243425,-0.01462169885827962,0.14343983180203035,,-0.28673185440627436,-0.5964841184910799,0.06970453505277024
2020-03-20,-0.46730750426368395,,,,-0.07723721715934004,,,,-0.015068972732558516,0.004915217338069664,-0.12835502239480473,-0.07190723435433304,0.10150639102913403,-2.413356498851104,1.1853368792996832,,,,,0.024529977575969034,,,,0.36845675357722946,,,,0.487318279029842,,0.011355818707928685,,,2.0127688720454313,0.4255487922474306,-1.2336905342770674,0.47073895830416,,-0.04271160378571151,0.07054309172514453,0.25192069297747083
2020-03-27,0.4542125502251992,,,,0.001270266156704396,,,,-0.04054985603528208,-0.29654340317585,0.013640779745270754,-0.13837767895428596,0.020768270881700315,0.036201759101286236,0.42025603126102445,,,,,0.003537912682158614,,,,-0.020084182823915553,,,,-0.0034303113613381106,,0.025104220136894086,,,0.09926752719333645,-0.12057346561099241,-0.01846395644908389,-0.8565776972663989,,-0.04890243291506663,-1.1036936644107032,-0.007455663621397556
2020-04-03,-0.3569801904674157,,,,0.03359029613316444,,,,-0.31907806644087877,-0.7247224434072559,-0.277230528864802,0.05686505475985312,0.2569826291941678,0.05721033074072455,0.1420268687264082,,,,,-2.0680453370135203,,,,-0.014976531136785872,,,,-0.0032907584833395823,,0.003543576351625789,,,-0.3569662985381967,0.017250961324021836,-1.3209432349961852,0.08799335043194238,,0.011291248229332763,-0.3131007665530176,0.12674524273496074
2020-04-10,0.28593821579164064,,,,0.07241256288656897,,,,-0.05083227058673884,0.6502555107366776,0.02775553935275024,0.4328885076125787,0.13677876790653312,-0.039700463925872814,-0.15504872377347506,,,-0.3659646605671234,,-0.009800900550152798,,,,-0.005280487073738648,,,,0.08368584101985668,,-0.029913967969298908,,,0.03806131904773584,0.3250741553436868,-0.013110770365853928,0.2939907612367753,,-0.05858000113255947,0.6034759215280894,-0.6173093817445896
2020-04-17,-0.765555072621967,,,,-0.031508181304537426,,,,-0.008680119519090186,0.39875262916328225,0.19433304076655122,0.027186838209560766,-0.069157853932091,0.02517576827474413,-0.9556666172227767,,,-0.6744145114882857,,0.16803110421107795,,,,0.02556440833911335,,,,-0.0019148587911746212,,0.005503545842303072,,,0.08346027145905069,0.020530612981504767,1.1935896648977002,-1.2717778647527105,,-0.07685339969931622,-0.23217213210705284,0.4721057218286927
2020-04-24,0.8194326226123313,,,,0.5296343116200115,,,,-0.13773685550506956,0.804107153195284,-0.11234546613242367,-0.26141441643531205,0.7247864939359565,0.10230776008228364,-0.27706763403114415,,,0.002513099740297349,,0.050047045017247715,,,,-0.04764095302708195,,,,-0.016717143683242987,,0.004843887979005342,,,1.2220051980589475,0.014389414963907925,0.0038951683910664406,0.0770807160300199,,-0.2910414783466396,1.0417823975856577,1.9696172950984543
2020-04-30,-0.7136709092552714,,,,0.19567995341831657,,,,-0.005951500087214812,0.08256617356064964,-0.02697307828540734,0.9315433722268173,-2.302655328884949,-0.14223975919442886,0.7239919177028838,,,0.759718667530475,,-0.0502865198030789,,,,0.0033453204509273594,,,,-2.5745724169436617,,-0.16313242478073672,,,0.07830075354717939,0.003451814515740798,-0.6305086345313428,0.3496985865546055,,0.008343454794152624,-0.2931879259861068,0.30893758107082026
2020-05-08,0.27996409176922726,-0.15480229696510464,,,0.008769705399425929,,,,-0.022323518986484527,0.5083396833789584,-0.2406494921764472,-2.913112599304893,-0.17122380595942943,-3.55979032385511,-0.7393834939894848,,,-0.010046649794612813,,-0.4727849300105811,,,,-0.04825470971773775,,,,-0.0008206213664240862,,0.008897367144439878,,,-0.04897611214704489,0.6268229516234471,-0.8785671756122608,-3.057542600907573,,-0.6474920247853833,-2.4008811781321526,0.4888238732873057
2020-05-15,-0.1719231966325228,-0.01846454144370544,,,0.0005482354807261822,,,,-0.003352731973049682,0.06393446859018356,-0.1994888066228514,-0.023583449462313572,0.4938704501793737,-0.001329380754958156,1.102748225915442,,,-0.040344332142955325,,-0.004734976286939977,,,,1.2543426349918232,,,,-0.017044153368840624,,-0.064524182285114,,,0.01747765602580605,3.6708130914849546,0.09440741378447548,0.04989948702628828,,0.34685319563426087,-0.569327522197064,-2.286770201147996
2020-05-22,0.08925619906982273,-0.6983250844990416,,,0.08609762175271785,,,,0.0074942606746836275,0.08311015974269047,-0.309222750487441,-0.11038347289170866,1.7746351200804582,-0.2067924496949923,-0.28204742277141387,,,0.1499491292590636,,0.8132184581630209,0.00011411615235145013,,,-0.012950327126107514,,,,-0.03564641735383716,,-0.05310339789189067,,,0.03294489706651797,0.010068480126807684,0.2949761394017537,0.06668551612218412,,0.24067520355439398,0.5384862817253162,-0.5074474192985887
2020-05-29,2.4131494081421536,0.08682534398823707,,,0.0035063431975521425,,,,-0.025716910091436652,0.013549266344433932,-0.939466115780173,0.022585749147468574,-2.403479246966727,-0.06219706749268823,-2.4005861984760304,,,-0.07598360476495765,,-1.7107700930860554,-0.00642465032809508,,,0.24017082667062392,,,,0.03221879092019974,,-0.005261201780470785,,,0.001528113340332855,0.100152080881869,-0.19914286988676722,0.035359964006509564,,0.15894088926459132,-0.5895346949542651,0.8184820549622713
2020-06-05,0.8342485331931084,0.0270464174383986,,,0.0052417050015595885,,,,-0.10903330929061661,0.05268496255123993,4.504018448020483,0.058242438110620076,1.0248271792338683,0.3098712249486705,-2.3436177760775943,,,0.0018192751349913776,,-0.04321042812502138,0.02816980119751032,,,-0.0008757381710761672,,,,-0.04750762572567326,,0.2985944678851902,,,0.462670969671873,-0.002862074779400649,-0.14701791123422417,-0.009307001151001026,,-0.07333022291917866,0.7197367026460575,-0.2064871170602322
2020-06-12,-1.4398431890697856,-0.020280488135369937,,,0.7490339375674917,,,,0.01775160639459801,0.007932859678531717,0.11663081242967802,0.07191583471057926,0.27929571903361783,0.05908686675885044,0.1593858559935895,,,0.18139162459455377,,-0.08078893235638102,0.16704924115251824,,,0.30941597403329935,,,,-0.0008796888444930661,,-0.04045318978888534,,,0.11454638060374156,-0.21192656802682608,0.040554840520125424,-0.041685858367456356,,0.047173814224522076,0.17232297288068463,0.4325155426582268
2020-06-19,-0.2633111263694258,0.07317148260212955,,,0.36780633649119626,,,,-0.020529301691594976,0.001420529966477609,-0.3763354060325843,-0.03641615499490519,0.1059399681052943,0.19091492636965013,-0.23426211796835722,,,-0.9227803669308869,,0.028372970778181763,-0.2619188734395698,,,0.013387104162834106,,,,-0.012523181303807245,,1.4432684454107585,,,-0.2526472339502847,0.18263935218970892,-1.5778268460736184,-0.13662515456015273,0.002793938684596706,-0.09477888463822387,-0.2757188192981625,-0.008640116913166844
2020-06-24,-0.055632721775763845,0.13318755923499231,,,-0.7396917723265485,,,,-0.024521924171579643,0.010883297231795106,-6.105260628115782,0.007937030021902516,-0.19244777710392047,0.01326099301585558,0.06900829880878456,,,-0.008922665352984166,,-0.015062782094498437,-0.07823680031106078,,,-0.005658264292591884,,,,-0.029852002006366514,,-0.4894300133065926,,,0.1869690788944776,-0.060806159076631415,-0.05690209625426178,-0.1387722956139801,1.5416330470700956,-0.8547305263359862,0.04326302133161367,0.03348499184026348
2020-07-03,-0.3714416525171056,0.5627849833504937,,,0.013314892284918911,,,,-0.24969832934449196,-2.071261935873085,-0.40660980418772497,0.6132819069754136,15.525500850582029,0.04110547499725469,4.380199130720353,,,1.0169079003648218,0.0011434785672471035,-0.1424652808010947,-3.2092175158495833,,,-0.4963827131366266,,,,0.01688742868866711,,0.03366808427847288,,,0.6705194957246886,-0.007830431684799436,0.12620453502387888,-0.26505407635081296,-0.917493634515136,5.950059677786409,0.41891595389158787,0.08810235148563628
2020-07-10,-0.11861016465616653,0.22249539630191395,,,0.03238317008957335,,,,-0.008265762045820083,-0.07232514761161277,-0.08298129233460773,0.02762888177393789,0.5477862740306602,0.27226303962012666,-1.6798121856406099,,,0.1798315564638236,0.05661417831433258,0.6455854619282905,-0.05091150581347607,,,0.010363796054885507,,,,-0.0005281432794928753,,1.2969936139777187,,,-0.3175764651035278,0.011497859528633884,-0.018982735392713977,0.2585686853499536,0.12015364173348422,-0.7288616701178539,-0.47308146024006437,-0.017896517985238322
2020-07-17,0.668257270660956,0.00905384203885889,,,0.1720757774751486,,,,-0.8791551108908737,-2.00104618113801,0.23906848470125344,-0.35395540674097625,0.1242287872926984,-0.06930947714178173,-1.0068043926807568,,,0.12618973948568685,0.05958890267837505,0.2736466239091735,0.5230589249706789,,,0.0006304484921142404,,,,-0.004285604348859059,,-0.0089870985648413,,,0.13102054769455024,-0.006364799420659583,-0.04105301147464278,0.055858243169333674,0.9931769940648019,0.03775450892154776,-1.583007897702766,0.07340234910967783
2020-07-24,1.7095556911455094,0.02067354102271953,,,-1.2453247097076403,,,,-0.038097706099321685,0.5797743226260109,-0.2517076368116643,-5.17574889792584,-0.08945928051411578,0.013495331066569954,0.01580233659784181,,,0.17777101685208457,-0.04490151344211767,0.013596036459815615,-0.04862548312293084,,,-0.09294278249700359,,,,0.023794550957997193,,-0.09154011195698818,,,0.0655900367672965,0.044303744900162485,-0.2767724612061754,2.5705650336492494,0.5529155303403156,0.4462246726338909,0.68710630358722,-0.008904568010745809
2020-07-31,0.09751407027854923,0.06263282426458697,,,1.5318910702029416,,,,0.05369041552468013,0.01843480361386743,0.34364301498072036,10.327721953685991,-0.07388693002092805,0.5370545080935998,-0.06759224528972912,,,-0.0003518860439601949,0.012392431439350274,0.02495500612882088,-0.09891440225431508,,,0.2468723741006597,,,,0.09877015368747223,,-0.7824202669937448,,,0.10506634911007086,-0.033045456134417006,0.030622696153837205,0.4142981420173578,-0.03139220538896515,-0.07050795904446819,-0.013674374490871704,-1.2617629814235227
2020-08-07,0.002019311473198171,-0.00786240274957644,,,-0.07467461972497808,,,,-0.5394548935347119,0.01806126686448237,0.2743469783576848,0.48810316441980955,0.031426250976104436,0.0496826620669943,-2.5932207727097305,,,0.001800240072517235,-0.035924637318873076,0.04733538770200807,-0.9665167438614851,,,-0.017518952204463496,,,,-0.08455181068323166,,0.18158757084294597,,,-0.13696915458160458,-0.038330226641657535,-6.370224136336455,0.8228928049899769,-3.1265944250081046,-0.47545866598409886,-0.024458101958544087,-0.011414715084758961
2020-08-14,1.3576472462769011,-0.37149081187300026,,,-0.10642435331296766,,,,-0.01192254702255316,-1.3475961239448824,1.4484677476340484,0.40783918401424846,-0.5342785311765499,0.018908567458867064,1.0328487986978114,,,0.356815907593556,0.0019050976992954869,0.004442397003580623,0.18129564491731714,,,-0.04879922237837354,,,,-0.0015165376783851986,,0.06911565416204785,,,-3.2366624578349317,0.059884843676410865,0.6293137516118833,0.6316201303600324,-0.5402911683194277,-0.44249671615322966,-0.8645731168353615,0.1625219997075256
2020-08-21,-0.5272354628704974,-0.39037106737743477,,,-0.19721117473886635,,,,-0.9786406482863911,0.024013136856518437,-0.05318650407278154,13.451715267374992,-0.0905847091379092,-0.9813590816578058,0.7275221910810098,,,-0.20745103476977628,0.2281375320054151,-0.08193974313251998,0.7951347727133437,,,-0.008340738931122317,,,,-0.019266551220124464,,-0.035540329628600625,,,1.04652217718838,-0.0049537861123303455,0.3375144557598633,0.007423518679194524,-0.1321930748548389,-1.0600772180545976,-0.17578761584192482,0.01125701231070644
2020-08-28,-0.048988979713037506,0.2160882457405437,,,-0.959341857280051,,,,-0.011533993069426002,-0.030798718524730952,-1.0487640109350447,0.6002248699478914,-1.0473021885862561,-0.13762158346783424,0.3685726065159878,,,-0.1383893024757631,-0.34902920110043445,-0.020928138662016014,0.3845780952320724,,,-0.22885781106482958,,,,-0.15490853063416238,,-0.43214882793824533,,,0.08628764605839881,0.020569927581314387,0.9512973333709526,-0.10434694581500559,-0.18133935998445752,-2.273041374653182,7.2344685653275915,0.009414032104186256
2020-09-04,2.0932960307499817,0.069620372628006,,,-0.5525570184422512,,,,0.03165792514700747,0.3421595547442562,-2.76601945268665,0.3250496677188075,1.0163004913461329,0.01233040771162315,0.1719204323997035,,,0.03862510401095023,-0.46653959526202177,0.036640318169859534,0.0034710317362833185,,,-0.007716998380629539,,,,0.007909383356351805,,-0.05423268275822733,,,-0.5083744575540052,0.04513441263965523,0.205973440330487,-0.028270115001809946,-0.48664227254776143,0.2187498941827401,-0.7588455221286846,3.906005006171372
2020-09-11,-0.3654496454653724,0.08375764519075063,,,0.0013714388991308115,,,,0.01746204174212422,0.02831109903578165,-0.23141940851868772,0.6766230308974677,-1.2493368880163207,-0.06486846533870774,-0.8553206736086612,,,0.20056342706780741,-0.0048774743195036975,0.17113731648191402,2.3381401271832924,,,-0.0246727035319502,,,,-0.25632370270559945,,-0.04358377814099901,,,0.14926612758496316,0.005121959057059269,1.3930600703693163,1.788598818582265,0.14384042051068924,0.9736665531213732,-2.8114723409422386,-0.009067010140843094
2020-09-18,0.9045183114059138,-0.017715907150581297,,,0.08727679368153636,,,,-0.005383380492163629,-0.12776156924613036,0.1967549899574908,2.0155193034156462,1.0579241249106421,-0.015779270878854376,-0.21225786868090066,,,-0.20160560464698563,-0.054986818573106035,0.16116624343723598,0.27843157851027606,,,-0.21395481806704933,,,,-0.015197953040444459,,0.1752659142990953,,,0.5004218946154858,0.4134988408429938,-1.9412399051586915,-0.05115694700318469,1.8428942014774312,-0.036678231987170615,0.935684834215067,0.18580806568075886
2020-09-25,-0.0685513997037808,0.00836670027373769,,,-0.025662860695841682,,,,0.010037305108092625,0.02345190824825471,1.6819217984074963,2.5852203373829816,-0.06237081124539677,0.04013979664858688,-3.947376057014888,,,0.9584616429741482,-1.5236362669653964,0.054208729179948706,0.030290832204570312,,,-0.010040769787288772,,,,-0.02297079648603848,,0.035287141202181266,,,1.7582342697019206,0.0011297914645137033,1.4091879557431386,-0.7989032222627385,0.01085452446581163,2.1368760076982003,1.8924045486393977,0.7298495082670542
2020-09-30,0.5316554263177702,1.8189016272554406,,,-0.08608220327689058,,,,-0.11942571621548764,0.076563200012225,0.05922944010255506,-0.08618984250922458,0.3535342474306947,-0.11464073089350126,0.38284598267827913,,,-0.1103717976123873,0.08832911053583245,-0.05396142089614679,0.20008264727150168,,,0.031715882381926276,,,,-0.025180057047980483,,0.0977467286320573,,,-0.0572201638001365,-0.08251885923722356,0.3952701333763188,-0.0026435596388358074,0.21742976024199212,-0.03435565447426053,-1.5694545009785867,0.26203194539812635
2020-10-09,0.3705708242282376,0.08847463467113409,,,-0.0705481124462667,,,,-0.04892737542478302,0.7393156127770617,0.05908743553966788,1.648785148574283,0.42070942382284393,0.011922694898538441,-0.16145166618614262,,,0.6874680363537895,-0.03813607031472779,0.01118694936128469,-0.20404103785749436,,,-0.5074271928605156,,,,-0.008749603398759164,,0.1508342965864691,,,0.372512888623526,-0.05241353690023909,2.222282048159204,0.5114508194566129,-0.00598435191545978,-0.09871514846152261,-1.1435181894445514,0.33997567313071814
2020-10-16,0.8151564618407936,-0.007238907952941666,,,-0.050132308462751525,,,,-0.3784343502389045,0.039218080461225276,-3.9998173066854545,-1.3518827923400947,-0.6352872787268066,0.1599398212216666,-0.9945255008593574,,,0.3395115889040503,0.0033545972773710657,0.03431151916948073,-0.00732239414836436,,,0.030768802807943106,,,,0.011307774458544447,,-0.7642605994732096,,,0.02076787784390182,0.0033703084604652968,-6.671621625515242,0.298030119399312,-0.004861629705090249,0.929100330648832,-0.5948463630419083,0.01641152831182287
2020-10-23,-6.182268664889236,-0.21950566528469895,,,-0.4228017254692794,,,,-0.0018622068190214567,-0.36485317848951093,0.9698085819400736,-0.6830555105351626,0.3146623494063149,0.9590520282306897,-1.1957572080719923,,,-1.9330329020998485,-0.04778997407647364,-0.09316940583007263,0.11133120681401257,,,-0.008376067355900053,,,,-0.2586237556996198,,-0.37569000137417957,,,-0.2522984695175619,0.2923028963064727,-0.1218200700852142,-0.9127264978961863,0.028403859913241986,-0.7004720903970579,-0.1429536004452599,-2.774295327695917
2020-10-30,0.10951668935889937,0.36287656931615153,,,-1.4108660124017935,,,,0.0006417209095641602,0.014898879874238186,0.10351969679836001,-0.1856551163647293,0.005968390015586805,0.23178288620250986,0.20693084795884187,,,0.5511483911270815,0.018966102391727285,-0.33717480337324307,-0.07644305733372714,,,0.046225929391764474,,,,0.01382948160797553,,-0.06354743267138148,,,0.2020445453694805,1.1149233767361373,-0.4493478622624609,0.38820616941906105,-1.1276242905102132,0.7626568961291605,0.11616238090677064,0.07240257642487659
2020-11-06,0.6519981972516494,-0.44170520868658514,,,-2.600266302657536,,,,-0.005222155729754919,0.003946387956472222,-0.04958052243779967,-0.45877893747238363,0.16521208714072388,0.00472613944492588,0.8516093181076393,,,-0.3893591503155526,0.023579995553806472,-0.5876322054045311,-1.1349441956994861,,,0.2512233959930549,,,,-0.027585753568224902,,0.09813686194098677,,,-0.8576537789747624,0.10477306828839397,-0.18112829186989857,-0.012985755241985655,-0.018221324936506605,1.8900298108893872,-0.8445241587783976,-1.5546539050934887
2020-11-13,0.10626299133538768,-0.006118361893825117,,,1.5155044347649242,,,,-0.05716101968914962,-0.026555706834592373,0.5100160306172865,0.5539654633525016,-0.8932964095438991,-0.05463804613656455,0.013390268687969453,,,-5.63624043065991,0.0015569408213163191,0.023436564459715942,1.0156149799323162,,,0.010291374754804416,,,,-0.02443500010860452,,-0.018955505847318324,,,0.13308831024727602,0.2533682211270373,-0.38496691467751215,1.0902717251102814,0.01385978229158381,2.682165194906646,-2.829502133096072,0.03201486730999858
2020-11-20,-0.01500482718002799,-0.9392506732407635,,,1.4027862128610924,,,,-0.15955112066308094,0.10294346002032256,-0.1433302984770722,-0.19218873041212026,-0.19042704872309932,0.020842562571532552,2.837078283221823,,,0.01827489214137745,-0.22204953298941216,0.07795941801629898,-0.34409488407380234,,,-0.0006795035752891537,,,,-0.960421893692804,,-0.5356318341734508,,,0.8707572537398363,-0.11515526523273968,-0.040934773498613186,0.817627426846571,0.10366077969959617,0.26725972816088334,0.209391731198852,0.3724705285728592
2020-11-27,1.0404921187763805,0.018957892308622746,,,0.4445743795041052,,,,-0.04755313329671171,0.03204444983412277,0.3653996283443765,0.35856953246260387,1.7148942102848144,-0.10280313184943685,0.9709860938416098,,,-0.33854922001220317,0.01048177467288379,0.0013595589174971003,-0.05916520096110843,,,-0.009409779155127146,,,,-0.05371876501724761,,-1.1926345423857574,,,0.16028654309300164,-0.0009187773874305464,0.03275742035719437,-0.10927962146666795,0.33599163568086887,0.022005308117253732,-3.680529257239602,0.055372105834440896
2020-12-04,0.2008260373163911,0.021770649583468613,,,-0.010856310312705855,,,,-0.009725470493177369,0.1063475028982217,-0.1749601093586649,0.46239283620804655,0.4599137217555581,-0.1843466277491371,2.7444646107956,,,0.13862088655311988,-0.1336753181156997,0.16360339640973454,-0.2831909488256362,,,-0.07073438266441229,,,,-0.5333672623628677,,-0.02176283889886113,,,0.9641160994718545,-0.12978247696999745,1.2710032155004294,1.6233102311756171,-0.9051910376161814,-0.04331897261193024,3.547758332684268,0.14200227672825302
2020-12-11,0.3329323358941122,0.66453435329847,,,-0.42064728903152354,,,,-0.07918514579938467,-0.9004769125693898,1.7473803640338896,-1.15263158184526,0.039538943825655114,-0.3554870508559478,0.016713427749993667,,,-0.17904334210395795,-1.0246767646020596,-0.020152546975114868,-1.2183926296893939,,,0.004567349910389006,,,,-0.09296407845164346,,-0.2151290235478215,,,0.07670038396100219,-0.06372167441474065,3.612486335329463,0.35738334913296843,0.0004550556373843352,0.6987110353071784,-1.4204110883747338,-0.04192947778552675
2020-12-18,-5.607308191691984,0.19435153046260545,,,1.4923279066315338,,,,-1.6728718083944922,-0.431440414656507,-0.06655675898554014,-0.13159259742962964,-0.29019835679375433,-0.057215838511048944,0.194899877818957,,,0.012433035372593514,0.008816712125014416,0.015481929202808668,-0.06852879452474814,,,-0.0018209532544583788,,,,-0.002715925288742446,,0.1554685432330196,,,1.6109754285529825,0.005957199903955725,-4.550416834130186,-0.06959396696103884,0.508380880991777,0.38170230883341505,-0.737504244184353,0.05734165382881921
2020-12-25,-0.014433770655997649,0.0166660074516177,,,-0.20173337459825777,,,,0.03129841213239644,-0.12357814686471703,-0.7579539748887867,0.23706529502720822,0.9722418425928979,-1.657261130800479,3.0212878878846556,,,-0.6195879966383133,0.0259665426659943,-0.17293297678631092,0.011631006698896107,,,-0.03369354338715473,,,,-0.019697261710835183,,-0.029822679526561528,,,-0.07434518107065019,0.0004317932435294763,0.11906815360090284,0.03565263899065312,-0.525228459320575,0.20860384830085546,2.163381622238636,-0.05018755149658723
2020-12-31,0.19283711315250412,0.009982239128876767,,,-1.1413650241778086,,,,-0.05121155645116434,-2.444181602278487,0.18313656693406338,-0.1663750277056519,-1.7110461008871718,0.6350089866826224,0.4072126909931318,,,-0.016197679301843362,0.012714581874033008,0.16824045357837078,0.0010043836917154056,,,0.007829624815850632,,,,-0.5944166564570916,,-0.5425003384477266,,,0.051774732566749,0.012550445326376364,-0.6138166848547689,0.24195724418567463,-0.002229503699363155,0.12815938072545938,-4.422547469405949,0.2833211714880735
2021-01-08,-0.13675587907014916,-0.35474298362193457,,,-1.2361150051758585,,,,-0.11018004140542159,0.003341327165802002,0.662011831518888,-0.09293319134983755,1.7961765922119246,-0.9339398853578689,5.688191507416486,,,0.0008111555927205558,-0.9458849762429583,0.0009929141371415433,-0.22297295678141768,,,-0.0007591196024241071,,,,-0.003805653639842093,,0.05471222444742667,,,0.1747479030040004,-0.02550811967115924,-0.3783727265817012,-0.5189939443445417,0.0012869951421174107,0.2743643763904418,0.9797973232639394,-0.013176090552507808
2021-01-15,0.004486417854202136,0.10001836899768154,,,-1.1152937472952793,,,,-0.004264690484620131,0.40804030990972684,1.1561410857974739,-2.9834723131153478,-0.07711347762825733,1.3679460670640295,0.09810479014644269,,,-0.08534595949860513,-0.0435668844525014,-0.10367802558023523,-0.13118166813330043,,,-0.0010703326992697226,,,,0.01696545149692128,,0.18052803076638768,,,-0.2658408135217299,0.3068217410764375,0.3602933967615172,0.08652141660979414,-0.0778064112443536,0.7370764707716132,-0.12995566945124104,-1.1277813195627198
2021-01-22,1.7398795514748266,0.04675656747171299,,,-0.11342412093440607,,,,-0.130108212792962,1.2408131045844435,0.1287485317188904,0.03921662707474275,0.041297055475584016,0.021882210708936874,0.4048458494786864,,,-0.0697744565459584,0.19957223890882425,-0.03811327200583443,-0.9430964651994234,,,0.09044590108405909,,,,-0.17834342988604818,,-0.10709743671496562,,,-0.0018959720802616633,0.0062952828124411605,0.12751091172682888,-2.273740003529512,-0.00016942412201568537,-0.13679975244165465,0.306928215502713,-0.26018948820436816
2021-01-29,-1.0135425446286468,0.297944027188435,,,-0.697435104277678,,,,0.0038661375475131793,-0.04723250656994128,-0.6471745876411916,3.470061841439156,0.048716210877692394,-0.035256485776456015,0.26532188490417075,,,-0.1243046872994877,0.00042306753623146115,-0.03600358421481652,0.04615732741218352,,,0.009040224891289281,,,,0.5619307726162328,,0.9622336291464957,,,-1.7730260179412374,-0.15504932918067216,0.8073596864128953,0.4321043265777126,-0.0054918890352629035,0.49114307289851467,-6.604921132894968,0.1307685150462347
2021-02-05,-0.2515108667699947,-0.01615304852418578,,,-0.049140102536108204,,,,3.9782995461945894,0.012558141075163341,-0.4051037110032087,5.814648154698112,0.7763040597936623,1.1569901386276775,-0.6005087305179725,,,-0.04762033224668471,0.00115702038132646,-0.036532888543967135,-1.1058068001221877,,,-0.006250378410246869,,,,-0.0007757602379515893,,0.05763991803235413,,,0.08410551861479423,0.0048731950328438,-0.2744877419097828,0.8312723704795588,-0.03628081326947029,0.2646002809027224,0.25402044340525853,0.04448518455496604
2021-02-10,-0.01364636304899651,0.010513639180964138,,,-0.565621953873594,,,,-0.01628672677172247,0.05961957471112271,0.11969958479226395,-0.021733658435106128,0.4645606830818062,-0.7468894079509442,6.6137216228835305,,,-0.0842062418441852,-0.029875618916883565,-0.050492245477145134,-0.11619562285518165,,,-0.0005311281211319281,,,,0.44839932095730184,,-0.007336732792673351,,,0.6070370827754504,-0.23967699353803634,-1.2965611750095598,2.95944905270755,-0.034169534607027215,-0.0625888641577068,-1.4675616861899794,-0.1018562659207381
2021-02-19,0.030022525002856213,0.03672007908332424,,,-0.2175415858803828,,,,-0.009054783201544871,3.0063623143985394,0.7017020811831625,1.2883986686535003,0.15212148383770543,-0.24719990688358567,-0.16243870836307273,,,0.160505362829095,-0.09838264978309286,-0.09560144344592404,-0.02991859970829482,,,-0.0012005631701360907,,,,-0.0019266636295956602,,0.041333267888592026,,,-0.8847801689916369,-0.13341531174820292,-0.21939882207506323,3.945582724012475,2.2385304344632373,-0.030407624778466497,1.1551937890539814,0.0254220467037556
2021-02-26,-0.1379991781810821,0.0173824673022571,,,0.1637355550172521,,,,-0.1324081922169829,-0.5329527418037444,-0.22309209947790237,0.02747089820129448,-0.21467614431706705,0.4490227902754067,0.22831498939979145,,,0.017577599156838482,-0.17598878654220831,0.08924053847322905,1.2130306989735504,,,-0.1769650378745079,,,,0.5616248974316416,,0.016846645398586896,,,0.2621242825797597,-0.048674638100874204,-1.3009694785609198,0.20405109001106012,0.005419143417645083,0.10830335482537475,-0.9168908752500111,-0.1538354241033602
2021-03-05,-1.930229493744565,-0.09424607902763737,,,-0.651739511115949,,,,-0.053662765545841914,0.1506916762684033,1.8943270813280222,0.3784217030873587,0.21108754420985684,-0.3559545135956383,-5.897747551686213,,,0.7665188033705874,0.006828527816165103,0.07938797158033725,-0.1582104046648571,,,-0.6876417193533703,,,,-0.009261474784664464,,-0.7636629177943208,,,-0.20251700426499714,-0.06609765953734888,0.12362025547701136,0.21627624268517123,-0.0013410542475889575,0.12313428870479372,1.149298367634289,0.024390447633097508
2021-03-12,-1.1577430184194732,0.10043418005067256,,,-4.584620492099156,,,,-0.06108170786363126,0.13945766360024886,3.710088428807995,1.7009322794022423,-0.060384516498138044,1.3857818910801503,-0.05448953948670543,,,-0.2584096990650846,1.3949092474382654,-0.08149229836412679,0.310294421852084,,,0.020921560825637873,,,,0.021573830296383746,,0.40876381789631,,,-0.4036354304691031,-0.12955461062724216,-0.06488315924413551,-0.31307113607567977,-0.2894959771958731,-0.6211176148329464,0.5015346903659174,-0.025986721952576612
2021-03-19,-1.4793468852211165,-0.22408936884109668,,,2.9246084312174867,,,,-0.010582670067216365,-0.011984692805869647,-0.547195755714958,-0.8318190792090201,2.0591951664155737,-0.02709470555031397,0.22486613190792631,,,-1.8204887037936386,0.015774799181313193,0.0018841862045545165,-2.161368977525395,,,-0.000415890827986262,,,,-0.0011675267784756426,,0.008073810306740554,,,0.22589957921959058,-0.14266474493195197,0.9641597996984683,-0.011775000492258065,-0.14319131982767577,-0.2664649560416423,-2.652624985279152,0.007683685067389939
2021-03-26,-0.15459227298424344,-0.036300740629172296,,,-0.0030273509178424364,,,,-0.007977648354553706,0.06384656903121552,0.36922316317333126,0.9220486452207743,-12.736999798705785,1.136900633450527,-1.0973060991443786,,,-0.03840874965098493,-0.060123615997025114,0.4280664950081148,-0.930691895319897,,,0.15403744600499453,,,,-0.010388353995919907,,0.003928792378424106,,,-0.5187967189291678,0.06759107851675078,0.17424429152188747,-0.37659381017947985,-0.4126030232608494,2.2573248896838503,0.48875274173105787,-0.0018450890870542118
2021-04-02,-2.6616274502507853,-0.01434054113111315,,,0.21807275701107431,0.014336501612272783,,0.031493863843011886,-0.1213202871262462,0.05947431800034836,0.27691261162083425,-2.4943215231437628,0.03308260189291527,-0.42064099710813474,0.17656265879688052,,,-0.6478899442404361,-0.25688080086448073,-1.983702721492226,-0.4175859403341888,,,-0.011448169541284196,,,,-0.12317633161044286,,-0.21517094531040065,,,-0.07477209545197742,-0.33821969908342325,-0.7394952767659293,0.013138749819607918,-0.23484483742491402,-0.030158390253640244,-2.9296814542996548,0.04960615313933067
2021-04-09,-0.2026484383156752,0.0397257720153122,,,-0.256257597430107,-0.1260697981486527,,-3.918503845838564,-0.032269046194216916,0.07786391892175731,-0.6678716109345024,1.2097238003647997,0.7579441667393766,0.15933380449649376,-1.6297868442020056,,,-0.058767561027075005,0.07972970378226224,-0.09680798160611091,0.18560085483706568,,,-0.041789192904303614,,,,-0.5212927783818483,,-0.2519483821075705,,,-0.10821837813835154,0.000627400982367283,0.29875525985656615,0.6952877233150798,-0.4332251870073021,0.3109849403245975,6.936182993574576,-0.029368774575599513
2021-04-16,-1.9393383221305076,0.24466540578933008,,,-0.04914295459802079,-0.013356370407157335,,-0.8531735120160283,-0.01839956373304145,-0.16335811206112252,0.3250437151400829,-0.5171342167654456,0.24068732235948892,-0.05034009634186089,-0.004795601183316844,,,-0.20692947684421464,-0.020958253242646777,0.023906262575132974,0.2749208952268596,,,-0.002971239420126512,,,,0.017678181332865778,,0.5799710253212947,,,-0.18387795190242381,0.14415399489484754,-0.4665625190228155,0.122486847610903,0.019805245807899264,0.34502371240386875,0.4708779206457639,0.41045809450295695
2021-04-23,11.110216143669035,1.9710727894052158,,,-0.9152393126835591,-0.010264285169035827,,-0.08327380022540129,-0.0710194249932431,0.13852808907118833,-0.8049076226821719,0.1780536319890486,1.0870861263037341,-0.07657044373280225,-0.10034061661880342,,,-1.0272690742291772,0.0022556138433597896,-0.16510946584546687,-0.20214498461730496,,,-0.06245387698569801,,,,-0.2278911813637044,,-0.21312574619567523,,,0.3433901571632599,0.13132995343812287,0.9064902245620302,-1.7135245532937629,0.019224260664633317,-0.24457665806455003,0.8728228683349964,0.04978345228765234
2021-04-30,-0.1583515284986218,-0.012949916429071145,,,-2.3618887650647196,0.010125865384363275,,0.10798173960599391,0.00887853645214243,0.07988552549061145,-0.10108377856061496,1.1674405522254214,-0.5269585931318016,-0.7593208942413555,9.074085942405294,,,-0.024821985507845448,-0.02237267304935718,-0.05177275861798579,-3.8989801709961025,,,0.02943907725338809,,,,0.3824721662607561,,-1.4002960956930377,,,0.25207795286219487,-0.07925296342816407,-0.25004633100597345,-0.15850572376790373,0.04321779289673207,-2.491353176440915,1.414953226106065,0.851155826538389
2021-05-07,-2.084711057982501,-0.03286105444218072,,,0.38117195462287046,0.026636402411559974,,-0.12255222946372005,-0.9080996736860127,0.6777537257317373,-0.6376726048218324,0.9895282779600255,0.09177434217682326,-0.2740083129206231,-0.24400159031099145,,,0.0028029097491111543,0.027941247902603168,0.2217464780386764,0.0437069218776783,,,0.00240674629484096,,,,-0.009279213155877368,,3.213091268037397,,,-0.47022887134002506,0.0032855989708665545,-1.3353643682447938,-0.4851863581626167,0.002666617546973355,1.6128463413331602,1.077102978900077,0.5656901963712294
2021-05-14,0.42776352293616515,0.014547150828528626,,,0.029495960516517976,0.05623204894784511,,-1.2512584079200872,3.9283131751822076,0.264128818821293,-0.26045490015921935,-0.09903576623871749,-0.025008528183382242,0.05329692366123787,-1.4835998201313685,,,0.13846478744478768,0.043491906200278374,0.006985677346703929,0.18126099603220686,,,-0.0034828415771739683,,,,0.1930194964686218,,-0.036675350900117885,,,0.08029914864342436,-0.010493130518943645,-0.32279361254569133,-0.06582414011897998,-0.5062321620933541,1.9067751471829992,-0.0977488115259098,0.09001018776906279
2021-05-21,0.7438899064344333,0.019082697797910435,,,0.19503592669088474,0.01397323870355593,,-0.07334528318555844,0.0006932441271210645,0.04300535080928124,0.39079757344795824,0.6599719046517585,2.0508358454454925,-0.2722663171861575,0.5024518312571316,,,-1.0929220446869372,1.7877093378659406,0.203044247458258,0.10468714173092891,-0.1304443877684575,,-0.42819225166088754,,,,2.4620752041508336,,1.6907051315497554,,,0.31075971339099595,-0.5113547309271619,-5.734249646233442,1.0678150829185762,-0.8278650283956349,-0.19499395183346968,-0.34782252236677363,-0.4211041117740158
2021-05-28,0.22089679395985706,0.1626835585343973,,,0.7347256449482409,0.3862982279060862,,-2.6676026734806233,-0.3521268889462062,1.6613935395336425,-0.5839015188897501,0.08856092422926656,-0.4474508023968565,-2.3519598493050924,0.022017925449664855,,,0.6372303295343773,0.2810157233608399,-0.23665031059679947,1.1397795040871743,-0.0005950064152359466,,0.01326288970571717,,,,0.12526100761193584,,-0.2557902247973883,,,0.9112095874310484,-0.18813331195912597,0.2129894042948271,-0.7595771321909065,-0.0015389516335348394,0.024298931298461744,-0.37009742195130557,-0.07480518947001968
2021-06-04,-1.303542089599005,0.04776575933004755,,,-1.8691165201692985,-1.04461984583362,,-0.04036197115732149,-0.006487140431793833,-1.9893439343726291,0.4125323354776909,0.6514285041628952,1.1845175219954522,0.5741221110052622,0.07996477620078307,,,1.8482920299116026,-0.011764088313756641,-0.1948158898344073,-0.2546414837635186,-0.0639489936860226,,0.01940140894862054,,,,-0.03849188741066123,,-0.08185820750970635,,,0.13970395026044496,2.8136522038407703,-2.579436075171923,-0.5128460544273862,-0.014983672484546025,0.22280792981841094,-0.3480794080073725,1.5995482865686201
2021-06-11,-0.7038292619446977,-0.0716194433346668,,,-0.7838450396694081,-0.3244837143268413,,-1.7584123122844917,-0.1260238726166328,0.06182066449877102,1.2169175480244832,0.2534703774621588,0.6106764042660147,-0.2790794040442998,-4.027460071617596,,,0.16373242910127106,-0.01078659423249829,0.579173330277091,0.23362705118908758,-0.031905982669200784,,0.17261053050283715,,,,0.6057708781113793,,0.007454555448294308,,,-0.08669260475424516,0.02295152852217462,3.516384455659362,-0.22699203760242626,0.4753516752607105,0.7420602111702527,1.0013369847363176,-1.146923884425457
2021-06-18,-1.2288920906966116,0.04196420078116701,,,0.03142269737823224,-0.11891982569505206,-0.07080603278259445,-0.44076846252598134,0.11380373377681972,-0.24666287890457023,0.008513239119035794,0.21475067885705948,0.24195362195808956,0.11880868063504815,0.38783714600062286,,-1.6301915481683544,-0.3059823546634269,0.009956089263663925,-0.6437774543630064,1.3145991785772773,0.3384477900402805,,-0.2696341069779119,,,0.04503296153392815,0.600413392023881,,3.2075055003988275,,,-0.09847969835281667,0.18308647070117812,-0.09893190574340624,-0.1812368171622627,-0.07497811114078971,-0.1513476081597754,0.8663579490051287,-1.8904911806214946
2021-06-25,-1.558151170832753,0.21223883040163916,,,-0.1759914403819046,0.21714898313998818,0.37574308240597903,-0.11236274050880303,-0.6161867205799194,-0.04606523542567831,-1.0539663297412223,1.011014863687267,0.12429975412546014,0.14302395635328521,-0.07599905783867048,,1.1612800348390384,0.27108028578537674,0.09480448441934461,0.002528617766883103,1.745449416782216,-0.08844722601672517,,-0.08977603159302024,,,-0.8355456219554904,0.3556235749788947,,0.11410595863129495,,,-0.03280508463827218,0.41775015915990454,1.6761782058161148,-1.7766556045657858,-0.5967447266353387,0.24640257022252315,-1.2659448078414621,-2.7725547139787925
2021-07-02,0.6485339865027742,0.22719662516345315,,,0.003955198857468374,0.7864460859138285,-0.007123552666368814,-0.5925179111200644,-0.03590217841471561,1.903808006051889,-0.32246617520667165,0.06242529370403442,0.01101210576154129,0.02483982854805945,-0.23339777653898056,,0.1297218673093348,-0.3164652602413581,0.024398716334550336,0.0017306107896069853,-0.933303112363224,-0.13842627285931386,,-0.006835808881080992,,,-2.0396645384631014,0.4880882113119851,,-1.274974178474143,,,0.28103438757809446,0.3358954382608166,0.18171812892449085,1.3228998749274163,-0.11593248042307425,-3.3588348740106646,4.992841912655531,-0.6469702940164379
2021-07-09,-2.158129618616128,0.011573967004470056,,,-0.11706135686525587,-0.16469942011386926,0.34340213568946765,2.2628892845244524,-0.9851976127847291,2.4759179626213417,0.09134874347940992,0.19012972753531987,0.3922430145591729,-0.026256339658206368,0.2427942810500163,,-0.7737318991410163,0.21731159884156376,0.0041873554583804285,-0.12510677292367223,8.2297354935979,1.8201936661789178,,1.479554405674319,,,0.1390257164010421,-0.08985884160557911,,-0.5151581690901386,,,1.4543860825970467,0.0912904892525806,-0.24668288744120564,0.19344637962197445,-0.22930779913629767,-0.07990812080519531,-0.7201427859088876,-0.16180021980687515
2021-07-16,-2.3860592464228585,0.04385879462558945,,,0.05262799949549417,-0.10912951591955929,-0.4735165689410378,1.415241819510961,0.4982235226823004,-0.3669880015957536,0.003321430917545401,0.7726396053590501,0.312657679744451,2.917057264210447,-0.425482979544567,,0.5303803777387635,0.06830592140298057,0.013711187858970035,-0.11502873667096147,0.4894845824901635,-0.24613280165573723,,-7.249515431789306,,,-1.3527242124212258,-0.23674985596011713,,1.5555443939509892,,,0.0680637064628604,2.8636661310690665,0.6185712785156113,1.0451535609500295,-0.028409332180456277,2.81677329826669,-0.9829214987971262,1.6669632301914612
2021-07-23,0.03595226455082514,-0.3685351555586164,,,-0.22156104626922277,-0.29280705800091783,0.5489878762881673,-0.017910980624799733,0.19849311506848405,2.1768211583213692,0.4709505230575613,0.4087858650622913,0.20943545181905926,-1.5783959107576515,0.8032362807144937,,-0.02879274838274013,0.47935290054629054,0.0019863601923590297,0.05836480386130895,-3.620056502793095,-0.026635496526184237,,0.4367626312152939,,,-0.9486901453434341,-0.9879081347392878,,-0.043268236438453844,,,0.2276016851931651,0.8857284229083235,-2.2077599162899544,0.21311776783202618,-0.04418953706373546,0.7352421902972085,0.4512931267854318,0.24947951928128118
2021-07-30,4.714882874232938,0.10538549562269864,,,0.11605398166035331,0.6402943376159567,-1.4767282497942364,-0.42856974494697264,-1.316579137354423,0.06127601447363796,0.11329489829806497,0.1300848746039049,0.7696387653254368,0.01144805761229789,-0.022770469878888908,,0.35700629208940987,1.3013928306720697,0.009503243729024769,0.17266252085894002,0.9697063930008394,-0.03954667213513644,,0.7837986244886931,,,-0.09976166044064344,-6.990959192886414,,-6.458640147467511,,,0.8620461608768819,-0.1756374569845706,0.2539169564371933,0.36554160603021857,0.005644072024325828,0.1826375803914197,6.334366066269573,0.6769140150978766
2021-08-06,-0.9750834495929336,0.017865772914200245,,,-0.8966885014984229,1.452156407186066,0.17143369399159777,-0.7233178143320549,0.4982334992393513,-0.19021914434105977,0.2447018276275072,-0.4521964168338553,0.12346517706298485,-0.0017068135701752522,-0.23837853006705817,,-0.0713177775557486,-0.09873908868639435,0.0007713394662275999,0.0823419330028303,0.30388412038144264,-0.0029467583392284707,,0.19816728832224612,,,1.330652123868147,-1.5312317418545065,,-0.12768931609663414,,,0.2532005314238812,-33.69239161687822,9.988938095519357,-0.8707359130959732,-0.2818558690546609,0.23323204937148462,-1.69486457268562,0.43652498538496426
2021-08-13,0.3126286122020136,-0.05708138903727871,,,-0.8628255086362511,0.26640698208996827,-0.0468501682647155,3.9495444638801445,-0.22601398441781032,0.2655322698264029,-0.05974111388124103,1.059057385929008,6.569837354016552,0.17530954376127725,0.2553570029353432,,0.08233512628087587,-0.09339001370086941,-0.014996548970179468,-0.3699820015964728,2.128167903827377,-0.06027099104775532,,0.03748477663313851,0.044960667771574384,,-1.2693650692646994,3.1365628628961124,,0.0838975490851536,,,1.0197601553076143,0.520446926446255,1.4985566820543448,0.2695068764144095,-0.0063645495116880675,4.101448628485023,4.202171552729399,-6.139143754670251
2021-08-20,0.910654366109503,-0.47297555553417675,,,0.05522228976851426,0.04562905981129489,0.029790311099070117,0.423822120044458,-0.5014463428062755,0.12873483095372085,0.8818622777812123,0.7891795775755261,0.21066602272982193,0.05531916078718661,-0.015157255633956512,,-0.013609567230140647,-0.7349705194471147,0.0009208249215884658,0.3733561232436576,2.5759483672715273,0.04824335238121729,,0.48116967857672654,0.3722249213212833,0.036875495001929465,0.0356177778835992,1.6484005667423527,,-0.11432839759578226,,,7.3234286922536445,-0.724293217769321,-1.2368607098505482,0.6505047136606882,-0.0828297359511949,-1.1682550555127105,1.7377894439432493,1.6739498861328581
2021-08-27,0.2350288342729226,0.04476384254435603,,,0.06301959161276033,0.28683247103238785,-0.015923967324548816,-0.474973222881943,-0.16208856672331776,0.5495099636823455,-0.12315649236123413,0.13633364024157602,0.08572715763536548,-3.2391048955349726,0.35512940959796574,-0.07286065464501396,-0.17007428330297028,0.030197934858485057,0.009529361452712699,-0.0469565366539569,-2.9586992618330585,0.006656300849539934,,0.29251547705161435,0.24952120982531945,-0.015502034964750399,-0.18989340829305043,-9.258124743783505,,0.08042306340444644,,,0.08831326353448435,-1.1119865708325831,-2.1230041482985698,-0.1489070110306437,-0.5881752148101922,0.8704189900859671,-0.18883611672716683,-0.6403178173308627
2021-09-03,-2.4488240947375624,0.03134916617432741,,,0.05335584263287953,0.15216507696062515,0.5100320798383058,1.0906570180708763,0.29723751831717493,-0.00196453850512341,0.27776234425680313,-0.10423238677334072,0.06414318995799437,0.11919944718867627,-0.47828982760917804,0.009799163147974051,-0.5127215423811856,-0.031036497285539328,-0.7672034542754882,0.005984272982768702,5.015684224568189,-0.005302840707256683,,-0.11702406844903115,-0.4253951359579835,-0.038830242542162566,-0.03158129959775968,0.32633575676498233,,0.0009502123378686634,,,1.5543871543977723,-0.9188613059577078,-0.8670810376530264,0.47025429353585485,0.04473958488089065,0.1935368149522255,7.247172052039845,-1.0609699734298879
2021-09-10,-0.016026117251757552,-0.4012618642153314,,,-0.6880865176063508,-0.6188609866609126,0.16517403322068222,-2.9486493085815217,-2.0678911592498883,0.14152628889953736,1.0018509405454212,1.4776185606128702,-0.1216535722008914,-0.027364125805622044,0.3541950726821759,-0.0002787979945785571,-0.08356387067650409,0.03626276942743513,0.00030470032273673505,-0.059220556507810815,4.548339899854814,0.008409108636688225,,-1.7204153353402043,-0.002685834898332893,-0.0050552844145167215,-0.018554215281920902,0.3574513906011032,,-0.42109280471189753,,,-0.09271208445783576,-1.041194629687178,-0.16476703015640454,-2.235953983098968,-0.6776399573319007,-0.179874854098622,-3.6720504133281007,4.7635138116699025
2021-09-17,0.43375478879376406,0.13866806355346736,,,0.2230238795466648,-4.01769591693412,-0.3693610646232065,0.06580600264080677,-0.10531367852400281,-0.03441860943602151,-0.4355295738239483,2.736808125582986,-8.557171656171079,-1.0645289743901736,0.3116739916284068,0.016310603853164643,-0.18000700441628414,-0.25335421008524167,0.0013025480306591744,-1.3922664717947473,-0.02844246208422966,-0.13402432529282846,,-0.23903199715465245,0.5076180747460276,-0.031108195901369963,0.05908914056525599,-0.04151840956999814,,-0.9559260958786995,,,1.3858637348937768,0.8285347871775804,0.7789297193821725,-0.10467634120715016,1.5052620977776334,1.0571901787233378,3.861010038109878,0.08449158002170669
2021-09-24,0.24826711741156288,-0.07324121887831475,,0.007274097031629825,-0.23325914635129308,-0.889665213963458,-0.019229110049575976,0.9110978202003981,1.340523363003048,-0.0024232149584888364,-0.08106285041108452,-1.9253406327036806,0.9468738624887263,0.8541976567332438,1.1900909325261821,0.011739973281416103,2.8036985191622836,-0.1096825840764927,0.04458103431968977,0.003935399054001126,0.8283407211942261,0.02897546231805651,,-0.1804866428538232,0.48941238094462014,0.006830869958405403,0.1655071325950746,0.28606684832600954,,-0.26902599936797184,,,-0.6008106337495938,0.8250221066335585,-1.0394749936311625,1.5350057033273874,-0.11873633218697471,0.8028333917195333,1.5272291843371675,-0.005705951638562107
2021-09-30,-0.834883036573141,0.2978922906612825,,0.07473716103054658,0.03361669570674791,0.3157184564596657,0.026476126636030245,-0.3750953226542242,2.43690735423889,-0.23975884947141868,-2.0083338376152278,1.5224067135306611,0.03831088950888002,-0.02296508946236627,1.2435920686069257,0.021205386623257716,0.09021115853500929,0.48316283014346156,-0.10239484784210828,-0.046042169594181996,0.6641235690233143,0.04189302585129653,,-0.7154044009397633,-0.02151022295864118,0.0969320364623719,-0.2778146799299539,0.20672588594596747,,-0.1512217374396399,,,0.2829851188972059,0.9310309315306529,1.0195464645863115,-0.034150954833018436,0.04922008565158009,0.08177081905154596,2.941044971498803,0.5337929761407861
2021-10-08,-1.7717139442447492,1.6259346654766509,,0.5964868518798063,-4.4222956757655325,-0.06165253234093375,-0.040114056435858955,-0.07309257373359984,1.2019284387558953,0.002915599865860031,-0.390778097259627,0.5388523289546562,0.3942441124991265,1.0803984426400601,0.3366725480829294,0.0062296866176505495,-0.38646015564624275,0.07283140860123613,-0.02825228490729514,0.022768073624996582,0.31243079713268035,-0.3168305631481903,,1.7811748643122298,-0.005564827192712896,0.07281214640099895,-0.24448229461623977,2.2864426679092733,,0.13099113198501156,,,-0.5486470835283148,0.9356406330615151,-0.15175187244152039,-0.10046829012844595,0.1174979018130373,0.3876513714151321,16.87172807622617,0.10364874835953045
2021-10-15,-1.8008208309084495,-0.18215146421220613,,-0.04567638931474329,-0.018651894977591833,-0.25731958344232086,-0.027732547632228776,-7.110455470749705,1.8166875335764001,0.6238122996531138,1.8013869942209952,-0.28335835642530927,0.3106359855459555,-0.05765051010429186,0.635084952359799,0.10058385457259277,0.5861126019050614,-1.5101647164279706,-0.31083255645932917,-0.01789022368201039,0.7726148997829972,-0.14294832812932973,,-0.24422987313973102,0.3704398702712652,-0.26088589037951865,-0.16119720026512127,-0.09481597575802932,,0.002782196775132771,,,0.15594847207370804,0.6958448239781048,0.03052274843892119,0.2695890194773641,-0.0029444306513274378,1.1745595020758777,-4.576172292967795,-0.6077671041643616
2021-10-22,0.04261841801198049,-0.16467365268023731,,-0.22782274085971235,-0.1511901652620461,-0.07323480496358409,0.041445823749450716,-0.778688499876886,0.2004565604194244,0.9599322394731711,0.42998076514701267,0.19921494794904238,-1.1469687850846348,0.04969904955923009,0.5604094976108138,-0.003412588399690409,-0.07827134723384493,0.037535446632593006,0.11748065322613101,0.08467203582984663,-2.722611336830182,-0.03811326363076893,,-3.278435712892069,-0.054062018481013455,-0.0002981312221123101,-0.14950469253734086,17.437310941195246,,-0.43170589556031813,,,-0.6189157235446192,1.4381260207263535,-0.12570652818425887,0.11781110662701176,0.003557309004675566,0.09285829772002994,1.2952327338816019,1.6731286349684997
2021-10-29,0.2084655434153719,0.012667516542462814,,0.3736456097505901,0.34965514805619835,1.0826427595991157,0.02223515877683804,-1.106943791487767,1.879428019042744,-0.31405592132631427,-0.029928425829158084,-1.6149910988040925,-0.008880443516627506,0.06155523745166317,0.6874634152300787,0.08682939724912575,-0.08673353666181893,-0.21564333509423506,0.004468677274254407,0.6101318052519978,1.7467514702255946,-0.3883693755181917,,-2.1545583882485277,-0.4541280987016795,-0.00021998829046287834,-0.03207972788886756,0.14589832038522355,,-0.004083080957895711,,,0.0950097578382613,-0.3703688783795436,-0.13167574908243831,0.3692517430301483,-0.2168183153863177,0.41568210708341496,4.193261294521551,0.0034827989618706756
2021-11-05,-0.652941231629439,0.12736883933703397,,-0.016825518378923154,-0.029538318134700967,2.8581264424193606,-1.3271040335439097,-0.14950429425834105,0.1851492998298496,1.5158997939084549,0.5110304301991553,0.43215095823619526,1.1172876274400605,0.07745898299476678,-0.6417159851040479,0.005450497380263842,-0.07844036533810689,0.21725172720756808,0.09426598460998868,-0.06673918292546324,0.6206782916313994,-0.20437809210962085,0.11539031900706329,-0.3064767925349523,0.0051754680611143635,-0.00032500916842985016,0.12421919859951477,-0.6174897332088667,,-0.0710955116005999,,,0.19431965648440327,0.1196405499861107,-0.00653503919991176,0.02661761048745695,-0.031566884165508506,1.8503090567810474,0.5830169657550672,0.8419052656537025
2021-11-12,-0.10415119784891905,-0.02419447158467639,,-0.06309917219764681,-0.5716327964402377,0.428536717627915,0.24381335025512996,-1.1281201743409603,-0.010482968502658285,0.35351129107661033,1.839528903640225,0.18123870156644323,0.03998240737730976,-0.013062987356643643,-1.1386934833283322,0.02672571760938138,0.5706145672561512,-0.24906014010126087,0.011258670600354863,0.16751250003839957,-3.836426972673548,-0.7794030547496642,-0.04875370978386774,-0.3951095688422825,0.05378447987558499,-0.022752541214609942,-0.37892729256913893,-1.1010693188534988,,-0.7916070340246947,,,-0.48404421317063095,1.2025817383856898,1.2865121830006476,-0.025632857404934872,-1.0608006196965132,-0.3963883190824681,-0.17665179987575053,0.38053032429691636
2021-11-19,0.41694346382392183,0.03183835505159675,,0.00010233945768002819,4.501939622086206,-1.4714328208648406,0.08815336968905665,-0.2250979736109163,-6.225145556352656,0.12038461978972731,2.15388676383753,1.7271497517990233,-2.8366972120351424,-0.025930609179281174,-1.2313240427712733,1.2537270561535176,-1.1223433414483535,0.009349893055932385,0.0007969554810626371,-2.501262315169847,-0.7508379494948155,0.06760868555250368,-0.13537225836300804,-0.4411682331578329,0.10686964229582618,-0.011794457443980775,0.03608817452665683,1.5366311630375085,,0.019801011263724525,,,-0.3624632845624626,-44.48227204791691,-2.6838049212991337,-0.608703955319398,-0.11807572787622299,0.4480305841334825,2.4270073836610844,-1.0481038867493222
2021-11-26,-0.08854913671549614,0.009625080739208076,,-0.09131237761027716,-0.5157399452073888,0.011629776392498459,-0.03162529543492791,0.8264399659873337,-1.8228878741870738,-0.9845905495761108,0.091771461870965,0.08686038176993005,1.6655409350854213,-2.331871764091558,0.07826836640843997,-0.044310079525335624,-0.0594959390822631,0.2024416075832922,0.053024782921302666,0.032289506249087586,-0.11818068295805748,-0.7398352895625899,-1.0983369412908426,5.2833157171936165,0.2490070422737591,-0.02288294990156275,-0.2664131138801083,2.8078211685815555,,0.6828011124409148,,,0.8887249085123679,-0.34244468223132585,-0.10000366286378398,-1.0355229761009188,1.9465264312180868,0.6148224465469235,0.18849804243008159,1.8462982304414186
2021-12-03,-1.9030143485085564,0.007566533907862217,,-0.20762757530755932,-0.18007364963518838,1.4921975213746117,-0.049472786275813974,1.2672935135932049,-2.2897118148077333,0.6217153973599205,-1.7802856259395474,0.0761527005501295,-0.27188808411391663,-2.8967680585319407e-05,0.8656356870008505,3.3115243566860895,-17.821314766643148,0.024387776073572457,-0.010454375325160628,0.0077946526383551795,3.314198396761855,-0.15224514259451205,-0.02404333022579957,1.2854442890427031,0.0996850564653514,-0.003300195489318816,0.27867265996482443,3.4250640611479826,,-0.578063025402686,,,-1.2526646750247639,-2.451248036863592,-0.3001495343693335,0.09806081407461417,-0.25911219304433913,1.4133322607360448,2.1797815559115286,0.11432425179205158
2021-12-10,-2.1260108071308377,0.23117690483488837,,0.006793206636503209,0.1497924672335305,-2.0842752075815927,0.4276930196177353,-0.19973617549344444,-1.0241003339495531,-0.09958544510546187,0.7009424938932758,-44.019549027526274,0.03542589689429151,0.39287052747605256,0.3425545428318363,-0.03526471166429763,3.7454428791576975,0.036792599687824806,0.024530552085805343,2.8068015612784603,0.053988037878129475,0.0044674535505435375,-0.005161845452891268,-0.010662559684151765,-0.002523238073605598,0.04923794643690117,-1.1113649823763403,-1.1994303956035468,,0.6420154791734564,,,1.53922766967961,2.5466361270254003,0.5237317910332829,0.7346628832789917,-1.1443205023868528,-1.604810421309943,0.22632341426168523,3.458788991911419
2021-12-17,0.11835047155798288,0.1607686735360108,,-0.21531756569785154,-0.27977146753491666,-0.006200876301991225,0.40922271137668376,0.11160296193685296,-0.04816079949502555,-0.7456623961210405,-0.10565936273822231,0.8580254402737388,0.23162899639449974,-0.014293869920721295,0.09297402447637805,0.00483552883646971,0.7293260575112113,-0.520978267201021,-0.034727533377482425,0.5809327187404814,-0.3858904814934696,-0.850236695560009,0.8415059506000067,0.25673810193599905,-0.35116385469813655,0.03352335332545631,-0.6064245388564788,1.2067744278094685,,1.7074169970377508,,,-5.33991218901443,-1.2117230277483069,0.4771193316145904,-0.05700274997131762,0.6745088998866734,0.32165881095614635,2.2124461000033433,-1.6339392398996853
2021-12-24,-0.9893232133673855,0.1702482878235861,,-0.00014998081739900511,0.02762513513111508,-0.5651632423360049,0.24693344689417576,-0.34448404438831776,0.8983585878267257,0.6392507189560349,-0.3751937417109038,1.129189126204428,0.21682555251388974,-0.30281138579747063,0.11825988063429234,-0.0525996029000932,0.22802472255164913,0.18103533417975337,-0.0358064833316285,-0.1480258469268555,-4.728072271724493,-0.21596935312381038,-0.06340981502520614,-1.974555051090379,0.2825213127988762,0.002319978230337044,0.3096664229129711,0.948398840056947,,0.6689611503263538,,,2.0942425922819172,1.5068323104347423,-0.06335858262160327,0.09399614873574637,-1.2986887378770768,0.17478099986129841,-1.2916460110262018,0.3665769364724899
2021-12-31,-0.737392268055215,0.07799667472886654,,0.008441419590634604,-0.11877488101030892,1.1903433672419528,1.5206827933484486,0.6376382882601727,0.10645917285047844,2.670636101492688,0.14260947878322533,0.5157187552999754,0.23657612803376904,-0.8119467807262496,0.19915918485221296,0.10218685854516754,-0.28031925475751207,0.6124713436434204,-0.13862839459235138,0.4129562228077926,-5.1729997364657665,0.2398980381732159,-0.0008165743583289546,1.3742671065624001,0.006153308594857322,-0.0005200899889331634,1.789258953759868,1.3022084410626813,,1.3727973003234217,,,3.0432601031597613,0.4078479341321668,-0.048526886261004064,0.45540293025836054,-0.048859982031215304,0.2879652414073387,5.803124765139523,-0.4470057479373321
2022-01-07,0.26850173491528906,0.0678958343615616,,0.012213146314395145,-1.9900140952193266,1.12232992064256,-0.5348093785254351,-0.891565459891693,-0.316975624452402,0.5190275423378942,-0.0548344717226571,1.0834895565943097,-0.014842364830979867,0.09519035751549593,-0.5936248607982505,0.0011044516229526415,-1.4384750968302558,-0.37689089045993973,0.01913092237503122,-0.11825974517103102,-5.38764636320651,0.061557675672752235,-0.013326350675910262,4.522349244540678,0.12974962789528033,0.5260733366144882,-0.7172154070417976,-0.3353802681848938,,5.053362713645101,,,1.9079300714639085,-0.3547022304176416,-0.6467372048478247,0.9034436497348355,-4.866757081103938,-0.7154186537222531,-0.8283487636534322,-0.04634537773038495
2022-01-14,0.012658253533927763,0.5756485743587578,,-0.10577617138624167,-1.019738888422797,1.1422018179060252,0.2731429737257495,0.7689446404237013,1.1656752119229912,0.09760886560956662,1.2242069130480864,0.05879761598210378,5.758714552470954,2.1574570040548795,0.26679833038697237,-0.0041855480368112275,-0.25724637485028606,-0.02360689085708686,-0.020701440058642794,-0.35535063511092446,-1.6296662342801762,4.970273929913749,-1.1876132683675182,-0.12400644177180872,-0.409530998363415,0.1370640751390032,-0.2101660221997714,1.967113645990741,,0.7405556813489677,,,2.6168099269489726,-0.12745306304144208,-0.4658112942011962,-0.09431292466158686,-0.05025779600132096,0.17692942419680585,1.6381043744116164,-0.7382696090053696
2022-01-21,0.9090456123141073,-0.031189705349718096,,0.01987608346099889,0.33279748494104916,0.40438198574284634,-4.954639507007555,3.904877127056914,-1.5198753594526748,-0.17944438539215274,-0.4318497966527004,6.260438808967226,6.522675453709991,0.021359367876797618,0.5643232863749192,0.0021442698163849673,0.11507095202510548,0.6315526673508983,0.00046131825780327206,-0.26545409091170596,-0.5603737529234748,-0.062044775654442726,-0.005022687985663673,0.08913345725787195,-0.08394670153247638,-0.0004766569786278229,1.03640794120725,0.30196407140373366,,3.444683112359982,,,1.8300234421981243,1.1201273041060085,-0.31822482850916356,0.2509623161464397,-0.11514312516838954,-1.9396672428660409,-4.069516056388311,0.24132957804072988
2022-01-28,2.7307469524938766,0.17532451258777473,,0.00011024739510345138,-0.4803813089542767,0.2565478152099553,0.8853402562789602,0.14606690128108618,-0.9878830565312371,-3.312147994516306,-0.8091148967693541,0.10054576041751465,0.16231296012596907,0.014913082826172345,-0.6920359287143414,0.1432984382981076,-0.5143000453220461,0.7010344951389899,1.2093169083322646,-0.1903694317867985,-2.730179213571656,-0.3795380756776184,0.47091964206058257,0.11772255833753344,0.00945321574671758,0.655891238604425,-0.02159097514268926,4.893389194725957,,-1.4337099449342932,,,-2.307245241315141,0.6639462066352954,2.5351621786493475,0.3725362173051019,-0.36662459804843056,-0.1276553240436138,1.3185200565609534,1.629404415033472
2022-02-11,-0.7711938969104208,0.05828835865821283,,0.1185269532335433,0.35921451751772127,0.041805923043399,-0.10337251887887587,0.2800182260417922,1.6429239660842376,0.1599627526777153,1.5466043163960648,0.3011306401081245,-0.967744896573379,0.03739561941296719,0.016169558512787965,0.009308787366411858,1.6740813603885187,-0.024961923394362623,-0.011648179772786291,0.14473366628992057,-4.507108924427528,-0.6458307830193126,-1.008480848658259,0.9112480053143104,6.503513336824263e-05,0.06130099248826662,-0.6660799143642909,3.850512294789652,,1.3710673026208189,,,-3.8665941582493426,-0.25838974256677844,-0.04055677288129836,-0.12728194905570236,-0.009724851587000007,-1.685624519490768,0.5794843293255727,1.3535749564912039
2022-02-18,-0.007014149487469458,0.22004824625174998,,0.13079755919276606,-0.47201920216198845,-0.734573241488743,1.866713002134269,-0.6073708931666015,-3.296728625770625,1.4467706710430774,0.1489824107306637,-0.12902131640176975,0.010599747486411418,0.12508886475490852,-1.5993620187464574,1.1536190200540994,-0.38568675368335537,0.0305309821395659,0.002269747507299932,0.15840847289887333,0.1319723408308177,-0.2609085507483948,5.2348723877169165,1.4719817642035826,-0.059380759766871044,-0.2711125438652807,0.07763041284609873,1.3906733470537982,,0.16483166277490918,,,-0.22746426521807736,-0.3525332793461237,-2.0374695312161912,-0.37910274235205754,-0.017574666623485002,2.021452120886138,0.9673206155312067,0.1887443458819706
2022-02-25,0.06673704068720526,-1.602376383879872,,0.0001901274192526101,1.0184295573778697,-4.1250502878348145,0.6867717701823468,0.022233817093209082,0.22828162566011972,1.0775095304286673,-0.03946242382391741,0.14053909836989245,0.0879889992739513,-1.2918458634717813,-0.40830685466161376,0.07213723042024005,1.5726252237717766,0.017022336312122528,0.006867318464658233,2.282503687012769,-4.883752106157207,-0.11910681692995356,-0.126211334642222,-0.831804062431836,0.29671519148179215,-0.1713420094561281,-0.07325667646878545,0.21492667787980696,,0.0966289521437877,,,2.864409029633773,2.4319069342036603,-0.014394370996572047,0.24616788017380356,0.060439783731503396,0.2782061963092878,-1.685441329751201,-1.0457681978710427
2022-03-04,0.6065441608049774,0.6171575345492131,,0.1143661700723016,1.41711505794456,0.30944511192411006,0.8661861821320678,-6.056364670048061,4.139344956371128,-0.33537354357230525,-0.5473090782538643,-0.06608553789284102,0.8583470997978685,-0.0020901583552139485,-0.33605769910929917,0.00547470759523907,-1.7764408519165207,0.7045118328176609,-0.4149657137242618,0.9241037235898417,-0.42361263981294733,0.10192416390770409,-4.726716527105332,-1.5796478905470193,0.41425554951547955,-0.0003957409405910212,-2.7071783657962762,1.432302022505148,,1.6889461650261957,,,-0.41922205606628066,-2.6767505622242673,0.766037354128372,-1.0049950831594077,-0.18539856286687076,1.3231273924172111,-0.33055681083443456,21.458741557447556
2022-03-11,-0.32527534720960355,0.3866711058771143,,0.0006945810988786749,-0.11815317548599705,1.1332117942593836,1.4840370930962599,2.29358438755889,2.0099837993271796,-0.05924171055129687,0.22871805131297054,3.7287417033832813,0.06804725534056,1.9212707958079953,-1.5932104525509447,0.06971303126096826,-0.5162838773752202,0.8315319763601017,-0.25700676098247976,-0.13910159892247945,-3.575128440434901,-0.08379039666309317,-0.07413754359287852,0.41462748802789856,-0.025024934711977725,-0.014848425153486385,-0.5381057187072746,-1.0801298010295295,,0.5902182297109779,,,-0.6040186484656382,2.781546952416313,-0.5256129097949278,0.7782506702079828,-0.010129046671087404,0.07384073432921362,-1.42815100267022,-0.00711706955012176
2022-03-18,-2.25667578767316,0.027370524379601333,,0.00030556615577534483,-0.28172369244115647,0.09786111062713118,0.6821833680906048,-0.05600062009940484,-2.331102906295186,0.13491344098282662,1.9293719642607314,0.141590441940936,0.6682256681666705,0.2535237344166088,0.01894670547332098,-0.05331310126377074,-0.33220090563524246,0.08435143239730418,0.6578127061117275,0.0160214352095409,2.209829158386041,0.32634607797423965,-0.2707561127599457,0.7413468371576322,-1.25018851042246,0.37696068653626946,0.04013513433528744,-0.8139569816243737,,-5.519012315722988,,,-0.3019884067963683,-0.033210971945030615,0.5080015122842393,-0.0822675049094333,0.13881736661948274,0.27886810025292674,1.7080658212522188,-0.4853613073893028
2022-03-25,1.7245807581559844,0.00932997845647506,,0.06263127167335399,0.7006765663036113,0.3112136388262963,-0.0908328874928537,-0.7808262672315971,0.1541964018109112,1.3183424490764386,2.790592888585159,-0.6005606135807393,-0.1754959395110185,0.5156245711687162,-0.1608877557677868,0.01651279468104511,0.14683255492118077,-0.48364758811434627,0.003297748842360935,0.7912848796364094,2.9396458155983094,-0.7922563101263457,-0.7058246065094467,-0.5486611663878785,-0.9556026165732131,0.029887861327999463,0.2703202068395043,-1.849176121219687,,0.23635548014843033,,,0.6754735035962249,2.2612130927314738,-0.007164637313375984,-0.8722849064690424,0.06265704824441853,0.3733101252386024,2.7865610140840746,0.028744585202155448
2022-04-01,0.42311819446252785,1.5456772419956448,,0.0002434911935840336,-0.06710639420383759,-0.6659431913737939,0.13651024418838084,-1.5444674964454468,0.7953964843431622,3.3560153659098613,1.1738609006799356,0.005348680698898577,-0.4256487247219909,-0.002192558331182178,-0.04591885489773684,-0.06801171171071987,-0.3078563104414219,-0.1358099323092624,0.0077327219805216965,-1.0586092906608946,-0.029117836585717316,-0.9218395150350978,-0.004660291337410409,-0.8889549630205429,-0.4816398675650453,0.009724651172149695,-1.2373366229525904,1.2506636931100976,,1.2631797090898464,,,10.688337736043371,2.4483309011847365,-4.509010145413973,-0.3014346103334698,-0.2716982810619111,0.04445509979899929,5.642806883497165,-2.7787106299811515
2022-04-08,1.4910973095408868,-0.2595500052427938,,0.00027830309872776076,-0.37622810548814895,1.5030594811905895,0.30146050518258094,-0.6324083364402198,-2.514987047276715,0.9769929096735213,-0.7133658205420769,-0.15028377169884563,0.5513887035366377,-0.662577030817906,1.6224993717825298,0.4152340352286441,0.24276007827840548,-0.8122349011506128,0.044881258086574755,0.24647198575189358,-0.6265837766027664,-1.5185868583894535,-4.86974468325001,-4.548760760598034,-1.1188156262935205,-6.191891835095743e-05,0.34275512853154905,2.6880957184705285,,0.9397379585536932,,,4.424524499888413,2.86868700586212,0.03737148097166371,0.03559772113901249,-0.2547584453434368,-0.0875370010271822,-0.8115619007325026,-10.812294982004993
2022-04-15,0.5804578664172265,2.3912917040845403,,0.00036578161175591597,0.276846167648696,-0.057091697808807004,-2.5328729688722547,0.02882779173850021,-1.4559731000466072,-3.0202500056282275,0.8960349494586413,1.7580338954263413,-0.38780564089740666,0.12168037035898703,2.031338751324179,-0.09846618584670647,-0.3234070899368644,0.2692192707514092,1.0518052964055933,0.39778429009967525,0.870788733481341,1.2098289677756213,-0.04716894688379006,-1.6274751162957923,0.025119684335967646,-0.008348149665150463,-0.03374989368882288,0.02333511316290124,,0.9716705357787445,,,3.379285331866552,-0.1829969851800137,-0.8088913489324965,-1.7934889005926442,0.7806447794772736,1.3674190827014223,1.7177114718012918,0.2675253047867081
2022-04-22,-0.3533843219041807,0.12871053038661756,,0.01704928879645115,0.14580735135374578,0.16763341472308135,0.5437088416790221,-2.103209283694269,-3.6822987448959603,-3.8178635909674483,-3.821957201595105,-3.1542246377333165,-2.0259733552298567,-0.7366787542209865,0.13615777722451142,-0.28911192803543106,-0.4533575989297218,-0.07009345421316882,0.02345463505110228,-2.106984401565415,-3.1361892990694096,-0.08144796748415795,-0.06116916939978932,-0.0016058181465998002,0.45390563836205283,-0.00039519719543507705,0.07403977243526809,0.30987581633388667,,0.8798459741108603,,,0.6452149959075011,1.4261729044171045,0.05269164276077735,1.591612803244875,-0.1933983770593368,0.18103264963259133,0.1404306821410704,-3.067942979319043
2022-04-29,-5.192115024243951,0.03162351969966724,,-0.02655372199545549,0.725906995541473,-0.7560086429701133,0.03238414588438835,0.06787860813845387,1.1137273582680947,0.46972060461050696,-1.5405397025352805,2.09073520155392,-0.8684859524230696,0.08222769959586426,0.16088057165536257,-0.2657297948826103,-0.15746187278634946,0.010834696292552846,-0.0008260267211401411,4.957369657181675,1.369583441149299,0.031095341532716855,3.122384089959539,1.06784152266507,-1.8270246378817778,0.13803334440598203,0.33618104892522227,0.10834896659985961,0.0005050175289306199,1.0581849225150621,,,0.7656544907684656,0.027771267686667517,-1.6958975850179963,0.09686629308331945,0.303304174887545,-0.5185125648465627,2.218546679855546,-2.634491587022628
2022-05-06,-0.7090862860619529,0.05254167753228202,,0.00017578253581018583,-0.02761832270927617,6.466504354818635,-0.017671595972551905,3.2321517178087147,-0.19405336999750059,0.20285178839819992,-1.9666511400157696,0.19854892129707968,0.3004438610421463,1.0289481175120505,4.697029669157514,4.921652441082763,-3.968985594445325,0.0037249592946946852,1.073810770174766,0.32526614155308237,-4.75831531975047,-0.9234300222621703,-0.7774465804059553,-3.9489166131031324,-0.6790168145933576,0.013445110443377654,2.326125479557355,0.7906854109096657,0.0036117618810025767,-3.0803075988527397,,,11.6061907330996,-0.7908192200443844,1.0562931131136561,6.804863697911355,0.030666308410396224,0.024755058127644225,0.08851226910330878,0.2870237591597434
2022-05-13,-4.173983946688806,0.10389057722971742,,-0.012937693302497902,1.9826010686835043,1.7517989349993965,0.2298368344782193,0.18212357327027837,-3.729644974666089,-1.8482590651052049,-2.835727018978569,-0.08427856894389896,-0.005450131432315111,-0.6359233356091565,-0.23086175949689364,0.6991321342908482,-0.07075960550305888,-0.029602846442871575,-0.0613158646425947,-0.05243197966911123,4.347118997672737,-0.09606610355883938,-0.1169464389155616,-1.6604858488779797,-0.2750860123591854,-0.0018766150796079779,-0.18600722821607651,0.7060076579992556,-0.004789393831352563,-0.1773701537941552,,,-2.106051760482331,2.0100171102571895,-0.23132733859591445,1.6093245029099346,0.10474581814236775,2.0388956773244904,-2.853908240626293,1.1316369218323648
2022-05-20,5.354081745787654,0.08952342507990223,,0.74326290240077,-0.3165519478354537,0.013450925663382176,-0.148903613021292,0.04686446259450789,-1.8412667574268113,0.24243535254574164,-6.627429314532382,2.2049199423695502,0.12805478615311783,0.22302882960789916,-0.4100485445774025,-1.7885625648485923,0.11280000775211009,-0.3189650820437288,-0.07175149203365071,0.22221450507786245,-3.5607455979474727,-0.10315268832556343,-2.170459953249694,0.7352958080702623,0.4482564192347718,-0.03410183635872616,-0.06067738504171952,-2.614565100267536,0.018684964898101612,-0.23118589435706624,,,0.07316764336781931,0.003933694089060774,-0.29968103365893706,-0.18830168459697535,-0.014187844539557404,0.04980254166758525,0.7299503024451723,-0.25436928004241793
2022-05-27,-2.8037546341058817,0.036306611451191385,,0.30020013954608393,4.503641238165101,-0.19386425576184083,0.6411197032928834,0.1275159309244599,3.1800024355440852,-0.2377232611456556,0.21480512638190985,-0.7491677683926746,-0.8833708241385156,-0.23310120391658545,-0.035638823480510035,0.27154804474935024,1.0499220110806244,0.18461352419870306,0.09417842174759268,-2.555081685953801,-5.751075922904587,-0.046125652990735025,-1.2505241437037378,0.28544549134514924,0.02819295063107302,0.023019334412607572,-0.03780568181342355,0.7205122487752248,0.0014247369146270625,-2.620655726207161,,,-0.6907289921520883,0.767584284387395,1.6978406510137027,0.2661137320945999,0.20368906065977987,0.3883817671991969,-4.364577741350084,0.2518530454697978
2022-06-02,1.3342768273930625,-0.02506919786581646,,0.16600770734439255,0.5530231120447763,2.1675715435318157,0.3184164649325774,0.4273966486880325,-0.3108016659914713,0.8820871744674161,-0.3766777835489967,0.45905127832840376,1.01658179192626,0.625905865742379,0.5125351139169002,0.03364347701673055,0.033481037547547346,-0.004580773710066081,0.005986339613163166,1.7557976282073624,-8.05313944921175,0.21383402345408797,-0.06419054725942841,-6.24267555802354,-0.23248797665546594,0.05539544279779242,-0.16561972091429603,0.3676147102201594,0.026707536696168786,0.9166870817307343,,,-0.28501251897359087,-1.0571697761100318,0.1469779273202042,0.2905565345073873,-0.49443950986945057,0.832391687538683,0.16601819182873062,0.2988408783969931
2022-06-10,0.7864361447479915,0.15398839391585534,,-0.3020016824126544,-0.09624476028658112,0.7977349356652607,-0.026706326251831596,-0.8212345142299599,3.615364577050249,0.10212370275940563,-0.5568481435974982,1.1448313206757663,0.2544494316067254,-2.1673895368791003,1.4982789765656155,0.05209774028529901,-0.2247231016012805,3.8505520135982336,0.040106557200525444,-2.496792889262138,6.778106436036369,0.1948912244319616,-0.15914570544014564,1.9441649964143524,0.29752308598136323,-0.001072533110982598,0.11111358905113622,0.9732693620255615,0.02521964468102652,2.8077965687526985,,,0.6441912799498115,1.0231640899165406,-0.5052525746441577,-0.4405387409804714,0.3604994927209719,0.4972028521744251,0.4733633969370797,-7.611428575635048
2022-06-17,-0.9132497959876119,1.4379574138140676,,-0.021238915199743805,2.3328772025088904,1.217980479497817,-0.08245739854655626,-0.9410289313924318,-6.472501185223942,1.8744930046153943,0.17425524531269504,-0.07489897552234087,1.684976594826106,-0.16755581539130418,-0.07804232339595449,0.13679961762991993,0.2337235635086204,-0.07550798867892383,0.1350739410669296,-0.49473824382653186,-0.48487001459393975,0.4417452278327061,-0.25939559205316365,-1.004718505902668,0.035469758063759634,-6.468240975590114e-05,-0.4744207132427519,0.5385594200984738,0.0016720291000949996,0.06614633425928403,,,-0.5943216506482395,1.126297066050571,0.07803898624641199,2.8387405961967027,0.35143015293006885,0.2039486569231355,1.3907373396905442,1.2257567588610865
2022-06-24,0.42172293949488726,0.27846198194074834,,0.002723215930290754,-0.557272132216407,-0.690646505962612,-0.15431238620614357,-0.6224025061010326,1.395973563987248,0.7058511190007527,-0.020221189746984104,0.08627917583429948,-0.13179506110396175,-0.1484908514074092,1.7777627669051246,0.10744658645422919,-0.9133301771108102,0.0828649309228239,-0.07819945687436959,-0.10141404637380322,-1.4907488863035192,-0.5527272161865333,0.0505789504376106,2.383467403050361,-0.4698493809868449,-0.006773104133125789,-0.1268535174048991,-0.033066965025605535,0.01189606573177717,1.600549697424175,,,9.543563759648636,0.47720635030729674,-0.869606466148606,-2.1496548971060445,-0.44576035798215496,1.673337408214402,7.900878879299893,0.0663919451107925
2022-07-01,-0.8944974714633918,-0.04852391316143254,,-0.24284426238705312,-0.19136247233286166,-0.18428138898578883,0.7577364441562421,-0.04133267945166437,1.3117406634299202,-0.008019592037004752,0.7478262737479703,-0.8014152175479952,2.2232430016954026,1.1772350422301536,-0.0988899705662088,-0.011830278189859354,-0.08282242171967245,0.45842160212293703,-0.0765400082264683,1.363190281368083,1.0126217151830097,1.1101952899343466,2.9304181925829935,1.0134941653893028,1.3536224110312756,-2.90364159715553e-05,-0.17221529966686525,0.28430792168494334,0.00139658336647957,1.4954574076852925,,,-1.1830021870450198,0.052301850772498194,-0.30799526160931134,-1.150331247093593,-0.07853450662071919,2.412244886485071,2.9798529968185377,-0.07639501184296417
2022-07-08,-0.07163362924970118,-0.010534245707296788,,0.06870895812163468,-0.029508437525271047,1.4629828165809773,-0.09680063535379038,0.31024463609537356,-0.905756256286075,0.10598997273763303,-0.021334056107901872,0.45066820450436845,0.10545855503150141,2.5466732943520918,0.8563930646014886,-0.022978247787871383,0.29194160556509907,-0.07992255660563075,-0.13797708187653399,-0.7006725980369639,-6.075888539081113,0.8176554747380972,-0.04307704705728319,-0.07241715697793685,-0.4023305435186475,-0.07313222873812238,-0.11880720050808738,-7.909423088296919,0.0005173321396190893,-0.12594940604680618,,,-0.3418211436944098,2.5898440489534087,-0.4875725022108279,12.122997197614433,-0.01845791979112983,-0.3063034356825626,3.8234359169463366,1.3787818198504997
2022-07-15,-2.589534144540483,0.04474324170094047,,-0.013696001927660545,0.12386863726792602,-0.06297444888817796,0.1629748594281298,0.006568532412335771,-0.6178166990469278,0.40736766947884856,0.30972043038551256,0.4793847952458694,-4.989366569823117,-2.7117157760615553,2.3389885319021424,-0.02392602260012574,-0.9556186347631608,0.4216731972024157,-0.8922464241047654,-1.389927822146759,0.37951283533685826,1.2891005453289397,-0.09800117045070574,-0.1262462625457007,3.1010469775920892,-0.059197057133689814,-0.10949624433728007,0.6209692945087695,-0.034566014336332704,11.12032424336265,,,-0.35338078077118096,1.2828359868283687,0.24076242076441928,-2.4593972070653503,0.2557103674148523,1.4735280075551025,0.8546344145332798,-2.1464515726502142
2022-07-22,-4.019481422562281,-0.05902065659574744,,-0.048945151505545834,-1.6258433854931702,-0.5258772160403674,0.01721855897437307,-2.407060546185877,-0.6596595047783042,-0.3520313430722291,0.5958908557938782,-0.9430258686871225,1.7385420141730912,0.5515364098327359,0.37583314522696,0.0844114691290441,0.08471081000294131,-0.11764382669787424,-1.4510587443436427,3.164253812085943,38.85373747744299,0.08443629592181635,-1.1158874860102461,0.12197987515155517,0.46142417635417676,0.05201357782896393,-0.1754232424449154,-3.1471861849461,0.0021557472541603503,-0.23046733777655626,,,-1.5700332152448346,-0.7776334052884484,0.2962119453931922,0.7253016713718933,0.14380937706944363,0.5672884761877476,-16.70672533799113,-1.2811979573232515
2022-07-29,-0.019420524038889053,0.0010179699447816892,,-0.005995332904100106,-1.2167782757998304,0.12210799094605954,0.19418972274158242,-0.22327719751852593,1.7731340085197453,-0.052111020492676505,0.9268404669286554,0.33904223273796563,0.21349986503905516,0.03991597450411797,-0.05350492632216769,-0.13458192737914984,-0.13381335084595516,0.20516916544610864,1.4241479939045605,2.0628496059092165,-1.87880548299022,-1.2754540699029921,0.1266742614976648,0.4109301295056817,-0.5118258626771189,0.018701586066193973,0.7521872012088688,0.48114910864303473,0.001209020651166563,-0.15996971572331176,,,2.4315129773607715,3.915692891297767,0.0766535088755338,-1.3332566150301743,0.11874286550199746,1.8827285789377988,-2.113862748212262,-0.8478058174369838
2022-08-05,-0.9215427968540613,0.02448479352536093,,0.14101295555824042,1.4456668943611644,-0.2279525443487712,0.3605405472801473,-0.5655934052855212,2.8099608346449276,0.16973601466990232,0.0005698245859815376,0.4147496124119503,0.6326731606916638,1.1168001137400523,-0.644354801206853,0.005425962429805564,0.14100028296886524,0.03254234073099417,-1.294732895187298,-1.741311834705125,-4.379444175842366,-0.08315648684943648,-3.098508593603131,-0.5941355298384772,0.6018393778606537,-2.590935767387486,-0.3074961047830699,3.7274199419450804,0.008258622003485424,1.7242059673680001,,,3.3868231906789235,3.234643479013012,-0.1315147615607017,-0.7660118057554336,-0.21449376728334474,3.7588498422756893,-5.85498683166106,-0.3777589149335922
2022-08-12,-1.2173021030779638,0.6860859172847896,,0.8210127050813099,0.40509072094897336,-0.2004824763771354,4.269182349056027,-0.03374478470237042,-0.04609734292773996,-0.6268279543608466,2.490335511717611,0.41235062585407534,0.02400521641133755,-0.009965331771739139,-0.15632358489046821,-0.0027293289461908276,0.24712065466454614,0.8100988309681885,0.029209445114244482,2.341717230364956,-2.8007244459893483,0.5844604986529988,0.5061930561595911,-6.061257518819692,0.2589859905280366,-0.001985682281696798,-0.12045356656229203,-0.1375573209558919,-0.022867442194993592,8.234706877886255,,,2.5727732067528617,-1.5903692488777068,0.01907446622957398,1.339076162232045,-0.11507903692320376,0.8389389670993586,4.4223120657998205,0.1267485662496457
2022-08-19,-3.088366863824613,-0.4564146888988846,,-0.12196401122440889,0.8937612157431994,-0.6158845986885862,-0.5025593393306587,0.11448118983146974,0.4921325986521148,0.7197974589532454,2.079389821529923,1.3321878251246992,-3.587287017583854,-0.8237771042751255,0.04481671482095563,-0.01010027928679301,0.6060986361565041,0.03851482946111807,-0.8511516350295824,0.34870664879061297,7.23988641159783,0.0014945411318789542,-0.25664388936254984,0.2875296470457709,0.24346369715821736,0.01670260471800682,-0.1873308261144666,0.19159035494554438,0.07661158204885635,2.3191655643532547,,,-0.8318117056953978,1.2493929964450743,-0.07181862542200093,0.42435151259684356,-3.8356025614288427,0.11565216031324992,8.272898107698445,-7.405461406420382
2022-08-26,0.011429149270862825,0.32402113563142443,,0.09988317039193487,2.470677895084944,-0.862150718569576,-0.023610136022373312,-0.33549840343354626,0.684345115134626,-0.7674823896563421,-0.013875776548079893,0.07055356095090089,3.1702165831687656,0.39491724937145206,-0.11151762656597468,-0.006232765834119878,-1.6194357753513455,-1.650889371333626,-0.4889415744306196,0.5379525238689508,3.710308073865475,-1.0100198331593688,-0.02744495418391585,-0.6018834504262093,0.3852084791301158,0.01759349050441092,0.08961184622589378,1.1944256201263175,0.06687214135545144,3.7125027892081404,,,3.200272282366688,0.20331237058027696,-0.4346881436363025,0.23232786095925625,-0.039499887026253316,-0.32612737488361515,3.2531347391714345,-0.40742843275116736
2022-09-02,-1.2148042242508839,0.0822626041665126,,-0.009944367047505339,1.2432878218569727,0.05619711453176267,0.1039741367543015,-0.38841266749250175,0.8101923758983752,0.2122978050100859,-0.09294910182032654,-0.9993080234687411,2.2435835304847984,0.054464240257227826,-0.6479804782396926,-0.06575872202324282,-0.5281773162271656,-5.791865970717269,5.8290664445064895,-4.098643974115212,-16.3932535301636,-0.8363452792653043,0.9844808009854895,-0.2209137175172213,0.7170257346498543,-0.00012547887821251833,-0.7086739798127141,0.7013177299894855,-0.06807383729418036,5.534782014798973,,,10.848852631988523,3.350319416783119,0.22536044705051886,-0.2849569368865754,-0.056788589855393805,-0.21166848305962405,1.471543616389597,-0.5729351769335428
2022-09-09,-1.24553918040168,0.04811955167051701,,-0.03585725999190752,-2.2267124535741827,-4.489997925568279,-0.9068875428900709,-0.1220149467042618,-0.575516582825174,-1.1309835567212154,-0.43288497428479406,-0.647222214673819,-0.0499727926681772,0.2119534707092624,1.373455592588291,0.4461729031170707,0.3495291876943836,0.2567983881299267,-0.09796425484061101,0.45923854926159124,-3.8809362255844357,-0.028575232515980462,-1.3314045335249405,-2.0885128901701537,1.7233991194061489,1.1837169118289155,-0.36769960907508736,0.8534163532139019,0.20244266329848246,2.2450652344162303,,,3.251013277061627,-0.5311624636801957,0.03938932166976877,3.593497332574918,2.7726778538745047,-1.1140215221820067,-12.721326101894975,1.0038292623656115
2022-09-16,-0.09690496541896626,0.1191013259752247,,-2.310306588771652e-05,0.38977386774511696,0.4518424247531291,-0.4306733164655904,-1.9049728382776483,1.0311386868532695,0.9979794134187676,-1.7599937612379362,-0.3045411282156512,0.20008632700895673,0.025837025509784027,0.9865553543798746,0.06572989004722038,-0.08768768041869052,0.48674914085910137,-0.26212279985075726,0.33256177146797,-4.907742353956038,-0.09232928894203064,-0.542231421938183,-0.5217822009353379,-0.0031767957133507704,-0.077586020692522,0.6234979055570509,0.020053297387186204,0.05829131771699059,0.36293608470631966,,,9.100357259591663,7.544711543991539,-0.21180968290829982,0.08242344190411806,-1.3830436049020942e-05,0.16631177103429218,2.247189771582913,0.18247264819162276
2022-09-23,-3.1839864191864686,-0.24088524850325363,,-0.03371062499896057,0.21715014842716854,-0.2829103351496041,-1.765091094998897,-0.23628131945353964,5.672653992223135,-0.9211075557065268,0.3801430933446747,-1.8441133142297583,0.07781307889321948,0.02727516763029999,-0.34463158321815685,0.13733999654390466,-0.33539066856667626,-0.013306740210304395,-0.2908484417339905,-0.059195244883709974,-3.599108045487172,-0.139157900653695,-0.014308905870086907,-0.3265810343326626,0.2031569120791755,0.008895402773646513,0.224624194369756,3.51203316673556,0.574617149463096,0.31188712019852693,,,1.0162030053783033,-0.021171133449398083,-0.013478468491943313,0.302240548640953,-0.15432675659220219,0.26636878864512126,4.843110678881323,-0.32481407176382127
2022-09-30,-0.31933208030463034,0.39903545524047856,,-0.015716115141018804,-0.15334816492453152,1.8316307418136057,0.09986045402817927,2.027455483482103,1.7761537078077283,2.1684730799266143,-0.17281388531714514,0.6208261019618205,0.5642655706289286,0.09526828912114055,-0.17191144629494134,-0.008178324263849566,-2.773279125015104,0.08247366836164043,0.31872470361487254,1.4136558331948983,2.347724663094354,-0.6222160835462408,-4.032759857517378,-0.6709825158899676,0.5810434447613404,-0.007861051930749286,0.11413393675622235,0.504155461131539,0.5558936285939924,-0.7830874314497285,,,-7.904670636397625,-7.939597351835983,-0.2878759903517765,-0.5058263276389549,-0.02859154554887929,1.6879873164399886,-0.10204574161414655,-0.0579318549177934
2022-10-14,7.3374779379659145,-0.18828878572670787,,4.925496719504832e-05,0.11168421383988275,0.7644505588297189,0.19634562350613352,-1.8851901818643486,0.1715699762590867,0.2808347322753674,-0.5413598287082104,0.3764040861223513,0.016224737048106924,0.877850431365494,0.0815505874607012,0.018601920993753813,-0.2715658396596512,-0.5762738567956955,-0.040285848329063685,-0.09516541110091675,13.29124955537234,-0.22754649581971625,-0.0782008518540145,-0.42135116876331646,-0.05810288758107214,-0.009580354154020254,0.0040080186872241234,-6.830346064907109,0.0894629256164898,-11.011202597442425,,,2.0343309324218337,1.25791442375094,-0.25568169511906197,-1.4059361620829267,-0.24717171144835076,-0.06443029991993346,0.1701135057450545,-2.1637975849289472
2022-10-21,-1.6391635043630652,-0.646994241510078,,-0.012426013433689126,0.7020800957972197,1.183445028204246,-0.0037807344357734113,0.4178784163783004,0.5830843351800165,-1.4631869448346024,-0.5459161480921597,-0.1640751383259893,0.30770440311941355,-0.0030847186790912452,-0.4425658088524179,0.004206455374241939,-0.1952962995603342,0.2622326982071588,0.5146134427858845,1.0588089566345413,-2.6716261016777896,0.7269874183327725,0.01654374550812301,0.3181626504013474,-0.17418361206849853,-0.38467387844967416,-0.0026667781062023384,-0.0069612551840174675,0.022204318625284603,7.791484823004928,,,-0.22969257343981866,-4.645641106901406,-0.4880649790537228,0.24147164377852068,0.005934390944364393,-0.3293016585458024,2.9868524014956557,-20.267291486824227
2022-10-28,0.7089050023633812,-0.009869457494965907,,0.17932337249773703,-0.07267983424405049,0.22164522603560938,1.2702624916048364,-0.11679622151787175,0.6493967489039637,0.8808661238427217,1.4324681372923052,0.38701844890019715,0.15978053009693804,-0.2136421548263024,-1.158959473653176,0.012312851937629665,1.2078623003052626,-0.011457524106454783,0.12287449823691202,1.3792917743134683,-6.61960616750367,0.10559192684156234,-0.48312370744473265,0.24921351054348995,-0.3376876308215503,-0.043768738613566435,-0.05131350615116551,1.2401916407331361,0.1304652847320438,1.5829682285444096,,,1.5665997448017908,-0.3874549250686006,-2.2701520538556146,-0.30526332694661973,0.014539704633028734,-2.9832208802468423,-0.3281456504215955,-4.104401391887037
2022-11-04,-4.260442560289462,-1.1195096572050909,,-0.004830151930859119,0.5426379204529505,0.035040517653269126,0.699287607729513,-0.36608981868318363,0.8837403487768339,-0.5586567557136799,2.96348809795099,0.1554266187448779,0.003440815084095248,-0.3345299743051643,0.13987773434603665,0.06236932650601304,1.87119691452648,0.08946795152939613,0.35425354067026976,-0.13558216757280442,0.4498920030651688,0.3370241114467871,-0.23557700826964809,-2.279942427658592,0.3512598316581713,-0.005386831258393436,-0.0025606336033608874,-0.5106021127745358,0.08034806526835075,2.29003148576585,,,-0.47372471933908833,0.804159340992205,-1.7567132298687376,0.5877288346694981,-0.32864750685338034,0.1736666876306513,1.1083564555910832,2.336915074818653
2022-11-11,0.9791564868736546,-0.05515925670219274,,0.057485021285759885,-0.028617752236259973,1.2336106409152843,-0.016575230079397717,-0.014173652030108546,1.242718897732289,0.4452646514477465,0.8034414175670667,2.6816729043004477,1.4654532328386087,-0.20147477484467982,-0.06877689472376938,0.05670636011417152,-0.043756647491873635,0.2363678951588632,0.2136660228557658,2.0051658505146883,-1.4965928597128622,0.3562850140710908,-1.4142466437880055,0.4970750428628835,0.11478345674243694,-0.00020712758745553984,0.024519679189603835,2.402312516431584,-0.0823060094751336,0.8688187939479404,,,2.1561225301739824,-0.6417679573091579,-0.045221674630262186,0.3977957592726604,-0.010531136653762879,1.3742698379211846,0.5710691717434839,0.1521978650466101
2022-11-18,-0.019875406735708877,0.004256019060504889,-0.19206631141013034,0.7482066297664044,1.476892149764899,0.642811966564321,-0.27990693529643185,-0.7921770856560877,1.058971886396272,0.3449688553646679,-0.8008379785242725,-1.8834393566375989,1.6430025053039423,-1.784998354366462,-0.2712832750199008,0.01738540629577076,-0.5135244804651496,-0.0009414942905626375,1.6193161112888164,-0.33974249680841195,-5.664872144592725,0.5098304539675363,-0.06028802937926869,-0.004716503095181207,0.6560197536343477,-0.0008316313063230693,-0.04061088467792054,-0.3081027124360788,-0.27661891575124675,-6.709789801795361,,,-5.698377218108952,0.6435905714426261,0.11447596114615106,-0.47237544960347194,-0.05783871235959458,-2.612233255593857,1.049205080397563,0.7997832324401895
2022-11-25,0.49569070349708927,-1.3164688114288567,0.0015584262148095468,0.16139356991741383,-0.010584522373806152,-1.6220995263299638,0.26464445215578075,-0.6912898886809511,1.3853675712281481,0.21698335373643785,-0.11665544421372365,0.15346055529649605,0.11694212961339082,0.03407032408818561,-0.8549160779580331,0.07699468609042923,-1.0987802897690642,-0.13664635607191616,-0.12173686315095798,-0.8813524526269247,4.4023615306727155,-0.516490549079496,0.10299988957418563,1.4775015866105534,0.015626161303448665,-0.007751922537466449,-1.5920391627748947,0.07912924686690548,0.764069503606803,3.2317499953356954,,,0.6277527960676227,1.9983376199860516,4.9812855092160655,-0.6133250915602286,-0.47726897169859517,0.07231156512137052,0.31450988512130007,0.7029913690067716
2022-12-02,-0.1359985193822768,0.31418870453845693,-0.3286748283921766,-0.010643929971593356,0.04113799116369189,0.014167247653237014,0.5854649546646397,-0.4762544166904739,0.7350365299159994,0.5473290258485809,-0.1847053094399408,0.5346575650405978,0.30681177511795854,0.12808324229828585,2.3913416345999394,0.1354600878509699,0.4174402696695976,0.5490656077110395,0.36740132151718025,-0.0706918089698085,6.495148822818261,0.29052592348040535,-0.362211798062676,-0.1980204426061204,1.0885100750100696,0.9185535056513795,-4.298844223177881,-2.122591903285201,0.47456907051234426,5.030042923227959,,,0.6848818906640066,0.4396382201975192,-0.1981787025120912,-0.5458558700347204,-0.03658468790760214,-1.314387692700804,4.345276425778613,0.31608018610671973
2022-12-09,0.9005021591485263,-1.7478603538519375,-0.14011870275680322,-0.0007647179024919163,2.3128902266457967,-0.6840917902447468,-0.3226433411127953,-0.046584908212941534,0.8496601450063734,0.03660829073658053,0.1667523270886495,5.290473327883042,7.383955182824208,-1.0715295342302862,-0.008512530401195222,-0.06196235493923977,0.18661587131361235,0.04418399927940197,3.2457308203771174,-0.38688813147522316,-4.9159308133481385,0.587904481288607,0.1732485682613752,-3.9779229935465894,0.23662429232399332,0.011259548777298789,0.9520100550170847,-1.1723312711910998,-0.5925124582171883,1.5165676196494724,,,4.089121565986794,1.2415857203686482,-1.302149592742552,-1.7435140199872714,0.005914845978470685,-0.09772264540904291,11.512673274915706,2.075106297937883
2022-12-16,-0.5670440472971173,-0.11301486907013152,-0.018900542647408935,0.005979152572843229,0.09040968150325017,0.05130218508174271,0.023087332005386506,4.23638228091597,1.5639689021156564,0.5590931975058095,-0.8519971736604502,0.7336018865685145,-0.611342874546818,0.23515052551173216,1.1460941060286227,-0.002581644780804554,-1.1178224441660916,-0.04147783809370834,0.4904847484927034,1.727751771246398,6.968989489973298,-0.5870998820836258,-0.6013690060112806,-0.8433028859441126,0.33385423452591667,-9.130228051923555e-05,0.49070857167672133,-0.15331071633817503,-0.011039230530848808,2.445261827752612,,,-9.112813147420809,-0.607518960563059,-0.6676386052595473,0.030329374327970622,-1.5215464828724587,-3.369479284157371,-4.993275660265824,1.0225579489397438
2022-12-23,0.025080371666605827,-0.02305566370934086,-0.00045098923532021357,0.9007397456180845,-0.4665044066932073,0.1531031229620276,0.1564628432619264,0.022622534757765267,0.9524176874931692,-1.120272941769664,-0.5474011392753831,-0.11791505032422399,0.475679754123346,0.0688994504692371,-0.5099955662497039,0.2616675561468701,0.4333041576872835,0.222749482785929,-2.9854512671137337,0.28021360148057106,0.16123445599282935,-0.45038477547167566,0.5970415954874932,0.7591772091132866,-5.881855000692043,-0.060261018231870675,-0.6637246729530715,0.14195973061707198,-0.012334519443867624,1.6156801479953038,,,1.9685512930912932,0.46041737984080977,-3.3996692372180624,0.19628112347115567,-0.042648912591954254,0.08791492850504158,0.3678132439014398,-5.029966646185237
2022-12-31,0.7518979341318541,0.25232527958729073,-0.11490522592339751,-0.6501933352563308,-0.5738203670802524,0.2541870682432132,0.064549911912377,-0.25751673417732146,-8.870548141547955,-0.7811059291970591,-1.4978072852646778,-1.40961571534299,0.12043117240606994,-0.9762514461497036,0.4341707173132577,-0.010280180290413051,-0.1149401080559887,0.6446857957533922,0.010155998890351573,-1.3021018089886174,3.0355092565997994,-0.26710484178746235,-0.056199355025795365,-0.9338351782196904,-0.006480117181164924,0.1111951924751808,-0.01671343004475942,0.13111622886779534,-1.7504263760212073,0.9061285660277131,,,-2.8766177330272846,-0.700647527702994,-1.2036679816790012,0.8314101333823355,1.9079922607256177,-3.8790090440940874,2.527893690413327,0.3590176256632515
2023-01-06,-0.1279050418273434,-0.02232705854319275,0.06056165439480533,0.07443590398115614,3.4560440392340457,23.54774335785861,-2.2121180152852844,-1.1642393912150928,0.39134429088117745,2.0886064840567955,-1.6878426912707525,-1.0698651953880296,1.0498539080055636,0.22506118284809068,1.4840994355940067,0.40860071736159503,0.08666234844646778,-0.047526811201461266,-1.0616140219298063,0.12157394433948894,4.270965789986569,0.2952256946514117,6.077758880979,0.09834640802301596,-2.306473793710369,-0.7305590950961334,-1.1981394028008472,0.07299606945033851,-0.3013627234266873,0.5538954455393121,,,0.1699079890347473,1.042213818034245,-0.2860197396572414,-2.0228835668881695,-0.018981422131532973,0.18436860990038367,-0.40059841041793315,-2.440524396903857
2023-01-13,6.333460773678315,-0.08063937063651203,0.5460893341979612,-0.017767435773858423,0.07810414443984821,0.25182284496492136,-1.2647047369863416,0.16356370076683174,2.532538815696234,-2.11793343780916,-0.23875530530495576,0.0998468689021994,-2.8792146658932762,-0.1670334237773067,-0.024113595837781165,0.08690974547203961,0.007272332841765122,0.0075501667640662075,-0.7005740792049869,-0.39897384213320986,-6.022498173417429,0.4782925904442169,-0.7419342130585763,0.2717234875743103,-0.2588475036778286,0.012721827632728491,-0.3865764459563047,0.5889035822507602,-1.5602871276479522,7.602724957091097,,,0.7353469388215983,-0.23228186016236918,1.8906264974446734,-0.0287850510681739,1.5086469954547856,2.4828061961774033,0.22287728189521855,1.5198153616724774
2023-01-20,0.8741435012357792,0.35656061897243907,0.03967834359311431,0.00992004608098418,2.4914045816957646,-2.534015430468234,-0.7786922800328275,0.6419253628847633,0.9510217286666593,-0.23959132904539243,-1.2545391462521371,0.10851197904466091,1.3697040064443005,-0.028443762414767773,-3.62253949578078,-0.0475872483254958,-0.11710403393889426,1.0860125197000534,-0.3202793207721095,0.6233867214982762,-4.357087347293723,0.3376406327943432,-3.319370781455292,-0.4469695155466361,0.23500025197805907,0.2518479412162809,0.017704084279433777,0.9662598692178368,-0.29577974352361014,-1.056105436981611,,,-3.2303474588491277,-5.549702769952378,-0.06799992700378668,-1.3965065293369592,-0.1632001645662029,3.9028979494713183,3.0625908818610093,-1.921748725252104
2023-02-03,-3.0558978071688907,2.3914723346103623,0.06189431303833348,0.030994103845508228,-4.216589620772006,0.08821112113069998,0.8423985718016257,-2.070159222304725,0.08273717777742316,-0.5647336826403652,-5.113582457708396,-3.5766101861355377,0.3139401332181242,0.9670239673494779,-1.9663817690872614,0.060369373321074664,-3.8492534714226867,0.1927757613246891,-0.24386909225980827,1.0465656548410243,1.3490898234286246,1.510795788353012,-0.618650411272343,-0.05182432532963538,3.509505284676447,0.013807036898023584,-0.13406603415145768,-2.382369199475926,1.3085748539703426,-1.187398268349191,,,2.3444765522923143,1.5151231097142246,-0.21453766333968693,2.2886189008125974,-1.595979640707003,0.5858438903777022,3.7782531997797166,2.6342585573923407
2023-02-10,0.8716495731596614,0.029249421538685746,0.1391220673236079,0.019526098140476872,-2.5189055430205656,-0.9021673138965359,0.009070994338084943,-0.7940094091115557,1.2974520196926256,-0.07837578069354523,7.327325927168069,0.3642874493970895,-0.012850827432296003,-1.8795706116277517,-2.19176934557956,0.007800739792185183,-0.7002734606296838,4.132667523747508,-0.1357396171015476,0.19924398829158407,3.3386897437185885,-0.1469156677643969,0.03618840514532555,-0.19201981044525812,-0.09432809683833565,0.06551254903328178,-0.00638257452300567,-0.37572456315550284,-0.10976264376616221,0.18640333023636216,,,0.7777806553894091,2.8586588924087644,0.8792263609901119,-0.17454854422436678,-0.13803283962455382,1.5920954498378905,-0.31558010595162717,-2.342504067296948
2023-02-17,2.739386316157718,0.765183615122004,-0.2350569255906786,-0.03982746091206442,0.5999233200535881,-0.7427930224084207,1.0498164010054503,-0.7211277195895991,1.0515297694205548,-0.6003028896412053,6.812901471853903,-0.525880666343892,-1.895129392513971,0.5196643228666502,0.6246671640586045,-0.5975021359448404,-0.10404517924894002,0.3316911933702504,0.02042506800636307,-0.08540679877147721,-7.617547280596904,0.32084380324714945,-0.14968643220074784,-0.20805546919027973,1.450765133605484,0.2799937585334297,-0.4765513507671973,0.20130250185939727,0.34646673639228,0.10033918320080412,,,1.689257102982478,0.4310070595273536,-1.1501700068122414,1.9366690176408592,-0.06331948238443406,-0.23705679331175808,0.8953630652862995,0.21278703484409578
2023-02-24,8.680179922920617,-0.9582652158217945,-0.01773883791572907,0.5644925055404398,-0.345241279046459,-1.1899579364595927,0.079187623863577,0.025891588451639976,0.6731748405964133,-0.8847185534683928,-1.007087833056741,1.4504987504903144,0.8139890244271449,-0.09672239075404186,0.08065519918353534,-0.01400707331281682,1.0626560351997039,-0.015220883155991446,0.126496042738392,-0.6289619123562666,-2.2983466710568057,0.35736509339089634,-0.5529898756784355,-6.732939270313508,0.17131129717997462,0.20344870224583675,-0.14965693947975164,-0.8743199489366724,-0.0037073053965368252,-0.4244371251878404,,,-1.8512989835058782,2.2898648923764435,1.6382872299136566,-2.698680554870414,-3.17611983608865,-2.3191036382642056,1.0103275069358455,0.723482134593185
2023-03-03,2.3092894167064437,-0.32409226810624964,-0.19884754564376622,0.015849753037671926,0.2771752398096338,4.221694793632744,1.195871306229192,1.26900716837621,0.02508816730258397,0.4213597257306395,-0.5903467734091175,-1.912814960614379,0.28955865138194,0.6732833530582649,-0.28726360245539606,0.15741687410221156,0.36416766698444236,0.19190520784956197,-0.20002803727460938,-1.0463196394790792,-2.2621869718317114,-0.036782612186432764,-1.745093903971681,-16.036599834206864,-0.3590337705461152,-0.041499888462029,-0.46345861182565606,0.1398543066295071,6.2171245973771105,-0.6722180835513902,,,-0.7376829069949921,-1.289365387429987,-0.035449218860288276,3.3668701868590993,0.00911995723233807,4.416435979381197,0.39304286456823906,-0.5244358369694562
2023-03-10,-14.702709331417676,0.15169543004213323,-0.10249220273444896,4.2921182517538644e-05,0.06530606509066395,-1.1007340965450712,-0.13441676437548045,-0.19239872277564793,0.7688866213376641,0.018662444982702215,45.4917533258953,-0.5254570934856566,0.3749072460308168,0.23220128270067536,-0.5236508683573153,0.035213147825159,1.095980054219606,-0.01735975254061005,0.02739340567379282,-0.9516192773426018,9.098888922088202,-0.24108118712692655,-0.5386699053518921,1.5837307552138207,0.5008703473800599,-0.0345528297295598,-0.5138228881010145,-1.0004778571342547,-0.019119345021303392,-5.521515807261739,,,-0.7501673696022657,1.9160343701865776,0.0249736170838337,-3.9901537705339316,0.034832174935067906,-0.5995522499565399,0.9041136014896483,1.2222361972528064
2023-03-17,0.5577072745557105,0.08083995623885108,-0.01258275594851885,-0.10866506224576515,0.053262283197488436,3.492895420369325,0.13440091892328732,-0.28661685360022715,0.3926549470686372,0.21928465810612693,1.7553261453545776,-0.6640338333205577,0.029658862731523076,0.33184098464212913,0.016632347513339613,-2.8730733919197013,-0.4105320594429115,-0.00010025729612306061,0.5500280551218344,-0.2491302663136959,-2.9386768956045026,2.08779213226064,-1.5006974573927152,-1.4271637318470993,2.432386974008323,-0.00019162585563788805,5.325495517564732,-1.0296436149210038,-4.114784015092923,-11.91906483139507,,,-1.5701827899680842,3.399497508840385,-1.0392813972586599,2.26332481554477,-0.4026388115844454,-5.656516327028859,9.351437247854543,-0.286542209770182
2023-03-24,0.1584673969252984,-1.0957114886577413,-0.02381788300098614,1.4548357297915566,0.7853689972924847,0.1777930200673839,-0.1168606246395538,-0.006152893186340401,1.2190291662959745,1.2695688907060005,1.248480821559981,-0.14422722013678024,1.7414024975292022,0.4233147471475628,0.2324590403216399,-0.07756046674418889,-0.6455068083152462,-0.14054217937881,-0.9982427819221892,-0.3309120469176089,-0.9965933471637328,-0.6467503836950026,-1.1702239237129375,1.558359440649541,-0.12250431795890308,-0.03056609374243473,1.9130467655352257,1.283342713193822,0.5760576484007655,0.7851767402604697,,,3.73613924174262,2.9282822673089406,0.2061713927845196,-1.8334834706369492,0.09562176375584146,1.0171241675410727,0.593921285519708,1.6034785678075505
2023-03-31,0.5346302293688713,0.21988377860459007,-0.10573083809148975,-0.2235450240045972,-2.2966562186855017,-1.4142730802334782,-0.4236133290269006,-0.3201691107925614,9.82816697254575,0.5126234455151804,-6.611328458249358,-1.2580077414396218,0.060268449542594735,-0.28696593470338266,3.872490320806953,-0.9871947061727532,3.6722385354466414,-0.15179773616181275,-0.008566978633641632,0.13600832061615464,5.023467264864787,0.6247114903924733,0.309714071319812,-0.012700850973172601,0.1433677791768177,0.015902207501943957,-0.9390099987444329,-0.25318486837358345,-0.5345404997851704,0.49551396781883045,,,4.321870176756174,0.29990463875931817,0.004258900352872602,-0.6739426001452242,-0.5026075936658457,0.7019045784151273,-0.5710244908902399,-3.2745592978802978
2023-04-07,-13.52432209791495,0.4866065512393124,-0.029382972467807973,0.01072730024658421,-0.09645647574334715,0.9220312532518897,0.0481259078603178,0.21984654071380538,0.7826340337724704,0.303627097186385,-0.18075116777361014,104.98433503576868,0.09014283830351097,0.20056456938189476,-0.3370835006543641,-0.008087817061430441,0.501607229707174,1.4015253905799443,0.5955613205967882,0.14283836958416332,1.266688350372927,0.22572383938909732,-0.3668364043742612,-1.1154159694702022,0.07592808280717844,-0.00021104840371859976,-0.6494345528146024,-0.058999829992910036,-0.07426229419841088,-1.059077228768267,,,1.8181250588323379,2.1225727207153144,0.34934591856166647,0.2516152533162885,-0.013354934690867832,0.1537959296647084,2.0952335010244054,-0.757917734027487
2023-04-14,-0.48342987428376766,0.2935125914988901,0.12560246524682855,0.00019858692849206706,0.7545613254350603,-3.705314241905069,2.919478045921614,4.02523015045819,0.5989647939486906,-0.19034479494476608,0.06812835304005752,-0.06497534869856889,0.1330128765740375,0.34866352201614,-0.09132016106906965,0.6001938194123987,-0.7892575484510106,-0.23758199463956392,-0.5015844388659942,-0.03656854589424131,1.2217366304139228,0.10773872018596313,-0.46836824342342254,-0.15761913027560032,-0.09966652881653727,-0.004089066588695336,-0.1639199008237006,3.340726279598957,0.10655235151694396,1.4837449162985683,,,-0.7099670862761289,0.35327742394886275,-0.11408324709962582,0.05360342369657964,-0.025254306803227426,-0.00860750737907797,-0.03583448561729135,2.1331348349894643
2023-04-21,-1.4699246766824565,0.28395889232582416,-0.4244285908216966,-0.006578350710130635,-0.20373795844214904,0.4364152041365591,-2.318012824088935,0.2631259190471915,1.8604466361462806,-1.182581901492202,-0.07911731039113365,0.8646534458650681,0.09754237187536335,0.9215699202698421,0.6133703890552725,-0.19140609121144864,-1.0526142422458584,0.5040140261029734,-0.23283602595273417,-0.21900560133174468,-5.776146755218631,0.020210030908171608,-0.017868143876467724,4.280057068688504,-0.15676033051568433,0.4755140247878028,0.2473517730329258,-0.23690670268844,-0.33370295903573993,2.8109125499426626,,,2.6887875503106606,4.756789957004563,-0.18602123086812697,-3.66254566274481,0.07884216985524532,-0.011894669429315753,2.450607249846019,2.081501374019739
2023-04-28,-0.6681920963629796,-0.8351223974677628,-1.2882066326820447,0.04172071340991181,0.4413654017097244,-0.22511216621609695,-0.15961299544245158,-1.84511803500746,-5.130828550679081,-0.15828424063362526,-2.847719099638122,-0.08061614500427437,-0.12129155276605912,-0.11680985421252116,-0.42601107700067176,-0.058031576666821925,-0.5336002155675845,0.8487447687439704,0.2579267065611516,0.6486895504221015,-0.41832325691670413,0.12899201423439777,-0.014697084719913385,1.6501431071801418,-0.31475978652238745,0.06734098027667708,-0.06926864024533029,1.5526911690186687,-0.08954955658930626,2.1859356245919344,,,6.207153067630795,0.8337956317661352,-0.03671770684146808,0.28804857451126903,-0.01077704256212419,0.01424816132981755,-7.842544245954822,0.4168331728847747
2023-05-05,-0.3140861668025146,0.0034250686532773978,0.10529233901989635,-0.3868017721639313,-0.8378954843448917,3.3962679141625354,-0.10697561455490939,-0.1698079566937003,2.143917240430105,1.5180544078133702,0.715409505449808,-1.587306958027331,2.046660612305693,-3.877591668896402,-10.186393059594751,0.07260672301205007,0.02158404817822597,-0.3896509098988262,-0.3585680792761977,0.4866520795609935,-0.5842025210661712,0.06073084498167147,0.20049120296412284,0.5628786084160866,0.5984145555640688,-0.0002646356626227219,-0.7901394094656654,3.0548444536622,-2.230078515205033,9.905852444901708,,,2.8566303571545735,0.4449273649495007,-0.052897521963582605,0.29169744119600644,0.04892893023552493,-1.2960474232944645,-1.6468557624172773,-2.702904146977933
2023-05-12,-0.027411569233744732,-0.3577138372750746,-0.4444047166691939,-0.0842129216064953,-1.0830671164028547,-0.04868654975008668,-0.15818515613052317,0.0823698035447777,7.735563284292605,1.207455905364365,0.8040100829639641,-2.123431514108785,0.0797380842501094,0.11953482011590884,0.8038774121316808,-0.02771766136202104,0.12488646636821628,0.06679462586738485,-2.0061240868291517,-1.0830907778558778,3.2576665241236435,-0.0980473089462835,-0.6037944981987605,-0.23509755718395256,-0.026417852980662786,-0.00017821956353923404,-0.09614620626002074,-0.4215659478007842,-1.0494718283066806,-1.0868284235725816,,,9.294544017497662,1.8297906066065812,-0.09084978265559279,0.24584715459024203,0.0054208628613594025,0.49796367643600903,-0.4520638285171012,-0.08409789292714728
2023-05-19,-0.16837507836523402,0.6525668826123289,-0.02907501043849372,-0.3347164695481322,0.07622846271044634,3.8246323117388865,-1.1041825916764174,1.9800699317272048,0.44281759152621886,-0.581488952995375,-0.1472962038141559,2.5180394780611133,0.019606878165577813,0.0062278730930501215,0.42871635994315593,-0.17713442689705564,-0.07320748546861418,0.47287413240401055,0.334812138862066,2.0821326991891738,-0.2359970582317153,-0.29327072136554305,0.08931929809179048,-0.539086739539042,-1.0349383193520785,-0.0004545753577865706,0.6198999156577425,-0.6048801778380757,0.39861230576534107,-7.85100606660772,,,0.5394708647366094,2.550296777503175,-0.03876110835435365,0.3810829754787317,0.025140109993554545,0.07650191361170391,2.412574138929693,1.5407902508723026
2023-05-26,0.9133783018734595,2.91612436562298,-0.31555602091110513,-0.6226989596843291,0.26805905109415057,2.2688022813849567,-1.1853015459318557,0.3238003608683423,-7.544040209544756,0.369329371212915,3.8527202452828972,-1.8707617304555637,0.16394893054246612,1.3160566989770885,0.19768634367522864,0.25962363341946065,0.06007454472241911,-0.4930031232115916,2.871326256364753,1.0955561744110538,2.651685623274083,0.3865027400678805,-0.1323335305268639,-0.055708500796468906,-0.7968335762461712,-0.0002199023896833779,0.051246053679238374,1.2422652445141273,0.1652854295188925,1.4786787330212428,,,1.3380294885534596,0.7563811351797656,-0.0064531949282653905,-0.5417101772022751,-0.8637690409277704,-0.00705052970102131,-0.0779410860553171,0.5079770957487204
2023-06-02,-2.457979959415382,-0.31719441963945993,-0.14383419056814015,-0.1559960988329072,-0.4656565591460117,1.7027957378188625,-1.9384711710568516,0.798968851930151,1.0470573394243816,0.1673638387767428,0.5451452984039851,-5.378364037005916,0.04460482569829296,0.60529384635769,-0.9399175390011545,0.06806025125183354,0.5328198482023637,0.3419520903422645,0.07847507855258619,-0.045063682406787084,6.687920698644093,1.527743248488162,-0.7327669173663081,0.49769935739439947,0.4076026043293973,-0.00021785995610483426,0.5924980478819859,0.2052883620112251,-0.5219100492570897,-2.119078388872962,,,-4.2868391428859915,0.5004549784342297,0.8906491801956927,-0.8121928510499895,-0.09942719640320437,-0.3562772109675809,-1.769173076099074,-0.2887366872907282
2023-06-09,-0.5609588093491058,-1.6678761506411337,0.9110815411804174,-0.04876911182395843,0.916858285703605,1.8960306037533268,-0.5052246433209069,-0.36250320921273904,1.0300429158753603,-2.0678936180485508,3.406041778765357,0.33069624893333505,-0.12095178741554558,-0.07946719608039884,-0.6444183421761979,0.08799472170573458,-0.8331705325681693,0.10334362619364529,-0.06285569057399651,-0.30469387851499513,3.9834963694113745,0.45737703653210976,0.10015285582726698,-0.5536155350122269,0.33050655090191705,-0.00011714379450865303,0.12103786369932178,-1.666994211751378,-0.5335957688020576,0.45930481152340585,,,4.753990603623903,1.8893188168775277,-0.5038151017693563,0.2100427408428056,-0.002072988024334633,-0.3112330068412039,-3.838839976970689,-0.7639915094431544
2023-06-16,-2.4714385520889284,0.0042169285044053335,-0.28715068920170456,-1.2477851362838583,1.4482719216708295,-0.010458536914742717,-0.006770284953326794,-0.2196378360966041,0.7299091956818593,0.14803263347536127,0.18803839775287914,-0.16286665667864908,-0.06984889058932042,0.009344705616732746,1.0458163144286905,0.01165791310831619,0.11605339184223731,0.07693939268428279,0.4173456815570718,-0.46215542461563675,4.858563498415523,1.6533709403039538,2.1255165163726275,0.011925096725801387,-0.02783484936034742,0.00944119574048715,0.7788039335911906,-0.691765756665006,-0.007816910591467507,7.41559799348988,,,-9.568843232087364,2.8872843809947852,-2.1311029804256645,2.764643338319833,-0.3539403723807324,-1.2911169911889173,0.4179130753385065,1.030900884368334
2023-06-21,-2.3997496235495595,0.46334851535992155,-0.5094123042468847,-0.14868522786776536,0.04274506659689173,1.1288193737436791,-0.01641837212793499,-0.29976039319026804,1.4843667247694559,0.0791335797811522,-0.10125416401343498,-0.9802194266267722,-3.6848312049852034,0.4160901508066253,1.2203308398419463,-0.19066021975709177,1.2695389222557159,0.06997701584953699,-0.168768225021248,-0.8103368193570818,-7.952081203294329,-0.25060777460416217,-1.5770824860305503,-0.8970460096645009,-0.07697640179635444,0.060322241914787335,-1.7051800757455404,0.6757200943255317,-0.40985309255488184,1.369705163027934,,,-6.131541652428836,-1.3310227908809094,-0.11671155525579585,2.41238403823838,-0.008728160555546947,-0.35755716229995393,-0.48163803993439186,2.116624226901853
2023-06-30,1.2771058369703483,-0.045186929080981965,-0.7727228946591862,0.020093520193547654,-0.07297456657060997,-2.102829479371415,-0.32345170788708755,-0.08931255380092841,1.6431339418450268,-0.29626701622156676,-0.3776504710744693,0.006600466470210231,-0.5561113785304659,0.09469184243923545,0.4106868741623387,0.09538505679575715,-0.10504039315648667,-0.26865858524888997,-0.05615087545461242,0.4366361401302491,3.3427911613599104,0.0016589945599022318,-0.008498379645771338,-0.5061499676344975,2.3994832664312606,-0.00012270272883098277,-0.02505989065424539,-11.024238391227447,-0.4421968368677298,-1.0811674305768333,,,3.270552070132766,2.4114623060892235,0.08001502314431039,-0.18211215815968074,0.016528851236557354,-0.20574951619521029,1.2177619186401938,1.073937050955328
2023-07-07,-0.3224040273588383,-0.2062165071760463,0.46487622437039305,0.22312836333214392,3.4957461355829187,-0.45841774785383355,-0.5602306728533969,-0.7214921746623914,0.8053993334712509,0.15872567013144345,1.6046402229024026,0.6182103465035154,-0.930461919401186,0.017177714608469678,0.02715545999571387,-0.0866548193175973,0.4161895029525886,-0.03771339638709059,0.09277394906026898,-2.7214984809467118,-0.028087195522662742,-0.05695032379723182,-2.0293573874024515,0.3956003378353864,0.23878867281300914,-5.69672709477913e-05,-1.9939179070197133,-0.5961844747666334,-0.07873304131050483,2.1742833727555224,,,-0.4298721375173964,2.1504997049372063,-2.696196450633414,0.8765248695637157,-0.04973050004783286,-2.3106115876701954,13.087958157927268,-4.846170915550788
2023-07-14,0.2959339593837474,0.3888894474843062,-0.029752825722754873,-0.1157222689841055,-0.6649004802065162,0.9411419521929528,-0.570417253804191,0.19999722875388823,0.8566869837480859,-0.9085398430297482,1.6610517658737072,-1.299863391221642,-0.4242186909726392,0.18066877752580282,0.27735687535443965,0.3056551278564967,1.0713079329504716,-0.6452396502750463,-0.3252887952899868,-0.08996428747415469,4.00989263940918,0.14687986222172836,-0.07142633560369294,0.8087903238553631,2.5123680031225497,-0.00416982735103751,0.846874702290445,1.7181291663643412,0.14661988597260994,5.666045917435577,,,5.278676639072985,1.9274877788333629,-0.000793625571297287,0.2631810403378312,0.012643352083082596,-0.3602716723792659,5.15110843349513,-0.21590780514039193
2023-07-21,-1.041054918104185,-0.0683947342015574,-0.1038202714148045,-0.2260077548268297,0.18087452985827995,-0.6052305434970644,-1.1921874398273442,0.25321957748855045,-0.07050394917403686,-1.7275622367332657,-0.09243619474995945,-0.3161740721836856,0.19595301894295641,0.04572867786130906,0.3714942090017825,-0.05388137774981927,0.3581529464967407,0.07469857252035741,-0.8960030038229951,2.736600411395122,-4.905218229297593,-0.5498609359161496,0.2978251271724052,-0.040796035841844075,-2.376065722605275,1.4159892591997623,-0.10446562651395695,-0.06629297666429382,0.3051129384259967,-0.9732964014021314,,,-99.938583485739,-0.3916430671472644,1.5222499207209021,-0.2221266457429454,0.9455569583253537,-0.2549105572722421,4.000210598769924,2.6868236609776757
2023-07-28,-0.23413531326451717,-0.021176938205776236,-0.6141292544449082,-0.1795471618490373,0.8450353614583155,1.2705467294597996,3.368434173877351,1.9926248432672975,0.4707290028903188,2.7878889265706603,0.26707441408331045,-5.318755799368517,-0.967389046265925,0.2605192498145398,-0.49810839804170626,0.02279174931500143,0.2081640808802323,0.0744288012316384,-0.005998833510651166,-0.07788867275359077,3.051107850994509,0.0992369611219638,-0.01705757465282269,1.4905945825042544,-0.593065068286051,0.03451026330000838,1.8481417706160572,-0.285257940933864,2.256715330468834,-0.15817191037697703,,,-0.14519145500044214,1.9465219304623291,-1.0038531597201092,-1.5800363213504278,0.254824944030053,-0.3465316822231366,-0.6309986858986902,0.489669244619397
2023-08-04,-0.9239748190035848,0.4566559759226724,-0.2194194191702856,-1.1013794955678962,0.26701883098330803,-0.1620178260215305,-0.12087704648516145,-0.823666200823338,0.1661689200102056,0.6555145506579392,1.3953678169233446,-4.172996796677371,0.7013965080340336,0.6228064664431225,-0.052902305214032205,0.026297835107916306,-0.20415725427398018,0.16221457067772244,0.674908451367382,-2.537112587399952,-1.0145564827560183,-0.417853819267489,-0.06103527544033361,0.7771618533132788,0.2020504148621064,-0.00016761978181231555,0.6436227664031766,1.519303146132048,-0.43180322831437823,-0.23334644051234077,,,0.7638358108290423,-0.5205974969609657,-0.2908985361534656,-0.16327707193242755,-0.6080821574969696,1.3461658172477367,-0.6103894042338992,-4.659285040720977
2023-08-11,-3.4379204194911233,0.29502940908283215,-0.15508566868278445,-0.1413760286022399,0.8113841911215236,-0.2591422199668427,-0.3583356738777888,-0.8130953865571953,0.08594265158646451,0.9018356729311181,0.2325199981260846,-1.454609066578166,-0.004630591883458671,-0.005797034971266787,-1.066949711077954,0.13980326349591296,-0.360519989029907,-0.8565632119397967,-0.03606247829587439,-0.42391173166890905,-1.345967663894157,0.13392157943999,-1.0394592950923467,-1.0193806365537035,0.5997097189615299,-0.02299701212957187,0.16509214060558955,0.696993279552586,0.6684257926079389,-1.6307074896857543,,,0.5517201567764951,-0.18626262549578876,0.10988131920462613,8.178100983665884,0.2046873110434648,4.098921530449553,-1.0186248316602158,-1.4628924958882321
2023-08-18,0.9454310050375946,0.040995774545465345,0.04964724142802349,-0.1826906634063952,0.1772749436858157,0.040273362658305285,-0.18291932111140452,-1.2013666863191765,-1.1139253232477875,-0.6699417235453284,0.6562607221823099,-2.8100218698809445,1.3432778092404842,0.039658325896295116,-0.32844037356435113,0.09031735258760293,0.4130392431908084,0.6113276117305736,-0.011443424110613297,-1.9763760148711949,-1.8252040214713843,0.027171885777869078,-0.49304338372237505,-0.00996760723143627,-0.27113038162004177,-0.00018574303136857079,0.18493187561820418,7.006943262161766,0.8140032912756632,-1.061314844466405,-0.00028286667464285937,,-0.5443082070702082,8.218726975375695,-2.651921775129707,-0.28842790632174464,0.0006925578998813187,-1.4734644320692145,-3.0238653756891054,0.20784925668967105
2023-08-25,2.427089329495142,-0.06269928239648749,-0.10962819085196208,0.6216751403286398,1.1633428905248988,-0.8026552074523405,-0.02402621359874446,2.197504217648582,-1.3801345771955287,1.2611804081561855,0.43740653437818533,-0.6529664695219065,1.8020952927494622,0.1318585066537742,0.04139523518838019,0.4575993422817469,-0.17095613432797802,0.012054887092879985,0.3259417467621194,1.0520933976498361,-2.8620463255468516,1.4896691926582082,-0.12269935039785021,0.6521786012193086,-0.36657791130282436,0.08332789518221617,-0.036613017960317074,0.018313645889119646,0.8664068857043387,-1.0573665068928115,-0.00026100815064651536,,3.7833788699393374,2.438620480623184,1.2037330746337378,-2.7040323746266526,-0.5413873556907252,0.5680090073463261,-0.4850637045394322,1.1712589726969025
2023-09-01,0.1980046100627841,-0.3304718228291349,0.05906700649080025,-0.027052810749205822,0.8093525472364125,-3.0871470039427704,-0.4659237661466289,0.3133001165264285,-1.4696410384559968,0.38429255590792816,0.6092788214423397,0.5215506814025614,-0.14837650140989495,-0.032998429721860734,0.1034974382290168,-0.0008311679129935027,0.884134555780193,0.1443176854723735,-0.22896676949837294,1.4615450756865238,7.982882697229413,-0.14172711751207956,0.01938252525317953,-0.19919613403973618,-0.10005915840714491,-0.013968967529086846,-0.025083332437635934,-0.5974626086029794,0.20874424146022497,12.72330520680641,0.0023714819475218543,,2.1711730902338875,0.07980282689758578,-0.18917365770788994,3.1555727785541756,-0.054450050513863694,0.41864714820870497,-0.8552771305513455,0.2907977407828507
2023-09-08,0.5994614124425629,0.054584865183144884,-0.0660264342148755,0.2957739073671873,0.8417042126167078,-1.5472892236471358,-0.2072536010424323,-0.38859691657281925,0.543351185461133,-2.3706859029598153,1.2494610432099393,1.2761149505347233,0.03593081781572363,1.1825082191010163,0.7609627850340783,-0.0058997870600033,0.3520698265655428,0.08348048271962512,-0.06331207064972877,4.045417765777752,-4.928070708255756,0.0032594414332953793,-0.5735758582167921,3.1020485035790193,-0.7098823720862912,-0.3551988838551192,-0.01740226889269678,3.2010355314264984,0.47809542186037385,0.0020132828931003783,-0.017443623813624635,,-3.1980244048456887,0.14316439364387168,-0.01731430010723036,2.447153677738033,0.17207556568673693,0.21066741168304798,-0.21849415852643236,5.245220802221212
2023-09-15,-2.8951943920619057,0.9857269245543605,-0.007332332040953832,-0.03142056047142688,2.35236387868419,-1.3487182410086682,-1.2936429624602517,0.7185927795008562,-0.5888287732557773,1.8873405299075658,-0.07439184521104157,0.3044606128742018,0.0009508649384862393,0.12775429484012746,-0.33647707823907413,0.0215578452747868,1.858874348308118,1.3496448035847262,2.993815531015232,0.4276321882790859,1.902476464724478,2.058985677270735,0.030078683967902878,0.6832939007623091,0.514133239840646,-0.008864535939231418,-0.19220495715020966,2.732852093439254,-1.501277892325696,0.43532921450056383,-0.010810101178009277,,2.0483578251458234,0.7242122535585056,0.09064881209241309,1.2819151586999253,0.005828136013039793,0.42427159986476937,3.073976865186299,-0.5071579550728936
2023-09-22,-0.5475600863412893,2.0306698870343673,-0.1615331661636651,0.1156722450531611,0.19161223529097582,2.1220577795651536,-0.7430158403089003,-0.9124101534224655,0.03264008550842834,3.807638998834212,-0.902480814300856,-0.21750911231258493,0.2022652121541799,1.7675405180999222,0.03928959882004907,-0.02832393889626473,0.4295038942184632,2.5034369359881374,-0.027204814745232682,1.083878560219873,-1.2639447571790372,0.6775263097867824,-0.014224034616074922,5.536970699455499,0.2826273331849653,-0.18135916215954614,0.5658219201365217,-0.6390656829198776,0.5529377592907223,1.5947115965938126,-0.27840248260341516,,-2.4409239004930456,-0.36020657279854035,1.9271954166881806,-2.7928383198927147,0.47540629141270835,0.5509198661528798,3.386839807567022,0.4030774734153259
2023-09-30,-1.181546747309595,0.061153821791021946,-0.07132514030958823,-0.7618438237479089,3.903358373447226,-0.7452036842254953,-0.5066671742394102,-0.04407332393316388,-4.9859425641806725,0.1983986107239527,4.044104236272448,-3.723253694539834,-0.37498458026237197,0.013346376378764676,-0.1716661351463986,-0.8911786743616432,-0.14563193407708058,0.05476897089519325,-0.02055829375087409,-0.405041455903182,-1.5631804153733964,-0.9357238891558644,-0.1258808527764541,-2.7726020423574753,0.10534662476036111,-0.0012603292471035426,-0.24795066123727094,0.15641822754855295,0.22835237956742788,7.780535178134869,-0.0031603207634267622,,-1.2236497012412098,-0.47142865698727243,1.0920610757268123,-0.00796005956258929,-0.0026326885041313836,0.2936466677128035,1.4929111170517713,0.6048748806675114
2023-10-13,1.965596178211996,-0.002614141690965197,-1.1003512952004102,0.06957019827070245,0.02968954947715762,0.2695328652909921,0.0021272138805333227,1.4097916527430836,0.02025300755768697,-0.2806247102098907,-1.7527342490782176,1.1219887691115862,0.26276281239556,-0.5030294859821501,0.03675695571624685,-0.03913718131537985,1.8460504988224158,0.12423844711344564,0.7518575780810793,0.018460296553055033,-2.8855050553491375,0.123371083525266,0.03246448860107564,-2.8067278562026092,0.041252119725229276,-0.0005143820589028822,0.08298658587664332,-0.7352890744945303,0.04069716570394133,-3.477924927909638,-0.0009297789032163806,,0.5559111008630402,-2.675274725514069,-0.15262614227625776,-0.7849374194508948,0.0007601009894923705,-1.9197232981329204,-0.8281572273716292,-5.454668013335013
2023-10-20,-0.21601844132854744,0.29839150561242456,-0.13030396897357371,-0.013666252300956715,-3.33830422942852,0.9469520922967043,-0.021240271438758673,-1.4227136838986323,-0.3690386326818984,0.953297000738928,0.15351768532969215,3.4313933495266764,0.19453295901118461,1.6314926272761512,-0.4338398077177126,-0.018987341878968694,2.973655341134798,-1.6410969222953653,0.1083296891005454,-0.01515909960415307,0.8982786800119738,0.030476449154962226,0.006315949844681048,-1.2638880205391683,0.6292996074434257,-0.0002774306107482844,-0.1406397870342438,-0.5159018223243179,2.454699796062267,0.570127490991763,-0.008460990743154683,,-2.2159742055629335,-1.5642575014394182,0.0637515055665234,-2.581192501976775,-0.07314001750989817,0.8760248132191151,2.4150398283889816,2.6098956666001514
2023-10-27,-2.3354122084625586,0.04272548338876568,0.031942117503036827,-0.18478366452775652,0.2342413547833893,-0.22619683325952838,-0.2361130414147827,-0.46139892415685135,-0.10042933284519098,-2.1348329377522544,-1.6059279816271474,-0.15772055872253904,-0.06389701715915694,0.4549327754340607,-0.28987732555053924,0.9929193050304528,0.6187287115169109,0.42632567311664105,-0.03686312808299126,0.03116401314018727,1.1014380958249506,-0.09247049574057967,-0.22507348390836934,-0.7143639809411304,-0.44744233787548005,-0.05119781458034775,0.1086378431185216,-5.360055801488756,0.4840911793311852,-1.47059850904475,-0.0027399417233401127,,-1.36395041077527,-2.5839454044632184,0.34539101755989887,0.09877523753246988,-0.41153980976282034,-0.6355168662220793,3.494601970590537,1.2001794554895147
2023-11-03,4.852227248951699,0.13012612748196611,-0.19628881538032117,-0.09684870708262994,0.13129948237045283,0.13037167496884056,-0.0746513753264518,-0.5424596153334271,-6.708688273069462,0.6682432692696578,-0.9641112149751019,-0.32808289872420154,-0.0480513738065127,0.18110868347039144,0.28649089984625586,-0.2763873227313122,0.769663749139843,0.453951166657486,-0.271123888179658,0.774783304727232,-1.0492014861416994,0.14025277139924863,-0.6151952014709108,1.0325839561803576,-0.2378825969775077,0.11083723253157052,0.22394677328731757,-0.48436293593919727,0.5499130257353103,1.2202521777469322,0.0070983162968417494,,0.3173408527349215,1.1594604598392853,1.7184183811055962,-0.1311514263792097,0.020200074167174384,-1.2926864610805602,-0.28455961834000415,-1.3310019543771952
2023-11-10,-1.7737888854295571,-0.2633669049896614,-0.8914730701850884,-0.15927598399352422,1.0795533771477208,9.874248559718763,-1.089442165423071,-0.6749450319718681,-0.3006000496595548,0.9304513720379535,4.0577710096170145,-2.6886498511547554,0.2736339526109609,0.20908088584544218,0.11721614862370786,-0.00046549101043382124,0.15780760475399616,-0.0014824220283938191,-0.03182196241117629,2.567820677782232,-4.236705549289329,0.43970888842786837,1.1437107079803908,-1.0265707653187186,1.0176422478057248,-0.06038376906710908,-0.4094480961962849,-0.6308305916716193,-0.1375162589155855,0.36906663162882514,-0.016787027349280545,,-12.867779110518168,-0.2745189709165035,-1.132669459706391,0.3737624457416404,-0.05923569220103168,0.2458799645771549,-0.12238563791436875,1.6108716090389632
2023-11-17,-0.6267421435486418,0.2654943482957147,0.12680958609867482,-0.9898811442986781,1.55146646082877,-1.0080723720759819,-0.2711278704514153,4.075436009284913,-2.616302620801797,0.2087539581812791,-0.30072287453405366,-0.7050618568368684,0.7371650225777824,0.20132493666883347,-0.17825147807588512,-0.14022952459368776,-0.3156748419018864,-0.0189911419601299,-0.8565898374245814,0.8714642725076459,3.693399008116823,-0.0021617741020972378,-0.44879634735425755,-2.9896521180177613,-0.17106651419044702,0.0014842457023824416,-0.061554076066393085,1.0005882449900827,0.24698379585136435,-2.6240233067343293,-0.0005555723070735993,,-1.4348127670690287,5.055974564948586,-0.40014124516024663,-1.7368809742692808,-0.011853574829916658,0.3642929094413387,-0.4839041844335406,-0.13761005017814149
2023-11-24,-0.6941431454189657,-0.0016404163769459315,-0.2608404233431481,-0.06965532155470817,2.3619905504816696,0.3431517582895768,-0.3292816849046164,-1.9547000815846005,0.09236819827379164,0.8037041055294896,1.548423707780152,-0.4671753790551503,0.37130672678986437,-0.05059185371729699,-2.249513064347336,0.11762123495476923,0.36703911056032235,0.40674104932476096,-0.19362917922629833,-0.07119448822584398,0.8219285021082459,0.30206476280380956,1.3976342298637912,-1.1368198791639754,0.04146178215121088,0.2879439062395745,0.0008857651950855468,0.7663065468811546,1.8582565180731012,-0.7437577408646026,-0.0010366772113810018,,2.8544107791608244,-0.08631353495196209,-3.148075401163313,1.4647851751549612,3.183197439983915,1.4145524075734337,1.7354932207168938,-0.6164705768661461
2023-12-01,1.0324809017050451,-0.7685694392603843,-0.08573548315890725,-0.03387854120700847,-0.7985819115577808,-0.38271535650554095,0.13446352486097274,2.7965845270785956,0.8158890517793758,-0.10618258632736177,-0.30432926018154827,-0.1527504825157939,0.887000977748546,0.27659306495754443,-0.21799662572242395,-0.021165991985575863,0.129249237352137,-2.1084430569044486,-0.9939081114380394,0.8357141656925674,-4.296212392193587,-0.5796863773486337,-0.191130218059341,-0.8325485708869353,-1.1862991926050854,-0.047709604021345144,0.014588784455796127,0.3177810270779643,1.1470325189020443,0.9415444666334055,-0.0006336001973609255,,-3.438384562210243,7.24709236498208,1.6899643961929176,1.1568928029455363,-0.7355184768007076,0.336630547948735,-2.2339745113061267,0.9503375869927615
2023-12-08,-0.5417873333912228,0.0220533292199905,-0.10429282201421235,0.2029770459072292,0.055742963032929166,-0.5689506526748791,0.7101871987991392,-1.121036007946888,3.5246086921361646,-0.5137983660677156,-2.922318870393682,-0.697539713169308,1.9745451587796048,-0.35743040609990434,-0.06386241537967438,0.0374654920278393,0.557533487629176,-0.8466543996392497,-0.10822484588862778,-2.328487378077569,2.8311960659322706,0.06662727572089493,-1.2980192729233988,-0.6779607798560685,0.5247406064734481,-0.02445202158539187,-0.10159670721237854,-2.1901488611052455,0.7611426990992856,-1.517726840272391,-0.004338243782438682,-0.006161826505466882,3.4479442403525393,0.0460396011649508,0.3645483572192569,2.966120458774079,-0.2382778277736888,-0.3135625148904202,2.4289686966104664,-0.026711980698537106
2023-12-15,4.335139588524519,0.023214813720733682,-0.2384446455732424,0.46395131914390075,0.6677921701320144,-4.856277257214966,0.10491442971300269,-0.7152190847615365,-1.8338200392256603,-0.8601975028330947,2.120518833691602,1.9486389727019306,0.000889385784179561,-0.34622176707494595,-1.3127391745789718,0.024220156330067834,-3.9721080239184383,-0.09071428673422821,-0.15108510734055086,-0.4034195029539483,3.133078494860839,-1.0841058561131296,4.025346133088398,-0.714073893517364,0.5606205715332652,0.1398428660940008,-0.06761225031718189,-0.6671869941593467,3.9281900564238077,0.9322078263555554,-0.06603948787617829,-0.016418717528601516,-2.0168581607959286,-0.9004522015244665,-0.5435815922706332,-1.1343111196022104,-0.05512284886594345,0.6883792397810286,3.462402558143183,-0.07453535323055122
2023-12-22,0.6907339432811775,0.02422151684519712,-1.5885721365206826,1.0259559717547226,1.977630046399891,6.253814527030293,-0.38955894442343425,0.054680283400990556,0.44791828372126286,-0.4649317830950057,0.31339525489984466,-0.20126760293511936,2.015282761376979,1.5224461954252453,-0.5857690044192662,0.01525697696645149,-0.0022752606604987315,0.07561161180073167,-0.37601982660536887,-1.1091897605445036,4.269157133937199,0.35084203185120566,-2.0317254785139047,-3.56713368269945,-0.4325516531323996,7.869318395848393e-05,0.0497482004195671,0.4010109568028696,0.11146993400575474,3.090360042168679,0.027110143816282555,-0.008176207784830454,1.61452198184177,-0.2745333589926919,0.45269436914210104,0.051509786157327986,0.9587473593020841,-0.45275723236586396,-2.2346541622124834,0.4764195094245163
2023-12-31,1.405408552436076,0.740118161161186,0.029801561125822468,-0.3495549133103839,-0.03461182933381096,-0.09386931135511788,0.4967802231275377,0.46881722400313436,0.2968745514319121,0.029173235350631502,0.2953315763182963,-0.01922197467680911,0.019290376348562316,0.007004423149893843,1.2367186418487703,-0.07005096863316886,1.5281384285302364,0.15070003318836545,-0.6679600594779154,-12.125973834979925,-4.94106093348369,0.013606320401776492,-2.111762251660199,0.014854484953855746,0.8580487707595528,0.04775139314191758,-0.6403931312551547,0.15474811840807073,0.9425534332713288,0.7728716113456995,0.022827054948629764,0.0002278627826942863,4.618781340664278,0.3414183338858082,1.4950947674058572,-4.199177436338228,-0.1448981398506444,-3.2679150584749315,-1.8920711915060504,1.0631007043434142
2024-01-05,1.2149799143254734,0.012160020978057087,0.08364744487204707,-0.05069706750705969,3.600545411038784,-0.593217880132921,-0.1648410137738942,-0.0015536957426259615,-1.144078819850357,1.966196652990617,-7.672413566957845,-0.18818354459381015,0.29360720553289965,0.3721749935367892,1.0005446138172789,0.019289281472882606,-0.6551766129816019,76.67907932965151,-0.12377125049989328,-0.9012497698563346,0.27773399133249416,-0.03249070359721388,-0.7483852878155179,-0.6161158659278712,0.07081904430084004,0.018991675235637474,-0.0775207565920997,0.44141512146033995,-0.8265393872582734,-0.6595546604047227,-0.016772590505156018,-0.056067763856419886,3.815214078940903,0.6202519740559613,-0.36467037556168463,-0.013157406152380924,-0.23370961528353196,0.5046286779389163,3.3714184350976804,0.7744925564339663
2024-01-12,-1.9845396576078718,0.03246002535178055,-0.18961868234835189,0.17984604950895522,0.6201722568889735,0.11731376545032801,-0.1938760953106749,-0.587381055370641,-0.5785998892122123,-0.29574756222847554,-2.077452608879564,-0.750188880554784,0.030855508782741306,0.8357066181497618,6.622842445859378,-0.004725654984532168,0.36994415781897166,0.26719203814584935,0.39305516786475575,3.6966480242432445,-3.1860452166341924,-0.18045858849344798,-0.047763482897262385,-2.110382430751489,1.4364620009567184,0.1357791599890532,-0.19684561633141354,0.26366234772378805,1.1769235764795924,-0.7021708841458981,0.040061615014004265,0.010808241088091627,-5.374732885713463,1.9385312946435669,0.0459026917749231,0.6712572182679273,-0.01864533692066377,0.5799724155537037,-0.1259178905698742,3.660777686114767
2024-01-19,-0.7988894810472845,-0.004564916947629463,0.007557686691547978,-0.04278389139244808,0.2409039933333859,2.1013745399219927,-0.24336687422560005,-0.4339365301060345,0.5006799723142086,1.0547807207266533,1.3527443927308807,4.951237145777227,1.3397369336624292,-1.8696537603358367,0.21838914184578012,0.0313171349101278,-0.00287868346197849,0.8749426868833033,0.11110521792653416,-0.17711928721740314,0.3576907589422793,-3.3964076926426605,0.880735446348909,3.0326539330929165,0.029609392079829926,-0.003308188059331194,-0.378457688046691,-1.55596916528833,2.6622184081271674,2.850580040819781,-0.009335778380029658,-0.008182375956775319,1.0169929701080058,-0.19696340783361127,-1.6413575885690785,-0.1804179920596216,-0.31819545021686413,-0.9620444043009527,0.34490996267206064,1.820616233747253
2024-01-26,-0.27172428738170984,0.11641839214208215,-0.12598557996716797,-0.03268934300067975,-1.7673478617934542,-0.5345566532930931,0.6180836007853541,0.577657270201358,-3.8039973832480447,0.9835418476704924,-0.817016822929847,-0.7087371856418635,0.9439429503232382,-0.11002223485035396,0.26188735879401714,-0.004369330888343792,-0.24763960121104006,0.3835957278006418,0.30420911111821525,-0.4134645131169442,-4.3953722760777225,0.02265675729598765,-0.0034325805023017473,1.7447083880391374,-0.3733181223811601,0.02761695679187206,-0.31885175526301834,17.745696632559483,-0.572407002551049,1.3757473904111577,-0.0019088984459800513,-0.1400737195833368,-1.9895019701416747,-1.4177580383894768,0.053100690085233895,0.605196989334117,0.018427155489565625,5.105550702176507,-0.5816354629773253,4.850941939395619
2024-02-02,0.3923808407287249,0.018289826989713338,-0.07966869949425273,-0.4032229060196424,-0.003959263224625129,-0.949550345592058,0.06047528902323533,-0.22925662583759918,-0.9081367610222169,0.5466611655441425,-2.208520890257279,1.6911961925926553,0.6427898702529574,0.18029980345179894,0.16719683445003972,0.015119720632325069,-1.2270810229325502,-0.14037795428434038,0.24503343847366485,-0.02578507790953761,-2.4123252767310563,-3.9893268138379665,-0.0019918927157844073,2.167704048395507,1.9953544106053078,0.7464605117666041,-0.034572609065644536,3.7775627729390115,-4.569686590298709,-0.9091079899540049,0.08849727616635031,-0.2006042543804665,-0.030443742267908306,0.361946772330267,-0.47204363650530917,-0.2881507590800747,-0.42362092772056015,-0.6019096368426042,0.06901224962915409,0.09885794344219459
2024-02-08,0.5077523195770934,0.02970857338928177,0.10818489905135525,-0.12509725961843224,0.10557187051208802,-0.9535887592908507,-0.07211029117708923,-0.33377933923335806,-4.086358900736654,0.3334838226413295,-2.058186504942056,-1.8705934339844563,-1.2725036986223641,2.9167884259267716,0.29655201500166684,-0.012248535463698166,0.09931543397909764,0.3675302696585017,-0.08401775502676112,-0.7240266605691383,7.327070943132698,-1.1425815169362485,0.03650534549788385,-0.0811848159771972,-0.2668119875611096,0.18372673598822797,-0.008358728986272686,-5.725550195115275,0.5429489328054006,-1.3022552021184581,-0.004645834604782707,0.0038262437403986877,-2.4077425853972474,-1.9353440612515027,-0.4219924290392879,-1.6618654677192402,-0.025664883072239436,0.8131989962046566,-0.5776284020948925,-1.2293169596755937
2024-02-23,-1.8466619878846964,-0.12441813018659824,0.0337155191806195,0.2472509771556145,-0.7854096739655992,2.7342707081876,-0.12945064956274166,-0.37815366376062154,-0.07543440765314051,9.848788817358892,0.9667352811666781,3.4840710307313794,0.06304067743680603,0.0015694749984825895,-0.43127240915516735,5.23639664841009,-0.13498922090970017,0.13972800886636016,-0.005154733886385181,-0.43057316955538416,-11.12077218438708,0.05208550578155912,-0.017114481822000663,0.24823271747160797,-0.0807577818299838,-0.006811667758948999,0.05957242403232172,1.0068745994500377,-0.15542871874352981,1.7707364128315848,-0.3749941702212548,-0.01059907433546154,-1.0703572341507632,4.655457436009832,0.219674480489205,-3.0289050623150064,0.013094866208625133,0.07574212900427768,0.8939409502240687,1.2148574421201377
2024-03-01,3.6675076509421887,0.17155017481318802,0.011859442095136268,0.8021851171094431,-0.21949636929600372,2.742683627356189,-0.15294733625955292,-1.3458927822564162,-1.2424087013794993,0.4078233956505509,-2.823635625641651,-0.3601603895167679,-0.17760449171816833,0.0443379412450544,2.6556993342941264,-0.006937698498305148,0.19927873827999262,-0.1580055032564535,0.41766014259398654,-3.3461039340253262,-1.619337332062708,0.11967351929849293,0.08500488626731173,0.13927785830045325,-0.988040974273922,-0.02059121904533349,-0.028793955059749732,-0.8914318996084418,0.20894732319278528,0.5733051332040524,-0.09799232400262235,-0.19284117651643248,3.2273349786800702,0.3856830832004364,0.586818799431349,0.7481913160375484,0.0035332896101676614,4.065929928895531,-1.7565237138151282,0.48958452309281264
2024-03-08,-0.6580418873740381,0.03557834151598924,0.08049190334781002,-0.16562959222989634,-0.9834323781085177,2.1086381984811733,-0.43715096589998625,-0.25059245304922434,-1.1717680413456992,0.6377667515906111,0.010149267935002471,0.656998001767649,0.08937419085684346,0.6624911626552398,0.7195377863754159,0.01927483649081423,-0.48862341993937186,0.17927546841313666,0.028418513991882964,-1.0615595108214166,-0.059965787878474806,-0.7919959197885557,0.23889111380875486,2.8500553166582296,-0.7636546011606818,0.429782923948419,-0.2763582881498414,-14.226146408098186,-0.31324719175845883,-1.0549772855699768,-0.01764057764385306,0.0829952064165945,1.0256665215659364,1.0828451823943506,0.9171986403091974,0.5149994235408716,0.34751145440917897,0.0353304284911069,-1.959720426427684,1.0179919467810472
2024-03-15,5.707940978342871,-0.1069007334882336,-1.3520952026794655,-0.01817233084068688,0.010323083929010324,0.9113164689329212,0.09365790169056615,-1.3639670861930413,-1.7073623170323853,2.7223330782351334,-0.9911941881206658,-0.6744096251429317,3.405612709569734,-0.22117349866382097,0.589099198212623,-0.04076195112568465,-0.0482445703514653,-2.3098532274003007,0.028101463626576784,-3.391166839298791,-0.7169593095526955,-4.467349153552651,3.4418962786045686,1.7306401708763663,-1.3092546141283812,0.15516429894340547,-0.012023478870149852,-0.1926650464625034,-0.11971952269449802,0.4637588297440641,-1.5859722476165035,-0.02780574085816328,3.4568050461259783,3.116060543695183,0.013582301110258224,3.8490950510407287,-0.05479786046910396,-3.658030899772801,1.474720578460413,0.42302032584994304
2024-03-22,-3.76498352991996,0.6565504601241883,-0.151106323584707,0.06033540412297759,1.1538536756869893,-0.18581555996295956,-0.06365807503307536,-1.595077264479704,-1.1229910750175232,1.2229625469792558,0.11855916943736557,-1.2792924343725722,0.28677982094471544,-0.9373083449255466,-0.0683635336587447,0.015589996065803835,-0.0038272198762025755,1.9342516273506618,0.34804001489339037,-5.050289988784601,-4.912223837070494,0.11242077313448201,-0.028055991803885197,0.6855582161278974,-3.673751049860218,0.0005012945164211357,-0.0794150609012585,-1.1215266374884678,0.5282537835223042,4.6699317593954754,-0.65438128120696,0.00015722890327782925,2.5403376027914097,3.057904231592601,-0.3838797005765723,1.21554761303344,-0.06830323516672274,-1.5177469050818617,-1.4476194012320132,-0.4844123832064957
2024-03-31,0.600201004810281,0.026270805369081253,-0.015601627558731672,0.007322547174973925,-0.16406416669231297,3.359793545862775,-0.11224102285027042,0.19703066530430194,-0.22412207197856968,1.2170606387748695,-7.611817376646037,1.8763836085666332,0.05516013332511597,0.08663488657598763,0.2322409896025198,0.04986352569088839,0.1861285420893957,-0.08384917359535007,-0.16655207233342303,4.350233429670457,-0.04880430313758363,-0.32813629432042557,-1.740692027233337,1.0700647841715072,1.1525072566941303,0.021956445948699586,-1.2854348014785155,0.3787500678419485,1.8590066902702402,-6.669779469978376,-0.02106102859608225,0.0027581594758629407,-0.4511905729903075,-0.09042674072687094,0.17476660680294695,-0.4746470843964222,0.17239912936056082,-0.0786079084482976,-1.5002605072093425,0.751057752647069
2024-04-03,-0.707447992427813,-0.056180081442084216,-0.20687068637162498,0.07780155295349092,0.041828380163856996,1.6112441024307538,0.5620010608216575,-0.8943833326713254,4.0022946266884984,0.7989119758575334,0.4757515374336356,0.4269027723653463,0.2921225676832486,0.008093829426344706,0.576447149567057,0.12276509879925566,-0.01998902033219452,-0.1376907668508866,0.2577517376858904,-1.8775687317282783,2.1602889040380626,-0.11379870776934936,-0.047900043520915266,-0.09280799508286099,0.06935685815520162,-0.09289321794971431,0.34165368691930076,-3.4505856287690757,1.6358244935854225,-2.3949112908061543,0.106406829953263,0.012216682496087988,-2.03048124305313,-0.46735060670844325,-0.46057214822602877,0.6063795610431675,-0.043844459668548136,-2.0932478203040086,2.2356232521241006,0.6409036557558708
2024-04-12,0.7338095840587643,0.4334278225058135,-6.053648675846686,1.4618121859192514,1.0604646559060174,-0.33410710664159954,-0.8679465450386166,0.008900653794037344,-1.4912457738319471,-1.5995025956505975,0.8685284126416499,0.5621182045354469,-0.11681270331517417,-0.2790257347484316,0.376583522870917,0.004679624446885229,-0.5129121379143675,0.9628767576779913,0.6764376985586124,-0.6985442237351096,2.7570497882999585,0.4998999211100167,6.751025008132382,-0.2696523848835916,0.05565256950832865,-0.32647457953386066,0.06677272261849719,0.3051200561083608,1.8288645497706648,-5.695028992025009,-0.0348369124766614,0.010336838795246397,13.869839288229684,-0.9923905667569453,0.3112508173653555,-0.485688051383418,-0.3540693278708826,0.7260046771922631,0.4090296258957402,0.33106269793860754
2024-04-19,1.4239084611096513,0.13666595379660804,-0.0870057837837314,-0.08341840429005108,-0.1608690721625614,0.618524844655027,0.18983093807413476,-1.5984311953153933,1.6520861190764242,-2.582555350836284,4.2910664089887165,1.3773421597573596,1.0055436483000106,1.4022928956576628,-0.8411291726121544,-0.012840596301578251,-0.06317870787621026,-0.10507519797613754,-0.2644248366759492,-0.998528659738076,-1.689666049223788,1.939339855170176,-0.0977685099171787,-0.07830324868545233,-0.015538063927191306,-1.317247384869657,0.033819964774696995,4.510783484078696,0.7816715126221777,2.2078079946308535,-0.09748461582342938,0.004232987038849823,-3.121117091741182,2.6239943007161948,-0.21422639208999888,0.4837072118446779,-1.1972894731650028,3.8517866043401616,-3.80678557938637,1.1738044091934043
2024-04-26,1.5736453207492664,-0.31136208310889674,0.01546506257325667,0.3007373985364395,-0.23135622018781,-0.5740117359600518,-0.2908190399122328,-1.195636490816881,-0.5370568224234107,-0.11011111631518915,2.9758079475431316,-0.7110145052467657,0.05009784992475924,0.5081634634862731,0.2510825041865371,0.014077952161393376,0.28097195394797136,-0.030776697687102304,-0.09136147591421886,0.07228276535253002,-12.83951855277802,-0.6583066988539612,0.12971923294989124,-1.143652604340758,2.552843093610364,-0.007281016678795724,0.03335011123605879,-0.4064657021348285,-0.05656365087751722,-2.7404391495994487,0.004738607713187249,0.0009377293515783532,1.5356434973045685,1.7301358408715646,0.06019875719036739,0.5579541708726894,-0.0023183785552307505,0.12372207479350067,-0.4235025163716668,-1.232171105470899
2024-04-30,0.8184303885617029,-0.14939934134946048,-0.11354278974996547,0.24215000154906602,-0.02726805339924709,-3.712408507912062,-1.0698350094867368,-0.5121397405997832,0.852914741631953,0.14580032329646747,0.9373118147867521,0.8000375378134557,0.12367294205212408,0.23682900989551606,1.4286598499021639,0.1682534566107597,-0.4048138095710121,-0.8655880809106188,-0.07706581567283212,-2.5396666469701183,1.3968401861732789,0.07945439497818135,-0.9695031434343341,-1.8096903276524978,0.02840312647271742,-0.044544117760485204,-0.01931950442724519,-2.2373264786371267,0.09635495376904933,2.3634813931483882,-0.16049823090108772,0.005422859392518891,0.6612424143862375,0.4325325525569952,0.2940852337022326,2.716140041349563,-0.12273376500951579,-0.28266934884425643,-0.7849869656720192,-0.6124274212435574
2024-05-10,1.0333329498600996,0.10365447327058702,0.019698969802234057,1.0401069012341588,-0.4909674398626772,0.05125773012517802,-1.8876841769835009,0.7220485628034456,1.0660418067963495,6.9078383364626506,-0.696117932313099,-7.476933712104783,0.017404804561809886,-0.22060678086695082,-0.5344470168173141,0.013448747847635358,0.19766442853412342,1.4562094765939797,-1.7142548407405027,-0.8745791848241075,-6.899936197942674,1.12847435727328,-0.20791080307444573,-0.5437775167561685,0.763351362126959,-0.19123369278518035,0.346445682081342,-3.1861746116545895,0.2002118983540532,7.264330419705592,-0.6704813541080896,0.0004974541327328274,-0.7490033317576569,-3.016935365534124,-0.03368839484122609,0.17230874372264124,0.10114994726701311,-2.293383938600863,0.038339274967576456,0.06057651799517637
2024-05-17,3.002269193680172,0.08160844286396213,0.0022873190612702834,1.4677985487125993,0.07938332970682191,-0.4081673885277635,-0.7609747738713135,-0.06457836723180127,-0.8774928143838756,-0.36403565403066374,-2.1752395412452405,-6.492175626139124,0.508544223635614,0.2566397415523135,0.005948927845256767,-78.93019544159796,0.09098070588013595,-1.3262077336594138,0.0039641321175969005,0.1616995627309529,-0.954351431784479,0.0037438509529525987,-0.4242569414914018,-0.2569326920264698,0.7653160544555643,-0.5543870730849083,0.06282983695245287,1.8471245195691048,0.6214352342717111,1.7711408349302846,-0.05438320318365729,0.0005390737275394221,1.5127249006749144,2.370992134465072,3.0804998943339825,1.0246187983948412,-0.006427698183293836,-0.1549448911387695,-2.5375158078968814,2.2207043615199225
2024-05-24,0.2390639761553348,0.22553971244072574,-0.09196252193777682,-0.18607811234696248,-0.6896642559889355,-0.5887836311329122,4.261913637526912,-0.8505541317481529,-0.4405950726360782,3.9253860665827407,-0.20796973115916284,1.1030856587930205,-0.002368825900877322,1.7151246538393667,4.051181611056818,0.09620475538738947,-0.0793219712352615,0.03102724192411258,0.1530835160804013,0.8766547411388992,3.332813185271449,-0.08140160571011644,-0.09964004800368081,-2.4274690005998676,0.26585309681747504,-0.016119609006740518,0.018927637335195865,-2.547962324962575,2.85364896894913,0.7870125706084609,-2.9508229828317503,0.0017264284095280772,-0.46568097431950756,-1.2607951793636414,0.8782075295157328,0.13322073600840967,0.06443136252524578,0.921214213873006,-2.7452610767372847,2.301897405277738
2024-05-31,2.5990680432381223,-0.5128671848973753,-0.02363544593578117,-0.5879436146624724,2.1595873374144103,0.014710942787108203,0.07191090503148931,-0.2451188320222202,1.906075643320194,0.044202076007831714,4.064270299318944,0.6051310582585085,0.6673791702855493,0.24699329516119112,2.1383592994928566,0.11935565206570008,1.0206425319914352,0.028508666939737547,-0.3142715635326097,-0.5723851574411104,3.313322792658396,0.06391267499399504,-0.03734597971043516,1.0580208785012362,1.147243117935994,-0.00897739361632131,0.1622117118937147,-0.5779276830941338,0.014067797506011283,-5.804028461714281,-0.05356365487120086,0.00025739165206563856,-2.566052952135038,-0.6187425817355037,0.16105965814341394,-0.2808529976362485,0.11133053594469446,0.03066144022819441,-1.2888933041984842,0.3994368370351889
2024-06-07,-1.9120139939854242,0.8180872837180013,0.557933687226092,-0.22902097434895075,4.164565636151914,0.15835591591630543,-6.52553452226065,-0.19092495399083265,3.4730980465178685,0.6467412135935161,-1.0709893600674094,0.5660240687189501,0.02865256655412864,-0.6361812902030831,-0.23527575801432862,0.5552488576302353,-0.7577234967488506,0.43840523152241634,0.4185998994955027,0.07930703699113398,6.276938651556586,-0.40713872753611097,-0.02989492140078995,0.6225640236158336,0.0841183276270739,-0.1879085422832356,-0.5518620857077221,-3.385725856570395,0.48230846767763513,-0.012323532866257418,-0.06059034957220502,-0.05902452296155829,1.8157149550079859,0.5602487933413193,0.5985360625461991,-2.5484146495823117,-0.12994242844376758,0.8857543790259497,-18.86916480757006,-2.4576822242277583
2024-06-14,-2.4983016670189624,0.044388355611259867,0.36986400074035175,-0.1924392548859505,4.926917997878737,0.2707103637402426,-2.1066764129008804,-0.9444463248799035,-3.349374103834982,0.7286455120646325,0.6202225473274482,0.797139618971287,0.610733691756894,0.267471427405264,2.4619301765255517,-0.0016707871595269747,-0.5853245743990535,-0.4040942152637195,0.056997928448676266,0.010079580715179087,-2.250441361388847,0.0111860154397855,-1.1302765085990567,-0.7481407110356864,0.04897894143661909,0.0050847711566707225,-0.8077964258123131,-0.12458928740189741,-0.26611199293515286,0.3736556379647314,-0.5006837713577477,0.0002499641097557382,2.547697773301534,8.200135943429085,-1.5447072079600133,1.3207742610140378,-0.0058616870650712045,-2.5682352110457005,0.31044706795486027,0.042406707352575235
2024-06-21,3.158045834770827,-0.2760265792014684,-0.09966339909641903,-0.27854732484372957,0.3721165591463027,-0.06016472901758129,0.19447742779430627,-2.4507968559235938,1.1362145692322518,-0.1419007604093386,0.6950136502804117,-0.1276020409145243,0.6697367947101598,0.1480680549489119,0.0557638354339088,0.8770499205708757,0.49130104665728336,0.005714259055789707,-0.25671819359785714,0.23440473122069666,0.09295320145049413,-0.28574075175202707,-0.034975671916746075,0.17598727108980589,3.2404366486234037,-0.024160547715385818,-0.14774645806764328,-4.6057873601915205,-0.45930780600564064,1.8795683565533174,-0.0007109985392773946,0.00031840619870435383,4.521357967907592,-1.1030573378503206,-0.36823210397006695,-3.4664427076784303,-0.13113859451480567,1.6808396458956119,-1.8508992676728726,0.327217213531869
2024-06-30,-7.802568433687419,0.10333645400817369,-0.7476819932614949,0.5543689719023487,-4.007785717346135,-5.442650271898037,-0.16762894162705627,-0.4982759006231429,0.3389308614391802,0.07107432515535882,-0.1015709835227169,-1.8455444637779255,0.07725829354925376,0.21339554768071933,-0.45382580194884914,0.049915385356387836,0.36622689814507026,0.5414139453660243,0.005953842803038253,-2.248711806113878,-0.3461443709039225,-0.5242317780713857,-0.06049374614565939,0.5563311946615793,0.3035984697867248,0.09540524392723432,0.1400812481019831,2.1798375745894765,-0.18009384355406077,1.9302312260845336,-0.6593731332322538,-0.20822548619790432,10.37983426880529,-1.4970449991255126,0.16891124318259576,0.3250004968700586,0.09155496138833266,0.231234279601285,0.3174919101501332,1.1612989143744663
2024-07-05,0.7437584807178504,0.02685556686067033,0.14985437094914172,-0.4522428287063477,-2.979345004284927,0.6959132864272495,1.6982053219776034,-0.6409449600663697,1.1027820912625907,0.1307214475078673,0.0014369799013976559,2.110068235071403,0.023277123935932564,0.8960415830179658,-0.3570232044011542,0.046822549961174735,2.1691470550830707,0.02311057288627063,0.2441691773401555,-0.9801994399213734,-2.3245132991046566,-0.10568714533199051,-0.02476516421944406,0.03413799546543789,1.317988496319495,0.03717631848251921,-0.006030531023254661,3.813419024262365,0.06364755796749656,-9.549799580493767,-0.013598896139339496,-0.034904367593988184,3.518712466914268,0.1885786411658653,2.5687880663537466,-0.568730872205657,0.0009055719976557596,0.2434183173002353,-4.271419135388366,-0.9625812434595767
2024-07-12,4.6490501681401515,0.35498803529862544,-0.14495061304167525,-0.597756188925788,-1.6734194116747412,0.022961878819918125,-3.1524856437597326,0.4540245751460568,2.2054815306610807,-2.1084369237369374,1.8773111170792078,-0.6677486949481001,0.023537406079719228,-1.814626120112427,0.10716120313896911,-0.04970635857191354,-1.9875404104266075,-0.39000082863670715,0.6931842175750793,-1.0687082258737621,-0.08681769262828,0.295170041140326,-0.0788820647721103,-0.6157324880961667,0.34442685433421627,0.1298167124356884,0.1179850821452959,-2.517158473316731,0.26597740516488455,1.322951805976304,0.023744426914406577,0.08117955087744168,-1.3210346767285701,0.20650896048235795,2.23550332265025,0.9836261781655192,0.043556399994662924,1.2637044475882369,-7.998393527749926,1.4408385222693898
2024-07-19,1.5838450949326883,0.38699160154842954,0.06510402026363757,-0.07454056640887419,0.1593722370744422,0.32727006011298687,0.13708269712904875,0.009286021435784414,1.0745697684280633,4.006647792082522,-3.443371558372472,-1.1660544654795268,0.5254548937376912,-0.43776295399138904,0.8108352034781849,0.0031251910425182166,-0.7491018732619927,-0.12303989703365995,1.8307275847757671,-0.20980332273654217,-1.0238713711234833,-0.3714570740129381,-0.0422515455657255,-1.4840002509318306,0.036505809447833916,-0.02007911223303776,0.01849317515502389,2.6648502368781735,-1.588654379274153,0.00633993988381438,-0.17924574293956896,-0.0030010120455084594,-1.557145681081272,-0.22216049622347578,0.20880917391325426,0.11749581454266755,0.0027040412477650983,0.2546681734345184,1.337424650375587,0.2339166507184562
2024-07-26,-4.446373681072176,0.013162403898317071,-1.1076179349506212,0.04631449515076103,-0.031093556115092263,2.9851072072545497,14.455021893454115,-0.9360227351644523,-0.17873370160305901,-0.42658073710685274,0.2602131033000348,0.090055123683826,-0.9664830473778286,2.667090474419671,0.04425862523811869,0.10446688678783385,1.2418576303899123,-0.10592090840898935,0.13598204789180135,-0.4684647163394413,7.368080223625778,0.4436450795873418,-0.09027186463774373,-0.7574984005065256,0.8588420850560204,-0.0315725983246012,-0.2029076873855509,25.289378565873434,0.5239416870744116,0.0804224347983934,-0.09066304659962118,0.03611820028376349,0.9346070797255812,-2.3554434623385703,-1.2163085350966207,-0.1999893320018938,-0.08815630674674914,0.4875487757662299,0.8123314011797043,-1.6577630703601915
2024-08-02,0.373404296861861,0.06153368352234111,1.6335458725143537,3.507203567801025,-1.598779528910432,4.764082955284556,0.10396523504997507,-0.15399375833358722,0.5493710055803007,1.052868562623932,1.8146151828379007,-0.8066074171439174,0.8782590895271785,0.10886702269300215,0.45291278894305365,-0.052584456478095024,1.160744959117685,-0.4457807911963119,3.3885034081325225,-0.13311271382549072,-1.2123498162341293,-0.13112145620799545,0.23566538216779684,-0.1100100720196596,0.313017719744941,0.004696668656326232,-0.14608178964740243,6.001702378749849,0.6193929920922328,4.218647064134072,-0.4638878801598248,0.0019348598306374767,0.32177708268279137,0.867518039228346,1.694723283109618,-0.009654527509905564,0.043969589257633605,2.2526167165057176,0.7124433567990608,0.41533516617186883
2024-08-09,0.22219220966791375,0.04474252527137755,-0.03732453300882271,-0.3871964210010662,2.0484078298528092,0.4101482839455358,-0.09371950759924444,2.9559442213243465,-1.11173670048941,0.8094237438800502,0.3473889626169657,0.0929916076778127,0.34510646345141316,0.25851159270640167,2.0690935034956035,0.18193414691035176,-0.8924348310585226,0.21232918469231596,1.48284471404523,-0.26224610384788793,2.116086699351106,-1.3565762158052215,-0.2621599858574706,-2.345502247363573,0.6205878872150521,-0.048614478094590255,0.24967063962597807,-2.4096339228924912,1.036899711802295,-14.267567820951804,-0.05800517458580391,0.0068046712019761415,-7.728924501205029,-0.3028074973426569,-0.20176708716462594,0.1530831341619713,-0.6294526525458024,-0.3986907940706304,3.0690489695949514,1.5081874673955016
2024-08-16,-3.4196540654562146,0.0027756298925193435,-0.12674171019922056,-0.3687461616565145,-0.26220815349502846,1.6017047862661096,-0.32161641635795196,-1.181304533479876,-1.5614907587625626,-0.005920699740241675,0.9896974333264879,-2.9134816539240704,-0.3325675918324382,-0.0995956758608792,0.13096455429956205,-0.019235059374642604,0.6144634586834505,0.5392792797709118,0.04261607875429073,0.3755714121016086,-1.8071249139202639,-0.608065332764419,-0.043419609020259355,-0.08474037832551518,-3.764524794066524,0.09361268961266413,-0.007617807935672765,4.181350027207855,-2.394654097059827,-0.8524196094654832,-0.004311930116128736,0.02707764882430353,-4.3783675800602655,-5.810443385526855,1.66885638860912,-0.10311079193234608,0.01371360324723522,0.2784708802739124,-1.7173179607565117,0.21766340917182206
2024-08-23,3.70526811519553,0.15676062428765142,-0.06778715670001426,0.10349766357090068,-0.24834038549263862,18.068336114816333,0.02928369884248329,-0.054998318785567234,1.3188529866793992,0.1787110131951212,0.6191617338765902,-0.13637582115030922,0.020289126381839256,1.6975642150786634,-2.1066470163735875,0.07364691753150901,-0.5892970739217926,0.30176762328005935,-0.2610257021354384,-1.547347290058547,7.6032945680500905,-0.15718433207726917,-0.032373947815903005,2.828589043354335,-1.3035490895141133,0.0031342103115753,0.11794367243308247,1.8414182292717112,-0.17931573014073413,-0.27075279159610643,-0.11693284045676303,0.007410751458613608,0.31691388790195313,2.572775952933045,0.3188449170837584,-0.350653256811316,0.09819179807846139,-3.5309537931090618,-0.5258683752537178,-1.3576564905222406
2024-08-30,1.9830584364624164,0.00537353385325953,0.05363993772240396,0.01545655291294363,-2.312146188454075,0.014469568995575426,-0.048578971783590275,-0.17112860028685298,-0.8824948255633995,-0.5752842120595794,3.89685339569964,1.1995062278065414,-1.560401916716278,1.5082967626759431,-0.38550519936153815,0.40450726015600486,1.5068305867167753,3.0496700774494787,0.06627526207171477,-0.4966643378748514,0.8129676137969796,0.3709233550726097,-0.08730849715682032,-0.32093796618452824,1.0599458214753714,-0.18618333265868567,-0.6759489156812917,0.09067027853581339,-10.632223551568046,0.5435172970185431,-0.05446876808062438,-0.027440413236988294,-3.292835581146983,0.84555193173612,0.12581681295941338,-0.04208117108470641,-0.1570683287548879,0.7727982201458256,0.6229493466189517,1.1109015148361627
2024-09-06,2.01703286742129,-0.4117711256147547,-0.053589335821905455,-0.12952554855881054,-0.11418052061749233,0.04986211315522919,-1.0698166448277562,-0.9517775676713235,0.5980529545640765,0.9528479842405349,0.5636472189363131,-1.223112499255876,-0.010220784771140856,0.04205696047824363,0.16564164829258926,0.09986839083392055,1.206990131994034,-0.0677258507960414,0.26095110830289386,0.8953282622824257,-0.6477342209950008,-0.1104629321126201,-0.32242833704717233,0.4096922694658451,-0.462879620602463,-1.0793129387731017,-0.6347798543177322,-0.7171028869408844,0.11727222960126923,-1.0178655574579603,0.01004642276347583,0.11796202446527958,2.0880299166066494,-2.7715695428720624,-0.9901659555716149,-0.5920186813467307,-1.9731817933735643,-0.2879474516241706,0.2619566090851795,0.5970817907578435
2024-09-13,6.5296649541050344,0.08707637682867145,0.00027246143998636146,-0.1244344122391216,-0.07867282458988942,0.8787566239272122,-1.6483172839102262,-0.11811536455397005,0.4738567583292579,2.8686281990963667,0.4731516060841516,-1.6498911424847793,0.5391192875248081,-1.324200350525478,-1.1234776468647312,-0.057042950680459434,-0.033989155113838515,0.4653776197280721,-0.20912196279382422,-0.09084991641081051,-0.6372944807159309,0.4331947911361408,-0.04036818534446114,-8.979618519037063,0.20357983964825163,-0.056722221571600125,-0.06157329469425184,-0.5551015648183173,0.06175364464189845,-1.0459307395633355,0.23814102134006732,0.000915951717719729,2.0632172696192868,-0.18059044167760605,-1.7331834386153817,1.208821554789526,0.21870523445370513,-0.943828758852376,-1.1735427638469667,-1.86542032049995
2024-09-20,-0.31297707915154327,0.40583712670288297,-0.17082478826441647,-0.018374871483510333,0.06554745171002367,-0.9169493230830565,0.8395847155664533,-3.31880824881456,-4.781621551032995,0.0687236673815835,0.38214371713002687,-1.2863843660565184,0.057778945086798865,1.8814019098658101,0.3137527776529784,-0.0008779410476074927,0.28518812381820824,0.04461813454904452,-1.7112940420645624,2.152967498258003,-4.723605334041783,0.1900420751667396,-0.022123661934387362,-2.797409531609226,1.6342356917089598,-0.29599781835573824,-0.15122334887970915,-19.469102975624168,-1.4174507896249704,0.4737319866813841,-0.163432443871107,0.04766629179940598,-3.3282385732889392,0.8184761176714364,0.017004459994050564,0.8418486840177097,-0.028838232574330325,5.319907555177105,1.1036183209819506,1.0851762020897628
2024-09-27,2.0160965551430734,0.024605024834416026,-0.17331884262983563,-0.09308161400790248,-0.8929817263586491,1.108246993851257,-0.11052676382655248,0.15670075849883258,-3.6168757816732686,1.9721362816008903,-0.47379529778265556,0.5713960090343446,0.16288823474540323,0.5079551898524324,0.06316244616867925,0.31662597709601614,0.0964611876765607,0.001970098250027341,-1.8825402100814308,0.5092166635691413,-32.00915541886194,-1.0070505947836417,-0.9464378194555761,0.1190393418494668,-0.22016714494532505,0.6939886397002503,2.0612453983050547,-5.49641995962183,0.2716848539015118,2.3329392771478865,-0.4466955467754249,-0.02063172403770051,-1.0692518640737494,1.886169954402145,2.6908070970462035,0.016569894367433745,-0.28590695884721046,0.17418372888629755,0.36030040286531273,-4.32146686239398
2024-09-30,-0.24319645858685984,-2.228304971864353,-0.33498913661780316,-0.5040837193160316,-0.04272560974090098,1.0423267761369468,0.037480476314709306,-2.5856726047874865,0.32739282887581267,-4.356599986122928,7.791616349987794,1.1921303267768055,-0.5346826602712943,0.6556642702023224,-0.6437147525718386,-0.006688358984631285,1.3099167199026176,0.16923825823210475,-0.056202883726408616,0.8508779696779971,-2.2464919670723655,0.021112861532999367,-1.338223571595098,0.8918496078477295,-0.13723953867946875,0.3243766944594857,-0.009396563457932241,4.46740109659091,-0.4082367656260344,-0.5280095942897159,-0.01730145916838537,0.02832234232060378,-10.258313829591037,0.31827368433940806,5.1988330851973386,0.17528166236598544,-0.59223134544527,0.06878402632451214,0.5667751541460557,4.320700063096767
2024-10-11,3.8207393649659176,0.4909902906080013,-0.15627677132520512,-0.49906648388448666,0.6538107122337444,-0.032076354880690536,-0.8750215667901455,-0.09417865637290465,-2.663291215524497,-1.7138165052407222,-2.361024100478793,2.8519352280789345,0.08613726815809057,0.33807337429855544,1.0325014240206136,-0.005651517009518856,-0.8262238658921822,0.10872570750520538,0.5329496935304584,-0.6320021053149788,-3.5381521340044437,-0.22717966775301182,-0.6134323399055882,-2.2101058845235397,-0.8411650206726711,1.2348759970971912,-0.5157307194230708,4.309322507467783,-0.11437638536436137,1.8784525237059704,0.11043037396993008,-0.09502615548054288,0.4792136476564198,2.165907489734236,0.24104928681976556,-0.41241737260389727,0.15995648441471183,-0.296684650724884,-0.592216886151446,1.2257815607968319
2024-10-18,1.7785405629491828,0.03672072247615617,-0.058687524118544984,-0.3996601020388602,0.05901142643230272,-0.07559396226136318,-0.039417892247022634,-0.2999489024819635,1.7321782424026593,0.2849427348029367,0.7165043763150896,-1.0836559543911888,0.3974967756441888,0.9670601688777134,0.041063221237783804,0.027568536272913963,0.3731596892132636,-0.07246668674319179,-0.25873558983165174,0.12928147155134476,-3.186549657668879,-0.10653540275348328,-0.004016063866668447,-0.6436453752706435,0.8352527322424942,0.6976932847075086,-0.11120203714113551,-0.17387335138495877,-0.04677309786504186,-18.2824828508994,0.9143749845967213,0.0008420302177129252,-6.095658017943205,1.8949843240834863,-0.28639592979726036,-0.3364166233375956,-0.011255886808168504,-1.6690138352741952,-1.112192721009221,2.0016518022474363
2024-10-25,-1.7390763698850136,0.17655722294504803,-0.3502988453143513,-2.794510593658259,-0.33639567112704244,5.333431408022781,-0.2663959692254805,-0.7417472662287781,-6.256193104847663,0.7942889068135881,-0.9353522392872382,-3.6310596026660535,0.6071162325108856,0.4622551880484137,-2.326357458850675,0.13098648289116654,0.03845635065810382,0.11833181376215167,0.2778216827994325,-3.840727884269697,-3.534729315508954,-0.3512569984247688,0.7652646176993987,1.2029993370107483,-0.9698787539117226,0.046666392602350656,-0.002604004346236412,1.245039341690135,-0.9338768160985236,1.0843058401200898,-0.04474663254488884,0.06566027873203156,2.8812580306945694,-0.13966952517795173,0.7170183239777391,-1.3601140187465126,-0.0031459134652038557,0.05504604611581118,5.407314667091067,3.739297031986965
2024-11-01,3.272526972825983,0.991224149333685,-0.40679812334003357,-0.5436025568606213,-0.017163610013978536,-0.9810809001269626,-0.11195792207065566,-0.0770800673706861,-0.1533415401125777,0.2159480710779036,0.6354303798509531,-2.547395649519081,0.5867246247863995,-0.002815263188435708,3.729381264174946,0.010712404661935153,-0.21716962315868063,0.2273758858337992,-0.11984640946337022,-0.723845784322934,-4.226068498174429,0.20432313612453115,-0.21419066995226213,-4.086238584816361,2.5581179030549257,-3.054789352297849,0.22587286079960384,0.3363770171971738,-0.7321124856495278,1.6584625399542041,-1.147310156161219,0.07048376884557786,-1.4747113293326437,-0.04515697222934875,0.08811857325020668,0.17413141587659192,-0.3712422948328796,0.41203202157016466,-3.0253025683761456,-0.27572549329153556
2024-11-08,4.0464563309683825,0.060371979628804445,0.5771313743569316,0.4666247745040733,-0.21428064806547348,-0.3720336660423392,-0.8905414377804801,0.5099497274498623,1.2162397809423235,-0.34113677652152996,0.1575597207080702,-2.198628096015969,-0.061050708091435334,0.28287334473038966,-0.41656556209068973,0.4458798870734145,-0.1798114709919494,-0.8968476976903256,0.31752988665813714,0.06706224549117704,1.914464167103896,0.18310486642768561,-0.06852637715410544,-2.057491425756729,1.16896603973655,-0.010737947082191356,0.008390175519794027,2.852283111051706,-1.2749608228765914,-0.8191544983681083,0.5416843488602058,0.0016409596262643422,4.379172249249362,0.870994508209747,0.5617248380605516,1.0435684210932687,0.03211230839448309,0.11179368023129999,0.928347360212493,2.6046518987315874
2024-11-15,-3.795925067116937,-0.001974661822892536,0.3193588127950282,0.6619384109890507,-1.180647454711767,0.18464364336396874,-1.3496770243885896,-0.3130058231520326,-0.5341396367562508,-1.921987683584671,-0.025922519690180876,-3.2250974454396673,-0.054187878996197286,0.3912299199558805,0.25154690628686727,0.8635709537111785,0.08230841738021792,7.5029765662712204,-2.4202867190107558,-0.5552475177225178,0.24836623639211514,-2.4444346460074735,-1.082714987091554,-2.0381930093480287,-2.716122118865,-0.03267473113927913,0.35592109274336353,-0.409045770068995,0.38250859214810007,-0.2846699290617058,0.1287133554083819,0.007112840938649695,-1.3756483462519,-6.420359508652179,2.555780859408956,0.24265955602646572,-0.017195228715747447,-0.977904872039982,0.2510944676746805,0.5599346686272093
2024-11-22,1.7001585174378644,-0.037083331993742086,-0.40961422484708127,-0.20707379780982937,0.337330933331803,1.5478881412540866,2.0682213854358826,-1.7778094030409795,0.3880526852698151,0.2651896277833822,-0.8069110359802228,-0.4275846558344888,0.07890672874075028,0.2229323963694936,1.2318212325928837,0.06052475346833886,0.7076830929957305,-0.06408955071203182,-0.02656561091077636,-0.050720227085004635,-0.6067731827100179,-0.8541648442411511,-0.5471669340117695,-0.8206767374036992,-0.6310897029680266,1.7987233142251902,-0.07770736992372013,-1.552519688699076,1.0181922235870415,-0.27674804803859493,0.06824745213246675,0.00027461980437154396,-1.426889233285303,-0.753313259116337,-0.3405470680928859,-0.19661421965039141,0.12245969867972321,1.1046415959646503,-1.6038761115177098,2.3007045173592733
2024-11-29,1.7215929146111404,0.08065452682466297,-0.006856411100626111,-0.3789253976204214,-0.02308615597902318,1.3835029922193387,-1.0249881120803463,-0.4012277033996235,13.02909051029531,0.41802440873719426,-0.1565735312710727,0.6540930528792241,-0.969446725238436,-0.572483517442072,0.22695872709375875,0.5141673482636584,0.49130960989516487,-0.4473433696057023,0.3950291658612928,9.550224638619948,0.850333400520774,-0.2041204670751804,-2.298970382979956,-0.7341970835020335,0.3391919821823162,0.6825888926194653,-0.023068074238370734,-0.22373428980553614,-0.9345722300547834,2.3635146357842918,0.351375439700216,-0.25840045066314365,0.33640077143171054,1.6447909973863284,-1.4717718188853774,-0.25923482659578384,0.12824968565953826,-0.5394908819238469,1.5413998327930136,1.2216217467220238
2024-12-06,1.0366063604899551,0.042594971413146984,-0.3541146108409001,0.02847014132946865,-0.09729610699492496,0.1309756429358577,-0.12469533563627756,-0.27404358091946224,1.0375504081009206,2.637673841423604,-1.0259263502115163,-6.167142641563119,-0.572593750235661,0.2550743926460831,-0.09443817189094461,0.07839680836170491,-0.13637578866057767,-0.5276542613765345,0.05718312402065073,-0.8193366379729904,-3.507385996382756,4.500114605707091,-0.18731012770298364,0.9254102875045492,-0.3790614491382709,-0.026301658305702406,-0.4365722504775974,4.651316373411891,-0.43906216579690693,3.0117860319556935,-0.05797594318401625,0.0004160096320035672,5.084509510537612,0.3810396647390553,0.5956208180015992,0.014870486220751317,-0.03199765705153529,0.8515112541226859,4.808703110286879,0.5140791007996063
2024-12-13,2.850219800270002,0.09022975358216086,-0.04019095405296816,-0.09356953021540944,-0.7497507406976335,0.42877477914894085,-0.18110047341446767,-0.46771508520548016,0.7234941967988415,1.1005795611350209,0.6389401340328095,-0.3164405820775077,-0.1062351140966994,0.2485277138230843,1.1094481612698759,-0.040482597501291726,-0.07582461885474866,-0.059506303079295844,-0.0921232768311532,1.434274782544044,8.799819171850062,1.2571563094190759,1.305204272264569,-1.6387372299924459,-0.7447875445244855,-0.2879880734628194,-1.6451600471440224,-3.275942538946807,-0.20750650465020481,0.5122857278010793,-0.018446724938486786,-0.04889917254031271,2.2795908241015828,3.700972081433606,1.401208307134696,2.646278084304549,-0.02529388484738399,-0.11509264765469962,-1.1034024854823825,0.5428313602131702
2024-12-20,-3.6668432431977784,0.0796477361633509,-0.5234468482393432,-0.11674149897226993,-0.6223258800526812,1.1150583440913913,0.4234897440677169,0.1129595731568209,0.837386095369781,0.1825449574117186,0.989871492080623,-3.923933472610261,-0.4003989807085315,0.3651165089291965,3.5567978308199524,-0.7294031291743486,2.032944430748012,0.21557069052626682,-7.594426815599472,0.20340903182143755,-0.655496058539296,5.014179579391508,-0.3945452834480344,6.4850720626252265,-0.3447514825003669,-0.21350212694163878,-0.06944268820681337,-1.4166441266400525,-0.29645019837731684,2.5148773844599597,-0.2085256643776546,0.16846358210732637,-0.5059962682488419,-0.6536327653029499,0.58693286367437,-0.5469739457766126,0.3812298678331983,-0.2779406601875451,-4.019942761729736,1.0737711412506674
2024-12-27,1.8072897524241909,0.006172363890349723,-0.030300377831384943,40.128464047448794,0.06931990385607548,1.5976380152834908,-0.22445535602892502,-1.7122101120059048,0.9433425717283273,-0.31275701680110146,5.744918265771936,0.4003339911541829,0.2056801606157786,-0.05948722827062653,-0.5837017836309455,1.2908365236068629,-0.7687646349885178,0.43296833799551626,-0.09357618317260286,0.2714370721976683,-3.1178647661917656,0.45516085682744917,-0.3836342193047704,2.5411676766433406,0.5933484164549063,-0.8672882499478693,-0.006139986409112405,3.1564890320752097,1.9307808610945363,-0.610030868899107,-3.5841293873074402,0.0018426825439427866,1.7011757221232813,0.4803997317365045,0.09652764717668696,0.20486560886395577,0.22670795241347255,-0.12858418893577328,1.5643357258705557,-0.10649126202604298
