TradingDay,TMT,一带一路,中药,交通运输,传媒,光伏,养殖,农业综合,医疗,医药,医药医疗,半导体,国企改革,国央企综合,国防军工,基建,基础化工,央企创新,家用电器,房地产,新能源汽车,新能源综合,旅游,有色,机械设备,汽车,游戏,生物科技,电力,电子,石油石化,种植,绿色/ESG,计算机,通信,金融综合,钢铁煤炭,银行,非银,食品饮料
2015-10-30,0.031435467708712875,,,,,,,,,0.12250534692001715,0.04506539405195149,,,-0.13802126791067912,,,,,,,,,,,,,,,,,,,0.5778337566395023,,,0.09414499459543554,,,0.061095159954753175,-0.0007475348378269239
2015-11-06,0.07695343343347363,,,,,,,,,-0.01960451289134718,1.4972060407413466,,,-0.05913475882455587,,,,,,,,,,,,,,,,,,,-0.002564525178193791,,,0.2515690855139187,,,-0.08621370441535332,0.31012298048124004
2015-11-13,0.03777624417760481,,,,,,,,,0.0001005867148156228,-0.004152259750149315,,,-0.010457277135364791,,,,,,,,,,,,,,,,,,,1.7381708229392643,,,-0.7314462721859618,,,6.612235806827364e-05,0.12075048547566856
2015-11-20,-0.0028450181674335474,,,,,,,,,0.10554479851493814,-0.6443540725509037,,,0.09466875964046083,,,,,,,,,,,,,,,,,,,-0.02002961141296939,,,-2.129063678753949,,,0.01907025798197328,0.09493551621150353
2015-11-27,-0.25109442345696814,,,,,,,,,0.01657988659257108,-0.1592877092461946,,,-0.052055265453129246,,,,,,,,,,,,,,,,,,,-0.11023778519343141,,,0.37472046642374546,,,-0.023055284931861354,-0.8169898014957503
2015-12-04,-0.057841897327014155,,,,,,,,,0.05582007020775999,0.24267471950095648,,,0.4796325525263215,,,,,,,,,,,,,,,,-0.281326548574501,,,0.4549954599242958,,,1.5624205247052445,,,4.8768093532849995e-05,0.5284701858474873
2015-12-11,0.04808326469132912,,,,,,,,,0.4658821350103427,-0.49854042454400094,,,0.08930804161279648,,,,,,,,,,,,,,,,-0.007240277086658327,,,0.4860543312587618,,,0.17519410738812455,,,6.128307796479589e-05,0.002408574251829727
2015-12-18,0.018229953021464268,,,,,,,,,0.0036554803244968534,0.023012240685447237,,,0.0399984829676347,,,,,,,,,,,,,,,,0.026064428669908,,,0.9579974259090374,,,-0.1855161872632911,,,0.11264812312595658,0.5016726791725793
2015-12-25,0.0007386702893509168,,,,,,,,,-0.14143911619010746,-0.3829835344446792,,,0.01965854841418576,,,,,,,,,,,,,,,,-0.021573978001926418,,,0.05196588311993522,,,0.028962332285538628,,,-0.008283738173244688,0.0673640300580274
2015-12-31,-0.024189171394591993,,,,,,,,,0.22261617834405426,0.22594911126964148,,,-0.011681486491296255,,,,,,,,,,,,,,,,-0.03083966442113724,,,0.04160169474589268,,,-0.32693608123924583,,,-0.01994800281391191,-4.090215756466074
2016-01-08,-0.048205713785108364,,,,,,,,,-0.039529389620241585,0.07256790033994058,,,0.5347291849251374,,,,,,,,,,,,,,,,0.002719434500316262,,,-0.1812888257555927,,,-0.039479080289832824,,,-0.011617563276889942,0.005497968742522464
2016-01-15,-0.06259496637733318,,,,,,,,,5.7889461372643656e-05,-0.29066388288831757,,,0.03729034300453776,,,,,,,,,,,,,,,,-0.885889002668183,,,0.7531322131629661,,,0.6575782501066206,,,-0.1911083901158979,0.12534402442672615
2016-01-22,0.42980416839231805,,,,,,,,,0.00011014730971542437,-1.3459737154023106,,,-0.005455530883404079,,,,,,,,,,,,,,,,-0.07931370761768232,,,-0.017370374390844323,,,0.8043398430700724,,,0.007786097791794186,0.0006103117834278176
2016-01-29,-0.1136460474511796,,,,,,,,,-0.03777120220890438,0.046081844016663966,,,1.1101387814089354,,,,,,,,,,,,,,,,0.0025170626774278972,,,0.2679664023615864,,,0.28274083644237985,,,-0.06237128669840762,0.08520972933439949
2016-02-05,0.018277795375929964,,,,,,,,,-0.006316222175962565,-0.0023405968990119937,,,-0.06970676409070053,,,,,,,,,,,,,,,,-0.04155460098739846,,,0.2678528897531991,,,0.36500694291047153,,,-0.27700623142486813,-0.01302450587134185
2016-02-19,0.04689833796037864,,,,,,,,,0.08189502327886058,-0.0025974588749791312,,,-0.017054070423737216,,,,,,,,,,,,,,,,-0.17465744219628115,,,0.048576199242111116,,,-2.2467799012009744,,,0.08688120097192913,-1.4085564357015654
2016-02-26,0.19270078636901597,,,,,,,,,0.022076419480782133,2.5450755818159547,,,-0.16084695467552512,,,,,,,,,,,,,,,,-0.20169651583516982,,,0.08251900919434776,,,0.12802146348143378,,,0.005143361069550852,0.0005538793330874667
2016-03-04,-0.7458747742251346,,,,,,,,,-0.01805935241352414,0.4043181894515495,,,0.021851037209591893,,,,,,,,,,,,,,,,-0.599262528658575,,,0.07284004132514431,,,0.3553731191866759,,,0.0005092933587098997,0.03225342395591865
2016-03-11,2.0664682504758782,,,,,,,,,-0.007428308608021565,0.00511874628637231,,,0.03387889253134973,,,,,,,,,,,,,,,,0.08668502914015372,,,-0.08144676199511547,,,-2.8531139393219735,,,0.0036690828695158557,1.3210300683084966
2016-03-18,0.45826282547638364,,,,,,,,,-0.06221377955144278,0.506693423569344,,,0.040073714258572805,,,,,,,,,,,,,,,,0.20639769515288509,,,0.04370800951400789,,,0.6686261403154088,,,0.04341370662205063,0.0820652775069996
2016-03-25,-0.058342071523716905,,,,,,,,,-0.2844696471370697,0.04290453803629244,,,0.24974134759394448,,,,,,,,,,,,,,,,0.07505886518551874,,,0.6143287665019276,,,1.0501595412196663,,,0.00011581737583412941,0.02770495188153733
2016-04-01,-0.06125341211403223,,,,,,,,,0.0001714080410421906,-0.029322407610217552,,,3.0420936719521117,,,,,,,,,,,,,,,,0.21673145697149127,,,0.2476281020556972,,,0.15031077603274468,,,4.70363126031306e-05,-0.6035722114518862
2016-04-08,0.023609697259718065,,,,,,,,,0.23523193881725682,-0.10533794361847912,,,2.052616784919203,,,,,,,,,,,,,,,,0.05227337398176039,,,0.026683530784266617,,,-1.9494304272238108,,,-0.009450629749570044,0.03834767373146264
2016-04-15,0.40459544751545545,,,,,,,,,0.00044010757132339616,-0.5335191165588957,,,0.08366740282740545,,,,,,,,,,,,,,,,0.002303684414840106,,,-4.424003803571971,,,4.637228986706712,,,-0.13156561283110446,0.02701514404356695
2016-04-22,-6.470753214441545e-05,,,,,,,,,-0.007177226781440139,-0.1696763534355506,,,0.9490152364884088,,,,,,,,,,,,,,,,-0.06416658612920306,,,0.42442966713811575,,,-0.18769514334076667,,,3.778926177297811e-05,0.0007294102995544278
2016-04-29,-0.8072850098813003,,,,,,,,,0.07128341096514684,1.5990008218814713,,,0.5600644332414464,,,,,,,,,,,,,,,,0.013770892918576715,,,-0.290079971371797,,,0.6850220296375151,,,-0.01209407638395578,0.031039523850626888
2016-05-06,0.02365834260870172,,,,,,,,,0.00013686084192839675,-0.11360443525530363,,,0.012994961405059511,,,,,,,,,,,,,,,,0.9103390845637467,,,0.18446873635914468,,,9.45166728361976,,,0.02359641133211952,1.2762901559997808
2016-05-13,0.0655337200068913,,,,,,,,,0.07709619999954902,-1.126108874228224,,,-0.028479540665587565,,,,,,,,,,,,,,,,0.03728585473958728,,,0.14513805283673786,,,-0.015475177457024716,,,0.9842147266024157,0.23266218963254767
2016-05-20,0.03284297925772157,,,,,,,,,-0.18186634291276543,-0.03282350188640299,,,0.03381944181157321,,,,,,,,,,,,,,,,0.48899653151489086,,,2.972501009304959,,,0.6086343887552221,,,-0.03756969618151827,7.675892046015983
2016-05-27,1.9484491683316094,,,,,,,,,-0.010941189483388854,-0.056172490401211146,,,0.023697396430496065,,,,,,,,,,,,,,,,-1.5115971674743243,,,0.06027092358978956,,,1.6931059723697635,,,0.144818511088013,0.00018871634952054265
2016-06-03,-0.32513640473708244,,,,,,,,,-0.011556612785641303,0.3127940375835857,,,0.07378587304087639,,,,,,,,,,,,,,,,0.19695901081692857,,,0.01691352160417778,,,-0.113742591817951,,,0.005962863661412779,3.1754995099415173
2016-06-08,-0.08228225680731034,,,,,,,,,-0.32792546207142653,0.21291249833592601,,,0.2225328329347887,,,,,,,,,,,,,,,,-1.025504067662283,,,0.9567287211831521,,,0.02845016351741929,,,0.00019187841359638008,0.03661617722220343
2016-06-17,0.3949704602882726,,,,,,,,,-0.01955488833163448,1.8951734085724552,,,0.20948376357127227,,,,,,,,,,,,,,,,-1.9333509066902537,,,0.02304802681145031,,,0.055221421666233825,,,-0.010425616436426283,-0.0514695946425363
2016-06-24,-0.20787417148870369,,,,,,,,,-0.1975821559183752,5.376080502575443,,,0.0006915500043778969,,,,,,,,,,,,,,,,0.050930913089795,,,0.6848852139599768,,,0.546250906104402,,,0.046148723457248395,1.4251860778007523
2016-07-01,-3.9163247408573496,,,,,,,,,-0.038631423587650336,0.8529258366887552,,,0.04918598181225966,,,,,,,,,,,,,,,,2.051100796444483,,,0.043915441142909684,,,0.16479970831555826,,,0.011128883335284832,0.8255314235277407
2016-07-08,0.12913193098988235,,,,,,,,,0.013652050206655855,-0.0368154341319922,,,-0.0095275051348099,,,,,,,,,,,,,,,,-0.04606286215322059,,,-0.004945490963353356,,,0.22952646772231733,,,0.02508783756251698,-0.008592611348403296
2016-07-15,0.14088408734458385,,,,,,,,,-0.04242031865666627,0.15875423346360507,,,-1.280527327205831,,,,,,,,,,,,,,,,0.012171557070002729,,,-0.20839470057111298,,,0.07203488560874048,,,-0.14720202429827128,0.7381327937617242
2016-07-22,0.4835692228473131,,,,,,,,,0.011511801125183426,3.9288281389900273,,,-1.4195102453166368,,,,,,,,,,,,,,,,-0.07194252665978798,,,0.04553098592348069,,,-2.5603822213507947,,,-0.2970717708234117,-0.11676495418103945
2016-07-29,-6.581110384793017,,,,,,,,,-0.18120161294853074,-0.01893281028434032,,,-1.1423143546509418,,,,,,,,,,,,,,,,0.4245096568863982,,,0.06247896954632516,,,5.214013630106664,,,-0.01668401881129127,0.0938359423819412
2016-08-05,-0.04662833786661188,,,,,,,,,-0.0057008576853555225,-0.7731496726625586,,,0.03330071392630665,,,,,,,,,,,,,,,,-0.033434537687129284,,,1.5967805890402162,,,-0.2609529653161614,,,5.1845495380595264e-05,0.04831618780766471
2016-08-12,0.031635668155090925,,,,,,,,,-0.011339727084611402,0.07879905109905601,,,-0.08583243965892334,,,,,,,,,,,,,,,,-0.17554350488436732,,,0.1626257563386192,,,0.23015732193143357,,,2.988871811628142e-05,0.02496632825972358
2016-08-19,2.0649286715860966,,,,,,,,,0.07491194694734372,0.09667153404974446,,,0.4438187570473024,,,,,,,,,,,,,,,,-0.7300622532478996,,,0.6596845308464049,,,0.1972678032282977,,,-0.4877077455948076,0.03530713967213876
2016-08-26,0.15322460041631158,,,,,,,,,-0.10594273343109711,-0.02641943296710813,,,0.0013149195782558992,,,,,,,,,,,,,,,,-0.016479013150147402,,,-0.00814211384071205,,,0.7138639009277425,,,0.00026183642971565894,-2.2677010265176065
2016-09-02,-0.11005344469478506,,,,,,,,,-0.02461647144137242,-0.05959876704588356,,,-0.06359669671521495,,,,,,,,,,,,,,,,-0.5751864022054568,,,0.0004023138881664133,,,3.1053979816027937,,,0.07166972351813788,0.13539758314242234
2016-09-09,-0.6259842430105808,,,,,,,,,-0.003764217807153647,-0.5700466536938071,,,-0.3283313451812262,,,,,,,,,,,,,,,,-0.47201166685810464,,,0.02090798404113954,,,1.6072287523272932,,,8.606521293540227e-05,0.08179655306511158
2016-09-14,0.049310462725751826,,,,,,,,,-0.10093561481774314,0.008549739351278054,,,-0.13721962865406373,,,,,,,,,,,,,,,,-0.010044603744769714,,,0.5957816241438983,,,2.1889735652696305,,,7.470059225412394e-05,0.13412502964563794
2016-09-23,3.214555657349452,,,,,,,,,-0.03816735163731903,-0.16111282625689527,,,0.9581327776670676,,,,,,,,,,,,,,,,-0.5802155309715633,,,0.1028048396392349,,,0.3293421467502628,,,-0.008652412321881698,-0.031040996209932618
2016-09-30,1.9227682458224218,,,,,,,,,0.006321506117483666,0.13191915623652953,,,0.46159610644088905,,,,,,,,,,,,,,,,0.03431679138519743,,,-0.30381119413076485,,,-0.3690725132371063,,,0.023417262037665938,0.22313792925406464
2016-10-14,0.1173312748539832,,,,,,,,,-0.024371816154470222,0.6723172483133791,,,-1.5496917550777307,,,,,,,,,,,,,,,,-1.0569029571067288,,,0.34397785004957937,,,0.7419183132576079,,,0.0012574991086633433,0.0013559688772660288
2016-10-21,0.14537941550778316,,,,,,,,,-0.13482011597336477,-1.6254168380713878,,,-0.9806097114269093,,,,,,,,,,,,,,,,0.10200498241266456,,,0.2397877053923783,,,-0.43305897524675285,,,0.10318261275657452,-0.1432901397765319
2016-10-28,0.0506461821183345,,,,,,,,,-0.033056615677529905,0.26731644055940296,,,0.05038604948445802,,,,,,,,,,,,,,,,0.025641750020295978,,,0.010280963847931056,,,-0.4187023315436672,,,5.7534372319266965e-05,2.017648935849665
2016-11-04,0.17088638151158927,,,,,,,,,-0.0038102038580732954,0.08914519167946951,,,-0.025159443555352524,,,,,,,,,,,,,,,,0.02185078105041452,,,-0.022107199727421888,,,-0.15705898629920265,,,4.4520839660344754e-05,-2.810741028278866
2016-11-11,-0.07817198722134085,,,,,,,,,0.015098154475452333,0.23035279593031444,,,1.6730369501522269,,,,,,,,,,,,,,,,0.052143318041452474,,,-0.049226950776444456,,,-0.0026094531557804834,,,-0.004077278984350618,-0.022785208724286427
2016-11-18,0.030035814886237786,,,,,,,,,0.002506881945030773,2.157008677952173,,,0.043415718109324535,,,,,,,,,,,,,,,,0.6169814348433623,,,0.11330644443825502,,,3.3663571712770604,,,-0.34048491131463404,-0.009962311123293884
2016-11-25,-0.08370227216353365,,,,,,,,,-0.06712438296945174,0.08538912281194325,,,-0.012139484717075523,,,,,,,,,,,,,,,,-0.03632348248260068,,,-1.4135442175543678,,,0.5594735632102341,,,0.6597301666437188,0.4759595578655487
2016-12-02,-0.07187368545272443,,,,,,,,,-0.023658392431105048,0.7443668847965815,,,-0.005727180795791368,,,,,,,,,,,,,,,,-0.02013418959365066,,,0.0015864516821086291,,,-1.7186530754987226,,,1.7696885055091073e-05,0.02082841530623581
2016-12-09,0.03068212532777359,,,,,,,,,-0.0010986887723287207,-0.04017363816288562,,,0.5689534096519895,,,,,,,,,,,,,,,,-0.11999815741897443,,,3.2395219679194023,,,-0.2686545188763185,,,-0.062216424170751045,0.011270307628369374
2016-12-16,0.003761408789231981,,,,,,,,,0.09961779738424842,0.03098060804230732,,,0.11286735926685108,,,,,,,,,,,,,,,,-0.016596808120329078,,,-0.20677693125992178,,,-0.8453329815872975,,,4.254847142025894e-05,2.9320207629426367
2016-12-23,0.30477148719358005,,,,,,,,,-0.03409368198290685,-0.14753383310167342,,,-1.4608916726754213,,,,,,,,,,,,,,,,-0.026192949074911164,,,-0.018499494938158476,,,-1.1468026422202933,,,0.0013031304776582183,-0.05529285714386352
2016-12-31,0.1353421602617439,,,,,,,,,0.02934827801866917,0.32642156714262804,,,0.05415437024408627,,,,,,,,,,,,,,,,-0.5306407466206913,,,1.14097567247259,,,-0.4911957217759627,,,-0.12055624687353832,0.4148182040278291
2017-01-06,0.12121512336021502,,,,,,,,,0.027828957282739913,-0.05901625285694788,,,-0.03639107436560103,,,,,,,,,,,,,,,,-0.09908773522752906,,,-0.01794708178801477,,,-0.3039333669972103,,,0.33165255984500835,0.16513270926376694
2017-01-13,0.23004913415885264,,,,,,,,,0.015110186967416167,1.1667461511650596,,,0.017683604811330453,,,,,,,,,,,,,,,,-0.16425931508612066,,,-0.0075613155587890115,,,0.06829839177063508,,,2.962057186799513e-05,0.11002115914765012
2017-01-20,0.02934137634410368,,,,,,,,,-0.03406512471442928,0.02232202116715446,,,0.0064315173925128455,,,,,,,,,,,,,,,,-0.19544609568579677,,,0.09031429774342829,,,-0.2717319985934706,,,0.009792028163356187,0.29493912382782655
2017-01-26,-0.009504563762755276,,,,,,,,,-3.4979388568083682,-0.6986385559721494,,,0.019392895050450665,,,,,,,,,,,,,,,,-0.30385606904355794,,,0.24530812793755669,,,0.11606829530130845,,,1.6993872027755736,0.576070186227487
2017-02-03,-0.002296059320824087,,,,,,,,,-0.010661435556795613,0.08161746258866129,,,-0.07194171555572589,,,,,,,,,,,,,,,,-1.3374468396049757,,,0.050049122417010386,,,-0.31783767476642,,,0.0669827812146519,0.0011674292659995013
2017-02-10,0.04630859351999239,,,,,,,,,-0.6161655266196495,0.39986400415805856,,,0.23457591080339701,,,,,,,,,,,,,,,,-0.9548005555613731,,,0.020465831814599655,,,0.3092792962393003,,,0.15545229878515546,0.0005886112923117436
2017-02-17,-0.06909711736629737,,,,,,,,,-0.025116634859398357,-0.046735116610589975,,,0.210731941866721,,,,,,,,,,,,,,,,-0.10478883821041851,,,0.016765716739361537,,,0.2171096343847248,,,0.00018461823812661936,0.31382614150997035
2017-02-24,0.506349402597811,,,,,,,,,-0.04508264434207842,0.022073213011622742,,,0.4627238603206954,,,,,,,,,,,,,,,,-0.15369823810597824,,,-0.014219216741804902,,,0.35455688435746774,,,0.034368785162571705,0.0953924282535694
2017-03-03,-0.17100121384366512,,,,,,,,,-0.005137995344389592,0.20356066435677056,,,0.009747500806567569,,,,,,,,,,,,,,,,-2.2438068909302937,,,0.7106948010205034,,,-0.5750954420045128,,,5.948687254724924e-05,0.0016666294828266408
2017-03-10,-0.0001818768982014803,,,,,,,,,-1.4562992882035153,-0.501075867261097,,,-0.0820057442039202,,,,,,,,,,,,,,,,0.3396806128834512,,,0.7355441656891578,,,-2.390538311107449,,,1.2024794843578407e-05,0.02514417948312277
2017-03-17,0.012491513469397069,,,,,,,,,-0.002426730205282126,2.814519082331776,,,0.06005715558970491,,,,,,,,,,,,,,,,-0.03211460912015652,,,0.02536733890695739,,,0.4005247626682554,,,-0.07788018642069815,0.18254931155182882
2017-03-24,0.0968186959806694,,,,,,,,,0.3335333337926497,-0.08079268875860052,,,0.0034681871267821344,,,,,,,,,,,,,,,,-0.0014134246626533611,,,0.16606249978047438,,,-0.04231944484940954,,,8.557366761173338e-05,-0.0032915282677634583
2017-03-31,3.099908963900559,,,,,,,,,-0.006379747013902789,-0.034302288786436805,,,0.05708671230942612,,,,,,,,,,,,,,,,-0.06371065103694011,,,-0.07095419331750369,,,0.12219392994267625,,,-0.016109240628162748,0.09492352869509875
2017-04-07,-0.002704335533537569,,,,,,,,,0.01594709493629094,-0.3064772006198827,,,0.17787884868139545,,,,,,,,,,,,,,,,1.7672530196488605,,,0.028827138561439092,,,2.468111647140469,,,-0.09001711117324158,0.01566990503640795
2017-04-14,-0.36046095872405703,,,,,,,,,-1.2400684300674434,0.8118794733433071,,,-0.484476066289608,,,,,,,,,,,,,,,,0.20975505889969004,,,0.004239636857608045,,,0.13457795861498048,,,0.007733966229360764,-0.21481088996354053
2017-04-21,0.014514941882894,,,,,,,,,-0.047549945124491,2.6402263567504627,,,0.06964222605633766,,,,,,,,,,,,,,,,-0.03540835575349526,,,0.31568314655671975,,,-0.033640837124854,,,-0.010630708608607256,-0.00038414953730381263
2017-04-28,0.012762620815058466,,,,,,,,,-0.09814847676983149,-1.9603341286081872,,,-0.20429980222864985,,,,,,,,,,,,,,,,0.8608646957877583,,,1.6370686971570283,,,-1.4386184331823677,,,0.0012899976773692865,0.0008515438795860885
2017-05-05,0.33765885067526086,,,,,,,,,-2.1615081272544585,-1.4312039955959166,,,0.08044385197251758,,,,,,,,,,,,,,,,-0.03033759762558469,,,-0.6727396975734269,,,1.1251653799541432,,,-0.16190859102226532,0.7797306481418651
2017-05-12,0.03077540226704506,,,,,,,,,-0.0018581595055190225,0.3461484785796443,,,0.0038884385987584813,,,,,,,,,,,,,,,,-0.03323360023126645,,,0.8073536650246222,,,0.4214346894992542,,,-2.6984458707435737,-0.02238735025607611
2017-05-19,-0.08741154048859011,,,,,,,,,-0.01641656838823688,0.28439402576624323,,,0.11139304127445873,,,,,,,,,,,,,,,,-0.036570275681526536,,,-0.02692561289329169,,,-0.007594275249146767,,,-0.014430131009740606,0.0006390297520597524
2017-05-26,-0.1748380073384775,,,,,,,,,0.00036277771099847787,0.07810239324285438,,,-0.8380755920559714,,,,,,,,,,,,,,,,1.4735987082782942,,,-0.3403942414899518,,,0.0601438520058616,,,4.371143203320176e-05,0.15585054725715777
2017-06-02,-0.15547501688396137,,,,,,,,,-0.058330519329740246,-2.3782273678465033,,,-0.016680301818964627,,,,,,,,,,,,,,,,-0.03832782048246482,,,-0.17585594219659503,,,-0.07034994323697837,,,8.120541808621076e-05,-0.2959743327673071
2017-06-09,0.2956660939359881,,,,,,,,,0.032465612366987306,0.40813534312877586,,,0.4277711340778599,,,,,,,,,,,,,,,,0.08562532548426176,,,-0.32860469397607245,,,0.6607590101616326,,,-0.10418926903351662,0.4867946366915715
2017-06-16,0.3457351002938367,,,,,,,,,-0.022011581169052073,0.07616027484331461,,,-0.15394040775419418,0.060700992097891655,,,,,,,,,,,,,,,0.26001682786124514,,,-0.262715494786955,,,3.5424214353011854,,,0.20564080819680894,-0.0672829130759017
2017-06-23,-0.04063753948344381,,,,,,,,,-0.447998648808654,0.4989202223214135,,,0.09209557904760206,-1.51006575202113,,,,,,,,,,,,,,,-0.019801461272471475,,,-1.8805227712099837,,,0.22940350450654545,,,-0.0022381240434979285,0.00045798980776851826
2017-06-30,0.41051082033472114,,,,,,,,,0.0009479164770718525,-1.7521167439476113,,,0.5654579530580152,-0.06339264685812425,,,,,,,,,,,,,,,0.04600172963955184,,,0.12468005952115149,,,0.18214480307255698,,,-0.3174359900633259,-0.16652898331792967
2017-07-07,1.9238492339669517,,,,,,,,,-0.017953543509840682,-2.2546934612545484,,,0.0906695552356633,-0.196043008551196,,,,,,,,,,,,,,,-0.008639431606268408,,,-0.09429370505196288,,,0.6939596693151212,,,0.13690888745309604,-0.19905681660449787
2017-07-14,0.11154851885285605,,,,,,,,,0.022567127252004163,-1.0700406609655673,,,-0.038946338842544274,-0.22795185975918375,,,,,,,,,,,,,,,0.01888232283612601,,,0.04927645152235209,,,0.10561091632232616,,,-0.28556351316051115,-0.7572613621030685
2017-07-21,-0.22810311953238277,,,,,,,,,-1.3892462766459461,0.13092306162345532,,,0.012480658702574176,-0.13399001322624404,,,,,,,,,,,,,,,-0.033248460359598726,,,-0.8233079050934612,,,-3.381341845871761,,,-0.2922868054158349,0.0017658503419187561
2017-07-28,3.2307830048396307,,,,,,,,,-0.27339549471055213,0.7061076798173358,,,-0.15096747513330264,-0.08273212026361688,,,,,,,,,,,,,,,0.325248403637145,,,0.20825683492075311,,,0.213880280080891,,,-0.06759923114100669,0.6167255705438667
2017-08-04,-0.044588408680944984,,,,,,,,,0.0156810906093907,-1.9773801809950073,,,0.004243809752803758,0.15917460481210755,,,,,,,,,,,,,,,-0.5797931242604133,,,-0.19189626945582702,,,2.860177436613067,,,0.6713404657626627,0.11173827378928469
2017-08-11,0.9571070909661454,,,,,,,,,0.057279580929889586,-0.07953545687607111,,,-0.0034682589722256968,-0.22677936999393516,,,,,,,,,,,,,,,-0.05066630529813941,,,0.05925773367900068,,,0.8501881764431146,,,-0.22541268206114373,0.21800126509550943
2017-08-18,0.0392443336381566,,,,,,,,,-2.8924368506195024,-1.1169192643142178,,,0.34564775404061315,-0.27307624650353557,,,,,,,,,,,,,,,-2.3619480124296035,,,-0.1440013875659265,,,-0.00930373791761091,,,0.18715355186440502,0.0006395433153510864
2017-08-25,0.1644894897760869,,,,,,,,,-0.0501180623243241,-0.2746058436487835,,,0.07491228523991614,-0.048052707841303395,,,,,,,,,,,,,,,-0.18320576725252283,,,-1.1913356392115821,,,1.0632607782393955,,,3.5318661879166924,0.7302131174481932
2017-09-01,-0.01203671794538073,,,,,,,,,-0.03957602001521798,0.12230947535292039,,,-1.5985444287257287,-0.31594632760989666,,,,,,,,,,,,,,,0.014752798124259652,,,-0.12673259578349277,,,0.040990246026213956,,,0.02030609255279293,0.0011114498669831574
2017-09-08,-0.005134431127007831,,,,,,,,,-0.0023982670073318334,-2.1904359752387093,,,-0.018262413958469753,0.4110105339540758,,,,,,,,,,,,,,,0.04142494318469261,,,1.3536594712904761,,,1.4381416135064584,,,0.03539306917269769,-0.09367166489816488
2017-09-15,-0.6919486840850032,,,,,,,,,0.11834165202548276,-0.08513426623261944,,,0.024641045389670962,-0.3769997365347443,,,,,,,,,,,,,,,-0.9919111551895927,,,0.37386668615132274,,,0.4815361776055304,,,1.1157035646253748,0.1334691538544629
2017-09-22,0.13563065929286125,,,,,,,,,0.0015225476738347336,-1.9636375627277523,,,-0.09500985756700688,-0.3407140215799829,,,,,,,,,,,,,,,-0.09871466757771921,,,-0.029426691222924805,,,-0.3061578449412861,,,-0.006058625607346215,8.98043429057864e-05
2017-09-30,0.10321446696510708,,,,,,,,,-0.0035362416276765447,-0.030781741952581338,,,-0.6232124856104715,-0.09766086103991709,,,,,,,,,,,,,,,0.8833995449654847,,,0.07290479681488882,,,0.5457112139047462,,,-0.6091045132041263,-0.10282738256815521
2017-10-13,0.1394831395902393,,,,,,,,,-0.019929062127656307,0.24079736483997882,,,0.0031285878260662488,0.3191843013080758,,,,,,,,,,,,,,,8.01599566220084,,,-0.011340081248490634,,,0.28936720155830065,,,0.3154219901206623,0.012712042788198204
2017-10-20,-0.02062909517210995,,,,,,,,,-0.11565402070065821,-1.9243489422056108,,,0.06494572040458402,-0.3083518285595711,,,,,,,,,,,,,,,-1.260946898072703,,,-0.008952201340257203,,,2.8411038557612325,,,-0.15827262958361915,0.3291126550884978
2017-10-27,-1.4096817407859663,,,,,,,,,-0.3567558579876001,1.4140043696883136,,,-0.09642017142043889,0.5037770805453979,,,,,,,,,,,,,,,0.016862150848065322,,,-0.28763642664765465,,,0.04312398582440316,,,-0.5309762220244013,1.1181263977999867
2017-11-03,0.8677469982969402,,,,,,,,,0.017246591465917616,1.7150209042223092,,,0.08439568725707819,-0.7677417561804035,,,,,,,,,,,,,,,0.808841573388375,,,-1.4758590097546105,,,0.724819151091351,,,0.02786738450175425,-0.4713752083925385
2017-11-10,0.09716204494541505,,,,,,,,,-0.002788438780629447,1.2275414424691766,,,-0.37187349738808684,0.21509751244592706,,,,,,,,,,,,,,,0.6097319067944118,,,0.06351390827897802,,,0.7968125514295789,,,0.27939898969517707,0.0008690511614430768
2017-11-17,-0.09678811673693286,,,,,,,,,0.01826726214644763,0.16418596916106792,,,-0.11235970146838348,-0.05149141496764305,,,,,,,,,,,,,,,0.014195446011831741,,,0.9362002699541514,,,0.1213765353577841,,,0.3445900860882906,-0.34980841645175104
2017-11-24,0.010963519265906004,,,,,,,,,-0.08175585041285569,-0.9945761853265147,,,-0.24145130641009077,-0.014977611713956797,,,,,,,,,,,,,,,0.9066396566973044,,,0.0302079204840839,,,4.067105485758121,,,0.15123512274212253,-0.36494428235125875
2017-12-01,-3.301184464600827,,,,,,,,,-0.16992093395128385,-0.0030932222766263465,,,-0.23499131063639414,0.014727726519549551,,,,,,,,,,,,,,,0.0810674701167978,,,3.9327567911960295,,,-0.6144804600258169,,,0.10048776130378836,0.018161028307354693
2017-12-08,0.02648425860617952,,,,,,,,,-2.6194219411196342,-0.4602668530543361,,,-2.411000884399761,-0.0814026586119109,,,,,,,,,,,,,,,-0.15758490018508572,,,-0.010404643729962628,,,0.3000907050373982,,,0.2933185062078461,0.06743295597315264
2017-12-15,-0.0004516013137473248,,,,,,,,,0.0036148522517032745,0.16119590427551392,,,0.1302820591549327,0.027536728170289314,,,,,,,,,,,,,,,-0.48958548971733884,,,-0.05138978166971317,,,0.925975779708038,,,0.8892293595991787,0.028689592796533155
2017-12-22,-0.01860752632784326,,,,,,,,,0.4496628764457582,0.336860583176892,,,-0.16331088813782066,0.4180348566875769,,,,,,,,,,,,,,,0.01640494930090508,,,-0.013330971254293597,,,0.15891625903094933,,,0.09376855039131965,-0.023138167919308065
2017-12-31,0.25461174213233667,,,,,,,,,-0.003814724569345393,0.029942539086332882,,,-0.08567633934598229,0.5201670126886895,,,,,,,,,,,,,,,-1.4290284355654876,,,1.9393215854733965,,,0.27269491378986244,,,-0.3033263761873628,-0.36565384971881654
2018-01-05,0.2251726373270047,,,,,,,,,-0.0026532451971375366,-0.8784170553467985,,,-0.1662286906599772,-0.08279957409509878,,,,,,,,,,,,,,,3.0295347742353473,,,-0.9778515227629776,,,-0.1876775332386019,,,0.025083541829643112,0.03286846868099992
2018-01-12,2.53713870862177,,,,,,,,,-0.04195377906475271,0.79496239555785,,,0.1563646268611378,0.46805527299083,,,,,,,,,,,,,,,-3.6080982666125654,,,-0.2636129548612793,,,0.1127847334173292,,,1.7177224858462188,0.07994534407247951
2018-01-19,1.2719535519876872,,,,,,,,,-0.00906191780104126,-0.8714947739777272,,,-1.1175847678294901,-0.13635018944806862,,,,,,,,,,,,,,,-0.17265194739570233,,,0.012088886990340929,,,3.5403042869271637,,,0.9090170330660022,0.0014356756155712747
2018-01-26,0.24675299834745112,,,,,,,,,-0.1516746517813545,-0.2622164488032841,,,0.05884119728527597,0.49017678829047207,,,,,,,,,,,,,,,0.06957925980445347,,,-0.7473415258254477,,,0.22693940781837474,,,-0.505002856666555,0.18102487535015527
2018-02-02,-0.8321188093416885,,,,,,,,,-0.00890351039780339,0.3969921224567644,,,0.04026477081963295,-1.4371947209875746,,,,,,,,,,,,,,,0.14463372867799681,,,0.1549140598331999,,,2.2724387127471495,,,-0.8940978524003104,-0.10326959448519563
2018-02-09,-0.9544297334145893,,,,,,,,,-0.021637121252880497,0.238412103603062,,,-0.02005830950179746,-0.0340624242655269,,,,,,,,,,,,,,,-0.05681388441506266,,,-0.0018404970674365424,,,0.27068255106740763,,,-0.08106216493646475,-1.1868841757063926
2018-02-14,0.42714372537008044,,,,,,,,,-0.01498914136372288,1.8784499710574243,,,0.0975028287918854,0.05327407903418473,,,,,,,,,,,,,,,-0.08058165482434487,,,0.6732654034642648,,,0.367034894238736,,,0.1939582958584916,-2.1253274206207853
2018-02-23,0.44396488592275807,,,,,,,,,0.012985366098328035,-0.2068668417706567,,,-0.2875971064928581,-0.0376216617843923,,,,,,,,,,,,,,,0.001310486847262914,,,-0.46327829916979835,,,0.25984150451108906,,,-0.5858268341522741,-0.3205553371587265
2018-03-02,-0.10464742392962068,,,,,,,,,-0.559847680460808,-0.6162655204577909,,,0.06930182522938007,-0.02706220958084434,,,,,,,,,,,,,,,-0.4382157656048611,,,-0.6213848199775573,,,-0.27698831438735994,,,-0.4131352543144632,-0.07769235279258009
2018-03-09,-0.010228425469998545,,,,,,,,,0.02060910153921839,-0.23090100666030886,,,-0.2617607991316517,-0.23356759339376817,,,,,,,,,,,,,,,0.4080342570249103,,,-0.5346934299400583,,,0.013421707209196158,,,-0.2293614096225388,0.1459961925521988
2018-03-16,1.4733450999858189,,,,,,,,,-0.005211604820851211,3.8140056522716526,,,0.6093041160894157,-3.358993926564377,,,,,,,,,,,,,,,-0.13903248406189456,,,0.6617408942459322,,,-0.052162987892204235,,,-0.0622689392612917,-0.006109236240573818
2018-03-23,0.01620017400931942,,,,,,,,,-4.427598329149445,0.05383594161212831,,,0.09394570191114542,-2.0676494093089497,,,,,,,,,,,,,,,-0.019457449528503437,,,1.6141124371861706,,,-0.11167422725962552,,,1.8216350808420037,0.12164482221344214
2018-03-31,0.07032663967801404,,,,,,,,,-0.005469140379867777,-0.6123777456970021,,,0.225860173064225,-0.26934799825917977,,,,,,,,,,,,,,,0.07390762874681722,,,-0.03472021194510011,,,-0.013584315639670434,,,-0.2984231703974233,-0.012229922737920352
2018-04-04,0.11094665537032418,,,,,,,,,-1.7036980790025111,0.13073243443130386,,,-1.905524991453017,0.08884345434771852,,,,,,,,,,,,,,,0.0532090127463517,,,-0.3557548147623836,,,-6.783229274879689,,,-0.30441789717021106,0.06913013714723075
2018-04-13,-0.06555267393573382,,,,,,,,,-0.02018792792561147,0.2918370199886786,,,0.05094811175856288,-0.09684249337810055,,,,,,,,,,,,,,,0.2268499691112493,,,-0.08731175682395181,,,0.42889056279158994,,,0.23875448443857478,0.0005702939354364959
2018-04-20,-2.498976188186481,,,,,,,,,-0.7200732513651458,-0.1595723337816361,,,-1.0062568765775008,-0.1305122178155961,,,,,,,,,,,,,,,-0.02027066471823298,,,0.04419925560516201,,,-2.2157552711987005,,,-0.0014290397841534054,-0.7374765140343851
2018-04-27,0.5800730541989255,,,,,,,,,-0.004832747202369206,0.45972478339346295,,,1.1615363173300952,-0.1708215516840538,,,,,,,,,,,,,,,-0.018338890431043413,,,-1.8900203526216877,,,4.794360228718958,,,0.07981277028948024,-0.20744808282487656
2018-05-04,0.04861706036389422,,,,,,,,,-0.2159662711704377,-2.0806222921568205,,,-0.12358482915301316,0.12999418278703312,,,,,,,,,,,,,,,-0.05716286151524192,,,-5.251590202204772,,,1.6841858801671876,,,0.5844088084136152,0.4251504665824987
2018-05-11,-0.017190402051511976,,,,,,,,,-0.07568639608388913,-0.5698362967571682,,,0.3241080337922177,1.4957959306069666,,,,,,,,,,,,,,,0.164640051536038,,,2.965567144235652,,,0.147599461404502,,,1.4628180947482956,1.3221600825726485
2018-05-18,0.042458560567032205,,,,,,,,,0.060746435486057175,-0.5799964941428771,,,0.0035172184035756533,-0.2872439904294957,,,,,,,,,,,,,,,-0.561752600657272,,,0.09933089728175301,,,0.5423787809786513,,,0.4341995439892399,0.37359351628182236
2018-05-25,-0.03490083068127292,,,,,,,,,0.00197855381255099,-4.583334936150414,,,0.02312537931640393,0.09923651099637404,,,,,,,,,,,,,,,-0.31735042638922345,,,-0.07278930368246951,,,-0.007115847093065668,,,-0.289654026198014,0.3047286193301283
2018-06-01,-0.060591256829639985,,,,,,,,,-0.0031287527045959344,0.8217519049352056,,,0.21780725366658804,-0.2613302877738424,,,,,,,,,,,,,,,-0.329699564451741,,,-1.002024415494679,,,0.07485216963257348,,0.028772087942272012,0.19270625750553036,0.23835755719554086
2018-06-08,-0.36118619106908706,,,,,,,,,0.014045050008190762,-0.06838528722475973,,,-0.009126267268679211,-0.1905216039332356,,,,,,,,,,,,,,,0.09663185483162229,,,0.052334934018796075,,,-0.9666522543630656,,1.222817184777609,0.15496809392991473,0.0870517856843563
2018-06-15,0.10652258450115945,,,,,,,,,-0.004808965021023707,1.5160316495688682,,,-0.1065883039605413,-0.03729809034927268,,,,,,,,,,,,,,,-0.04332245815271204,,,-1.6375133494613365,,,-0.9729556761168037,,-0.5068244819474805,-1.3308823758847732,0.5558034890214292
2018-06-22,0.001718177558230713,,,,,,,,,-0.004448646215650602,0.3163539476855476,,,-0.2684738395921611,-0.004958090126627663,,,,,,,,,,,,,,,3.936959507275844,,,-0.022718938739061837,,,-0.09668010772353876,,-0.016742000146614484,-0.0007714790720414963,0.05780355972705651
2018-06-30,-0.01403357549229447,,,,,,,,,-0.0921299126819953,0.49202763503918157,,,0.4832440363195945,-0.1655104707986927,,,,,,,,,,,,,,,-0.12548649289349043,,,0.017233295742991667,,,-0.41567667811800185,,-0.025405737076591398,-0.18598598801222965,0.18190319959447238
2018-07-06,0.03301599878203449,,,,,,,,,0.0018668123471792235,0.14380147819065495,,,-4.2636812241522195,-0.3394409831547193,,,,,,,,,,,,,,,-0.208637752516559,,,-0.899796046430823,,,0.1565245770239331,,-0.23474393576636535,0.035423164397893676,0.003050619895287561
2018-07-13,-3.316532955571261,,,,,,,,,-0.012339834400147288,-0.02311359432565901,,,-0.2623196594841743,-0.04491473914300326,,,,,,,,,,,,,,,-1.6609398602121312,,,1.3490166333770182,,,-0.10298469971368782,,-0.023020107857653786,1.064679860611643,-0.04162326682676249
2018-07-20,0.20791258642681146,,,,,,,,,-0.1407830781061977,-0.11886938728652767,,,-0.028960534600149003,0.33285734405677386,,,,,,,,,,,,,,,-0.008072274549214815,,,-0.035824501338183504,,,-0.42571807946074713,,-0.11489430910575167,-0.6912063069259594,0.019852926937146322
2018-07-27,7.404119038636995,,,,,,,,,0.003368555718751644,-0.6496104304518189,,,0.003033408249685775,-0.16249346811639293,,,,,,,,,,,,,,,0.0054817411361804385,,,0.07036809080338532,,,-0.6652660864697508,,-0.0173585814883356,0.451622202417181,-0.035652493689343284
2018-08-03,-0.281086822092497,,,,,,,,,0.007319647937890316,0.23830541417749562,,,0.07202638978273064,0.1348613102935541,,,,,0.028255401729977415,,,,-2.6925095181107133,,,,,,-0.961924175139014,,,-0.01162077829280133,,,-0.21050760349724826,,-0.04433992564880337,-1.3588443364239662,-0.02108308438206939
2018-08-10,0.0901812206355295,,,,,,,,,0.0020796405694967837,0.05780375844419779,,,0.0036289177607396646,-0.45084464309311645,,,,,0.12504925658327773,,,,0.029816702481039317,,,,,,0.05767890901821943,,,0.008117158975021525,,,2.027477544460652,,-0.12238904715248444,0.29421602764334004,0.04098258516283212
2018-08-17,-1.0312463569684607,,,,,,,,,-0.012725140972824612,-0.27228907464076035,,,-0.0012032324123395723,-0.004852376923855682,,,,,-0.16613007301537097,,,,-0.011412424921716017,,,,,,-0.416109858672985,,,-0.04128440712882685,,,0.00265715246832857,,-0.01196260905513638,0.29470282383813806,0.0005956959220371958
2018-08-24,0.6203622597843163,,,,,,,,,-2.3268428123929947,0.12847136720225158,,,-0.09799360477680447,0.1270139584275988,,,,,0.40867143753478474,,,,0.058452305070375896,,,,,,0.27617488417719205,,,-0.09996041600799621,,,3.0103320037273655,,0.08448094223124926,0.24084924731070265,0.02266674104512418
2018-08-31,2.6492120201048905,,,,,,,,,0.01552568091736957,-0.5871715620605098,,,-0.15668388943116887,-0.009693299163973827,,,,,0.03617791682191521,,,,-0.20291658647394734,,,,,,-0.20162738585796686,,,0.1337557626599607,,,-0.2653112683444078,,0.019740987993433736,0.7486044971637245,0.6922115640469236
2018-09-07,1.0042487495817314,,,,,,,,,-0.0010731852468327868,-0.2263299274875937,,,1.3334322384274282,-0.4914047391118237,,,,,2.080490016711324,,,,-5.946467104730196,,,,,,0.00274949168241119,,,-0.22516862762620293,,,-3.518912964376389,,-0.9407096016558216,1.546198566468543,-0.004026813536443708
2018-09-14,-0.01303924785783306,,,,,,,,,-0.06813461511436714,0.09871128080193767,,,0.908530806166175,-0.06969006245749579,,,,,0.001577150946607415,,,,0.26418015880524875,,,,,,0.24736981370820513,,,0.004469870014757663,,,1.5972804902397353,,-0.28243055056715666,-0.051068571504402485,0.0002722665800865771
2018-09-21,2.3248850341779406,,,,,,,,,-0.41173876518876623,-0.14358274760516498,,,0.23845263608670525,-0.17537974449601676,,,,,0.039364192607836065,,,,-0.4624918088813793,,,,,,0.06864077441911849,,,1.2076793107180634,,,-0.6725824807343657,,-0.6583967078810989,-0.15029323091142716,0.1978648082140563
2018-09-30,-0.018263261658597672,,,,,,,,,-0.04307260756095018,-0.037993901041458146,,,0.06625366929379323,0.6017072536601361,,,,,0.07141530050987902,,,,-0.02199856222605509,,,,,,0.12432379166081808,,,-0.0921210181770352,,,1.3089002140574897,,-0.007775995967098328,0.21502795259877983,0.0526786560344128
2018-10-12,-0.02108352797180245,,,,,,,,,0.22200148310743983,-0.003650068246457052,,,-1.162999680530154,-0.015621419935969674,,,,,0.0013526010053718771,,,,0.02231632831707476,,,,,,0.18375057025041058,,,-0.005661109209290972,,,-0.4078266129122905,,-0.5358670230642885,-1.71532460798086,0.5357263018011358
2018-10-19,-1.0879156621453292,,,,,,,,,-0.052102782568923214,0.49420244697007587,,,0.08862234890610737,-0.3094698459217802,,,,,0.0034196938912969795,,,,0.08871679807918677,,,,,,-0.039465315079607315,,,0.0031487524227393343,,,-0.4153884273730435,,-0.2764532795616679,-2.1957275571603168,0.051944656418561566
2018-10-26,0.005982435925004265,,,,,,,,,0.1478049769922055,1.5755828394302263,,,-0.10004722811552953,-0.17036429314131873,,,,,0.1591524557857155,,,,0.15913310448348372,,,,,,-0.6893552973293702,,,0.02722819411348415,,,0.7554325955018385,,0.001824561875151578,-0.08638088237100815,0.047341217204793874
2018-11-02,-0.0816468883468622,,,,,,,,,-0.6647109481244908,-0.15011760001810082,,,0.2284043878491015,-0.07322125009341991,,,,,-0.01119281849873166,,,,0.022491344998464176,,,,,,0.0313351992005938,,,0.04670580439544436,,,-1.6337899076599802,,0.07020043484264599,-0.06653359177430779,0.12148011661699078
2018-11-09,-0.41271668539074385,,,,,,,,,0.055860387251562796,-9.4911113437148,,,0.864130462276369,-2.070497015803281,,,,,0.0021597809902159284,,,,-0.027853508057602765,,,,,,6.751105919868116,,,2.2174915327724816,,,3.4707162059302603,,0.1867585990426467,-0.13789522987723596,0.17364122436830598
2018-11-16,3.5626154336056035,,,,,,,,,-0.005611732599229024,-1.6941693084318397,,,0.12650399523572478,0.11708588477621774,,,,,0.004026008369504599,,,,-0.006998683998836534,,,,,,-0.05903416357628,,,1.1897562122913423,,,0.09720229467198786,,-0.0500808296273346,0.547109634600615,-0.0004553819971010594
2018-11-23,0.294988487369879,,,,-0.00194126059082165,,,,,-0.06520132707527135,0.0811881045019823,,,0.0891298504425192,0.04271792475405059,,,,,0.013357292664467923,,,,-0.006567954869284432,,,,,,-0.15413820187963856,,,-0.0562529610772444,,,-0.18968699039509643,,-0.030972816534744266,-0.160267594142585,0.14464948092632599
2018-11-30,0.015324840685925802,,,,-0.0014606985404172048,,,,,-0.0020230161810011107,-0.3469511503437494,,,-0.028779791090280324,-0.27640759976902923,,,,,0.024834935497664315,,,,0.0201693746897693,,,,,,-0.1520061222117426,,,0.06105638755531112,,,-3.3173889134159773,,-0.6636286040475308,1.1285127567500381,0.025469826218208515
2018-12-07,-0.42153284411403047,,,,0.15948505342905683,,,,,-0.015533968174589826,-0.0013328573426554455,,,-0.2575422811611143,0.27433340430625985,,,,,-0.0005154910833999353,,,,-0.39132451698865306,,,,,,-0.4855689574645723,,,-0.1247499913216889,,,0.30209639841860536,,-0.13795092957562746,0.38229036842168856,-0.12763438532237875
2018-12-14,-0.06213754846720678,,,,-0.13115124183189605,,,,,-0.09330443786992729,-1.5566400412992984,,,0.056798953408704486,-0.09044947249052207,,,,,0.19892005531148674,,,,0.0012507349842213016,,,,,,-0.6505141240016381,,,0.037760796400002905,,,-0.0672188697509384,,0.45794873373226824,-1.6880631233480088,0.004214360423400833
2018-12-21,0.2465549178563931,,,,-0.00568870543829107,,,,,-0.08393865705213034,-0.22254004745812378,,,0.20687388830620285,-0.6161900174251718,,,,,0.038478763020129064,,,,-0.009634594657348672,,,,,,0.030053662416887894,,,0.04701728053147572,,,0.6598376065340696,,0.0054207528306208785,-0.28342911832025797,-0.022732660571282606
2018-12-28,0.9195383207285508,,,,-0.023666863117338628,,,,,-0.09620964086964033,-0.7165865199126294,,,-0.007047723583459536,0.45718314337393284,,,,,0.001896420977526624,,,,-0.0073364158220354985,,,,,,-0.649272891382949,,,-3.387120923348998,,,0.0736445139021375,,-0.03210643754852579,0.1085261771060904,-0.07242506997310522
2019-01-04,0.00038742801438330574,,,,0.03693055779144293,,,,,0.02833301976137917,-0.20312018066771706,,,0.01999406040593645,1.3098715037791453,,,,,0.656192771282896,,,,-0.07919419417788437,,,,,,-0.010024641729448606,,,-0.009062181327255343,,,1.0844904952101277,,-0.012314107279004609,0.5979630002313028,-0.09291096074796701
2019-01-11,-0.01860199949755669,,,,-0.0017603076136393143,,,,,-0.017028403458441244,-1.2899143664382495,,,-0.7476942078013911,-0.4377130695417345,,,,,0.0031625324088568616,,,,-0.007045157575918492,,,,,,0.6359415886065198,,,0.0031220742610418885,,,-0.46830263925719945,,-0.853036359057512,-0.2836953838172532,-0.04057258849095702
2019-01-18,0.013148331604365062,,,,-0.000636009046520587,,,,,-1.0668228112566975,-0.10858798319310285,,,0.02750233542731203,-2.07917673900687,,,,,0.020910814652578946,,,,0.017034904698491463,,,,,,-23.56166439380422,,,0.3318324365281076,,,-0.380581107941368,,-0.629337890197362,-1.5803256566160653,-0.0028356195652112655
2019-01-25,-0.054395766805511114,,,,-0.00765392378785033,,,,,0.013409094462902643,0.7290270927000934,,,-0.4586429352536464,-0.03145942128750552,,,,,0.02025370103597839,,,,-0.004110579634405315,,,,,,-0.4344827266604904,,,0.4182719796396237,,,0.21209425584750952,,-0.41166806016960883,0.019515587319258385,-0.006691991069921719
2019-02-01,0.2128499691110886,,,,-0.05364732736866331,,,,,-0.015711064389805685,0.48388135855040443,,,0.31045278846153884,1.747656471522164,,,,,0.0694921677902613,,,,-0.09759968326050715,,,,,,-0.22245895109191857,,,-0.5288818264482766,,,0.5643534262974442,,-1.0849929292082496,-0.05489305350944593,-0.6246427731772914
2019-02-15,-0.16462610521804255,,,,-0.1412695095229474,,,,,8.714667462011711,-0.043154575234936494,,,-0.010703763285009833,-1.3019665331924348,,,,,-0.0017914059464676675,,,,-0.006789524482222397,,,,,,0.17557375561582664,,,-0.07672216325776036,,,0.18765541988070095,,-0.021184606763524988,-0.42459748974699196,-0.2354603165930813
2019-02-22,0.06470073786366703,,,,-0.001414170250888607,,,,,-0.2540248954380085,-0.414019163876664,,,-0.07422499704108854,1.1126551867314955,,,,,0.005843986021534082,,,,0.14435725567813962,,,,,,-0.030970885982543432,,,0.27349470816045407,,,-4.251830604090504,,-0.04430589957989543,0.14573299999781547,0.03425594012978068
2019-03-01,0.005020760753001109,,,,0.6091898346849463,,,,,0.021569137573061066,0.1571538185247349,,,-1.8930603680360092,1.1876844603768522,,,,,-0.017251148905324434,,,,-0.008480705836512701,,,,,,-0.01848727401098079,,,0.7862921460688225,,,0.18429028618120613,,0.009104059042658045,0.08363570554803858,-0.05074633190808431
2019-03-08,-0.025887084928183837,,,,0.5689160736271194,,,,,-0.3320878090229933,-0.3020937771671964,,,0.16717827347447273,0.03110506858729993,,,,,0.07434884790156858,,,,0.17488683525538262,,,,,,-0.014602712758307611,,,-0.07492185939293122,,,0.17625986746197986,,-0.7331898261067616,-2.831936955543948,-0.1659296684430792
2019-03-15,-0.13944668711341437,,,,-0.3312846518579348,,,,,-0.01567635223285827,-2.0212732479451305,,,-0.11374495236197402,-0.05036500422054656,,,,,0.7373586664280727,,,,0.013694977391628808,,,,,,0.2238198351070515,,,-1.705294289767929,,,-1.9794835762856775,,-0.06941493701635547,0.7591659786995684,0.0821023880565882
2019-03-22,2.696367529232851,,,,-0.0028262056360882624,,,,,-0.0564528971877787,-0.025804159466045706,,,-1.6065181111307594,2.3579963760216534,,,,,0.43753875715863283,,,,0.2842092279185393,,,,,,-0.26049823844305103,,,0.1652906071424699,,,0.7447159333948437,,0.8698171627720195,0.232531515226477,1.7508147330269819
2019-03-31,-1.672789280424879,,,,0.02237156055516504,,,,,-0.003454905807976397,0.053834345365131805,,,-0.02377862238691665,0.15437253795823352,,,,,0.0012863460706631319,,,,-0.0032327429066300734,,,,,,-0.022597742640610298,,,-0.2851968173303043,,,-0.13493056992040325,,-0.1979612175647201,0.8252781417926508,-0.1785155473925784
2019-04-04,1.9922171915801092,,,,-0.01785053476246097,,,,,-0.21482692603153153,-0.2754826512255057,,,0.07057466209838327,-1.9266584959896356,,,,,-0.002696243129760849,,,,-0.00011675831715565136,,,,,,-0.0563131981169569,,,-0.3831929279431508,,,0.15208117941656477,,-0.06400696056996495,-0.2896806135754183,0.007251697331119345
2019-04-12,-0.025278180453651312,,,,-0.002310522394005804,,,,,-0.0015387828007185358,-0.24651859838230847,,,0.4758833855087636,0.03335911842856489,,,,,-0.018482073949246117,,,,0.860059951576187,,,,,,0.009412833361344684,,,0.2380287849613234,,,0.019498598237522806,,-0.21930985661602012,0.04586334177923039,0.01224025170750998
2019-04-19,-0.03460459268703776,,,,0.022213850561721243,,,,,-0.004847642757594737,0.7647695952793192,,,-0.3848625400846063,3.5812773513526817,,,,,0.0004183787656626254,,,,-0.015407897346757663,,,,,,0.5844086490920799,,,-0.9991291685461007,,,0.7100351870331397,,-0.8930185761803756,0.7156361099795711,-0.442471177904876
2019-04-26,-0.3653991195430866,,,,-0.0028932497496268403,,,,,0.01577171112697124,0.41114511490710604,,,0.053738880646591845,-0.12378034524740195,,,,,0.0025638567879186984,,,,0.022701439678918797,,,,,,0.6671029588539528,,,-0.3683597745584605,,,0.2646113646224423,,-0.8114154716642648,-0.719505709770593,0.04950108376456648
2019-04-30,0.009163979658903115,,,,-0.09879524571718512,,,,,-0.19716096886387052,-0.30306279645438805,,,-0.035570295247732024,-0.13062427571539095,,,,,0.6672284228459288,,,,0.0692327408513348,,,,,,-0.0100037649516387,,,0.16945542078486048,,,0.41928567856826443,,-0.10319006751303322,-0.021664053877487575,0.44048771538672266
2019-05-10,0.5588120683125588,,,,-0.014745530454622437,,,,,-0.004445023690658751,-0.168817392915452,,,1.9389193875669772,0.5683833674176398,,,,,0.015684481102795574,,,,-0.023016852617339528,,,,,,0.5218512740424888,,,0.15190971244146306,,,0.051244854959401565,,0.014224624005402803,0.13229286396266463,-0.04109986414825791
2019-05-17,-0.15364896632185218,,,,-0.0020947577353254013,,,,,0.0014687914492216535,-0.201019277984402,,,-0.08107820177868855,-0.0087421041066746,,,,,0.00081657934727018,,,,0.015338531953336905,,,,,,-0.8924907391247087,,,0.26262615464096695,,,-0.14290165340937186,,0.02474946100889802,0.7069469677120721,0.015944090236447026
2019-05-24,0.13806979003983422,,,,-0.022871657872269267,,,,,0.06049886946419869,-0.3787174167835153,,,0.01604613826436014,0.06758473225660341,,,,,0.001722041790904886,,,,-0.21355579870723707,,,,,,-0.37212499542335975,,,-0.03097516382823554,,,-0.2699495092281516,,-0.38511586548393484,0.3047366967513266,-0.014489962272533196
2019-05-31,-0.30041294754173925,,,,-0.08218795952267076,,,,,-0.03979736050813279,0.09025003772339142,,,0.09580808642618788,1.963221504808942,,,,,0.0016477000654146492,,,,0.01076392664495096,,,,,,0.2037170673727472,,,0.13588853460299818,,,0.13575778909139818,,-0.05037681024389422,0.2558964067870383,-0.014210736146169871
2019-06-06,0.47795623020226774,,,,-0.07560785906305748,,,,,0.10136308373443584,-0.6909038102247566,,,0.08100274193674178,0.1385434034545137,,,,,0.6214505521665232,,,,0.1964051701760749,,,,,,0.1895815066331888,,,-0.24127080643482518,,,-0.17761559994347675,,-0.03233853434762238,-2.1869310110070703,-0.45563245416674547
2019-06-14,0.014159662459005795,,,,0.0053068995414091,,,,,-0.0019968285973527983,0.3673195100843319,,,-0.015462730680012401,-0.3383819971613226,,,,,0.005751385305594947,,,,-0.021663666565681687,,,,,,0.2803181251753062,,,-0.050850267237985046,,,0.19094515973606407,,-0.16512195953591757,-2.42729020580013,0.05780885072380751
2019-06-21,3.6944651419249803,,,,-0.012663673749573681,,,,,-0.0024679946182757677,-0.27500611237105455,,,-1.084718530584767,-0.1370066262404137,,,,,0.004303912192724245,,,,-0.21521758882203107,,,,,,-1.3179239599856225,,,-0.07812236516396545,,,-0.14394119282724965,,-0.3656854134535329,-0.4551662412265621,-0.18121631100815544
2019-06-30,0.7816016503282271,,,,0.008051320215367565,,,,,-0.06635929892534234,0.31688571132059584,,,0.17571530148033182,-0.2357527826341171,,,,,0.614612647223762,,,,-0.0018362575489910063,,,,,,-0.18580116785691875,,,0.02361978961102867,,,0.7122525436160115,,0.23709101650605272,0.1580439903624189,-0.5940633186129101
2019-07-05,-0.43202723757648176,,,,-0.13707128067323035,,,,,-0.021579939437756015,0.04442876824428682,,,0.3384766958288927,-0.2281615688916434,,,,,0.0028400997492171766,,,,-0.0039506296066332165,,,,,,-0.13668692490053716,,,0.0030548252393809306,,,-0.10225391590099714,,-0.07482123105024839,-1.66157904837024,-0.0308967476373247
2019-07-12,0.0211292541304702,,,,-0.0014532874616636426,,,,,-0.1280739690200749,0.3049678743736919,,,0.1290819286308601,-0.12539761328149107,,,,,-0.8536715300486972,,,,-0.0033964112543112238,,,,,,-0.17084264296467616,,,-0.03109876733250795,,,0.19742413656773697,,-0.03722386163571411,0.4796790044025836,0.0002740857895414464
2019-07-19,-0.013614524644471417,,,,-0.07531487567087358,,,,,-0.1115321199045368,2.3354258725826655,,,-1.0916710670189176,-4.002832969102627,,,,,0.2322738482768683,,,,-0.10324631170176621,,,,,,-0.011787287362528306,,,-2.7428859286554146,,,-5.313620080732703,,7.678582019700776e-05,-0.16571707794744137,-0.6233022222482437
2019-07-26,0.3526087490326886,,,,-0.013851941277330554,,,,,-0.0010809267764359618,-0.276732664266367,,,0.4345539879371858,1.0407084967429507,,,,,0.0019583340333106723,,,,-0.006179371798505989,,,,,,-0.2526840907689383,,,0.377925567722921,,,-0.037694937113272944,,0.08683424790243759,2.915784642667711,-0.1920460722937291
2019-08-02,-0.019811500291009747,,,,-0.0017706332851692007,,,,,-0.08506954940461198,0.41747922821778544,,,-0.10391875097441239,-0.15965887835232284,,,,,0.0011479641955598374,,,,-0.00736972994780133,,,,,,-0.04195228790969957,,,0.2422047178134796,,,-0.1363584415135262,,-0.0003396947652943845,-0.46575420522388805,-0.2603759581582892
2019-08-09,0.5659547975883474,,,,-0.05768893129810899,,,,,0.21296620789976467,2.0789286566737837,,,-0.15908996972664147,1.4600613648825425,,,,,-0.020780701256143116,,,,-1.8806363751481054,,,,,,0.033973509638157276,,,-0.0052330176233170034,,,-0.0035322328337830024,,-0.034403303548828666,-0.4034272339026611,0.06664716889463708
2019-08-16,-0.7577888931767041,,,,-0.02053131212987908,,,,,-0.0033358207637489883,-1.1138181428017084,,,1.1364206800226653,0.04034066045314548,,,,,0.0011411132933800672,,,,-0.44793008624648784,,,,,,-2.233115128710053,,,1.6550534326517539,,,1.3292057301771292,,-0.13447289433914988,0.4398488532766673,-0.04321489432386984
2019-08-23,0.7954259024334633,,,,-2.1990849430225414,,,,,-0.06879120075276268,0.6288695628351992,,,0.006489959498372545,-0.1351407507575337,,,,,0.060225554645158344,,,,-0.5214496463379993,,,,,,0.00732231089599622,,,-0.1495699049616057,,,-0.9009487937781542,,-0.021889013502280737,0.7123850573137409,-0.5174549546845133
2019-08-30,1.4222736655184285,,,,-0.00320211347473308,,,,,-0.21210283666966218,-0.06172105795450753,,,-0.15578288170710905,0.192835954587588,,,,,0.05994569911453771,,,,-0.007994616102469513,,,,,,0.10381083668538832,,,0.1558987567720816,,,5.558614972149583,,-0.05980692852243891,-0.2612952201750059,-0.18884920858711604
2019-09-06,0.20876921213557217,,,,0.448457920392744,,,,,0.00807101190102798,0.01507117633771006,,,-0.06213569334495903,-0.18821578586628213,,,,,0.07253378678795351,,,,0.009601283964931207,,,,,,0.46920647870666166,,,0.17026557922410107,,,2.578401360402702,,-1.102371762588432,1.2920524615017932,12.924710145239112
2019-09-12,0.07202219673975219,,,,-0.014638564889103806,,,,,0.02750547293454285,-0.4871609851766402,,,-0.10501734862414576,-0.43608406945637956,,,,,0.01811286180116669,,,,0.01618366537280532,,,,,,-0.013345465599039805,,,-0.0002746098288456539,,,-0.7288719987809563,,-0.003286363467371253,-0.017743671746884918,-0.060168017029700364
2019-09-20,-0.08446866624719018,,,,-0.13564793836849892,,,,,-0.003854509373194542,-0.79092227026297,,,-0.01634521805119781,-0.7022197683301793,,,,,0.01720494784623687,,,,-0.2530930232874486,,,,,,-0.014596826842488348,,,0.9584497555285946,,,-0.16384976418013306,,-0.10247429029421273,0.6362659288279726,0.2621609745775332
2019-09-27,2.0129150731578753,,,,0.0123025619055011,,,,,0.06543107518885206,2.084492262787004,,,-0.016595280529358696,-0.2757000125221999,,,,,-0.04166301194501645,,,,-0.03481973403820743,,,,,,0.2816865002966289,,,-0.17477606016052827,,,0.03147936363762069,,-0.27531763547883403,0.3054819388441272,-0.05393624832587833
2019-09-30,-0.06644919520543277,,,,-0.0115253276174673,,,,,-0.005213629311533636,5.776925910774514,,,0.038563766517108626,0.005848451106251878,,,,,0.08060001971089552,,,,-0.01813766089957621,,,,,,-2.425677050612009,,,0.08099828729428375,,,-0.6265973759169521,,0.10584445855615059,0.12624011598567614,-0.027993672681989858
2019-10-11,0.3474975885232159,,,,-0.049436541538981416,,,,,0.0033948208101017363,0.1825448147492735,,,-0.6964785246109747,-0.21038835473928202,,,,,0.02619739549803275,,,,0.1345013935355624,,,,,,0.005330644844867843,,,-0.11629004027746762,,,-0.3180841480840943,,-0.17157276405221933,-0.7704618957672762,0.7175605016760238
2019-10-18,0.0029157163398477607,,,,-0.0056595681301504185,,,,,0.002180222840450912,1.2471152272391852,,,-0.6770246630962059,0.21504709744200218,,,,,0.011456897821480747,,,,0.16659925712893414,,,,,,-0.05783896467001318,,,-1.3067063351023278,,,0.28944732440382137,,-0.20685921883939112,1.6426532761092003,-0.14704427745352927
2019-10-25,0.16929182339867657,,,,0.0025676469589879488,,,,,0.0020521286684774924,-0.4561763674763575,,,0.21032081976817796,1.6364692752928005,,,,,0.0012179674380227172,,,,-0.005194461907015395,,,,,,-0.05615246914426036,,,-0.24677504671557035,,,4.976082685782638,,-0.14717194511076973,-0.0025195121360030714,-0.2953191515385461
2019-11-01,-0.60916903704909,,,,0.0338763520827687,,,,,-0.0060791596355283355,0.14865873227252974,,,-0.28755593067258217,-0.7326252482931059,,,,,0.001902861614837621,,,,-0.004842971587048885,,,,,,-0.20742818616882136,,,0.2597009993123011,,,-0.8687878739968511,,-0.04699938940593863,0.10642387791170586,0.12405224435598922
2019-11-08,1.1339346849556537,,,,-0.001446532137579464,,,,,-1.5217485722192905,0.018660826859664824,,,-0.050458071751495165,-0.34621543171350966,,,,,0.019645797871558908,,,,0.09753117293739608,,,,,,-0.0715322563335275,,,0.8040587268783671,,,-0.9278077336760225,,0.0073745468590353325,-2.1679450159825815,-0.001941795855857614
2019-11-15,-0.2870853668937205,,,,0.0509963378302361,,,,,-0.1771433558503524,-0.9964637811477948,,,0.01115418777925226,0.037129050366393086,,,,,0.3584384420436892,,,,0.012831962513195917,,,,,,0.0026081051908547715,,,0.3954158329459878,,,-0.8774931111158687,,-0.10060164340471109,0.2611537206144332,0.06646690801284522
2019-11-22,-1.8127600826820423,,,,0.022519044502514025,,,,,0.06771810407551238,0.7440407643334306,,-0.08754773264426766,-0.006607226240311305,0.7316634883092377,,,,,0.0023002814400489065,,,,-0.033519696461720636,,,,,,-0.3410518292332425,,,-0.6206915407928095,,,0.18910504270793183,,-0.49683661894749837,-0.11250316503961412,0.024563824708936685
2019-11-29,-0.056046535495694834,,,,-0.010831182217710995,,,,,-0.24267602321720616,0.05227335798428359,,0.011101691864119956,-0.02659034906798479,0.120082271161939,,,,,-0.026501042197804366,,,,-0.001994700060638531,,,,,,-0.07153902653746366,,,1.2511637982512982,,,-1.1543006028939222,,0.3131799965864379,0.37846273040652556,-2.0550017577192734
2019-12-06,-0.005814287851253409,,,,-0.0035067070863065153,,,,,-0.052730464809218364,0.6711592683984818,,0.09070859821659534,0.0004132780617900658,-0.3820320355325003,,,,,0.2708453807702547,,,,-0.03332768941574079,,,,,,-0.36221086905016125,,,0.03573895477039916,,,0.5949784370491771,,-0.44949728586350746,0.07424446262342457,0.03554985867958619
2019-12-13,0.014848727886932957,,,,-0.008850040852249321,,,,,0.050148552634433616,-0.010252839289597795,,-0.05384105425948524,-0.05078718300327037,-0.5697505000241703,,,,,-0.021083793352761646,,,,5.43792033622754,,,,,,-0.2363631165687429,,,0.06714610253788998,,,0.33379480376885906,,-0.1627318072815569,-1.8703419156661458,0.060167691943727855
2019-12-20,0.19675317574880063,,,,-0.24944559721821144,,,,,-0.019838057799217546,2.409362211411632,,-0.21161941137823492,0.2235090156876647,-0.046407898126580964,,,,,-1.5332179017728755,,,,0.003292014686728224,,,,,,-0.22997177129725777,,,-0.01374233397154737,,,-0.03598808842674427,,-0.5945403653091388,-2.51961665877508,-0.008943242750354654
2019-12-27,-0.003335067168801168,,,,-0.11158447485231297,,,,,-0.004426605207005866,-0.04299662450462121,,0.14783238987512423,0.007196885221342493,-0.1564433660948662,,,,,-0.6671001490844314,,,,-0.042670399941373005,,,,,,-0.7704283867144205,,,-1.1189653957311232,,,1.8039313070431906,,-0.9855174989026655,0.6908969932508461,-0.058712724866038374
2020-01-03,-0.2919243044749031,,,,-0.0019525514184104806,,,,,-0.023270999168602417,-0.24502531353206441,,0.5786595757750727,-0.020190942762824397,-0.34223914048118564,,,,,0.0013407892312869562,,,,0.019704169057075893,,,,,,0.6745906200404872,,,0.2677450373332912,,,3.6979349393390835,,-0.010304698177762115,-0.11727620252842931,0.5480412779627418
2020-01-10,0.2548783549813496,,,,-0.018953228494015484,,,,,-0.056724502674547636,-1.0463676694487616,,0.7430044457249598,-0.02390983522968471,0.11879780885522706,,,,,0.05166217192948982,,,,1.4095512738382325,,,,,,-0.014807128672400652,,,-0.018220128560366814,,,0.21395975500709258,,-0.112932582491139,0.18564234696185192,-0.004829780775301612
2020-01-17,0.10459022351537983,,,,0.12808580556944574,,,,,-0.002510787287101328,-0.07759457316679971,,0.9945943911022719,-1.093494902984876,0.03674174283876348,,,,,-0.011482262525405122,,,,0.3772931318802294,,,,,,1.8414813432068924,,,-1.4514435893104394,,,0.01574077626262091,,-0.230419992165018,0.36588719328395863,-0.027464717339346197
2020-01-23,-0.04459448648944303,,,,-0.0025860829176420374,,,,,-0.48759699092358033,0.3371057506468266,,0.4414640179414714,-0.05970713414920262,-0.3795875806553315,,,,,0.0012713524373045464,,,,0.48684898809278887,,,,,,-0.11457280941379397,,,-0.040056476584212235,,,-0.4995930134528519,,0.00046625313966516466,0.05160905121419068,-0.05935930238007747
2020-02-07,-0.03151747356980443,,,,-0.001249563902005538,,,,,-0.19687083112450804,-0.153515259535436,,0.05511135047247151,-0.09536115632555922,0.32161973630045754,,,,,0.01004605566711284,,,,-0.003937337873527501,,,,,,-0.0959803311099148,,,-0.4683711744365483,,,-0.09127360582106925,,-0.3664713709583839,0.3076264294315248,0.07557253452041784
2020-02-14,-0.9598455835313676,,,,-0.143527452453818,,,,,0.013241445256660834,1.1508058126589493,,-0.1718170195043842,0.34455542145676277,-0.029485368792927208,,,,,0.0004025939694840945,,,,-0.1584979817668591,,,,,,-0.16922919420048602,,,-0.5368165886982387,,,-0.9915379291423092,,-0.09029562857361029,-0.21611103795361208,0.4578190929033771
2020-02-21,0.008341475831568485,,,,0.0026442738393311913,,,,,-0.004550332376919527,0.12345979304582833,,0.025353711637125492,-0.02577027912398011,0.2195126709044304,,,,,0.03273311561962183,,,,-0.005882006209606347,,,,,,-0.15729113919478147,,,-1.1891386057894209,,,-0.21970447760387557,,0.13359583099130357,0.18823466366687266,-0.04364242916007541
2020-02-28,-1.7332826778127592,,,,0.0022010593806842007,,,,,0.008884822035406772,-0.7632875293093553,,-0.008252284944651564,0.3706988546565065,0.300707591144686,,,,,0.060252864606239104,,,,4.921596025167197,,,,,,-0.03366492364653874,,,0.17468484499912443,,,2.9384688556567213,,0.10424061138316548,-0.14848677639834051,0.04734543113910356
2020-03-06,-0.016374500260674753,,,,0.0024829729604878862,,,,,-0.003051040760723641,-1.2418357777487332,,0.2436149614777712,-0.03935923834205068,-0.2803518355668021,,,,,-0.035982982311970294,,,,0.5972480248430996,,,,,,-1.3600459205046678,,,-0.12906668789794531,,,11.888232209152518,,0.015598127674389478,0.8035667195458542,-0.6245239144718644
2020-03-13,0.10032162834493685,,,,-0.0010734190125031382,,,,,-0.00766105927009349,-0.058468544604167894,,0.039460541391604154,0.7967420465469959,-0.12295525822114656,,,,,0.03507220951828463,,,,-0.014139469923745674,,,,,,-0.009112872081717103,,,0.7776378891940093,,,0.5773958076445852,,0.07852813340467836,0.459871960025619,0.016127785184712466
2020-03-20,0.03750207638190347,,,,-0.0007800494843141145,,,,,-0.010752817811113643,-0.266955553207871,,-0.17999297937700415,0.32794352648898656,0.3975671155864512,,,,,0.005192211915699449,,,,-0.33319708364029665,,,,,,-0.0072198884066573404,,,0.16441296671748562,,,-0.5021541231092966,,0.023751653155751673,1.1081087085242658,0.23712802334044636
2020-03-27,-0.017345451352598053,,,,0.0060821771668102985,,,,,0.005425053492350965,2.5872299873862805,,0.1615100598885772,-0.07356277988768821,-0.1314433303611763,,,,,-0.0021231948484516892,,,,0.5231804966719057,,,,1.2280062774604865,,-0.011894630883953533,,,-0.017462550717280763,,,-0.15803211771591924,,0.1265532822456142,0.2433105761796311,-1.1392413026986876
2020-04-03,0.042951216121857524,,,,-0.013701712190298343,,,,,-0.0044319637160775026,0.07088980037377432,,-0.34778288266882906,0.01335736851335703,-0.09484658304048729,,,,,0.0013711800413532327,,,,2.0676510875183753,,,,-0.040751915198971124,,0.0055275579408835054,,,-0.02900106946038843,,,-0.7028760345768857,,-0.17269146956673184,0.2363955360538192,-0.14152900681982808
2020-04-10,-1.1063030309912574,,,,-0.001633684606362471,,,,,0.014121124401253739,0.346997856213062,,0.6486326250239453,-0.12788472608774357,0.30427823123922454,,,,,0.003852313554382969,,,,-0.05463883358178412,,,,0.18517777156456053,,0.6197198342274792,,,0.18820489750225836,,,0.10157199438730267,,-0.04709075623832479,-0.6297328901209511,-0.00926583667359563
2020-04-17,0.004619968069750379,,,,0.057599234658387746,,,,,-0.07631766206926312,0.04951854233631873,-0.0020838153968146603,1.309176088991017,-0.047647647026844764,0.05831028125032049,,,,,1.6455878151389758,,,,0.003449350061392707,,,,0.0009194143645840005,,-0.3154286225297614,,,-0.04231789359817263,,,0.3259724318140662,,-0.6874578481082212,-0.003858570087877447,0.01253103018375738
2020-04-24,-0.04537341021222588,,,,-0.004281046892511915,,,,0.005713164765850447,-0.011284708782454834,-0.5617989749199258,-0.09858792123213989,0.25213890222347723,-0.0035356509272871884,-0.22983310330427742,,,,,0.0071141625738759895,,,,0.014789506281774558,,,,-0.3252004688532957,,0.01600529688266842,,,0.17127057264081302,,,-0.5832113412486756,,0.23021558114673119,0.027934270685410205,-0.16239504586014405
2020-04-30,0.10387515517166337,,,,-0.000583975132354486,,,,-0.0011469364208073565,0.09257524487232531,0.5025669910336207,1.6080733384522996,-0.4003082580850766,0.09111905262697625,-0.5146333717087369,,,,,0.1512417852545094,,,,0.11854698653049106,,,,-0.05063162200250536,,-0.09767369345844089,,,-0.1724204284064988,,,-0.7450170634014844,,0.36801676534539113,-0.8303560074218029,0.0007096903632039693
2020-05-08,-0.02551954404560962,,,,-0.27794918438791577,,,,-0.0009272243715227836,-0.01598119000407056,0.12164508807892331,-0.41575164666721937,-1.9381961738388442,-0.24608766730750267,0.09219350296213122,,,,,-0.1707677290134082,,,,0.02759974758126467,,,,0.014685124369054562,,-1.0220366338668732,,,0.5814604439332612,,,-1.1668212006886507,,0.007347718414813338,0.27958892000613805,-2.582839704097276
2020-05-15,-0.05692139636566243,,,,-0.00253109663222208,,,,0.01767677925688002,0.03511286702021382,-1.0916271070341714,-0.04356256779519485,0.19508604476691493,0.015062798657941107,-0.14795640498778956,,,,,-0.019722297365251353,,,,-0.013505837254939545,,,,-0.005839429846110931,,-0.03880923925740089,,,0.29212853782036946,,,-3.093883414592804,,0.019433044982519673,-0.8037938990018548,-1.3351218949602146
2020-05-22,1.0545217366525805,,,,-0.02823125466727411,,,,-0.0006738171369867091,-0.2776269315948604,0.9739408617010463,0.0030092896606171496,-0.01994341291495902,-0.15186382414045688,0.41273295385151154,,,,,-0.019128358166198525,,,,0.014319075536965657,,,,0.061082235821139065,,-0.08924251098198759,,,-0.3063922761141169,,,1.046288332831699,,-3.935040123330199,-0.2608027100033593,-0.37732419621998986
2020-05-29,1.183278856631369,,,,-1.7769458803358965e-05,,,,0.055870085708563465,0.0057665216349258586,-0.9126728296723535,0.007260933177879338,-0.05486395531098953,-0.010871246528936295,0.035137308576752166,,,,,-0.004443678122638288,,,,0.08578424328837346,,,,0.46301585821534597,,-0.4533112908494793,,,0.03408106875029866,,,-0.24864030851107302,,0.8819801405047092,0.026297180428561846,3.6563531798028066
2020-06-05,-0.17370846468179654,,,,-0.010389047354804773,,,,-0.021361390276997134,-0.0027218196581367906,-0.13266041671194556,-8.670685575765114e-05,0.007417495322636358,0.029609709334530002,-0.8116570221046719,,,,,0.3035251420341087,,,,0.005204885233941818,,,,0.024610903071456882,,-0.7047710680086421,,,0.08075460399727233,,,-0.767985860093239,,-0.13602539902768734,0.16790596892890916,0.000745233447833088
2020-06-12,-0.00651729053574982,,,,0.13818213462948895,,,,0.36370726019369404,0.0045030088098330975,-0.048283583909670635,0.05971773494070582,-0.06867873609546427,0.4507209265954479,0.2303666792039202,,,,,-0.30545665079934997,,,,0.19363480885381495,,,,-0.011985957371851822,,-0.0281169531452245,,,0.022590304437861634,,,-0.6355649298076603,,-0.14823280141690423,1.3539600048063254,-0.09704851066833499
2020-06-19,-0.9168329820881114,,,,-0.022408784893914374,,,,0.02531553555575945,-2.6692796050800136,0.21201471688402998,-0.28955313548429706,0.024497429249577585,-0.571983880219392,0.31805749762807023,,,,,-0.015608909537603327,,,,0.015307864228345323,,,,0.06577619442063576,,-0.05104136005520256,,,-0.05851207284042616,-0.11915238261894223,,0.2253211605643739,,0.5458752106605416,-0.12153327207466708,0.7377977434752355
2020-06-24,-0.455954991854309,,,,-0.009254599896877373,,,,-0.0005915502559304427,-0.040628236795561455,-0.3959475902802199,-0.03127494734158054,0.5677183655293805,-0.6211041115458805,0.7287562262909845,,,,,0.009942817009763422,,,,0.6995053422815293,,,,0.005831621352169429,,-0.9886590454438435,,,-0.10347757798247839,0.04418446473439934,,-0.4924125580661769,,-0.023950642136020855,0.02374637298363226,0.1220551854966202
2020-07-03,0.0904232767729041,,,,0.027953853535101374,,,,-0.7131507146587738,-0.7221144622919802,-0.04434249738697201,0.3722338101614765,-0.07092971706720068,-0.09787908641772844,0.08250487231709451,,,,,0.06258210005471523,,,,0.12230215754960616,,,,0.01834833260173333,,-0.03594547854845657,,,-0.034159171882438895,0.007860229941150002,,-4.925892383462131,,-0.056875757974069574,-0.10603891741528867,0.00940017581004974
2020-07-10,0.018182634494232974,,,,-0.4217251827765153,,,,0.22594055997609439,-0.0038050945532897298,0.032331506693420824,-0.17184895649074283,0.8387676997424183,-0.18019336664733898,-0.4576648573238403,,,,,0.6373079870278346,,,,0.1356132413400039,,,,1.0773065043120074,,-0.5044725648889654,,,0.5765880243551865,0.10727418296541547,0.045265132553719015,3.0387358671096174,,-0.029571933885855085,0.41846954374396583,0.2505854892671265
2020-07-17,-0.01345290687636732,,,,-0.0236168592318815,,,,-0.10646258584467053,-0.3687474818640207,-0.11539859732870539,0.029642321149822723,-0.5631028009939394,-0.055832219844265,-0.18016856472222734,,,,,-0.022610470901580332,,,,0.01698563633303117,,,,-0.5356445605976522,,1.8799034284065244,,,0.040973297338436535,0.5360359645885275,0.09163840010127446,-0.9384350465607533,,-0.24601519289989612,-0.07600735404195796,0.00011249950289342857
2020-07-24,-1.710998669974851,,,,-0.00459025525940243,,,,0.4839838389891486,0.013052879906651285,-0.24041792603011525,-0.04852919530099048,1.954330666035033,-0.44356322950689264,-0.7465918788953091,,,,,0.028423788229244705,,,,0.002050452729988629,,,,-0.07608361685850551,,-0.023047789117345934,,,-0.08623138687631618,3.7962785348785704,0.0016462265990087668,0.0748725436521718,,0.03236433272314669,0.11906077126250962,-0.5786538513371338
2020-07-31,0.16648294638936742,,,,0.007234280286146581,,,,-0.0019262109422058637,0.3928718897660719,-0.1563453639513336,7.70687522967285,-0.07630888745119166,0.11349569021921972,0.0046501756629629505,,,,,-0.01631005358944276,,,,5.758410939852295,,,,1.071045255826847,,-1.7450970660296095,,,0.049128541091026635,-0.02536369086209902,-0.8095013428488768,1.6888449223489872,,-0.674936198027982,-0.9315755238456759,-0.004608067334099554
2020-08-07,-0.11598577917863087,,,,0.007994124186501656,,,,-0.0008798113888657451,-0.6452402739704975,-0.24522893644541796,-0.06558584443791501,1.9492624662424496,0.23711872538085746,-0.11362665164567884,,,,,-0.005899708511836978,,,,0.22308237437584186,,,,-0.07268867631730033,,-2.826597797977058,,,0.33343415912183805,0.06400395219284806,0.030236376461539878,-1.1782945263496438,,-1.5331699557612153,-1.8888003570840497,-0.369719542690878
2020-08-14,0.8729979972198769,,,,-0.3814601835713903,,,,-0.0007451228111014648,-0.012086624636369543,-0.530611691271285,-0.9674414727948416,0.7361834738562887,0.0013158549254410068,-0.152107947368712,,,,,-0.006118423548835747,,,,4.648383142422172,,,,-0.0032222851675194008,,-2.936610172868298,,,-0.04530193857260367,-0.06515069517892158,0.012857202676802447,0.6293686315150617,,-0.3770306458858632,-1.063652046385052,0.044296055921548796
2020-08-21,0.4075269811708996,,,,0.1025311207719678,,,,-0.044462211459943904,-0.06873286954596225,0.013198492837264042,-0.06916414876695305,1.140784023163026,-0.07686277967572192,-0.10967359981329441,,,,,0.005874220682389411,,,,0.08281952302810815,,,,0.167727476099947,,-0.03965421023672844,,,3.3909292999025693,0.5548985583966299,0.06315110846312555,2.1901069058506772,,-0.08676080940641066,0.47980028629837435,0.04324402869532601
2020-08-28,-0.3231972847460951,,,,0.017694251530508184,,,,-0.09375952712800993,0.002980858974630086,-0.5675111084823955,0.10912034666770151,0.12338539126547426,-0.6481295319086734,0.14894946673858755,,,,,0.04266517019445984,,,,0.16879756383504033,,,,-0.3144806060847817,,2.501227667227972,,,5.77656825413661,0.08979573671975748,0.021602689208749932,1.2453719406996282,,0.037618421761030904,0.5130840450187416,-0.02362391225565849
2020-09-04,0.558001564133737,,,,-0.046819571652126135,,,,0.013919481023350899,-0.0035779308437926677,0.0009539456334761473,-0.5323644477306213,0.09979808214935616,-0.4767740411779995,-0.12182975453048174,,,,,0.0031758991880697675,,,,0.007114235239220946,,,,-0.007886011795820769,,-0.14743789404884247,,,-0.12965917201937882,-0.002065785763744353,-0.004899734244983018,0.327204444723853,,0.2938215862063097,0.16027540659376224,-0.6019513630958561
2020-09-11,-0.14200535969574093,,,,-0.003710089073485756,,,,-0.000463560216092459,3.3148982158912563,-2.829139421524644,-0.0029497903356766383,-1.1581506489037887,-0.04348454931766442,-0.07129645888659977,,,,,-0.9765633876671813,,,,0.01741876700038747,,,,-0.016329176611034397,,-0.71591883467368,,,0.48243127447756695,0.2208928699863565,0.04794467169455702,0.4639196192084916,,-0.06654581468321431,-0.2961744075054929,0.03207242289326437
2020-09-18,0.15498516371228038,,,,0.21904300626054107,,,,0.050294001548615255,-0.025709757194804065,0.09173021368749185,0.003150990803415951,-0.04019324928741047,0.6592911248300345,0.008899016972808607,,,,,0.02284228335779795,,,,0.15093635081682527,,,,0.01117732246562974,,0.011545217248866884,,,-0.02476607211701698,0.06382801707454065,0.5823725962479009,0.30143944297859354,,0.07095462079869098,0.02910330066813812,0.2708954741734536
2020-09-25,-0.5689143638147096,,,,-0.0009991413754499047,,,,-0.0002733162994929682,0.05778898839619145,-0.33855965183566633,-0.0709383191379574,0.13203541080874312,0.2825314174927763,-0.1348011469911256,,,,,0.01172549619088818,,,,0.011501554811097821,,,,-0.03366966464848069,,0.28127673115872176,,,0.03845332737309208,0.005381396232351853,-0.43065646964218657,-0.239253751081241,,-0.05644642521636435,0.44988035322106906,0.02841323036735973
2020-09-30,-0.6919324623472369,,,,-0.8627633976297304,,,,-0.023479011690145227,-0.0029699734389240146,-0.5754317053412518,0.00846849589231792,-0.3409753859226696,-0.1295815842775614,-1.6759852561445818,,,,,0.7445095304088203,,,,-0.09427351591426116,,,,0.572718411857841,,0.9210271847758698,,,-0.13700112566913403,0.13816356625378665,1.1182346630109332,0.041517997235318266,,-0.21993311842566843,1.2628383637313474,0.011171833344299262
2020-10-09,-1.388954629384727,,,,-0.014675421016301496,,,,0.05287490825141683,-0.0036918118635237583,0.08594678166007273,-0.09988425712372019,-0.19305048676752568,-0.1057235941593381,0.05878510734538619,,,,,-0.43108491026148543,,,,0.014042307878089504,,,,-0.049510803330308314,,-0.7893651389597772,,,-0.241216005901983,-0.002493783900752026,1.5592305419152563,0.31946447442264836,,-0.26751853931699066,0.2544238927754849,0.07294353800957454
2020-10-16,2.428852511243714,,,,-0.019233494498639654,,,,0.002382306610540272,-0.1271363230572779,2.6682557716718867,-0.0537455267977393,0.20931402009894903,-0.2216617475076549,0.010274009556004165,,,,,-0.2620965446287948,,,,-0.7451986210603577,,,,0.07411989477823201,,-0.038426762552775405,,,0.18334346950907454,0.025307507694307133,0.38496636708137255,-3.45588987863686,,-0.08122754134809632,0.3078060301451799,-0.12501791112019656
2020-10-23,-1.3592057573128808,,,,-0.007272729426103658,,,,0.3389737942773965,0.11122620882533327,0.004469434420933893,0.23077250781009798,-0.7926545322523226,1.1343789573468575,0.0824721052196998,,,0.204054070310569,,0.0007712349220098968,,,,0.012737165010087776,,,,0.047334321831141654,,-0.4735166936251021,,,0.960209745853716,0.27807357548728956,0.2721681540909248,-0.03257864633609946,,0.03681724189632914,-0.3297020751503349,-0.02311206848949091
2020-10-30,-6.4073456139049645,,,,-0.0011825915199407486,,,,-0.001176975307225677,-0.0014689659689751976,-0.5852053826304511,0.025096676042446607,0.26172575041201573,-0.36769660556105277,-0.2808268642185703,,,-0.09065015147218992,,0.728951615249127,,,,-0.008320665999762477,,,,-0.7844334820122274,,-0.03905582075565619,,,-0.019430569662495116,0.006594310312065234,0.12083106068468347,-0.43656261422545806,,-0.14785424671367367,0.8900927785658939,-0.030031067971038362
2020-11-06,-1.2360609443941772,,,,0.0027808953582046177,,,,0.03897781659072748,0.04478960710412461,-1.5320863892373882,-0.04950197344361139,0.17613123499043523,0.04707056846938525,0.43807989999824876,,,-0.03853935179374493,,-5.315087610648752,,,,0.077501846454785,,,,0.32774402847521233,,-0.1423542749315199,,,-0.3675015156079039,0.004944334242929917,0.005598366304213714,-1.1444411307557967,,-0.3650162602018254,0.2829586165305129,0.2107828533451597
2020-11-13,0.14751259126282484,,,,-0.006634966233917831,,,,-0.011439490282960409,-0.2972345711529008,-1.231551191802899,0.004089814819277423,0.16072996238955276,0.034595746114512445,7.160849757679883,,,0.01363276559008034,,-0.020879309181355235,,,,-0.011555026009032781,,,,-0.0028638865419299397,,-0.8414652367289376,,,0.017002760394933113,0.1484857424848135,-0.07834080283505468,-0.5707683454583036,,-0.33961354673186916,0.2533462758339413,-0.027015999356546694
2020-11-20,0.018422246501048983,-0.0006054758831081433,,,-0.15009161322030729,,,,-0.10602529967825663,-0.009598226980279881,-0.667890456266652,1.5773838929985182,-0.16765043493621856,-1.4466437077846197,5.272186838757436,,,0.33343809519630824,,-0.0858110537850133,,,,-1.1835134818505062,,,,-0.0022454547720923324,,0.010674842126972044,,,0.34373753793816764,0.018427968157547783,0.465483134393906,0.04561414103644476,,1.8438252253171752,0.6242726837024614,0.004364298173687697
2020-11-27,1.4177444423725247,0.13874105084343294,,,-0.0023473969777233483,,,,0.023258927003980134,0.14147819207242218,0.4721995643934999,0.10380407153915217,-0.20284161071549384,0.06453887775918875,-0.09449500600445936,,,-0.029517113995327846,,0.03890989247528321,,,,0.07098275905278424,,,,0.09134747866040788,,8.185996827130642,,,5.45744082023603,0.011490557402222165,0.04166297257070476,-1.4206798804609087,,0.0033624039657201704,-0.579935129300088,0.06507800067327524
2020-12-04,0.9486716536532875,0.062114001556412425,,,-0.0164794656578196,,,,0.01665897985378597,0.010925983636332057,-0.06862139321479449,-0.010316710522639732,0.06266048495986154,0.043381063924786564,0.06764185690149303,,,-0.7312765766187574,,0.13007700578697395,-0.05777154579855457,,,0.0350399926030458,,,,0.02181762715507673,,0.018673972003006946,,,0.0971971549543029,0.03716444310876521,0.06473896374664198,0.24256321864354727,,0.6461433400309116,0.08548045281819963,-0.3506983549624095
2020-12-11,0.3610127767925696,0.4170415846616183,,,-0.0005983588853123508,,,,0.029750699082549258,0.028067680830056403,-0.3556864875484734,0.5977812893559412,0.7906133816202092,-0.9202164567758132,2.165608962278104,,,-1.248704536591275,,0.36802532255913234,0.019071248983937514,,,-0.02047196991827671,,,,0.5428424959310566,,0.09553472901302733,,,-0.13350195213306496,0.1662925160129004,-0.3468582340434115,0.11290053895607158,,0.07149530843151093,0.21596121706636887,0.39790391242008666
2020-12-18,0.16063668724823,0.12847886120657354,,,0.033815830331438326,,,,0.00874564075021641,0.01858119757425758,-2.4317827617712946,0.6169245696589213,-0.011904448915504677,-0.18002217233906997,1.7243871182954953,,,0.15123410045296656,,2.511855805723662,0.003201126061798796,,,0.02092733833187483,,,,0.006497713836164976,,0.00765657166918432,,,1.1745058102384216,-0.09497783060424048,1.8843391628346162,-0.5500932946074609,,-0.19396817628883986,-0.23887583182280775,-0.1297319604605402
2020-12-25,1.5539336840770335,0.015150027333692764,,,-0.0023173463657035934,,,,-0.0005485797318077424,0.0011578688049817664,0.047825393801699714,0.049859582752138844,0.09626536269176889,-0.01048710057718781,1.5320905067469202,,,0.2306733749469988,,0.07417850437189455,0.0032653855104878174,,,-0.0789902571834705,,,,0.012574093542209784,,-0.3930253086112082,,,0.14615138331575042,2.4142670764155243,0.1626336630222913,-0.3976275335940474,,-0.19104559783735287,-0.22590952467589964,0.0006561103808472414
2020-12-31,0.31083827359871785,0.015077187004174207,,,0.2150643155696048,,,,-0.0016285641369211436,-0.02406254669430826,-0.004303107477435071,-1.0880260814563318,0.007478562327123836,-0.009865692060466811,0.09614182045995212,,,-0.040942657896781795,,0.41234487566635647,-0.1449072498853877,,,0.07051898152887134,,,,0.3275540878789831,,-1.8117647457022592,,,-0.8353552745810957,0.015098484775744317,0.3616258670762668,-0.4731106844975431,-0.7806617804553764,1.6051746711589518,0.07349560225829103,-0.0017609885092323575
2021-01-08,0.10235897620410293,0.07129100546007876,,,-0.06613120279770625,,,,-0.4816858232768323,-0.0010221776184332293,1.2589137810911581,-0.7632160956312818,0.08275752821752774,-0.003596638394381804,1.7094812108419242,,,0.08278018003030108,,0.024894719037783206,0.0018496810200441293,,,0.02760419183392595,,,,-2.2556017188457598,,-0.6162360647343819,,,-1.2428620699721682,0.13727974243039506,0.16308312587316082,-0.21081245458166764,0.007134790444554433,-0.3410813837563765,-2.1880007697340433,-0.08467247797354113
2021-01-15,-0.5058304741674207,0.1255523479022172,,,0.029309403461443208,,,,0.028675228586909827,-0.0006839407969192642,-0.7429871251480993,-0.03366941368389734,0.03179941887707148,0.007969638864510586,-0.2809684543642779,,,0.16837888988368385,0.06078044525591062,-0.02309567163842641,-0.8547054896691165,,,0.005614249024296974,,,,-0.0028056963300385766,,-1.0702973592897402,,,-0.6167330059686837,0.152225588774614,-0.011895932882089975,-0.07584257668861073,0.9178209487402241,-0.2583020033705705,3.030949082181386,0.1376190974704855
2021-01-22,0.6064833071850468,0.1164733567900815,,,-0.002191690252361271,,,,0.16604237077602987,-0.01899860859787499,0.25129554751934924,0.7788219995629504,0.39305800821652676,0.41912764466915864,0.5105992132150591,,,0.13782004848683044,0.020881970726213984,0.014176574863468032,3.276732388287308,,,0.05927043749452996,,,,0.028032658323058356,,-0.13459919861298392,,,-0.08071664839084594,0.04559145170531709,-0.02771090455958894,1.1861839195914083,0.4144711473451298,-0.00037408974115115713,0.2491503029684938,0.36895127144221423
2021-01-29,-0.8892503669789509,-0.13059796515489794,,,0.08481274677856673,,,,-0.000816116386989964,0.03537404576544596,-1.1799823012078912,0.20296707848900017,1.410808697450757,-0.06467047834237874,0.6084801792336834,,,0.312895839362207,0.1368468783224188,0.009556723472951606,1.82507572128149,,,0.006420752886913392,,,,-0.28217204030187626,,-0.11781409881893688,,,-0.01481576783583982,-0.021955951936633796,0.3257571169626123,-0.7320108708754501,0.044922989342634896,-3.2832355728880716,0.4699399406572272,-0.04540842977945998
2021-02-05,-2.7827619399387156,0.09868260710835529,,,-0.04662708324158569,,,,-0.00030884472147557537,-0.0027443559183323567,-0.3332449441011406,-0.46593869774862645,0.08760968268408022,0.02628115899903173,0.6627575201527818,,,0.17003169657147665,-0.008541890529925976,-0.08066970514840671,-0.13244727597223183,,,-0.00488466248853946,,,,0.6131807156331754,,0.08471310132075682,,,0.26435023057730406,0.04265722066590372,-0.060964262053770965,1.0185922106930796,0.21785588076837514,0.23920979148941468,-0.5925256093936638,-0.017856279849861337
2021-02-10,0.18683920472320611,2.0540875047249703,,,0.043753433845047096,,,,-0.06650464784149879,0.0017673542903484307,-0.8408185770211414,-1.0759432747912145,0.49051917200718465,-0.01704266439056816,0.08712278956166111,,,-1.8108997804495943,-0.012861331725603737,0.6456254910333937,-0.20703312389550096,,,1.057184579652708,,,,-0.02946795594817871,,-0.12198892258168584,,,-1.0350959316516908,-0.11900177308242665,-0.5907932945094424,-0.22335271709218507,0.138068937127752,-1.5053595307663108,0.7772170900200996,-0.8410991933677328
2021-02-19,0.1807674872342741,-0.23691032974457235,,,0.020662011950223432,,,,-0.2996885760768948,-0.6032469338000539,0.7839010094794958,0.32296093478250715,0.010301885730000434,0.33919578915119386,0.09099404315129409,,,-0.304504738736585,0.0357227863215855,-4.058406772577249,0.4052212961694409,,,0.301203429129707,,,,-0.2899153366755312,,-1.5288276851330924,,,-1.164715191165521,-0.0885343131240056,0.1734886936808391,-0.01647535232028808,0.010797430992576445,-0.17781417032281088,-1.2161998510352285,0.08035258045641179
2021-02-26,-0.03610922425347973,-0.98858939652595,,,0.6117771036840746,,,,-0.0015945453182377477,-0.26081920273538794,-0.2332222308928527,0.2555286690590525,1.0277115960997631,-0.34442309169520924,-1.409901159186134,,,0.006353209761536275,-0.05787828848746623,0.1635520027243942,-0.575968246624913,,,0.015022335848413957,,,,-0.018931666593283193,,-0.1960729102375295,,,0.11239712752709421,-4.079211998789781,-0.15048126759230368,4.1162485399741975,-0.009836241218068158,-0.07548347270280237,0.1543118963063198,0.5061444372883308
2021-03-05,0.39425604845978723,0.25770926197029254,,,0.0015865292594385541,,,,-1.778568368232414,0.11197154855886923,-1.0330173474382618,-0.15906236491751674,0.3023988485372544,-3.2440376614695117,-0.18872269345093093,,,-0.3204473363684218,0.0419665337248049,0.007938142474895054,-0.9128568527020757,,,-0.044574323990078026,,,,0.014933540292213535,,0.0143168538150358,,,0.612549201719883,4.613319566802251,-0.040620083394722575,-0.41423298195072344,0.06222210437733659,-0.6322193444268596,2.4014318204955876,-1.405145409685142
2021-03-12,-0.7344240935873144,-0.03960656208349056,,,0.2427174455145831,,,,-0.004508946620616007,0.0006241065233694469,1.2757211935007535,0.16706585651302364,-0.514698207935074,-0.2259474911589186,-0.06859301203878554,,,-0.3248542750331209,0.10445672139402254,0.28238935584278774,0.014013012285882575,,,-0.5117990762404939,,,,-0.009891599158064843,,-4.4342477628476775,,,0.28791486887630713,1.9009883564308185,-0.3381159979730657,-0.4054150268297382,0.10425059985671398,-0.27828796932422184,-1.8209038307548688,0.04596460786887187
2021-03-19,-13.300622543665499,-0.3133057432408493,,,-0.14774754963717468,,,,0.02160729133563897,0.19257118164888143,0.31588201268298205,1.5030537920086486,-0.06814130545675398,0.22946706062179684,-0.31583673245243005,,,-0.5938053975772869,0.035575968029357474,0.0729872231430089,-0.021406797400168355,,,0.016293230335819565,,,,-0.26600082150541415,,-0.3353153190502868,,,-0.3823028294140378,-0.0532943083150723,-0.5276327072657306,0.5057757873066732,-0.0032975091086625947,-0.09902818037200303,-0.6529840280179298,-0.6161470838790187
2021-03-26,0.03874508892817307,-1.7440283707133983,,,-0.012611083253180812,,,,-0.0014818605947170482,0.035096785606298975,5.3462731317700944,0.48291016493678596,-0.11438843535618987,-0.2629723931034701,1.00197387982496,,,-3.108065453852902,-0.011280128216003577,0.28507292742021706,-0.373676954663961,,,0.4347123794811113,,,,-0.1775988088816614,,-0.06196873021795889,,,-0.16395257676109698,-0.01614286041858585,-0.4551600388144558,-2.1864748228872855,-0.0018541956114864182,0.1797902125215943,-5.4825196894722055,0.059237635888673215
2021-04-02,-0.686395570134403,0.015820243115665406,,,-0.052172965976958655,,,,0.14142292502201864,0.06791215073046253,-0.7981050901139122,0.02101043168502193,0.16975407986122254,-0.47511600489659395,1.0492210573841707,,,0.9374242131834357,0.17957145612152808,0.005047892624783874,0.1344146141421791,,,0.09324222651076298,,,,0.05677871890182208,,-0.40861665993033414,,,0.13667096787241328,0.09561445313508199,2.3826052875710406,0.2927084399616367,-0.010701311907556667,0.009107797243723043,-3.9414874686443793,-0.06489951884525912
2021-04-09,0.0958647224268967,-0.1521336400069907,,,0.23456186159864817,,,,-0.0004063449013447933,0.305645538169156,0.5862732671839357,3.710970758899204,0.23655051374626226,0.13841987235182063,-0.02305990654360674,,,0.09081759002714958,0.04691457896722411,0.3190614297517262,0.03216060217662606,,,0.008911791486874512,,,,-0.0011094356139863552,,-0.015468545377822492,,,0.25835199234234185,-0.0012821935275815644,0.4616744471810861,-0.14307041960882694,0.008502959875286323,-0.10002830006676236,1.8020386173406946,0.09598920384476661
2021-04-16,-0.6130037015267363,-0.021955528579593823,,,-0.5983672151625952,,,,-2.7398174701799425,0.06999467648452684,-0.15322360761259446,0.23302507196516997,-0.35699700185598776,-0.11520496751233691,-1.7127139295907226,,,0.4554401301988951,-0.022836543661424055,0.009444041467170391,0.4040816886934157,,,0.0002331564045492257,,,,0.08884578007828273,,0.05611561003361092,,,-0.2185797136278374,-0.00581293274917063,1.2899312555395988,-0.025049419377077338,-1.2661828247382867,-0.34320042854724186,0.7368489989163534,-0.571313374526126
2021-04-23,0.07212689512764724,0.10024449546270717,,,0.43001789563723086,,,,0.10415410501601531,0.035586349828589166,0.0651080596975454,-0.011803708156179996,0.09159597098368526,-0.036694845722823055,0.003290604417129986,,,0.017730859316086978,-0.38829071072337,0.2568033795623182,-2.3159591327184437,,,0.00627573288903971,,,,0.14712702944182388,,-0.02382645947792504,,,0.08260338555802674,0.46822322300336916,1.9436398750102606,0.5321177067077477,0.08639036837473138,0.14582121696995207,-0.0014334276738043397,-0.1716877598923455
2021-04-30,0.419766246041928,0.03862602107528362,,,-0.02380104930997808,,,,0.08748529220259177,0.231550732384177,-1.0973962063942089,0.8178700156564354,1.9676297570503678,0.8205461026069656,0.8366190379583603,,,0.00889123699111248,-0.02989853668410951,0.5845946937193344,0.6699060203798436,,,0.08191829629406869,,,,0.005394860773412615,,-2.2612877384056778,,,1.7004907771079407,-0.0014142620104638415,-0.2111748949027891,0.3921311022791631,0.0887849583277449,-0.29032710124834615,0.010441117080371515,-0.08082273243464094
2021-05-07,0.15537401223339498,-0.5484147273030695,,,-3.521380082599697,,,,0.003592109734962128,0.08171793298291598,0.10093613918635971,-1.13448765336274,0.05871037244480101,-2.1196674848780113,0.25119733016755325,,,-0.04119383331054852,-0.03610805575936117,0.19193410652831505,-0.11126928659037585,,,0.0016682603153874342,,,,-0.004058876510957181,,0.07011706954954279,,,0.17212447385176663,0.05021686636500813,-0.198666375116631,-1.7780635199287924,0.07887283427537124,-0.08722147835588209,-0.5599753254543695,0.02036906245743536
2021-05-14,0.17230089243905936,-0.05923331057602056,,,2.6146415918701633,,,,0.017689303804963172,-0.06142091035276383,0.4127507591297342,0.48529518656232035,1.2791393343792403,-0.052846170998981035,10.906217624951992,,,-0.8050732599867161,0.020092180636302383,0.2946079499187333,0.16817539114362456,,,0.02407601770159103,,,,-0.019651329474271114,,0.7095514768726372,,,0.8433138586563435,-1.2004239465956779,0.03792396562119925,-0.2113870471517948,0.8550638039297723,-0.06756778633922725,0.34248901625036365,-0.04647966176318437
2021-05-21,0.42711739165664553,0.06732745903411601,,,-0.12992217030977743,,,,0.006194471199513154,-0.12390575189783014,0.3863363616438914,-1.0071584896248231,-0.5975946034170068,-0.06494106591142136,-1.2386361758931375,,,1.1073402488489557,-0.004741167079931509,0.013822202680459162,0.08274067294137734,,,0.0057325374858807655,,,,-1.15297773111079,,0.013910678396927821,,,0.10855196249498868,-0.6096134098359615,-0.5708147900484718,5.255488838782213,-0.11608306369572519,-0.7509096775450349,-1.2929106781279363,-0.8350420690130606
2021-05-28,1.791363174407229,0.03993398437879203,,,1.1835941190161263,,,,0.04750906918005719,-0.42968919317558274,-0.2696357905988251,-1.9104931223277273,0.020950373192884186,0.5939552531003324,-0.2522847405616258,,,-1.2899688997534164,0.010869062697887847,0.01733393129436834,0.011135497473055447,,,0.003626385949592347,,,,-0.0072156751008890544,,0.020781321729439257,,,0.1801309511668747,-0.022115774058705972,-0.6387228579812334,0.31360421481789813,0.43881026400426754,-1.0295449743975713,2.3793004757821943,0.001951868780731933
2021-06-04,-0.7537321671638174,0.15379551464302949,,,-0.35708964728221015,,,,0.011837533724646888,0.26674432231433964,0.002488350325515608,0.06539615601809484,0.3447599426635973,0.16963578605158613,1.2987421046281593,,,2.0837834589040765,-0.00517269068088761,0.3647984661328014,-0.7263392124618093,,,0.5587276795415613,,,,-0.0054846206297622675,,-0.03296513179451563,,,-0.9944708568511937,0.6129508346866356,0.31786866264541785,-0.4955724903042289,0.18064410294085714,3.954686724025086,0.4552338861535036,0.11451396688135382
2021-06-11,-0.748801483974206,-0.0014442280962523313,,,-2.6606924839402675,,,,0.013038709123182453,0.07374455967146021,0.20396645923519288,-1.3267505129112778,0.4042064236796192,-0.5805467370752909,-0.4615378681415631,,,-0.5798956636929137,0.05859878735462053,0.001181260714885387,0.0011151685280763823,,,1.5285382720529348,,,,0.6950258806611518,,-0.3720489518721082,,,-0.8003227076829186,-0.39527531529257187,-5.472267600220073,1.9417984855656183,0.1565495717196118,0.7281544675362415,5.572339360732688,-2.2838110577620716
2021-06-18,-0.803057255503111,-0.1949549751591703,,,-1.9748771524389488,,,,0.15789339085224344,0.18270320999338052,0.4621069495016709,-0.4383096585578225,0.09347367206326071,0.6475617419185913,-0.05703275773549585,,,-0.3621297920294527,0.08818086156187079,-0.24225980339248815,0.05576517673711612,,,0.008889285102030903,,,,-0.013371486951623855,,0.38823007800567005,,,0.5523865531489697,-0.48597191320288213,0.6393002855169702,-0.24494084617234005,0.07412209060811546,0.06136371377499653,-0.27017769284904103,0.7610113918653545
2021-06-25,-2.018232417586037,0.36150563238332045,,,-0.18211315940813022,,,,-0.002293648446220475,0.025762364786903684,0.038017329855890555,-0.5042642595983369,-0.005165853305001845,-0.20507215789816735,2.1708319889199514,,,-0.5623795902577672,-0.021678771137276637,0.41673611140754796,0.05094280261090072,,,0.0031271332917394666,,,,-0.022345970387226622,,-0.6208141637929087,,,-0.03933743991265448,-0.2844394867940449,-0.4478113912833701,0.7425392881052174,0.06223916826155734,0.14868038516077897,0.055775715578239245,0.0004984833786457407
2021-07-02,-0.043577955743742784,-0.06306613330045321,,,-1.0077327220963577,,,,-0.0006208949132040667,0.09084333662859559,0.13955037688232066,1.1121262664536922,2.2215722196736882,-0.06048966439572116,0.2539164653901468,,,-0.6106927512212149,-0.01190064670956515,0.5018892299466529,-2.0282132828570223,,,0.2649522928525299,,,,-0.01636330583757542,,-0.6985809328528734,,,-0.08709332588905097,0.12780892585130804,-2.613452577710987,4.627187680230363,-0.008894900386830539,0.1545655811078403,-0.27740684676140526,0.016438242951586246
2021-07-09,0.6012296129714583,0.9139579527349015,,,-0.5966949407327665,,,,0.6744749994982593,-0.025138178294577825,-2.066659906059374,-0.3341953013352037,-0.002370702297262134,0.1365421247095816,0.08150597825930722,,,0.07956238212221808,-0.0015628744402543377,0.019512712220998363,0.14946213239457,,,0.2501646969279108,,,,-0.011433329579680476,,-0.08533126652004694,,,2.831326776357682,0.5402637783303786,0.6002530811405526,0.10024593767318418,0.07998692334646162,0.06801646990998472,-0.20301244572386237,-2.8684617681817954
2021-07-16,-0.11322236055976459,0.20893187462193394,,,2.4700494658620324,,,,0.01643833917033533,0.6177114036620915,4.013562910357158,-1.2605652998095591,-0.1345932277319764,0.006480605710803838,-0.038330989435261864,,,0.07292801507788305,-5.545991814948513,0.08817108448635459,0.13597032888073596,,,0.18884306312594043,,,,-0.010687994983593808,,0.0033518141203547347,,,-0.00035944751120916586,0.029668532126035166,0.12752175804398347,-1.322566124379903,-0.014776721217813557,0.012133814409107985,-0.47937338992469575,-0.06226695196916779
2021-07-23,1.112554023272802,-0.022391658790406863,,,-0.1652123469448654,,,,0.03379110975996748,0.014427475923155793,-0.14130366810168365,0.007177713260298892,0.21092726879627094,-1.846441740102637,0.48608065911001924,,,-0.23363319554078285,-0.018601505311486397,0.07111684272422097,-0.6427823889629288,,,-0.016988957452592136,,,,-0.006236620499361604,,0.27566199743346315,,,-3.630858076758796,-0.019433218909364797,0.456400832214275,1.2975493746811273,0.005835564218591019,0.5352583470524647,-0.8815708504411686,-0.03836622600563483
2021-07-30,0.8639673127971546,0.040866252524393826,,,4.208632585089995,,,,0.16389854038639518,0.09866099637715262,0.2577948223747424,0.08317519859112951,0.06502477912656443,0.1343506972341858,0.5281656849602316,,,-1.2830342970148758,-0.008583382675819247,1.0607463827735988,-1.3439053739943088,,,0.04753222410004639,,,,2.3195342911862107,,-0.02636078157454265,,,-0.19873802836847893,-0.0029087037835595995,-0.05900967367510812,3.691475387128907,0.032166009521003895,0.021127954597039107,-1.0708779209277897,-0.12541482713332802
2021-08-06,1.401094874839436,-0.06790466550231501,,,-0.13699545258108817,,,,0.238205315208912,-0.028209393382189314,0.30991698257764927,0.8872286267680238,0.09111790782381343,-0.07057585658098614,0.6130363401338332,,,1.910478908405839,-0.022152675939538326,-0.15670935158389676,0.8523735208634969,,,0.0041269473737627245,,,,-0.006009782809471308,,0.2264591427610263,,,0.4470742047241991,0.054508353043362975,0.022111847855970056,-4.726909357135966,0.1577330846452985,0.17403488050370242,0.8283150277390297,-0.15398742867184978
2021-08-13,-0.3025216786662015,1.3331248473436788,,,0.1266615189783099,,,,-0.013538549870521622,0.02584089414660731,2.1436729327839488,1.2644852320610636,-1.9235695987535033,0.09842842704906878,0.15848206269917245,,,0.38013500475360107,0.019031932341750733,0.03883040622006746,-0.0015369987712456866,,,-9.838650057029419,,,,0.05824748590982913,,-0.17249452949524222,,,4.84278686419199,-0.5596868884382665,0.6361386140150369,-0.171117379130717,-0.08330274819596896,-0.9484643297103761,3.049277804704004,2.863083050272693
2021-08-20,-0.259245632208567,0.2632406273036908,,,0.12934328864658912,,,,-0.007008336051942492,-0.027787881318590175,-2.5002799053741858,-0.4773365388043494,0.2090784500258505,0.03375150858127985,-0.10084696086484689,,,-0.16569212765461105,-0.0042591194621523585,0.030866837757668616,-0.02540286644567403,,,-0.002418222443933698,,,,-0.014593658802063193,,-0.15933168587330487,,,-0.025445035723542633,-1.0962023918083812,0.1083047022758297,-5.0957703900641285,-0.013120664048496529,0.2090652025911549,-0.46218612028256784,-0.029739410186480856
2021-08-27,-1.5630852430344038,0.04148216824988226,,,1.650204418433126,,,,0.0014601425889601439,-0.08532201764587805,0.18088282397957403,0.2882864618416936,0.9721277875536634,1.1675893990869708,0.8531301896757095,,,0.06221465444139164,1.2746390062762618,0.04747547494352676,1.9832026558207527,,,0.27174968178496023,,,,0.00930534511888776,,1.3049576522277027,,,0.15486415207621673,0.05255423081629895,7.131748703224789,-0.7338063968184709,0.24055250239138945,-0.17227201663515837,0.010767810440688636,-1.3602622288292454
2021-09-03,-12.08313853316203,-0.10931276124771518,,,0.14945813229643468,,,,-0.1398825978518275,0.04875137592085145,0.08340787020380408,0.7860936958151153,-0.44421597881232977,0.08119635220938362,2.0272269044188818,,,0.059171582045039,1.0684852712703665,0.3258448821521569,0.4674665360970244,,,0.026570168708171277,,,,-0.0423233661595814,,0.3282779801319267,,,0.03535414466079232,1.0735621763191114,-1.0184462532799512,-0.37325191466257285,0.006662113039077151,-0.045930562891160376,-0.07447148030807503,0.18299615260116808
2021-09-10,0.2852764978006358,0.020921607919809532,,,-0.04745215245902389,,,,-0.02748744078994357,0.01577638626585872,-0.3405632463344517,-3.5383419176116524,0.006452652637401892,-0.2576012206316783,0.2848769022359328,,,0.06290061210566654,-0.04917062888423469,1.1969190614601586,1.1368189819333436,,,-1.086369280191669,,,,-0.017153230280129994,,-0.11881930651021692,,,-0.004668690229649133,-0.03171416956370608,-0.09308080921477714,3.300907114127926,0.11239536326982613,0.13725648899812726,-0.21256468071114237,-0.07698072851327592
2021-09-17,-1.644088786691227,-0.08346578157954279,,,0.10201938761714296,,,,-0.07101416432756229,-0.016490983357058273,0.1888196082944403,2.609101699171208,0.18101851928203413,0.2866572405500975,1.3819810923110087,,,-0.8945342948824188,-0.02880739787381468,0.043745877775134646,-0.3860176343162819,,,0.002354742009946893,,,,0.9678736513133054,,-0.31197599419181865,,,-0.10953455139058221,0.6551257060424083,4.7966355473481155,-4.387288012229371,0.04776790080014541,-1.198408061576973,0.0596660019280968,0.1106869818286697
2021-09-24,0.01967899366779176,1.4568136454570464,,,-0.11571400472790368,,,,0.05833662392366843,-0.1791643446695998,1.2656442533224457,-0.28884151029092797,-0.14543469929899366,-0.18628929360892327,2.2091549074942765,,,0.1498711349724715,-0.1393630962699146,0.5089710558434608,2.9078084105261865,,,0.39654674695483844,,,,0.024422556964128483,,-0.81046571176098,,,0.8249560295440281,0.149651964868393,0.17826197775084057,-0.5917949855752944,-0.22322423739105082,-0.5712196085743977,-1.1258221403989594,-0.13907071484117917
2021-09-30,1.4034543444347924,0.4717238348115273,,,1.3197063919767793,,,,-0.06808494417426739,0.008114417113840226,1.824742686985551,-0.14109552903854466,-0.03930954922001959,-0.0440593497268202,-18.717561046704148,,,-0.31605080862126955,-0.3100398392445708,0.05153824973782034,0.052553849123935834,,,0.08385225760429463,,,,-0.004591790561516113,,-0.7790513713559443,,,-0.1780475094661137,0.12159337449012175,0.6135034202680877,-0.07689811005223329,-0.5931957045313123,-0.9680815869480669,-0.06986544496903918,-0.15180755020553358
2021-10-08,0.1814688462048284,-0.020249422659369732,,,0.8973131356284954,,,,0.027707395967643208,0.08442009961567747,0.8602164657561004,-0.06654149723933434,0.8527035377240054,0.0409443343103784,-0.3407153616103969,,,0.21327663203238453,-0.040524861572586744,0.017515369409231218,1.345220538678894,,,0.20720700543733506,,,,0.7278579691379963,,0.11409805818369805,,,0.9801380951060727,1.2652272881171118,-0.22255182348112248,1.6298721938511032,0.01284437340114942,0.0729595710594117,0.16467810752103157,-0.03864450046460819
2021-10-15,1.7284817499417118,-0.41633779210264193,,,-0.047090853093470796,0.08373622439508396,,-0.7232439983785934,0.04752801123093595,-0.07780106074408658,-0.3122119649649647,0.6597629078688232,-0.09364461215184539,0.07478616964468296,0.6413941051919123,,,0.507776079969397,0.23737538275752357,-0.008581824242825761,1.7508076300408668,,,0.029397352342263535,,,,-0.035484124599939215,,-0.3235979034233892,,,0.0015389903713736927,0.351933882938276,1.4699792361684925,-0.4543510498365963,0.012185667200310278,0.060786595447288566,0.1454674597524174,0.5923708647981334
2021-10-22,0.0017258619473061593,0.13396981321121146,,,2.582312515471832,0.0014360662456671175,,-0.05576832350827575,-0.0004942380704018226,-0.36554013618269143,4.61921415413319,0.35099482213884076,0.1706086276572553,-0.04597898083911228,0.025632299890566014,,,-0.31849179477241407,0.01070362390872007,-0.1575344968965272,1.4522215975927046,,,0.028815590517170423,,,,-0.002744420537893153,,0.12942569716153457,,,-0.18755397879670738,0.03441782102869884,0.6001036517576084,-0.09618487950784237,0.17440314285239442,-0.20632543975914952,0.0638285504177662,-0.47491670621836374
2021-10-29,1.5052761345977574,-0.28667469007388335,,,-0.023393459270412538,0.03713313403265438,,-0.05471186563338211,-0.0003630154270678187,0.261430822779731,-0.48845931763178857,-0.18102606128917564,0.024207053399844518,0.10406882267516399,1.1162667746692747,,,0.050768076498893706,0.01711985697907038,-0.5625187546367933,0.0373172604051757,,,0.03494317676196698,,,,0.01022696905651273,,1.406790567611156,,,0.1031903320221717,-0.08922849914038546,-0.2757103413955694,1.410245390998567,0.019107009008903227,-0.09094298592430933,0.2630480241246934,-0.05609935934300121
2021-11-05,1.013116146492343,0.4410438684488915,,,0.023167845199669766,-1.030153269394777,,-0.2767958097130366,0.02094524817738533,0.8746160085370251,0.09642831754268782,0.48316554300932085,-0.01273321547427708,0.0470389482755757,0.2807299287434565,,,-0.019404456068338433,0.3495884837982769,0.7529351243739709,-0.23208242055654862,,,0.0052101724275001385,,,,-0.06474154986622316,,0.6536660475814638,,,-0.0653311966470799,0.020771973751478625,-0.10318445636612786,0.46835042065965876,0.07192258485125451,-0.02579307544423482,-0.16168140142335055,0.08684293834328291
2021-11-12,0.20315217752721654,-0.0137519978661249,,,-0.5608290494995025,0.18399652836856095,,-0.26755686018994834,-6.247411323135855,-0.019677899387400506,-0.03923275116010659,0.6961437798251684,0.6459658556639409,-0.3316198422229631,1.1958043313993216,,,0.31057410350113324,-0.003391355564477068,0.0032582895169883746,0.8088721185997523,,,0.01545936787317372,,,,-0.020928565406137134,,1.5532042353450886,,,0.10006490364783473,0.4053416707114462,0.17597754361658355,0.2756314756973095,-0.020118209465046603,-0.3848055376567219,-0.4806032042024495,-0.1671494090807868
2021-11-19,0.634603142495794,-0.01843964091675601,,,-0.36148706037903366,-0.06541065555308889,,-0.09153508645836751,0.030202898084170114,-0.5567987581368958,1.7405743295192102,2.5675506045662364,2.378145709238064,0.004805250248778203,0.3687719434693962,,,0.1216363206800695,0.743508634375794,0.7839651942290189,-1.1769539385804488,,,0.021287352159799183,,,,-0.0029429722625593175,,-1.717331251497513,,,0.7785390135005538,-1.0030628568209004,-9.35348662993168,0.34789818872597766,-0.18970276877261166,0.16011618192347138,4.039113896838319,-0.023845012109605483
2021-11-26,0.21412658191329287,-0.1995353080635763,,,0.5976949516770121,0.23071754867325708,,-0.4807485832988957,0.4941742474591973,0.026998200540335006,-0.18807225196841948,-0.019807310468693072,0.1652164761293437,0.460220935935239,-1.758061637670222,,,0.011842196600212422,0.0284026073113283,0.04872389521069187,0.03004595045146906,,,0.43998497052423224,,,,-0.06694548872885255,,0.019637773436212567,,,0.6587523929152125,0.17501792491253904,-0.1270350784359271,-2.387214647844111,0.9393334671183344,0.07384355866667486,-1.191715689364723,-0.0988082533223287
2021-12-03,0.23967954825463392,-1.2539616922448247,,,-0.15405113487354716,0.033936385767091945,,-2.384640113971706,1.5169598209441602,0.06540662847413395,1.5454950313811366,0.46251293668063476,-0.01098940394351848,-4.19832207422248,-0.05249944497668879,,,0.08413011174047488,-0.008403119087213598,0.11503382637394996,0.24895880691423122,0.012784011995470253,,0.007790149430193462,,,,-0.5022724870536458,,0.1939994700357496,,,-0.3741508852944571,1.3680162079251954,-0.20155705454815062,-1.052125865542243,0.28815569515607287,-0.2783410849614739,-0.7137410675919252,0.7145764870758092
2021-12-10,0.45601562607554413,0.9044592721583669,,,0.02048337364095935,-0.13992679701669367,,0.05396222894442848,1.575802491478011,-0.20936468235924044,1.1966194688212142,-0.39719435202414843,0.594476679811816,1.5333175705439337,0.5480220681150577,,,0.06204614018134812,-0.039801569028935446,0.05645765855200775,0.5053584056416571,0.0021142842649991265,,0.02388180610634766,,,,0.8858080687491706,,-0.0582232488463357,,,0.13507303056096076,0.10128900646973438,4.505357857972805,0.11037551687726668,-0.21044724268291934,-0.9118521723549956,1.3539099270909196,-0.329909438743594
2021-12-17,-0.20221214536764295,-0.011312172990272297,,,0.14000384942168986,-0.1765840960083565,,0.45733116509138944,-0.8462383873907662,-0.031706636327025264,-1.518463584180614,0.2533237314858955,-0.026718873830339968,0.10392480262326785,2.0770178248663997,,,0.937121334339327,-0.03143023008177383,0.26283625231874325,-1.2904396802487919,0.0006991362727758361,,0.2708135875442748,,,,-0.05486361898877229,,0.4975708663811791,,,0.04135139995618151,0.028390092661863348,0.028612293026569563,-0.402662318341838,0.02598762533221549,0.4024093815861013,5.419423005112884,0.11144421307688118
2021-12-24,0.05628605995445159,0.1499450877275867,,,0.4123116748487175,0.9297644608627689,,0.4266462217752123,0.04353671760678777,0.14428882889670322,-2.3254500825809212,0.5279534584199826,0.13472269050716587,-0.8126272297372265,-0.34572156201075194,,,0.07277585821867429,-3.7730814691854215,-0.03631311846828961,-0.9245080971968829,-0.008625100916013387,,0.41730105103125903,,,,-0.32877905211105146,,-0.15076457349684858,,,1.6881992273519661,-2.521277983931728,-0.29359702439428204,1.200602525600725,-0.49318614501212843,-0.6581120355530726,1.0335355288694739,-0.5601536921480896
2021-12-31,-3.4380744353530526,0.037324288265702256,,,-0.8557403625969044,-0.7159044716434123,-0.10993077637303059,0.13040210735371527,-0.010330430637174308,-0.17193412780856956,-0.6397900168583868,-0.05879321310817662,0.7256953541794045,0.114225757534104,0.43234293141122976,,-1.8235223844896906,6.645918343995933,-0.014275029398465155,0.05565332856711541,-0.9371718277001917,-2.1095587099625983,,0.0305381863284714,,,-0.2022887485241391,-0.08253559884440559,,-0.31157866165916875,,,0.954308437841902,0.7054997311454019,-0.2520538348201906,-0.21568635386209697,0.030114451867393158,-0.5562621742117435,0.8421107174922167,-0.15932987014174335
2022-01-07,-0.07241960915467803,-0.0663636164796726,,,-0.20600857847944537,-2.057290514238655,0.07464467155460637,-0.11475261190894334,0.02916759829656943,0.08794259551812443,-2.562933512778264,-2.6691558772134574,-0.028434229868170173,-1.9964928828973068,-0.005546919569804059,,0.6429674136324872,0.4054305184985556,-0.2316269370651466,0.09418130334617626,-2.1095902056856333,0.06394130919138598,,0.026440569501378505,,,0.9337012132335016,-2.461793242675391,,-0.2912396932620799,,,0.6163287151759695,1.4217853727113092,0.04410870528723791,-0.15413504811512532,-0.11510855889397906,-0.01467278114412287,-0.17675291598650014,1.7442771055555801
2022-01-14,-0.05610956219991523,0.0179457841558006,,,-0.5308661768548698,-10.934084038346652,0.3290588867030684,-0.3735057736941548,0.05624623512852566,-1.6359525909737425,-0.11793865963378769,0.5822024326137563,0.12750313710372121,0.5284083215573847,0.41101556336755296,,-0.2413688976597547,-5.61857367435191,-0.05047498959760202,-0.0767223380676929,0.3862593428608022,0.24174435129386065,,1.2370871833871628,,,-0.5555889048325268,-0.16726181562795112,,0.5948134415071608,,,-0.08668142737475902,0.3458532104142001,0.8805220280817102,-0.24366612492225767,0.056342916816087725,0.08235123124337518,2.5710826979691612,-0.04374445297670281
2022-01-21,-0.5856063554436519,-0.5774392266474492,,,0.8095894135358717,0.4128316938219656,2.0881373063426487,0.4137121087890689,0.8324502435111141,-0.18726794558744198,-2.7815647816589975,0.007417332218578765,-1.029134125136203,0.5583311265791666,0.33538390589706585,,4.9253680303311596,-2.4812288964718765,-0.16146716537021552,0.3766398404054514,0.34179143957307084,0.19778454359673747,,-1.925878914913163,,,0.1471275745921161,1.9057820926591478,,-1.1270651348729457,,,-0.02220786944180843,0.9043781903608997,-0.09059719759461818,6.7520976566228565,0.14363443872868864,-2.4709374238536803,-0.7991330560049837,-0.05928650206071536
2022-01-28,0.539140668089767,0.17197144806570971,,,0.5516758221389313,0.8473415616858935,2.2643367242370918,0.20416827685457242,-0.40557294241701186,-0.20999498206866832,0.30686783665704087,-2.198843926503742,0.1522659667782049,0.0038833952947500677,-0.01664905695723709,,-1.0194968268663813,-3.3543762614409234,-0.019909568390827744,-0.6426015467052094,-0.945284868513303,0.00312772194764985,,-2.8532494274061966,,,-0.6487491005250752,9.35299001784245,,-5.151024005135904,,,0.2048358617866336,0.6864004661468361,-0.6096717486029832,-4.628575847488896,0.023052146234666317,-0.06406110157645024,0.847851811583663,0.11684292534932399
2022-02-11,1.4148277148561939,0.5907193984115795,,,0.744642554235226,-0.2234641136990627,0.4361633388893481,-0.16474434841560687,-7.131358848881749,1.424308170265037,0.05857192658737232,3.2871560481987174,0.07823475494983242,0.7587520498646848,0.8539517610429789,,0.14309314672772763,-0.15568636517222342,-0.01157556414902074,0.1422898447842703,-1.5205970590020133,0.17920713912288555,,0.8950570965513129,,,-0.05706799237743804,0.362897097610414,,5.520548712199814,,,-0.7037945159301918,1.0618032646834628,-1.149193340718398,0.16102093116731364,0.08310885594807013,0.7449267769870795,1.3059782589963305,-0.02073208849960962
2022-02-18,3.1753335640623512,-0.4621977045851737,,,0.9623349496291613,0.3247712095379416,1.2983874500576016,0.1986893960828337,-1.0110902271847653,-1.663628114884223,0.5130408845757063,-0.00481973248069292,0.527536533315475,0.02946320368660682,-1.2219649495084945,,0.7436633747870939,0.08407661280347971,0.006412366984251822,0.15225982001213403,0.3227186652323391,0.8283148493238655,,-0.4390359370758002,,,0.004910211834991224,0.7756554371603925,,-3.3090118280900107,,,0.7672085892158073,1.2543907859481132,-2.3762726660692386,1.8094208453203273,0.019428704228377648,1.7818095708094526,2.279050303393236,0.38818919184705153
2022-02-25,0.929722083641862,0.30001287571203533,,,1.9512070021892038,-0.044946971298085364,2.0837926851243016,-1.792816245040076,-0.2084046581886141,-0.6069924476330455,0.2010182963165135,0.5013535317317974,-0.0038407997242436553,-0.05355994405772983,-1.7800809634226256,,0.6411432037653282,0.019062323655483875,0.017525007713067656,0.2263455693397654,1.1105004037549422,0.7776846746109152,,-4.726712956981046,,,3.8802796367905685,-3.1964888044879203,,0.31789960575023446,,,0.25567903910789636,-0.384297231018014,-1.4865186884336914,0.11684107375772126,0.4326442711716081,-0.1748515515564148,2.6985521697649255,-0.13296690444927878
2022-03-04,0.07449123552024872,-0.06520046909999219,,,-13.62406065523052,3.0331052517959374,3.7732939795913487,0.05337305076484883,-0.12739425418642528,4.970548488945708,0.03259861803000992,0.1375593442859973,0.2816613190649062,0.02125438189948534,1.0662052939852809,,0.1427239729533034,0.06143256264203629,0.0043422578654480825,-0.0769088384204097,-1.4083692769874294,0.13065429173146553,,-0.2066472543578191,-0.18780617712439435,,0.3150783293518229,-2.6110829334722316,,-0.49288092455809207,,,-0.4575706896321751,-0.045570932567589456,0.3047833178241366,-2.1239138511367686,0.31850792400625927,0.290796655508495,1.0015429584233808,-0.6554710274527402
2022-03-11,-0.4798685220285882,-0.15709361458093174,,,0.8237372877349872,0.1246134279616106,1.1179661130333929,-4.638294473482276,0.6340326980008426,-0.08468827761911087,-0.9930536519797925,-0.11270430293714641,3.540295345827293,-0.49337872851532005,0.19780398964570572,,0.40658404419752636,-0.12427287364341592,-0.025053657915485368,-0.6799582377056854,0.45534098873600115,2.7579941052889034,,-0.7676597186590247,3.7896666428660097,0.047667094614685844,-0.22254770546258343,0.17716707161601764,,0.010951109850671496,,,-0.3834250550386611,1.6331612625289331,-2.1493285207490613,0.24311993096831472,0.03119666358950239,0.08136184791402692,2.744337863255396,-2.574230693801621
2022-03-18,1.260200049484279,-1.6079169416321573,,,0.2726132437109337,-2.0732813692101955,0.5956320557508751,0.37922548514858667,-1.103487770518258,-0.3670135961567013,-1.2050976243386426,4.610618155400161,0.04340678320312067,0.22825459179870927,0.08034310855487839,0.011143505461420804,0.057373916513337286,0.003676386272157846,-0.01404389386503507,0.3545032831187578,1.2289356945098493,0.11661853173783478,,-7.878039893710212,-0.05415698730435826,-0.08159374899479985,-1.2318627503000728,19.323753861922967,,-0.26353221413729044,,,-1.6020131152232762,0.4214517621135716,-0.6495769122994626,-0.5795966914443306,0.3533648054468962,0.12822554372867045,-1.7145606545706888,0.4862065792170129
2022-03-25,3.0778355867943095,0.05980363451327222,,,0.08015617298324094,-0.389079760513704,1.1093727355513254,-0.3203315237406526,-2.6639227317860867,-0.6926195043363899,0.10003587974165988,-0.051081742401115814,0.6950511454275816,-0.16912380376645086,0.5906535364585199,-0.0005070861072116701,0.21371940407866957,-0.45540213511314415,3.0486492154550175,0.07539037217429789,-1.0266625719108808,0.048873218597495036,,1.3681752624703651,-0.022823603235350216,0.01647269131815768,-0.5908553830067726,-0.8549764868679809,,-0.3569810252163655,,,-2.2989993002042852,0.11765445414033102,8.918353337786519,0.05439289555078622,-0.0023661815536957414,1.0398723197413409,-0.8868212115401785,-0.8667256049038108
2022-04-01,-0.08929369860184247,-0.006082421770564596,,,1.2886689290015416,-0.5358307573856628,0.040911553643677726,-0.008556343558298755,-2.731882901614341,-1.6274974179151216,2.2468935149942117,0.25931606518086386,-0.05041397695854555,0.0637292273079468,0.7676789783956312,-0.0736457476456085,0.5687815673371562,1.0724920915573712,0.007733743868443638,-0.026825760113958846,0.7335135009336502,0.02735260941286347,,-0.2509357843497647,-1.3720823177736905,0.5855489962492237,1.4873252656320735,-0.05951972060477896,,3.5444970059900465,,,-0.18656828465245573,-0.5639788658431125,-1.5345708010857366,0.112345992598048,0.03288321909141412,0.772012177305749,0.41410719842465427,1.9285312618040027
2022-04-08,-0.06081120901434178,-0.02726213555884865,,,1.755579852242874,1.2086887463935432,-0.015419447664813249,-0.023280593156305457,-1.100420203210582,-0.3765877077820308,-1.5977094031275452,0.30086214609812895,0.01557603440809303,-0.839516076501903,-0.10655113773049328,-0.007906240142260662,-0.018079794895231923,-1.5288574398671662,0.012860433763254131,-4.800122497210885,0.16894166883038172,0.025254283854464085,,-0.03220459805190623,0.08443069855246424,0.06860288921866393,0.03588742441548553,16.87347103164455,,1.9260033715851663,,,1.6855512859357864,-2.237353638502391,-0.9880519395894163,-0.4757364882617193,0.3485093838379078,0.5810354385176318,3.066850804910885,-0.2085785022592435
2022-04-15,-0.6586579438697893,-0.10835770857953061,,-0.06460243691195816,0.6466086871445265,0.8903389077655341,-0.8822877602943856,0.4117925812965344,-1.879091452598086,1.1676895980171405,-2.0987619648640163,-3.3083638701095044,0.7124663606649277,-0.2538305415966469,1.2663723081242624,0.02494041847412167,0.6662117402073633,-0.2879724703939938,0.8390241845593145,-2.8820136824933433,-0.17391013530007782,0.037063561613106165,,-0.41224217595559554,0.13872465219423835,0.005855747857101023,0.5080947345645176,0.12928016597461423,,0.45022706255649814,,,0.692042670073649,-0.5197508270142186,1.8874474895540991,-1.4898373511498675,0.5248457209850429,0.17485754625453942,-1.104014654910256,0.3307403292185807
2022-04-22,3.029105125561349,0.07015871876219994,,-0.004663725981969713,1.3053235103421053,1.9134013343873502,0.5029705870282314,-0.25671513846055943,0.3318434205586627,-0.9571115802011032,-0.5119673961396657,-0.03184998478892662,0.0036754327151801982,-0.005673741744505079,-0.06908902756246593,-0.0008070265924003602,0.9667149855572669,-0.02994430019917775,0.04309237878118918,-0.3476953497167323,-2.1226016690090654,0.10787169691508494,,0.28909626239787906,0.006619523096117708,-0.11225093458123203,0.062392500851263286,1.305578973929636,,-0.8520731176340492,,,0.02284597089872384,0.9742531995923542,0.05706775161690335,0.04900451522835518,-0.3016394377777531,1.7858658154186853,3.200827581802765,0.8188797552877844
2022-04-29,0.865299897091588,-2.2258784921117236,,0.093726627593298,2.0843286648609594,-0.5023085009723448,0.5434224334702702,0.03524742400371356,-0.407001917619793,-0.2726093465178904,0.029901677773847217,0.3217960082477773,0.02080221127574952,1.1573436453494892,-0.0409872412556737,-0.03823827519026291,0.37597048991040427,-0.10115287206141776,-0.3229505411551799,0.2506215044517213,-0.7941108668027762,0.4588665776698979,,4.332257561584823,0.0814604737366644,0.023145164656141616,-1.7241015826808537,-2.0960362991014243,,-0.37884443144280006,,,-0.2060104688277553,0.2563927233337689,0.04562854398994593,0.3838020179575454,3.386429388707634,1.3055539168341481,1.4835918902755838,-0.5248231663121334
2022-05-06,0.22639222795269698,-0.779769191826025,,0.4972320075367358,0.8228488467026629,3.5310403183916734,0.02949112733612192,5.61229720220231,1.3112838251613808,2.0464757914513867,0.07532622148202385,-1.9728787687082021,0.9193999055398916,-0.41690857622699756,-0.034070450691996636,-0.002596963861648123,1.5855065651169051,5.026086268672628,-0.05087620007007562,-0.11525081530082257,-2.567118167198586,0.20055114180785194,,-6.474951778001078,-0.019365577921917974,-0.0722106833912943,1.0128413009177295,3.8478524594631596,,-0.2457480418360281,,,0.1727955049602635,1.8143984796180626,0.04117314593354393,0.09481757271967013,-0.000994941776536913,-0.6951578652989856,2.433259904901054,-0.10271164131169727
2022-05-13,-1.135604774354486,-0.005565706807154892,,0.0757004857659182,0.06252624984518051,0.4959622317975666,-0.00647397247657679,0.23292607468515023,1.3226016044278182,-0.43644522887598175,-0.5821636015745261,0.289460180462878,-0.004997434767509471,-3.65753843705687,0.2826644496454765,0.1327714572437372,0.1631439645903381,0.06583232579212363,-0.026143721612096285,2.4047828981701893,-0.0542291481118692,1.4071722823502784,,-3.2544889656861065,0.17328701251028242,0.059280690412092385,0.6027149939127531,7.998438525068851,,-3.042778436693269,,,0.058369334372909906,0.009929447339046297,-0.08530765030994375,0.6287030546438797,-1.1185663570287487,1.3331851027888528,-2.5856175946154774,-0.6943548970872995
2022-05-20,0.4357926926981351,0.06747853203177509,,-0.15149459350934733,0.09691003581464576,1.9393941112699709,0.16779777192756692,0.9740804173671445,-6.8474149328549165,0.11521229905369992,-0.8355145404758931,1.716621368820162,0.7420981621764424,-0.40556664562884936,0.2639655154220919,1.00816859835615,-2.2226523410463512,0.2656212282901549,0.6593810233741075,0.04556557274213649,1.2539054237888658,0.04801305105449468,,1.71723656629928,-0.15529568021721202,0.12417232520672047,-0.12571114063288213,0.7756124518705868,,0.34672513105269065,,,-1.1403574011274413,0.29116180732417074,0.38652537429572675,-2.2019756738778544,0.012703788863441721,-0.8296395270574639,4.31299613035002,-0.02842171004855131
2022-05-27,0.00939701059456699,0.07491786609506887,,0.02609989256818966,-5.315843673223052,-0.008746463144885426,-0.15240548211717633,3.842484696119196,0.6652892287458624,2.2041466818641653,-0.8391580775459138,0.0019392521315062085,0.6629754279619081,-0.6891405260857624,0.275809524521637,-0.23709217421498185,-0.6373094747577507,-0.4128471534111729,-0.06190107568810786,-0.017817271285419267,0.4678008463086693,0.8644254241472352,-0.007129045924636831,-2.531696240187258,0.04258199535319751,0.3118793792077281,-0.039689932009627366,2.9977982456136907,,-0.8678156000760784,,,-1.1280477282932093,-6.0025906087594025,-0.4995176355729296,-1.0568448977089135,-0.20134838473160827,0.1507626505508302,47.51221392062899,3.6468530247868176
2022-06-02,0.02675602333543886,0.020277579688138984,,0.011249658383082676,-1.3834685759516374,1.4648668538194394,-1.2211659891343627,-3.707680011495818,-2.4649798263012435,3.0453891749038897,6.58113145173865,-0.05785084430645595,0.5946161013426111,3.713355041389055,0.7685213731586236,-0.020839664746401542,4.610695830668546,-1.0602917250856791,-0.2438667228895269,-0.00903890080385218,1.9400972777560048,-0.46197367606726264,0.001898168903005028,1.9958972840140623,-0.35504054614413205,0.061196999259743964,-0.43790546319223195,0.25571195064111507,,-0.3533900840704635,,,-1.1297269203880325,0.09285784333298203,0.5514709909604201,0.07634462694609295,1.3608826906998819,1.02192822236508,-0.5058409879813828,-17.376077064242544
2022-06-10,0.28760229958242867,0.3445794986018559,,0.002781215140443157,5.00087996735497,0.7444567852425171,0.24486139493901532,0.06526928460484173,-2.2296635885066936,3.543567636286072,-7.4998238563671435,0.06793530546385003,0.028079907567585848,0.03298012456239003,0.4783782532382292,0.00781492758644112,-0.9755798489645114,-0.47102540199660353,-0.3743512559997749,0.7182858056775256,3.397525359751313,-0.2252850515304243,-0.03688184448182273,0.7825206390787756,0.3343879328436605,-0.04392815125984792,-5.152369295345247,-0.4657720102998053,,-0.436396881471084,,,-0.4676716064450994,-0.34559040731023505,-0.4113113852200061,-0.04651820960633276,0.04473336069773598,-0.6510950577153571,-1.2388898808561224,0.5659439949389493
2022-06-17,-0.05193837359643313,3.634946840574157,,-0.01313661145275536,0.17109462818131077,0.13319966435337255,4.035208343622754,-0.0033151439234485117,4.9524436030678585,0.7558410881054956,-0.5368939630374548,0.3749353303837246,-0.07663067274711532,0.6010481072635473,0.9261205220393733,-0.03601777963297354,-0.01733877902212974,0.011104118866643373,-0.12113066080620327,-0.5659147728323785,1.9322765001843918,0.07540451928926196,-0.0011627986308481908,-0.7651638779381527,0.03178375599779677,0.01005247530626442,0.2717360818184137,3.3822187360885545,,-1.5837158682402925,,,1.4867341063491337,-0.5563739788697568,0.015879729508964602,0.9579181016317434,0.5568919810064438,-0.6316890424670278,1.272828616200017,-2.3834674050722247
2022-06-24,-1.0091105070435504,0.5148847691094636,,0.002505063294334236,0.16491194685561028,0.13763236881852234,0.7955797084141186,0.04762828680458131,1.891104722912783,-2.5547664706481803,0.2737352675027115,-0.6184232583498508,-0.00486735518798694,-0.9768663598256162,-0.10938574164233435,-0.029679335939150897,0.31884710611593203,-0.47876755914919567,0.15682149735976428,-0.15252713520462122,-4.516031116424298,0.4176389806814071,-0.0014828274619340027,-2.4254942887550315,0.02174196080548476,0.024272887423067702,0.7682480759215748,1.9349853968025479,,-1.1901226405891427,,,2.374333764189312,-3.494800225482097,0.9244996473339641,1.044706742731946,0.00999916610553308,-0.4037860943728259,-0.661265863090694,-3.2790128340024167
2022-07-01,-0.031585745701121125,0.07346638417874597,,-0.01683120943854683,4.330789325538083,2.1982399185136057,1.305755044236814,0.2118477372730162,0.3513589676444773,0.48269811517784605,0.3135059802987562,-0.1226861519940961,0.8310334002032727,-0.19244948139583945,0.5987743752464847,0.04058707074227865,-1.057429832764111,-2.120598785010869,-0.006834177962069359,-0.21558318466885654,-0.45869336959071705,1.2084728827799947,-0.23895850122553203,0.4657442572147114,-0.2041817705983409,-0.014144342278953045,0.018345426201782658,0.4395052211220267,,-0.728139914226685,,,-1.1450711656386272,-0.14233619969738848,-0.12649674141808637,0.6601998484147539,0.10779191056986362,-3.753709903539051,0.3355361355108351,0.5966098369391297
2022-07-08,0.6426338103004219,0.0010387613288455212,,0.01162216504679527,1.2442952380164094,-4.706292347105899,-0.04894516261158671,-0.14339517123622383,0.2036526015080645,0.8439166522810021,-0.05107844893743871,-0.022930548589664472,0.5296899398954005,-0.2714340602577246,1.0700070859533282,-0.002784574025355876,0.025329917659339292,-0.08625304930643275,-0.049008479128535475,0.14458947602613786,0.7830038331598325,1.4427328639414263,-0.011231832997624067,2.8946368434864436,-0.25529359725251904,0.005919516706583932,0.3219505104762749,-0.6129197178595932,,-4.1664552846455045,,,2.1005658800614833,3.105213506620852,1.653278188411147,-1.0933796017578679,0.3020407775067816,0.06409880844409777,3.319304803390726,-1.558598026233833
2022-07-15,0.2850288474954397,0.0338067851318137,,0.07905363721657979,0.5874614790170547,2.5167501355181607,0.4424255415253349,-0.010887071365381234,-3.8344604625702097,0.18124529565773664,-0.6930129476548261,-0.2845481401187859,0.764548022356169,0.2198965076224862,-0.3623723158069259,0.003565672756371511,-0.10513752679169569,-0.650796132395841,0.3662612298549748,-0.050728352329100904,0.9238056065442397,0.33449915512408995,-0.03122015116204439,-1.7519841705739019,0.02555104287238493,-0.01931789320213493,3.9942485490413664,18.084795649324818,,-0.35822934777803667,,,-4.45884177859924,0.715168818363178,-0.04711176243477923,0.08392894640710838,0.20002939573449754,-1.1393172827903588,-0.5541042825915793,1.4024098304293475
2022-07-22,0.4742769167496996,-0.004812725023859312,,0.2770757439340136,-0.1334421484116393,0.8774157513311737,7.532967921008993,-0.6107917296390777,0.16927468507880228,-1.4518384043203079,0.07184139923243829,-0.23601882686658643,0.023170032414749162,0.06180857437732462,0.4667615556399892,-0.00444333882615793,0.20013230917775549,0.5126026445444597,-0.6405600380216752,0.40021999901316374,-0.8103794093486221,0.02588422338237381,-0.06993247733785153,6.799452679717147,-0.027018792545820475,0.1498524143526617,0.10974346766549267,6.627011655125722,,-0.03382856015317959,,,-1.6958191061704393,-0.09573282784528667,-0.1934055412003141,0.3498868848733174,-0.07399975306956486,-0.5605442415589397,-0.12891901332442923,1.3916542725424572
2022-07-29,1.1249582488298426,0.9965903674416321,,-0.36308342944882366,2.8158087139884107,-0.2303818972216196,0.6825961366769557,-7.530701883198505,2.528325032902203,0.3596736012676925,-11.304708398635931,0.1375775608670681,0.03167188931477996,0.007229904374301769,1.9644244843257632,0.025604163962547,-0.9096599772840023,-0.0032472008504484673,-0.003000911772393356,-0.40014860718723155,0.8372614072668757,0.5136429587857597,-0.1340322086854201,-4.249517058153145,0.044645038262305384,0.002573115730596258,-0.5136458584397198,-0.27732479803402965,,-1.6742451427911575,,,-0.5493529995770419,0.0967743628463596,0.4587579326183858,-0.2465463191495032,0.159240568739469,-0.40673029394236065,12.855367162851872,1.3494001566836626
2022-08-05,2.670119578511403,3.4328674860243105,,-0.04150399821578917,-1.7642060946108051,0.2709464284228737,1.029928778275987,1.2736903799529673,2.5610909315904817,-0.12492438061909567,-1.068742192546908,0.14194947667519395,0.39211862647848106,-0.18660045198970293,1.1434739314811606,0.04071764823568329,-1.5184007468373608,-0.3541317999599535,-0.2709656952867867,-0.007497345009815841,0.9320138861373896,0.8329395426053661,-0.6192640650760498,0.32840476467427093,-0.4052601823162676,0.012355609530885724,-0.05405907583874762,-0.1320943125211207,,-0.10204762012536837,,,-0.5171210493713458,1.5021202471240578,-0.5298988326354033,-1.6647620614767709,0.07967302125590253,-0.3725059249257852,-0.07721486861722449,0.10891665951778295
2022-08-12,-1.546493420652041,-1.081902926986091,,0.006352967462080954,0.9425896433538169,-4.251652982845104,-0.033955714535926385,2.3611956413756636,-3.4924758590232132,-0.10610809162820271,0.026559084600098436,-0.27757445790877416,0.24947023482802344,-0.6049422356274323,0.024032086318688802,0.8386159067434762,0.09322247571154635,1.6873740639460966,-0.0550179568162458,0.6793802366270475,-3.972155063749181,1.7837233517300495,-0.044021304495463466,-0.45647368175844566,-0.08359373158612203,0.06147012561733735,0.005628861227995883,-9.886389303698746,,-0.5464988197247116,,,-0.45715398897647197,-7.494668112387485,1.99561384653325,-0.3816671444070582,-0.13422319720019413,-0.2664895595234076,-0.82033884850847,0.11519207969929846
2022-08-19,0.7381519366859559,-1.7148723258428478,,-0.014736135858155072,0.1558322352292084,1.4247218042225327,0.5292740901669062,-0.2341074897039861,7.804465207393451,0.18134032064407501,0.9024124627602395,-0.9004462321994877,0.11102350183944178,0.013780067388954749,-0.6212345066075551,0.008881910816752806,-0.7737276057247895,-0.3294087336796594,-0.3253890409757776,0.45544901857967,0.5025506454924948,-0.11243389656139074,-0.0061423633270488885,-1.718189263888764,-0.021330395019310305,-0.0037642047265836684,0.10959355414054185,-0.07151800386912036,,-0.6347712624574684,,,0.9180145481982623,-0.5337862263349966,0.40730020070732087,0.13968157874355447,-0.9443020222421559,-0.007739901112456454,-0.34710090959194473,-1.0005184654421053
2022-08-26,0.7389722298567432,-0.00965481441701342,,0.025119202272145577,2.0781540700038366,-3.0226640254069403,0.9797087957851434,-0.8367707483182862,2.7470854851058077,0.0553056586368479,-0.07405092732240465,0.815755938049518,0.0069347079058292,-0.05022094371513266,-0.09601872559328062,1.695175800059437,0.12185000438713804,-0.033119068390668985,-0.1035705119704875,-0.12370628243802687,1.8952226906577996,2.6906359720828656,0.646842949773476,-2.406361621234866,0.4935421023652771,0.003528174376067279,-0.7664194205099567,4.804545510573223,,1.2580573723336579,,,1.2193395640484042,0.9093012901979124,0.5612429511030029,0.2977742168423719,0.07762544337013773,0.08034304112825907,-0.7572850209270647,-0.10930485590536373
2022-09-02,2.5338589708446597,0.18712695047362526,,0.03128398654116313,0.13848513164663465,0.41334887121297403,4.8451935364425225,0.3807954536068092,-0.43502365719357855,-2.6112927971552744,-1.0822372704234724,-1.1412454445678324,0.11792795121466214,-0.7052599200574496,-0.11678554631344884,0.012180545768036203,0.05099645103446947,-0.32032865221336915,0.05380565207032393,-0.46039931302384357,-0.6534314147153524,2.622836635863473,-0.17649337935336384,-2.9604448713078773,-0.18225780546171721,0.20915546692989104,0.01794026245576333,4.888657331888446,,0.7392677792640112,,,-1.43282471645981,1.529204335220906,1.4151820648072595,-0.18846212693481124,-0.23429594453351701,0.08798340466162817,-0.03316180974848467,0.47881639682314947
2022-09-09,0.5788988254145849,-1.032045044597362,,0.0810012723542068,-3.064080212100801,0.05732796100244804,-0.11133587835217794,-0.015141841801535931,3.721099588946351,-1.266877770794936,0.15427568637305625,-0.7710225894017462,-0.8637111146765276,0.03257852672842239,0.3393555942173059,-0.05430366868557223,0.32744066126924654,0.013934110371693911,-0.2738499565629663,0.16529957762427747,-1.2887909211634436,1.9102977639996586,-0.048498364543078196,-0.288454374901082,-0.05929807668466619,0.004153892295463736,-0.0303196149877795,-1.2457769068309381,,0.35565531562908126,,,2.7257173726687447,-10.787329146222945,-0.2924714372689918,0.5050272951888838,-0.26271340358267675,0.5288670626411609,0.8360555352748931,-0.6541591245421888
2022-09-16,0.7423295107462576,-0.1198609955208087,,0.1248068888666132,4.366252055587898,0.13965125949168278,-1.5617359123586383,-1.5897225563359818,0.15408839592836496,0.11233031634843313,-0.09311272359735182,-1.1967224630609683,0.6358926225464983,0.04191541678059647,-1.2490262692537553,-0.08141264129874652,-0.5354757646225777,0.09357122517860535,-0.892828371689503,0.17549966672312411,-6.2724798299163895,0.41002564464952224,-0.4150154558186649,-1.3443481436897962,-0.11206178594268795,-0.009040229512653045,0.016083612514990304,0.10771975183067627,,-0.18040781733134284,,,0.28158054334827726,-3.293846264427269,0.7036009052405318,2.5822750728993524,-0.1122622451808428,-47.01286396064869,-2.930957840836425,0.03414772513054189
2022-09-23,-0.47802192098392726,0.07123075280408815,,-0.27862640002021394,1.6219511134908522,-3.46802409674815,0.27800843488236904,0.5936037791588211,-1.2004815805901576,1.094215626885397,0.35616755456450294,-0.08985753924973146,0.06487546865252189,0.921062974061299,-0.17228771575308954,0.028751962111478478,-0.7529335227666978,-0.019289661115349604,-0.02230703409266286,0.8489324712634334,0.17841142298836765,0.5628883879099713,0.17786101956233225,0.6042265041445347,0.0003727442251717922,0.01984731325323912,-0.06333101275167052,2.6973105798532186,,-0.42237747873680526,,,0.28801701383790823,-4.497499456252879,-0.04496514379459525,4.422159089155666,0.4183071674071449,0.23218267238705856,0.05737139332035159,3.9454978382602137
2022-09-30,1.3313288800851153,-0.03873802346470553,,0.003911511126812069,3.238009956333817,0.005601706464233502,-7.519590489501029,-2.9794898971479236,6.886053858425633,-0.20989120047615967,-4.50963665013598,0.03544773528091635,0.04971709945988053,-0.8035483206744828,0.4172196141358485,0.02509669691375431,-0.038382402755908075,-0.22499514593234285,-0.013491274937950895,-0.10066421549416482,2.2129266773006764,0.015120303882882045,0.25806075065924944,1.9491046248528703,-0.16628440160510669,-0.03389327055869115,-0.06745932182734143,-0.06081771198981774,,-1.8031365233921703,,,-3.029588385098073,-0.5668138708895655,0.0840800916131419,1.834753757763786,-0.15777999743667984,0.21657768733533944,-0.7291733844681332,1.008915123277152
2022-10-14,2.4715817040709487,0.3476118622024694,,0.005697759763215224,1.8912078634747003,0.6471799311777162,-0.21971222981472158,1.7349955562020232,1.1691514085130186,-1.2006179959886119,0.15561586198365862,0.18552042504208505,0.011640452074269586,-3.620208818522923,0.091025871918239,-0.017965458140203148,0.28536794134374643,-0.44611095453165006,0.03792898359146729,-0.019097245456947368,-2.368138041738757,2.2737006437002347,-0.010492717920376256,0.9745243994410537,-0.4617847129519643,-0.2409676345366443,0.47095522352288566,-0.3682760556378252,,-0.9820705083032693,,,-1.4499601230079282,0.9953729594627727,-0.09618409413728653,0.7382670357749817,-0.05759817338999301,3.384596395267183,-4.185500389553144,0.8527293083218777
2022-10-21,-0.5150849138710537,-0.1928287572217547,,0.6154985262895746,0.12319497656692621,-3.442548648986297,3.2287499176371,-1.370873457154386,4.776082703490633,1.2224850598695345,0.8097661997518361,0.2739894119716124,0.1826887668052851,-2.3137339274443445,-1.8205658007842211,0.23557256666100554,-0.653486332128204,0.7098718644309626,-0.025312143323339368,-0.10023628282258043,0.36722827574261624,-1.2722787475724902,-0.001965912787992275,2.886216894168079,-2.04074227761411,-0.21297537235431316,-0.526609913518052,-9.474357979173172,,-1.005946424135292,,,4.475280991234977,1.532313668817637,0.07748914191185846,-1.7367890271492938,1.7848592388879958,-0.01382836625099318,-5.015848909193536,-0.9182248916721102
2022-10-28,0.5950277209229992,-0.0031110636801743394,,0.015093722154411777,0.3860637795174776,-1.43936628299941,0.31655102494304715,2.065553064602028,1.9055124523964464,-1.9598836343463029,-0.9605375441113404,-0.09931744128339876,-0.04811259666755344,-0.08629455257124882,0.40248988376764433,0.008932556207600226,0.39461657061911026,1.316161249725135,-0.007654972175633223,-0.1264216400574974,1.1045928499642224,1.2832857931664696,-0.17915878944316876,3.2436944775871766,-0.290407096778463,0.14124795115652666,-0.6817589791631861,1.1216492218576422,,-0.09509435038251539,,,-2.30692379026925,-16.879993395104577,0.0571253015347756,-0.016274066264650843,0.1104061552252954,0.20492572137894735,-3.562504299996048,-0.2119433814491689
2022-11-04,1.2962670431314218,0.3842633592737621,,-0.0003355307532376924,1.22950564268703,-0.4080314966130646,0.20864950839652927,0.15111626397823968,8.773793804256023,3.7530751816828367,-1.4566433175199813,-1.39217128258243,-0.709707627097009,-1.2333809476001332,-0.07059722694813085,-0.08653902571414422,-0.4614446398972843,2.830729443152107,-0.019463646871912182,0.9747938798137962,5.097712853328525,0.6746041843271586,-0.003969136771765593,-0.19567386033290607,0.01693304101822296,0.002297877109403089,-0.5177245790451938,-0.3694205614575904,,-1.8027007736163427,,,2.3406067288871166,0.33717849596798133,-0.4773941229183201,0.21342025338949905,-0.09893942653766133,-0.4070025723061752,-16.086456164305734,0.6361709551575125
2022-11-11,-0.1617711570910356,-0.31071349710994445,,-0.010068848622109532,-3.904667295065909,1.1778964247256491,-0.1108456404062155,0.565581614386402,2.7988714618059207,-1.2292658992624557,2.622669624038937,0.4374633929024766,-0.021320356742707405,-0.23344763433141022,1.211189777839173,0.07409527082186841,-0.22126030907134664,-0.23026833365176774,0.04234351315124768,0.4810819723386781,0.43624385122468057,0.3480204960883098,0.00495102389354166,-2.5032978430019908,-0.3442636968181549,0.013102915167494091,-0.10045894011226095,2.742403962277214,,-0.40201373368483323,,,0.22472033117888757,2.932259696422276,0.01415822292739299,0.42535395765722034,-0.003127847675302945,1.333120962601012,0.37581159761514965,0.06409998812811904
2022-11-18,-0.691417321038096,-0.19229249320935354,,-0.011764595875283043,1.446103587922675,0.24414532715990866,-0.037267807669410485,0.7053784097057599,4.033100603068101,-1.2652106439692525,0.48756188295437936,-0.498952557353877,-0.10757225770496928,-1.3303555336801396,-1.8435469960813482,0.20821874360123466,0.10952527193670121,0.19686711796744052,-0.030217093807144838,-0.07913406738899698,-0.2657016746200467,-0.6571707181153189,0.19088748859557253,-0.21025577097605097,2.496030502649351,0.004933820051053901,0.4187602400902546,-0.3955537448983291,0.3268422897626185,-1.263489042035388,,,1.705267317290707,1.2867334339151455,0.795282206706975,-0.4126912216087397,0.036549344866132864,-0.05701589654262043,-0.9295791796261865,0.011102906942547452
2022-11-25,-7.433986771060919,0.005649324086513782,,-0.16262557522350635,0.34617903200792993,-1.463220317482063,-1.2590945124732256,0.6988501932819025,7.530679822960227,0.8373066553605055,-0.16564424192449034,-0.8411302434974641,-2.8741262143707766,-0.5102426342132452,-0.3159112083449077,0.17811722500923696,0.09459343746156389,-0.042577691122850994,-0.014156525587842986,-0.827506224409086,0.8123328675701627,1.2746926608384468,-0.005025906655409133,-1.2993475824804994,-0.41171566468427473,-0.043810926876296966,-0.12514378885992078,1.0215989192293715,0.41167614936049635,-1.2966082817469295,,,1.0673962575365543,-1.1458506490280485,-0.2503487934371807,-0.08401909212800385,-0.0024418874526098006,3.84077086259729,17.028889848109618,0.07398892734579601
2022-12-02,0.9554724513302713,0.17409426726501814,,0.018093825595196938,0.36902746773516126,-1.8925907686030383,-0.45398601249123766,3.587027218084788,2.4165285211147096,0.6875377766285752,-4.036557616115469,0.043923937408500355,-0.004474962744223973,-0.4571493063423089,1.046094182189887,0.5475512431965135,0.3658423440819091,0.01139157558128108,-0.003467983501341125,0.3333614391217891,3.653850131614561,8.057847564082193,0.2680643182566404,20.869287127593083,-0.3339820409534104,0.004233496261716114,-1.5381963216318713,0.6989405664582888,0.03309128442615494,-5.1515276862259185,,,-0.9235396584453777,-0.28873393219575344,0.5374653154776686,-5.911590732611932,0.023495514702165324,0.3288437782281247,-5.339593444822384,0.32492649128483303
2022-12-09,0.17745520683787935,-0.21408861092042547,,-0.0026155960303435527,-0.6200679242857048,-5.8379961994762555,2.512579358418234,-0.13232158474835864,2.3464093519438363,2.115967252579272,0.17174697882406612,-1.4987713853477318,0.3018691214186272,-0.06452664893649175,0.07444629416352955,0.040351865102139006,0.09974245161447066,-0.8435165043434443,-0.11710667749376387,-0.6117569965788656,5.197923330722147,0.6864194059603608,0.05111547146207919,0.5813094304379376,0.4835221038656556,0.06189493013826977,1.1217788712250756,0.3209004059368342,0.5414705058129241,-0.3185795724286079,,,0.6706687478566467,-2.5604610269472166,-0.412745751260549,2.1452172292418537,-0.05166534404646587,1.1730491755609127,7.0290027406435875,0.1851634322371664
2022-12-16,-0.23065975384002163,-0.4370623256772254,,0.12768290445612637,1.2040860050846796,-1.4238397694193896,-0.24437140906787255,-2.895368062356141,1.4352996427281906,-1.9425699336657967,0.008971677051838226,-0.11528195734097796,0.40002899694070765,-0.2595733881927597,-0.3569057791425541,0.030414116751172098,0.37094043066577,-0.038569368622279235,0.07489224079345175,-0.12622885734471184,0.22149581706781912,0.013787602651795905,0.009326467798820473,-0.10932461803572502,0.05864088533574055,0.0016544517369154281,0.09919422310114419,4.290479241022919,0.09524175311328427,0.1610286602454013,,,-1.8809600435082785,2.5419256643465844,1.9320084264920958,-0.9718097080730086,-1.5950443597477628,-0.20279834124037557,-1.684784073872266,3.0149115181537565
2022-12-23,0.19523254128358491,-4.853687417775293,,0.05980058751649377,0.32034673914891,1.6831731118528772,1.141513438736222,-3.1308524713142423,6.411261827808351,3.5553042763263334,0.10702869304473339,-1.1216960674518746,1.4534920251030667,0.054063819864264305,0.21814075725261137,0.17292947852627577,0.13597442029858453,-0.14441696376685295,0.059197513093500805,-0.11050551589313122,8.86081479868778,0.034405432029685844,0.00014245315470874588,1.4276360681464346,-0.6251702371785284,0.014346489980272633,-0.043640098967922925,0.3089630891760137,0.8949346107061652,-0.019119829749595557,,,0.787953444050349,-2.008482627460995,0.9533262428380684,-0.20346869379303514,-0.021073443185270865,-0.6620169194385764,-0.6811034781978709,3.1848427619082895
2022-12-31,1.1173529704247345,0.13458500453236638,,-0.14701307857327908,-4.365008917516612,-0.005214315601081539,0.2873638558305194,-8.161833138963171,-22.13971349828569,-7.084282653220062,-2.7302344179226785,-0.3723189912617157,-0.5631869796190928,0.40821177185990315,-0.5693364211506694,0.14362556256778913,0.3256195828022133,-0.04591203551571723,0.48896174236763973,0.07180802643299336,2.0184988242212905,0.19418424100285253,0.0026366515423899327,-0.9251691999637244,-0.6064871831239602,0.1604380321197643,2.8869509667214093,2.9417371133082915,0.07771621041526434,-0.20930034974553238,,,6.952046534285958,-2.4907194830295953,-0.876006167280108,0.28055784138771994,0.0546758081593169,1.394180062363001,0.350676744001239,0.5496706955174671
2023-01-06,0.4646835272661824,0.28696310866724767,,-0.5276805671377277,0.010445376471467191,-0.43750298154231304,0.3729937656176387,1.3975441333070784,5.6604813229946,-1.4728801821638375,0.209522412272337,0.9114225146202782,0.027433536781029166,-0.8569586870861243,-0.5370397366766195,-0.10359934676643894,0.18083053393882412,1.0715023600951201,-2.6754136553084273,-0.6092419180995683,-1.1787636919192557,-0.9064466354855149,0.009007342805606583,-0.7141753010122202,0.28595774218662373,2.3994257325531683,0.28443995366084684,3.233199598924365,0.043452043335611375,0.8308437245290649,,,-5.837974605747607,-2.401286167514858,0.7522601532761627,0.619393692838164,-0.04504811882440973,0.5879462852231717,2.1991281899034307,-0.7206140757095756
2023-01-13,3.08679861850596,0.5401509132610509,,-0.011987306789939922,0.26689358893302184,0.3301938906007799,0.05113114949660907,-0.026490322743992163,4.758608673441801,-0.6208196955224917,-0.388260294827057,2.9661728052138145,-0.4447265960887393,-0.11991857753193197,0.48986593446657567,-0.02468598497143841,3.112283502699107,-0.67401837907671,0.025864928577892667,0.0050945600993273915,5.555810894346869,-0.7455591303589092,-0.010466730168665556,-1.1039397797418862,0.2968753456945457,0.22612384713088624,0.16563485472281445,-0.29215448049164466,0.5237204455456204,-0.30135078939741067,,,-1.1918653610370853,-0.8673074048396506,1.410590370551335,-1.864309104378205,-0.019913826616637847,0.44085454980318867,-3.067148787151966,-0.2612975094033585
2023-01-20,1.1469334124412742,-0.16051225719332476,,0.05583229998850597,0.1462392605060564,0.6890412535686864,-0.8432294754787766,2.1799139254281004,9.89885039053603,-2.0350703181282794,-0.5710226805450543,-0.04514577057726389,0.5079046200838814,-0.34563865249759634,2.987223872591952,0.12090667064750837,-0.519398771071341,0.03606685622023368,0.00014622450461444477,-0.5519356302610822,0.5079901826005175,0.3463932842645827,-0.03482605647051161,-3.1726233975979907,-0.10875907041303048,-0.0880950238848689,0.06441877633125273,-1.5988142129726777,0.04848113386869126,-0.562957634090094,,,0.0745543523916012,0.6864541601453263,-1.0557127902496157,-0.239230764706259,-0.040079212632424324,-0.49291918929623735,0.68317845560141,-0.06964907554345118
2023-02-03,1.472655209667695,-0.040162202365376015,,-0.08430817449012458,0.8398885305415786,-0.3854151235725256,0.2634506005858827,0.4744882987455277,-1.6010177740814653,-0.004506236371681932,-2.967822461907985,0.05262746215148523,0.9061154505008377,0.14623249743590525,0.2082663792129176,0.404458185781316,2.067338594571873,-0.59848867217868,-0.10345339593942951,0.076209978540843,-1.3239071590233835,0.022672171508040802,0.003653665055308962,0.636236154819126,0.17516745840222875,0.03780498264361953,0.1297968130662896,0.9774995530417329,0.05096548613107768,-2.4043543661836257,,,-1.8648056589622792,-1.7821667764890725,-0.6900275868057204,0.6062011792862952,0.011325183810525332,-0.5001605662862035,-7.2360339454639595,-0.6801495957728187
2023-02-10,1.2230629904019672,0.27251774285654123,,0.2570979078744545,-0.4800094380101261,2.2941645133934205,0.4994599276185664,3.550602105506027,3.570919185480363,0.32531741860186614,-1.83790986355076,-0.39711125596746966,0.13799646798939774,1.202128082879493,-0.28357657374508416,0.010717118564034178,-0.2795861991026789,0.16855110581598742,-0.0296177516943921,0.27266193033070407,-0.9152651825077407,0.7465317457634462,0.014288731205533534,-3.2968747749717724,0.06123544218596866,0.023070334093105646,2.5167856144168423,-24.520757037042,0.08478763901234075,0.3744388218399651,,,0.4578405957235512,-0.3140661307032381,0.03863746421023085,0.7486301441563956,0.038898470272816975,-0.8073261932012643,0.3477980811464044,0.5071936332139796
2023-02-17,-0.5906763388780611,-0.022269193689235797,,0.057599708095190244,0.11746228943413052,1.8599519568178915,-0.6775335573621065,-0.004985153923643494,-0.2938458118899089,0.6550274001248049,-0.7671459685629405,-0.004955532328040916,0.2526223006505043,0.4368061348791808,-0.06408510493975167,0.7514407966891142,0.2242386293304649,-0.4541408783454469,0.8892784560122007,0.10927505550236288,0.02566976508149512,0.04914047768004694,0.0890914772211703,-10.502148300013925,-0.3545095632335665,0.004557451044344749,0.03512330177501361,1.481452031773229,0.032008709848797584,3.861421777397558,,,-0.47994279454071864,-3.2044211655614045,0.6065548348413747,0.6376291942624442,-0.5166384093249257,2.2588458611661513,1.4496251751987148,0.32333940056891997
2023-02-24,-4.109002324994148,0.17005404112678169,,-0.02398134756684396,2.4152121859783193,0.15963021162225957,-0.036704139672394664,0.1908025281531761,-0.027353032487720523,5.232062288267842,2.1762991247935375,0.19995554688382305,0.1003729481268281,5.682353844611251,-0.8319755117298424,0.15251171364359964,0.022496716996725105,0.256484476144361,-0.008419372581857704,-0.4410457233147163,0.549554365201407,0.652304791400161,-0.03406656249763009,0.3775611276369706,-0.1158171006842836,0.010056537982269947,0.3063624269263514,3.064012464195672,-1.3818971924926875,0.9675757659809936,,,4.712764413702494,-0.6833663461877325,1.0327642215183999,-0.06632319886023516,0.005267768850977517,-0.17384197856438227,0.28458808434240257,0.4413318478826214
2023-03-03,-0.2368005763769177,0.011578260520292705,,0.35952509455611226,1.8146014883576662,-0.39267780911572997,0.9108804138782572,0.25422405361877765,0.12059545856172846,-1.148735191568194,0.16600284632726175,-0.18637260015879903,0.13198828357551262,-2.3883359740319072,0.022121501398918553,0.2950993640531708,0.46379475812367854,-0.002191720970488001,0.10202411419746182,-2.8663659975759246,-3.6692759799792687,0.565837195217973,-0.01238226566027022,2.189868610298689,-2.6073337399756387,0.004904901089187872,0.07695164085374732,5.912182724142966,0.02607325226313599,0.808467021561117,,,-3.40966072421468,-1.5646056938909843,0.4840873848287708,0.48284546845127807,0.10903261335075055,-0.1464698795602491,-1.7486494535375396,-0.11259044258677656
2023-03-10,1.0873406934842094,-0.02500031132301781,,0.22408813123951032,-0.23506737765341448,-2.074692683345503,-0.40581953102801854,-1.0417178972473997,1.1435958670743847,0.003976277347755181,0.46437818711064727,-2.4767300201667988,-0.14102296848368723,-0.7450248386828952,0.6780235190468331,0.007232098091480824,-0.0005136609835686024,0.8833374198295394,-0.449856309075605,0.3336128555413092,-0.8145105161424755,-0.000547509180607207,-0.0013227250195815086,-0.3402662497892687,-0.8754192828984523,0.016681076211661382,-0.22409716747445613,10.733665670814522,0.1001928964279145,0.4537801598925395,,,-2.55907353979411,-0.1911390929683984,-0.6213205552233136,-0.6350347246830432,-0.006834201816332337,-0.6057212360667982,-4.1420655903879915,0.01569507904643068
2023-03-17,0.9576768929933948,0.023849576872975335,,0.1801776081069663,-3.840960532925826,-0.5618027238626966,-0.4848078178935419,0.4546090637618148,-0.3824304468199559,-0.7150458013891929,-4.357956754752141,-0.2961836811833139,-0.0006432298225345426,0.48244995384425804,0.2620060277702087,0.1510090110299207,-0.0036127786835377478,-0.3569937505542595,-0.19253349708175133,0.34186304990069494,8.065774268884834,1.0504455910837258,0.005109220166135506,0.3996176327655929,-0.7283134298960713,-0.0075620937830416434,1.3546051453147814,1.8753270974679601,0.2728949607982867,0.5780104146707657,,,-0.24818519939462402,18.08059721764369,-13.236493777827496,-0.25137145669104616,0.24002316434801985,1.6105955356983908,0.3552624536496628,0.026522971077400575
2023-03-24,3.728811119937704,-0.09781935997854302,,0.02950159736897986,-1.2207115827523642,0.8335784506619573,0.4143249913721594,0.9690115806323187,0.9385345971359036,-0.6955424678022228,0.013553274118862483,-2.858126420358164,0.0743442752983436,0.10354978837878907,0.054972860929374145,0.17074006252635965,1.579800557825035,11.823517816645401,-2.9131595307518334,-0.3260344074113595,0.29896102403467495,0.912972016739609,0.10495368607556702,3.543736997681455,0.3005620840798981,-2.603706001053969,0.40259114811433766,-1.7100141293073767,0.5219911218493647,-0.32752527269331944,,,3.4866760502212655,3.0420085473142566,-0.2157374321678222,-0.08532093309952572,0.025547379503934813,-0.5035645161609875,0.1506543839990684,-0.3241737133350977
2023-03-31,2.0116169883541337,0.925695058123957,,0.0029626553825455454,-0.8440165359351774,0.2477772642371729,0.04782871496822476,2.4766663748198043,-1.261287984890458,0.6639801001367951,0.4402081119441565,0.353939544031819,0.30421685211434146,-0.3877428256524121,-0.044789473238734626,-0.026915042833345622,-0.37884363061815396,-0.007568391129396224,-1.4908417145519932,0.02031525562752646,-1.50146556213312,1.391265171983401,0.5104176383454171,3.856409653878894,0.9054441925088222,0.011334993156530648,3.554506125280448,2.560255689293505,0.5691589578691845,2.6544559191327504,,,0.5814376315656018,-3.0609463244557595,1.3004754563620684,0.2934063681997141,-0.05283666383740829,0.21567500937267428,-1.342221671880025,0.7889736696476246
2023-04-07,2.48796026635249,-0.5869739461159553,,0.062426105361829104,-0.2232703516170385,1.526980368135767,0.41369790588958477,1.6899381959070625,-5.711817320393455,2.027157441716617,0.44146605277150897,-0.9707634728221214,0.07821427695322286,-0.13373267743503672,-0.620887568760512,0.007217143800259375,-0.10682945728289911,2.0915128789798794,-0.8392130551321111,-1.1427097667907402,-2.793327921795996,0.38905145991775114,0.004996346233859415,5.53214426540126,-0.025112620880733363,-0.006704386561614368,-0.5179280344934503,-0.21323347490329683,-0.02270366536360542,-1.3268130034992003,,,-0.3317254599041532,0.48017051254971443,-0.16666923685676255,-2.5193624455069523,0.25170390043802526,2.4336858837603645,-0.226180131330629,-0.33953370510037123
2023-04-14,43.70000541538265,0.19739159560066188,,-1.2503765473470645,-0.2156668338592255,-4.809662229781068,-4.746940113206772,-4.2775344349227975,6.267265980883019,0.17425355232873885,-0.6718992831519528,-0.07189966199042942,-0.0475307333700198,-1.3172644070592858,-0.38393013910097945,-0.06488687068616784,0.6357052182997691,0.5717903924432863,-0.030416190448682226,-0.060308644217827126,1.5498955528061884,1.432670393164854,-0.0009190941345398264,0.23824208691040782,-0.07980805290977262,0.008155149413221069,0.036018455904075736,2.790802844446753,0.4453515474237191,-2.013496383671195,,,-0.0017313066551331024,1.7931623361540898,0.01338546306137096,-2.9887629254221872,0.019039044850556568,-4.104748581247799,-2.294299433912606,-3.206269761184662
2023-04-21,0.6381604775472123,-0.0981161780467539,,0.09391092430514064,0.1636981832125864,-0.14868446998486542,1.9205467465108002,-0.23629144408132757,2.261141806836707,-0.44050224844909824,1.5214198479460619,-0.12751260671606368,0.03197738208128018,0.2709726253887522,0.8323217426733608,0.06293254392908106,2.831337645534989,0.32001097369326287,-1.4232523767057996,0.5396154483047302,-5.8415897875587035,0.4409365155011098,-0.5043870668129058,1.2145814475877628,-0.23998760680002842,-0.3777217379359139,1.7011966829030165,0.09055841362953769,-0.022512478696217825,1.576641228682403,,,-1.2665773837622116,-0.5864978058197533,0.19415218268461348,3.5856939923184243,0.13488683218301487,2.105435777045148,-0.029676863490633924,0.22472006743243517
2023-04-28,-1.4888944480568969,-1.1339224170608875,,0.3507014264584045,-0.9903058023583182,-2.3684413586746382,0.14354264821034318,0.4602761753720222,2.286591788617385,2.430680568674708,11.634562203296573,-3.4685337091820214,0.09369637980303329,-0.4670127223522993,1.3902488231058314,-0.03957878095227812,0.9625546714291544,-1.9118452083146333,0.042079178710942265,0.8347511778077349,0.5419518345048261,1.4053982406311005,0.11558388341468012,-0.17951409222468626,0.9715474065196145,0.02734424694765459,-1.2908943824419312,3.4958813799301027,-0.08219347108059426,-0.4661611769044993,,,2.5357388222562998,-0.5229460217301298,0.4076137229978539,1.4968859264498655,0.003054357267011081,0.05365669096019429,-0.9850854840526521,0.24541680282329703
2023-05-05,0.5042440462115639,-0.07030908461874734,,4.5495926264612105,3.6766991418476316,-0.7311679866212665,-0.8311005468646766,0.338671483985744,-0.9464131195094833,-0.09803883616477,-0.10773336017644998,0.37014772000035234,-0.4740421699749649,-0.05836667632488213,-0.455434198667198,-0.7801938445550335,-2.435175939894937,4.691613803935987,1.186750895615675,-0.5646031457238341,1.5345775456842836,-0.993985266915813,-0.10528163429754421,-3.739014739234452,0.06353116754383957,0.004765102676624501,0.6084276587662424,2.1461824138564016,-0.8732384495028913,7.0772272111361385,,,2.4285139423388427,3.3390033632707965,-1.0135593354129473,-0.009963776966166682,-0.006138312554219069,-4.6867697786111595,-0.8326247327266597,-0.33007665777513784
2023-05-12,-0.525686282256402,0.29950279712138517,,-0.8005244262691191,-0.29066964825202163,1.2329589066181645,-0.41530076584793923,2.7283918572253367,4.517610341825229,-3.1075598079476645,0.8220859848334428,-1.6624685923140863,-0.04147603600137699,-0.07764814628346135,-1.2909994308021127,0.2864515752214889,6.393877542903793,-0.07262962789292374,0.2173224171685609,-0.1910503994876903,-3.412122095578781,1.4913633510503874,-0.2771172280907198,0.002997710820416607,0.27655023086328223,-0.058519474970174304,0.013476458933007624,1.9963417604873535,0.042440684088131835,-0.08299500857230642,,,0.36167243087333384,-6.788250458891592,-0.9956914903917744,0.5994010824746516,0.015489681424781522,1.1286976712417707,-4.071301345686873,2.90159619793602
2023-05-19,0.8345717315969496,0.005589584620878343,,-1.7247643037188687,-7.100666315414804,0.5821630063873057,1.5699059350126563,0.7900502569669547,0.024099101363828757,-0.12445123205545672,-1.6194674055115326,-0.41877564196667255,0.13626323302029342,-0.07980735474024096,0.8016413211139157,0.14840484499199355,-5.390292688248644,0.3948097209536533,-2.062629812725031,-0.4932518615764147,-1.595549605604264,0.16792509018816057,0.05700110607210708,-3.277825623512148,-0.377136157511972,0.0031542077138011935,0.9141137474879389,4.88876962706074,-0.031650746414853645,0.8629265602561265,,,1.1407624775752037,0.8447267982273585,-0.584559793822526,-1.4263732038195462,0.09700228446282676,0.14977392387742616,-1.6325138176275138,1.608504124218516
2023-05-26,0.9616744155971625,-0.17948987082753182,,-0.01002963747271714,-6.401581750625524,1.08238300265892,0.6235004904261878,1.582871415005917,2.472788087417543,0.393104026976595,5.833057341726341,-0.7459717302712066,0.036872810619138746,2.311938815102777,2.136786358485073,0.024114507826909305,-0.029585490854082026,1.2163096221634784,0.01148235653521612,0.3381605819668424,5.074884436916007,-4.983866798418527,0.01543118472643772,3.6995106643545697,0.3248303397117498,-0.005353636969688352,0.22042721893727657,-0.5895854632320916,0.18159080884093798,0.9055602762568618,,,4.912241407676739,-1.4928176366542683,-0.10212756991643132,-1.8982135518560157,0.033398032892155136,-0.2846203117265624,-3.130939282897459,0.1409321085464288
2023-06-02,4.081483149432403,-0.6129939358251307,,1.233142662884315,-0.01886906656486107,-1.391343237801009,0.16348889116904014,1.5296914271774957,2.8274346870305878,-0.8229407674649383,7.63161634321999,-5.3079204782649,0.16594427737296613,-1.9581099010570442,-0.17154061953155855,-0.12188629079331136,-0.7631061772653404,-0.6416973475835482,0.1871805140135747,-1.7537640517526374,4.479420918848089,-2.296508428551639,-0.22255127951824688,1.2458730383136027,-0.07421410882985657,-2.4631624784864274,-0.10195096264128865,-1.8361998901920922,-0.2610703308791139,-0.276077216211531,,,0.08225423862143239,1.5502270059804693,-0.004281543237285693,0.8192687284479083,0.11849312600875124,2.003081464051079,1.118051818488098,1.8723453211901664
2023-06-09,-0.1839304303690749,0.09025481087337353,-0.03389635835121244,-0.048413776094359415,0.09450182700545304,-0.4110010269292321,-0.9844323015094134,2.064311380268774,0.14028907204117913,-8.010236901835313,-1.473386135437737,0.6484009762988456,0.17280019324379567,0.12183970953947036,2.061603962887331,-0.43956660383415963,-0.21496552264342988,-0.8746995531651991,-0.22084964689261055,-2.5401130175708464,-1.07649756430074,2.2220336695744103,-0.011744003504535874,-11.343329128725035,1.1862045857003245,0.4034712854518072,-0.1062181472246476,0.20503659882766972,-2.4057636706837187,0.24364780012031512,,,-0.30379087780929104,-3.296321884621645,0.027638626330988375,0.7457832280918317,-0.02167413139685318,1.2418574924577326,1.1521069647134499,0.5350800108465301
2023-06-16,2.9519006483870185,0.4273545717320893,-0.37876599138570927,0.01271617607374473,-1.2257962834205174,0.6254465782685559,-0.07487147265731307,4.886243100941133,9.39772321816083,6.674726797190694,-0.6034112552870783,1.17961275028836,-0.01978713901838692,-0.5085407499319616,-0.20870222864777543,0.1715209176664001,1.50955685443176,0.6986761779283184,-4.109370155103061,-2.857474546817022,1.1699672029460761,3.8426011510579787,0.0066688994085716685,-4.940570009987161,0.1539036546122735,0.19381586497544737,1.9862226735318629,-0.45205156554282944,0.4708618568869408,0.9786641664388915,,,-5.980153237715699,1.464938762647283,-0.6991713396666855,-1.1850788977185422,-0.07188073942145962,0.14946011403137893,1.3810480732932495,-0.5291501045001914
2023-06-21,-2.7054797793738135,-0.05168497750617062,0.21801205415957609,0.018680065429232003,0.7492421268336009,-0.19538588852645558,1.103817006975963,-0.0555605300950802,-4.618768231952412,0.5090624818584092,-0.6357942017903845,1.6425165160024484,-0.45054460715372047,-0.0038016010442133335,-0.329574919470522,0.1195029973448857,-0.33045986171432695,1.6066343902974638,-0.009514191824040098,0.06735812066482598,-0.6153308607596679,0.4241939827592771,0.07312818057305756,0.7021716372251195,-0.20126854894817076,-0.07034011629474034,0.03198568181898509,-0.2063633110834203,-0.012899029174206978,-2.646581546587759,,,-5.190701210416074,-1.6476528545847522,-0.023204031042832706,0.047660049697937246,0.0179289225169959,2.7769604081757118,0.341270310970468,-0.11925665271557245
2023-06-30,-0.5503515503147409,-0.2509021087275867,-0.05934174279511521,0.1428674724622836,-0.8423231406122386,1.3222769158816798,-0.08381466250524144,5.040148878147911,0.09010766719949241,-0.1445893670263851,0.564181107699348,-4.159404279732572,0.024527526112442986,0.26569282271907874,0.05411774971448064,-0.09298700297444736,-0.20278934197078988,-0.19107250209076412,-0.07098809742707181,3.0113215430576723,0.38803878157791966,-0.9227624440949482,0.09620574551334878,-0.0023927245544116404,1.994440563892966,0.0005477790422242787,-2.568846218955573,2.581255362295674,-0.6617333227987704,3.5270495417708463,,,-0.4825284817670634,0.8268283496996603,-0.4265370731533222,-0.15669091753969439,0.23472408073683362,-0.8948333884026644,-0.46740682539770917,1.057841526085126
2023-07-07,3.2291643880250382,0.013045191295504308,-0.07894052251973419,-0.041907165060471346,-0.5201807533838317,1.1281514558633823,2.7563273358234763,0.07786313626748145,2.6010470189960775,-2.364026808288052,0.3177536657543052,0.35978483996115046,-0.0052978072154270806,1.9722335948572849,-0.04834126770550279,0.40889363683055363,0.48211699793360374,-0.173822186044038,-0.21742764581030535,0.11601016845945994,-7.162286802209899,0.40147893764449344,-0.35595808679770885,2.3438147232107758,0.5511753020482493,0.010316844859611742,0.5504320605551554,0.22502857058886827,-0.056296328172475464,-2.4250101283023837,,,-0.8540545086160621,-6.974836046302536,-0.13643210493438399,-1.58873433674033,0.06967784451238224,0.15008525310760004,-0.4801807707067334,1.5143949600591353
2023-07-14,-0.2342322920008203,-0.08750618552615903,0.04680706611056488,0.14172972882216722,-0.23874200865892212,-0.6350523995455589,-0.6438729001364881,0.09114126024038234,5.738081002379048,-0.8115829237632408,-1.0803580804856185,1.0941578924380635,-0.12025282664869524,0.18930730693267594,2.0705303923487737,0.4765098474734496,-0.24913879073930162,-0.6149740016977443,1.5655024913616953,0.18085058018324943,-2.0146857169382058,0.04764525153124426,-0.1146166836735549,0.5859073168411713,5.302969515678694,0.027352194311484477,-0.016217260852770556,1.169796154023647,0.10105414958279903,-0.21357928674779236,,,3.8658493767708824,-0.2104925346854022,1.3899381449037786,-0.060310238495022456,1.0352165174092227,-3.313466491291269,0.6165853894987186,1.30124683189615
2023-07-21,1.834952714225516,-0.23257450757701384,0.005419325407871151,0.6797027316163415,-2.047883187962369,-1.5610868667999158,-0.22279416058729928,-1.3865402213879605,0.8033732436263701,-3.1826095797553027,-0.09330690280039339,1.0135121145558252,0.01254644587713592,0.6212716551585503,-0.14355249759730823,0.10597908167890223,-0.890597817153863,0.014685845147898745,-0.028756938359878782,-0.47943714933857284,-1.6454060506649115,0.7807290071949715,-0.009582725170055512,3.2984143306710663,-0.5259758947758509,0.28171593837411607,0.04348748332907233,-1.0184221825831692,0.0800101787347645,-0.08249835276354517,,,-0.8275490315011024,-2.7257871234092343,0.07772266089950802,-5.541752469125286,-0.0793884119846407,-0.01207396217098939,-3.972995578267727,-0.21251758424571562
2023-07-28,-3.264455287295488,-0.14890283555714998,0.3581848712563472,0.05363411273309732,0.012742827596870749,-1.6527049844872832,0.42976071505338476,-3.3018116347422217,3.2008671985853203,-0.07612742459203448,-0.7669791174428423,0.0033663252188912626,0.0991146512267209,-0.2120244596822762,-0.659968684289449,-0.016805032881898815,0.649101596639423,0.9827035069144454,-0.21450402702220833,7.284309239677478,-5.690331016339498,0.33701133702986497,0.0863663797963555,1.2672034028005712,1.7938701121596268,0.16698613245653338,0.022103342848372023,-1.8787902682992224,-0.003141141631100814,-1.5727830232697206,,,1.7420156672917702,0.6685351274245317,-0.044957317915701685,-0.0037071070876940893,0.18631049548407014,-1.336036488191151,1.9293907471861156,0.5975587081450071
2023-08-04,1.2001353993738482,-0.6378434168434903,-2.994195886461876,2.1702136223260955,-0.022834708999155073,-0.17357401070763917,1.1764092383013178,1.1621698130343798,-0.7260300189438079,5.380898776192115,-0.2731875583216905,-0.8363768789673781,0.221970596948351,0.06643199026308821,1.2203327569689637,0.05307861703195512,-2.0432397783222678,0.08047662815612716,0.0589753580309916,-0.09824902053363223,-1.1662131583482436,0.22779458989283063,0.016517547341595235,1.7902914792236424,0.718225626529297,0.033977359464503365,1.5117068632317097,5.235951905709399,1.7173102816420562,-2.256420768039211,,,-5.598434432705525,11.63955045939424,-0.7864524234676239,1.4097166375098957,0.05168661898499527,-0.5631867140705558,0.36138353933390976,0.35005298395646806
2023-08-11,0.35238363755612784,-1.1151169009181987,-0.01879106063889848,-0.2265394442991216,3.9185506381067468,-1.9906530075947817,-0.3323759590557861,0.8806465616283443,2.3209712244313883,-5.257795726914443,-0.42736358964863413,-1.4470592667608488,-0.3393908463457538,-0.08290500709177892,0.3117514056009988,0.10247106969275284,-0.015186299747568726,1.505240511287677,-0.08130826081164538,-3.561564288999671,-2.3565183066270268,-0.5075713195447585,-0.030879042332334936,-2.4125882909201906,0.3942638403564392,0.004962262752939897,1.5174124684841812,-1.0291819786205227,-0.07335812517017434,-0.3643557675915312,,,1.3256311838773147,1.392871769469729,-0.7352156371160319,3.4992715056618264,0.0593553281606005,0.24866145119881258,1.0098770559832029,0.3497442283478647
2023-08-18,0.6695287613555507,0.0014565313144210106,0.6631612288176948,0.030221960546195387,0.5999313789472465,-1.5089355378122522,0.15867390539801562,1.8768672403407949,-0.13734004118432153,-2.9411036195944744,-0.2219632873595599,0.923701501344235,0.04103268304239807,-0.338213017798807,-1.1164341343885813,0.02994929936964715,-0.6830771119617388,0.07869301100572987,-0.05830310748300567,-0.49086168440592054,3.0717733482218157,-3.8124309347538303,0.0036532529406508992,-0.7404284046154075,7.443005914171587,0.013282916160440156,0.33195182383615063,7.62662927317037,-0.11903664726231836,-5.403139057141117,,,1.0126346908080464,1.170691747929429,0.3392314333734655,-0.8251701742149368,-0.11567579784816218,1.0170175208298915,0.770453084584751,0.15259447975992277
2023-08-25,-2.6775879369216677,-0.2031292610946151,-1.1216834253524501,-0.47353244924236093,0.9440962594077503,3.463408741264196,-0.28617022752930604,0.5948380835037419,-1.203043403326594,-2.722872155915439,-0.38371718331957383,-1.1614248904306501,0.19093553633202798,-0.13650772421619484,-0.0004081924666066855,0.036121614857048574,-1.513976258700102,0.7112303877671123,-0.03251627083636415,1.1697834090764245,-3.603805740625391,-0.16723054518495667,0.010529172365392627,1.313203236471079,0.2993472656216613,0.06761684490854357,-0.12587423822739083,-0.9386707231129047,-0.009403451389820947,-3.4989006359599117,,,-1.0159038731152081,0.7850872595982887,0.1162820965861445,0.10860230916838415,0.008584212071547019,-1.7807721529231264,-2.3851744706236953,-0.7521383400921627
2023-09-01,-3.1678341209398564,0.4225302128027383,1.3101898129753013,0.02735383434941194,-0.26545422445043937,2.832618512959714,0.5354924718964075,0.020798297241762437,1.9272748064465723,-4.94458120726466,-0.13284215477645395,2.153423662975989,-0.16852986507833986,-1.4805117065577846,0.09571794515188989,0.05348371392602609,3.1948700724792776,0.0232345622203596,0.025826302653752096,-0.3800763475519698,2.6769733619804814,0.2609235865096679,-0.0032272202332858588,1.2747651561546884,1.8826765657610005,0.5500265163518746,-0.20745120807014483,0.7800458089848812,-4.149212990515668,5.441632090781301,,,2.3573552380315252,1.288639013938742,-0.03252875374185733,-0.6713571067002397,0.01905286880859513,0.8296048942249657,1.3626634449807775,1.327378518361379
2023-09-08,3.256802359463066,-0.1573649208823552,-1.2621962775061588,-0.1229527301097293,2.889933703024245,-0.23913352652409348,-1.5098814859003304,0.8352139661193753,-3.278096325139498,-1.0820276239577629,0.5440625602902023,0.826029714021721,0.2478127962104664,0.041169068230697145,1.1593727245953316,0.03453766927469125,0.25215349828907535,0.03455423124166782,-0.2821945398667701,0.4554938630774785,-2.882740848503228,-0.39015407778016026,-0.00017939504155868753,-0.6786827789743802,-0.060190132665469284,0.02834509407674691,-0.11121198800327178,1.8619425025083587,-0.9610745755567319,0.299278883741968,,,1.2710215224712293,-2.5197007932553976,-0.1465029262262171,0.3296817506187923,0.01676416677400327,0.3140529277344902,-1.4603123431599367,0.2301094211994984
2023-09-15,5.460553116670379,-0.8019470365481416,-0.8624018873612549,0.25527514521770983,-2.3538492722059963,-0.9438193533926761,0.5631741668984834,0.5736004060905056,1.2201425110208877,1.4847074114254206,-8.687300436296711,-0.5936607351339835,0.10341575940062525,0.06088733829794883,-0.7860135142499228,0.02841192008667973,-1.1771400387544915,0.22477133877324126,-0.89178123120661,-0.3705266790434549,-0.1592900065014058,0.6538248359588099,-0.0035740023166454995,-1.195957800635712,0.38509907032187496,0.004280279553169546,-0.0775257978346243,11.779447532472654,-0.23612567497857195,0.2636061422607149,,,0.1907426399632854,0.23543504261385753,-0.0997476398558313,0.49598311006383444,1.2395172635040574,-1.0183815381559511,1.0233862931440771,0.24912834388639454
2023-09-22,1.8832207371310792,-0.4617714536627738,-0.8394883123184661,0.05883889484064175,-1.1023947405412398,1.0852980215674983,-0.40474140826374594,0.03555658835149881,-3.305015691652911,0.7368702944095843,-2.264243897866374,1.3858526930853419,-0.07180917734378924,0.8535237409677426,-2.603251705016121,-101.47563960985464,-0.5572484693971859,-0.48167955851125965,0.8110999077027822,-0.0005322642479377634,0.40635524171966386,-1.3874923700252049,0.025128962208379537,3.773027616611748,0.38395588633760913,-1.3071850357312278,-0.7768862488683232,-0.066649300904903,0.26004905980461324,3.0106269428546386,,,1.3371667781308876,-4.699857796755894,-0.2812415436964952,-0.8401976536377311,-0.1606280517235673,0.7025322765965836,-0.9835490274982361,3.4963570822119703
2023-09-30,4.039286406478154,-0.1192401657081313,-0.6439643510993998,-0.9562573628671923,0.32254879687957905,-0.38902420519685355,-1.1436794719810779,-2.2373547058720926,2.1239013271265863,-6.726439312186305,1.7620775212497917,4.033468574811815,0.17552566171290068,-0.4678027349551556,0.05781497753573006,0.243809103348472,1.8460162981297512,5.27295547328543,-0.09315202632601616,-1.5798082171324943,4.747601002246717,0.2134776044559833,-0.18371577302718942,-0.18595293674868524,-0.47841788870302393,0.01050458171253409,0.04751864033119495,-2.1209695170223255,-0.33304583127196496,-2.457029035657809,,,1.1014053616902204,-5.120290401252163,-9.079453198716802,0.31560120073669207,0.038319696777830835,-0.996866725501292,-1.9854506161100487,0.007188478051482483
2023-10-13,-0.10304912796096825,0.07220058292282197,-0.5348519524179502,0.34174673252037996,-0.10238184737148497,1.124128425738962,0.0639581613786962,1.4524538296486937,-0.016141845515756686,0.9738368475028468,2.3343580149728678,-2.886432739211176,0.0948091815288732,-0.005287700140329541,1.9299889773456786,0.3676076893304337,1.1700975211002311,0.0776876488466717,0.024595024208166727,-0.869021241405188,2.3886239086698446,3.541892931025572,0.019267752009951743,-5.364226368031076,1.006965724394957,0.007404820189748949,0.030646359602323703,4.034051289539096,-0.5806488790979307,-1.029842943968557,,,4.203834494873442,4.286846990307952,0.3864398736536776,0.0516106559764226,0.007612143084608282,0.28033336846678863,0.15821368787018442,-1.7412495891630788
2023-10-20,0.6531696236529296,-0.00188341636435993,-0.007218268236202797,-0.34264467463981957,-0.38918484618231175,0.2023945765840157,0.9811522707734481,-5.833563191194456,0.10898378098355233,-0.020246516518674002,1.5000130921743398,0.5152954743876949,-0.7846832458468176,0.017348741449932835,-0.033071303585662445,-0.026392450922653625,-0.7957258939351508,-0.28325774675043786,-0.06710260008232297,1.6520693322835598,-0.730396427238431,1.5098818615196101,-0.1434670575739763,0.5413701396404581,-0.37230233394736645,0.016972344839815523,0.033890118262965854,-0.9197970836779562,-0.9091049343351463,-0.3615212789503334,,,1.400380662618102,-0.1128611824700725,0.18132346567022029,-0.7302436277955996,0.005525034319002105,-1.8591593287306922,-4.180621119163268,0.9500217990750905
2023-10-27,1.2986288152324708,-0.0011228697816144453,0.03584578145744668,0.2660095570795986,0.16085957932079498,0.9298350479843019,0.3239140819948829,-0.15088366629558786,0.9640133317961972,-0.4928198585338481,0.2995317802753682,4.142540137104418,-0.3243687233352593,-0.08340985999957355,1.1399799486756201,0.13971718779806713,-0.001433744852984975,0.593510807602465,-0.19903366753925952,0.2285949652648248,1.027271870432731,0.9945452566512195,-0.003256833535118249,5.566694481895647,0.6923304543698209,0.13272666421041188,-0.06567696402275704,0.010290963332985403,-0.017668560998325984,4.690720768297418,,,0.677037337254595,0.8604793899174427,3.9995002930335737,-2.305676302019345,0.009590014018698339,-1.9240798461110677,-1.0203164120847776,0.11714820165565865
2023-11-03,-1.3608770934185006,0.46119924555993697,0.06693174082587329,0.23967434643229735,1.0035629318616066,5.751149910356966,-0.0980011989190418,0.20438085278190837,-0.1879153311395643,-0.19055347297274058,0.48291143852734,-0.4821093390254913,0.044787312851976804,0.15359979141969388,1.226711259247845,-0.010255941618569468,-0.20727539927309532,-0.2975640577031249,-0.15046455923993438,-2.9302394137129513,-4.04942943980017,-0.08553089031442193,-0.030770965567534392,3.20162391899115,0.004344733963394541,0.007023425968359694,0.24365057257275644,1.0517588200078622,0.08938410171572764,0.626426214463123,,,0.5805153791803846,1.9691213212935543,0.08676041608927011,1.692212405877917,0.01912485476278338,-1.001338607363465,0.9478906025341094,0.1754987418320603
2023-11-10,-0.03805633135663616,-0.025616011509054605,0.0054922138619422235,0.10753369379323954,0.0004944056641568578,-1.040848469559661,-0.24383950541711968,-1.0208601087867721,-15.169938902530816,-0.06501617631744878,1.0224504116631987,-1.138221754865688,-0.9104250729462686,-0.10512228915764422,0.8367091703492405,0.47070679021568496,0.112509006625432,0.007649168159794892,0.061042913872182525,-0.1260590859115173,0.6919684580254893,-1.7418006721685066,0.17510018479260483,-0.8296738855833179,0.15002423263929943,-0.05403500702479306,0.26874195236671955,-0.01839563076839309,0.2739819492116395,-5.903138147402017,,,2.452698075489193,1.1511056827557458,-1.7678566698568468,-0.07337038695087378,0.7893405610767181,0.10926129707223198,0.13757057418904098,-6.0664103766434705
2023-11-17,1.4099327155274195,-0.5557937061649819,-1.295500559710571,0.693532532153918,-0.09344581586232667,1.2716820048802633,0.3722893935251308,-4.731204352530348,-1.8543032694886,-8.024748786017295,0.3631004043542443,1.1924805196591572,0.05484853114023714,0.026166828400806474,-0.14639528328027618,1.3902919315738942,-0.1174172074158035,0.19199035793214705,3.731505537950387,-0.1554468900804377,1.3000013192601525,2.8508656632478813,0.05209560731478214,3.53284667800923,-0.0741126376805291,0.6083858075365347,0.06591101409675476,-0.24581071749451672,-0.053873225709334185,9.722747645791566,,,-0.41016166282246824,4.5121310469046465,0.39040289295595054,0.051206478130604714,-0.12372002163204542,0.6597010338394168,0.920383308682505,-0.193234228413942
2023-11-24,-4.986466842917757,-0.779721660828342,1.9467364191238004,0.01570958047950377,0.12919746781994498,0.6629727314882506,-0.018091543899694792,0.1655164964139526,-2.036978352017099,-0.9525378886345677,-0.10616511727294028,1.4864735212932,0.1437133054190397,1.0924829822446231,0.3879418857297503,0.03151314513436883,-0.19436299918793637,0.9188113348081283,-0.5507934365865946,-0.7268838275548188,0.10894052824727987,0.3900501406809359,-0.32732542655522384,0.1206028504724538,1.4975454657506346,0.004787540730086137,-0.5077531357521915,-1.8140489693408501,-0.4972075927359676,1.6351158276497941,,,-29.518683370021378,5.530449302506242,0.750870730337121,1.1864429170816713,0.1255894009065644,0.19941785571801335,0.3796792057955015,0.512588714261363
2023-12-01,2.135575695612116,-0.0868671876104645,0.47196841433193915,1.8831011252093584,-0.5019764718443741,-1.305155542462891,0.0409219636054066,-1.5153203589039699,-76.71190916467559,0.1328722087285914,8.049531320551019,1.0842152545781416,0.34563715806014916,-0.05350456964997982,-8.675604695308902,0.41950339882810883,-3.2433027255922493,3.3705722140237047,-0.838054117145838,0.7032799558813148,4.306944223363048,0.07003382156162458,1.3243179338088928,3.6385314444469623,3.184319322480749,0.02274776595771846,0.5544525380448999,-0.3360159256041827,-0.03728321464260298,-0.056530584358176386,,,-3.627221456454823,-1.6150667140055748,-0.501206967767399,-0.9401221208597512,-0.012511998247814054,0.11633060023808628,-1.0034234047745287,0.5238996148228895
2023-12-08,-1.8684244490234927,-0.01690105600886313,-0.18958812985328147,0.09552748765273475,0.3184110274980939,0.5643055925420288,1.6168359997933561,0.7758413952680446,-0.3706106543165354,0.5265410989617227,4.063419602163965,-0.24384237556348326,0.7582291769791334,0.1400533333694878,1.429154877798717,0.21151159786145288,0.08692914793683632,0.571633359511219,0.28813477682278654,-0.18843422974363921,0.3911083074813496,0.3325206365797958,0.02356482521321072,2.214608654399518,-0.2924570510676485,0.1455797058732817,-0.1268387396752908,3.8441081546154288,-0.2035069041277556,0.07332781442880235,,,0.3826001134674719,-0.4479521415647074,0.07716331603354629,-0.18018611834922948,0.004019559147049834,0.5615356593704862,0.4877758158957969,1.4021709844864871
2023-12-15,-0.5741104431663081,-0.4396005320206319,1.2605143961190797,-0.10451643145405504,-0.00022500326516900946,-1.3976430717856818,3.9086424941699285,2.377615849439553,4.854374602624842,-1.0068094731360235,-0.07850168197520617,-0.15334396939143444,1.0415506983610445,0.4247831113399297,1.7950203099259352,0.005216435280523088,0.538909238461603,-0.08794697370079409,-0.7174743678743193,-0.06166433991908793,0.07432921816861937,0.8665790244338343,-0.021438823036712774,2.051466363634806,-2.736970226495533,0.009115340009413556,-1.187753194625302,-3.1324261700984612,-0.07716325212011299,-2.309166096232998,,,3.0868183159722484,-0.44591241395082615,0.5310026827066848,0.1730997387221907,-0.058868401189159564,5.013869464011356,-0.8421923883877456,-0.669425057973021
2023-12-22,-0.18409499016189362,0.018222558490874747,0.049466596529337395,0.16403069776098642,1.7529441317664665,-0.01781784610253708,-3.12914696109439,0.5518894872719878,-6.9010321113942155,-0.10952915641648275,-0.009796102037697292,-2.861221949480714,0.3020112313744075,0.6205798764934353,-0.14285583402825242,2.1850695433330687,0.15814164153785046,0.35309910241292936,-0.03315916192579482,-1.3606193951067722,-0.8305841182797907,0.005048152934478708,0.4435214453292539,-0.464300205480757,3.969182166590154,0.022916581526623844,0.01514833495138456,-2.761740349442829,0.8168947951470087,-1.2213374254677924,,,0.11146969163754969,-0.415319916580723,-0.13630941095343285,0.7135845479272491,-0.5945827843085966,-0.7679909009893108,-1.214626338633827,-0.45265712999458235
2023-12-31,0.1645823468076605,-0.09297378086274181,-0.9387760526473575,0.5217055459431407,0.44425989219196316,0.666912841844218,-0.31424090887054046,-3.994137277248182,-2.068016363946954,3.5020837748807345,0.45162903746937244,0.41437083929555624,-0.7266512817207814,-0.026918440940826363,-0.3483899489017064,0.06221713391668155,1.2252055191133322,-0.0671123818151417,-1.7189833705550135,-1.4918884207468728,1.4081908283307547,1.523955848940393,0.03277188622916359,3.0890554150561167,-0.2759115813698841,0.3824387538053821,0.820408798229374,-0.33132114997473683,7.324990632523966,-0.2606648757539176,,,-0.572496860422635,0.4677488188130291,0.23637332812763479,0.3194583413650941,-0.18284849483584914,-1.2159013837765311,-0.4335327393732108,-0.12086814831245193
2024-01-05,3.4187243430590284,0.2507470662621072,-0.4573302057599137,-0.9582613809642594,7.406623298238475,-2.9658566565049416,-1.1309885902525056,0.9753094802403043,-2.5025716476508144,-0.05323563932257247,-1.5828536759122191,-5.148070230373789,0.10405436298136878,-0.6406778562092588,0.03413437957350668,0.4147086378709901,-0.4922497347911946,-0.12272020969975736,-0.07354141081175075,0.5795409656722016,-7.775299635472955,-0.38381887262858067,-0.41679058972768473,2.3084410516510854,-0.4007661994492619,0.025988445197836385,0.07513118255551511,-0.17869104011614018,0.34252715978965537,-0.3258110114830653,,,0.3457387182308595,-3.419272820500727,0.8867093505988526,-0.24745504700380383,-0.17397468337133337,1.512120946357043,-2.1571247671924225,0.22307378663643027
2024-01-12,2.000239270839492,0.5709003132725424,0.3615225191088988,-0.07721326910947658,-0.4797889467955036,-7.101240864304128,2.8869795733584342,5.33419535655321,-7.976636502796189,-0.15535675389534367,0.6049296911532434,0.4654374243198198,0.02233783700124356,0.879933443099841,0.5889963658566286,0.2463709073785861,-0.07986818078362606,0.43271120318235334,0.09821521569238616,1.0002280829173655,-1.3897875275133151,-0.4264973271748136,0.09430620293071912,2.336541491936886,0.9555429004340134,0.03611757463508604,0.049293543179725986,-0.22271829735795942,0.1050993702733209,1.9456092296976506,,,7.302943926490936,-2.323319474143213,1.6324822089004933,-0.0283844948844862,-0.004000159944639139,-0.6907520766635511,0.7911433347233204,1.6311593550462582
2024-01-19,-1.2024179884265838,-0.3835248714767254,-0.8310293788849015,0.30538980917393493,0.05020097942478934,-3.8811158922179865,0.5813270659924751,0.3086098750734948,-4.555110854616552,-3.7547348827848426,-2.33960655418532,-0.13316802372455905,-0.6517996034043293,0.06207080137340094,0.4415740170211183,-0.033754274474509405,2.5084309219279146,0.22537852263180475,-3.9272065158405622,-3.6164730352213192,-3.592787082873106,0.4060284392446373,-0.021146191587485548,1.3993471781908204,0.9025825429351965,0.028567757730203584,-1.0346917402610285,-0.41737659070470534,-0.6736857812628338,-1.1907511535884037,,,3.009152506398313,-5.548197919431735,0.2821712913267902,-0.15424460076003454,0.22499045849419802,-0.1580229592201157,0.37542657063260365,2.4512092401041174
2024-01-26,-0.8603099200823753,-0.0018433001157366555,0.07169175642187817,0.8401228169180737,-0.6657333626673785,2.4849518268856854,-1.2313146133476267,0.34336988135783436,-8.690134895476238,-0.8013886418440439,-2.032981530715085,0.059957085605565404,1.5007891405730147,-2.863142527256911,3.780803505129624,2.6010882985525496,0.0014173322174091951,0.010434709095897762,-0.7737669196705301,-0.242502444510578,2.2114726525267185,1.293397520560487,0.03506581407344918,3.8138833960324976,0.07313628837424499,-0.07862972549770653,0.4662731493020783,-0.9144293556017887,0.9312556262348027,-0.9542476534902499,,,1.9673062567894184,1.2188268288709099,0.004002727789744809,0.26783510695086354,0.009549116980853204,0.5378335449653917,0.6728639737678613,-0.34446366535588446
2024-02-02,3.6996326587384907,1.1109873425820065,-0.1903465157895436,-2.0137960922918237,-1.1503518513159587,0.7921000350851025,-0.6355850966715337,-1.5796691226452058,2.1522889191958425,6.92822718192226,-0.994187024723614,1.1509350716549354,0.3377859651884503,-0.1544877737823658,-0.18364131376383555,-0.13113183523591193,0.0635146554708628,-0.13974174202367648,-0.2846090546337588,-1.4451571857403165,-1.5118655105514247,1.4851199830876225,-2.039126864542954,-0.30844190572306174,-0.40872586133395383,0.003547883690924021,0.0039028615076288826,-1.8579182665638834,0.2533200967446235,-0.1589807614960521,,,-1.8476212994846295,0.7820486568489775,0.08887653763904314,-0.590216875394631,0.009858979620683328,-0.688040368227952,-2.136919356332268,0.7763279605477402
2024-02-08,5.489176409488764,0.12158826455036092,-0.4129780029362484,-0.18699812829558166,-0.6155884543336573,0.8082077849771968,0.5177705623976666,-2.1617163158737323,-0.317851555875749,-0.23862729601625854,0.07649939770894745,-0.5532006495428826,-0.01221808648834085,-0.14763897294581046,0.10816201051355674,0.22747002584464251,2.310909020272113,0.25270540260738533,0.6176385973564442,1.7136970760438068,1.9874031875253748,5.080077720649923,0.06375447459840607,4.513705016918626,-0.33305901349238054,0.007889393278690756,0.6799935774625836,-0.46810534476766774,0.21123627144098858,0.6663122567354617,,,-5.363577489454331,2.265556535269633,0.7577190295517784,-1.6944457861843827,-0.016838490697268282,2.5884202556456546,-3.214157811054167,-0.7213724281479444
2024-02-23,-1.093227628921327,-0.9200250021114118,0.08879102735314857,1.0485068367633164,-3.4110073451084624,0.8183194612228037,-0.011012083989182617,-0.2733709722532397,-0.9142801024845584,-2.904117843437039,-0.31406217899115807,-0.07500068747591399,0.4511556757082607,0.30759583805676616,1.365459668560894,0.1239559160743145,-0.4560054124140634,-0.2515346182033843,-0.07932225949967156,-1.3012076948097537,-3.611547259369353,0.07464734552189495,-0.011951295677564281,-6.780880754916478,-0.4982269620227649,0.04687939781230328,-0.016429585684398444,-0.9404085900845612,-0.24639004591233948,-0.054289286344785914,,,0.44703375283580504,0.16371026682535922,0.13163687961939005,-1.7746274025237878,-0.06572643531273505,0.6455177160839201,-0.9460433855945392,0.39681466166417806
2024-03-01,-1.1809477697653787,-1.0929733849985108,0.3502607947467972,-1.020814090560599,1.343729334082861,2.803969452034959,1.7163676961151113,1.0892564049076396,-1.64796084130784,-0.07622941099680602,-0.844985531319998,-0.298458966517795,0.7331522165072177,0.9879401738077302,-0.4302195891203331,-0.015865788109584344,0.019840543580984672,-0.17471825962834653,-0.08008193674820772,-0.5425878251371842,-4.166905987473043,-0.011910555527549223,-2.3385822592455205e-05,-2.334136941875195,0.6396256622767893,0.011671576448142948,-0.03053440858783214,-0.39465426167265777,0.23487644818798653,-4.746252162218866,,,-0.3179460803013547,-0.010218577546373005,1.8756757195446905,3.6578445833283757,-0.0690348370089882,-0.08189746229143666,2.6000300561578626,-0.37903560321580443
2024-03-08,0.35743570711611944,-0.013774658940498632,-0.1774843339116011,-0.1046263005803287,-3.5691995648299937,1.4552989715795241,3.3255838550319368,0.08329129604755381,-5.074348601493679,4.27042857435633,0.6175055762035919,0.14589424873374318,0.16467301457034056,-0.15917092100254282,1.9652947038147293,0.30628479032272926,0.8838328369470144,-1.08356628357689,-0.02043370360616343,0.044126273484135586,1.1726675121368704,1.708709530950825,-0.07465928181627304,2.3035185553570825,2.7088117547084325,0.002336824424565499,1.1029291787348117,0.2702785213537817,-0.16348422143033425,0.6781066900147791,,,-1.5809563021911863,-39.37134149234113,1.1957086817021025,-0.3351252295161447,-0.023700967650630032,-0.573585036009925,1.089663274360736,-0.7653330981924762
2024-03-15,6.345150217771937,-0.08551091981748782,-0.5587545935451871,1.548152247980714,-0.4337239196583106,0.3702640787323656,0.24444668962555355,0.36480465743195645,-9.168572532985587,-4.414889262625544,-0.22336127696839134,0.6120750612492578,0.01149286390571753,-0.18364467660828865,0.2950665991244502,0.15230574342274458,-0.16073480477280375,-0.5496155379823157,-0.06050247756268471,-0.41836509053536036,-1.2867841060016787,-0.363593480562535,-0.005463420785997615,0.7743225197636167,-1.126893030655067,0.002848206223831894,0.44248421811089916,-0.3254256696017217,-1.1275226991205876,-5.804048028090232,-0.0003507237914684925,,8.09344056600497,0.6568954450191965,1.5656501960753357,-0.4346411073534069,-0.07960430681100694,0.12949846039136576,-2.9239047962389324,0.32939634185713657
2024-03-22,2.287950270244788,-0.042128900970619075,0.9903736184787708,-0.5681307340835953,0.7296402356611155,0.14368329644937955,0.03345839038350561,0.4440147564183338,-0.925355711777633,-1.058710327845031,0.31259515238106106,-0.08141093601045472,0.44117560643397863,0.009957309239433146,-0.02967498253253987,3.6302044136297162,-4.122551512352686,-0.009463544994814723,-0.12717987915638748,-0.2672315861905212,0.8090400290529045,0.3762797465939382,0.03191146718459226,1.1101043460302127,0.13791212822601948,0.03781885377846235,0.6211920035036878,0.7129947596750925,1.1248701392567433,0.6874443690297984,-0.034653586976332626,,2.5324632203872293,-0.275852511592772,0.4895147464430986,0.04259592576262054,-0.0180845735886709,-1.2237745539023204,2.0829772850698327,2.2343875046801855
2024-03-31,-2.0028088493138148,-0.2939669928578151,-0.679388000444133,-0.43908600528502895,0.5739958181153245,0.8095616597270006,-2.528231783501975,0.36775201617121084,1.7569953214125162,-0.049152414894203356,-5.314320505573707,1.38990749279135,0.20665345637272053,0.26425467323279594,-0.09149751555239494,0.6558194501068847,0.09282076598740288,-0.29121681503525043,-0.7767317362810535,0.3725890858067326,39.71275359579479,0.6519143886959637,-0.2722460635100016,1.3548374359412856,0.3410718130770315,0.037031705718254676,0.5941900089860098,5.796971336268051,-0.784809277466984,-0.042141877027148195,-0.011128500538755281,,-1.8509744945982434,0.6245638055448833,0.5217262823172815,-0.2667856595589182,0.04873381019482249,1.9162340112864595,2.968438400321681,-0.07092487519864188
2024-04-03,1.7358395595781213,-0.016132041245423737,-0.08093223087375245,-0.8402927492995186,-0.464165467944479,0.476416297323675,-0.8304240223122492,4.787938183428226,0.2984985919043873,-0.4994828213409468,0.011114054017474936,-0.4789492046575866,-1.3174698203419892,-1.768228868856638,0.5534974681853657,2.0650166464967077,0.011304418485138178,-0.02880297340590468,-0.11240584735279305,-0.4607535518949181,0.5992497123234075,-1.9751064273591226,-0.17773044952065084,0.8401260712899263,-0.11716896678744106,0.8192380828716924,-0.0928138164095014,-2.1498142746023206,0.7161913228714313,2.5319600378886062,-0.03334873906560952,,-0.4020746046242726,-0.1939642638040559,0.3165910545258807,-0.8087486444332617,-0.007500575480295353,-0.8872391244992244,-3.652662417274619,-2.4088307595191294
2024-04-12,3.702545563587651,0.1416978059120279,0.3685499196203154,-0.04578178494810172,0.2978489049247952,0.773627676775777,-2.193161812588302,-10.77414281285516,1.161989720713502,0.23349707732172187,1.9094239350023372,-5.054206963372031,-1.996863577233682,-1.1959638097163683,1.1521690962825215,-0.839308103431313,-0.00477122870892378,0.4016590616279315,0.026582570769153116,2.4564778913849756,-0.6263267803628024,1.0052407704397988,-0.1842629127990977,1.0058658974290182,0.021126050170521608,-0.6184853723022334,0.11233203409344833,2.3763533731506334,0.5058811053306439,0.1778339961487167,-0.00011513438349032291,,2.0037049915201646,0.9011157146429546,0.6287136701959456,0.7022379842852721,-0.07883963115805644,-0.1860455049087189,-3.991461689298476,-0.1243694559932278
2024-04-19,1.6755263520759434,0.10487178950356471,0.05479171981906461,1.189618787332672,0.5112774360175261,2.190590385005882,1.7128530736915886,-0.3893244427803479,0.310523717950402,-6.343138319789903,-0.851238125102819,-1.3149117168372435,0.31437947818847445,-0.26879094269181153,0.2980791729722717,-0.4470441294919482,0.0985315811224082,-0.10251213819792604,-1.9768941851843778,0.22443239912538393,1.0381196910191797,0.0940090599765963,0.015949049886755308,5.297409716352636,-0.90988825352594,0.04092462984626363,2.74522801254899,1.2773106509809473,-0.4422555974723682,-2.6639067486886194,-0.0009840986100143915,,0.9370922705444639,0.8193353218127528,0.35901352023544986,-0.19170512412160767,0.007469027782720167,-0.8218258257592421,0.4169152883279606,0.5877891497764807
2024-04-26,5.01609999874788,-0.22947030135977906,0.0668344239207081,0.0003077004723659599,1.3465584450728776,0.5397060291787822,0.5173987273465447,-0.8368529540365588,0.07634283069070813,2.279756712173311,-1.3260011961525453,-1.1862744997613768,-0.4601390892087484,-0.050958075575197645,5.832362817805089,-0.00787550169004715,-0.14411008798963382,0.04881090004407032,-1.026604007712307,0.17074042124098585,-2.1456468912712396,0.12907893435065304,-0.017289295906398015,-5.3225794821754135,0.013458044048937735,1.7014140783863612,-0.08621094629977825,0.39911394655716226,7.357911806490016,-2.0884758957478926,-0.0021459407089907596,,0.7481182615537438,1.854959501670575,-0.06721291128563087,0.3085069765986642,-0.013864437676090169,-0.23505717410383675,0.5410406555200467,-3.9714196530213015
2024-04-30,0.5616026021979631,-0.4182868841440253,0.1238973840033044,-0.16260806592549593,0.2160094410903245,-0.043977809609720586,0.4493848419157656,0.9477183536347603,-1.7022814229564822,-0.062084439897501904,-0.08506370666499415,5.347317086999065,0.020713527541610266,0.17161678475075415,0.486739165190459,0.027204350799673482,0.48196733225297794,0.8725359559972726,-0.09778110421704535,-0.032851400194652686,2.1241038880308074,1.3094116393607411,-0.08095141766621822,-3.0171757355863233,0.07963598096314867,0.006679846900603538,0.051617592350845336,-1.241626030851123,-0.40157980508368324,2.3709450915507153,-0.06511993925104115,,2.2010706419682435,0.4066219554493617,0.35281361028877406,0.08048613174308689,0.01819554324461902,-1.3892972504491,-4.470006324076193,-3.3170507579554065
2024-05-10,0.8543507891030075,-0.15186484568481626,-0.20401121250986337,-0.08145458815516214,0.22849407440076822,1.3600382778944207,-0.439317840854648,2.7664815896662294,-0.2798448394518974,-1.2946016715504416,0.1341725061797779,-0.04571036276158538,0.22657928579704661,-0.19860223500079655,-7.7511664691040965,0.10256250577848365,-0.862657440671251,-0.0032560127131303243,-0.052866769713192825,-1.270593848751479,0.8818546263704732,0.3291891547934722,-0.7906063829681431,0.3630193935528012,-0.5065354186812829,0.5434717991633709,0.15363672646082788,0.7575298542280466,0.9424793838293016,0.9698317198543095,-0.03895962220113072,,0.15241119044119128,-1.1804184444821784,0.2972955476317482,2.169041951228008,0.021188970071257803,0.21051617708642034,3.224692513540793,-0.9917749684349362
2024-05-17,0.9192374976148296,-1.9479819928411104,-0.18362073577747592,-0.046125114044604065,-2.763297735365775,-1.384099630277753,0.15256721341253218,0.35221254815603115,2.6119299050315727,-0.03537931103174306,0.1775682915714225,0.22117974228512938,-0.35061493516347564,-0.13361147169013032,2.3995342430334468,-0.04456217390193177,0.2962819730687115,0.2149291519207135,-0.2865390506561975,-0.7081589836792048,2.1966477699568636,1.8313381308191694,-0.12384407223643422,1.6557834461203869,0.13983261668969282,0.04655274286195132,-0.07574373572770368,-1.0546993411515884,0.3470721293454936,-0.21149747326346946,0.07980070154502505,,5.769341294599619,4.642783785361149,-0.3488396125111951,0.5035761682295871,0.010420498896913195,0.3154597042108058,2.1104404138808457,-1.9010733523875805
2024-05-24,1.1189526598371313,0.18229128829620656,-0.008516110456696226,0.5170854709620483,-1.0638752944480927,0.3325326707613137,0.1862057518792012,-2.38675606286423,4.144740874828116,-3.488718356793528,-0.15344175664995763,-0.2343319899986817,0.02220334551908914,0.23389624463028416,2.3228596684661715,0.29602560356698265,0.12653126421660363,0.40738621089333993,-0.40247151742101217,-0.665858424273877,-2.3375238037966244,1.2977335435817945,-0.00438514311232053,1.6481736865133787,-0.6863273701133356,0.010660053842072323,-0.08082566980834252,-1.7853051578762493,-0.2452725529781097,1.871181246630989,-0.008954174271560774,,3.584302137806581,-8.258404874741816,-1.7531189788685955,1.1124111944595023,-0.0060079227539801845,0.5025365745671061,-0.8717635914779902,0.6029810354450903
2024-05-31,0.8520536374028997,-0.05917468194550217,7.784270693241502,0.6770425970427933,0.11029273300385176,0.7861453403247434,-2.054027657255466,0.041927162183886216,2.0012220188350645,-1.8047628681851648,-0.32782617380701473,-0.048340653498344155,0.1745149661024743,-0.22046613765819154,1.0161795364951092,0.11568243782621301,0.15798534148150228,0.2174030950782075,-0.013941207854608673,0.0007988244082717325,-1.9369077454744597,-0.28506854422219285,0.5132559654032326,-1.587589298726394,-0.05625459509302297,0.003966447073580581,1.1392776640802822,-5.642223215770333,0.430875250370349,0.07264639421794754,0.06096798589868644,,-0.13120508257873348,-2.963933794885289,-2.57404500993317,2.9206813061363923,0.10759071964258408,0.42465826051490374,35.818054552174154,-1.5373930308214558
2024-06-07,2.3533711138017464,-1.4401287586867062,-0.12450179133097239,-0.3557231127249956,0.10681796222874204,-0.8296281715585563,0.035933909731962976,-0.43894074312509757,3.0321449052807052,0.2966538714404013,-0.06198646702012294,0.709872560370818,0.03086348070533447,0.2519335428219297,0.2420900770363738,0.06251734024365271,-1.3235747223488652,0.05963711949611421,-0.3066673053206621,-0.22456635021037233,-0.8691095706226599,0.17349530063054994,0.3583468302202857,2.4277197459160016,-0.04757920744753438,0.004623875447593609,0.6670640371391933,0.22455927416978685,0.36767406784572554,-7.241754618383561,0.016989776655730413,,1.035953848766304,-1.3150788099538822,-0.213684979109259,2.6141989004170965,-0.7158810271924425,-3.7215195133336842,-1.3468424092211706,1.0286446864903676
2024-06-14,-0.08371482326206739,-0.0498944070692397,1.143502250375072,-0.23444474090672565,15.982929829019477,0.4339885336386992,0.2023681066067053,0.01180340237252532,-2.6969147624093783,-0.32666479081537436,-1.0381862835527795,1.424434094030659,0.007849662148596573,-1.0032287956735524,1.293787708969981,-0.12953276818751702,-3.63570014074419,-5.490082448532501,0.011412473268778839,-0.15266587114751015,0.40277130586332416,1.063884891357218,-0.22367356732046523,1.0390353675463602,0.2871256916736557,2.108329459570179,0.33088998775377954,-0.6398203201146666,-1.09682971050406,-0.7630904309038775,0.01704529985609268,,-0.9905429943307735,0.8276529890316848,1.059547291916599,0.0310136374478793,0.8035067660093949,1.557612182328041,1.9005891267805275,0.32978458947677924
2024-06-21,0.830019115384285,-0.0035769090892434543,0.01580871578883694,-2.9278162337850464,-0.6916199500974658,1.1374442889398289,0.09429246876738598,-1.2689372764373648,-0.5334041315458973,-0.7191916698065997,-0.2573860877813049,-2.81161254319238,-0.06653351579203774,0.4415508438923674,-0.37712381118886495,0.09226745891375976,0.10894762041087411,-0.11860718399762349,-0.061708450269434036,-0.7756272781514005,-0.8051559207862266,1.5016213814174912,-0.0115267015460632,1.3739223186784875,0.07544662066745067,0.5217405450919113,-0.08802178680645938,0.28890161945581333,-1.018232006706712,0.8606549149346269,0.3650978242887317,,-1.7328593541447237,-5.495465967243655,-1.0887564853741707,0.42074017678667625,-0.42325012600719547,2.35789143826567,-3.7089158615855125,-0.5268051036736209
2024-06-30,-6.617943961149181,-0.03449530270346232,-0.08625035683174576,-0.038659218942318004,0.1291017541524834,0.5835876159424075,-0.2540259428426308,0.8849262043557586,-0.6417156060566656,-0.4439488286465503,0.3646869157831452,0.5884127465968935,-2.3123784635963327,-0.1943959406260785,-1.6403953999442575,0.0563979596573635,0.43838793918934943,-0.5324324712001844,0.04156642525491795,-0.08681261126431707,0.216287260056637,-0.20417770269963134,-0.14165011174337228,-0.4410867860893643,-0.09417477028346548,0.1844321483176997,-0.0010354212757548442,-1.4051219573057356,-2.224546609843379,2.2594842710444807,-0.0006490469431128179,0.003917591117954865,0.7538938916311562,-1.3440514723552857,1.9103452337120677,0.8616496826711425,0.17663726161135399,5.8673782441892754,2.5314093118817804,2.72360888421079
2024-07-05,-1.7123484145596846,-0.2219831645352874,0.1689698644987736,0.7432685337010818,2.4381627077679546,25.168434419547005,0.41242449979220003,-0.38614480762416936,1.3861241724572055,-0.2645676218759129,0.22026127953485602,-0.2147880112887104,-0.12824977921842512,0.008365527072975706,0.11862396156211465,0.4240561339057704,-0.23888733499835252,-1.3459067993627554,-0.12444708557146636,-4.0132601921531785,-3.670700691852324,-0.04683400265339498,0.5040252856985072,-1.4626237852475406,-0.020001950739750873,0.23131047685584438,-0.4618314800613407,-2.3998174945132567,0.4225116201984418,2.8214318132559466,-0.0001727671849451779,-0.0002621504761685463,1.0121913111902898,1.5490971853908817,0.3313566349617658,1.4397253019763363,0.04896410903662562,-1.625538442991211,2.733985088912996,-1.3088214167003211
2024-07-12,-1.3744014969202967,-0.06464195660916433,0.34772912941215384,-2.2183907817339272,0.46617145255203085,1.3097514203227334,0.5001563740188949,-0.45317069672983035,4.385442779887514,-0.024452429630744302,-0.2903503869245161,2.7468749996037074,1.230465116204111,0.5314197196661099,-0.09339263866753314,0.054984480477848596,0.7713220361249202,-0.6722588224411122,0.6748481133571861,-0.35177627248516913,-2.5456857065502643,0.38937322115499917,0.013018637228402845,1.2672726966951915,-0.2712350245757174,-0.007024601510312346,-0.030615309673127658,0.14518720576687255,0.19027023177305596,-2.8469112274414257,-0.00026205618627354963,-0.004363648570084317,3.9329258239247014,8.246560004139862,0.212034695293587,0.16184076698134459,0.0017283631142656257,0.49362937347601143,-1.0331116550916022,-3.132435614854667
2024-07-19,-2.972864787600724,-0.010588988489485677,-0.041778601144138325,1.453766920853528,0.6244616537947967,0.00041957937595984984,0.23551039277560443,1.9511009340322358,0.7787225353930475,-0.9259658538174509,-0.6505037515545129,1.807320227067601,1.2745616123993648,-0.032091003747690125,1.1821598775647344,1.8847152566271448,0.011675918397405794,-17.39252296999959,-0.1548549372831022,0.018214008981296995,-3.531206125491267,0.08735807337713561,-0.0011324852683158306,-4.701719252743725,0.13993132631056565,0.06635778381981139,0.013899419253078242,-0.012854351087466083,-2.1625970748870302,-9.26819888498337,0.023777234987616296,-0.0014249766300633428,1.1589197105332574,-0.7390492409634798,-1.886282023591206,-0.42639666850946617,-4.125722422863986,1.2413999939030584,-0.11232853504331806,-1.7409290119309602
2024-07-26,4.246545811745105,-0.13701952399898407,-0.037597635633931197,0.33256847687549845,-0.08172967656112684,2.655798428964762,1.5934006622709482,1.8119060328198446,-3.5227289815448333,-0.17904061930228224,-1.3108597322391493,-0.9357234113882087,2.996804238288974e-05,-0.05297147167766118,0.4456111579115092,3.159308472953374,-2.0859309104456236,0.04058473277512731,-0.5025580206343395,-0.11308088638181346,-0.06006708279572545,-1.0698682162786104,-0.5439673978436402,0.876444444433108,0.5821240015052406,1.7655607489187877,-0.04095912072945532,-2.1329617491207142,-0.24597449290841483,1.618575187866315,-0.00042065441766617195,0.0073932990257314,2.279184537120951,-0.5306202732875442,0.1950611559787239,0.4797819059116831,-0.07973074406909862,0.32959457377531143,-0.01102779752911126,0.7403632160814465
2024-08-02,0.8335497634436142,0.411477306226042,-0.6822914602831631,0.16025641499788076,0.7823915894147059,1.909120920504984,-0.2741752050269041,0.29823689196822056,4.216084449571864,0.3118569793786024,-0.0065381307399911825,0.9267551143747471,0.05281815641772688,-0.33143317771447917,3.9975516374108,0.036332716716253766,0.10942063615750094,1.7590224503636038,-0.4632864623620552,0.035299885358280166,5.075605703961746,0.15237016679429097,-0.04841289098973211,0.22756778770848307,0.026279164648602055,0.03975650699842751,-0.1769910164182088,-1.7202469500380013,-1.5476902234880159,0.3778464480856989,0.03765820551087734,0.006873172768655223,1.4489120479063757,-1.7284546693991276,0.4455664968564096,-0.1734755189197825,0.03385334349438718,0.3607100753645654,-5.225187970118219,-1.1890977428832432
2024-08-09,1.7190333353942153,0.10339345820563456,5.403836831517699,-0.04592452595382854,9.68281560082314,1.3142607535593296,-0.3293007888110518,0.2362175109920083,13.1911784793793,3.688223722287065,0.3628863677049564,-2.026561817870981,-0.36596419483920334,-2.352542314692236,0.22112775775834614,0.3371404824133993,0.08472976206776882,3.8816129850521075,-0.8374811900343893,0.031367573670462716,-3.922597452595301,-1.2148904700008012,0.003059861064045903,-1.76236373362529,-1.137975413677599,0.1833433642733009,0.5006379290689164,0.8587242767461938,0.21683531600545436,-0.39244779727059353,0.2250642769523605,-0.002380741233281012,0.8188895970889971,3.509728352811792,0.27188105568461346,0.744553800118729,0.33366080656416164,0.36605985173226474,-1.7529308661860672,-0.08836019027823107
2024-08-16,2.511125028811555,-0.038488736741960794,0.060428465854550015,-4.728435597887335,0.28225546131907514,-0.8393937545256382,-0.20461014658772717,1.1788570369769693,-3.493866898553269,-0.935893143751221,-0.6218475253054205,-0.16076492681289467,-1.490807587144664,0.7755264208645075,0.11643687230847818,1.9714556810298356,0.4857737037018849,0.11782278363015733,0.015168860743640442,0.31238817121566786,-0.6114189332271736,0.15986041726406375,0.049236249193007925,5.6119929696803466,-0.1134843518709577,0.007797362000203163,0.06950920426996915,0.8412405476030734,-0.7784678283304574,-1.4912150000421052,0.006099148425892827,-0.020062322567108742,4.850877638823146,-0.5332037912123743,0.7282107999957229,1.1348370039937494e-06,0.04814971644103747,0.12070793388590914,0.31173340356127144,-0.11863895904932528
2024-08-23,0.367048376763091,-0.012338609015341074,0.11248877041984175,0.6557876067939631,-1.7546644556136426,-0.06087410019623067,-0.23658730199728667,1.0407838126280373,-1.3025697412349897,-0.13268550105812776,-0.3398942180678298,0.8683389149785743,-0.23790661466000554,1.0232368744056886,0.04921752759709133,0.03023104109647061,-0.8185367719871276,1.2453946648184842,-0.17418824114773324,0.05185836481916518,1.477138041256667,0.07419476313066437,-0.009526164163884548,-4.354946544720687,0.11181607135128736,0.5123658480335105,-1.8503899068613008,-1.1890232306631454,1.316899695499414,2.028529864761454,0.0188893535156391,-0.7008212072337807,0.39768754202076645,9.44653894031311,1.7087139347644755,2.0998849586110695,0.002768294692550009,0.3047164869888708,-2.103848257007324,-0.3586624822336419
2024-08-30,-2.732086257848775,-1.3383849566816584,0.016070524408154114,0.04263976575323988,-0.10877202986551532,-0.8895207087335014,0.05219668607178286,-0.34029159185000935,0.006467331048162314,0.33609228995126483,0.15666358239633063,0.379276321896746,0.4946998485309634,-0.0660389951369043,-0.061799266629431374,0.057552226757079196,-0.8053685307737471,0.0637167504707773,-0.1179722968488299,-0.21622733650889997,1.7517937388933553,-0.0955491233603044,-0.0091895274480405,-0.3424503894166239,0.4547347653251923,0.05351531475786212,0.029726581670267524,3.8320781860911053,0.9786122518193083,4.912080738762758,-0.005737083475597117,-0.0137100516747517,2.3523031192693424,0.23980361966096647,1.2688883635830095,0.31441136251195695,1.7321629522779118,0.07229993118276228,2.3009234210547755,-1.9948996282391698
2024-09-06,1.3623071776943543,-0.4388377871581868,0.8799173221881645,0.042245216292295225,0.03549952924235276,0.3183146955892797,-0.002680094910778995,5.144031540652865,1.2702714172486607,-1.6244514693169416,-1.6749770362050669,1.8969379477274806,0.18742433133788255,-0.3195929982660818,-0.042829383941323754,0.031617578797072304,1.1689623380584748,0.2303412023494492,-0.14995901341041995,-0.3801365276136603,3.2245786954392046,-0.5031350096379682,-0.05086956095869781,-1.442815943245184,1.7321517060073184,0.5590700206850565,0.17566290458248776,1.7765927769840104,1.6018559423221093,2.3499056439279604,-0.22626108820056967,-0.004974137882921854,0.40651892857911776,0.3588690925701761,0.2668527746252936,-0.6949765695778234,0.017236817201070273,0.10541708941079636,1.586663727121669,-2.876327097512294
2024-09-13,-0.4172674057515682,0.44108661454996034,0.011803873603144742,0.10869443651303998,0.11944198718329652,1.2105532472494545,0.11248735417218186,0.010389393058232471,-10.42066559531359,0.1806232664101017,-2.069573573954913,-0.15274881481686575,4.74040899945884,0.967618785913733,0.8379751968082555,0.7839962135386275,-1.7365370481611102,0.00283038680927189,-0.8966227207019575,-0.3000007731407716,-1.8034431968241884,-5.272272096647373,-0.015211554922360919,-3.483270185877847,0.2666694132394936,-0.5921504924734311,-1.052291222010295,-0.10732089258458469,0.03262306817395012,-1.8784427283234384,0.00288914199576093,-0.004465132215915747,1.202657412479216,0.18829138719730953,0.2535838425076873,-0.2917395574701074,0.054435252286000435,-0.8057220547112597,1.3025857610812597,5.853964750026376
2024-09-20,-0.026229849153967044,-0.009823190230962911,0.42402854824495667,-0.039970275173437556,1.5868474222616542,2.947240656588328,1.6283812078620328,-4.179367942933334,0.8909754966549849,-0.5032535808814711,-0.3046507325036962,0.17040913493890675,-0.21653040162877496,-0.8541608142412661,2.908616870773465,0.2983011818154411,-4.753667542284006,0.30486332547891515,-0.08077583523945438,0.0763579540075542,-0.8294127775679042,-1.3502521850297162,-0.022529808645694545,0.09683831046639635,-0.27516468477630707,-0.05724698399167917,-0.1289070905584863,0.44544186721119555,-0.5725765184884128,-2.6186472768275397,-0.33970572811477867,0.00542114914554973,-1.8882481896266075,7.434773405328724,0.6699407073368719,-2.3299929706850206,0.03010360686752861,-0.480848076670485,-0.3754102209203039,2.380791980736511
2024-09-27,-1.7845062839912764,0.015152078292025126,7.1487593419687645,0.3040315532441662,-1.665780239936577,1.5539520688552668,0.4767059204944956,3.926250618473187,0.6046185107576971,0.19845021257547038,-0.17804653157212108,-0.6392822355488921,-1.0678701204438104,0.07531352940183739,0.2196061785869962,-0.356441748878615,-1.2658440396707489,-0.18902628002148675,-0.21613516641394873,0.27429562678339575,3.643493549376089,-3.894042187715339,0.07192368013752783,-5.974098998342468,-1.067659585037941,0.1323056893356913,-4.420587488853101,-1.1309123156118173,-1.1157996524541929,-0.8729935702685054,0.018182461326903137,0.018319156646302542,0.014223692792747928,1.7114451729524571,0.8930741180628312,0.23047840293957209,0.07793709148024962,-0.24084504919221994,0.6986669389745345,-0.31282259674671486
2024-09-30,1.1206793555302996,-0.03460731545090809,-0.1578203225771166,0.14305534960365318,-4.937377086221722,0.6597388532058467,0.4115473276510878,-2.611684849532516,1.139653068268137,-0.9286706645783226,-0.025091326174416784,3.223165104049958,-0.06029780029103423,-0.19507481189391915,-0.012374794963062664,0.22289943950289418,-0.6732187560345189,1.5007864470720282,-0.4826029222829592,0.4490259162337529,0.43949287108423774,-1.1929721828627895,0.024579778747115193,-0.5156647301377233,0.42226256621749475,0.37484873524276713,-0.10021450666673615,0.3870147378917127,-0.7627978717126548,-0.8567096278876696,0.09329154483014111,-0.1381368769662787,4.038788488580045,-0.8316496538185625,0.1935443465303171,3.4090171044894,-0.07881458253844144,0.20608053813421856,-1.53786487720757,-1.0463817512752562
2024-10-11,-0.15104338939123207,-0.17855781797375764,18.062487280872556,7.748085832874196,0.2902391320663238,0.9023811660141091,1.9148858708338254,0.14109946169584275,1.0947807770525104,2.8873237174591604,-1.2235081509482635,-1.5952627102395167,-0.042341377454811244,-0.26340263099320266,0.21584113680027392,0.5980434777491945,0.015804921402644938,0.8634531450309474,-0.10912429353479425,0.6297796841215242,-0.9746667677832358,0.4748122617104422,-0.5429861785271134,-1.5176365993443308,0.9307516576867825,0.026083797890565318,0.014218421508731205,0.19889268518231243,0.18785047101147315,1.5883055866587863,-0.028483943802938984,0.007383305540091777,1.5347519007426287,-20.252621559126496,0.3018248566712698,0.130719767254209,0.00856951305576548,0.06465280941558463,0.30419513142202675,1.1510135953074054
2024-10-18,0.7569941086797064,-0.03877791404655384,-0.13923017975741475,0.45153050999672784,0.9043207919888376,1.788229391236517,0.24865760830708267,2.1378764757944717,-15.586199127660976,-0.6560950801473735,-0.22592817145415356,-0.6757480800793804,-0.29328284504754554,-0.29593983339245533,-0.4919673642003214,0.04547191583096137,-0.6650861380553348,-0.499182356057281,-0.10184691027969514,3.75937615790873,-1.8144386436384503,-0.14334602686293618,-0.16255580776895234,0.7357328969963886,0.3048248293175089,-0.002860772447594341,0.46271104595929663,-1.6599707124225984,-1.2948649256143985,-1.4302203775499418,0.04834365780315671,0.00012816554476203216,-0.05688939978091272,4.6455429890004725,0.5500137161189647,-1.83063402379301,0.12036908184142603,0.25624497825344134,0.4642608792017782,-0.9193934549488413
2024-10-25,0.058663244664957356,-0.24942650190953586,0.032084665906858434,0.15985609523391214,-0.5862759182174279,-6.346484007865654,-0.4849619360455296,-1.031191677324701,-1.494361008979197,-0.4331745443030579,-0.9911515359964658,3.9685462525989808,-1.103442308314925,0.07831234363732925,1.8296868491068095,0.10560829972200346,0.39055465173494736,-2.603792841126771,0.1252741277182203,-3.07588710768479,1.1410892395873058,-1.6728481932966643,0.0023102993929553944,0.4543318866609248,0.533648275228843,0.03263340354708585,-0.13889377218363874,-1.2409784357951903,-6.93404371280635,0.1016891163519158,-0.7056850380981095,0.02583982538936619,3.8154613379263296,1.6271377218803356,0.501665211173955,0.9028078270656031,0.12970494714438258,-0.47025969954665997,0.11969109163943586,-2.260564909205923
2024-11-01,1.045643565546071,-0.19216251563083897,-2.70421234216561,-0.05410964008005407,0.6003151582426184,0.6232751789686514,2.958771423675751,0.17861505795032995,8.945230183353225,-1.372781141068642,0.4980515480183525,1.2088315566995969,-0.0723580466618634,2.286042962208496,4.398181950942282,0.29345382373402296,-1.651139775031689,0.03970956893795349,-0.4839829375727749,-0.4405716952479656,0.3435380696870221,-0.05397345757538252,-0.006961397413891179,0.8794315493413555,0.9722909955985657,0.4400125772381184,0.03607184310400967,-1.65568454671417,-0.9351323311416639,0.5298331929939211,-0.22092777252128223,0.016126608473375294,-2.2669583976411607,1.4325644289309456,0.5501291715630058,0.5674182195439306,0.548904448203752,0.9529539793098661,2.756061773588685,-1.3215718425539174
2024-11-08,0.4493764632931687,-0.09898454706874114,-0.4560661769230098,0.44054724651007476,-0.17773954557031868,3.1144014685473294,-1.4922458201944806,0.2808044167465296,-2.673655077274547,-1.3928255578631386,1.8593801050087748,0.7719161721770776,0.400873783757467,-0.09582987709019153,0.47102915142747914,0.06920310894940886,0.29071334391078596,-1.8761920732674484,0.11215976508357284,-0.6785467995045473,-0.8502619604528028,0.6259033961502333,0.014522332998151356,1.473458563913053,-0.056233667544168635,-0.07854540442516621,-0.08079282552577616,-0.7417697566712783,-0.633231623501289,0.8114858944818477,-0.011439999402906574,0.10983963640781756,3.3419266525375617,2.3470243425880484,0.5454228771125975,-0.7082362648232217,-0.26804529384190523,0.9501926704475769,-0.4226541512437899,-0.723414871162204
2024-11-15,0.7743489478388137,0.3034202046931327,-0.31818833129355173,-0.004082791085922577,-0.07950220187665642,1.0838199429162432,-3.1664318307629054,3.039556331012209,-0.7565283618147736,0.6065756936704041,-0.2553397390062184,-0.66507844489196,0.07345087020627855,0.09228892098564209,-0.6143070254283675,0.029320042359271593,-2.0958314827082676,0.024110914779099053,-0.13628094100399712,-0.11774944887581491,-0.587057011360219,0.32603899084312166,-0.0006147274666184065,0.8656865901215604,0.1069818912077782,1.4588724351452547,-0.045147722733293025,3.1615704459860345,-0.08389061662152764,0.09074572933807637,-0.0021807610235001374,0.0003272203608283493,6.910593914502856,-4.9717702204758405,0.4112685810695889,0.2234032277344092,0.12091117018010017,-1.0617613299024562,-2.1957234597174464,3.3779985343567116
2024-11-22,-7.719185070716857,-1.2674257331970946,-0.029614665006842178,0.5373034345687708,0.12991943750062496,1.7098157711473636,0.013493714180300556,-2.755554473887886,0.6420775615940688,-0.3920285853166892,-1.0354615748843032,-0.4004862653798804,0.0817062037291893,-0.06824404355309684,-0.21854945292644185,-0.15090011381910418,-8.27044682396942,0.4993227196671952,-0.07817866843358459,-0.16697334820988818,-0.7892512663147508,-1.1575168700718714,-0.12841751675864244,2.1017506866770654,0.8161744870910036,0.13516599645288788,0.45445613669150947,-1.9967755118393233,0.6321352269232923,1.1939400624642997,-0.04424994897869686,0.19448631441145547,-8.252414910151685,-4.659483929805965,-0.23313629713067435,0.05356946896257634,0.28851104750391154,0.7640277100281273,0.2830939603146472,-3.078432366177463
2024-11-29,-2.224517920438166,-0.3178872557116318,0.17132385668947123,-0.14939589739371203,1.4305713892511096,4.432034982696059,-0.06205545952558322,2.5998067712010227,2.3182603375780797,-1.166686804448083,0.9940585143192252,-0.6081542656574861,0.028578715607504038,1.2041509007371352,-0.007425380026425385,0.01686166483700284,-0.07667879632986624,-1.899948486104043,-0.4006030405146651,0.2729905166150887,0.4569745867913083,-0.06450605418447476,-0.01931094029099601,-1.8275352089445127,4.224917244142148,3.096845389253138,0.05107104985537525,4.685153706708398,2.8620824735105934,2.044619408323969,0.9178641426766586,-0.02645543451537439,-1.5792576841081367,0.2900491341197022,0.062176802535060784,0.05974757376438466,0.012283476773776733,3.335881380202529,1.9505225929178742,5.230061112700145
2024-12-06,-2.0448014436179247,-0.004208625091964661,0.8211215297381773,0.3109712081885672,-3.9718770582678853,0.3814878899743455,-0.9394340767308158,-2.8968509299632235,2.3822504446765933,-1.5233776382748936,0.6298174926881712,-1.4857467899451653,-0.02955212086542996,-0.24829406533235543,-0.1048202752497895,0.038476012477251076,-0.04072319599061219,0.9979594585003471,-0.1465532689291348,0.11547975346899693,0.9127624171839948,0.09779016919871063,0.052510829031165336,0.14479049788797768,-1.1368506003864742,1.9187326176307251,3.2724511114545054,4.314134242214186,-3.243451536271494,-1.709818939682027,-0.047946526052994966,0.02066217893636357,1.8751037846109342,1.9968476518023301,0.13310492533043913,0.23980813071635504,0.6921180993209632,1.0863016409316226,-1.111788745479038,-0.32689853796424
2024-12-13,2.2804061945350274,0.001349926209903817,0.01863670722987633,-0.1352003405390788,-0.5468699505788497,1.3151382951562447,-0.8138923014605091,1.5173204299712018,2.4342292742085827,6.353177518987914,1.0046856669690822,-0.6394063877503552,-0.011104780447757038,-0.0028969850027734615,0.26441486091554234,1.7435255319260143,-1.8333025500891704,0.5440150916113171,3.273187374105975,0.5552582697099723,1.6745694701811387,-2.1871844501782283,-9.715743432184038e-05,-9.246325126556812,0.1334282346105121,0.056883043121495495,0.245740277940594,0.2608022681941885,-6.690363595844178,-2.2201009319161074,0.033107670211338376,0.15697337550230459,3.058293457703917,4.183683119013354,1.192683883018154,-0.2697258612522235,0.14717604084186045,-0.49829758729847395,3.88572942746956,4.565955809479566
2024-12-20,-0.34943878710819526,-1.3692344675228258,0.49141411189895023,0.02754011351988407,-0.6381441716328164,-0.07122084683103856,-0.02414250926122577,1.2813799531724868,1.571059152268889,1.4410585006177636,1.0322580843834739,0.3442175916232753,0.055072584551171345,0.07694807040212626,-0.2729171881568076,0.16596386220772305,0.4138464807811327,3.272627951117651,-0.1459853838781199,-0.8539926560322612,-0.2658651884786498,0.9805915337808392,0.04240358729641745,0.34596809527862726,-0.06238089016679327,0.33523393007928126,-1.1910183675050816,1.1810785349762634,0.03976507690671671,0.9057546252131243,-0.08417232254245467,-0.01678178528427961,12.782350772824083,2.331663261441824,1.1788036785112896,-0.9326099877749968,0.08278001297492836,4.027421786463321,-4.026602855854616,8.128173583487113
2024-12-27,-1.5719560479454915,0.7769333502699107,-0.0020757402882182474,-0.5115152996602921,0.2905601009400796,-0.013304657647044943,-0.08740669642963983,-0.13068971663135787,9.916355744253366,3.1128698084043336,-0.3186477494120946,1.3454070264540898,0.9348777576912264,0.16605271603476837,3.081863272966584,0.07426059859005303,0.10659425725300503,-1.905036370756167,0.014767293072963341,-0.8897151730934904,-1.3549609127430904,-0.8440982105228286,0.048883419605514004,-13.225083420303935,0.6845067550067074,0.00880366407776173,0.4477444275883705,-0.12134527260754892,10.755670134122335,-0.4632113423196913,0.6027617022856463,0.01669520598979447,0.4828453782700758,7.741632331782275,0.48009177047141915,-0.7612690048744036,0.045277295482491445,2.512840176663304,-1.6984941663181408,-0.29603408528950814
