TradingDay,TMT,一带一路,中药,交通运输,传媒,光伏,养殖,农业综合,医疗,医药,医药医疗,半导体,国企改革,国央企综合,国防军工,基建,基础化工,央企创新,家用电器,房地产,新能源汽车,新能源综合,旅游,有色,机械设备,汽车,游戏,生物科技,电力,电子,石油石化,种植,绿色/ESG,计算机,通信,金融综合,钢铁煤炭,银行,非银,食品饮料
2015-11-27,-0.7481309562340517,,,,,,,,,0.5062019125581383,-0.3848561753807839,,,-1.5516808890440745,,,,,,,,,,,,,,,,,,,0.36329626001763815,,,-0.48763193025052115,,,-0.1865649371047565,-4.007911226575752
2015-12-04,0.9832802179135508,,,,,,,,,0.032197849475648174,0.9767949069367088,,,0.13741284682127003,,,,,,,,,,,,,,,,,,,0.3601923413152158,,,-0.3242175991542632,,,0.22481585752182423,1.7211947159467087
2015-12-11,-0.5716305780129913,,,,,,,,,0.0017590496705367886,0.06884924362886657,,,-0.04038480536721142,,,,,,,,,,,,,,,,,,,0.013147463877066147,,,3.386226492078323,,,0.19299610458814714,2.5157089234528556
2015-12-18,-0.256070153246608,,,,,,,,,-0.0005883941752661243,-1.1178265047433074,,,-0.16046036539971312,,,,,,,,,,,,,,,,,,,0.0718721524117151,,,0.05361331615333804,,,0.0037633345260362884,-0.49360397399292255
2015-12-25,1.4156083572023437,,,,,,,,,-0.16332400683491344,-0.013737376080305418,,,0.11130193578491296,,,,,,,,,,,,,,,,,,,2.803831717216717,,,-0.49563770753223213,,,-1.4030418669814504,-0.08050202877751451
2015-12-31,0.12292053227558572,,,,,,,,,-0.0008329348551368081,0.8532410133647924,,,0.10078499727415198,,,,,,,,,,,,,,,,-0.14320287426724604,,,-0.21216988980793283,,,-1.33143038691263,,,0.33700343260741783,-2.2540090337945253
2016-01-08,-0.13100889742501454,,,,,,,,,-0.012108388432761928,0.011147465383682798,,,0.13379878310646398,,,,,,,,,,,,,,,,0.013935036973874566,,,-0.011792691109698635,,,1.0565846098130027,,,0.26232635589902425,-0.02839993105446355
2016-01-15,-0.1485866900629951,,,,,,,,,-0.2477327034411819,0.8730774943395258,,,2.4992610170759586,,,,,,,,,,,,,,,,0.1289097673735585,,,-0.7734151941459197,,,-0.04072008096150788,,,-1.69358238230941,-1.136253571287975
2016-01-22,-0.01447911851325451,,,,,,,,,-0.032253001604279574,-0.05851426770608692,,,0.3768954238637901,,,,,,,,,,,,,,,,-0.04749931639217018,,,0.04987696308743887,,,0.045330843876869455,,,0.06054323784099392,-0.21387320882127253
2016-01-29,1.4438328804991134,,,,,,,,,-0.007725247758704884,1.261588927626225,,,0.03563520645178267,,,,,,,,,,,,,,,,0.26652783451219975,,,0.3627754782393621,,,-0.12305007846030971,,,0.004313918781429105,-2.5156594545343616
2016-02-05,0.4450530621834561,,,,,,,,,-0.0007552868016136961,-1.1693686443817803,,,-0.05828969912896226,,,,,,,,,,,,,,,,0.00627322057096,,,-0.47073089300882104,,,-0.09963201056652028,,,0.245600262459782,-0.6746633238390556
2016-02-19,0.028066129039620816,,,,,,,,,-0.046726074335730845,-0.05372194623582509,,,0.004424819012436115,,,,,,,,,,,,,,,,0.48078472859647076,,,0.47511563131213763,,,0.021218387974412597,,,0.016583739942006674,-0.38466177080943287
2016-02-26,-0.012981031512551117,,,,,,,,,0.10280986890139707,1.1322377353498385,,,-2.6877769812985104,,,,,,,,,,,,,,,,0.07893776013768979,,,0.0011470623647298114,,,-0.11346994146092748,,,0.001511952835691248,-0.06128606663915265
2016-03-04,-0.22406334259569557,,,,,,,,,-0.000351878571900137,-1.3668440741303391,,,-0.06868165772088314,,,,,,,,,,,,,,,,0.006211481817423176,,,0.31403091350124934,,,-0.5258429270325798,,,0.01369681650208276,-2.802879587460847
2016-03-11,0.24674714284064103,,,,,,,,,-0.00027563338948502047,0.39587639117080725,,,-0.16255739744984787,,,,,,,,,,,,,,,,-0.11623316411031423,,,0.6085602239402006,,,-1.3579498711541071,,,0.020754015403839726,17.567726584783664
2016-03-18,-0.39772904237848244,,,,,,,,,-0.00039843973807531115,-0.9241792586823764,,,-0.6320659203765012,,,,,,,,,,,,,,,,-0.0435952170885882,,,-1.9210725339953407,,,0.8070661777558988,,,-0.007328828297361284,-0.07777716509629379
2016-03-25,0.3872263480496543,,,,,,,,,-0.20823064385509416,1.573880940700071,,,0.016297431561329685,,,,,,,,,,,,,,,,-0.05005665605673569,,,0.008190174667694151,,,0.11286556331236747,,,-0.02638788503416501,-2.0213706389245574
2016-04-01,-0.6944880804305167,,,,,,,,,-0.015734224844270676,-0.8221711926970379,,,0.10630009674440964,,,,,,,,,,,,,,,,1.2695480362550984,,,0.278649595308778,,,1.4737731397931688,,,0.08143875834487707,-0.23282453131659125
2016-04-08,-0.3510897290758647,,,,,,,,,0.13381607262339074,0.18145860877164027,,,0.8466827734692436,,,,,,,,,,,,,,,,-0.0019955153165722578,,,0.32603139336155856,,,-0.06360345997515111,,,0.006066891338764602,-0.2532936928641314
2016-04-15,-0.7710231952414195,,,,,,,,,-0.00018798994557957122,0.32000494815451064,,,0.16925810574319672,,,,,,,,,,,,,,,,-0.0017433318907019804,,,0.036204701974067464,,,-0.2368832708374652,,,0.006369914832575273,0.0714266517099886
2016-04-22,-0.01705543899903085,,,,,,,,,-0.016418774510661392,0.07977967685037413,,,-0.17086801880118518,,,,,,,,,,,,,,,,-0.13290588335251718,,,0.037700670161737844,,,-0.4948035692907037,,,-0.009401727513238419,0.1018569987496715
2016-04-29,-0.025830022997472717,,,,,,,,,-0.007301885651345698,0.7988631478493354,,,1.0648975825165286,,,,,,,,,,,,,,,,-0.4859348621434731,,,0.47917759238728147,,,-1.6023240786967587,,,-0.01736004486263601,0.05746246033362258
2016-05-06,0.03931133554439423,,,,,,,,,-0.10572198718006004,0.30328852296654113,,,0.03956935704355171,,,,,,,,,,,,,,,,0.010185156829247841,,,1.1577629221665893,,,-0.2000155482570235,,,0.011124908351621585,-0.01630962651873123
2016-05-13,0.012489683278199246,,,,,,,,,0.008847816179583459,0.21567991204920584,,,-0.01886625657468504,,,,,,,,,,,,,,,,-0.42592459242769565,,,0.4248310873596351,,,-0.1589859150638165,,,0.04921021839003201,-0.07694434809827695
2016-05-20,-0.038237630267972486,,,,,,,,,0.058849858644879204,-0.7361913427859827,,,0.2620555039523366,,,,,,,,,,,,,,,,-0.2607766622043686,,,-0.007276352287842342,,,-0.2891172654221195,,,-0.002818708919832805,-0.4016306433043111
2016-05-27,1.2986183304867471,,,,,,,,,-0.18202053397530155,0.7754117937936769,,,-0.02453290849160792,,,,,,,,,,,,,,,,-0.011674474343964441,,,0.03815755944240914,,,-0.28653504138778246,,,0.0040045383675761026,-0.041086176541251546
2016-06-03,-1.3662541337567222,,,,,,,,,0.012039251405559163,0.23387666993154949,,,0.011217457244482892,,,,,,,,,,,,,,,,-0.025340217740912586,,,0.41972766518940874,,,0.07989025031788233,,,0.0026271166649763406,-0.13398026830130388
2016-06-08,-0.07420536019415341,,,,,,,,,-0.0006952016247046515,3.296900920524322,,,0.5330846454563697,,,,,,,,,,,,,,,,0.045487898053157,,,0.5929959060186483,,,-1.2209331472139993,,,-0.01789972180158684,-0.10234974911813718
2016-06-17,-0.22753212262362776,,,,,,,,,-0.07690007238090844,0.4615918661914813,,,-0.0025111911299937825,,,,,,,,,,,,,,,,-1.3733007335497505,,,-0.10032646452057155,,,0.06671331192924825,,,0.3780141211715139,-0.20333885371646337
2016-06-24,-0.3753711272394087,,,,,,,,,0.009180453771083716,1.6546149263551748,,,-0.044940497809862145,,,,,,,,,,,,,,,,-0.7819884968057187,,,-0.7779986243641192,,,0.6015735597267547,,,0.0019258928768177905,-0.9459930953958318
2016-07-01,0.2512063698445503,,,,,,,,,-0.0006093487480773372,-0.24862524464566746,,,0.01654321344544896,,,,,,,,,,,,,,,,-0.03138096029487886,,,-0.05848839220634013,,,1.0175937419282077,,,0.3055985451511551,-0.0378990185167702
2016-07-08,-0.25066661904734633,,,,,,,,,0.08997196167281368,0.17322273932300747,,,-2.313575490404524,,,,,,,,,,,,,,,,-0.03840191946395937,,,0.003474952869109236,,,-0.3001265916947862,,,0.0035745217375054944,-0.01107928256612865
2016-07-15,-0.15341050871934828,,,,,,,,,-0.027496274275153547,-0.1132359849050275,,,0.020317099600703204,,,,,,,,,,,,,,,,-0.030412552450489773,,,0.09542456093568552,,,2.3734644990566576,,,0.02861781879370072,-0.6415506421147984
2016-07-22,-0.3213626221176174,,,,,,,,,-0.0004183136407524543,0.6125114345918119,,,-0.8927896176017212,,,,,,,,,,,,,,,,-0.03472834200698229,,,1.014820195779892,,,-1.036605325756888,,,0.04261004771616447,-0.12309806908132473
2016-07-29,2.1927911091132395,,,,,,,,,-0.17796431555241238,0.036138764667503924,,,-0.02551077354608967,,,,,,,,,,,,,,,,-0.008947107736548056,,,0.12349059464007164,,,1.9864379886108443,,,-0.0036907084856259223,-0.3058035925227387
2016-08-05,-0.051233576145075566,,,,,,,,,0.23922696388189374,0.8383294455653837,,,0.06779296505796814,,,,,,,,,,,,,,,,-0.09560777578901244,,,0.06269034414224793,,,0.2548103502543422,,,0.01373482786298688,-0.16325104466848303
2016-08-12,-0.019779019394445985,,,,,,,,,-0.00021946163523337277,0.2739909461383141,,,-1.7701254197875667,,,,,,,,,,,,,,,,4.485615465417855,,,0.04726582336142425,,,1.2078227258663863,,,0.005461953574299607,0.007483781369306233
2016-08-19,1.7033252986494591,,,,,,,,,-0.008645085502102138,0.17088028642670633,,,0.4337916342977695,,,,,,,,,,,,,,,,-0.7328172708364693,,,0.1289806404820542,,,0.2795717947099146,,,0.9083374219484817,-0.004332973526381131
2016-08-26,-0.007923129439952194,,,,,,,,,-0.0005815173481398854,0.04354220194921248,,,0.3912811600844078,,,,,,,,,,,,,,,,0.004170947137064646,,,-0.5684693600290639,,,0.5547519800390552,,,0.018805266579998637,-0.5565738643345914
2016-09-02,-0.03893080848410253,,,,,,,,,0.3760331622646951,0.44353164638766623,,,0.06265142296489265,,,,,,,,,,,,,,,,-0.509679052302946,,,-0.4312534317156711,,,-0.05242223590881187,,,0.36889668759348554,-1.8853844864033213
2016-09-09,0.31006402671127276,,,,,,,,,-0.0003860486630477499,0.8486785934267245,,,0.06691416928657908,,,,,,,,,,,,,,,,0.04758800203234085,,,0.388449865233629,,,0.48584753705158873,,,0.0033705650458510524,-0.6059243180746805
2016-09-14,0.057383326930559045,,,,,,,,,0.04217179618378086,1.9320794837416009,,,1.4371695478139852,,,,,,,,,,,,,,,,-0.2434403878633636,,,0.18537805960262144,,,-0.556396655289036,,,0.026742129150107336,-0.1818934717640259
2016-09-23,0.05647575348462091,,,,,,,,,-0.002822459847088397,0.4639891305690444,,,0.41267644426637645,,,,,,,,,,,,,,,,-0.23028683789402676,,,0.06048690350523121,,,0.638392670414402,,,0.19106914615893555,-0.11621140060508742
2016-09-30,3.2527222012272694,,,,,,,,,0.4355562969232152,-2.61450030208627,,,-0.006123319915545423,,,,,,,,,,,,,,,,0.021209126080112786,,,0.14392622571558644,,,-2.368441117530379,,,0.02676790167840887,-1.4212961421003159
2016-10-14,-0.343687232645922,,,,,,,,,0.015219125910436185,0.1791343942168868,,,0.08728530083370825,,,,,,,,,,,,,,,,-0.09480584897392141,,,-0.004882006400425319,,,-0.5350549842163425,,,-0.46720995678026345,-13.850410313483671
2016-10-21,0.10980325145092083,,,,,,,,,-1.0724184727465482,1.6939397141909966,,,-2.0039154612551564,,,,,,,,,,,,,,,,4.607141860700654,,,1.2663061902625454,,,0.6135533490315745,,,0.011578655795334519,-0.25710424228213735
2016-10-28,0.04520066180326343,,,,,,,,,0.012100372576024705,-0.7190032257311924,,,1.5534670695456998,,,,,,,,,,,,,,,,-0.07758858393480136,,,-1.1719535384424344,,,-1.4932927622773655,,,-3.955246188277419,-0.05362639148298319
2016-11-04,0.034526451978848176,,,,,,,,,-0.009382626026436828,0.37471535537572975,,,0.31006544482065546,,,,,,,,,,,,,,,,-0.22087955594997244,,,0.2508495154753509,,,-0.778766980573255,,,0.012110017811010199,-0.06625754167119037
2016-11-11,-0.1800024330950214,,,,,,,,,-0.00970087658767077,0.8371143697527208,,,0.10810332432545984,,,,,,,,,,,,,,,,0.7872483588532638,,,-0.8561440563196635,,,-1.1657768670825015,,,0.7319527079431218,-0.1036930718963264
2016-11-18,0.9384481146730178,,,,,,,,,-0.0005592783582787132,0.7136204176318947,,,0.03205384663212593,,,,,,,,,,,,,,,,-2.2779748532299195,,,-0.23978941659435454,,,0.11084098227583314,,,0.10942730264856254,-0.056686383084337516
2016-11-25,0.0058947888758515195,,,,,,,,,-0.000460362588291199,-2.236647101367816,,,0.11441739596448355,,,,,,,,,,,,,,,,0.03240465051056036,,,0.18916949944455277,,,7.596975415421343,,,0.7577489842746794,-1.1315595333960378
2016-12-02,0.44129348865173773,,,,,,,,,-0.22022164436649594,0.29702468664238424,,,0.0068504105844911425,,,,,,,,,,,,,,,,0.010308328003906462,,,0.12447464106186612,,,-1.412661241312641,,,0.07784795135697853,-2.05820422673774
2016-12-09,1.7695657840254406,,,,,,,,,0.323113381701125,0.193650549380478,,,0.015668739480295894,,,,,,,,,,,,,,,,-0.2654084849836469,,,0.018833379947565426,,,-0.7377231962853258,,,0.06901954419991478,-0.16153681977740866
2016-12-16,-2.5021005444118454,,,,,,,,,-0.0014960962178357433,0.16736462746102196,,,0.05182550837049428,,,,,,,,,,,,,,,,0.07312526551447032,,,-0.027219451909762285,,,-0.08282574163528979,,,-0.007005301747598466,-2.6402283843036134
2016-12-23,1.1815960342408536,,,,,,,,,0.007088642373429011,0.8335970497709277,,,-0.1221828403550565,,,,,,,,,,,,,,,,-0.05156657777009824,,,0.007975449299097877,,,0.690020180963167,,,0.022967745273181572,-0.5009187756159783
2016-12-31,0.09839014656695291,,,,,,,,,0.0055025251092424,0.021087392571882854,,,0.007690903843584923,,,,,,,,,,,,,,,,0.24032820898573964,,,2.2359058684498674,,,-0.06785266025658405,,,0.005715106501817988,-5.0029929655948
2017-01-06,1.2921893464985033,,,,,,,,,-0.0006444832745034511,0.08230970022128375,,,0.4344383720200995,,,,,,,,,,,,,,,,1.7927613875553758,,,-3.717113240630335,,,4.90822268787466,,,0.11577150188925545,-1.5384912024104267
2017-01-13,-0.03840204260754801,,,,,,,,,-0.061218266852356165,-0.11393282427304102,,,-0.027078505744391357,,,,,,,,,,,,,,,,-0.005667586698121011,,,0.03934293423180769,,,-0.06621079470744476,,,-0.07703447278817502,1.3741944140114468
2017-01-20,1.000483402977677,,,,,,,,,-0.007180569118183329,-0.014288226513807834,,,3.7872869938913416,,,,,,,,,,,,,,,,-0.44113247939597244,,,0.10130156927727142,,,-0.19439962410208267,,,0.025390577871287647,1.6925064413978335
2017-01-26,2.098391075226341,,,,,,,,,-0.20515549089492952,-0.9728478627315166,,,-0.175311279955493,,,,,,,,,,,,,,,,-0.2348371481378393,,,-0.06020078205737066,,,-0.2580856018115583,,,0.001886913131139962,0.44103167165044665
2017-02-03,-0.03207951546728495,,,,,,,,,-0.0005237169649099262,0.058405338706800605,,,0.01858515243482184,,,,,,,,,,,,,,,,0.3159007333171019,,,1.9261322396802043,,,-1.5474652831093418,,,-0.008075573691300995,0.08632072204118227
2017-02-10,0.6692665466353569,,,,,,,,,-0.0015628991151176311,0.17304349571762134,,,0.01399086730616846,,,,,,,,,,,,,,,,-1.0762266398336382,,,0.09239255729972648,,,2.0306220014074805,,,0.5152465378008115,-0.13736085107296792
2017-02-17,0.6786461433932773,,,,,,,,,-0.028857187815319978,1.6727859880395242,,,-0.007419501573325237,,,,,,,,,,,,,,,,-0.018135633961826554,,,0.06817841340283189,,,0.15568883716853896,,,-0.037470502614156964,0.10465112441798176
2017-02-24,0.05953346314359313,,,,,,,,,-0.2657443038639535,-0.2712817535534913,,,1.1261595315366957,,,,,,,,,,,,,,,,-0.015123571790281176,,,0.03262842232168188,,,-0.2665989272804863,,,0.003900240587262481,0.013066496456837544
2017-03-03,0.16318849699387056,,,,,,,,,-0.6756045553693865,-0.2783354670800659,,,1.6046348041393683,,,,,,,,,,,,,,,,-0.08796409831110434,,,0.025569977189659,,,1.0946751953901226,,,0.004096518666818022,0.30064929502610827
2017-03-10,-0.07438610750851984,,,,,,,,,0.03495155997027527,-0.24887288699269206,,,0.737559503622101,,,,,,,,,,,,,,,,0.25816378463515205,,,-0.2942814426699455,,,2.879335256223356,,,0.40753433097048297,0.48721611003520415
2017-03-17,0.06485232217135589,,,,,,,,,0.008451151626474331,0.13978966267321702,,,-0.1314017917273878,,,,,,,,,,,,,,,,-0.054960504033917515,,,-0.0058493318307996965,,,1.0224070036615067,,,0.004047193071802551,0.17851311914815757
2017-03-24,0.977836442112728,,,,,,,,,-0.0010232491931191628,-1.2239458824286316,,,0.05026001989676867,,,,,,,,,,,,,,,,0.2651149500908989,,,1.2865315831298656,,,5.200441627190186,,,0.008092119818949878,0.27032347807508694
2017-03-31,0.15660607322611161,,,,,,,,,-0.042010583652491676,0.16600918961733746,,,0.28659109341757344,,,,,,,,,,,,,,,,-0.20267088887427262,,,0.7420635123675331,,,-0.609281205584287,,,0.16077621136935194,-0.059000220267499966
2017-04-07,0.05758136169543815,,,,,,,,,-0.0009509373239608474,1.5237053178363273,,,0.07242895170296931,,,,,,,,,,,,,,,,0.0077153197360104175,,,-0.6218708448838897,,,-1.9062689150883658,,,0.1640491830829643,0.004060063370463679
2017-04-14,-0.0702459019992249,,,,,,,,,-0.0002915209356586433,0.14004099341468537,,,0.0068612364913962125,,,,,,,,,,,,,,,,-0.44228879073048233,,,1.0416484403013118,,,4.153419839413715,,,-0.11896712365599697,0.18037909386620518
2017-04-21,0.4942781783578284,,,,,,,,,0.009123851944638234,0.5442854352843485,,,0.014801424616494314,,,,,,,,,,,,,,,,-0.016442455277266343,,,0.22223406982049443,,,-0.023077344532052853,,,0.472500492587663,0.12918323090186487
2017-04-28,0.22967227743472868,,,,,,,,,-0.01775429097848122,-1.6960495628030245,,,-0.7216432768136756,,,,,,,,,,,,,,,,-0.02050000776966629,,,0.1855747006883827,,,1.8176492503026114,,,-0.29065898467303436,0.03922862543092859
2017-05-05,-0.18323569309756493,,,,,,,,,-0.00047815907551433694,-0.35472892565216674,,,0.21394803353284053,,,,,,,,,,,,,,,,-0.03670181722632719,,,0.18378976378208328,,,-20.0102611109172,,,0.06804771630414558,0.005355123323624776
2017-05-12,0.09471352969577788,,,,,,,,,-0.5815277648245285,0.028426823795172453,,,-0.039417437472268516,,,,,,,,,,,,,,,,-0.41269561218045303,,,0.23381397886557245,,,0.6952245108668355,,,0.019765399587521843,0.15613085254242276
2017-05-19,-0.10709720804140731,,,,,,,,,0.07048405524867993,0.46483344952639655,,,0.16180202792128084,,,,,,,,,,,,,,,,-0.01942369007863915,,,0.006018608974278048,,,0.07332905125663562,,,0.0018441207553711123,0.02255726149083548
2017-05-26,1.2585161379694618,,,,,,,,,-0.18514892867419838,1.8228937194621153,,,-0.0019760418513370547,,,,,,,,,,,,,,,,0.5443730438665948,,,3.957220234850761e-05,,,-0.13760242816737286,,,0.0618672133335062,0.012460889917471397
2017-06-02,0.26137873343626156,,,,,,,,,-0.0004324009069202842,0.21960081285984173,,,0.2433803400055602,,,,,,,,,,,,,,,,-0.7465305136466444,,,-0.00808734123489213,,,-1.4358396622677256,,,0.29226624472338003,0.1340584242750959
2017-06-09,-7.246383500743377,,,,,,,,,0.11055670660351512,-0.28717590659740283,,,0.129808356121194,,,,,,,,,,,,,,,,-0.13061539117694268,,,-0.018570161182227922,,,0.037224038213901835,,,0.0015882526027240554,-0.009188608242985006
2017-06-16,0.022047890690177763,,,,,,,,,-0.44426060593203254,-0.8918739483691127,,,0.20027522361171934,,,,,,,,,,,,,,,,0.03649207758778373,,,0.273236805074017,,,0.03989000461740333,,,0.1824960878594136,0.00782576782250461
2017-06-23,0.010969934079457873,,,,,,,,,-0.4589190871382619,0.012709482594806112,,,-0.521698614715855,,,,,,,,,,,,,,,,-1.3986588633420047,,,0.12630314372734697,,,2.0526666466539565,,,0.004476823027357771,0.02428637096806362
2017-06-30,1.1825053950942803,,,,,,,,,-0.34693708330919226,-0.13784523274754057,,,0.050283630399615094,,,,,,,,,,,,,,,,-0.04842848097610542,,,0.8940226498498167,,,-0.4546894771805704,,,-0.08109929198568379,0.4682639087460083
2017-07-07,0.08619632215113363,,,,,,,,,0.07121702428356769,-0.09824920194019342,,,-0.15802656603568174,,,,,,,,,,,,,,,,0.0712191848374839,,,0.100486771516244,,,-0.12144838371904138,,,-0.13429522356144658,0.24052764563431944
2017-07-14,0.20743728255593147,,,,,,,,,-0.0028934743582336884,0.00533413543030658,,,-1.6011644692786824,0.0008515916655424434,,,,,,,,,,,,,,,0.3746634710341812,,,0.46374431859503196,,,-0.8284498073402684,,,0.2080197225206566,0.12277927148924725
2017-07-21,0.04542731205723741,,,,,,,,,-0.002092144536904797,-0.006771284747312645,,,0.01959985195502809,0.0007385433970418258,,,,,,,,,,,,,,,0.020346886362774513,,,0.027114557328767046,,,1.5286132002051127,,,-0.022103054579936783,0.2514913780150063
2017-07-28,0.3259459499833467,,,,,,,,,-0.19249965374080297,-1.6814868209589218,,,0.28797517745804424,0.0012080147347987681,,,,,,,,,,,,,,,-0.19320306056521616,,,-0.02459973441311257,,,0.31996640838759327,,,0.1022814658528933,-0.607058612160235
2017-08-04,0.29827587350872065,,,,,,,,,0.007483840275266943,1.473854371452141,,,-0.537349692111495,0.024193343258207996,,,,,,,,,,,,,,,3.7114846253635885,,,0.22846138481754072,,,0.28876222054929856,,,-0.8996363218344265,0.01727677878066628
2017-08-11,0.05693097661332301,,,,,,,,,-0.00012842075138019707,-0.009399568616611533,,,0.9632984168376706,-0.8674659739057838,,,,,,,,,,,,,,,0.6242036556465299,,,-0.33658737921587645,,,4.2032627113769205,,,0.5883848003381774,0.009353107823055776
2017-08-18,0.01714421911119765,,,,,,,,,-0.00740404310638048,0.23692092964831027,,,0.10130571755294793,-0.0003513426130783799,,,,,,,,,,,,,,,-0.12571321593469242,,,-0.10313157094887779,,,-1.149688981090698,,,0.09174762952432369,0.023830293797302848
2017-08-25,-0.0438637639711149,,,,,,,,,-0.009788517873582413,0.18889496489136823,,,0.13515928004124403,1.07916671747356,,,,,,,,,,,,,,,0.11420144781496028,,,0.21515727542160235,,,3.1066884270229056,,,0.050202828541242306,-0.2966889323116956
2017-09-01,0.26712113352581807,,,,,,,,,-0.7879071105071113,0.08823196420362624,,,-2.2402531384935465,0.2118080173124604,,,,,,,,,,,,,,,0.7789605370429352,,,-0.2670326781128413,,,-0.2467740207671841,,,0.01179874942794656,0.007732827350865888
2017-09-08,0.10325582837997233,,,,,,,,,0.7014902148012938,-0.889545240197768,,,-0.05879343363515857,-0.4484365965832309,,,,,,,,,,,,,,,0.8034388521639766,,,0.1403854556426373,,,0.12135113822110623,,,0.045039716010710905,0.1265548642931696
2017-09-15,0.3510055046729361,,,,,,,,,-0.08383739972137785,0.6161373259850291,,,0.08214344899620948,-0.08305014393591209,,,,,,,,,,,,,,,0.3770905719660804,,,-0.03196861773383583,,,3.3128451800353114,,,-0.015189984244228627,0.2126667459320322
2017-09-22,1.0742969926904373,,,,,,,,,0.12723775276427948,0.047588770847131166,,,0.22744607863943095,-1.4787259204010454,,,,,,,,,,,,,,,-0.1291860000022533,,,0.16823234032131268,,,0.282383984457813,,,-0.09440319894500039,0.015126135833188921
2017-09-30,-1.4699237455237024,,,,,,,,,0.7729222665393385,-0.1105440419536004,,,-0.07569110481238572,0.4526324368817613,,,,,,,,,,,,,,,0.0007059090836562757,,,-0.4294112949506695,,,-0.6002911783707108,,,0.05615450877597182,0.4146043686805404
2017-10-13,0.005234154322101168,,,,,,,,,-0.01978238419774322,0.12673161740279948,,,-0.013453969345802947,-0.48721648275929846,,,,,,,,,,,,,,,0.009818990544856316,,,0.00573429520574411,,,-1.6184697941187958,,,0.20460702626216393,0.1177224252663706
2017-10-20,-0.021552211278071744,,,,,,,,,-0.0005201470344509339,0.18134965240463805,,,-0.25299535486497016,0.17904541602955704,,,,,,,,,,,,,,,-2.894190682641037,,,0.035106452314097494,,,0.17128182685221244,,,0.05158547276253014,0.03228189076857271
2017-10-27,-0.3002984775688082,,,,,,,,,0.3709931366660899,-0.7816656147134253,,,0.007556460189840818,-0.1402972626901476,,,,,,,,,,,,,,,0.03863296278781061,,,0.0008396264142685611,,,0.1242189946570042,,,-0.010921838807309384,0.05789011667047406
2017-11-03,-0.02913503659126569,,,,,,,,,-0.0002974751558663885,-0.07853824578101087,,,0.20616403053912183,-0.14006266720188734,,,,,,,,,,,,,,,-0.2392049128621806,,,0.5231340888997873,,,-0.304679475241433,,,-0.0254548056246734,0.23443532017516827
2017-11-10,0.16427704939557825,,,,,,,,,0.059148450591054745,-0.2100868650712288,,,0.08106531807329528,-0.13629836277758495,,,,,,,,,,,,,,,-0.0623324946343085,,,-0.030440513976900025,,,-0.571983884594471,,,-0.3242939898848763,-0.6276715203939416
2017-11-17,0.08175496404231336,,,,,,,,,0.5341477506458985,0.3368384647868146,,,0.02702124406727123,-0.3250057098103523,,,,,,,,,,,,,,,0.18224465257786648,,,0.07483504354242419,,,2.984983535930307,,,0.1432237122721408,0.034242228538279816
2017-11-24,1.6426229092317366,,,,,,,,,0.14393064872475536,-0.6719269456984311,,,0.06472831810111362,-1.7436370054285504,,,,,,,,,,,,,,,-0.6122156313037431,,,0.6279009916924313,,,-1.7682158069790137,,,-0.03817076022406867,0.37007253078567864
2017-12-01,0.8573407153046717,,,,,,,,,-0.0003474323114222574,1.0021363675360295,,,0.07641311240797334,-0.19847088568888038,,,,,,,,,,,,,,,-4.49004138191088,,,0.38735284477580995,,,0.43952690623114343,,,-1.0476601655718236,0.11201567511349948
2017-12-08,0.17425288430896002,,,,,,,,,0.050861487976526364,0.8184337263207789,,,-0.19056097496743366,-0.03395983985777509,,,,,,,,,,,,,,,-0.041353553025634746,,,3.3784859501829283,,,3.1056500401831117,,,0.0060888438697140786,0.017582908411401497
2017-12-15,-0.01988215249212126,,,,,,,,,0.03606207268656301,0.012519856195181193,,,0.3875292235115965,-0.2026219450239153,,,,,,,,,,,,,,,-0.003381883765032319,,,4.396046603518821,,,-0.23849256828882143,,,-0.4251912561067912,0.06992165683279028
2017-12-22,0.02953393673425312,,,,,,,,,-0.004555654785728099,0.046906452476367454,,,-0.14236277042468384,-1.2582425387561125,,,,,,,,,,,,,,,-0.8635599694123806,,,2.175442908318405,,,0.10707839894609156,,,-0.029324236383132852,-0.0008177073091949032
2017-12-31,0.18022769521468124,,,,,,,,,0.11682474630434221,0.3029233840652185,,,-1.669680697935243,0.0033671916298434745,,,,,,,,,,,,,,,0.014824382239110154,,,0.1403739473757395,,,0.12312319829353521,,,0.5203509700516114,0.47962356005191753
2018-01-05,-0.08044448546412514,,,,,,,,,-0.0010450796976338593,0.02575021821947719,,,-0.7381353819703566,-0.005469003835153832,,,,,,,,,,,,,,,-0.09554182612260467,,,-0.275068418514657,,,7.097609417743122,,,-0.01639316914422893,0.40804472284651383
2018-01-12,-0.0007592426413678272,,,,,,,,,0.05622925451215953,2.21993541180594,,,0.030660234886735874,1.972659942169653,,,,,,,,,,,,,,,-0.10440023598456469,,,-0.4962357453525347,,,0.2159537465509639,,,0.09639495817759587,0.028624386527527523
2018-01-19,0.8762215622817753,,,,,,,,,0.020171555129596744,0.21820731016929706,,,0.3353008089432099,1.5597423282976697,,,,,,,,,,,,,,,-2.6782621023526922,,,0.09243412860636849,,,-0.5324047691106712,,,0.20546917613890003,0.28260720167983866
2018-01-26,-0.26243335784891025,,,,,,,,,-0.37564537602229947,-0.5012217548395841,,,0.2555588381558581,-0.10876581758893772,,,,,,,,,,,,,,,-1.1254581899447584,,,0.03476597740672476,,,0.07940277316700575,,,0.02177317559416934,0.06079051729377717
2018-02-02,0.104418107881899,,,,,,,,,-0.02233922256359711,0.30949456252895224,,,-1.8068272596174089,-0.008219668011140036,,,,,,,,,,,,,,,0.012807172508998791,,,0.04439310798713829,,,-0.014427331668261833,,,-0.023234276768422952,0.050985673589678676
2018-02-09,-1.485404931523408,,,,,,,,,-0.0003863483537955956,-6.307311442432691,,,0.005699839606084039,-0.013014677815376706,,,,,,,,,,,,,,,-0.010287485386090034,,,0.02478475361456604,,,0.8049270557785282,,,-0.009124596273613545,1.1861238966166947
2018-02-14,-0.00401746591342543,,,,,,,,,0.15142338317658097,-1.142567045358746,,,0.07511392784168666,0.21099109367283483,,,,,,,,,,,,,,,0.026040507821933824,,,0.08519341628337336,,,0.027777280108053,,,4.91559954757958,0.5314859949697288
2018-02-23,-0.08873459829393905,,,,,,,,,0.03452396870041013,0.23920117992392664,,,0.0004983516150913411,0.4926330739983564,,,,,,,,,,,,,,,-0.4798815789433025,,,-1.9104305741579066,,,-0.15008840074348173,,,0.030514695704796507,0.945266303185393
2018-03-02,-0.0305395137457819,,,,,,,,,-0.07702674763730044,1.6415774649476522,,,0.09859815800404487,-0.017719261220164092,,,,,,,,,,,,,,,-0.0021627313570157063,,,-2.195818294212728,,,0.3741759649695504,,,1.2026846782132479,0.577074666716954
2018-03-09,0.005709339539814173,,,,,,,,,-0.00012430006748853772,0.3140365557479752,,,0.03838241851291213,-0.025009929926214328,,,,,,,,,,,,,,,-0.1666312214046822,,,-1.9644869710173531,,,0.011747972120751404,,,0.2636250316060547,0.05691868819857368
2018-03-16,-1.3758811629854137,,,,,,,,,-0.2639185563847148,0.12698651233052188,,,3.29157471677135,-0.0519857261429771,,,,,,,,,,,,,,,0.11401541447970054,,,-0.0031017259087951065,,,0.01767927948558154,,,-1.4483312120483816,0.15983203394085452
2018-03-23,0.41162129383860213,,,,,,,,,0.008324914847796395,1.5629671402288703,,,-0.1286458973515848,-0.3228959794270452,,,,,,,,,,,,,,,-0.05586836671547435,,,0.10640426746812089,,,0.2784108750179969,,,-0.08900983616666507,0.01750321832134931
2018-03-31,0.6131217072217685,,,,,,,,,-0.0005998475196986701,0.2274310605489408,,,0.04516246506760588,0.2270881657353983,,,,,,,,,,,,,,,0.010561127744662538,,,0.048692332619578685,,,-1.3660591969018212,,,0.6927352670343568,0.0534185527738039
2018-04-04,0.11242510318566666,,,,,,,,,0.10672311418078642,0.13178725075435815,,,0.05336040002859829,-0.10798285914813555,,,,,,,,,,,,,,,0.08783898795438069,,,1.1090410521367138,,,0.06441071651540684,,,-0.2590439926975443,0.012823615640520026
2018-04-13,0.2353366578679622,,,,,,,,,-0.03368750301622335,-1.7924350592876077,,,0.011920922727131533,-0.4082132435507046,,,,,,,,,,,,,,,-0.0012934734788170449,,,0.8102074352325733,,,-0.0581227716810631,,,0.12160590960377346,0.390708254925669
2018-04-20,-0.009813832401933061,,,,,,,,,-0.0007930025419233328,0.08918087929658358,,,0.006922483009491746,0.20530576018192362,,,,,,,,,,,,,,,0.3536232706765176,,,-0.24244559136914962,,,-1.616131789145555,,,0.09191237415491063,-0.2082763343746944
2018-04-27,-0.1264212628403807,,,,,,,,,0.0645310462930163,0.06288192751319219,,,0.7824525918404249,-0.012849928492160614,,,,,,,,,,,,,,,-0.18348717858835692,,,-0.5663281697186736,,,0.4762516409621258,,,0.004706590604259344,-0.0054096726252529925
2018-05-04,0.03461624082654948,,,,,,,,,-0.009103449820632008,0.31144953452315294,,,-0.1766456367520812,-0.08734113944376336,,,,,,,,,,,,,,,-0.029222797212221742,,,-0.49101340888190365,,,0.7407291910900445,,,-0.7391313886350638,0.08240251797740569
2018-05-11,0.5612106267819551,,,,,,,,,-0.00026075903122572974,-0.23883998901140047,,,0.1760972649938202,-0.17819591397808734,,,,,,,,,,,,,,,0.05516125159248768,,,0.17594061347116105,,,-0.602833622824866,,,-0.08932210546220272,-0.04251800788835902
2018-05-18,-0.016282674951347574,,,,,,,,,-0.10033285631863353,0.08854603735061867,,,0.16447641145876826,-0.0065096593103660125,,,,,,,,,,,,,,,-0.14983519352251046,,,-1.6643092401275141,,,0.021812001049699853,,,0.2761294201085791,0.0008234118434886131
2018-05-25,0.16136328952526133,,,,,,,,,-0.08551270712219512,-0.8747461874872732,,,-0.06315846327250016,0.26538879881073707,,,,,,,,,,,,,,,-0.5848285646601644,,,-0.07733001945427662,,,-2.699183029519825,,,-0.08394129029401906,0.4044191465387752
2018-06-01,-0.022419071916860822,,,,,,,,,0.014245588258189355,0.25194882841467114,,,0.11818189642314776,-0.36011621418397755,,,,,,,,,,,,,,,0.39663230039645136,,,0.8617859283755904,,,-0.6698915097208326,,,-0.30769941047346294,0.01674022799430984
2018-06-08,0.06763200888536626,,,,,,,,,-0.00018098100542160306,-0.909299029224563,,,0.17433928066435045,0.15961222231001312,,,,,,,,,,,,,,,0.058132328087482824,,,0.9681280426771731,,,0.23118385561241686,,,0.5420315485878638,0.3180469948975031
2018-06-15,-1.1776192656851008,,,,,,,,,-0.00033034743425795787,10.472209681125754,,,0.052699227448957664,0.9168167253237273,,,,,,,,,,,,,,,0.4736502216177467,,,-0.02084909910384463,,,-0.6481440911553114,,,0.08030566229158913,-0.01843338191509508
2018-06-22,1.1329278679540469,,,,,,,,,-1.0757626577929547,0.08641812199517554,,,3.6601862402421235,-2.7493857903894177,,,,,,,,,,,,,,,0.10884352324113533,,,-0.12712003403571348,,,-1.5309031568001268,,,-0.1985569270275986,0.02279741815655593
2018-06-30,-0.016840389472458736,,,,,,,,,-0.7191213068399461,0.05908839959845508,,,1.9947633391891448,4.073569199038931,,,,,,,,,,,,,,,0.0007044673389562488,,,0.01445451287700124,,,-2.2305668041114814,,0.0774870181920316,-0.0059422398883680685,0.0064038178981120145
2018-07-06,-0.3410946692923513,,,,,,,,,-0.0003329210966293423,-0.06116349053024185,,,0.4847909126906625,-0.051443899965319145,,,,,,,,,,,,,,,-0.009245412529764394,,,-0.033723742972245264,,,-3.9741302488321844,,0.2797377578383027,0.01585071139171854,0.745608307172332
2018-07-13,0.01929919769444565,,,,,,,,,-0.03392742122138825,-3.001753362408399,,,0.3417814335586762,0.11755875921309714,,,,,,,,,,,,,,,-0.2875941844902137,,,0.10814225402786908,,,-2.427349041739525,,-0.2190380851127989,0.7941226833266488,-0.06556520873046896
2018-07-20,0.0031934008713522654,,,,,,,,,0.03689169324745921,0.9379633389278272,,,-1.560788981263046,0.20006821322687782,,,,,,,,,,,,,,,-0.00951495702423527,,,-0.24847305079563545,,,-3.626945596158047,,0.0648232587605465,0.12220360191770713,0.01601453796928362
2018-07-27,0.22103066331371093,,,,,,,,,-0.000379608729301821,0.00045687887839870184,,,0.4939157277863683,0.7497565334252567,,,,,,,,,,,,,,,0.07068640922151309,,,1.869807077424,,,0.27349468050654285,,0.04615384746332202,1.3967168799967877,0.19023096277910578
2018-08-03,0.15659534322848664,,,,,,,,,-0.6492798315464214,-0.011719149357984147,,,0.08994436550070019,0.3921007051319706,,,,,,,,,,,,,,,2.604099373969795,,,0.7420947299154407,,,-3.1536943457544977,,-0.11264666208636748,-0.12885303060358905,0.170790549653571
2018-08-10,-0.06417151008303805,,,,,,,,,0.3087184771371391,-4.407573104425311,,,0.14901650516632478,-0.24158712258226708,,,,,,,,,,,,,,,0.5051463003757609,,,0.11062651818599029,,,-0.7177631084702271,,0.3202340846210094,-1.13911022505796,0.2563338570159614
2018-08-17,0.05693522636663798,,,,,,,,,-0.020899202904750256,2.219459752499235,,,0.015556157344702861,0.48401366040347443,,,,,,,,,,,,,,,0.509752683487894,,,1.5164752183641075,,,-1.1891595064958602,,0.25916392894512935,-0.8005305257596996,0.1277143323025149
2018-08-24,0.7521717686853776,,,,,,,,,-0.01833319843846436,-0.5283190159891515,,,0.02405745827100415,0.3012115450167561,,,,,,,,,,,,,,,-0.062268949890512335,,,-0.008590861882006189,,,-1.1548874110178244,,-0.019694587220258377,-0.017247500102103214,0.00170914861822525
2018-08-31,-0.06314372597195717,,,,,,,,,-0.05086320530106198,0.46063042362506645,,,-7.4964622035306405,0.28905929762559346,,,,,-0.5261221566802359,,,,-0.01729051144908009,,,,,,0.591339510468505,,,0.36539616845392486,,,0.008471989787603919,,1.3134837655754823,-0.8649180569563836,0.5277572496747125
2018-09-07,0.17653862888987298,,,,,,,,,-0.0005645912245058222,0.3354565633645836,,,1.6385154159131519,-3.126949627334146,,,,,0.022058170936788912,,,,0.016892204844476774,,,,,,0.43548797945602424,,,1.2992928091833629,,,0.06626312101329117,,-3.49189458453131,0.07617265087023829,0.11144233971537602
2018-09-14,0.09332706487570858,,,,,,,,,-9.670453276797961e-05,0.18605310024123184,,,0.053195622102366835,-0.035961145618416054,,,,,-0.06125331920680753,,,,0.12279757874698394,,,,,,-2.1503655105396904,,,0.46921325417453413,,,-0.656234972845071,,0.24784304705433652,0.06927430725199334,0.04701129866389015
2018-09-21,-0.11819136810585815,,,,,,,,,-0.006010453757897364,0.09893229461152156,,,0.03458857676417506,0.5820750945359405,,,,,0.006091163064910971,,,,0.17643067170136428,,,,,,0.9267405126770842,,,0.05265585742435907,,,11.04934773279399,,1.5036342076888694,-3.153788585186993,-3.1782065516299434
2018-09-30,1.4706665334789393,,,,,,,,,-0.009134356450395061,-0.05240355808029036,,,-0.06682907916562145,0.05116034992890679,,,,,0.020621690767835973,,,,-0.026804121322466387,,,,,,0.7998013366196598,,,0.19752364424310517,,,0.12922133047667791,,0.24075326199392802,-0.4581989152747994,-0.0033047243176243316
2018-10-12,0.230300086467077,,,,,,,,,-0.0007360102931706766,0.3103599139597252,,,-0.30992357044005886,1.4899681213272853,,,,,1.365212382864478,,,,-0.08450798329213609,,,,,,-0.002846761027611437,,,0.002753624042602427,,,0.09252573158852881,,0.1517790715046419,0.13521847722770658,0.012856496529522142
2018-10-19,0.4414723613359005,,,,,,,,,-0.13716589314514097,0.28831475164144077,,,-0.00816026954861749,0.05315867216318089,,,,,0.08515482972472943,,,,-0.0018483562904328306,,,,,,-0.20163024674484192,,,0.8948384076147871,,,-0.20887413266348923,,-10.899677206306155,-1.762976107798924,-1.5729513677715907
2018-10-26,0.0002967458844502736,,,,,,,,,-0.0007444423818794722,0.1861246705356059,,,0.029986318744772866,-0.14703090575726827,,,,,0.0009328001677447323,,,,-0.006469125865172375,,,,,,0.009105205945341189,,,0.5756046313997617,,,-1.157543497647965,,-0.17067925016945545,0.1485524397362621,0.03156234806228023
2018-11-02,0.03243942538791817,,,,,,,,,-0.010621419270112951,0.7074125615668899,,,0.36858683320084795,0.030482261741071798,,,,,0.8213885196246369,,,,-0.014733848452484238,,,,,,-0.12624775504756228,,,-0.010744275202412093,,,-0.1528377271146459,,0.005131081992468051,-1.076781107454443,-0.021366268572854626
2018-11-09,0.05786103338823495,,,,,,,,,-0.00029307745097068325,0.10015202208413597,,,0.12143921017318807,-0.3386293171038467,,,,,0.0010441434628665944,,,,-0.1490724884046867,,,,,,0.019871649559651934,,,0.34638090422122686,,,-0.014081243040344594,,0.9569402540116232,0.3692111392307636,0.9637754682290234
2018-11-16,-0.3453701952497887,,,,,,,,,0.013404920466217508,-0.14913532390382522,,,0.6201552645051465,-0.02132116582322222,,,,,0.0568196344066002,,,,-0.17701167625218595,,,,,,0.47646206853976375,,,-0.04761156589495549,,,-0.28398803288157887,,-0.1969884527779887,-0.04651326506775755,0.21458082600363068
2018-11-23,-0.34260713044595914,,,,,,,,,0.2521879133811564,-0.7078390530067186,,,0.11526799409708444,2.590832802874764,,,,,0.045422015627670245,,,,-0.03587241448958398,,,,,,0.2048120114188923,,,0.625429879846174,,,0.05968247842448175,,0.0779660308042062,-1.8920497480651484,0.5124148045282236
2018-11-30,0.02378236599195272,,,,,,,,,0.04420046061147116,-0.0523483040112704,,,0.029643779891929685,-0.35053036475652655,,,,,0.022729236655658045,,,,0.023955892076248618,,,,,,-1.395938440749794,,,-1.1195351003525411,,,-1.3382147518252652,,-0.010116159475835787,0.7111112293795504,0.05613019728876386
2018-12-07,0.5764833862676422,,,,,,,,,-0.00035291379875372115,0.43524991898435905,,,-0.5613432307646102,1.7113603548739078,,,,,-0.31819432980083434,,,,-0.01606133247534733,,,,,,0.003991574397689155,,,-0.030834413699799397,,,-0.11220176549431217,,-0.411573098426227,0.1060833052581425,0.027267486439243635
2018-12-14,-0.16206103934338273,,,,,,,,,-0.00027647988089939726,0.9271176912901161,,,1.2770446510914641,-0.18415084729547399,,,,,-0.0033800729140262436,,,,0.058284508548090475,,,,,,-4.1808304072448035,,,-0.11892895368456537,,,-1.9232591939302195,,0.19604278021705668,-0.0523098802433875,0.003123179290587269
2018-12-21,0.12209131992462571,,,,-0.18366869176860545,,,,,-0.0622223713846097,-0.5763986650808479,,,0.060477584876615705,-0.13180893179716244,,,,,0.061008514778724106,,,,0.01061791339735503,,,,,,-0.08289206994938976,,,-0.236375611710111,,,-3.0544291639888788,,0.0326119910910062,-0.191402335206307,0.3116418283304521
2018-12-28,-0.6932174905949815,,,,0.020974401893373393,,,,,-0.08171167986672909,0.9690162327534978,,,-3.913077279057057,1.2212327626321076,,,,,-0.7211068152438007,,,,-0.25512921778246045,,,,,,0.3231957138673035,,,0.03595762405425001,,,-0.3254550571281992,,-0.03492832335052459,0.0636270305377931,0.1626342549237435
2019-01-04,0.030157799450730025,,,,0.00333861502139847,,,,,0.6736609936629604,0.11620821197319513,,,-6.189682878487608,-0.004616610770406157,,,,,0.00048668617587577484,,,,-0.000823767852660545,,,,,,0.018977407534313984,,,0.23824411385079028,,,0.09783000651747294,,0.08156770995514065,-0.5333179439276018,0.11717760616710551
2019-01-11,1.9666704865337858,,,,0.0017500631516822558,,,,,0.6413359767669243,-1.5679765249845452,,,0.08797741093948756,0.14906804773095883,,,,,-0.012195006281410032,,,,0.26311325571904387,,,,,,0.1522798676418192,,,0.07558503638868518,,,-0.017751516286205957,,0.00046923378129399944,0.0356297683274448,0.03841361452591883
2019-01-18,0.03743945594407077,,,,0.001931108838305658,,,,,-0.012098802444440605,0.4308832939197317,,,0.025722349461453443,-0.170670456792829,,,,,0.0002987459937351234,,,,-0.9026537551250148,,,,,,0.07360029657380998,,,0.005090419622780989,,,0.20706776066978716,,-0.1975746877763245,0.5062651478035132,0.26342753622410103
2019-01-25,0.375128219526908,,,,0.007912558942341871,,,,,0.0477832782896386,-0.8714988216301136,,,0.19177424293184867,-0.007658640508538463,,,,,0.0007181334045516049,,,,0.16741513853504744,,,,,,0.0581706169465476,,,0.07466405570450511,,,0.5747987888346934,,0.991075261812107,0.3180479593067755,0.04914012979338428
2019-02-01,-3.4455280461072975,,,,-0.21906796281557994,,,,,-0.010921842031545741,0.09308746007930549,,,0.5024140860517139,0.06228626944613966,,,,,0.00037496432242677054,,,,-0.11847004520114729,,,,,,0.022432522730805315,,,0.25154311525838924,,,-0.38161427008102267,,-0.03465783869675121,-0.173840612427398,0.48139415103516925
2019-02-15,0.8943117511100537,,,,-0.11921497105343035,,,,,3.3570295679725373,-0.11777221433472032,,,0.017347755764148882,-0.04073292716452093,,,,,0.007864466866844081,,,,-0.07361615590518986,,,,,,0.035683463377160905,,,-0.006878618382429064,,,0.6867100644371703,,0.040762842021095605,0.00226091747252174,0.3961495390034955
2019-02-22,0.7528713970200761,,,,-0.1502754795211495,,,,,-0.07514514136683442,0.005698393770679542,,,-2.308107201979101,-0.013904480441314412,,,,,-0.0928210754517612,,,,-0.05932145889347286,,,,,,0.04598242210965452,,,-0.0007224815306335125,,,0.5520905026474136,,-0.47775386999734304,-0.3379153848824027,0.252625479246572
2019-03-01,0.009537518954286119,,,,-0.05527529972358386,,,,,-0.0003697521319749662,-0.017008836598535255,,,0.004612152122858402,-0.0187233754972609,,,,,0.007964601217683526,,,,0.012619511254717691,,,,,,0.008493831394777687,,,0.5263118325921983,,,0.10401395214685617,,0.12146252578088156,0.5041436239236154,0.17874678943022942
2019-03-08,0.02601712710177477,,,,0.015111142073517533,,,,,0.6451263059400348,0.015562663771078029,,,0.06310584178279188,-0.01552808115754794,,,,,0.007301333754487197,,,,-0.031103250939928214,,,,,,0.1842120099006232,,,0.3315680497094339,,,0.07974511688429348,,0.3148960081619172,0.08301282993789308,-0.12173464662798425
2019-03-15,-0.03324231480756995,,,,-0.18107564525496977,,,,,0.11079442072626082,0.673921254019836,,,0.25820368359108764,0.06280685550142337,,,,,-0.007829338762385896,,,,-0.003316509439766925,,,,,,-0.49475489638626713,,,0.06183995287272133,,,-0.060446747113440044,,-0.06739776658429122,0.03459520458140424,0.01961281648866023
2019-03-22,0.04718535220693447,,,,0.014388181636331902,,,,,0.03401277204404364,-0.0002602529560738337,,,0.8878858422501106,0.01749366401797927,,,,,0.32532744530374824,,,,0.06943776443167206,,,,,,-0.2526908082761553,,,-3.6906692810996176,,,0.7365436705496786,,1.2516363614684154,0.7344118821898046,0.0032625554043344647
2019-03-31,-0.12067939549459203,,,,0.0075674089853142845,,,,,-0.05684341085732804,-1.6979836529355707,,,0.055316060897319275,0.7995180099976713,,,,,-0.00576877226976224,,,,-0.10199478416219337,,,,,,0.01033505880597632,,,-0.2545082296983128,,,0.10761425825216198,,0.2188182156031197,-0.10064254782094734,0.12349664257959077
2019-04-04,2.1980678187411735,,,,-0.0617946443666009,,,,,0.19889708826063934,2.2960055716767815,,,0.3683135281433943,0.2028798969514053,,,,,0.42711950665034515,,,,0.03381055046579543,,,,,,0.019094312012602657,,,0.2198380248287542,,,-0.44089071119149265,,1.038579502941216,0.1225747878650901,0.4844157354556332
2019-04-12,0.16599231618204924,,,,0.01157763869392034,,,,,-0.0009388209863972817,0.14624805083435244,,,0.20451276556484815,1.3517638226153306,,,,,0.11371058961421633,,,,-0.0016119328838413512,,,,,,-0.10456115699781154,,,0.03972084736479021,,,-1.88588192294171,,0.0358197918690975,-0.0388809783044351,0.20758558949287764
2019-04-19,0.017141221407362614,,,,0.001696957505636083,,,,,0.1390099055463687,-0.19606411450638278,,,-4.10345964092677,0.39115830795545886,,,,,-0.03475103864266262,,,,-0.02188493803317884,,,,,,0.47800879815084474,,,0.15250302683187178,,,-2.189576705456631,,0.03940264358742827,9.119042259674026e-05,0.1348625653659068
2019-04-26,0.005811154101085485,,,,0.10952929368798198,,,,,-0.8048922017427572,-0.4983683351701075,,,0.11402849876328114,-3.334599112835815,,,,,-0.005327987790581494,,,,-0.004960352464415621,,,,,,0.00338491582640983,,,0.041295202255842066,,,0.5250476042000037,,0.029194447526879802,-1.9138643409110878,0.0718652895639612
2019-04-30,0.5860185889726247,,,,1.2743604446927599,,,,,0.015260109403457456,0.11616551303454292,,,0.033356013329854495,-0.17435525390004128,,,,,-0.02424851088585009,,,,0.030198218878992537,,,,,,0.2145972011421095,,,0.07180082462972155,,,0.86828943892536,,0.09009313432706556,0.3114962405621584,0.12769156242846216
2019-05-10,-0.011772476339338318,,,,-0.049206411682195306,,,,,0.021987323651370745,-0.5543916593291278,,,0.7845630322569678,0.5960430541827494,,,,,0.06354021611683741,,,,-0.017746808718539633,,,,,,-0.023965906016732864,,,0.3483355147988293,,,-0.14503685249651183,,0.014718167658063157,0.03450665200265973,0.19784173755755097
2019-05-17,0.11991839677477134,,,,0.011612131779590053,,,,,0.010273937473878876,1.0163052494999318,,,0.08413464254755613,-0.1561253147552546,,,,,0.020051636150318637,,,,0.1842803048296659,,,,,,-0.015976220773499552,,,0.007413427119518497,,,-0.13679346777259052,,0.18281611639991502,-2.149222567095697,0.016253840307536235
2019-05-24,0.18857267242379297,,,,0.0021004072019244983,,,,,-0.011227626456818641,-0.14671479258716108,,,1.227233158110632,0.17352382952004025,,,,,0.04464173227920339,,,,-0.2590164801140332,,,,,,0.0039058955604274774,,,-0.07036066231913957,,,-1.1126827273455475,,0.7695018405199832,0.12302225499143583,-0.007181164191195421
2019-05-31,0.03489698320307408,,,,0.006980805676547971,,,,,0.013233149107219086,-0.5272275628429318,,,-0.353459174969883,-0.0072263816295771895,,,,,0.019005648927880665,,,,-0.003842872819305371,,,,,,-0.37313704869015324,,,0.08202689896800158,,,1.8860480832101008,,0.10186996721920827,0.1675222939313565,0.019467674327250037
2019-06-06,3.777729664546552,,,,0.2995840112842326,,,,,0.10423333572755475,-1.0133883690142456,,,-0.171619593945064,0.2932606556195868,,,,,0.07271311122381044,,,,-0.21354337824330166,,,,,,-0.4222619441547223,,,0.047232263084288406,,,0.7582239501511423,,0.007982501304162908,0.6372906336562838,0.025562621635404834
2019-06-14,0.12041686703841303,,,,0.600271984517531,,,,,0.13630363858214356,-0.01277469841370073,,,-0.1990227577261038,-0.13973929247646916,,,,,4.456348860252446,,,,-2.7065535589906022,,,,,,-0.10103933738207717,,,-0.06746850278101633,,,-0.08860159770683346,,-0.07935752630007316,0.43443393908183114,0.008187236039076787
2019-06-21,-0.00939043036284987,,,,-0.01332207864965619,,,,,0.0003343522256448739,1.1943677679005296,,,-0.12725523821510612,-0.14743132907198517,,,,,0.0018014227864045999,,,,0.00013545957345404216,,,,,,4.542517156782845,,,1.239919940716277,,,-0.7709963928811076,,0.10154136878585321,1.552331143046515,0.39044184100684287
2019-06-30,0.005495616005739308,,,,0.003262746223826427,,,,,0.00841866087061953,0.9009549955867502,,,0.06329579957716007,1.0956727179512165,,,,,5.440976326022944,,,,-0.007405271597741118,,,,,,-0.23388632754943414,,,0.04130250653912072,,,-2.7786066117509263,,-0.037406595370400544,0.30401365201669345,0.18101987103002776
2019-07-05,0.06127750887701147,,,,0.022021298050405987,,,,,0.02947433946608376,-4.019150894832865,,,0.09586124700981064,0.8458855509523792,,,,,-1.9068566419138702,,,,-0.004500347852550346,,,,,,2.275736275737667,,,0.0062436976413382615,,,0.22797594936529583,,1.1330823688562854,0.7042885805669393,-0.07214210477113675
2019-07-12,0.1406316773295658,,,,-0.37890690724516873,,,,,-0.005122678701660593,0.5568433566398026,,,2.881396514546368,0.0971116690742061,,,,,0.005207831037884101,,,,-0.008132665178011256,,,,,,0.048067046152755886,,,0.03895909669312908,,,-0.4513317586665637,,2.262731103354848,0.05602905015172772,0.015224272617327613
2019-07-19,2.697605107465765,,,,0.002721605630954353,,,,,-0.006604812051511596,0.47527344182718,,,-0.1186131312708982,0.058190687976276814,,,,,-1.178006948087227,,,,0.003689494353904439,,,,,,-8.49998269423452,,,0.05203496875169994,,,0.527340630885056,,0.15288420756464394,-0.041342263211338964,0.02286747738916059
2019-07-26,0.037891867832833166,,,,-0.9102488181450478,,,,,0.049199963369806705,0.3226471229267023,,,0.07598494535500216,0.014015668256438579,,,,,-0.00633584186881673,,,,0.04342893359225358,,,,,,0.16892418803515358,,,-0.046974229514319496,,,2.388320559317853,,0.3344568063748,0.2502224328296858,0.006200517999089038
2019-08-02,-0.0164322234192991,,,,0.1566233768692688,,,,,-3.3073878253724134,-1.580206131451472,,,0.5475895259558478,0.17300423075994253,,,,,-0.001812020278276358,,,,-0.09079891608354598,,,,,,0.8929992066873552,,,0.2792332701337908,,,3.317465978861664,,0.10425919026590226,0.20533235798979593,0.02430717682860186
2019-08-09,0.06016328207535247,,,,-0.3803635565670724,,,,,0.006481176150361086,0.24032483057289217,,,0.4721173716737054,0.028040331875013383,,,,,-0.027662122361765615,,,,-0.08532032547770371,,,,,,-0.0004109327442097174,,,0.07429151480398619,,,-0.7930074132120972,,0.16330701657950644,1.302209539705411,0.06193364587612412
2019-08-16,0.5271348897030157,,,,0.0007413338443635235,,,,,-0.018780070318179867,1.431025662538943,,,2.9863030013174043,-0.16578070017471083,,,,,-0.023201548130674786,,,,0.0032814082687498006,,,,,,0.3176782314021304,,,0.8233175737947526,,,-0.10417588262358385,,-0.015084081262254401,-0.1885684279131124,0.015198518740992772
2019-08-23,0.06174437475414853,,,,-0.014301807040114871,,,,,2.485646427351941,-2.8511150327853167,,,-0.0299564730381843,-0.18286500153187774,,,,,0.22027293869581077,,,,-0.014083544958348633,,,,,,-2.1806120954930437,,,-0.41656673227455876,,,0.7152048065039879,,-0.16279967603441128,0.596174698305619,0.07072174972235776
2019-08-30,-0.447157596100222,,,,0.0011140229320342084,,,,,-0.00868435165126805,0.016327529216967854,,,0.0022549082188731,0.16330829381166023,,,,,-0.08569355453619418,,,,-0.005620110604933319,,,,,,0.11203231010312398,,,-0.10947495655085236,,,0.41357577881057944,,0.019466766847372453,0.041803814702641634,0.012508142900255667
2019-09-06,0.38870420306707176,,,,-0.05911358975577905,,,,,0.02069601859825526,-0.8960011738235034,,,0.2043961718703683,0.004589027463672591,,,,,-0.022194219358554347,,,,-0.0019260325022967088,,,,,,0.03008939183031439,,,0.6725209450703553,,,1.8087035894126255,,0.1327812990154392,-1.5044454928383248,0.013901868457881446
2019-09-12,0.016809040881634235,,,,-0.01754505220959548,,,,,0.001988250175864866,0.5601601008755274,,,0.8034246625311827,-0.13074230813512347,,,,,-1.462884121276914,,,,0.012329191270387915,,,,,,0.07469534257492554,,,0.996985954836932,,,0.09017435978742833,,0.031052551282436266,-0.10439321165881658,0.04439610830824727
2019-09-20,-2.4809507664582493,,,,0.022771791165721866,,,,,0.0011289045881978836,-2.139206104580816,,,0.4028887288373372,0.06475696777868396,,,,,0.13731087028930683,,,,-0.014828535846729106,,,,,,-0.41878816313587414,,,0.07189765916895594,,,0.08870196429194067,,0.10350389808760772,-0.018874128008519536,0.16842792751120603
2019-09-27,0.012603802808883263,,,,0.037627962982716916,,,,,0.013193958485177185,0.14813665289801373,,,0.3590281397345813,0.9624612201017496,,,,,-0.4369785456898656,,,,-0.07221214931016466,,,,,,0.06264207657668557,,,2.1277954058432074,,,0.0884179666033789,,0.13363678711025473,-0.2767871496434148,0.021154773497266133
2019-09-30,0.3353379548101747,,,,0.2717313926178911,,,,,0.18247776904078253,0.8755542057925789,,,0.11039074390836537,0.06725405359740384,,,,,-0.1306971020967768,,,,1.8046172300030137,,,,,,0.06490733424246169,,,0.041302087791549195,,,-1.120696620013489,,-0.024840128499294085,0.10420449645315191,0.01306244722606344
2019-10-11,-0.23754184632240546,,,,0.008002658014403318,,,,,0.0031614059474942436,0.04756493773473924,,,0.12354589050696341,0.06552092188650005,,,,,0.003976002859271187,,,,-0.028381172805713808,,,,,,-8.675273836874414,,,-0.0668011331334118,,,-1.1236760956288834,,0.023274263432724693,0.7647355666350519,0.028897827283473093
2019-10-18,0.0005002629513049999,,,,0.11878556115924524,,,,,-0.004675240910254308,-0.30476658949554847,,,0.0399940625307303,0.4299941842955007,,,,,0.3987648712584036,,,,-0.09918298979764661,,,,,,0.046466556010376615,,,0.01774217448312187,,,-0.6097028495795678,,-0.6454403064699792,-0.3607630514199056,0.026347860755227787
2019-10-25,2.9494538344358414,,,,-0.0056777124339726535,,,,,0.00411996842429133,0.052012595537304585,,,0.02607756287857939,0.012308233543869302,,,,,-0.006084136321409301,,,,0.217512691273167,,,,,,3.4802594774887217,,,0.05695078488650463,,,0.4719011730192675,,-0.05920943299704945,-0.4774814428182911,0.00587266496995985
2019-11-01,1.075774635314083,,,,0.0009344538301817322,,,,,0.016348581444165188,-0.09321310023018683,,,0.021731479200370468,-1.0978362091172782,,,,,-0.014164651061423861,,,,-0.5404410226828883,,,,,,0.022586827689936348,,,0.038442159974418744,,,2.15039404570709,,-0.09148084199906249,0.10606034463830816,0.021459791455633048
2019-11-08,1.0287281585492154,,,,0.011064518454630034,,,,,-0.011338641729558754,0.08423305889894003,,,0.24834252430065334,-2.3252819389241974,,,,,-0.00810155375809158,,,,0.4122807994973064,,,,,,-0.00532145903865594,,,-0.14950567856102462,,,0.12087976865214405,,0.47847594712359276,0.7308377003358183,0.005863193711382076
2019-11-15,0.047231694955199216,,,,0.2153097374154983,,,,,-0.036949147438715184,-0.6596960909884148,,,0.020726771154514344,-0.03084646227914465,,,,,0.0029848235363060787,,,,0.44875329762142613,,,,,,0.05398404017446673,,,-0.10395395969571321,,,0.1723535523957393,,-0.03443084269119923,0.37009075936895364,0.010805951253251055
2019-11-22,0.007529182433799837,,,,-0.022027776962549376,,,,,0.037194714894307875,0.3650661008808817,,,-0.04706654217861593,1.6872593479286384,,,,,-0.14674055212345516,,,,-0.015098721270834123,,,,,,-0.004756038774237706,,,-0.20336749164590892,,,-0.15300613285715123,,-0.0747923859870328,0.13546677137491536,0.3381608087160181
2019-11-29,-1.1611752913050999,,,,0.01401713526039853,,,,,-0.030199668115664456,-0.8628521225402047,,,0.3206668332426966,0.20482983651093267,,,,,-0.015502775487148051,,,,0.01909530868163728,,,,,,-0.5641149923134833,,,-3.3935082518490254,,,0.2342695456544278,,0.012077799699377893,0.15529528781158025,0.40988500502112024
2019-12-06,1.2089931836060965,,,,-0.023319779190789085,,,,,-0.24976989582420536,-0.018998787662619386,,,0.4616212741980528,1.0951009842929307,,,,,-0.01211042057092661,,,,-0.018976102981513587,,,,,,0.5259029922724547,,,0.272087299401613,,,1.807525279494559,,2.0517527568559215,0.0008655590876451122,-1.781280742083191
2019-12-13,0.10784310462311561,,,,0.0009449514814047394,,,,,0.04068105846217404,0.024668249908476585,,,0.07243759646774903,-0.07077795553715215,,,,,0.0015455886249143387,,,,-0.0024767212634389927,,,,,,0.12044590947137951,,,0.1297891632521982,,,-0.443942747020161,,-0.5781053803482565,0.06985926011706413,0.15977430062359993
2019-12-20,0.2040356450316545,,,,-3.8968510882392073,,,,,0.01367956309828402,-0.9817611953351081,,-0.16252371260222587,0.2762920049265107,-0.10745575549598783,,,,,-0.00946427330440544,,,,0.030793975557761817,,,,,,0.0978565131381975,,,0.6365125015186236,,,-0.7624605236141999,,-0.08183241856222827,2.0225256056393337,-0.21801060239513403
2019-12-27,0.05922618481617612,,,,0.011771100852715998,,,,,-0.03853044669516731,-0.36174431916649763,,-0.41933173208942776,0.5848379268290784,-0.39895323421370454,,,,,0.02654257328809165,,,,-0.49923701559957795,,,,,,0.22747088308268673,,,-0.00032330651599942264,,,-0.24562493660092335,,3.3852660275674658,-0.3523290802635625,0.1362268979983675
2020-01-03,1.0346380750351718,,,,0.0008708067397820211,,,,,0.0018294051530585514,-0.11705046636262473,,0.048637155430736156,-0.028024586892769227,-1.1890192414453555,,,,,-0.01126687279039805,,,,-0.7251174253206756,,,,,,-0.970892524003552,,,-0.7202146428170514,,,-0.2676234104384723,,0.26217647379769654,0.08356933999173226,0.056053932717234266
2020-01-10,0.6274467307544664,,,,-0.0037042778015260285,,,,,0.4646844003908215,-0.539075940651027,,-0.0949184374113633,0.9814232989809226,-0.17669573133666888,,,,,0.11710228769336282,,,,0.00904276409942658,,,,,,0.03560455648204523,,,-2.0477034475571694,,,-0.3951932761337362,,-0.7591818939015275,-0.09220021407502481,0.043541906981624884
2020-01-17,0.814609505823774,,,,0.7409573324100902,,,,,0.26279967234678087,0.015236919656447412,,-0.25287930981298,0.10836099436036571,-0.2952847783952375,,,,,-0.017820401735292576,,,,0.00627122749447551,,,,,,1.863973034512909,,,0.0856396312493634,,,0.12196511109607881,,2.060723060249446,0.14951486860965646,-1.7641866536160276
2020-01-23,-0.7096837867888488,,,,0.0026691506084999816,,,,,-0.00939401559353209,0.022833995955194804,,-23.312215623103917,-0.07534504691119916,0.11785663374243463,,,,,-0.05371033310952518,,,,-0.013636173690735234,,,,,,-0.9638166861787613,,,-0.01106603680005938,,,-0.16718702802396623,,0.04469552109329627,-0.2838606064799562,0.05295926595860192
2020-02-07,-0.0012743707415012566,,,,-0.15093837218893233,,,,,0.015509494164598394,-0.0708368747540655,,-0.05460305979066175,-0.6321358041453634,0.010770474636824796,,,,,0.0774914764459936,,,,5.968169432193466,,,,,,0.012710432615617665,,,0.1125357709038151,,,-2.5872985620676934,,0.46234185334826605,-0.09161257299123327,0.01164442800650753
2020-02-14,0.4188147338638414,,,,0.0008109039875882391,,,,,0.02083649167569266,-4.821307463958642,,-0.10008371306861817,0.40253196383250356,0.0859975237503603,,,,,-1.521891156508311,,,,0.00469841916670477,,,,,,-1.3058385174488332,,,0.051073267060063265,,,-1.1940376339527723,,-8.825470152492086,0.24654883407603312,0.17600372550164672
2020-02-21,0.34239641710650626,,,,0.0008750301841613789,,,,,0.043059354277714304,2.807453279205578,,-0.052180025697115606,0.7976657133924806,0.12580689780241272,,,,,-0.0015657166676934123,,,,-0.00491544612077482,,,,,,0.08524018507693717,,,0.15954287800223946,,,-1.1422811424066777,,-0.20859884948791413,0.11992016436188432,-0.0953016390765607
2020-02-28,0.07261538105771649,,,,-0.019602928280728685,,,,,0.0014792155415482913,-0.22396149250045577,,-0.26444392770727676,-0.031176547608229355,3.6134225969166915,,,,,0.002781582991285097,,,,-0.0011882294053890466,,,,,,0.14579956326224275,,,-0.06756276314498089,,,0.28134619892412893,,-0.028573360492909705,-0.01938116452955201,1.2852784507112787
2020-03-06,0.15482255516248888,,,,0.0257355497963025,,,,,-0.2289687674954057,0.8370867314865492,,-1.0636236734776152,0.4699524134743529,-0.16911055529793073,,,,,-0.006997686826310372,,,,0.011167633964362565,,,,,,-0.004716830877526202,,,0.12796500011569256,,,0.7231063147554582,,-0.010409937162566635,0.08625021807395734,0.11359898254237322
2020-03-13,0.2792152108451487,,,,0.001725785268495613,,,,,0.05482550273344301,-0.5200864953243749,,1.142172212383026,0.061489287692039686,-0.03822862951641809,,,,,-0.008110148823957355,,,,-0.005340585116685083,,,,,,-0.27386145910173065,,,0.012623057808407195,,,-0.9306488741854885,,0.04082959972203041,-3.8264843453768638,0.11452668181918563
2020-03-20,0.06337838404422189,,,,0.0004215158997319201,,,,,0.07603362572889971,-1.3373098282071374,,-0.05409661247719254,1.3391351951589687,-0.1712386069943208,,,,,0.01340653888880039,,,,-0.0410427834500739,,,,,,-0.13021630022313246,,,-0.066307544747951,,,0.3954689448240625,,-0.13816109611202576,0.061121933157118655,0.5037784146124399
2020-03-27,0.056939022674801915,,,,0.026370097719964444,,,,,0.02841845511200801,0.040225670331515966,,0.044022991356826954,0.10093728451731966,-3.9200531882893728,,,,,-0.0009737446005610612,,,,0.0781298165184382,,,,,,0.484516920365745,,,0.020087604688641174,,,0.3273577574892362,,0.15850879182653838,0.4032183431218028,0.06723936045184076
2020-04-03,0.7205938539138523,,,,0.06590014878543306,,,,,0.0012248448370001995,-0.1691730784362955,,-1.0520788306865052,1.596541218346985,-0.5413853580051952,,,,,-0.28414094956789104,,,,-0.0013544880712369018,,,,,,-0.8029054121096456,,,-1.4880713972442372,,,0.15232487251375085,,1.013274521880489,0.18859674238068488,3.471428151925437
2020-04-10,0.3255598590248855,,,,0.0042916024893312485,,,,,0.0306084617417635,-0.47776798924983943,,0.06800413421953933,0.657930470462801,-0.8940162129227937,,,,,-0.042795631624084465,,,,1.4995805457300584,,,,,,0.023080445789257456,,,0.5089425477812793,,,-0.5134779263994791,,0.196348527279356,0.04395487962821154,-0.048003007590631114
2020-04-17,0.18307895384916295,,,,0.17734272802065623,,,,,0.002521908912070641,-0.03633895672309464,,-0.5735597105682257,0.190688683286323,-1.5229170702790893,,,,,-0.8463409442696623,,,,-0.057911005155607646,,,,,,0.08060870062404317,,,-1.5705801027364745,,,-0.07422309838705154,,0.8188279957888528,1.4029275862706283,2.1512745053093716
2020-04-24,0.6530748961583087,,,,-0.7361822790126449,,,,,-0.004938252218628167,-0.1918167280747127,,2.531895172664268,0.22405996037330295,0.013325880769227902,,,,,-0.32103929170602896,,,,-0.012820434008165306,,,,-0.10676420990637303,,-0.01519124419803239,,,0.7001763948130024,,,5.504299767904222,,-0.012047733813111059,0.06931290546776958,0.045332240417988466
2020-04-30,-1.8911860631987452,,,,0.0011814051760319117,,,,,0.028040230838157584,-0.31885067594941424,,-0.009116705505204395,1.047476483727204,4.560445687333017,,,,,-1.8999789308305024,,,,-0.003578144939834971,,,,0.0005007659469634072,,0.008244388057055987,,,0.08473319487049844,,,-0.6052309008565572,,0.4403381086940167,-6.9439052385375275,-0.2648837160366505
2020-05-08,0.4113464635008919,,,,0.026887565331841723,,,,,0.05632376190694001,-0.1596205062044537,,0.4776536875813482,2.202934930326393,0.3676732642669597,,,,,-0.004028729790412955,,,,-0.4088281920475708,,,,-0.008264188812301253,,0.3540405524213666,,,0.015408423504831265,,,-0.34046730032112016,,1.2346791102565589,0.07261029619060172,-0.6560919240354517
2020-05-15,-0.5661760096463209,,,,-0.21676351534739297,,,,,0.0615571048071712,0.08349866066903323,0.6020366444637322,-0.3750798268696527,0.5951408892511012,0.08547019975670819,,,,,-0.0034981159126095014,,,,-0.008930985171283146,,,,-0.004700395766615274,,0.12477241219991263,,,0.09199868268032137,,,-0.8995787910420461,,1.2040644340832372,-0.008413517277473713,-0.02770682549313686
2020-05-22,0.11272147272587642,,,,-0.4618314105883945,,,,-0.02791810138930549,-0.022486457721836967,0.5611534006771661,0.16907577018644904,-0.3309824563386544,1.9573370588164318,0.2767960651094251,,,,,0.030580389741089606,,,,0.31792546989765913,,,,-0.01978705556800703,,1.3099718974799894,,,-0.1928995005577241,,,1.0697200511061105,,0.20748186394317672,0.472835443126497,0.4158550455490724
2020-05-29,-0.05895177117079116,,,,0.21894218704328408,,,,0.12979915525071192,0.05348669798044421,0.14483471096820186,1.4399197463971232,-0.15663012448471253,0.0779450547258795,-2.3109562650562157,,,,,-0.011760580371082817,,,,-0.05985231525654386,,,,-0.0018373835060203191,,0.136089550436725,,,2.7334333732769975,,,-0.6095806545062116,,-0.006326368946661692,0.0850932181186225,-0.16000669897504305
2020-06-05,1.7990047009325396,,,,0.009924116020333879,,,,0.22697787697985153,0.001962596702780967,-0.3670804551339435,-0.012153543017276745,-0.5570518540197357,0.08732497369567595,0.25657623616069947,,,,,0.007122738337798085,,,,0.0326666790518895,,,,0.09989384013496083,,2.672698345309346,,,-0.03811986107889364,,,1.053223726453282,,0.16215755656088726,0.8112821406052304,0.15379709530766444
2020-06-12,0.029318109367145948,,,,-0.031411248343143634,,,,0.00019946929313719068,0.7012577493603992,0.04894768069006221,0.004306991939190624,-0.031206394751992335,0.078727900382524,-0.1784209042053533,,,,,-0.03417822540449093,,,,0.004682141444300243,,,,0.07677002863857331,,-1.5586013816761883,,,-0.17959877987947365,,,-1.0649622224339246,,0.2978611925591648,0.10941195417919279,-0.014282622227036912
2020-06-19,0.690748459303101,,,,0.0018214406300127008,,,,0.0222784447818207,0.005005618928738775,0.14396975570422046,0.08395187935239604,-0.15576557258223545,0.41993716313048296,0.018624381274621786,,,,,0.009231178007900454,,,,-0.039020508358788036,,,,-0.06811865301093577,,-0.1558625167161541,,,0.3233792157053721,,,-0.9677122556657903,,0.9462182091344701,0.2420567597700872,0.02869250184727536
2020-06-24,-0.16542729543936835,,,,-0.025117841594523127,,,,-0.80655931467327,-1.6772327351577057,-0.5440180021083738,-0.2145018700982672,1.6462490481514649,-0.03200747764167346,-0.015392857143555837,,,,,-0.07308518595409894,,,,-0.011490055596096985,,,,-0.024657201023150173,,2.8377523188173024,,,0.25593118941156484,,,-0.11188636314356058,,-1.1623587913899478,-0.019106694512736774,-0.5506950978169289
2020-07-03,-4.619230946654015,,,,0.0017000215942237907,,,,0.00026249451470697046,0.0011952780475222209,0.2471263205871449,0.28032933438352825,3.149048212659576,0.055348229291928855,-0.06973580347898935,,,,,-0.0029505825083172713,,,,-0.05024463797459488,,,,-1.4046371072836987,,-2.227093267611197,,,-0.10733637144390029,,,-2.2751819056050198,,0.2538607801675413,0.21457065823373403,-0.07822716099098787
2020-07-10,0.7148211682135182,,,,0.025716495567838116,,,,-0.05908858404403098,0.0018609577428746547,-0.08602036856764643,0.343512708475224,0.3575235551332102,0.0757457702287065,0.030310378720057426,,,,,-0.03193287266684305,,,,-0.004705315869332347,,,,-0.011681506445547642,,0.011292047768610054,,,-0.8440560508832149,,,2.0369653062089896,,0.030333255864110974,0.31946093926622454,-0.009137870487428283
2020-07-17,0.4149335188708959,,,,0.025947151243571255,,,,-0.03758384343098,-0.034841149561053435,-0.02981016442343301,-0.056605134218099845,-2.496679674902283,0.4797526082453258,0.4335627539651603,,,,,0.25944336584997296,,,,0.006529843484966577,,,,-0.2599988246463454,,0.06137916165141798,,,-0.028556464141160035,0.029488228546301953,,0.13428818946108523,,0.07920736173959055,-0.9624315286339434,-0.16277573583419855
2020-07-24,-3.8325367559005885,,,,0.019473380677620937,,,,-0.14248757000690118,-5.73405626349216,0.09477106233187196,0.006832489455720937,-0.12300362596619926,-0.23327768331732385,-0.49702830664954367,,,,,-0.006552148757505855,,,,-0.1423664678728426,,,,-0.007666648057833671,,-0.17566782062948597,,,0.04614419810982133,-0.03699071487093242,,-0.4576320337152561,,0.24633229087805902,0.3653817430100109,1.2267552121754322
2020-07-31,0.944853886205109,,,,0.0015141487161290058,,,,0.9625096508717178,-0.02637861230926837,0.2842428043632917,-0.0030834291282148896,-0.6166397388563879,-0.8529372212268382,-0.18149661041434173,,,,,-0.001803948944316304,,,,-0.6643437266466485,,,,0.015152972907930329,,0.14482894785625802,,,-0.1250970734226619,0.12426235900651239,,-2.5655697197720424,,-0.39348450189129547,-0.14418456700700927,-0.27902275410259514
2020-08-07,0.3976410937033274,,,,-0.019627674435464777,,,,-0.018988466149865147,0.19310276669233845,0.10279142033838379,-0.025955836783819342,0.21642804658008274,-1.0485528260675925,0.03282251193039213,,,,,-0.057188840874942214,,,,0.004249445895252592,,,,-0.7860530678415163,,-0.011772022237824906,,,0.012160524664520445,-0.009173248323377424,-2.3941271165636264e-05,1.8574190771363206,,-0.535127377065344,0.5054141281676802,-0.025413148936924434
2020-08-14,0.2654600780937254,,,,0.0636961834148345,,,,1.4007710385958734,0.025895841205236084,0.3829277292225837,0.4821714066186612,-0.7353132040803251,-0.008931119776367392,0.010251217811622294,,,,,0.08447536211483687,,,,-0.0012633292258889411,,,,-0.009664528823099951,,0.5825678228217069,,,-0.13220905266260022,-0.1861988613902903,-0.1259795921532459,-2.075213827212369,,0.11109168622038634,0.2171796982241862,-0.23494090355800745
2020-08-21,0.373768170046335,,,,-0.4851740348731226,,,,0.0071491148919990205,0.012897250841155635,0.10423088466632356,0.19206851815156406,-0.29663781100311043,0.29354595922380955,-0.23447387915300333,,,,,0.0067937943502147935,,,,-0.005377706368996993,,,,0.008027250116637973,,-0.009580834617471959,,,-0.06841656564761472,-0.06446764909535836,-0.00022046007170943655,3.390166386538044,,0.008755352766712682,1.2051165378757023,0.015201294494663065
2020-08-28,0.043793275122339506,,,,0.0016942852522218504,,,,-0.015785938542110002,-0.002703826986918504,1.9180866649443256,-2.162563586163414,1.3979675548729928,0.00029978178309521264,-0.15976274810932756,,,,,-0.05473454769446564,,,,0.4201761657840202,,,,0.07414105912926056,,4.322831992482169,,,1.5756443095002615,0.22079921629305055,0.014794751771390611,-1.2616433784081729,,0.5099952649087672,-1.106066698349121,-0.016000993407727482
2020-09-04,-0.05754269030393855,,,,0.0020279605151605714,,,,0.0015725135841332914,0.06544610126043361,0.33659294043773585,-0.11374323055263456,3.165490349460978,0.5856351255680242,-0.36363151583421216,,,,,-0.0008485271585324545,,,,-0.002727347111736461,,,,1.515820500266846,,0.5142912556966491,,,2.3105472418215682,-0.00223898572772256,0.04025455172414209,1.5236984238474667,,-0.11996426131900717,-0.3937036040994393,0.04680583662576002
2020-09-11,-0.12811601224831823,,,,0.02033290126146582,,,,1.0588830883388656,0.02864392499271265,-0.1868337877198727,0.25603119385981055,-0.02340629039651589,-0.007157817896673853,0.21602286224858813,,,,,-0.018862405486833975,,,,0.06368083617485888,,,,-0.015276868580826474,,0.016609461201305766,,,-0.19293047477661315,-0.11406462256380638,-0.08307906902939285,0.5041827803994297,,0.015741607948296224,0.22594395154909122,0.06660171901312717
2020-09-18,0.0010026314486365814,,,,0.1800748349803873,,,,0.25887482405401907,0.5824603133022541,1.223312897506808,-0.024131693028559373,-0.2004961406630979,4.373100143861661,-1.7314787904689122,,,,,0.47086629385490175,,,,-0.3851627615344307,,,,-0.22544040368603324,,-1.364154871404733,,,0.11452276741748901,0.0706173389070466,0.032990800933218746,-4.575555667316265,,-1.7647039977481225,-0.004065183439355904,-0.019308370981524436
2020-09-25,-0.2414652956166522,,,,0.001202147651266756,,,,0.014380695302266374,0.006978043643948703,-1.3840645458129852,0.0020954557223125444,0.3074592828750747,-0.3651063209081692,0.11258849244131978,,,,,-0.00258201065317335,,,,0.011106269282717369,,,,0.06596521069167438,,0.016160276673585924,,,-0.1329949672948614,-0.019136346824656935,0.00018968276774782665,0.05828591212445136,,0.5630653712589104,0.37465805372006356,0.034894284748534364
2020-09-30,0.12708950782734071,,,,0.0012501366338492242,,,,-0.01669031877282307,0.12715256065846778,-0.0745276570040233,-10.4033325592007,0.056856948753908204,0.03267569850948321,-0.4727648189454091,,,,,0.01427177628816208,,,,-0.020908469470395735,,,,-0.012850202789640249,,-0.5293126695153251,,,0.059684115889113876,-0.026813646703550843,-0.04019705605672849,-0.05062489852845404,,0.02309759495093855,1.379749166922863,0.1121263295836833
2020-10-09,0.003111062357308043,,,,0.003345898318064351,,,,1.8509917102794988,0.001680346688758687,1.0159544045541045,0.5994767338560468,0.02584001293590384,-0.12394550450890199,0.15942983154058496,,,,,-0.016850506805539345,,,,-0.014838885504880845,,,,-0.005231257337903309,,0.5919089961809872,,,-0.1006987101077287,-0.12434752776064888,-0.0825544535397705,1.6253197206105712,,0.05567643952775403,0.18039975135313438,-0.3474016173985887
2020-10-16,0.11134839553862672,,,,0.15229644442347495,,,,0.00044719030047720234,-2.0629812104033127,-0.02328907802674675,-0.04984266088471689,-0.0417468168516309,-0.039972239941820586,0.14257467937966803,,,,,-4.675803035360246,,,,-0.0395262637935231,,,,0.015222974489706805,,1.887960734131156,,,-0.6545939790839911,6.921397469228468,0.07756301142745833,-0.036807845477008064,,3.0163746133546363,0.5204415317155013,-0.06711940631343007
2020-10-23,0.14363899998982313,,,,0.37513870161574325,,,,-0.009190234699788071,-0.007043542140328451,0.09906520833290847,0.0006267835000974137,0.05320932925121167,-0.5514043089228985,-0.6685332707526055,,,,,-0.01597701025488273,,,,-0.17625167618491894,,,,0.08009330574149265,,0.24206757623138975,,,0.12479632198986158,-0.0029255343711521867,0.00039038717943287574,-1.9597500864495372,,0.01366314092174242,0.2654037886290752,0.1346306668725478
2020-10-30,0.04009594062018589,,,,-0.0026877399871691743,,,,-0.00349434808824851,-0.11265342556835145,0.18033059427183043,1.3479056071606852,-1.9218691004648782,-0.7173554850749808,0.1421450389675047,,,,,-0.010135340683245902,,,,0.027358885599596032,,,,-0.021612904334621715,,0.04792244069876557,,,0.1097873228049677,-0.0023166157235906893,4.267985108827123e-05,-2.8347091379670246,,0.25823523805634596,-0.05833641575612439,-0.0970365391487181
2020-11-06,-0.5899120580587168,,,,0.008408413302324332,,,,1.9821224901498193,0.0037594531814144285,0.36215813795455515,-0.25604479063290303,-0.553035363975625,0.7295132440093877,1.7366206327156481,,,,,0.3072372933435433,,,,-0.0033124692346776724,,,,0.28442563576431057,,0.013982353342199482,,,-0.9431868499251533,0.008931532894253356,0.00015534867408539962,-0.17366366645911102,,0.15389727030115835,0.1446830132243357,0.020510201775335482
2020-11-13,0.15890101057230985,,,,0.3009894905522038,,,,-0.0073109890464791655,0.00629990432604512,-2.137105325693916,-0.1876859719013041,0.14836391903036053,-0.009004978300712762,0.00785734779329556,,,,,0.014724747233644728,,,,-0.17595586346542771,,,,-0.000466239210014696,,1.0299699436337793,,,-1.3481867628188395,-0.003088596070691675,0.035872042138220914,0.8655327911949444,,0.005040790102730015,0.05079618648810276,-0.479413685679486
2020-11-20,0.8550190866560141,,,,0.0015523465929041449,,,,-0.31847151025249937,0.008612915963061601,-0.017883678016357,0.10228301770155548,-0.18782270405966672,0.4853333864225134,-3.1159551357768387,,,0.4490535145195827,,-1.6012358483498166,,,,-0.008682214916328824,,,,0.11956705769915646,,0.13671650359435472,,,-0.011018315459200498,-0.13502495988146895,0.4525599420947473,-0.15606870516285276,,0.31596432031952776,1.7970714137031114,1.5875660041126856
2020-11-27,0.2651498566554741,,,,-0.36227003371507555,,,,0.005683590024139495,-0.05164106471868341,-1.2537044078729473,0.11204250189368334,-0.2044140755560152,-0.7270457316575628,0.1497125724665811,,,-1.097934011969955,,-0.0878912297938446,,,,-0.0016689305856456046,,,,0.06797805488618924,,0.06549331898831873,,,-0.178655180811446,-0.0037510400518088426,0.014612841148027403,-1.6280519455980715,,0.280375642160822,1.897256878111298,-0.004096968549265945
2020-12-04,0.0004795310089794058,,,,-0.061113820987773945,,,,0.11214176626858814,0.0037430900232931687,-0.10628568277915751,-0.008874844776667216,0.1305853235510837,0.002138528609163977,-0.19772703253093377,,,-0.08415685904524155,,-0.6168567543286788,,,,-0.031205077948747197,,,,-0.027297904979925534,,-0.015631916306590922,,,0.4711590685302847,-0.2884339868777654,-0.0044063659366206384,0.6814866862470628,,0.33829496471479326,-0.5038497666643109,0.09352140923779036
2020-12-11,0.924008400664289,,,,-0.00300533880103111,,,,0.5514202686065011,0.3328422336129815,0.016662447310027445,-0.06825928479145375,-0.3640921423026742,-0.03706931090951411,0.25918192264852125,,,-0.1709394374986815,,0.0642274055313794,,,,-0.06410709212234895,,,,-0.019216894093193278,,0.7510222501012047,,,-0.1464765351025972,-0.009187808115794633,0.19922451352986395,-0.001326936852149626,,-0.35555495580245927,0.5411136282554001,0.024121171085047736
2020-12-18,0.36472753372671407,-0.010498267372168149,,,0.0015468814124626278,,,,0.0004707351044488495,-0.09616840434499158,-0.48707052122703615,-0.013521182358324332,-0.08853201334115046,0.5287257056650735,1.384417350238132,,,0.1367831098056566,,0.011467319622451868,,,,0.011749753162314344,,,,-0.26376319724209635,,-0.1201402141024572,,,-1.7167158916029162,-0.299973664810409,-0.05107501065357244,-1.9691989195993562,,0.1484117149291772,0.6130553396097387,-0.2689907648646128
2020-12-25,0.1629311718074564,0.15717666409390796,,,0.017776004268348206,,,,0.0005759540984270343,-0.24470645319100134,1.2338493806515478,-1.1964339206161942,-0.14446793705532762,0.1705137685560659,0.42478841797409994,,,1.2126590845756537,,-0.24182028533569183,,,,0.01251222145748027,,,,-0.07306868040816063,,0.14703532301674122,,,0.28914896300891324,0.1808232832668411,0.02884712587742463,0.36308959214062875,,0.12010761586066056,0.1607989673150695,0.1613771633500598
2020-12-31,0.11090367362023869,0.12162350157620747,,,0.012169408576847746,,,,0.010287621135326436,1.7116840835006228,-0.031080869379323018,-0.02214674989787607,0.12079635769734266,-0.028402417921396948,0.02880675519853025,,,-1.309339036583994,,-0.06028777729587116,0.023194257023118815,,,-0.0015671325365799182,,,,-0.009462047590733325,,0.008265469072882076,,,-0.009132252050844447,-0.0009827143503766448,2.082800209879893,0.33281766304456295,,0.4382682762915801,0.14837537859601688,-1.5081612901129555
2021-01-08,0.45919991731318016,0.0521624151921119,,,0.07367454653779966,,,,0.0001971108763841853,-0.2911399370982732,0.7788106093499956,-0.8862354423173013,-0.21391109487440735,0.606313320525299,0.480596282358338,,,3.5195098100423,,-0.13850499759265117,-0.3679931439371521,,,0.02582205299425707,,,,-0.7599187952221504,,0.11257972123598248,,,-0.0844055939611359,-0.004826772551369944,0.0004707428263026319,2.6979038628753504,,0.004642644280485531,-1.345537611082992,-0.03476268991272196
2021-01-15,-0.9364296161141188,0.02304767371794166,,,-0.2656931874403153,,,,0.00022191317141351244,-0.007761866280818368,3.0611300907873407,-0.529958895754296,0.008659273283903132,1.6084369502309135,0.2142796182260397,,,-0.22226227525478096,,0.004941194458488909,-0.024772892130710905,,,-0.00314460959910632,,,,-0.027830540302923534,,0.050471691267616164,,,0.38075794563398657,0.08695528763339627,-0.03785350977644728,-0.4906731757895585,,0.36662589212593866,2.1009585691483474,3.7122341041106983
2021-01-22,-0.2570674416653002,0.017011795103195886,,,0.12243157284633205,,,,0.005765566728358556,-0.015870754461450583,0.029567832591241912,-0.4202519719551658,-0.05092622550525948,1.8712800907875367,-0.6092938232418602,,,0.033155186313808115,,-0.09557497254294416,0.21252131617153844,,,0.020517268778734506,,,,-0.0053740328987693575,,-1.2035820525057304,,,-0.5991311291659798,0.008427576223817922,-0.40491784872976944,2.3727798902849058,,-0.1749881014039631,-0.8785169125943808,-0.13387970562092275
2021-01-29,0.9004222933833926,0.07040815840509104,,,0.002627542672091987,,,,1.1689274564255339,0.009412181882824958,0.06913989318597878,-0.6514809508151413,1.7006118562558803,0.18782033910122975,-1.6140764276325041,,,-1.1343514005119977,,-0.013419335113852751,0.002325794746624734,,,0.0002593892476847725,,,,0.2926967920998733,,0.004877359386090756,,,-0.004205265326191723,0.0014523111055020459,-1.3986165095481817,-4.29468622412722,0.07170585350388196,0.4886140045812269,0.18027989601115985,-0.0003454071758058619
2021-02-05,-0.31290202970629544,-0.15487316244805172,,,-0.0015128696632715505,,,,0.0016371973120275247,-0.0412838413670667,3.1223149634772613,-0.6490557157946873,-1.243943238170358,-0.1693587188501684,0.06477382882112492,,,-0.013318453825606313,,-0.032543743278439306,-0.6802004478450037,,,-0.0014042985625883938,,,,-0.023116293166741044,,1.0946711336380361,,,-1.159320722840309,-0.005230452715173267,0.11711689503138428,-0.08486985708430922,0.8230048332402712,0.0011365452925630737,0.8062951146426159,-0.010121471425271698
2021-02-10,-0.10240199207347034,0.10374509603428761,,,0.00914245431622902,,,,0.0002491749106846505,-0.53851118760948,-0.1868278789683433,0.6493397130390798,-0.029625113608978446,0.0452441769793583,-0.2633860648203319,,,0.019449635977981133,-0.0029226948312079002,0.005528210547750651,-0.750565249745035,,,-0.0006825975725193361,,,,-0.23916774364239995,,0.006096702878508166,,,-0.19329232706919325,0.0036433823404760472,0.05338649114956212,-0.015453869664631964,0.16448977308344637,0.8808076080597834,-0.8381115726466934,-0.012354980308761143
2021-02-19,-0.5325234746476346,-0.19290167163266453,,,0.11748054829111067,,,,-0.015496829552784568,0.10214968517767407,-0.1814201274976281,-0.08033140303810586,-0.09435169437771757,-0.02051608806998078,-0.49044377983935267,,,0.36203098964006164,0.42754993215940806,-0.0204893106928681,0.31987678153424504,,,-4.071088916472922,,,,-0.029753559608425722,,0.39747007465006273,,,0.9058006672019532,-0.0907559353360689,1.1094962100297536,-1.3849053068436392,0.10341337018591394,0.5436847369296735,-0.12731519719991843,0.008142188040087641
2021-02-26,-0.1425330989737651,0.008351666677779057,,,-0.029486697407227192,,,,0.09391065200986717,-0.012861076072935768,1.5021869800318393,-0.4503449846026224,-0.22586957927604415,0.23607879494460968,0.03185017615131656,,,-0.013852081683308622,0.05719983431784646,-0.0187655469058621,-0.10507138673312144,,,-0.36988947144886614,,,,-0.020172786484208664,,-0.09812406336685735,,,-0.2501868829461209,-0.030017202496296167,-0.008987874986103532,-0.6369683409439677,0.0033047020530983465,0.39075779353729867,1.6489778693943304,-0.5156418883077379
2021-03-05,0.3430225067188736,0.0032686689500068186,,,-0.06825675398167286,,,,0.011721747897786832,-0.4887881009949524,1.7052045871246042,-0.4311191095959184,-0.6795716125606632,-0.010893396832347345,-1.2301344615308882,,,0.06639184396698991,0.14323453256208846,-0.03757462967690492,-0.05419257041141476,,,-0.12026764505290563,,,,-0.03964699888030622,,-0.037755701023752294,,,0.6246493166308804,-0.020175967656928317,0.12479118653688628,-4.107475739302547,0.10687208562856446,-0.16701952516925847,-1.1519044605474353,1.0891005194677426
2021-03-12,-0.23282593291662676,-1.286609717341495,,,0.042993187470986204,,,,-0.004311263223036321,0.020299469718358252,-1.497952946782703,2.8824689703854793,0.12526232906459914,-1.362834488431003,-0.06974556581440822,,,0.2873764986183761,-0.01527793856720273,0.014755011038264876,0.031472445218837776,,,-2.6071819203964828,,,,-0.06538505155580071,,-0.0067501051620836566,,,-0.13354902903516072,-1.1908535647319947,0.04358270448439128,-0.035706790733641025,0.37885216306189334,0.005545020595775062,-2.8498317992662483,-0.05366882066256933
2021-03-19,-0.26635204220365055,0.12285656488803445,,,0.18845831158499743,,,,-0.01863567343661147,0.384862876104788,-1.23648862902198,0.1652530279620077,0.42191140945848044,0.03339555639034288,-0.23108848643713636,,,0.013123668794421995,-0.00185130255589816,-0.25020701443482657,-0.16251809499441297,,,-0.002299387577179506,,,,0.3497888762392306,,0.04622084403022291,,,-0.19681044185588806,0.32343151102277634,1.2650595593784604,2.057258562920945,0.018592652570521388,0.020303280675467113,0.10862904526991539,0.03531082970097475
2021-03-26,1.5283938152443854,-0.26622581864936334,,,0.30579424773055386,,,,0.0009661088267731942,0.07111995376546203,-0.8142516253200182,-1.392686610980082,-0.7885557922690682,-0.053251016706033,-0.7778296364018157,,,-0.0533146306512515,0.21260493022230736,-0.026403812150907837,1.1700512514451153,,,0.02325773290411149,,,,-0.0046825247252317,,-0.005620232145252993,,,-0.02203681558856466,-0.01621003038896738,-0.48002936521581874,0.5431656099917558,0.014974404962631365,2.37435390615625,-0.171139955232436,-0.6308525857032703
2021-04-02,-0.028500575686684394,3.3640221128149705,,,0.04505401370753972,,,,0.015370033948387039,0.009449737513961146,0.04416845165490452,-3.356573483944061,-2.183574978327622,-2.406580052296308,0.20297054085146404,,,-1.2751274661926646,0.014573212999857654,-0.09090356977822633,0.17940507365852204,,,-0.032975101470985355,,,,-0.4092620467464136,,6.167762753972458,,,-0.2575641650222915,-0.06374091823801109,0.008439353808783316,-0.4374187723868793,0.10587830929760768,-0.05596307775037962,0.15955841320788067,-0.4078896379065542
2021-04-09,0.285124220687141,0.39344015136179256,,,-0.2429739592729559,,,,0.04323622007462858,0.06912848536140244,1.4637271102410712,0.04548942478699712,0.3743779998219176,-0.0314712093614274,0.14672739840373553,,,0.02375456520722404,0.019477553981667166,0.0817088824146163,-0.28709650365743833,,,-0.15960385493477375,,,,-0.003910772319550962,,-0.689437557715712,,,-0.4280501993671409,-1.0490938615361918,1.7218454209592702,-0.11061385695203689,-0.006898900397767985,-2.026968197410592,0.09966668704801723,0.00033600547128240926
2021-04-16,-1.2810122135084092,-4.454247891030099,,,0.0013055998512695112,,,,0.020452306628327026,0.08902165311023585,0.05299224214426378,-0.011115055141278418,2.0960496545157774,0.22432753435434458,0.9265596257272428,,,0.19734035086712431,0.5509919467481484,-0.10173436259718976,0.06453129776951158,,,-0.0282666259948608,,,,0.09531558532757417,,0.013335440474632247,,,0.2976140154759954,-0.03272972008599701,0.12152909149420292,-0.08703089477008155,0.06795336181477882,0.04766338153607262,4.4078956787900125,0.02946062833643718
2021-04-23,-0.12239141661524802,0.05064527807694593,,,0.5245106389547243,,,,0.016415132028259786,0.04032621147699958,-0.45800334073260096,0.4337140133785102,-0.6133431988859576,0.45154322687814885,0.247710025215947,,,0.49293805188883966,-0.03469145651574877,0.032523828040884946,0.00021050199828489928,,,0.04202358146541371,,,,-0.016167076846913,,0.04201726855801625,,,-0.5856748607627709,-0.29182843915695833,0.3456578624995201,-2.3973962880028044,0.2125393307915508,0.12911607663301483,-2.118136657757815,0.004139073744594469
2021-04-30,0.06276421989849189,0.7099543964929519,,,0.08623730612604165,,,,0.011471980814807907,0.7637119354011609,-0.910385261600773,-1.6291543720266952,-0.15617255876302444,0.29492444998775774,-0.40763814084513517,,,-0.13709313056013614,-0.6491113945373025,-3.0233135198931893,-0.5272373471994305,,,-0.005083190528306944,,,,-0.006540381961009061,,-0.04144735375288065,,,-2.080442561392214,-0.009537703703326024,-0.1515184157291204,-0.047392196904348316,-0.025649300280720384,0.03025372142922507,0.06715813457229905,-0.023920436461898273
2021-05-07,0.808588463883473,0.6727015113958298,,,0.02925037098930921,,,,-0.05751139935130126,0.040397508441275466,-0.29160583737249957,0.21420748213691493,-0.443274877680514,-0.12003556390161563,-1.418931345583546,,,0.6085792430483374,0.07899504323210751,-0.07243049580879292,0.079359404410966,,,-0.11130250087445567,,,,-0.01920922857060011,,0.13519215650383667,,,1.0874498290083392,-0.7057118796723344,-0.059518823969308965,-0.6741978664416813,0.06558760307445427,-0.23584588763124065,0.22108980393896188,-0.05419737879305529
2021-05-14,-0.18002412287647604,-0.0100999958781064,,,0.004847069081626527,,,,0.22892047392395504,-0.07427613721332936,-0.7556319453178248,-0.22479266671461462,-0.14699779738727808,3.556354411192904,0.6741925957188755,,,-0.19988981984724752,-0.7666772086524054,-0.021695461769998085,0.8268170203821862,,,-0.10715119401437508,,,,0.15314255836283383,,1.1872131479854549,,,1.3852149958872728,0.055732101619348676,-2.0500299799817183,-0.33635935758821955,0.021170202105039983,-0.169381017402481,0.08563213782165441,0.6566457018375089
2021-05-21,0.13337943282181752,0.041222435005692906,,,-0.47787778051733154,,,,-0.3379841626015026,-1.1146350659671271,-0.8635366184059461,0.06538277114217866,-0.12781308350377404,0.28864568822262837,0.19268942800327993,,,-0.3343670938274781,-0.538810632494933,0.053874997254686696,-0.19720141564543905,,,-0.005237945151252059,,,,-0.05732682754978907,,-0.06984517588863846,,,-0.10246016904771856,0.09469904944802397,2.2897175026100025,3.6335744458552615,0.1666444577814024,-0.8875894245687317,-0.584598007160658,-0.005404124236805009
2021-05-28,0.209252894647092,0.14872288556162463,,,-0.02798519323083272,,,,-0.05471559630588656,0.0050664231022375696,0.3214047608747851,-0.13542684765512036,-0.5264285410045246,-0.36728066788662844,0.14992971936085037,,,-0.49422801525540094,0.03370639727783565,-0.6588900575831448,0.039476433195764576,,,0.018657578751459687,,,,0.13639784995482285,,0.15492778816154404,,,-0.16021685155344828,0.17206930569370799,0.5330526676106938,0.07040311393891746,0.8281802636746217,0.05350268518212116,0.1422389242519599,-0.23607798345589093
2021-06-04,-0.7494719006004547,-2.198669393513368,,,1.2705375335975322,,,,0.3208850872045959,0.36358860037696095,0.620319320906756,-0.35903575806560284,3.1853435857278214,-0.2372296733165575,0.937755405919689,,,-0.04556897215794378,0.007820733913530482,-0.12947838345463433,1.2319332359497086,,,-0.11058633713877648,,,,-0.6719681128541185,,0.23749351244790795,,,-0.979335031546331,-0.8309996209036661,-0.21680431846159154,2.9504829966731867,0.04558617692610541,2.174195584243054,0.1703739628616914,0.28950035276384756
2021-06-11,1.8804907498630803,0.07707871331152769,,,0.01433979215252575,,,,0.00032126402846869445,0.018405606616293285,-0.31053089246444904,0.6597693701421907,0.07237897608849501,0.001767249963060628,-0.0701922921647274,,,-0.012724932823049068,0.3080356034310094,0.37167117532226235,1.169245615476325,,,-0.0065282412476015276,,,,-0.18088292257786331,,0.21327916381472417,,,-0.17648706292004152,-1.1271173868960682,-0.7083895888671012,-2.419723065131025,0.05227955792832932,0.0810635621901829,-0.5785991999404776,-0.04768638268046569
2021-06-18,0.5114873297967496,0.19842577944031053,,,0.17115298889001604,,,,0.038853945036343956,0.00890685319009479,0.05470539683309723,-0.43185073664233237,-0.2774779476732867,0.04178709280976523,1.1314455471595763,,,0.2357127266546058,-0.0033742832288509135,-0.675050526815418,-0.015478109739950001,,,0.0056532208541581275,,,,0.7113479505825588,,0.4832482878195389,,,0.4426740885110119,0.0023044038558558844,2.331220071960526,0.9814673367824508,0.2310383487758843,0.0477858237222963,-0.23396869463330072,0.49726050250907256
2021-06-25,-0.10272958403566697,0.0012604384310257438,,,-0.1022680863788468,,,,-0.10755056835767096,0.3404429145888987,-0.7557610072728775,0.004111720062581425,0.19763206342550632,0.18002049804894318,1.5416965427006217,,,-0.0408563181536698,0.10348417008634471,-0.08324422231283155,-0.04501264953790209,,,-0.2559620716941353,,,,0.22029106077549948,,0.15682305997715587,,,-0.16587785601016714,-0.1301633002281844,-0.2820402377574581,0.41508197251914297,0.3910488270290037,0.11788847955467002,0.3736378535267522,0.18306421537230216
2021-07-02,0.9867206782343655,0.5468196703883967,,,-0.05584717112046595,,,,0.006337793605547287,0.9278038430881812,-0.9616327383208595,0.3424446104969284,0.40095391873125935,0.021163690033445766,0.28031219177486805,,,-0.8765702333605316,-0.002481699911836547,0.09185417050562603,-0.7216532028776397,,,0.00196771596417975,,,,0.2532480588368389,,-0.03407999478114203,,,0.7954060802408474,0.26811628443355495,-0.2337618631630657,1.26829436984602,-0.10068259403245262,0.3655144827112669,1.7940939704231567,-0.12368024633394968
2021-07-09,-0.13817880534917934,0.39566004227053786,,,0.4379985111212396,,,,0.00019288514437635346,0.12682191971292842,-0.3349805425302034,0.4381301126330972,-2.254510009059437,-0.6216118448687116,-0.18959010428352702,,,-0.3337762369699021,0.061820807812604114,-0.019601055468726772,-0.03840425461589015,,,-1.7077349520938871,,,,-0.008245595143137401,,0.057069847951692475,,,-0.39153921903986366,-0.05127495860969937,-0.2667417892525651,-1.7664041708193563,0.0006117896630416539,-0.10975580378115397,-0.1457265184261066,0.012307276547600122
2021-07-16,2.8721531742655095,0.35352782393617466,,,0.035920513777810865,,,,-0.007495495207980566,0.15049558544502195,-1.135727096812428,0.2537311035276423,-0.49065906923353375,0.32755085874857126,-5.9588213813418625,,,0.18252883596556507,0.019623219149370583,0.41017355020402435,0.008183221496296416,,,0.016684959307944565,,,,0.02932705738603248,,-0.4289395484470446,,,0.07712847404306004,-0.0037571542862847584,-0.1158401445079053,-0.23837799339130206,0.20544225445011882,0.13365703176750035,1.615712920309543,5.158031959607591
2021-07-23,0.16000270159191243,-0.7968040840790601,,,0.2971389812979941,,,,0.0002829813051492414,0.2833243033126906,-0.3325759222986929,1.1777244896994137,-0.04565076189781076,-0.7455847167364107,0.3986593072936617,,,-1.9117352101931995,0.032747662868003506,-0.14389010466068058,0.41987274306391764,,,0.017784985347688367,,,,-0.5333863060884751,,-0.8408277330666911,,,0.10184059297088488,-0.410721504124921,-0.6274502528478938,-0.3605781893712814,0.38893141737909415,0.1080670880767865,-0.13931692828391193,0.06474305108179182
2021-07-30,-0.018756323342329587,5.933525042227117,,,-0.008756382331041316,,,,0.33375195929063944,-0.06561309986789178,0.434403258450905,0.6478731886921628,-0.4336482005047792,-0.0468512245319758,1.2782107277788521,,,-4.133023804371842,-0.006005996725430998,-0.10735838764532288,0.8183755039639418,,,-0.015006206317687582,,,,-0.3859101892117007,,-2.814322588981745,,,2.4688033564584613,0.12683149926928866,-0.3542147402327267,-0.05884700306183868,1.069232332798507,0.49151435814622646,0.10963772453199916,0.04674592699251004
2021-08-06,-0.006751629620949551,0.40195472859726156,,,-0.7128650508243157,,,,0.00047968020820721326,-0.08976303743940656,-0.01734262876202855,0.010792246455088195,0.026868494171182675,0.6293376381493071,0.05130742696507051,,,0.08189336088333926,-0.023109622481563133,-0.44317582235860264,0.026685523266344467,,,-0.010242150578515219,,,,-0.47305061517917685,,0.39828599843037393,,,0.7400354547741217,-0.2850553404625034,0.02089147419514948,-0.4733187574492268,0.003606557390184244,-0.25068361518266274,0.23094244481456355,-1.4053387750869495
2021-08-13,1.0549067431970556,0.2133265603212898,,,-0.2586448189945497,,,,1.7178740597933666,-0.6174484964556111,-0.6997029896431759,1.4629841296248525,0.1170413620650639,0.2649989379609693,-0.3115098015599392,,,-2.950385642010989,0.021065472998905606,1.1859023660309713,0.6285008705340197,,,-0.0023456868697175103,,,,-0.003897839141352846,,0.26256893264015957,,,-0.0009797670305507142,0.013648430094736751,-1.0025419405972291,-0.3718489777644443,-0.11732121024193704,0.4375731986243173,1.5359657064476344,-0.36550249852700023
2021-08-20,-0.4613129614735836,0.24107930776224074,,,0.039866062199163395,,,,0.02747216956293518,-0.539501581191373,-2.1247803718341363,-1.3220067341276964,0.3137719013414212,-0.059208147430320476,1.722303224896825,,,0.01868900511091803,-0.0761250959833181,-0.054584665895431275,0.2612084001420142,,,-0.025099954715901717,,,,-0.048121315357177834,,0.8178345745431436,,,0.03017482999976908,-0.8833254081538413,-1.6361204880583655,0.5232014336260009,2.395899558359113,-0.036519863319780445,-2.0090555398290775,-3.239508963633501
2021-08-27,0.22728225344959485,0.06268620038217315,,,0.008860198776585516,,,,0.3019467678521565,-0.2222634692835414,-1.7991158262276714,0.13080810697436748,-0.01072293637542492,0.02175481927420097,-2.6093085306426023,,,0.023315328047632915,-0.0003086512036364394,-0.013742440807172457,0.09012063294395317,,,-0.0038906969975979564,,,,-0.10947107263046602,,2.7440841473894855,,,-0.011656102920753558,-2.529394766113726,0.2710924789115229,-0.24507810044503314,-0.016913979161649377,0.3991257139022472,0.3085733962128972,-0.0010593243330165366
2021-09-03,-0.9414491127423809,1.12331779419213,,,-0.010113262493521161,,,,-0.15222864227338015,0.08243807418022864,-3.8257669397971577,0.2841089302185889,-0.6086624301432152,0.02052476305695866,0.8083336329155425,,,-0.9271046545315502,0.049092656446072344,-0.014841605134633713,0.1298244488013744,,,0.2758101298622949,,,,-0.03250857562402156,,1.0709181692419563,,,-0.018870635896204815,-0.0016869425323014775,0.0671517211707995,-0.741339206996218,0.2924118966759359,0.04299619380605457,2.7251795177239764,-0.020077293943467876
2021-09-10,0.6923927730120546,0.014234734817414552,,,-1.58700171718708,,,,0.00984696171653709,0.0031736980507108496,1.0394820928608353,0.24873920124474486,0.4472485021058261,-0.42629503296861815,-0.4171603591300567,,,0.41684147733000315,-0.21170084617220647,0.02333369123993203,-3.1078562618890104,,,-0.0032003780826082378,,,,-0.025745740498922136,,0.046680996013776455,,,-0.18505975007548006,0.02440212663285004,-0.5197346229536542,0.12691035292979497,-0.016077631167597924,-0.0024128886892007787,0.14562584949687932,-0.03997726325775801
2021-09-17,-0.17610163330970344,-0.6404941365219141,,,-0.13720387480904703,,,,-0.021952086924424314,0.1093549812326364,0.17986081371931242,0.17153887377211446,-0.24708351143045845,0.05275544460822817,1.5683838389210547,,,1.1700763083024377,0.02889433829163827,-0.016364549080019337,0.21500370500903357,,,-0.2305593797099712,,,,-0.002914076306673159,,-0.6118200803776523,,,-0.026925103621196156,-0.042548707141678695,0.009627120768667702,0.12595189476563545,0.22700885531652076,0.7698947556372124,-1.4164348383115368,0.1999906339544831
2021-09-24,-0.5733533778908741,0.04629444169454936,,,0.08155347779596764,,,,0.0003054980442857469,0.008534641069265788,0.6641269218177069,0.1050020056047737,-0.33684688348607517,0.03327368707861823,0.010138099834432219,,,0.4652799773660911,0.008677126194019889,0.009828662371010887,0.03227269803850538,,,-0.005724441927803846,,,,-0.0066226397584623915,,0.046367834578462844,,,0.12999614590907732,-0.11540580328621888,0.7761174712929666,-0.06551009614808638,-0.03796333698407948,-3.9398526810137118,-0.0318965379438782,-0.5004924198050382
2021-09-30,-0.6918202941349737,0.1767730583497713,,,-0.0058902547994154125,,,,0.0036162549226463423,0.03176413179417697,-0.6334619521411928,0.0326580036504136,0.029089220807772164,-0.018936096604195624,-0.6897967705427454,,,3.0335079545446977,-0.15829723209974467,-0.22099436424053698,-0.020874328532456497,,,-0.006314123213078071,,,,-0.013093999206267573,,0.05003927900314119,,,0.10474512951734508,-1.1761269513748267,-3.3231133430413675,-1.039340360970097,-0.8466122280212206,-1.2790080625096456,1.37839356852469,0.04515040549368146
2021-10-08,0.31978833822449976,0.25231768800581184,,,0.033313327350497204,,,,-0.006567235661898556,0.03243058488763481,-0.050675268245975305,1.5304913360986818,-2.020973663478149,0.09740853129399757,0.8199554147567566,,,-0.4716525463311239,-0.0021676814322178096,-0.044154499145445565,1.168775478443877,,,-0.006290666064548354,,,,-0.0017111411377091629,,1.4766529496014515,,,-0.14021483827848188,0.002290720195111928,0.12014778328173042,-0.2775207369673213,0.17820459582332107,0.0075933611693168035,-0.12366716350233022,0.20819986395010107
2021-10-15,0.15662669646201977,1.441316285912214,,,0.025233079425955342,,,,-0.49678412043876496,-0.033040181729244125,0.7359989215364379,-1.6908577540067404,0.2198529331591879,-0.5233359264134073,0.03316735077599331,,,2.792402681114664,0.04844766119161894,-0.9030890004812981,0.09935684063619345,,,-0.08087488826510082,,,,0.9931736035272989,,-1.0150549512847733,,,0.3975555165761367,-0.004155648144283901,-0.01624612957406806,4.4269973900186965,0.010821586263966747,0.11880486667628287,-0.21538699209966328,-0.32811853802642976
2021-10-22,-0.6032573247442572,0.15952861413674035,,,-0.22479465237817567,,,,0.0002253028775278673,-0.02291305551567371,1.448204396728218,0.16436167605354127,0.22784744093063625,0.1873992583391799,-0.1279248749422266,,,0.011381005676538741,0.02686643380146669,-0.3967363725608014,-2.380147919952034,,,0.022451455010748765,,,,-0.0023879785597039627,,-1.1016663961186732,,,-0.013310107961428716,0.07317892418571453,-1.675209037957579,2.941667957025096,-0.046010649095841294,0.009348954327328327,3.719610171773246,-0.01632739250042905
2021-10-29,-0.2706453818591129,0.088413564690485,,,0.884036903830545,,,,-0.03805271271131829,0.06723100529436099,0.08071347168945853,0.15462146032087307,-0.7935543787173448,0.10092854309553381,0.28845613295760325,,,-0.11873521152238145,1.181094901100943,0.09293448737818936,0.15595427164407935,,,-0.06078486444601386,,,,-0.16488226549671428,,0.4831059136157061,,,0.019013838813211434,0.008730675104779657,0.11799005732505309,2.3088464001279267,0.09789280342543674,-0.31744406321027374,1.283300547265505,-0.08945770345978729
2021-11-05,-0.04408053142109144,0.06149280667148291,,,-2.745476889837814,,,,-0.9500498930732091,-0.18333147052410298,1.8435727674602371,1.6640288885967316,-5.11179663871085,0.31339735946046565,0.012449478456775536,,,-0.12739387437013897,0.0023563219540506664,-0.002439908923547379,1.2316075195280924,,,1.3857876552456183,,,,-0.004125142396238814,,0.03752781526705706,,,-0.0326415705772556,-0.4274789431114204,-3.5537451027639873,-1.4373320397617058,-0.005836264993863984,0.321725494862456,0.6338941141006917,-0.009689146820985345
2021-11-12,-0.834447531525592,0.0402264961301773,,,0.8430669560859945,0.1462613174287544,,4.369881270832997,-0.19387733645907948,0.009251325824976927,-0.03580008578211902,-0.04628004083407251,-0.3154762705812895,0.06266482972592158,0.03938444426830214,,,12.963613154062548,0.1663071265329753,-0.015899713814370938,0.11073341615510031,,,-0.02930960253273011,,,,-0.006658077260513222,,0.621370285188184,,,-2.892669730694808,1.8632426082568463,0.035994669338820756,2.341929740914222,-0.23984079924175158,0.28997821379751926,-2.9484630445039883,0.9518236597176444
2021-11-19,-1.111047795739092,-1.4806715596107167,,,0.6463743135995463,0.0195533899798945,,-4.236594408755046,0.04039030372575529,-0.0835601215799268,-0.16123598528366007,1.0796163777326286,-1.5112399593684611,0.2298950831887058,-0.08440660186700166,,,0.7978183884591714,-0.8659493164049253,0.3362011225682242,-0.4784686047537365,,,0.5394377614799106,,,,-0.008384528225724074,,0.10151740339552179,,,-0.15163328002224902,-0.39482384932831155,1.036159032630108,0.0004819560893521884,-0.010372486265483167,-0.16755161570812085,0.033416690188101776,0.23748508511279384
2021-11-26,-1.1304598465938076,0.15445998977431563,,,-0.4524384529695681,0.009177450964281917,,-0.03245322275739643,0.00030566159414612107,0.0068879043536352975,2.5669477467783017,-2.8781679149828467,0.033530227680849914,-0.11023863805697019,0.18904423101066878,,,0.13718020894353966,-0.008387590261065985,-0.29770914295542283,0.03443098357444738,,,0.12865153848650485,,,,-0.0044027072798311865,,-0.3643216000860445,,,-0.01574803009736931,0.08842919960376708,-0.1386892505661538,0.9718981132141261,0.2887145641645725,1.7521997365756814,0.6264216215026163,-0.011853575117132246
2021-12-03,-0.09558048601298026,-0.018978399554900795,,,0.19850549048365065,0.0003559134702283837,,0.001082544010872738,-0.07225322209506022,-0.085662178988833,-0.3277496993854598,-0.0857416523804293,-0.8052595209417082,-0.3164188268998608,0.9285884346513299,,,-0.21999800010383494,-0.00039175560021062093,0.018253542033432518,1.025196087635685,,,-0.005669331322065263,,,,-0.31215891248485256,,1.1555108213349872,,,-0.2443757871572076,0.0031792531212419236,0.03576108895756597,-1.4264341442324535,0.8095219350673281,-0.10528834530297747,-0.7586072282434005,-0.18332002596467506
2021-12-10,4.326856261034971,0.07824933984448192,,,0.1743708582554631,-0.007009754282820749,,0.01258416787229219,-0.06303241311183226,-0.008815097419153267,0.44253832021987793,-0.5629011496672109,-0.18189956936463614,0.3386391427127707,1.1149948411326442,,,-0.10843767442759736,-0.0008773756580532839,-0.05655660038668288,1.24114525534654,,,-0.046204666612068374,,,,-0.04035957007286396,,0.022887722863771748,,,0.19166163722441368,-0.6789617883072472,3.2340645263304544,-0.14251974769023038,0.23516238876930456,-0.7716085111944202,-1.7794988527401503,2.8703304636033593
2021-12-17,0.09203350239800219,0.02990447052262458,,,-0.015277479086609263,0.4584716842056247,,0.02170012526081717,-0.01455182394805194,0.3624080086023844,0.37657224593576655,-0.008175809699415133,-0.5670387251139624,0.3503882210767809,1.2451476998528002,,,-0.14765026563121897,-0.0007569113113274074,1.7217424822497616,2.3239796960261834,,,-0.028018383033042958,,,,-0.3576430964643076,,0.08196279413188493,,,0.26587757745100393,-0.18165201722309632,1.4241998050102873,-0.4483731562247732,0.0310278905793704,-0.28523248559154457,0.1324115150686588,0.49569813545495894
2021-12-24,0.5153414725508347,0.15197405820088308,,,0.08015883658775955,0.00993171699862092,,0.3372035117380097,0.5334198568768316,0.963451157140719,3.5643410988499373,-0.06420963708157425,-0.24623821391556336,0.07091920785664288,-0.16609245446822637,,,-0.5367083077577873,0.4881261441950041,1.228128236898083,0.17821356521373052,,,0.012048125566525283,,,,0.7192030617757524,,-0.2328512552882341,,,0.7331866005160504,-0.10452029008331401,0.1840205549966652,2.010724813509463,0.06570527474286855,0.40166073278407155,0.4290136473009761,-0.7060137675143069
2021-12-31,0.17584302456823728,1.100865405772936,,,-0.028734196573523687,-0.026638427524580507,,0.009319387784130172,-0.11356346804940222,-0.10741797682219266,-4.661485587746732,-0.42551466668181953,-0.08687128239257093,-1.1742881021090932,0.160086611754418,,,-0.1594942497262114,-0.03362447539777137,0.013095254036360575,-0.11849408529409818,-0.11672211711890908,,-0.003597218284513183,,,,-0.24508870388546164,,0.37025903160621343,,,0.3628312379464612,2.0978511238600426,0.5558560213772223,1.0220087897601173,2.6286557501374337,-0.6031962193334626,2.098921288712959,-0.0690660777935254
2022-01-07,1.3520037744998574,-0.0813300988878333,,,0.1526552565434879,-0.055864602060980956,,0.05950882286020201,-0.6399571034007225,1.6695244295945006,-0.4060122171394886,5.242469833975135,-0.4296118494464961,-1.1182194265046779,2.7099670808570373,,,0.17556739445048153,0.012368101052025278,-0.01997271222315957,2.075522829389851,8.47800093644268e-05,,-0.004053604696692079,,,,1.9866328875882757,,1.3372965136823018,,,0.06574256215610383,0.43642441805559007,-0.010880732637139352,0.4023128028053874,0.14492159384886424,0.5366606811030443,-0.617559598692625,1.1881251545822602
2022-01-14,-1.254657219500362,0.11627635048087409,,,-0.0298135444660276,-0.6368568119677507,,0.9017486468787159,-4.6169687300602266e-05,0.5677172432211695,0.13467884758483298,0.36539101354103076,-0.33768987016428326,0.213306877817531,2.1745427694191344,,,0.7486152165165105,-0.2706587510575373,0.009283037132854138,0.29008008231457116,0.00022008845010774173,,0.0010493931439078275,,,,0.49504193171115374,,0.08579160250237813,,,-0.04551711731983957,3.512093398668714,2.3764986331523703,0.10063362810544878,0.22182966983286656,0.010474238696405189,0.8614817241773697,3.8325924522476553
2022-01-21,-0.335216941024669,-0.06701708553559405,,,0.08063687269922859,-0.39098471020747183,,0.8852145529624073,-0.007697110449931009,0.3039987529786157,0.8735138454491975,-0.07368004041536635,-0.36475012971995985,1.2975020770328036,2.3419010555966686,,,0.26685372365180593,-0.03850479539551191,-0.16098628365879514,-0.26739973833117053,0.0001254162908354218,,-0.3353753942130702,,,,0.3262861953180275,,1.720003327611588,,,0.18455906615135823,0.3900055291282335,-0.35601507136948934,-0.5464415832896248,-1.0645662329059247,0.09778992310164662,-0.38353753586511774,-0.6750440513017263
2022-01-28,0.4574809557229294,-0.01858661718127521,,,-1.200834600120617,-1.6747532009660033,-1.1423785613881614,-0.8387470420229318,-0.450098786346459,-0.01142294515335673,-3.354719347012942,0.09571864946771769,-1.2630643072937178,-0.03307376720126198,0.3532315154154327,,0.09749402476539992,0.07886037644561934,0.017202968061672496,0.4245957398323358,2.3261957158949262,0.031149907804791144,,-0.08301185956549388,,,0.951507141378793,2.223658538351934,,-1.1811518866284239,,,1.568516160319001,1.063719214375319,0.3067352533497698,-0.49563563774231284,0.5810325009500403,0.6024819165526882,1.3680664193613576,-0.4569346941304775
2022-02-11,8.462064087621966,0.049136630747633685,,,-1.5730578403207596,-0.07120431816512807,0.6414578286558227,-1.131114422756202,-1.4105732883886626,0.09717678112588268,0.09977432475099507,0.7952441650730995,-0.0562120403733432,0.6719142336073373,-0.0476202158274259,,-1.3323140158065998,0.0867195194926115,-0.02720843849186071,0.6247683448723194,2.2912085667715547,3.3510750522416557,,0.04950977374183984,,,0.060308282890260904,0.5206326777571818,,-0.08382550376356024,,,-0.06994797398323588,-0.13682014649362118,0.5390476021379879,-0.45026148433191127,-0.3693290697751077,0.25300168512007887,-2.216700161723318,0.30298722061447164
2022-02-18,1.1025400061741106,0.029257630772307038,,,0.8036273042025901,0.3105935794305127,0.4597194986288537,-0.023665790965554722,0.10794340213152243,-0.9762580619882787,0.08346551535829025,-1.5220665705831293,0.05218494814103991,-0.08369433881302293,4.719487265708804,,4.125641055474004,-0.9449591706035738,0.009386152984671705,0.3985748029575879,4.1216718658617735,0.014592552598150635,,-0.24797173787894872,,,3.2251893275986276,1.5381094031757467,,-12.304105846042804,,,0.08476796137548337,-0.08311653912299236,0.6387553150248311,-0.776904282449766,0.3678529468224557,-0.5121156791456709,0.1957250435398339,-3.3994065588062874
2022-02-25,0.7067261303348809,0.060759008772641385,,,0.4254445465032076,0.5607161461529893,0.2730592068028649,0.2067734757910572,0.29852955063061043,-0.13310414717335578,-0.6537445665631486,-1.3903705669254771,-0.13768676029281068,-0.8786494858891717,-0.07130104396900261,,0.17757846995250487,-0.2283098217860077,-0.062468518607155785,0.33168246004623786,-0.228765977525284,-0.8714953730804185,,1.369610277814096,,,-0.10273903350441471,0.18415736055596083,,-0.0821154631036465,,,-0.10158239651925774,4.195478861698295,0.15130727002480976,-1.4208164667623664,0.1404074074213237,0.7740951881016072,0.3557444607665522,-3.725210915555936e-05
2022-03-04,-1.2910352932947717,-0.05018244290092878,,,0.09980934091364033,0.7047056195322848,-0.18125128875920313,0.7732948533524882,-2.2559952945800905,6.862837031996031,0.19630321931663738,0.4834963361021174,-0.1367835064167125,0.01690044518597278,-0.4735872117464209,,-0.15379901749585728,0.03493284407389541,0.10837337082946936,-0.05462015120296421,1.1299022709610391,-0.3812988411271767,,-6.247978493340553,,,-0.017605272768338467,4.681596168592546,,-0.07198951278931096,,,-1.0815331565555883,1.2654860255126192,0.5277475720423596,0.1348134133331439,0.006233246239094829,-0.09688107030188736,2.167484475801035,0.14006832391869942
2022-03-11,-0.4217630127544181,-0.0746390641363716,,,3.2864427275004005,-7.226746009220573,-0.649272433376236,0.655597546808601,-0.0904600051366989,0.6603694143397685,0.6481549931271386,1.5477172421570746,-0.07239657124263899,0.3918774418497727,-3.3672714047155905,,0.21717716124956218,0.1359754305194613,-0.125576158335611,0.10641800015028914,3.092346243707763,0.051414881937702495,,-1.1987491880727883,,,1.042883880250555,-4.218624313219413,,-0.05786772673350568,,,-0.22544011265104832,2.3989275054520878,-0.1936874585010001,-0.09178479579382444,0.08526211830793462,0.7893531183037181,6.339902317437645,-0.014963973040668002
2022-03-18,-0.26027824176531966,4.348564111183452,,,-0.1644797111875227,0.042592616147155725,0.09579316561214134,0.0905562260834626,-0.5136986015037113,0.6847791710167546,-0.394055416823234,0.274741795745151,-1.9749334261630778,-0.02938432221197518,1.2184306787070496,,0.848072963254071,-0.8025741109751616,-0.020473393704829826,-0.33757031079953903,0.6810195163644353,-0.20123319067450363,,-1.2122255949909138,,,0.25617857524443743,0.23411714767594735,,-0.34896841763694475,,,0.6919426053227642,5.059191249272739,0.2540951136179658,2.3986584149710177,0.12113352714976887,0.4023672084560147,-0.33839729383269485,-0.050495643744357395
2022-03-25,-0.033698261842610114,-0.10828763929944528,,,-0.13083378127053308,0.9067467289308063,-0.03384963064057221,0.5512788299859406,-0.053658822075623086,0.8959943840229365,0.4992372581883683,0.24564076886677227,-0.11504916667568801,-0.08342275154694478,-0.8030282251663958,,0.10394318812755435,0.012011760995358098,0.022434361580343343,-2.800932339938621,0.685840577270909,0.05493048454254196,,-1.9460857337822877,,,1.3522085190315067,-0.3714638668041698,,1.788214087400246,,,0.17589812032112076,-2.7248518434486257,-1.8326128507452915,0.914403472579012,0.5236175516761818,2.4075018897037634,1.3713833043958314,0.9122374298018386
2022-04-01,0.49573901079671495,0.3606585394298873,,,-0.1138461363082206,-0.5400976767931774,1.1132976233716732,-2.2577553522057188,1.3420055129427455,0.36296439466879005,-0.12922481491916993,0.14608897347563812,0.03419990848596505,0.0174575812421344,0.2158732973674828,,-0.6041865120339193,0.3464191564682519,0.011644699893614635,-0.032852554800816475,0.37885870512907077,-0.40220137095018443,,0.6741658224353162,-0.051993950978297995,,0.5123948264191605,-0.01492122071518405,,0.3714302856372021,,,-1.5873899954300263,-0.2561596715916521,0.10390966310800907,-0.4031425756445199,0.038699296047867995,-6.434656028634593,-0.885792522312399,0.04267612055347428
2022-04-08,-0.671103180080415,0.017222025827318604,,,0.47862296573104773,0.4266962282083354,-1.2736494485338707,0.19401295640260327,-3.971269202704932,2.5375478028874796,0.5588401294758978,-1.291558099745149,0.04855893917398534,0.008172187281709173,-0.40036585992757256,,1.5748691324514337,0.37710335815520535,0.06836061024408947,1.3114481895095,0.04499250264384108,-1.016834622881823,,-1.062171321834613,0.4869533827105044,0.6874409395630847,-0.2835810611744868,-1.1133355077594478,,-0.08644134477701722,,,-3.37283348028526,1.235623086980944,-1.1141758257922112,-0.5358474635418853,0.24096525698400284,0.08896695444467481,2.215479548713561,-0.19049576291769088
2022-04-15,-0.6777470261246795,2.54671074173607,,,7.958701629221445,1.4155008036453054,-2.1732905942935687,0.7723675570826023,-0.3992446727960339,10.254875530899271,1.4116895236388343,-0.3167457523090894,0.19000239068467933,0.012287609000130657,0.3334075758969977,0.008490541957145006,1.0074440750137368,0.5474685617408226,0.0007960465838291581,0.14442024461856168,-0.6464639511703049,-0.5185617201743329,,0.05001888860826476,0.09163970377243613,-0.02048856653352094,0.14391484353529488,-0.8663589598918446,,-0.5832252740508552,,,1.078080180046531,-1.8139775949973962,3.7275107424562526,0.7736708603112835,-0.05711233277575725,-0.08230802811504243,0.48454204270348294,-0.1795845010432637
2022-04-22,-4.388431594865933,0.10196736987318941,,,0.7684650532896902,0.3660161893791354,-0.8823862571539293,0.18507480890820835,0.917369818276242,4.065391981740377,1.4408707256955648,1.4526281633032385,0.18415705385533765,0.16292070188119612,0.41074266250817354,-0.009334288051285364,0.1531615709122241,0.2345576053576517,0.007844976020649617,-0.3357085097973751,-0.7382643157775426,-0.3425746219147814,,0.22580820712951216,0.6203979738002616,0.007783760611279193,0.02717753906365925,-7.3687951602515005,,-0.5084754903043877,,,-2.193817946915312,2.5439654326293466,-0.043216445438288294,-2.802236577665548,-0.08395858613130762,5.552394951638023,3.946794116758401,-0.4266325873480367
2022-04-29,-2.6741759752128194,-0.020544608578398516,,,0.3791186381166448,-0.17761298893625999,0.1315019504191704,0.3199334266550172,0.20529053110722437,0.5591487455771221,-0.0050524060368140646,1.471884106625941,0.04134134711104631,-0.025880361832741165,-1.3578731535411908,0.019300541324388177,1.4992482278426993,-1.4818039163476098,-0.07562529522018528,0.09483734110841854,-0.5536099594148346,-0.09453544505119583,,-0.10298279189115123,-0.48146426883645105,-0.003881610939844492,-0.7258871771338112,-0.037163660201721405,,0.3036713846544977,,,1.053511492980351,1.300713010474565,-0.40454628961289624,-2.3639364694623604,0.13899207752773043,2.8212191426000515,-0.5983954914491194,0.30438061444899633
2022-05-06,-1.1860259541118505,0.02704006178426857,,,0.7150518900135385,-0.5763639474783882,0.2501359121207172,0.06796823792416422,-0.9397797462203406,5.847681379164313,0.014605558805259758,0.4729267070142986,-0.18766053785900522,0.01117022346362151,-0.46051977296367175,-0.031032231298192787,0.4406281863251451,0.8966339828259031,-0.0011665123210946753,-0.11553787743733857,-1.8096869560247897,0.3735179197192424,,0.3518031800792931,0.5840701832984325,0.06339938022849546,-0.016857405314807703,4.656057141613097,,-0.09413669719862217,,,1.292357476014629,0.2472577115298657,0.055260422309649664,-0.8068686976302326,-0.011734505260167755,-1.5923895123331557,1.5165615513457082,3.3491250458141875
2022-05-13,-1.6447894433940868,0.017108728325396682,,0.00021980681875861306,0.9995800631059886,2.4683433722194663,0.103537208811702,-0.5753136258617849,-0.18418587090067448,0.11778928026073275,0.13381191145897375,0.6388904778531211,-0.09279049080964694,-0.06248225694744326,-0.44726181709519514,0.01111136017543892,-0.41439112087721724,-0.07546957763426144,-0.031792318077202265,-0.004599139765014346,-0.17180286892549793,-0.009875675067283152,,-2.8449793247096475,-0.6092689687937589,0.012765234946549417,0.07748369347638534,-2.0617774396368382,,2.2386027079456072,,,0.07365444903500053,0.8740437998282307,1.0384048340998453,-2.9961173884477663,-1.8194506230643068,-0.041441217807728636,0.6949540625203863,0.2522342787177267
2022-05-20,-1.6770771454263946,-0.7653552924552045,,0.0003513764849043488,0.159926803989799,-1.660336340835861,2.483871247452074,-0.01995350277318044,4.60730643276943,0.15272824464776935,0.0070956886703970115,7.853195142967957,-0.043494780196926576,-1.1390986408201704,-0.08809261320151233,-0.013405369450807517,0.45099211544703455,0.9319408018117082,-0.0007008965812895031,0.19437018284353458,0.7247796283235413,0.026779079946613372,,-1.4463663024996645,0.01062099370755155,2.126312156755115,0.63802993139403,0.9128224598120136,,2.8491684607791545,,,0.38649668826691796,1.0919712986939398,0.6876978474085618,0.3339715665461391,1.0326143224228146,-0.0661363309570058,-0.5357644514248208,0.8363526811633651
2022-05-27,0.22672530318436068,0.0307842497569364,,1.079408810118958,0.12801246242316805,5.134188170352327,-0.5756323404309222,0.013337055404684961,-0.6368502155908998,0.6947528747275076,0.758720262910923,0.49974127082672415,0.0008883803946034179,-0.015264574040149283,1.5277728793736736,1.3992727408402548,-0.01651050404791889,-0.26795650108755936,0.0317097098676935,2.1508862501971677,-0.07201627324983166,-0.03693949459081575,,-1.0589332416602082,0.39808120316629025,-5.740501073053858,2.067136553784291,7.111084126358322,,0.7850713770271415,,,-1.3582171084288976,1.8349681486518572,0.005621930364796905,0.7818445754216639,-0.1358602546442564,0.4711256763616894,2.112996518738425,1.7142111795953534
2022-06-02,0.12031665580856457,0.1392378317910917,,0.0004587768196011949,0.04572507820295778,0.34907336744204054,-0.26572859336609167,0.5276594650355135,-2.1759950750407926,-0.8852251251957568,0.12071361438537759,-4.003855686320101,-2.6474793847051665,0.2975879820404777,0.03998073296051405,0.01817131371827196,-0.11537223391814645,0.036775948996333865,0.15287257536384638,-0.0024814731381640268,-2.5504900889858164,-0.19002129534472725,,0.1846852609084671,0.02606845041252327,0.000523507233233287,-0.08164941087183876,1.682192255909645,,0.09853827292934654,,,-7.896261975879533,10.2459810956767,-0.4222944086734993,-0.044090029484975236,0.16131160721083462,0.3949215959404799,-3.217886621105446,0.06741549160504448
2022-06-10,-3.456394542442838,-0.2867216993093767,,-0.07501447229611277,2.290590150176574,-0.10405110486912882,0.10226180817913214,2.105482115112738,-0.3349407153666051,-0.18450029199059184,-0.5310564145764919,0.2700408104368867,0.15610808245883886,0.7159864862125809,-0.16494646481209507,0.02594465175578158,-2.2119153679756254,1.3220225228440412,-0.014852746260598576,0.5960897633870317,-1.2406319649902176,0.022946143368242744,,0.841230747573746,0.09915918885052485,-0.03102885801677241,0.1869423148292369,-8.007819871539658,,0.436306488455991,,,-2.7344254626969837,4.455909100555503,-1.182839621992938,-0.9825890418403811,0.014845455918029292,0.16802359704710731,1.094575508344196,-0.12785768269308415
2022-06-17,-0.7267889445025744,0.08133856347885533,,-0.018302326881307503,0.5004633312986738,0.10817356874054769,-4.375689982122319,0.04089961218596913,0.07410053539289774,1.3191155448236862,1.2477762530755847,-0.5860577528810365,-0.007543909835148917,0.026619526100135363,-0.1846216934028331,-0.013244948882965124,7.787998849138056,-1.0831200258361622,0.10525211864326156,-0.12597735609596783,10.11314281858836,-0.1425306970649751,,-0.5228747257080881,0.5198512411411798,-0.03490678320770958,0.699284743433845,0.3217900383475306,,0.07503234342435992,,,-0.34313013927597896,5.287258111003123,0.2927973620753995,-0.826122181481707,0.00915806802953446,-0.6565412176105915,0.7502100414437333,-1.263329488746469
2022-06-24,-0.2885329680323996,-0.6409505857211876,,0.001907438074722265,0.2242791123807047,0.21656724380441877,0.15640545455481164,3.158721785459506e-05,-1.7751917910318415,-1.9831360249267909,-2.6374756567923665,0.6410578901384647,0.05691635563768197,-0.03237690403488827,0.9943144578075003,0.19377214859384814,-0.7563462472683675,-0.07039372656895122,0.005133594554896379,-0.1465742491662872,1.8493582854218114,-0.07194124885247405,-0.13584296051078193,-1.5242716093207058,-4.0515559874222715,-0.017175683552557615,-0.07464436085722709,-0.8646934369326755,,0.12412762612352,,,1.5459018334772878,0.6424015445220086,-1.982629761467317,-0.4501228065648378,-0.019093282899155156,-1.252169877241426,3.252466350260221,6.8852822533719165
2022-07-01,-0.603667180056568,0.07723774407732346,,0.04584193061966751,-1.666111032855337,0.2565277190175543,0.25214991675328235,0.05873814923891156,4.896157222478588,1.2073819065431626,1.0152993917855937,-3.97826820154976,-0.0012077807347585928,0.5166937915593698,1.7515768679196477,0.09594829024814305,0.3214402444004454,0.2922547907406403,0.1683397235328842,-0.037726224484888306,0.49955981279468376,-0.26488381347799633,-0.18235138305862497,3.798889856179817,-0.008545819608226292,-0.16358036408747517,0.05894222483503259,1.9262872491856022,,1.6310927705398692,,,0.3585639773253364,0.9566094585028803,-3.0199187713528266,-0.03190344367026028,0.044943063018604325,-0.22334605357867413,1.0726803961021067,-0.14564528055141232
2022-07-08,1.8293342274724393,0.07631905919130338,,0.02439276979584936,-0.5828066908741921,-1.0336840422247,0.20410759149309093,-0.7913853213044415,0.8028234089128775,1.6124128830367228,2.131017144837543,0.25475045924600426,0.03409538838503924,1.088609597355601,1.0151970447513248,0.7693755091906799,2.569549018494082,1.113021391544633,-0.011572660894718284,0.11862270002977032,0.749248072252449,1.2457250238244608,-0.020508386504271853,-0.7105914661391631,-0.004914383725401018,-0.018741799570505334,0.1404777642437523,0.7398642943233951,,0.1312644921824337,,,-1.278726326718178,1.0323020624599832,0.36226942901215525,2.2512033668321374,0.06501786706205068,0.15715314435311176,0.8079995734648039,-0.2440206753659101
2022-07-15,0.2876169834329685,0.048342741930974244,,0.000545971188781514,0.8136689387045745,-0.31806023649363185,0.18978336194848486,-0.5990535982952757,1.8203133225151436,3.2946506098314874,-0.3097450188190546,-2.5739198033330255,-0.07644489808277989,3.1819093221194246,-0.07522091979829833,0.29363390111929233,0.39152650691032187,2.9772577482871427,0.019637199321999362,-0.27141560181506574,-2.46269601745219,-0.43211210163022057,-0.019193427556027758,3.0547091768496895,0.5337740626976804,0.010560810525613007,-0.43928071979653194,3.9424590621857094,,0.17551968114013225,,,1.6627930189066753,2.2073048804083175,-0.49625970978177236,0.5659550809021466,0.5414638046233737,0.6532600615733518,11.815637385551323,0.05316708208166725
2022-07-22,0.8941276159704931,0.09209192235284053,,0.12844215788741642,-0.5723425699609014,1.2662429010495952,-0.12351193701786689,1.519248893040518,1.3104720847338966,-0.30771546883260575,-0.0730727823142665,0.9450333555708141,-0.017438593370494342,0.28375797353495297,1.3054119497167775,0.005594429847645016,-0.08219122441795611,0.09802788635301063,0.005463350091027017,-0.34934050033490455,-1.3560463542136092,0.020551441757143955,-0.009232872795992466,-74.56042808134526,-0.6993468274410196,0.11912728717894246,0.1808545012936661,9.493329569897837,,-0.12396027340559958,,,6.877636604358391,0.43677258706553734,-1.4494064586927142,-3.370364087322746,0.027553098685494756,-0.639892073918706,-0.9340217914463285,-0.028962156956229897
2022-07-29,-6.612074014986263,0.2677012991540976,,0.0071904291484803165,-0.24918303956227356,0.23428210426397678,0.9882066460265331,0.1637942313066075,-2.1976786869201312,-0.18967523616182122,0.9024130851341464,0.3756752832685439,0.010320344950936103,0.3553469143481118,-0.39405967104275086,0.05772180523626495,-0.1384594702572971,0.21269937686475365,0.02894356098868127,1.9286890885016936,1.1001778753365832,-1.6406295889733207,-0.004857165283724519,8.685802121648534,0.1983002336017477,0.0029885809117315256,0.03915890534399219,1.7865218177708786,,-1.7086079640583094,,,3.138673652531109,-0.10248894603780566,2.5532297767414933,-1.329589764726709,-0.02226295881690395,0.06793702496873257,0.4050224415661065,0.767559832136163
2022-08-05,0.33650926314636503,0.016255198640061357,,0.0003769584754497675,0.22607292311093202,2.5846535575505944,-3.4812739410788707,-0.8378894081491811,2.5617792616511808,0.5436660176670224,0.7548904686742636,-0.18496315330990087,-0.2362496636854291,1.7021236626401013,-0.03319282937312321,0.08023377584807526,0.09788578596402622,-0.07589470380392138,-1.639097391771987,-0.10282687105436494,-6.703367409583497,-1.0913200213821908,-0.018785309219230033,1.906237088939457,-0.20307336201848758,0.00024659319946371635,-5.568365625523165,3.7465449029446027,,-2.10246298136634,,,4.465842936327701,-1.8453170555721723,-0.17965336138413618,-0.4437533326165067,-3.2254351666821917,-0.3245541565339754,-2.3370446079289255,-0.2805602805946099
2022-08-12,-0.42545043645715913,1.88898476584102,,-0.06360344363679309,-0.0687182894132806,4.954257341245285,0.0036309821872710837,-1.3353067468376336,0.1620054712817706,0.23802358207766736,-0.5606075370268204,-0.8634126237542565,-0.19397120186980166,-0.04263484994561842,0.30364012045376915,0.011413961640072186,-0.57894310885427,-0.8154837427031075,-0.8715223983629332,1.5959207374876736,-3.9111960690892342,-0.09472743458149241,-0.0016885789211398103,-7.8540321824864465,0.17660402383450538,0.12537875341269955,-1.9430618447798877,0.9050133709760281,,-0.347515690355483,,,0.1890729089495784,1.3970497179065793,-6.321394385661347,5.46998093711784,0.07602864048099395,-0.5112633496132999,-1.5140296520813474,2.6956714934635113
2022-08-19,1.5105014403603738,3.1692547150055366,,-0.0406543322031909,1.4658712431579013,0.28288111393020227,0.5599558778489109,0.039525899302393586,2.1871182752089786,0.7746399548998157,2.6253578351274203,0.047700428680595625,-0.5531092743246083,0.2254356311264513,0.158977791772507,0.00012186256033295054,-0.04890320899804251,-1.916009352978309,-0.09499403944628335,-0.38012951828597336,-4.104575357864405,-0.27062042253521956,0.0055864625177912824,5.019561052526428,-0.0057105049171920896,-0.01900219393522673,0.1743604268162353,-2.5195079306649273,,-5.352889658989148,,,-4.29441632690943,-1.0043466550115332,-0.6886201002760481,-0.8714696024970066,0.012459030702678106,-1.1492511605741047,-0.2375957298559185,-0.43662222934994444
2022-08-26,-0.5661296840194038,-2.8863451327119756,,0.0016699047193982149,1.0403035986888385,0.12697809448798072,0.19491170693638465,0.05490113019991483,-1.0164664315438718,1.745585600767271,1.8422060497275212,-0.256149786332421,-0.006968632706538261,-0.5577616415216838,2.2255693978488336,0.11065168630713601,0.026957051227833068,-0.2396093769302285,0.010185965727887443,-0.41952416080403576,-6.514725251768391,-1.6165896577715095,-0.0071560569095238,-0.7912184418082739,3.978504674382053,0.35498601749117714,-0.18344115312144238,-7.373039938281338,,0.12352206117231054,,,0.8116809718222071,-1.3326486090954481,-0.3760442203794468,-2.1493167851535966,-0.21432563481580513,-1.7640258322249631,9.124932510889233,-3.756092055638799
2022-09-02,-0.7093777210009019,0.039514061311993746,,0.001061834625784629,0.053208099353649514,-0.06948142821015788,0.19848603527228692,-2.8667199103523884,1.8141158892707558,1.8827168758741932,-1.5168744771968596,-0.47668437224740623,-0.035682042887162105,0.47386453570722364,-0.04466551578093286,3.1266613375775987,0.7634704643994912,-0.6899307800926737,0.01790475620764753,-0.007008446132766515,-4.37817849434692,0.08383618634924099,-0.1117375463719286,0.21713368213764478,0.19378338845819387,-0.5329223066701868,0.2524162131686802,-2.3322145352753747,,-0.7688976632206443,,,0.12795348309323754,1.246298097218027,-0.8986708343176959,0.17822389220017684,-0.3624533449605194,0.16979817386036566,0.5586876978985462,-5.601398521102986
2022-09-09,0.835855728697676,0.3034543469882589,,0.0006220958209970626,0.09900194929463835,0.31528178316154143,-0.641724410582913,0.9578289569628352,-0.22329102739589662,-0.05945353672110759,-0.026462048102597446,-1.4907715539366488,3.7885284003221127,0.899532916783907,-0.45046479003028,0.07204124465427961,-0.14199344031606176,-3.140846715476581,-0.005816666856922649,-0.6558226342928918,-0.9135219061167507,-0.6026806404625894,-0.003503719384979233,1.8476576308589763,-1.8033794582076574,-0.027731978932614525,-2.4044855057863352,0.0357224335022831,,3.678023601775413,,,-0.6715174285149987,0.3046900068500912,-1.2165657302814261,4.6216758857512765,0.039423706821932976,-0.4079142964919428,-7.752380727827236,-0.13465340661858732
2022-09-16,-2.0148906309217756,-0.07204034559030714,,0.27552369802318044,-0.31808898753437725,-2.9123972130593323,0.11636923091903865,3.7304391754468402,0.2142706647398352,2.3888229148542246,-0.546815273631632,0.026728269437226324,-0.0856056771018176,-0.15055222248447275,0.22748998191458786,0.01278038661688004,0.8440178640256436,-0.04002807319474087,-0.1732671009515746,-0.12379489488844811,0.5989605300827305,-0.17945676913778294,0.16588672660150516,-0.8532944785480775,-0.6349938939108598,0.001077233996151506,0.07383826507730923,3.9740885109377646,,-0.8445715674791636,,,-0.1887316335627955,1.7228483447805782,-0.9220594048419677,0.7233857694055729,0.023673337751321275,3.4713398745510564,0.7572247779597482,-0.0583891096623918
2022-09-23,-3.8384664206094654,-0.1521575074880102,,0.00029535460046561056,-1.5571104189842038,-0.6755606742482432,0.1678413524601868,-0.23129523296068547,5.323945797916443,1.6196147683628466,2.1728178915351553,-1.2791772381712487,-0.3682653603224645,-0.5235824243714388,1.140314128481074,2.61477802475071,0.10948973819645903,-0.6502827999983735,-0.01850732424414528,0.0018570752392964383,0.7188105329372091,0.8297545120568507,-0.002755763918630108,0.6633181566900751,-0.024549461289525894,-0.3162728996548375,0.2563789049441479,-2.334583930598468,,0.5395324215229172,,,4.6586408684467076,-0.07964831446340315,-0.46826359612505675,0.4667518300041472,0.3648221597609528,0.19393740112912528,-1.3008955697222648,0.193964369731737
2022-09-30,-1.9974592249565852,-0.308392238986059,,0.002389051530493227,-0.7095221874921149,1.6181639036191646,0.10007299831640723,0.11850386187532658,-1.607247474778283,0.22157661964086908,1.6006646016349828,-1.3293940465566845,-0.5734301530949555,0.09099337956146032,-0.3662438281487406,0.08084257601104058,-0.6124828285561382,0.03955132151466013,0.01780213044949106,-1.9101390132371743,5.071927792385946,-0.037476175647502344,-0.01214128163839888,0.3709009305237089,0.3549210982714234,0.0022638114465139657,-0.17029680673760247,0.5219210294010506,,0.6948038101113057,,,0.4870689148715509,1.8150484704335725,-0.19644234506148467,-1.317521497517398,0.08446270841105408,-0.23550268304272512,0.6366277080941787,0.595781354906489
2022-10-14,-1.3846819055106403,-0.11330048987147777,,-0.06590010016708436,-0.4460650991659054,-0.7842905290545148,0.023870475444287012,-0.5745055894250465,3.981934959865187,1.3102902997702146,11.736818366863861,-0.017842527982838335,1.0139195633363915,-0.8247090636710821,-0.11319319335860471,0.2575393681558345,-0.23749775859642416,0.0710187276772826,-0.01709825854992658,-0.34220460261852503,-2.763987490750952,-0.019108659537072956,-0.03383552778369531,-0.2901272067488667,0.14143123104638466,-0.3682274177587182,-0.6546937560125644,-0.3516568353629396,,0.7333096041153238,,,6.91747039858342,-0.24605899687886518,-0.9581098754449149,-1.3127430950308032,0.013008096275614464,0.05956747187125485,1.859447347000355,-0.6702577129746562
2022-10-21,-0.4108861949647497,-0.003953454661244746,,0.03142854861603249,-0.24550883133209417,1.1901585437753792,0.4107768620074536,0.6110128275079645,6.1050885923257106,0.06467730899056268,0.20001464047153733,0.233358566298734,-0.39889601059612156,-0.11159191869558477,0.5981546371180518,0.014463432460459403,-4.677277417600398,-0.023080935582500326,-1.73142933685158,0.9853077943410122,0.033176006752775655,-0.04366899284997408,0.002374813002540297,1.1568886673362617,-3.6217399925418268,-0.9695852035067778,1.1440639086837234,3.515825657534541,,-0.16526614326294542,,,-0.840867264978062,-1.5919262045004448,-0.7397757738838747,-2.3956286842427668,-0.016060139775938478,-0.5175819297417432,-0.28736660804496506,-0.7251159842289464
2022-10-28,-0.35406610105714964,0.19791961312601758,,-0.0029970775873058705,-5.467283136030063,-0.5449132667927519,0.26054019957737456,-0.42604077628676473,27.318997157449548,1.203343262666405,-1.8313327004876423,0.5693746753731147,-0.08767341689009478,0.022276319168339272,-0.859934009360796,-0.02115734262517817,0.586131591654267,-0.19252364977468464,0.15241421113608306,-9.406688017490016,-1.9726359729994016,0.9438103247433762,-0.0010016784254693034,0.9479911338188852,-0.3525200443491109,-0.006734904736486287,-0.2263421164872155,0.18547069560568125,,4.957577315517662,,,-0.33123318614174835,-0.7880790701307011,41.39408434231185,1.6581967200359466,0.027008596144908623,0.007856594816482758,3.748349479000821,-0.6522107687124821
2022-11-04,0.7244040551663691,2.035424272153699,,0.0049193362480918395,0.09729569026266191,0.8309041319737602,0.7018948518367518,-0.6202347714369912,-0.624774324766886,-0.4384764121969315,-0.378311462571551,-0.10106728305863834,-1.1565862378482463,0.05302884381672268,-0.8734348628108031,0.0017738872544537944,-1.0920360706195031,-0.23476345077626046,0.06162752604056575,0.6663660232961748,0.22603817909169738,0.8368844042630719,-0.024755641792242017,1.7861450683434066,-0.2028964822002129,-0.0054832727800386595,-0.6055922879289607,-0.40153236103259915,,0.5681352158072336,,,0.2737534501240294,-0.4952306140248443,-0.21487884149520364,-1.7477528103307876,0.009291627025400985,0.31339565706304034,0.6351652137185877,0.5404739790479971
2022-11-11,1.74562508933804,0.024568625898267638,,0.0043872292358831935,-5.884268024541221,-0.009121805954738703,-0.4497001039286621,-1.4150604748001931,0.1591081894478935,3.702035153569417,-0.2066353475797283,-0.15681642559107942,-0.8213182620655128,-0.007695446461378248,-0.16094269536021183,0.01162999303700498,10.151907070089669,0.5961365388731501,0.01739939903084835,0.0850753128459541,3.9899628722509943,0.942557532774733,-0.42701345090023657,3.112516590905126,0.06676498278881102,0.0009324237052351434,-0.0204000488166759,-4.3228495845281705,,0.11953199508764366,,,1.487566239776971,0.8749042984809341,0.22834790841842828,-1.8801220196999435,0.058312074430459306,0.11100243755099996,0.4855795081782867,0.1478476486118209
2022-11-18,1.935279526196893,0.37564763203529933,,0.000617477995374798,0.3608988569854708,-1.8045713834753259,-0.06769366867777682,0.021892523820709338,-2.230034699592909,-0.9893342177148231,-0.6505000762634265,-0.8933174724928828,0.08494026314989704,0.027051800486720082,0.08949594849777238,0.0053798634572745285,-1.0137241836268007,0.2845770877326499,-0.07249159518207854,-0.8458955166898796,-2.301745237681116,-1.1566305431423536,-0.0032702280936904526,0.6149470552909401,0.0026982002944517663,-0.03692967771984532,-0.3775452549862046,0.33861884612455667,,0.9555141071535381,,,0.11853010987191111,1.4014847061852898,1.3480575672136603,-4.69927954757957,0.002169429439362176,-0.1033599803929316,0.02774463114716995,-5.09918158674608
2022-11-25,0.2567307794138606,-0.856250865570014,,-0.0012639123797001791,-1.6702633081409992,1.0887116562517194,-0.7147550840167105,-0.32388429171428995,0.5372765436716421,1.6335328987598596,-0.42188166250012543,0.6542700009965426,-0.042793371323432215,0.16399024305974697,-0.35861654048490865,0.06258607205954372,-0.2240886712571375,-0.04157789346451848,0.09033477700634773,-0.0236772340587324,-2.6934539852652835,3.1084881928621098,0.6244587978393703,9.377287462295,-2.5241109008419564,-0.12419567206454038,0.2581026209563393,-0.029921264362486183,,-0.7284377315614845,,,-0.9324741332457227,-25.990226156418007,2.6057279855368005,-0.06706492817628414,0.032050080700072314,1.5782953564088247,-2.0833796862963747,2.9587107509460004
2022-12-02,-0.12652010173109285,1.7898958966341343,,0.0007308070340761901,0.0012226723373629008,-1.636975098185224,0.25789197850131496,0.19948683732829453,1.4953834181941281,0.04246286231634956,4.9605692601258085,-0.022726080042494576,-0.6012868180200875,0.4046036683036627,-0.04500202756573218,0.004828087434932233,-0.033397104904353575,-0.2776697246541154,-0.023752310002819275,-0.873179274539261,-3.0067546072926334,-1.2774548580463916,-0.17588311884220015,-0.786615166056394,-0.3383522463504485,0.01679880577033907,0.160570047191832,0.05601536821305885,,-2.950691214389822,,,1.6532736031589048,-4.5482081524595435,-0.029368262521386412,2.0102535322021806,-0.21534528304407105,-0.23716622035597895,1.0545614174791438,-1.5576008073260401
2022-12-09,-0.8429759592536298,0.01965390052386764,,-0.017523702557289533,0.9333778052316154,-1.2711649594596341,0.09478098212344095,-0.06598170266553086,5.033678982661957,-0.7945587683318961,4.719585460914521,-0.9132687611679395,-0.004093261616387707,0.46221009368812366,0.740466766774741,0.20548512312184586,2.003726880962051,0.21789476832565732,-0.02056031274814893,-0.3450682237459509,-3.310127895385767,0.21999030941910658,-0.00443008520354218,1.8071153655084817,0.024602431306532557,0.13161499532907983,0.29599038176208037,-0.5891520597214994,,-0.9137695374117598,,,1.0752740456999437,0.9176880702683975,-0.4261774829974654,-1.7404395779826018,-0.05346005601232316,0.3051540001439964,1.0408867547157237,1.968641981202039
2022-12-16,-3.31803237485308,-4.108669311855203,,-0.07414532092058221,2.076643374331235,0.059276647469176894,0.08157229989053374,-0.5311731227302156,0.6383635438214462,4.876817318639737,1.3661302646409634,0.07339014426559297,0.11409072503926017,-0.17805077336561623,-0.5849415236510533,0.23719856507447892,0.9288925285443732,0.012054363115332853,-0.2966159772565727,-0.05698269938444131,0.497743311124643,0.8165082977889503,-0.33685079772449933,3.1667447049103346,-1.4194950076093644,-0.018276695566974095,-2.9956099584866935,2.051731664246772,0.5308971635187701,0.1307891126606006,,,2.003437601259834,-0.4190682387791678,0.2357189208227025,4.3652113574635525,-0.11737787546670059,-0.2119007310085757,33.37947538010689,3.558068394186578
2022-12-23,-1.3426551387399552,0.35670406232641105,,0.0008518375911870941,1.8840691050086984,0.23846232708264525,1.9802656596369053,-0.5785339778993629,-5.315563234129577,-0.842144473792475,1.2641097796748144,-0.6007639531872,0.43228984934132547,0.8567677148577044,0.012416626079216715,-0.0011503712991425066,-0.6917672540677624,-0.46971637678640565,-0.07945929444981394,0.2389186351992615,9.63142626115421,0.3469434712512492,-0.015152930452934383,-0.8504396431287261,0.26263858303511994,-0.006616824897129202,-0.30577492129792133,-7.868118486246424,0.022808042197356,-0.2456153591273077,,,1.409503026004118,-3.005639982722457,-1.4010717019996317,-2.01383499021093,0.02559478019681085,-0.05264949520404592,1.0407269289806123,1.6949448786161767
2022-12-31,-8.894557489459498,0.41538910807918844,,0.01315655680775496,-0.0484989151469451,-2.382504706967856,-1.172254830802467,-0.1782882689847071,-3.0870840537763726,-0.48000428312079313,0.9667970908490995,-1.1611605336403652,0.6638496815298754,2.327992601492297,-0.5007593857875084,0.021853179729319668,0.22592995697430482,0.18291671610502588,-0.10984398589840731,0.16731264633117418,1.1597669541937803,0.41667994107264295,-0.021967878267830875,1.041761000086506,-0.026720890693854825,0.0016776134407715502,0.003648230609293686,-1.6403587954438887,-0.15554096507754872,2.117045789055545,,,0.19540979872957975,-0.5490620405895292,-0.6080712965408637,0.6411469224199181,0.25702065967010673,0.32075005934619033,-1.9963936687830377,-0.1926885174980181
2023-01-06,-0.4780208476917083,0.7329775799643821,,0.01054412996655123,0.7962239863002332,-0.426563541769316,1.163269023577591,2.613593170622673,5.24377375964686,1.6720301751587294,-0.009476435372128344,-0.6717751363397995,-0.27741490442215483,-0.040890108991265973,0.6712093885669179,0.05205905123325639,-0.0011026273318700264,0.1141802336036997,-0.0062634005558171845,0.45108391000473075,0.2589337774752193,-0.4879810422236281,-0.009940690988402546,1.879781391776081,-0.24510771330696632,-0.23797196192452214,0.01625423745803338,-0.21418761597763464,-0.022364659481014952,-0.25571349451381714,,,-0.8216510166623092,-2.0825013225117655,0.5928358442139632,0.25386278402350687,0.0037912793361687563,-2.7974209496357663,-0.13681773835897654,1.529847448057349
2023-01-13,-1.1647782142574952,0.0409630327742348,,-0.11759892955086065,1.5262608878003512,0.2955711562402481,1.3199427765704077,1.0916099554594652,-1.1528770802510246,5.714450973963975,-3.609530643599367,0.7997760691202542,0.06636001223965828,2.3553899929245925,-0.04325646317756869,-0.05337849275963928,0.36164612164790233,-0.08994136708620812,-0.13158316319667346,-0.14435754367478637,-5.607407121078035,0.26153232665752457,0.2820536193955942,-2.029647866479827,-0.06531353470985038,0.0009397581343466191,1.0731914474307342,-0.9310947744457397,-0.04335789269204701,0.17595175516416184,,,1.8185396972685055,-0.05916052512360297,-0.264077236146204,1.7879002031504694,-0.20623269098815786,-8.352251920623521,-2.261189603276842,3.684225772698014
2023-01-20,0.12602946415033625,0.22851851214231475,,0.6843232451990655,2.089943245311389,0.5098485637477002,0.2152256317526926,-0.17633113578346224,-0.0007005687804894634,2.7998904344556914,-0.3026574184066587,-0.10490584406619073,0.06657987895628834,-0.2586500215147601,0.30310015703037774,0.042142300367694716,0.01800691092545907,0.06750995155579849,0.156079424763625,-0.1390755677138439,-1.6109737376517066,-0.26475475387087255,-0.1152354325621688,3.345310770637273,0.46396725844674835,-0.013698395889194238,0.49132910916704636,-0.5895893447852245,-0.0367868425017191,-0.0459141585791584,,,-1.4540388923787497,-4.268203877686773,-0.9126009033997912,-0.1686830423864172,0.18376181504169328,-1.174634945756984,-1.574414804509161,-0.6245691486435124
2023-02-03,-0.23986842846877343,0.9003904239197622,,0.05284046008102482,-0.144393935651706,1.1449634096860224,0.724965996357297,0.3049946552343439,-0.16829716448987564,-2.151877142177604,4.057029801669096,0.9964024131885497,-0.33371637772075924,2.8155666683394815,-0.10499046892998061,0.1569393816298035,0.9586545957218687,2.336268726515794,-0.02186009696887494,0.010652535931555879,-0.7429006283999526,0.37627052148722895,-0.20012614452454708,-0.2577805504313787,-0.2710944950451671,0.020283319917117168,-0.04680640340031773,3.387557261122444,-1.5640244015586908,1.334870157830761,,,1.7480601806633005,-3.196189423736606,-2.1699110334432303,-0.5650532030895067,0.0005767310303892263,-2.6789354698625347,2.742862628422376,1.589157166457772
2023-02-10,-2.2446828566869996,0.5687374908171258,,-0.5739841399026957,0.2348134921264454,-0.1629830279474725,0.8191580143634968,0.7045291985704011,1.7749541734937109,0.8393625938584524,4.1914715757477685,0.635592797076329,-0.08394630918776624,-0.00659201330091428,-0.8422649024817742,0.019745701723539583,0.01379869861975467,0.4714141048777783,0.3079060507655774,-0.10232233705000505,0.1467419083430629,-1.5631264166872108,-0.01890524848004436,-1.347777564341581,0.09954831625349839,-0.018082382247250825,-2.226075576571114,0.06176257582803672,3.904816243866576,1.4997241690088876,,,0.0894068632751399,-2.1119001224755567,0.19335613445047317,0.011960337731902554,0.019169805342238284,0.5849230250648992,-2.464050097441714,1.609462130255928
2023-02-17,-0.3947278331608996,0.22481802931731065,,0.12050174860776353,0.7469093505151048,0.3401618394606787,0.16614475892183125,0.38841086272021585,4.21928968713654,-6.049441803630566,-0.6110128132182988,0.40031408862091145,-0.4899964018900223,3.6141631373626457,-0.6923483282896472,0.022195257618148702,0.4490749760797871,1.5919564776357014,-0.18171809185078225,-1.4467572878510566,-1.6409491521600426,-0.9561644975756172,0.6082598896360116,2.4568896666389657,-0.049755464760460014,-0.03438064387599284,0.0729494174886748,-0.7158066034901597,-0.208147926477418,0.9526724588321454,,,0.5078617346870055,-0.6147924302388326,-0.2857561458045137,0.21445220575297502,1.9466099651547737,0.36354283104206264,-1.5993708873577495,0.7749065908361435
2023-02-24,-3.14217591708923,-1.0803499478110936,,7.878253998187899e-05,-0.22857736899206701,1.9864760844985752,-0.09915640486485999,-4.212180788608494,-0.5760392389923351,2.2538693091634285,-0.9459663646368766,0.9491231840524916,0.09924952715438096,0.3084937419012297,1.0499663527456424,0.566838285674003,2.5664000838158763,0.013445894198817868,0.36101654340209927,0.6271911484514174,-2.151565045905794,0.3862809394341901,-0.11251897555405461,6.819193139875114,0.779036831017794,-0.009451509051642869,-0.15032501334066667,-1.7798237039831628,0.017138626320567833,0.47126706401510227,,,6.713449121814941,-1.2496228868671708,0.9461456577726672,1.6798235986654912,0.12585683389046676,0.19223856822989188,-2.6930934994556934,-1.104344878707404
2023-03-03,-6.205624792190025,-1.8807034838923953,,-0.10482546802485368,0.5178161999427389,-0.5692183795505181,1.4348469953425065,-2.264589110903406,-3.9784589027660324,5.209378646095971,-1.8379109076423559,0.08468047710088508,0.17076663649629964,0.37299233604109494,-0.06386267711833002,0.6194732574397462,0.15020555584752257,1.5379175220598142,-0.013991127570718558,-0.007577580044382732,-1.597695119775724,0.7221481819655725,-1.7632459554832691,0.11089023552725699,-0.412333557243161,0.006739649115742719,-0.15869129919161928,-2.197206588075031,-0.011441456811143192,1.5941496836869582,,,-4.23629528714529,-1.4054586233430695,-7.438639997066139,1.1212557283487115,0.402800258481758,-0.47146537423192475,47.424376538077944,-0.8173354761017558
2023-03-10,-3.065215087852083,0.06745619920208301,,0.0023685448159393822,-0.008811573870918146,1.9464471023660563,0.07168811099628145,0.5954169532854976,1.541931170333574,3.7159415395250472,-3.4648893359891275,-2.1619490018622027,-0.8577302552537531,0.02698643930522369,-0.5631676590416084,0.013928723097143816,0.3173725113346973,1.1020161371076898,0.04030655970669504,0.7377105236944977,-0.9098464192099207,-1.6811915925488947,-0.0008642062080611879,0.6890073242956225,-1.8484312806932477,-0.17372451565348554,0.036211275967284684,-6.937083226856589,-0.00890454842729766,1.790485210740937,,,0.966873996575863,-0.8466985196481641,-0.21112944356597194,-2.608721506874268,0.0024326567928005857,0.5120080515967516,-0.7134724516674609,4.755276663996238
2023-03-17,0.5937879207268294,0.39837992448204707,,-0.23768048465694785,0.45191144450810156,0.452117978680404,0.11271924586668908,-12.174830285390764,9.417904794814,2.1240852065067775,-1.1726632166482454,0.2130391459884157,-0.29007313401899026,-0.1559867543053655,-0.20234408005102705,1.2473134347225665,0.36596582124017346,0.3350133621187608,-0.10863096346972236,-0.1580127954870961,-2.5703337698705946,-0.03168806173415244,-0.11048147918545836,-0.56304023504436,-0.1923844441056566,0.0002187544241505046,0.5166361004563944,0.5002094207353659,-0.01404605254532145,-2.987119750418331,,,1.4527395577069449,-1.04255390530166,-0.1005330269978766,0.5967144284213388,0.032430860779502066,0.224531443195464,0.8455879428184492,-0.09832593777541407
2023-03-24,-3.6047235532795465,0.02109860840230813,,0.022453835144880026,-0.4308270588529145,3.92281148480561,0.7117316662027889,0.04528666318951327,-0.7610355331036708,-0.1807148155773934,-0.16365876602409346,0.5759312494220491,-1.1585335308321743,0.2034794493964557,-0.062010440711856823,0.010854715954411684,-0.028446730689861522,-1.9615256702103205,-0.1490645668211819,0.3715529067743651,-2.198008044317821,-0.054866321131163354,-0.8680406100271237,4.810493884318274,-0.6280454953184038,-0.5252230991825428,-0.07185792157619156,0.4722863720495497,0.2017133706692759,2.0775817068763613,,,-2.624313602608783,0.17631050642525892,-0.35027911288167946,-0.5339597080365073,0.4956567212541913,-1.6386082996752362,-0.2683432115534882,2.2830815623463923
2023-03-31,0.12443543300542508,-2.2857293910097995,,-0.051569627432631604,0.20642056106695122,-0.860130302156763,0.8496540010896392,0.6689496339004706,2.0906809435102858,-2.241595954629536,0.38772660142148596,0.2696160321428267,0.06376130646058008,-2.0449366639966478,-0.1882299705328888,0.047919928504584416,1.1530363827083199,-0.644405033850159,-0.3795512047631932,0.41458330634902557,-5.793670901037106,0.007826746385387825,-0.00046046325903210256,-17.087474603832895,-0.06292778987954996,0.00045188956041093,-0.008127368904311103,1.4539997881893272,-1.0173493671391602,-0.6249788341021876,,,-1.4816074578363336,0.029639926039616293,-2.0297379258028134,-1.1106096568436619,0.014950874560310714,0.6999511628508409,5.270086963186774,2.105674871575439
2023-04-07,-3.1155733648510284,0.6894805726008162,,0.1400328371048371,-0.05710522903260461,-0.11928387315322711,1.861662410035205,-0.1499462630666353,1.70992873779752,0.03608287600275905,0.10219500319841966,2.7496046054045937,-0.3189479429468026,0.34511426887522456,-0.21261009294218372,0.030892141977891058,-2.7494863196840416,-0.07346456997858875,0.016155783865720502,-0.298436154300863,0.6008078928179128,-0.11179239441490602,-9.515030447268535e-05,-0.9575931877377055,-0.41990441713382237,-0.007629429957388993,3.133115309303309,-1.518915619005859,-1.8418893880003506,1.1672254705811338,,,-0.4813455959488637,2.6840462429927894,-0.1345308749673429,0.08604967666790372,0.06818668080851716,0.3282849649283324,0.23100116730576195,0.21580680191828094
2023-04-14,0.47252142256504287,0.2509119321097515,,0.0026582083292815755,-0.6702689299022028,0.14612893378139366,1.2776671851751213,0.4038010091808045,0.1314423078699878,9.181788870846706,0.12367341482670977,0.24878550280373157,-0.06444059323637352,-1.313459318591016,0.4793186619544457,0.02111084695007958,1.5569881365475498,-0.026603665088898165,-0.5572004498743581,-0.8594454794982952,-3.6233097277089428,-0.11359014766397618,0.005928535721070908,0.1417711494715067,-0.21282592559309427,0.00024139207932475322,0.1466864468328042,-0.9240872869448293,0.03322195874101924,1.1122581234714626,,,0.2951563113029106,3.741876732704871,1.8344796603970268,-0.4448563143792769,0.4532507575752702,-2.3351160785122524,-1.7396737451407853,0.08777447907188754
2023-04-21,3.999090259852322,0.1067410335422905,,0.036989959200839265,-0.4084973653425002,-2.624608297223676,-1.6395865093969433,-0.14905681986514735,-1.214676783985026,-0.0024459606303688475,0.11404172808068988,-0.29964946845361795,-0.0445927887902842,0.1459321033437622,-0.10769901698329684,0.3285862726210807,0.02004168320998592,-0.2815197830896724,1.3318669429914014,-0.026750418314383004,-2.26904632442714,0.23740314396057494,0.02024835248482961,-4.689660838966991,-4.798509268766707,-0.016408552969313137,-1.1420032127808328,-1.7815223911648306,-0.25148310963902576,0.4823716982095049,,,0.19592821652135717,-0.021611974303762622,5.341795302866225,0.9617860597068346,0.0026259001773897804,1.2522041578604335,0.985425702834521,0.2059464458564735
2023-04-28,-0.2789370208181626,0.26897680804375435,,-0.009040269861113823,0.2640050080623354,-0.3083530247038212,-0.006103173823039758,-2.283272286987961,-0.13166066203519972,0.4614005551021333,0.04957242834152285,-0.17990970259436012,-3.853043030829044,0.3583366300934246,0.9471605969290106,0.09335195092867694,0.5536196059189443,0.04789762981980089,-0.08955422351052017,-0.6478512928072524,-0.9783533496808605,0.41599263686691956,-0.00538509179079902,0.878410199770177,0.30106787931948975,0.026265501953688423,-0.4001141386621362,-0.1320565659289429,0.018003183737404487,-0.03105307554292796,,,1.083446588759897,1.390578269999212,-4.901190423063571,0.24694491340955893,0.01481989551811059,4.745314533113112,-0.42452733856830716,0.5494611686415461
2023-05-05,-0.7898033287634803,0.02479890855305699,,-0.031789413885069305,-0.3323866971663232,-0.6202261855768862,-0.029711786463377382,-1.4189928967666376,1.3844009310130214,2.620429937271693,0.04834216914312511,-1.59182256372036,-0.3645076607586428,-0.047877622312611876,-1.973212277720556,0.20631256003944196,-0.3945320796606311,0.0924348262930079,0.02238593067765688,0.15786611038032117,0.18546902274463303,-0.06572812304192088,0.8814044849224691,-4.086406347776701,-0.2994436613494957,0.00021343847201062084,-0.1948584162690209,-0.9135067365374737,0.0658557432866428,-0.15275701945832296,,,1.7709673175382812,-2.0298213692480447,-0.14388548125561434,-0.1257988172270878,-0.002880351863934083,-0.4372045393790871,-4.042345087385249,1.5169107768098486
2023-05-12,-1.0272297241321682,0.13480960084179391,,-0.07831670260556628,1.4217990763849173,-0.7472584864856274,0.3740414684543956,-0.4351235017527143,-8.308686508488643,0.13577249954861556,-0.3204911631105559,-0.09800337261622565,0.15914049124559157,-0.09361569747076376,0.06434659748341634,-0.13799819240782343,0.7988149297939074,2.3990463425799855,-0.08861429818117288,0.023132933391465414,1.8068131872033764,-0.5475549251891026,-0.009988207960948969,-5.489250003363126,-0.8945004454669392,0.08231269664516729,-7.667876186576047,-10.211122664850132,0.2534281448448077,0.7148026025907159,,,-0.25530802653793067,3.1720793459335237,-0.8547254092034774,-0.44883733542241855,0.05734177222628675,0.5164282544849866,6.5722928588806635,0.044024881375703484
2023-05-19,-0.31116677316551133,-0.02946394681561225,,-0.022600777715617228,2.912091142771653,-0.0032803953383784726,0.13896690906430315,0.09325664219766214,1.850423043881826,-1.166359933476259,0.29874564568474626,-2.118841979261423,-0.15603247518967048,-0.09728835378324913,-0.8767146915103259,0.02542704141566382,0.07809132898870844,0.2234255392422434,-0.04015782385341264,-0.01535452390824199,1.4374479680195895,-0.22784693498755682,-0.0032451367666416924,-0.1598711685178809,-0.10424317336071086,-0.03217190178154075,-0.5830007117463977,1.709018112672456,-0.05287687203754034,-0.24817623438355946,,,0.15177937658436327,3.1723783625591073,-2.9923800488519188,0.41782785769053954,0.32480924680642753,0.045171719888199555,-0.8323421157226005,1.3801252421329673
2023-05-26,-8.452651855542467,1.2707125815824938,,0.007244841448010431,-0.24272973128786005,-2.0389612474841865,0.2056745069279838,-0.036357471194851505,5.791143327144743,-0.34637450422257465,1.4253912714450854,-0.5522149908004367,0.23327483621349526,0.16282398596144074,0.015575857518525573,0.06319437795188226,0.0740501230951193,0.03746518548342839,-0.026750748350882488,0.3541769445463308,3.30263954104544,-1.0051024214397026,-0.2653148108452768,7.783309155420859,0.12586275699359833,0.06832147324940124,0.08701157710063746,-0.28369414826403483,-0.5230666905076754,-2.3617798348977064,,,-0.0526904323440493,-2.0681467702810243,-1.2287297956031427,0.047156576872714684,0.1296789292847574,-1.1500274939296318,0.8018276491454881,-0.7877542402705999
2023-06-02,-7.3708052890953475,0.09645426885225476,,-0.008225034757983793,-2.5926168307673128,1.4602237244208442,0.053879842171025205,-2.124352818341017,2.337558462204445,-0.1273557391116415,0.7834594976711057,0.0002512663236812901,-0.025520277954121828,0.11282743112060342,0.08727360522294854,0.11119102778254797,-0.030830523160721802,0.17389062724593524,-0.11791155162596129,-1.1889977921448835,1.3896427952784958,0.8900388115968754,-0.011116968137827695,3.570547631242675,-0.17597853906258704,-0.12245617622698804,1.619238449170199,-0.959532701317438,0.005065982587594961,0.1312622858878672,,,12.17085544450652,-1.6124078827265973,-2.8702895550912753,1.2323138252387018,0.003099794798574323,0.31600255447025916,4.872363110767885,3.027171196195716
2023-06-09,-2.3589078684773575,0.035665952378663976,,-0.059355279396586545,-0.31595905033448485,-0.24437095396254024,0.44792500655141376,-0.2928242593768028,3.0306201743603096,0.0007583554718283425,-5.0396740937620645,0.905085667512899,-0.8593003103745045,0.8061429615993935,-0.37548416275104096,0.14959584020816868,0.1834239417553279,0.4211884255207444,1.3780374554741204,-0.17407474334071876,-4.666777136568805,-1.042938517117942,0.011162609316712757,0.12577353256351914,-1.7702972528057448,-0.16380720576333155,-1.2559851260896633,1.0250119597443474,0.043952766688224114,0.12820092124368618,,,0.43712352424025924,1.7855540089482211,-0.1669825538150515,0.36851844448749327,-0.17440551736863966,-2.0115195530144243,-2.8699832591775367,5.952917252518219
2023-06-16,-1.1525985373894956,-0.6889896574867569,,0.1300504230429126,-0.9281539630481181,0.17322605465324978,2.4045901633633675,-1.89900455386327,-1.0656848316278087,-3.0113224199513646,-0.09369614017601668,0.43507266394614386,-0.7552678966585982,0.11564738485241849,0.1138028884487486,0.04410391407531392,-1.3925866049072209,-0.009460542029138676,0.050769599917150104,-1.0336918019228536,0.2270002851533307,0.039360046035452845,0.20261819597711372,-14.089539956376768,-0.04933714415704972,0.21167483135786494,-0.5468505830402222,0.342581558888009,-0.06956995491554951,-0.3066502256527839,,,2.03488603253302,-0.6187138950163731,-0.15231556072358848,-0.36124278221881223,-0.07718859192756679,-0.3776873280718553,-0.9570396380024289,-0.7248766817876058
2023-06-21,0.904982016902342,0.1981388966340501,,0.02973838663952586,-0.16395739196490203,-0.3388475364130329,4.148061530393725,-0.04626853114970098,4.932008409803114,0.04948046787129413,-0.20135962752010364,0.25319113458732223,-0.03398171806750279,0.7583283944678947,-0.32770958335207095,0.6894139429805921,-1.5664567574341055,0.8724767197741863,0.30572020718373655,-0.07283922255807168,-7.168999945941613,1.2679907919481836,-0.19727084552471857,-4.958464428234668,-0.36292869731117683,-0.24664186834644733,-1.75212313485744,1.2789825964198924,0.09707526714166985,-1.6023002846928547,,,0.7258681398454022,-45.88137874092803,0.17406022146895686,-1.1743669609735263,0.05435753855040112,0.6123923365710937,-0.09817566142506168,-0.3377451528985636
2023-06-30,1.8627083730034797,-5.664871934127831,,0.21496026425052792,0.1779609725748266,3.831583968093213,0.8494791186428505,0.8141531551719603,1.417154845727414,-0.1755110474382477,-0.6625587863287999,1.5555971641179882,0.20068068243172363,0.4890334151368665,0.08368279851756268,0.035668747439407573,-0.7109080780650002,0.49657846305880926,-0.18777908560180828,0.7583751680708084,-0.40156189695045874,-0.2858813858962031,0.09764641486398921,-0.9619526436517822,0.09238695449555365,0.000187416625337068,-0.05110260581472355,-0.3928081319416396,0.06785400338960182,1.2350577302520442,,,-0.27517018270784127,-0.7425431314277099,2.1045911661673173,-0.5568678577775528,0.040701626733791164,-1.4842508742726666,-2.179894853610553,1.7336215396643382
2023-07-07,0.23735805596443782,-0.04659117767711063,0.00025815790433018015,-0.01801700789133788,0.9300610207557911,-1.14905612456655,1.0759220900400916,-1.4580930685765576,9.172748029118583,-2.08456732783618,-1.3462394208734805,-0.16356450317954105,-0.02030622888110979,0.0560634240684341,-0.1729858892348433,0.01053061242207141,-0.5754745462641762,1.5505845809361112,-0.40178044891885595,0.29829888707530167,-1.4676866726688054,-1.1348575144434028,0.004015404258815419,-0.9244884747240676,-0.3103377759472354,0.0001690011401492462,0.3183340794803386,-0.30038197515277465,0.6534031536612825,0.3851454400935745,,,2.8365609750216842,1.380169948329761,-2.048155275907213,-2.9813207546404104,0.038319254500255626,-0.04642570241684685,-1.4543639941148845,-0.19627796784546855
2023-07-14,-2.1933566114480247,0.025591960575863017,0.00011340159793007606,-0.0025210094121461113,-0.6635649851720183,0.21857073027945262,0.7738638825923213,-1.3272213002137287,-3.586513888171311,3.5145427097596857,-0.7207193193740179,-0.7616084276910812,-0.04510313873691822,1.2823244930802948,-0.5207046301300146,0.029426059461614928,0.5751675837745097,0.025940503136958726,-0.8623012730297304,-0.49260243123223146,4.875964355169082,0.31017873267529605,-0.03999448659338764,1.3880329537296232,-1.4554464253884902,-0.00544465469174785,0.843231930194926,1.0667466493637452,0.021180635250807642,-5.9689363267454,,,-3.4986925384420724,-1.0699148438024777,-0.14768943703365034,-0.017196572835983776,0.11761895211169272,-0.24853759441650736,-1.6157946188277803,-2.9990372603965008
2023-07-21,6.173308138078015,0.25647571881524983,-0.22743869731714075,-0.05469364143436883,0.44646735920809805,0.727820838334352,0.021176057379117565,0.26447612034383666,-0.9412792689936024,1.223200839440488,-0.2573871229925102,0.48127719019648535,-0.1539499174051143,0.8863483769446442,-0.257660453414302,0.09305106350215878,-0.0662967073096627,0.18114269029118238,0.033973296565950044,-0.2129369944133158,2.603175911561534,0.09482046754187391,0.1780711598033734,-0.18297079317217335,-0.10101818275959908,0.005560831760524915,-0.03207843338015942,4.041595041528775,-0.30513736600677016,0.6591231840485194,,,0.11160990157383595,-0.8571551301888783,0.23647862789884108,-0.26870830449719785,0.6073960981484137,-0.14853814673888507,0.16887186639434693,0.2619626797318847
2023-07-28,-0.5943631448542764,0.1696550742859935,1.0518085631171818,-0.021897192474537294,0.9736147612608391,10.655600846477697,-0.08806835913233034,-0.7735743569403497,2.1139641592687117,-1.0230113879705471,-2.641985748234944,-1.8481342596915948,-0.1954526459899231,0.8342468666225334,-0.9283093527834232,-0.029313694106932804,1.6821979698541072,0.7603102733437692,4.712768698787063,0.901678974244017,1.425313643236743,-0.24207359172355417,-0.028100650288397963,0.5738005243535336,0.5183560911872905,0.17471762391760684,0.03928531550004176,-1.8326715363813004,0.453863328511689,0.37797149560891646,,,6.927152151917324,-0.26293808213723424,-0.2308200312483264,2.7205663913933185,0.030439406539216098,0.011482406886966112,5.785352874241272,-5.527142923423279
2023-08-04,-5.071287087147179,0.05620558096789391,-0.04596910249105702,-0.027362780453575163,7.260139034059945,1.5831903020987577,-2.2173554639755753,1.5800121495800878,1.0255861033006637,0.01742614436533935,-0.2704319218326051,-0.1689489347695342,0.025744231956619533,0.08671801919492311,-1.68370780898777,0.033660205431348,-0.29946034668791177,0.3576510996966765,0.03606473848767033,0.25545984220047446,-2.1612184627756057,0.16926368398525513,-0.06804401032349598,-0.7867045129754714,-1.5259512815844882,0.00023405992523723094,-1.4239550859092618,-0.9064922666269577,-0.11959595348672045,0.10999362578167637,,,0.6823634918514122,3.0518208191291496,-0.707350814716478,-0.07234723776074692,0.0015558255516394523,0.2640601154606106,-1.854529517539374,0.11728324579092593
2023-08-11,-0.48358088761070844,0.659209645387353,0.01850068093764823,0.004440324955127913,0.5778757647047852,-1.9353930417076801,0.7180762245324057,-1.6172026307212657,-2.8854325962329437,-5.048799417265126,0.189109030083449,-0.2852125103985207,-0.5152428386243563,0.30841267051868915,-0.11795739816497944,0.017243311835639718,0.1449971715519622,0.045587832059559324,0.015397526784800749,-0.23060477316328784,-1.1104173576095604,-1.142325255553029,-0.0017473043544039158,0.6200074707378231,0.3057495077127168,-0.2252181532921052,-0.1570633559025565,2.8431191194234215,-0.2211197508096056,0.21125558002562977,,,5.562684769003651,2.6349590705586565,-0.394731046799452,-0.26928529281612973,0.1098562365593388,-0.2506385388517483,0.3332251123581328,-3.986130981032446
2023-08-18,-1.8200037149280823,0.44135280530777443,-0.785927811001826,0.3138499851726176,5.4593947361998945,-2.9919825285447486,0.8745224350571936,-2.69609899731786,-2.4774478196806595,1.7662201130089643,0.6294285487263108,0.24422294577359493,0.30589520237368234,-0.31698189135485133,-0.37198215750297464,-0.32326215977375,-0.07696159772560326,-0.07026743078721472,-1.83602574628536,-0.7935245934089772,2.5101682937449676,-0.42785619415961507,-0.004856180477679214,-3.9551412655410862,-1.1896273331722527,0.0002820687284072688,1.1879718724098296,6.146001100348132,-0.5937028435276177,12.780126512449602,,,1.665071947542969,-3.8413739822162345,-1.6142397401554505,0.8817676970928192,-0.011215632971572277,-0.5259289188127816,1.0897635949614821,-1.1226707325847554
2023-08-25,-0.26487060234326787,0.08852894738238981,0.12269913769159352,0.5539037517304953,-1.861161171182952,-0.17703278756110635,6.03219936223329,-0.3351931473630234,4.547361467289655,1.964639765655486,-0.7312511467146567,2.5293318264693485,-0.13674664023961455,0.017938028489443644,2.243645723183868,-2.711817017927405,0.28933499460435336,-1.6078001897903629,0.0075383009194308305,10.8900714078957,-3.073595006762556,-0.11490620492899796,-0.011783089491146847,-2.846561807898342,-0.14865107295095664,0.01370778986815639,0.41781250620274646,0.20829779263541956,-0.06331073094649152,6.599539074038049,,,3.5009584469709885,0.3052639678142731,0.03436262791791035,1.2110728097291859,0.23144724161069835,1.7522158937796855,-1.135102739165445,0.45057826362289705
2023-09-01,3.7018110694185906,0.07929123566563843,0.058105397936960936,0.0011614916282238332,0.432319764099997,-0.9118178264225301,-0.5827465681606,0.39538123903097355,1.8877550166039736,4.404076185836187,-0.2588764842589596,-1.7607570107159272,0.005951166409547102,0.05596060554615109,-0.13164603571491706,0.39344973886197043,0.09558306770185354,0.21959077688058504,0.8834625649704154,0.1648114115257581,2.2405205190211857,-1.239774965611176,0.013569053058111874,-1.138953791918958,0.0476787488499728,7.78109358620953e-05,0.1958130174256975,0.622433154036975,-0.4010954054609214,1.266876604221803,,,0.023654667858706912,-3.8041506697629206,-0.6642180107788728,-6.001209048220224,-0.23020984872408448,1.6613875518979953,0.28775653190664896,0.2231699124278024
2023-09-08,-2.481753903888506,-0.014645595807153654,0.0365936657646761,0.00132284923167858,-1.3853054346774971,0.49807550726766575,0.35055326557319744,-0.34306836436602,-1.4839503644309768,2.896327413188063,1.4871568735252343,0.9714068160817471,0.2706940433033447,0.07069677159242951,-2.5438610902046985,0.06869861079667988,-0.34703056414189126,0.784376752883157,0.043399957901968565,-0.5067072284543274,-4.5468005143170975,3.7759527609460255,-0.002360039992910453,-2.570498812506206,-0.0950151544564185,-0.030607242601222374,-0.8877486881710472,0.4754548056951744,-0.0311962581022906,5.367444554081981,,,1.2127143585214182,-0.0014356376652387252,0.16393698776476356,-0.14935269183425431,-1.5620064089549013,-2.992791815662633,-1.6482739172939906,3.1321232283573055
2023-09-15,-1.193201724784632,0.34372068666473676,-0.808203083960555,-0.13905306993871666,1.6302974766570513,-0.47874597722156687,1.45263976100795,-2.737087018077722,-0.19166307418317885,0.7013230618011683,4.22378456090535,2.3738678514083604,-0.08792821370701134,0.0010236804261755383,-0.05508815904023764,0.21392048925596074,0.05895338278092792,0.3680666285063413,0.16862453967528235,0.6873879848915118,2.7100647288450075,-0.2730058019663875,0.0001001340190036315,-0.7240316589734421,0.6158684353735331,0.0004153456310167636,0.10031047649037578,-2.359216029191854,-0.08737662142256145,-0.6581329251078728,,,4.232807235607771,1.960306874135804,-2.9193367841460174,-0.09931629003452165,-0.7746357910681981,0.7021222144816939,-0.20296985619070823,-0.09805494007552307
2023-09-22,-5.686272033722672,0.24399279623240797,0.25784321739870675,0.1483671200031163,0.36270659404500116,0.3560226234025493,0.861064265437552,-0.29151816529185404,-0.0075552661439174384,-0.9188948874899787,2.189875291005992,-0.14695686563749732,-1.1874635575061772,-3.7599027880765656,0.4311988336200845,0.14605401542384477,0.23459231031058062,0.4576252665603122,0.04705184562964983,2.6335752040957816,13.515948924945768,-0.7339571254838911,-0.2381044479536425,0.4288876731622717,-0.5174020080647762,0.00028766005246042605,1.0502155516403764,-1.6536231547189555,-0.3110546516823952,4.762259961646761,,,-1.9004567361263474,-2.1493290141395542,-1.349750233082815,0.35450229760894436,0.0056068184603825805,0.5403566092846338,-1.4927483990765913,-1.0360485343524422
2023-09-30,-1.3361190932623748,0.19814216990715983,0.17353237327795362,0.6473666050344669,0.04466659834182313,-1.8021965645447324,0.1876731305449834,-0.2669673885114832,-0.07394551624176347,5.071500329621552,1.3244098655220826,-0.05016614059816138,0.0011022847811313456,0.035298003840584825,0.8123552507747734,0.31358006345712985,0.2676024863023829,0.09964549158244851,-0.2715719065016539,-0.30871841288571766,-0.7036683924986609,-0.23130138345302612,0.0021233047755598805,3.4533608729502916,-1.0788013991817065,0.0013540651761115286,-0.1585266677385452,-3.916627311206074,-0.4089868784026868,-1.4915491701862917,,,-2.818640896607927,0.9012689941752338,-0.41770912899744744,4.459307266359357,-0.19798010670977423,-0.7181871008541572,1.577811175494361,-0.7665297049932045
2023-10-13,0.017728681259659235,0.1941847152938596,-0.8952878625060302,0.0005593971596561116,-0.8491484072136262,-0.7799500485331463,-0.043336092239339555,2.9635839961266597,4.6726121216800856,-0.1389860448362997,0.5869208164096956,0.07125281972051746,0.014452783754893516,3.404212915224612,0.11820558810056812,-0.051532867194985545,0.9108325378634364,-0.08016120292079461,2.432507166001163,3.116393958228968,1.59430615724777,-0.1924714424629089,0.2315241759177416,2.121401354283677,2.6101859016218087,-0.012963362937963222,-0.28457272409761336,-1.2288966634840002,0.12756180756636445,-0.6693236496105277,,,0.5562227552211991,-0.09464855727784975,-0.4842953560712798,-0.0018430899453991956,0.5055929044090829,-0.22081110209104704,-0.23021181591233633,-0.26094206486967364
2023-10-20,-0.7390732727359149,0.06863960892884313,0.035652066741537716,0.05730745448544997,1.1348439277896945,-0.391936053157532,0.2696176058621831,0.9931654344109564,2.7263208703952353,-1.4044185756404381,0.26260796259808195,0.6353948066779589,0.08282087135744551,0.07567205252836204,0.90275540801686,-0.024811952019121775,-0.33781168662976024,-1.3032866236927758,-0.12479614966534545,0.8368276361218308,0.1861454634389832,0.11297834222205347,0.026756993414674947,-2.0130951360188694,-0.09544404808354172,0.010285107010211977,-0.163407483581671,4.4956866476570045,-1.8583991403971656,6.436601813671681,,,-2.019210793484968,-3.821693834489518,0.05140984125584579,6.809945160526888,0.008690795576739536,0.06252179263027297,-0.7972195671787271,0.8785368174265634
2023-10-27,-0.7071370600099626,0.030805816031366336,0.7342103321254563,0.0028091141117188387,5.79866638945754,-1.7041341606256912,0.5470219785674064,-0.42664457134727873,2.0837842004470963,-1.4855137170616197,3.119053574280731,2.975454264810752,0.060273325717549904,3.874469331150743,-0.09924721124931166,0.12711387191960205,-0.611613912656599,-0.7281560250077992,0.14784916410239796,-0.1750015379446632,-0.49840360862034166,0.03785966762062512,0.23484432955650905,3.6660894701253444,0.21538770299506943,-0.17258823940476406,-0.11186935944041457,0.41437896694007925,0.7906386083994456,1.4728661631070512,,,-4.804584729304394,-2.1353951319194135,1.83445784823628,-1.3392718092759448,0.09957400273319426,-0.2963102800195151,1.944511580633359,-0.19447537348644595
2023-11-03,0.4955349473137919,0.07532393955378176,0.198531245972299,0.0158051178399913,0.23443125752737937,-0.8865263929948608,0.45992143725707413,-0.34083499596302697,5.115398261342301,0.18521717271622412,-0.96452928074957,0.09104059321532029,-0.34607746811428225,0.1334314664115682,-0.17594870082408484,0.04218699693355661,-0.21184130926136246,1.5162153467187771,0.12848263284139405,0.3470400857113392,4.0832705808594225,3.648014078830316,0.05421507828206467,-6.057656370226688,0.31510860671243074,0.025685481767182654,0.14209650154701328,-0.6221317109135193,0.02008694657715316,0.13109294465018023,,,-3.6989208105833207,2.0482176992707437,0.2791559875502728,4.167040367018459,0.06587601991046976,7.8776293451028385,-7.411841420330001,-0.6099806059840142
2023-11-10,1.670574943529391,0.0743637843819129,0.9719661160000677,0.4481592175237149,-0.662278126933157,0.18982930412664833,0.9412014561272143,1.0220321791745821,2.5772359188555,0.6258067919450283,4.9799710261984265,1.327755389029937,0.31292819009086326,0.1357090498211984,0.4161677259840503,0.11572531953183945,0.5189109771146467,0.4068576550792146,0.28916010908885914,0.3373273031049485,5.468268037018284,-4.279090676098786,0.059639910732070665,-0.1746799030745556,2.4570597248295667,6.3404398534348e-05,-2.585959759209677,0.12011461275828218,0.40029410314549324,-3.9887121326094648,,,2.9734715559264995,0.2910315340088482,-1.1454606993388075,-2.600919133517169,0.030239576526379933,-0.30244964397598845,-1.916664989591853,-0.15735697371722254
2023-11-17,-6.7187349945509265,1.2710380893258042,0.13181741779198056,-0.032384107916974963,-1.681300484967196,2.978061725793126,1.5069266133001251,-1.380510815760744,1.3054685792083847,-4.259812279008063,0.3412737904982933,-0.08361454070913388,-0.047267679469187154,-1.0423730873415842,0.23423674222183222,0.14149503064689148,0.06719898821421186,-0.025762129191788552,0.37529642820377684,-0.009247408751976032,9.760715357360246,-0.4757643770220399,0.014232960821122517,-5.97852642843606,3.434476286282497,-0.05006286756111382,-0.22242332610009422,0.9720367097446847,-0.027702601364401853,0.738870789741323,,,-2.3261807017971456,1.3728123719830192,-0.003537429080409271,-0.6878306593867447,0.0049037749448008735,0.34270528282845153,-0.1594660351002016,0.8213260948417415
2023-11-24,-1.0923167266348208,-0.0007468097973880889,0.19457585626001186,-0.11690300337985814,0.6102048507083881,2.319098212648864,-2.069919117932667,-2.024755205063292,3.6697929563025626,-1.5525917948489603,1.0982588710843297,-1.5183005377079741,-0.025448607675767766,0.1920792998723322,-0.30815251007953676,0.0030371489688358223,-0.03258263982827053,-0.8125909496329207,-0.14413543729632336,-1.1080724202552314,-0.19805971255798394,1.5942356012599659,-0.13304436607068248,-0.20843197798390917,-4.274211134163507,-0.03784422236632807,-0.27095154419657075,1.2198339178452402,0.40322044604914326,-0.5576996713594082,,,0.7741766018512193,-0.16468712139993597,1.3120152226878874,-1.8172967448400341,0.01859271526258767,-0.057183353379167266,0.0907791922896303,-0.009460779221479934
2023-12-01,-2.619285043270003,-0.7973216733905415,-0.05868437044611225,0.3313777036630381,-0.16895337618930448,0.21773944136983953,-1.055861403885314,-0.5701433257501066,2.2795813319849385,-0.11502949604371379,0.5975138238817412,1.5902190919145123,-0.20110834523388052,0.10075095470269906,0.29134229607208667,0.429505090990791,0.939910692650688,0.7927462693590985,-0.1406686789061562,0.3268292037955097,-0.9703951677078891,-0.5313777837497865,0.07915605848227696,-1.0570585520004279,-0.2641050118649042,-0.008157662091388589,-0.9946241977066747,3.1942466097779754,0.2897531746303582,1.3319898102818732,,,0.42158315865406365,0.0014009916923496887,0.465081216999295,0.0337818432829549,-0.7577284786907601,3.4506941723900533,2.538508293003085,-1.2513185395906223
2023-12-08,-0.4863256619590367,1.536374393397909,0.045677182900154434,-0.07021687781967317,-0.13571157891371802,-5.248349758171438,0.3308208468260654,2.6806940238240395,0.4516171609852483,0.30485121534168175,-1.0138953709924268,5.764902339193431,-0.47875799648044304,0.8829883756289918,-0.05146809181693116,-0.0039124342554819995,-0.18819138450391912,0.10815984906979971,0.8168360733784824,0.19787613572034332,0.11023961430960896,1.8960093102597635,0.09728008491605201,-2.4960040001652355,0.3606119077823285,0.05575988516997875,-2.5407046504813464,0.9081726720921812,0.164159608922774,-0.05542948020337233,,,-0.6282146776056923,2.1523094824291746,-0.35585663409644364,-0.9700976989207982,0.016863372952852215,-0.11191542963553334,2.800857825161596,-0.39024455582274814
2023-12-15,1.1779188270103522,-0.791130491504798,1.9676846740730365,-0.12728877613824346,-0.1295870777951213,2.9166213026036867,0.2361481919240637,-1.164296428917063,1.5310988304959936,-0.44495854083976827,-0.04118435034739741,0.4934370991992172,-2.9040685636402097,3.932575488303051,0.766875665358721,-0.02242164086484655,-2.52015291970083,0.048965673500327385,1.0193101056983664,0.00676411870206361,-9.29110208297551,-0.08082758901404229,-0.0026155996920472603,1.0633517711312463,0.3003858603889666,-0.005014591178504408,-1.6001352815693446,3.0423201156926587,-3.071373018166253,0.5106615202291092,,,3.5243601618455696,-0.0346741510509593,2.0903974253367776,0.20807736474627425,0.008036413045740085,-1.424566266867723,0.4037534452680333,0.1192824394044244
2023-12-22,-0.4087899559927912,0.04673479341885034,-0.0013990997821835484,-0.17756759089246227,0.22263226720201781,24.24678161661467,-0.8698865300692595,0.27279699099153076,-1.1190642247441227,-2.0059415094354214,-0.4001174607465777,0.20317280935669815,-0.009532376590547155,-2.8701373951494507,-0.7284281592448654,0.03489164661191606,1.2940641567765256,-0.037800771045376394,-0.060690251680963696,-0.22805056994370443,0.36379572258370974,-2.1200821417212077,-0.504500364888575,-3.032547318000452,1.207272222970214,-0.008811402641036591,1.2120207733070492,0.19554940706576202,0.9409481919563818,1.4164480674153503,,,1.9391401846837846,2.6588143653447305,0.38241929633156807,-0.5363973932475945,-0.05451253151897453,-0.7004096395828272,1.6400563013414386,0.38126884103292463
2023-12-31,-0.2529789255374027,-0.14631890515231316,0.935046243974201,-0.292097377701393,0.23639264203143157,0.7279188725049397,0.5368092621592634,-0.027169411563466195,2.0248070905929128,1.3533254372063506,-0.2263092246736465,2.697142118655582,-1.1556589996657485,0.06281146577059292,0.008754596988966705,0.019977705861041955,0.502147563643764,-2.1010574649721145,0.14917547627473313,0.46757615966021,-0.9867976828141519,3.317205416052818,-0.0036725816255632616,-0.5242452010019446,0.4374953761776551,0.02044459706707544,2.335842403534646,3.2591332721448456,0.17028005990907005,1.4458059093259834,,,-0.22037165534235714,0.6111145204341482,-0.2026801906017106,0.9921750565753824,0.017941458225809365,0.07570124013817776,-2.0839422451807246,-0.5043116145713481
2024-01-05,-0.15433908202757377,-0.010550695843649423,1.5571061648369444,6.15662436006288,0.6342644198230859,-0.751067120615865,0.4350007484308981,0.9299451565935123,1.7682674088292343,0.13535750885445597,-0.38218163025157026,0.9499166463419095,-0.04098295457702409,-0.46455107188824357,-0.1346875263252805,-0.013883106819090425,-0.16500756121595403,-0.7919999682015987,-0.0280696135082191,-2.3332443356945047,2.277193189012455,0.2596348142472817,-0.031789556428351656,1.704464428905672,3.562603622960534,0.022368454089618885,-0.3165705569144472,0.7179779720632815,-0.0832732891565679,0.6547020338857049,,,-0.027368177227394833,4.0302369234447,-0.1893427988845735,-0.5187436459726509,0.17012961482544237,0.34565478935341687,-0.16496191422116474,1.2204234127572575
2024-01-12,-0.42758566109604573,0.029859299664051563,-0.03663920050147499,-0.023140284245306477,0.2951794995141453,-8.58209040213538,0.34777836217707603,-2.6479134224668224,-1.448914600348632,0.1138886061067644,0.8983469980689295,-2.6044804669132255,0.030729233604622562,0.16093704145252338,-0.11596059459417557,0.020669535838298,-0.009705815576767803,-0.07259326066199928,0.046814340270773,-0.40332280571698054,8.142202152639108,0.03682472446298494,0.10960626432529953,-0.8172169523241521,0.18647722468821143,0.00036773265179528984,-1.773482801497464,-0.8050190278506286,0.13115763952071166,-0.1350876490768782,,,-5.830210857833221,0.8906285062043756,-0.6422753283576772,-0.36830795173260983,-0.5972295020517078,-0.6146848940679253,-0.09979799096645411,0.2067163794700542
2024-01-19,0.12399743288480002,-4.771013758194562,0.028205426308038874,-0.18289197116590944,-3.8234759727106447,0.23541309946063485,-5.027146010759733,-0.20902124765286914,2.0008064488280723,2.1349671613572814,0.057837186131398176,1.5322040536316055,0.32926686138378125,-0.19930876837522013,-0.06280807141249056,0.023329584535115005,1.8818222604166432,-0.032279958266788436,0.4611824895660945,-0.2539759956932672,1.7512173637074633,-4.648165369327724,-0.06769205903948293,-2.01815761638688,-1.2308590091997447,-0.014883828054750168,-0.3312033817398477,0.30244946964619634,0.951039982355568,-0.9444369643997488,,,-19.780912138846492,-0.7175751121169422,-0.7669542497717269,0.7705590340049171,1.0224124835941018,-1.0979338760424902,-3.379026589384541,0.39717061077296345
2024-01-26,0.26535659641629256,-1.8071241676445566,0.5384288606769805,-2.1674993793191364,0.196046786751094,0.8628075147952388,0.42689245268880227,-0.38066222512608267,-1.5584218863237729,-2.406856069204664,-0.25548919082954613,0.024916974804746528,-1.023743654862498,0.2566868312407031,0.0273009708114704,0.38065102150818914,-0.05730076963686303,-0.03205258507389713,0.00131893296710104,-0.7130239618034497,0.6203609750782206,0.5007607014508827,-0.024525858246816815,2.22917126625345,0.4918199364641803,0.014711503643981948,-0.11694208749645178,1.4189732912906756,-0.03916540329675716,1.8100536675481238,,,1.8565363118354248,-0.17483626796732543,-0.3294320396489651,0.2863401465059028,0.19312620484063975,-4.111911155721517,0.5953201454615324,0.09173040036700542
2024-02-02,4.543376432775905,-0.09039599375846047,0.8836124308948856,1.0074069911112538,-1.5013289321997987,0.4449375281559644,0.15431369222802088,0.2622462209624956,-3.007091478888587,-0.16497423655058752,4.73365365175018,0.39086328602314446,-0.10333990101129734,-0.4143549561927392,-0.39007683557304873,-0.28848710221681095,-3.527773388327652,-1.5873009463272527,-0.009050201197688922,-0.07002782581979872,5.708904766230215,-0.2622354028242465,-0.06514311837289125,0.7131891238781521,-0.9078466214937215,-0.12495051303888624,-1.8263725202512686,-1.7646020189356124,-0.6665101307040588,-4.117196402970139,,,-0.22464716841954252,1.7371758439427578,3.2420284982589878,0.17197185885419347,0.06024546480223368,0.8449179198236907,-4.176878283647945,0.15072413227598322
2024-02-08,-0.40005725707136713,0.04183103998435258,1.1065500611567054,-0.0654712814994257,0.5947327445329582,0.012974325724169903,-1.3068329656831428,-0.09384912492858546,-2.6949268058978286,-0.04696280354727794,-6.5021045834607385,2.3399035791229363,-0.2613656447009685,-0.005906342387383398,-2.4541467771225536,1.3786461754820734,-0.25434928025407116,-0.42406977495610493,-0.18813636013635418,-2.2606811979249564,-1.1800700875007357,0.03356280173275983,-0.06525061570845059,0.849477113214707,0.045621966405274425,0.029469776945384333,0.14456563764298247,0.7412459336707803,-0.2720674846535686,2.5041811504352194,,,2.010252488536379,-1.947224544348301,0.07407496474288586,-0.2663525388020659,0.004755416922842065,0.30159306418603665,-0.4922673302189229,1.1968750509709773
2024-02-23,-2.443726990332787,-0.312190409583195,0.023953753855484372,-0.9135358569399621,0.22331123875331438,-1.4965709304343482,1.7067382268330684,-1.1373380036727812,-0.49600572403809884,0.9756968367392106,0.12302623403219219,0.5671406765095591,-0.13729924371777374,0.1015840231606343,-0.32427284879818113,-0.0194211588133842,0.41849212545629805,0.14697580337910834,0.021118343368086753,-2.4582690715944877,1.7283558269604367,-0.7756202695416178,-0.18533120427918937,0.4517490049942634,-0.4947170538268302,-0.013905983136654055,-0.7767270642201748,4.738965928431967,0.050700405396319294,-3.460259331126802,,,3.6373810702615024,0.9308767732908576,0.4393226558708533,-0.03165718650821712,0.005526945828348776,0.21968859863836326,-3.207552391312065,1.2741449508832112
2024-03-01,41.6087500938536,-0.774810798587396,-0.08446306944849143,0.04835052199963711,0.6731650510743442,0.30529195905734363,-2.408972718638462,-1.487004359160436,-0.765404798185005,0.5730142435627912,0.554869105674903,0.20453685909187488,-0.13081740666801167,0.3056420003740226,-0.250291692659,-0.11525814676915395,-2.8926627078091047,0.07221774528345024,0.03189121476246797,-0.2523354867514762,1.9549332971574336,-1.2428280921835686,-0.02686547837513456,-3.4947823974180374,-0.7336186476252103,0.0002512024192197933,-0.017509802319130973,0.4709922896616476,-0.1948640111700201,-0.022546529931097167,,,-1.602208755931556,1.1792369697858633,-0.3174726001513962,-0.17363878818700673,0.3414662327201317,-0.14866659514082875,1.0388156957157644,1.6812869623506541
2024-03-08,-0.18064669632307306,-1.5995926908141267,5.2095456563483555,0.06243029207412418,0.4097268702438578,0.0881225282746787,0.03684734391476463,-0.19725489378125088,2.170992292436737,-1.328630395730214,-0.11680653876731249,0.39108419776311587,-0.19151219774021297,-0.06992504648490681,1.7643570898234884,0.6192630829809799,1.4899023123597743,1.2425400389016024,-0.018976523169889466,0.109158925632315,2.0779981435111425,0.7377740930183296,-0.19390294926624888,0.08753556802777443,0.028918679286788183,0.0011371988839466403,0.40380650238956095,0.6491009407860485,-1.4904654354286775,-0.21146573830780643,,,-3.0863288954408183,1.654173373072428,0.27355554905956364,-0.6307793343365751,0.22079441114892212,0.712526732924871,1.8877731276221494,0.22892608045793197
2024-03-15,-0.35852561948250355,-0.3662942705747302,0.13968267077060373,0.07918809972665272,2.3433047390126585,0.4884492358881637,0.16132378171553163,-0.03042003612346495,0.22551525737428205,0.35469474909362525,-0.4841616289559258,0.3935715749302534,-0.7381514018187478,-0.011412826453342507,-0.20377787723666593,0.0041168383695392215,0.5081468963142101,0.2587520732998289,-0.040941616835851485,-0.24838465035891527,5.297282084400457,1.7629894852909505,-0.19632545490058947,0.011594566731080901,0.7794353237311517,-1.219813152455914,-0.007318187958307323,-2.020359695558681,0.22936383913978853,-0.0826293785384557,,,-0.5598149370386628,3.179055975855421,0.14855520586619375,0.4940506455936856,0.10820015622494222,-0.1523141597902991,1.77034747324808,-0.239694696056788
2024-03-22,0.22640236030576086,0.0728654657174487,0.4043873710972813,-0.8469246576529246,0.14201856996394507,1.3580555133394459,4.010688528877158,-0.14510710712903702,0.28894721205583035,0.22938622224947947,-0.29918813260665833,0.4200609985594888,-0.07995715621085871,0.04010329137668636,0.5132213786121198,-0.05261655482599987,0.016376200080808145,0.5243552169954248,0.062080365715581384,-1.7702480557028657,0.6548399196304537,-1.7948802792407224,3.7935786553782647,0.32481061937218947,1.7699218561805694,0.002181262779309224,0.3963947185355656,0.2502567697434892,0.7843524465792393,1.063920842063313,,,-2.078975026470282,1.7531323123496043,-0.23655198722005083,0.8690052993294798,-0.31350257403975235,-0.5293092481991093,14.590889770930376,-0.40516090934011995
2024-03-31,0.29396006123402596,-1.7992884275902454,0.3761912557090562,-0.0034171411524801182,0.79813825654905,-0.39157052548472215,1.4243447574708699,0.6416045694972483,0.934293993968916,6.550237295005612,0.05829190688105273,-3.868456064983195,-0.04283175807253149,0.38170118589608504,-0.9235847666397677,0.02886956923197226,-5.261254940122178,-0.007340945859097572,-0.5088447143815872,-0.08762949548042143,-6.847404149669529,-0.16974650525338858,-0.09743872277033006,3.9799345972157956,-0.12895660122588973,-0.44574723729731247,-0.1770661334054549,20.83061386722418,0.021915142226417335,0.8919791683292594,,,0.812965515074207,1.3824507216796513,-0.13098617077663824,0.12384106921161561,-0.06109867131627754,0.49104462592517756,1.847010455210154,-0.23804873319800424
2024-04-03,-0.38744563075467514,-0.07175809272002866,-0.35775762272749795,0.9029136512005974,1.1311131907426304,-1.4559248255572736,0.11370488881141902,6.004422437563784,0.9466948544723102,-0.20179491015095324,-0.27409975618273025,-2.656118869660016,0.49319148419678827,-0.3060523444105325,-1.5068082753615162,-0.0086345467202414,1.2839270854003297,0.36803558108957646,0.3129795727104273,0.541062765438549,-1.8363651698965464,-0.30222007247966565,-0.0045821061605724415,-3.930478233655207,0.10217597318061075,0.00026281659451988154,-1.9549525584089742,1.8468716142066015,-0.0015987743770953106,-4.23753784428117,,,1.8444826849558384,1.710395555507248,0.4771165184248768,-0.6952422635032928,0.1087732984719885,-1.036696359484486,-0.5012963270841726,-0.3316280243324274
2024-04-12,-1.8841782545816272,-0.024506227877543696,-0.8450847480083472,0.24500679524964422,-0.016820915912812047,2.0094245717038914,1.6549694266143713,0.5420042151642429,2.7986655319986573,0.457955972752409,0.05694288150561039,-1.514909034392168,-0.045117179797504,-0.18184889162614257,-2.3329278492979033,0.07748143009336564,-0.11528405084902343,-0.004289721304444952,0.43623690867110004,1.4057338710916014,0.3782129286241873,-0.10122714711281744,-0.08709864890460187,0.2772476071560578,-0.22059409166582516,-0.5699641699698548,0.022775626125817988,1.1532998916122803,0.2535456223380992,-0.17852938060207946,-0.0007577473086678609,,5.447020491260886,-0.3860743590103868,-0.05622009165252781,-0.5962823702091297,0.0179164669616078,9.157867981661145,-0.841305580322216,1.7812227918518713
2024-04-19,-1.2995526080154944,-0.8833618253395279,0.05306322979335351,-0.15025791317558262,0.3930290773904135,-0.37678821243681104,0.0324145213675531,-0.6919734774576299,0.12147398254821018,-1.8070191206008206,-3.6861365164161195,-100.54274492787997,-0.5778271207595448,0.2950163280058742,0.10068376619389413,-0.1436079054520864,0.1608504057994777,-0.13449990187767702,0.0912608862907913,-0.06568620992016248,-1.3178356329774137,-0.0056772737449739905,0.07557795278487595,0.6936179650670353,-0.6373948240445527,0.0001797761671514319,-0.050163097635478174,8.061359380193965,-0.4973340247230853,-0.07612527001395909,-0.0029552746159756758,,0.4082189017845124,0.060595456401389636,0.6480047786301888,-1.8176855379249597,0.0013785788503150108,-1.630337625916784,-0.554594601842475,0.2274506244530048
2024-04-26,-0.005303539708663398,-0.1294099271537152,-1.3352276469096032,0.14726674672737214,1.518119271663922,-0.08560224617375989,-0.11353082149278299,0.6844069547671586,0.13493085479091307,0.019667650228219903,1.0555851204716507,3.7026385357402063,-0.12941915581296431,0.05496593917437432,-0.2508498444400795,0.4954549014777616,-0.05668343912270075,0.08499065745755421,-1.65675910210791,-0.32862840528017717,0.3422011720583009,-0.028325688849408857,0.010531122979647206,-8.41434228513032,0.09759026851501744,-0.014548061975513926,0.0006854114169962591,-0.7956497069120962,0.2740920831831931,-7.9900634059681135,-0.00016875657062697668,,-2.052039891871098,0.38298308045853136,-0.06167485110541196,-0.43199165170854253,0.2588057812300324,-0.7306046965671956,1.4094810068989962,0.11327152707606775
2024-04-30,-0.31374036095565466,0.09830607053831233,0.05768808571076925,0.6506291157784052,-4.441286083522441,3.7835290766459857,27.956453231197568,0.20362116763077975,0.5542791105910988,7.445243355589731,-2.49041646300586,-3.577514230684869,0.029286402673517675,-0.06544566927320748,0.09091884464767179,0.1458299948757513,0.5523018020674012,4.646785441416298,-0.09885229783880273,-0.4839242604006441,-8.229840885183249,0.7713605152403458,0.3999923859959894,-4.11869441371263,-0.26914573761431676,-0.16382143081120493,0.8744970629089548,4.303864075263127,-0.38122613645283676,-1.517262823522987,-0.0002518778240460132,,1.0523891626837387,-5.602120954833097,-0.4115369278537959,4.765217957963003,-0.24392388326211412,0.5453592236852249,1.7045253533529383,-0.9406934661855434
2024-05-10,0.8626818259996677,0.017757532139297108,-0.5625267175795226,0.00771004576721961,0.9060967974368758,0.013409291625697536,0.3257405009214295,-2.3065408567462153,1.8387797831876802,-0.7519031974161551,-0.2316189607284729,4.226678407193748,-2.5685930361360474,0.4621274319267057,0.011266856087432485,0.2079270006214167,0.5988882401818795,4.758818085812017,0.009603066004904019,-0.5142624370961283,-0.5038417587956816,-0.16195580562628561,-0.20512884616938926,2.2270891883916835,-4.534315946824054,-0.046728406919252445,0.15724594639529205,-0.7109187749975087,0.012518985194736695,-0.43258488576970655,0.009293248000657329,,5.490993722901631,-0.7371840975689549,0.6142720965282317,-0.3832394648151173,0.05172767802649987,0.7160478870320152,0.49728462155798836,3.231384922694348
2024-05-17,-1.5699289222634303,0.013738053022278611,-0.31117760311088055,-0.2287500941556676,0.03050618571572993,0.8290234466444601,0.05225515126278515,0.8799476451924981,-0.7609576879138935,-2.2739095616073706,0.25233734964891147,1.143314789239988,-0.30788955990819633,0.052900178387496805,-0.2847039885012662,1.1985376632730629,0.4263615895812859,0.6763099867593569,-0.10710030535670688,1.3118169472891577,2.957279777965979,-0.1373955108871712,-0.10199074924401415,-0.48522273822522705,-0.1316924191848447,0.042506573297025445,-0.20084635935144118,10.29344017548417,0.3117883038780948,2.3572864817990893,0.010258070844146566,,1.7748351053976577,1.2788032986026117,-0.3298208440866438,-1.1567206089495117,-1.9729219629323387,-0.03182079647609948,5.537848144772017,-0.6038310871913597
2024-05-24,11.229835217558607,0.3732660722970882,-0.09960293083176158,0.19266932304443019,0.5263485660579725,0.4394294043954357,0.3657326552050195,0.08191074061651224,2.1782620282625897,0.7119855125764692,-0.0872594650645031,0.7130685459819783,-0.018434000093813227,-0.3257288944786253,0.49615838993942896,0.9837696852253767,0.10471984528359868,-1.4273488166478936,0.0754881739479831,0.06038751080254441,-0.6301785515300483,-0.042278412336740664,0.1111869905510885,0.09594791252337395,-1.0766142473982154,-0.058689580577136684,0.5960019412019988,1.5868502951176955,-0.7403012701145034,-0.2173741398255941,0.08630807437988207,,-1.9382903240077036,-1.6961157851246453,-0.44819610867032,0.7162387624427299,-0.439243226862231,-0.7873080469584979,-1.6470617053195886,-0.04762854318888745
2024-05-31,-0.3148880878921728,0.05719396510661465,-7.821240465998123,-8.479455876189947,0.7579395826677519,1.65728321840787,0.45400910423103996,-0.019373530782681784,-1.1386610440473628,-1.331970870338433,-0.8487925294758848,0.2393315135870942,0.5549883170324393,1.4190797593719229,-0.22852732606470452,0.003937662740103157,-0.28443588019462374,-0.012926087456799802,-0.456510168185801,-1.174547487561989,0.1628754260219441,0.4589688754566413,0.12669504483374028,3.63208065099797,0.1328897547640296,0.032693442518516594,2.4173158467849314,2.3061637373918535,-2.6676751899908213,2.5285596324094617,0.02238441419618519,,-4.931417970617876,0.2540722888888009,0.2840164219416138,0.19141314289378425,0.0933056737965074,0.7037993157458824,-1.0374698504781015,-0.08733906171291012
2024-06-07,-1.4434332159738372,-0.06871586530734615,0.11239447737373753,-0.20568009381779134,0.4042894741018771,-7.617304862974325,0.371715826089748,0.0925007777797075,-8.083388377704734,-0.18813961640136762,-1.0763967388789641,-0.07668287522117403,0.16610766164146565,0.442846219779947,-0.8022625816591222,1.1943025014450708,1.7896777462767115,-0.026366923424855204,-1.7060209662411783,-0.7368169426859181,0.07254889563253801,4.245186776895648,-0.028642291531578226,3.5282455959799144,-0.3974807710527625,0.1506873327056695,0.4187039875842225,-0.5467002019169817,0.5320463408289497,-0.5225769750889651,-2.841499330383064,,-2.195285170609156,0.43538793774753715,-1.5370680672087855,1.4518592364131953,0.08509415219210627,0.7741331407399807,-0.2513540109409975,-0.4445726795520659
2024-06-14,0.04983455232789731,0.10601743425136426,0.07721727256967194,0.3176801190411057,0.63808982868784,0.39937002483513784,3.5824289249602446,-0.43293817576736854,-3.6359671183969975,1.1655574877503445,2.0909724038146096,1.5175895737095222,0.07249847497436485,-0.04413038622349811,5.101223221093326,0.0980975091127122,-0.3023019975178761,0.051100101699668686,-0.3329675182938438,-1.6611978266120808,0.19933866701623865,0.4478934648247766,0.7158886881378764,-1.9342277210081167,0.1261678605262759,0.1981250183346006,-0.00824120122528398,0.28775037958319327,-0.6654219639988845,-1.2802878662230857,-0.029471974612089412,,7.771947473505096,-0.7506896527029276,-0.04267791449000837,2.0522483552822965,-0.04166420138943136,0.29348368062167707,0.573828778402478,-1.3514794033635473
2024-06-21,-0.3213061249789306,0.1049235303563278,-0.351888721542397,0.15989831727324855,0.29935403949136186,-0.6335074441149351,1.5743778348859387,-0.3941891956937128,-1.5133209632473261,-6.8311919954926195,-3.0580111264665795,-2.1069067893082685,0.0602473113868988,-0.14240099931344546,-1.8262643648644086,0.022238878190400817,-0.6395931834456374,-0.12061255464172932,0.8208372181202337,0.11344328667637088,-4.61131434259997,-1.0149507290773545,-0.0384139887776041,-1.6363757284824798,0.2802215609900852,0.1924694667559752,-0.13075174914072257,-0.24267240847484864,0.4488136592001454,0.34168113337469314,0.0007650034809947381,,12.872259577068277,-11.656188874088938,0.34384685716513874,0.25902909178012906,0.006818850578708069,-0.13324698480824104,1.26406124226631,-0.31984793354854824
2024-06-30,-1.4660339645179727,1.6106531988909438,0.05833868813675617,0.08066172124914675,1.581469086540652,0.039677816227409554,0.4677761143932363,-0.3415372633361564,-2.0643192009885225,0.08244753007262126,0.27107753285615815,-1.0266460925097591,1.301304772912124,-0.5172754033760328,0.03778985048279992,0.7303656764606414,0.36065790611255877,-0.02189135144723732,0.7270779604329032,-0.34236610047440685,4.581172501048495,-0.7351949809512478,-0.003616633365708331,-0.7669672936278586,-1.23298254391203,0.16546312499555652,-0.25875159308146173,-9.01297708395205,-0.7502606117357886,0.15282566505992162,0.007354453655998135,,5.808030847209319,2.6240769901731125,0.8023211638092224,-0.7924236075085455,0.2759114956067721,-0.2108805770077805,-2.3540629002044873,0.51290826863832
2024-07-05,-1.094799712947192,0.5303003731828038,-0.8654606230810531,0.21786440487858863,0.01893563672952984,0.7143719770970216,2.406254074153725,-7.203420556789461,2.8482426707415445,0.06390218366167857,-0.6869301726313368,3.223339534142974,-0.05678645876061868,-0.10498755509750748,0.14130815892988982,0.07948160972170909,-0.9827749781790137,0.9170905445803036,0.02598630324527458,-0.41288683330200626,1.117148786955712,1.1147579955978568,-0.0006151310701638067,-6.2524067393717555,-0.19861157126736267,0.007346526875708327,-0.07139132364737698,-0.34993930985687094,0.13751013122026565,0.9446085133773588,-0.002378554484525228,,-1.1010423242955023,0.7399692871859567,-0.3859964769645008,-0.0604284864218643,0.011243762141484844,-1.3186950863062747,-1.5203370394269984,-0.45211960498137194
2024-07-12,-1.1340603564678453,-1.3421388582461669,0.7108079988459262,-0.3294565180117002,-0.7917686575611426,1.7239949805093124,0.6792341506253046,0.03454840856260912,-10.95555214330812,-1.2045687735597106,-3.8743018095985704,0.9903605526002939,-0.42163827313168784,-0.06332805823496027,-4.418914410714795,-0.06268269548784171,-0.07417705119585857,-0.39835307459634994,0.047850300398267015,-1.7432776575385809,2.465563728041075,1.1615298980414086,-0.16546545937383517,1.5748964710621856,0.20100916735398777,0.16014243663194377,-0.027828014990216816,6.811419305778169,0.23253553556554374,0.3419267757753006,0.009561311956587989,,-0.2719011882576098,5.791625420717244,0.5140970481450149,-0.8037121402178137,-0.01642445232246498,0.8221770087364197,-3.5078926109123514,-0.47909561975856785
2024-07-19,-0.5622875325060672,0.13328877545427617,0.7605400855922522,0.18885724545092364,2.03060399787111,3.134978792906229,0.22265476197528095,0.6153990313126634,-3.988297524162683,-0.6123315709451375,3.023225034490504,-2.817080357782864,0.6230147558523392,-0.13519562416898726,-0.4859586739645868,-0.13557444311627664,0.2137301615230371,0.6292238175552024,-0.4789465043496262,-0.35539943598379675,1.6467806462947776,0.339008574360929,-0.22002082322277752,-0.15291147083327417,-0.32544032131051415,0.16179827105629566,0.6688671435776015,-2.2045390201420645,-0.45867089972582253,-0.6374734899953558,0.008504234654210498,,-0.35500775585614985,-1.0344059679737208,-0.10993467031937765,0.1047642869823723,-0.1895298339165548,0.8375639431020847,9.454406887288975,0.9354355750723078
2024-07-26,1.139749339383428,1.0504194677105485,0.17443939593188215,2.9679919419599106,1.178924925365785,0.5084534257795251,2.16560588036075,-2.06391339155512,1.4853282807450336,1.5290627159928538,0.19985920533093834,0.49006812726251286,-0.05343519761887708,-0.29445528721830616,0.5236800413512531,0.03950120771526572,0.18535336163174124,-0.3178057151803411,-0.22515196045300784,-0.055338725769581654,-2.561044214154063,0.12724632163388525,-0.3885760986543835,0.2985124419880541,-0.7850021695227486,-0.18195050979125493,0.3427868836494514,2.9950907381464003,-0.8601430737963578,4.024004669525503,0.0725864509887911,-0.024809923638513802,-0.38844982100690034,0.8210403139151728,0.2364313547426431,0.34595013487158965,0.028223896250508695,0.17279685764993136,-6.2845239875135,-2.1538396252169347
2024-08-02,0.20987006961861057,0.31058333053298637,-1.5525321539117154,0.018609658065483245,-0.16211478711570038,-0.28837763387545845,1.3546719521627733,0.6658085039989926,1.1347884092275597,-0.6548981463821197,0.0964384733406246,1.2249258360791415,-0.11472351870712466,0.521731084064714,-1.6857650182004202,0.05130644578863802,1.2221871511318978,0.6315317609313381,-0.4281675802047407,0.11025847573649053,-5.136503553158521,-1.423008500074132,-0.021450060763073066,0.6173062474890632,-4.047899334960884,-0.1054917005156961,0.24720484731230238,1.312436019768962,-0.858716658131703,-0.029305793741408914,0.016382773816525184,-0.05478041591168433,0.36863571510566084,1.4715782776122335,2.038424367091331,2.585607929261532,-1.9190547533809326,-0.6723007115737043,-0.5505688934425366,-2.348872907898089
2024-08-09,-1.6142896161889082,0.06491766901964281,0.2909477066027692,0.01631120247928476,0.25660589684625934,0.02919477431437525,0.19241227907237893,2.0316485801657254,2.1297922122306616,0.04523067284812352,0.4379399898000995,0.7534671421958354,0.12173832365032367,-0.1656481242661489,0.19418830360163047,-0.8098751456850527,-0.044202939612088044,0.8827662321194557,-0.03936068049801934,0.6030473068155262,5.200217110029961,-0.8050975221532368,0.02673870492754716,-1.4519459022458554,-0.09795893190474661,-0.12745216791864641,-0.21821279922083586,1.0710400169257879,1.025567293763662,0.2382217478646862,0.026556178411467398,0.10564608303944326,-1.8626029629939342,1.0547516509003416,1.0553845200609537,-0.25934726748611503,0.04760557584205805,-1.3791406082812905,0.5003549218586997,-5.10009537999289
2024-08-16,2.1828087674650196,-5.073451697913768,0.7579309096740454,0.0303160073973833,0.030558071003563045,0.5897482102823388,0.08856422233354468,0.48259026964362584,0.8118550901051854,2.1920214587159967,-5.164086479830533,0.21586109165165712,-0.004093020196962997,-0.09838541823061253,0.30566799795895516,-0.1589505449490227,0.16933262153324952,1.1981911096488762,0.09593615393761318,0.5628509825681698,-1.7811596641454894,0.245731319480752,-0.03201575035139484,3.996329989635091,-0.3832102858403891,-0.701100601689046,0.24497095745183237,5.1442619780662975,-0.7102989283531496,1.6970839633002015,0.19895160903038106,-0.008781746441069748,-2.3990071027976008,-4.69212875447297,0.2984887272813239,0.7394341738867689,0.1940411883426979,0.37176634282435483,-2.187659727263059,-0.7723377595478965
2024-08-23,-18.20683982443315,0.3138603700878876,0.7324753112999643,0.2537174956425228,2.7676051470297898,-3.2274358120425157,0.4331759936028586,0.39368909377019207,-12.749956828811383,0.8952606899241438,1.2797706405126643,0.29122747347083655,-1.03222995299581,-0.1994854886263243,0.907214477097564,-0.04800583262349857,0.26031388140376,-4.579593142750225,-0.07703104600783853,0.01267732142884926,0.13203023380443382,1.6161141920892028,-0.006540990378464342,2.212455090725221,-0.11147380102462533,-0.2723279789843439,-0.7082048885819979,-17.086274527497135,0.06552286578258544,-0.18676115719247063,0.03785908429225471,-0.06796188153855659,1.9204434936434118,0.8083470777930584,-2.210776404293013,0.17940020741548107,0.008453272115172947,0.21810694957596535,0.1182740339140935,-0.3750647239639235
2024-08-30,-2.014074928616669,-0.2652551563585287,-0.6442069579320788,-0.048679805380862064,0.6358310939245488,1.0716771397019291,0.08339883882020666,-1.1837647903573567,7.200373340336286,-3.220448981346309,0.3726015028559567,0.2792299648261654,-0.3888078059144167,-0.03321848302071357,0.2105800136322946,-2.016529986369401,0.0345395719512751,0.021962976041368258,0.28357858773041994,-1.20223204104187,0.843435873832413,-0.0713409743376153,0.06731269657976598,1.7987693917818464,0.36526033098367533,0.03167376835672018,1.1209385198196782,1.8711102623527984,0.1684023761569566,0.011582735578245927,0.0018220754920008362,-0.046288655464557266,-1.461592470689416,-0.1591354550663785,0.30820926643379815,-0.48530124449907447,0.18311244817913983,0.3541760992074543,-7.893040942917016,-0.6560305924941863
2024-09-06,1.2896270472998845,0.043723296873011935,0.001773002340128449,-0.22791936808536722,-2.412085764295717,0.44906108102377335,1.1373904994902888,0.05640335763025464,-3.4667511711863668,-4.937664425595855,0.024322586309509564,6.58644905136673,0.08782493066733303,-0.9087165890674713,-0.43493881947159774,-0.03268198087240768,-0.7541284167610391,-0.24810139481076898,0.16591845284361947,-0.27114877291703327,3.07213131769288,0.24172894938800532,-0.06469500161234103,0.20134214676250345,-1.352965013531745,-0.14145655791630096,0.014972950493048781,-0.5094448553795146,1.121407739941187,4.091837997536757,0.00976703508848816,-0.01411601814961092,-4.590235995166009,1.6648939299195968,0.39534443172045214,-1.887938362484993,-2.2243179275792007,-0.010586271002485284,2.8419211684166976,0.39144133568651795
2024-09-13,-5.845472000677379,-0.036863830850710134,-0.45631200283314394,-0.4373682841955073,1.8160145776446952,0.25668635885519786,0.1566500198903019,0.5078972854968201,2.4562252750002425,-3.661109642120489,1.2569822474156003,0.7617153397890286,0.37751458990493264,2.7464551050329,0.307111379464161,-0.00456917693680663,-1.276280839696884,-1.715965893704983,0.18184035384504404,-0.19630063259699493,2.938225414077788,1.038132783294774,0.013045792960574874,3.332655212518686,-1.2763633560923702,-0.13389202782143966,-0.06428818684562182,0.29279195011735715,-0.038032175804755236,-0.20557886894609534,0.004292864430281984,-0.12053847181139524,-0.5413226999529206,4.385920330793033,0.34276675133682505,-2.0229618993608915,0.7921107489587026,-0.3456798549771048,-1.2319532852633257,2.775266353411685
2024-09-20,-1.0858467303245285,-0.00775408337128308,1.4040455309019526,0.6583629916188876,-0.6295017250199151,-0.01982230556224072,0.04215787014921228,-0.16431694357904733,-11.837714459482406,0.8896282589102531,-0.09088169753385393,1.3802437636070732,-0.16538083784783775,0.04702038303365435,1.365816148159855,0.02833941373879538,-1.0554813950194226,0.2945647578569367,0.2527383672975538,0.05087902120247147,0.687952113816264,0.47695432331315557,-0.0028528488354210547,-2.1899727400271627,1.033290192394866,-0.017672177981042442,-0.10451081598643445,1.332427352509006,0.2558846924843332,5.2803854509927985,-0.05604186043168493,-0.0036157789817158393,-2.7081989561185886,0.7022271082679785,0.059643720364231996,-0.015839357563703,0.04384583005095883,0.5173229197876742,-1.3988729653808845,-0.10134547298461224
2024-09-27,-2.0585814804321956,-0.000992801238697813,-0.037015561169480904,-0.01959314058969944,0.19896680378840637,-1.5935168720084159,0.13694704081714376,4.151426083477485,3.7455563475840994,1.2719498670098983,-0.15065457828169665,0.5982954636061429,0.10353321487986025,-0.15050984135527423,-2.114139595118406,-0.005706794434202196,-0.4618948090329621,6.1147018403885784,-1.1860760645054547,-2.2907095880921235,22.434304632330445,0.9562680484466117,-0.07261373120893976,-0.020204554804938324,0.135716680921689,2.2390628069388714,2.8839600941273145,2.414421152430981,0.053940394826782936,4.277880797673434,-0.06485812031028045,0.0566489086574747,-2.3303971057994683,-0.0738320212726685,-0.5558419112290275,-0.003918234945554558,-0.8839344388658952,0.9156146453823719,-0.024230594907113906,1.879154746511465
2024-09-30,-0.8003661688339261,0.05057347471367328,0.1263980338810977,0.25526292016350394,2.2221926948432498,-0.6070072143832911,0.5915648314064572,-0.8185439038980719,5.741227737377974,-0.1659882591656543,1.143253706288865,0.4377000335819244,0.15104944325717695,-0.06000782724825758,-0.07249367951902487,0.14615267338208932,0.22227440088761394,-0.03921110206876946,0.8646128811690306,0.13037413728822625,3.2634696293941987,3.82122209638085,-0.479699900632959,2.969389519043831,1.0868627663335115,-0.020775069456218456,0.058598135893018904,0.8305475703719738,5.573353623947805,-0.21236177746527754,0.08499058330890003,0.4099698016176842,0.63236548944857,1.1842735315007367,0.42417865343734734,0.49984676909095593,0.13953214964751212,0.5266788271376762,-0.8037376644039471,1.7975081302382123
2024-10-11,-0.5169754475437571,0.03394208925316895,0.19546075278414665,0.4292612480528609,-0.27486006550854036,-0.43996136503059874,-0.24226172303303622,-1.3539015104989272,-7.025075395649936,-38.0096218608623,-0.013909073448710976,1.2617575703533863,0.4854912446488165,0.2979152791496563,-0.010926300360763922,0.01005167828502139,0.4808702432096835,1.9963580936936411,-0.17169308840006287,0.7851856297972812,1.2198418842185688,0.8168917772819333,0.06769386111070974,-4.864755301904496,0.6490738523325057,-0.03128338583828536,0.148152665536681,3.2028497758662207,0.5664747336730827,8.35784092362149,-0.025903459470686233,0.2416732880949053,-2.6890623671386256,1.568970935435096,0.4786208021744627,-0.7394812854939856,0.6238512461011743,-0.12447184601622145,-1.0967087912401348,-0.04217899635707524
2024-10-18,-1.612476150592651,1.049689858131585,0.31766131416247934,-0.013590672379465723,-0.26137272210997187,-2.080262887674017,0.11754300454744548,-2.0120217815839694,0.2268140418478729,2.20956541822586,0.9075129361118208,0.6624725712522487,1.0375502581070575,-3.796816838656144,0.25929012928637796,0.9537742214514053,0.7096942811170132,4.792856373427125,0.08632000211581625,-0.19589766822574078,2.8283634747708337,0.30677684426594903,-4.594289918920595,-1.5036209429306777,0.04832993871986968,-0.1556901932460701,3.3347238505720886,-3.525432920049523,5.373992120820789,-0.9829771752962869,0.04882984188250912,0.17066760303371922,-2.9334906226144084,6.331688441595524,-0.3788995199764358,0.6390201647119496,0.011645150053892122,-2.00677656768365,-0.35449759069949494,1.0008393815542116
2024-10-25,-0.4546380835463347,0.47418563865110824,0.09522067647741894,0.09396820138036717,1.2846548922473207,-2.3195235205583122,2.6718844860660185,-1.866464931642501,0.4589040654706131,-2.0128861547791774,-0.08458712710668959,0.628283662738495,1.0757312290282253,-2.469370214031587,0.33216336432912824,0.23942817291692867,5.468071499126747,-0.24011096382457645,-0.2669895157835108,-0.4669865349789071,-0.8556595509409612,0.7666114256320078,-0.01871338575152964,-1.6133844567166902,2.805748310183154,0.024350565351911924,0.042189742438192145,3.5236929566163884,-0.9938154371559342,0.45477306860875966,0.06952222736585015,-0.04795461085482511,-3.2737001165283015,3.3206622123106064,0.25066097631245304,0.026072769502727536,0.38794137906388904,-1.4299340330673187,-1.0261924785107555,-0.12040811306757343
2024-11-01,1.781568451961066,0.30924848962272244,0.07296301961856647,0.043250149080962905,1.171282736212921,1.161856966613572,1.6803847411888215,0.014053422277119351,4.385679606375045,0.3538772884022249,-2.103974872430606,0.4907730533003534,0.027080263254988992,-0.5876327685829188,-1.680833067780747,0.006570984559714908,1.345265992556659,-3.3225426480622704,0.22044623235124244,-0.41982205308251414,2.4665055288595643,-2.894096949889511,-0.04873759113796304,3.5332492348362914,5.362091655312327,-0.11279736582256497,2.455047985330264,1.1997174734083025,-0.06252385446317828,-0.9125121393944504,0.040486227853006915,-0.002404031422328451,-0.8776242606306024,1.6945198196091784,-2.218030062508472,0.13214003016206177,0.13549478751866556,-0.8342203369666102,-1.9958867127302815,3.118624391278585
2024-11-08,-3.5297604936566844,0.03765152488019099,-0.15023555819835985,0.06133784001608636,0.2662568076960773,-2.0379580859228663,2.0190064120942504,-1.0755072860429244,1.020253278024475,0.8636105191752589,1.0453755865180172,0.6271678603054935,-0.14961327650629297,-0.05122698858482168,0.13096811030477054,0.09219462864683338,-0.7537610001576737,0.3439073171507953,-1.4587816006600396,-0.8620652708362444,-0.3603701367905392,0.5678224402548224,0.9161426158421793,1.5923305256954912,-2.0150361469837863,-0.027444265866312552,1.8933771408109663,-3.822215393609108,-0.17008865268636705,-0.9899657307098676,-0.1374663049845826,-0.007579479333639162,-2.8083576940724857,2.042089219538086,-0.4200910233840471,-0.6587813302271278,0.004805728334702017,1.2061506568199805,1.3306811843273694,-0.16063013388533837
2024-11-15,0.0430307763973145,0.543033672383662,-0.10991139459236883,-0.18118135843591152,-0.36889821009173507,-2.1304964349990723,-0.08174086946221643,-0.2974290777176996,-7.634004927437395,-0.648637685488671,-0.11960127640093243,-0.38570192550960947,0.03076783812592053,0.17221965731119787,0.2477829240186143,-0.10158592769588,0.12005872655389066,0.0613826924038501,-0.23657980815976248,0.13277872524174875,-0.8783352687912019,1.3874304352185927,-0.003737551870799159,0.07797749289968922,0.6248557412499082,-0.1232944883574044,0.5531342834443598,-0.5312289237198199,-0.29520870915967506,0.8890762285655202,-0.2711937696104584,-0.08803883665028356,-1.6353510355922902,2.7900329813078804,2.461388738443133,0.1105399771724578,0.10508065160655099,-0.17561003017654597,-9.755770467258547,0.7661804232019168
2024-11-22,-0.917842377807124,-0.11501945082888416,-0.25930872053049436,0.11827150887459788,-0.6540841100908923,1.584606688961688,1.2607365080921582,0.6106011051738109,-0.9810993711848602,4.145318145374866,1.9636999164371898,-1.612498999592689,-0.0669399231955046,0.23337942285858176,-0.10744993277578524,0.07231221666957878,0.13044334855682188,0.6429477786220724,0.039082979712549544,0.42924931615732187,-0.45985088362140325,-0.14049391623383356,-0.2084445792861156,3.693686509990392,-0.5174402050663123,-0.32179159871412816,0.125563093870644,-3.1839094889388,0.818925824179239,0.04987890498884455,-0.0008988718725501665,-0.013464656644376315,-5.387497062660764,1.1438808595666432,0.5058682414298072,-0.07240689396817818,0.05754268950876366,-0.13710198882745325,2.1617863204001857,-0.20046528121680052
2024-11-29,-0.5313910343891189,-0.040918051100999345,2.1675562028585467,0.4684070352115293,-3.989031423446411,0.6520034060237468,-1.3502002230691155,0.40265671138679193,-2.4971383842956563,0.27759491318565277,0.045244119283399276,-3.2092226289281163,-0.08108895442678477,-0.030815820565911062,0.10978279392710992,0.1450359887434481,-0.7679066169661186,-0.5021149210123305,3.5915451382940105,0.4095571097409091,1.1491980189717652,-0.1909775272786598,-0.015467642961580107,0.9092438458732558,0.09662085719033082,-0.18532817054875575,-5.89751202369392,3.1975889657125576,0.2080872017464837,-1.0384707950910406,-0.27096535734040045,-0.17227998546811785,-8.303178818944652,7.925052075440044,-1.716753116983463,-0.28233140198362133,-0.011483277475278244,-1.767822269783058,2.0089758311318544,0.5580135768509387
2024-12-06,-4.796882201033102,-0.03746359661831346,-0.20802337988983816,0.15652712277701453,-0.16648400909795513,0.16848836655357038,0.3280510993410791,-0.24965120740885732,1.3309439918930683,0.9157025264630636,1.9075046414456434,2.810568143446135,0.1364382041339321,-0.06072237793058978,-0.4086222413333669,0.03972717009844951,-0.11241054979177045,-2.5942424421419448,-0.09880969096624118,-0.052604447429115735,5.699253905846894,-0.759515199591682,0.5621318366942628,-4.427800781477633,0.14874444422004235,0.9996353868084068,0.00812413881296746,4.773385423905705,0.41857243284028306,-2.2895690285725063,-0.4491680580329811,-0.011744145744025712,-0.7594441881230363,-11.23028466054765,-0.9533531567042451,-0.2983212159680933,0.0218431412364998,1.4558220777182798,-0.7409061041107835,0.05570141350725895
2024-12-13,0.9751113281097926,-0.01057471249783283,0.8271077841856954,-1.250548284554939,0.446321528216479,0.15654069794142786,0.14605139400413386,-0.2548417312357267,0.5450622965460887,18.31786951530525,-0.13889867393878488,-0.16494331647462507,0.0031484220747079947,-0.7712138558970008,-0.7456715845896236,0.023547706064457385,0.9450288297175697,-0.5485913951709058,0.06055255116903458,0.12901501807923862,2.6735103590176785,-0.5230357782533278,7.199419843731903,-0.6940650508510672,0.22191277554914438,0.06967662967132122,0.09696235652956707,3.30090765710655,-2.5986622617695003,0.0662043163661435,-0.2306658848484334,0.022201427992992406,-0.30111759701761015,2.3221564006364717,0.761304525723493,-0.3799443761950215,-0.15863942140579856,-0.1403342635165364,-1.3909793081180908,-0.5704396475795525
2024-12-20,0.15654800160028345,-0.30338741344219783,0.2671879642889491,0.27949859911022196,1.9847104567221265,0.2551061116039053,0.4378515852767722,-0.7474533457706283,2.7900587236836945,-4.1850915599381215,-5.748364922847759,6.3257821925218645,0.421192700339166,-1.830570874108012,-1.7004469469269523,5.181966012654792,1.8493900297239454,-0.6915650315980417,-0.012897261936889781,0.7562054641106932,3.5371140401593553,-0.6643663209748453,-0.1188617938462609,1.0510816833141126,1.1160639792782392,0.07315122514365668,0.5457245440726466,0.12184824894688062,1.1872722530551638,0.21961224809210314,0.04975905616946566,-0.0030977295405965645,-3.754571796742219,6.588752457933348,-0.3348518273012759,0.5610050795283944,0.0395013287383868,-0.4238155153306815,-0.23422283452733392,-0.8680408529494239
2024-12-27,0.1345071333567112,0.15405401248075562,0.8862316024059552,0.28513234493969597,0.018012266769285322,2.0535469264464825,-0.7038551338767078,0.021103544169696564,7.100115149641996,-0.6409226642725662,0.9122898589653959,-0.5209696372697512,2.067737988115871,-0.005650416624376636,-0.697598452807815,0.47381740341739176,-3.456617748544039,0.8398203210812105,-3.3722013636560066,0.07641810228460957,0.15370229264721763,0.5507188781081337,0.0317818279751512,0.8090850877809465,0.5017373545884781,-0.10275839605912795,0.22553218836641176,4.514377047051286,-0.36315656374174565,0.3103208142535857,0.1363226757413225,-0.470363512133973,-3.2544285192471847,-4.360580600988259,2.151181412387281,-1.085715271243723,0.003992296867942256,-0.9884632581792256,1.7832978802122774,1.9504359353446095
