TradingDay,TMT,一带一路,中药,交通运输,传媒,光伏,养殖,农业综合,医疗,医药,医药医疗,半导体,国企改革,国央企综合,国防军工,基建,基础化工,央企创新,家用电器,房地产,新能源汽车,新能源综合,旅游,有色,机械设备,汽车,游戏,生物科技,电力,电子,石油石化,种植,绿色/ESG,计算机,通信,金融综合,钢铁煤炭,银行,非银,食品饮料
2015-05-22,0.03908882594411271,,,,,,,,,0.02493350221583678,-1.1179212385285764,,,-0.0030456140415656267,,,,,,,,,,,,,,,,,,,0.22741503493304216,,,-0.24383534760118553,,,-0.0007455243331119398,-0.0047070765398044695
2015-05-29,-0.0228546482950756,,,,,,,,,-0.5057215141979742,-2.0960608844626787,,,0.08322781610067394,,,,,,,,,,,,,,,,,,,-0.03805509497487462,,,6.2376409187298005,,,-0.00946671594315153,-2.2911223946542854
2015-06-05,0.10327637980090557,,,,,,,,,0.04362561009061405,0.11636100771431757,,,-0.009379001375449593,,,,,,,,,,,,,,,,,,,-1.233354218244517,,,-0.3449481171577603,,,0.049773626527067974,-0.010217786282773771
2015-06-12,0.8644420081641315,,,,,,,,,-0.010863775956976445,-0.3990584827691203,,,-0.02811865984676697,,,,,,,,,,,,,,,,,,,-0.039808661129778836,,,-0.05942129079973503,,,0.03771297269344425,0.29276775806181454
2015-06-19,-0.17609546112746208,,,,,,,,,-0.12653530712731503,1.6553221516587473,,,-0.022448699960333208,,,,,,,,,,,,,,,,,,,-0.13017374501141205,,,-0.5856318149989133,,,-0.027279960257612968,0.31849642663296435
2015-06-26,-0.09257519911303969,,,,,,,,,-0.025665024725127376,-3.9994632584047505,,,0.026068453721289565,,,,,,,,,,,,,,,,-0.00564316518129602,,,-0.015074476211358212,,,-0.12386156341845334,,,-0.0008035677734470752,0.32595009879263404
2015-07-03,0.07275379711545386,,,,,,,,,0.026142809079921683,0.15511139765519963,,,0.6412050018688036,,,,,,,,,,,,,,,,0.0027011063217118794,,,-0.5899980640240486,,,2.7642626529644283,,,0.882174846630911,-0.1549892590813289
2015-07-10,0.19727785067292442,,,,,,,,,0.008098732110264874,1.8791668170893894,,,-0.1214399082678341,,,,,,,,,,,,,,,,-0.14134897723891815,,,-0.06482996908709118,,,2.210880054071813,,,0.23562276991309283,-0.0020762974394633164
2015-07-17,0.050668070603953994,,,,,,,,,-0.10127996311682388,1.7519552509702916,,,0.09626818086052966,,,,,,,,,,,,,,,,-0.01638522311468272,,,-0.07370205720152963,,,0.9904717769617452,,,-0.05172116301068197,0.013277898693311849
2015-07-24,2.9797308893499284,,,,,,,,,-0.0008667314052850268,-0.2798947445790171,,,-0.4294967180160012,,,,,,,,,,,,,,,,0.02667687483490242,,,0.6868218806556997,,,0.9503170659181722,,,1.978417580198538,-0.19193262705858471
2015-07-31,0.08985574521455295,,,,,,,,,0.006382830445325975,-0.039914872240069364,,,-0.13664331890446332,,,,,,,,,,,,,,,,0.0033857284538339133,,,-0.027188934714513398,,,0.08620499180483339,,,0.018998536480892794,-0.017628678762514883
2015-08-07,-0.07114870762760915,,,,,,,,,-0.023875137613280584,0.06850276649324771,,,0.007849386809739943,,,,,,,,,,,,,,,,-0.15793013945576606,,,-0.024184393022161993,,,-0.07639178102514939,,,-0.0006693267085328967,-0.017681994151188436
2015-08-14,0.0026613720245979235,,,,,,,,,-0.09967991587401656,0.6714291261302419,,,-0.057289936857630085,,,,,,,,,,,,,,,,0.23349549206160733,,,-0.009657953330021812,,,-0.026386008905907858,,,-0.01976166355482916,0.029160078977656073
2015-08-21,-0.8090630103851373,,,,,,,,,-1.3823948915349218,1.0628167617657995,,,-0.02332184536515035,,,,,,,,,,,,,,,,-0.004860694752427643,,,-0.01611163598663652,,,-0.1807635171515271,,,0.4647112507578115,-0.003979684924299509
2015-08-28,0.060798583607208044,,,,,,,,,-0.2324424650796683,-0.04964781353670705,,,0.11939319081547917,,,,,,,,,,,,,,,,0.04211285398428148,,,-0.4696404410100479,,,-4.58550061028093,,,-0.000582897782551684,-0.006563032899243869
2015-09-02,-0.010620152832861485,,,,,,,,,-0.005046745136521392,-1.5015943206582358,,,-0.08797336913073706,,,,,,,,,,,,,,,,0.007680576787349532,,,-3.2513003272783485,,,0.46178973394565703,,,0.03926067740481087,0.012064269873261103
2015-09-11,0.5458062994037444,,,,,,,,,-0.13759992324318132,-0.04858796879285093,,,-0.7913065761209199,,,,,,,,,,,,,,,,-0.03768647819572705,,,-1.214499849676707,,,-0.3694530801551357,,,1.8023420839739008,-0.1337146515568298
2015-09-18,-0.05095039881901881,,,,,,,,,-0.04842117361901044,0.131939715669915,,,-0.028521240070744334,,,,,,,,,,,,,,,,0.041187648921978626,,,0.5962042483902595,,,-2.7682781117079016,,,-0.16593083163828304,0.01875973297056277
2015-09-25,0.4626852945871658,,,,,,,,,0.024518212826965438,0.02307142417080092,,,0.0020772348370237557,,,,,,,,,,,,,,,,0.9280202535890827,,,0.07130182299790411,,,0.19651507309157873,,,0.07798810799946325,-0.03895535184098015
2015-09-30,0.006265047203113042,,,,,,,,,0.7259908937190163,0.5129149193502622,,,-0.003117815803992927,,,,,,,,,,,,,,,,-0.009379301235569635,,,0.22678809237684752,,,0.02953006464626262,,,-0.0008408425996158733,-0.0005322466391751593
2015-10-09,0.3803323508143162,,,,,,,,,-0.01327396376687685,0.7582026581346994,,,0.02501182795352018,,,,,,,,,,,,,,,,0.6523470018513708,,,0.039312671537738465,,,-0.05283894092208698,,,-0.006742065569258449,-0.10173809207906709
2015-10-16,0.27950699833788933,,,,,,,,,-0.4981092304522773,-0.0034356680354098307,,,0.241286575818775,,,,,,,,,,,,,,,,-1.5092263408657738,,,0.3348107705037433,,,2.2752165236021993,,,-0.0010092965539189639,-0.0014938271459018528
2015-10-23,0.021193448052785963,,,,,,,,,-0.005694970490983545,0.13934236949466247,,,0.13490771280272826,,,,,,,,,,,,,,,,-0.009248711100418017,,,0.15701256686983478,,,-0.23664272585137675,,,-1.861539979501815,-0.05215580350982041
2015-10-30,0.0028560623372338345,,,,,,,,,-0.007502213016746365,-0.0018700686288389975,,,-0.01330668802558778,,,,,,,,,,,,,,,,0.16215947271354186,,,0.6061112181565114,,,-0.051069528381693124,,,-0.15606023031592525,1.2866739232658384
2015-11-06,-0.33110507347089185,,,,,,,,,-0.005688223874466224,0.5819503467192119,,,0.022427283944829273,,,,,,,,,,,,,,,,2.635870384409823,,,-0.050955317127776026,,,-2.313706768425709,,,0.016819343668112295,0.00851734491271658
2015-11-13,0.3806161477800116,,,,,,,,,-0.023674915773750672,-0.05141334584592674,,,0.16828571573636933,,,,,,,,,,,,,,,,-0.10779000855728171,,,0.5812279541857758,,,0.07191660925310528,,,-0.003722230711862372,0.03839415160692673
2015-11-20,0.09206709033250986,,,,,,,,,-0.020096990046894747,-1.3400680336782131,,,-1.025736035675196,,,,,,,,,,,,,,,,0.005009058753397834,,,0.07556310769186284,,,0.5004135872384151,,,-0.2935336255702383,-0.04270175264205034
2015-11-27,0.011628659242676968,,,,,,,,,-0.0030335183769307373,0.46188960034293836,,,-0.40021838825860684,,,,,,,,,,,,,,,,0.22041593540467305,,,0.153952771934663,,,0.8051181570833801,,,-0.0316520972309667,-2.270222266671451
2015-12-04,0.014649381356990461,,,,,,,,,0.0654685781143941,-0.013818487857936683,,,0.03184354281954695,,,,,,,,,,,,,,,,0.1716763625064721,,,1.5170678103128075,,,0.1890634714064542,,,-0.0014145198568423633,0.05629767506515962
2015-12-11,0.07774084212495036,,,,,,,,,0.010047486999680862,0.029666799784734178,,,-0.045282802434538375,,,,,,,,,,,,,,,,0.09368256978519979,,,-0.0173231871856161,,,-0.38519878251360373,,,0.005909018501767071,-0.052633532798601564
2015-12-18,0.009387215963245977,,,,,,,,,-0.005424902481183706,-0.05985832179728315,,,0.7154137494046593,,,,,,,,,,,,,,,,0.038481711834452856,,,1.9358476001720426,,,-0.11749879790270074,,,-0.0024528576343060674,0.02730010209314115
2015-12-25,-0.004509820982981387,,,,,,,,,-0.10616024651643412,2.8973297446103428,,,0.568117085753616,,,,,,,,,,,,,,,,-0.052400528554051425,,,0.06836314645332761,,,-0.06367506622280697,,,-0.19364172528377424,0.00839366902301259
2015-12-31,0.1554932810780078,,,,,,,,,-0.007661679056509496,0.15479597931224193,,,-0.031162210037787064,,,,,,,,,,,,,,,,0.02397939375892189,,,-0.010882136941969132,,,2.4137426731441076,,,-0.028813355260144155,-0.009775109900471552
2016-01-08,0.004668970087318482,,,,,,,,,-0.005579338886389284,-0.9141750772271638,,,-0.02287628666404211,,,,,,,,,,,,,,,,-0.04624891713194031,,,-0.006554701904268454,,,3.29493162048849,,,0.015648234045526888,-0.12913464627622664
2016-01-15,-1.2421572454778353,,,,,,,,,-0.00647329835249218,-0.13355251152769482,,,0.004353890603030534,,,,,,,,,,,,,,,,0.5188069000372544,,,-0.7533836157679168,,,-0.14933010142932582,,,0.03512995774297095,-0.024129901757988386
2016-01-22,0.11941873654670877,,,,,,,,,-0.17966344792982317,-1.019323314727116,,,0.019649430263646555,,,,,,,,,,,,,,,,0.02820136690649435,,,0.07812642960656196,,,-0.6946575431255279,,,-0.0071884512394790705,-0.07881352067478381
2016-01-29,0.48038312069694405,,,,,,,,,-0.0042865716282572885,-0.3315683669054351,,,0.08693737611636902,,,,,,,,,,,,,,,,-0.009412149368912085,,,0.4662533568543787,,,-1.6616170450845484,,,0.0816418972368886,-0.007456794501080077
2016-02-05,1.1623126834838655,,,,,,,,,-0.10059384333687742,-0.9459700458970021,,,0.016821456025440558,,,,,,,,,,,,,,,,-0.11679764644272383,,,-0.014601385308844209,,,-1.7355289398812657,,,-0.12078986785721108,-0.16004729539703633
2016-02-19,0.0665973701196119,,,,,,,,,-0.014211828710289136,4.377731311308265,,,-0.8196543618275113,,,,,,,,,,,,,,,,0.013987203408093766,,,0.06868400711244539,,,-0.08130447605636723,,,-0.04230862804519951,-0.25916271053835915
2016-02-26,-0.012913853564743059,,,,,,,,,-0.030482112306269713,-0.06479250957304547,,,0.09830404956134174,,,,,,,,,,,,,,,,0.43703142750062274,,,-0.01938342891027387,,,-0.030974665945430368,,,-0.04118501889352216,-0.2164161266548474
2016-03-04,-0.06193120508694708,,,,,,,,,-0.004153687454877614,0.6014624800909818,,,-0.10376489086666581,,,,,,,,,,,,,,,,0.01924815551583585,,,0.2456819022613488,,,4.76468164538549,,,-0.003983475946489456,-0.3652128000134108
2016-03-11,0.05413628520092832,,,,,,,,,-0.010795623062442961,0.1029415439694237,,,0.3190248468949177,,,,,,,,,,,,,,,,0.0008037731961837991,,,-0.03024488567827586,,,-0.09699233911905794,,,-0.010907832450163225,-0.04907789849609241
2016-03-18,0.3643422497974935,,,,,,,,,-0.2834248894754664,0.5839319368939002,,,-0.06415399267263598,,,,,,,,,,,,,,,,0.06288401008973721,,,-0.02095426935389241,,,-0.11108935648773637,,,-1.9348336978839922,0.03937354895772633
2016-03-25,0.08496336297652503,,,,,,,,,-1.118757069362006,-4.221063889806546,,,0.400441534070835,,,,,,,,,,,,,,,,3.490823413396165,,,0.02512180586532319,,,-0.04733143267333681,,,0.6242584425695565,-0.0037174782965647187
2016-04-01,0.04448146769502673,,,,,,,,,-0.0027135417996400077,-0.007363383046090924,,,-0.029221225483897367,,,,,,,,,,,,,,,,-0.04110440281265623,,,-1.9934929658774143,,,-2.344854279871558,,,0.007126959983436069,-0.06834652874335635
2016-04-08,0.14966598786668708,,,,,,,,,-0.010999880617867882,0.04535498232943169,,,-0.042347034995494165,,,,,,,,,,,,,,,,0.021632005853006963,,,1.5462808539245891,,,-3.0588977993466755,,,0.01209806795621371,0.007082839959258328
2016-04-15,0.020740716734182568,,,,,,,,,0.02655810653570677,-0.05611000157635036,,,0.09355422410337565,,,,,,,,,,,,,,,,0.007553279654715899,,,-0.1670104538099679,,,-0.7835356368220456,,,0.6059718655655986,-0.09526906832696744
2016-04-22,-0.021119729328202524,,,,,,,,,0.019654134941342258,1.0704945480762196,,,-0.08514594086653991,,,,,,,,,,,,,,,,-0.3728528241538377,,,-0.03655609124193066,,,4.219551343864859,,,-0.00012783707455595733,-0.12242543978761226
2016-04-29,0.018304969111385943,,,,,,,,,-0.12912385384617164,-0.05366801724277866,,,-0.041222091490645985,,,,,,,,,,,,,,,,0.09473199641048988,,,-0.29780071430262345,,,-0.122763416744693,,,0.1380462594021369,0.004822244658644221
2016-05-06,0.02951143692671646,,,,,,,,,-0.47962372243152107,-0.12801191639817072,,,-0.1924703442553979,,,,,,,,,,,,,,,,-1.957728585763062,,,-0.0012134800456424424,,,2.0274620102174863,,,0.0010958156245322957,-0.0077764234655281666
2016-05-13,0.04003732974609124,,,,,,,,,-0.16550839033701908,0.06012398238523843,,,-1.3372139092418847,,,,,,,,,,,,,,,,0.011011366212588119,,,-0.053201119823873676,,,-0.25129907515452937,,,0.0023597276887848614,-0.04379180752593241
2016-05-20,0.019862379593758497,,,,,,,,,-0.9892340653142413,0.014994131061683298,,,0.7906895931885305,,,,,,,,,,,,,,,,-0.09896442926152252,,,0.013956816379278966,,,-0.0675230461624168,,,-2.1917429556400863,-0.4388918361111809
2016-05-27,-0.04454903687234791,,,,,,,,,-0.005920747929633267,-0.004219119069548874,,,-0.02038278612656331,,,,,,,,,,,,,,,,0.10709429242515112,,,0.04378188005161736,,,1.0854428442556716,,,0.005761005902599484,-0.046047559376327554
2016-06-03,0.8015170267078182,,,,,,,,,-0.007478816167674311,0.32207515424939986,,,0.006677490489793835,,,,,,,,,,,,,,,,0.3408951328923584,,,-0.07121961390548329,,,-0.14019702380756704,,,0.01725748900856888,-0.8052098925375621
2016-06-08,-1.8399300654489767,,,,,,,,,0.04534443484983324,0.04536743613606255,,,0.006999134891163923,,,,,,,,,,,,,,,,0.9339522987535273,,,0.05289961063728717,,,-1.648023998824394,,,0.03739370140636549,-0.0018352060708743526
2016-06-17,0.0177360499267244,,,,,,,,,-0.036437946435719695,-0.04905867976933811,,,0.06181914315301588,,,,,,,,,,,,,,,,0.5446363558138945,,,-0.003402323195852205,,,-0.1065220518448759,,,0.0003549908990583342,-0.004017246261055656
2016-06-24,-0.07410371509249497,,,,,,,,,-0.23431173950025833,0.5270265493333508,,,0.2893923191280666,,,,,,,,,,,,,,,,-1.9277750952274924,,,0.40235560374573126,,,0.14601200580145715,,,2.213855245343414,0.6874411156027651
2016-07-01,0.02789819503034279,,,,,,,,,-0.02000279098110476,-0.41583917538459,,,-0.00039809860211343447,,,,,,,,,,,,,,,,-0.02414623875693149,,,-0.016180514339288687,,,-0.09765901302763114,,,0.017615249077789018,0.05373124684846486
2016-07-08,0.09765111597493235,,,,,,,,,-0.0059935284435322774,0.07932727488051788,,,0.19995584407865838,,,,,,,,,,,,,,,,-0.11304190483028193,,,0.02555330337994723,,,1.2721040029282427,,,0.00242455095674216,-0.012318461548776001
2016-07-15,0.043171768576015575,,,,,,,,,-0.021552744757723397,-0.19006600186957004,,,-0.06976339027124992,,,,,,,,,,,,,,,,1.098005249984906,,,-0.08669770195228226,,,-0.3045869085608311,,,-0.5164891529973998,-0.238640784438983
2016-07-22,-0.08595854740072946,,,,,,,,,-0.12222821073970297,-2.863844053195902,,,-0.06460179256669649,,,,,,,,,,,,,,,,-0.007980432013325666,,,0.26000110398223303,,,-6.143793756950731,,,0.8948055965951666,0.07397221492050585
2016-07-29,0.013297373827257458,,,,,,,,,0.1968570933287284,0.3597605270673726,,,-0.3625564042324224,,,,,,,,,,,,,,,,2.323699562923036,,,-0.11871690403629745,,,-0.6214930944614524,,,-0.5044252218761593,-0.004034582140521789
2016-08-05,0.01691277116356611,,,,,,,,,0.6337003751749783,0.18322815502819756,,,0.016098881589824275,,,,,,,,,,,,,,,,0.0013313446170371305,,,0.029223917654519184,,,0.1848479750452667,,,0.05329614447333371,-0.006958434619635688
2016-08-12,0.019085145328243087,,,,,,,,,-0.00329546190232094,-0.28770704517194257,,,-0.12763718227499252,,,,,,,,,,,,,,,,0.6451092150221108,,,0.0036965782262936425,,,0.29131326416247344,,,0.0033951864623342817,-0.022597166966646393
2016-08-19,0.01858934449857172,,,,,,,,,-0.0012989408674812367,-0.15281255735682842,,,-0.005255731060875428,,,,,,,,,,,,,,,,0.7007271891826181,,,-0.8714780960728434,,,4.6293983490240125,,,0.001783757465621666,0.010172041155522853
2016-08-26,-0.01110842213923416,,,,,,,,,-0.5921464673604654,0.041846811484542654,,,-0.050879005372717404,,,,,,,,,,,,,,,,0.5671067457963208,,,0.08008058227402148,,,0.6078721905874427,,,0.0023793584932321715,-0.029388156061750777
2016-09-02,0.10257012196166163,,,,,,,,,-0.27532535429747546,1.0336620365244813,,,-0.025391334273502285,,,,,,,,,,,,,,,,0.0374388689392126,,,0.46479032404130827,,,2.7017505261964003,,,0.006004107984739109,-2.2577582916704464
2016-09-09,2.222181704717702,,,,,,,,,-0.006179857933788953,0.1330916195696872,,,0.006284799836753674,,,,,,,,,,,,,,,,-0.30552515534892866,,,-0.17617475149879527,,,3.3285977616986733,,,-0.0034533313293112597,-0.345978843780475
2016-09-14,0.3517299327604302,,,,,,,,,-0.005544344902156509,0.09049739921268501,,,0.02852448186969834,,,,,,,,,,,,,,,,-0.04558352141946771,,,-0.020705835977602026,,,0.7866839816751134,,,0.21631453587797844,0.28271828110561653
2016-09-23,-1.2433835998729745,,,,,,,,,-0.009117314108351019,-0.15850220907717708,,,0.5257569614482376,,,,,,,,,,,,,,,,0.28332011688177355,,,-1.5947726790933523,,,-0.5886837105830725,,,2.253362105879165,-0.015104540591660508
2016-09-30,0.006305468266279733,,,,,,,,,-0.026954997193211764,1.198724046949812,,,-0.004744370477056589,,,,,,,,,,,,,,,,-0.007280246764225321,,,0.8405192201958418,,,0.14452129112255618,,,0.020987348441825954,-0.0408165717273552
2016-10-14,0.1898569414496115,,,,,,,,,-0.03883586600872191,0.06080521646203366,,,0.026608303188654318,,,,,,,,,,,,,,,,0.008511881547796297,,,0.0010768816939267021,,,0.5206530571362473,,,-0.00014335598546031184,0.03341402434559685
2016-10-21,-0.07266316786262429,,,,,,,,,-0.0653737934969458,-0.08224914905506661,,,0.018112955279612864,,,,,,,,,,,,,,,,0.028297299113309263,,,0.0025614269961282007,,,0.13508225442417365,,,0.0053243185861765515,0.04239504779211648
2016-10-28,0.03368478586562666,,,,,,,,,0.01749410311472137,-1.6794783127293842,,,-0.011875532592946814,,,,,,,,,,,,,,,,1.056446506316495,,,0.04638439622029381,,,-0.6697225833609008,,,0.060471329443493024,0.19146307485463682
2016-11-04,1.8582765804689694,,,,,,,,,0.3490632238115918,-0.25712793095872116,,,0.20752824946241868,,,,,,,,,,,,,,,,0.11919276094800224,,,0.08950245381846547,,,1.1066799117281385,,,-0.01346141448593621,-0.012556740460545876
2016-11-11,0.12305351587743416,,,,,,,,,-0.007583771516843859,-0.03421140761377356,,,0.6227195539197935,,,,,,,,,,,,,,,,0.15462224246686546,,,-0.0989088465346156,,,1.781210812023125,,,0.0011519968772875921,-0.005458631818068877
2016-11-18,0.6830946220408959,,,,,,,,,0.07615407806814034,-1.2005432111117056,,,-0.3503975778014425,,,,,,,,,,,,,,,,0.17810230371853897,,,0.06047078954689492,,,0.0021448826734737636,,,0.0023509238574219446,0.005355065964301768
2016-11-25,-0.021772318559344476,,,,,,,,,-0.0064397494205582365,0.10404623263797218,,,0.11960797684305968,,,,,,,,,,,,,,,,-0.004289400690608382,,,-1.7364295316036846,,,0.8307238286185575,,,0.019334694531104073,-0.03493882966416727
2016-12-02,0.02915031116096631,,,,,,,,,-0.0018375100011484048,0.4269696582346397,,,0.02461041808744053,,,,,,,,,,,,,,,,0.03140816501382146,,,-1.7219767831042605,,,-0.2633950220059178,,,-0.030501581576838036,-0.13231744350740307
2016-12-09,-0.7985143956244859,,,,,,,,,0.0034840651109994264,0.036641640014753604,,,-0.05487399531201208,,,,,,,,,,,,,,,,-0.4277573598284679,,,-1.0995866307884836,,,-0.01666361693930284,,,-0.0725971539116396,0.011660821046836805
2016-12-16,0.8846220113978811,,,,,,,,,-0.047502274330785695,0.018180351683301742,,,0.600414098521953,,,,,,,,,,,,,,,,1.8662209173466584,,,0.4588722271093356,,,2.162124483948687,,,0.13113275196692498,-0.3565950403571052
2016-12-23,0.015818059613049638,,,,,,,,,-0.020237897696312415,0.08295215929832907,,,-0.009525022317946209,,,,,,,,,,,,,,,,0.00332024602658546,,,-1.11468910645908,,,0.1805878579080178,,,-0.23712818900421828,-0.0035924156968114396
2016-12-31,0.0915605059981557,,,,,,,,,-0.006521943635199796,-0.3105450431148451,,,1.909873674155882,,,,,,,,,,,,,,,,0.36227957344569983,,,0.05253712024444974,,,-0.414942993470656,,,0.06545544186448096,-0.027435370897294933
2017-01-06,0.02704730375007835,,,,,,,,,-0.09213372770125722,0.8781771659264899,,,-0.4956368523464536,0.4093922398045355,,,,,,,,,,,,,,,0.6956789299530594,,,-0.24510779801043062,,,2.4621924540663276,,,-0.012652084411827462,0.005160889450654216
2017-01-13,0.021855187662115538,,,,,,,,,-0.23584792751845018,0.15917738698424522,,,-0.09956978856191621,-0.1292170236703574,,,,,,,,,,,,,,,0.030362600807098666,,,0.014707050075335727,,,-0.16135068145065806,,,-0.18438671246520105,-0.001860748773007501
2017-01-20,0.32716643996590916,,,,,,,,,-0.01865223985600391,0.37808929392992724,,,1.9253691007083222,-0.001193075706608856,,,,,,,,,,,,,,,-0.1272204673719758,,,-0.4187850915732047,,,-0.27323273580218155,,,0.2579080845264792,0.027241837553789467
2017-01-26,-0.020331539106862334,,,,,,,,,-0.0226125651115029,0.36659780549173393,,,0.6032268311439095,0.21052516818275963,,,,,,,,,,,,,,,0.3542761435673283,,,0.26082437471339454,,,-3.659740743789046,,,0.07985635971894049,0.14412648429227523
2017-02-03,-3.840206771810718,,,,,,,,,-0.49895734119141066,-0.019406554714032343,,,0.30648622476785603,-0.9442408947019367,,,,,,,,,,,,,,,0.10415324579502697,,,0.12540958641794708,,,2.811160091431103,,,-2.2872447908190825,-0.007087220557234062
2017-02-10,0.28449024418459085,,,,,,,,,-0.0019406416670770463,0.000976830361696393,,,-0.016356029538101655,-0.01007237657774083,,,,,,,,,,,,,,,-0.1869344707447767,,,-0.022879215174829187,,,-0.04474771846861671,,,0.017096885423704338,0.038590763290102637
2017-02-17,4.064714961374662,,,,,,,,,-0.08014556104244491,-0.6348967634647147,,,0.045761891555955427,0.04171135717672517,,,,,,,,,,,,,,,-0.015502627231367576,,,0.5586588685198528,,,-1.046762763610109,,,0.002674602534828624,-0.25093497312783586
2017-02-24,0.021863093490737753,,,,,,,,,-0.007323274641586269,-0.4542362423153782,,,0.979134900723956,-0.13510813682541847,,,,,,,,,,,,,,,-0.00026268209716812574,,,-1.3832474197191345,,,0.2799752481031138,,,-0.007265125092152297,0.09635550454674978
2017-03-03,0.032186916079339455,,,,,,,,,-0.012142913319415503,0.16317639775469972,,,0.6216039400875436,0.12795426994479,,,,,,,,,,,,,,,-0.06356522276504578,,,-0.013507391521740419,,,-12.216602997382191,,,0.01955567752077688,0.022414537871735196
2017-03-10,-0.6045605906160998,,,,,,,,,-0.023367634526907488,-0.029564441602137132,,,0.03292138574926711,2.754769765151581,,,,,,,,,,,,,,,-0.06889660148596259,,,0.025488090731424953,,,0.24822747063439515,,,1.4071830755497592,-0.0686526676224508
2017-03-17,-0.23387113632697876,,,,,,,,,-0.0025418922136769256,0.27918396462182293,,,0.514251094811051,-0.1375435581241893,,,,,,,,,,,,,,,-2.770509334579662,,,-0.0549195190983383,,,-0.34323508539672704,,,1.1167086144729492,-0.029221631288005652
2017-03-24,0.008398253946910315,,,,,,,,,-0.27250521897948865,0.569070972152513,,,0.18470190214077645,-0.3740184928346452,,,,,,,,,,,,,,,-0.1857955169284716,,,0.3119444704055515,,,0.31863016684487616,,,0.6970780653530773,0.0668992597131895
2017-03-31,-0.34438275070619717,,,,,,,,,-0.5216441525911049,-0.3014580196789893,,,-0.04182679658055917,0.0629038906781475,,,,,,,,,,,,,,,-0.03968990579723139,,,-0.09308674666413674,,,-0.017643861320434093,,,-0.9335317797999364,0.20300071657190255
2017-04-07,-0.36929445160022234,,,,,,,,,-0.040249603992805964,0.17526761886806452,,,-0.13434751828276012,-0.07466244018727661,,,,,,,,,,,,,,,-0.012230978215000743,,,1.4017917186152529,,,-0.9465131159002399,,,0.8849933815552595,-0.06845911781731681
2017-04-14,0.011658309295419412,,,,,,,,,0.17643543266671688,-0.002174136954553728,,,-0.09047423836160978,1.5089072759534365,,,,,,,,,,,,,,,0.029132607535444697,,,0.00802706412853846,,,-1.312448773098048,,,0.32877490360103007,-0.19712718905762847
2017-04-21,3.4238412015035244,,,,,,,,,-0.01240941939227141,-0.38765500785735796,,,-0.020125719831149594,0.14334413890407052,,,,,,,,,,,,,,,-0.2118480124991319,,,0.0018617339217256298,,,0.06906986641443263,,,0.12427754609235654,0.005209738978772226
2017-04-28,0.11180235659674805,,,,,,,,,0.0036376797223884585,0.3244013144054835,,,0.08840635929093928,0.5025827891768456,,,,,,,,,,,,,,,0.0049313130620180085,,,0.08805178854865414,,,2.8152531896689132,,,-0.012349168293721515,-0.1463867912313609
2017-05-05,0.00341692803765574,,,,,,,,,-0.02794224206242886,-0.19338428269864089,,,-0.012351720223422877,-0.10596472369177393,,,,,,,,,,,,,,,0.24942083624029127,,,-0.08078139815277784,,,0.5711495090534308,,,-0.26482436697008577,-0.022129955039594414
2017-05-12,-0.0563786565981863,,,,,,,,,-0.04300492662676149,0.3608398686734934,,,4.242208492887327,-0.622037518248433,,,,,,,,,,,,,,,-0.014622508780117177,,,0.17704998399480723,,,-0.06482038090572462,,,0.08325510426817406,-0.012647506295914096
2017-05-19,-0.09035547208412013,,,,,,,,,-0.16337983138803672,0.16674789943661675,,,-0.14878252262980224,-1.2090847345254867,,,,,,,,,,,,,,,0.015911060825511043,,,0.008398354705803452,,,-2.8856522911345026,,,-1.9096331338190244,0.04112712865335508
2017-05-26,-0.49975856517889655,,,,,,,,,-0.015280289298007446,-1.3701717132390303,,,0.7109193100930269,0.37238027696644405,,,,,,,,,,,,,,,0.02539621483025177,,,-0.20263816250441774,,,0.6964274693736083,,,-0.11707908722166638,0.07942600309648183
2017-06-02,0.004350318293811084,,,,,,,,,-0.0006715348781695246,0.4795855422432312,,,0.009094623351981693,0.037883413898424506,,,,,,,,,,,,,,,0.03648888897948466,,,0.022828275201995082,,,-0.3507919534446633,,,0.06644130765660511,-2.8442348727839333
2017-06-09,-0.9729352246828656,,,,,,,,,-0.3665960223734789,0.38034888647268617,,,0.07525191748398384,0.11727279792292492,,,,,,,,,,,,,,,-0.5259276634623689,,,0.00011496054146461183,,,0.2846375188888407,,,0.3712862699533636,-0.004555091031170454
2017-06-16,0.0022294323691551196,,,,,,,,,-0.05674899603864372,0.013544172326439428,,,0.09309750243370267,-0.40335338124764797,,,,,,,,,,,,,,,-0.00603785314140946,,,0.05422605706030004,,,0.8164752383836903,,,0.036477089163938596,-0.27642552259800446
2017-06-23,0.07811481490861769,,,,,,,,,-0.004598923270581208,-0.0320376893293916,,,0.6694586421279222,-0.2621417578920068,,,,,,,,,,,,,,,-0.06324708578441354,,,0.10205595249619634,,,-0.23436536359450635,,,0.4720510654170098,-0.0037010401538981556
2017-06-30,0.02705742956188211,,,,,,,,,-1.0733742271274749,0.6583931625237242,,,0.01754809354575399,1.8637535795016815,,,,,,,,,,,,,,,0.8940767551646492,,,0.3076711425686854,,,-1.9575456203435342,,,0.11028255850029418,-0.011964553977423074
2017-07-07,0.21578488364828438,,,,,,,,,0.0066831274980792416,0.3943790119146928,,,0.11993766981958959,-0.6752182258986721,,,,,,,,,,,,,,,0.004934957036482665,,,0.005489973098376616,,,0.11714317722872356,,,0.04883917862777831,-0.0004998201377361816
2017-07-14,0.12969542554468877,,,,,,,,,0.0014694338868504828,3.5822016801293555,,,-0.17391031122864983,-0.06109236855672491,,,,,,,,,,,,,,,0.307627457911171,,,0.10099860814761191,,,-0.15555337323503723,,,0.02978354758057354,0.02380297759291976
2017-07-21,0.9857284506389516,,,,,,,,,0.09577869694482921,-0.7594309765762235,,,-0.4717206837715698,-0.15421046163358498,,,,,,,,,,,,,,,0.06198780554745134,,,-0.8940092895139027,,,-0.09391381146544701,,,0.017798847591459374,-0.006948006004323787
2017-07-28,-1.2965300327218738,,,,,,,,,0.0011491074236903223,-0.49205994865043357,,,0.3500458561816303,-0.0427880093966001,,,,,,,,,,,,,,,-0.02394701898949811,,,0.15564537948044285,,,-1.0471493048993723,,,-0.1821385635966245,0.09181158503620138
2017-08-04,-0.9606228465756251,,,,,,,,,0.032371976955585066,0.0329653699838809,,,-0.003586904299573158,0.030008151009745725,,,,,,,,,,,,,,,0.06054291104680438,,,0.010909683355063093,,,0.6395670308811614,,,0.10907098594694459,-0.29559140868150735
2017-08-11,0.17816049550934307,,,,,,,,,-0.018467150941957514,0.19045383481704925,,,-0.08281903848695331,0.038068649624796724,,,,,,,,,,,,,,,0.03642454836831149,,,0.062231923477195514,,,-0.053873251586280715,,,-0.07827480283120544,0.7976369886153701
2017-08-18,-0.1028367979431126,,,,,,,,,-0.12440951178385848,-0.05894305445265592,,,-0.032208435459339005,0.23939770830321488,,,,,,,,,,,,,,,-0.009057178702324153,,,0.1154671019045888,,,3.4990892089576797,,,-0.8952541582264985,0.005526344970733354
2017-08-25,-0.022499754571156248,,,,,,,,,0.28610464935772284,-0.04701688902100232,,,0.7816621931601815,0.16819897674304887,,,,,,,,,,,,,,,0.6200243047882967,,,-1.1676007600391671,,,-2.4295170554498764,,,0.16709044374015408,-0.0017106859091053717
2017-09-01,0.11626789231439,,,,,,,,,1.0222626509239139,0.9360801627585104,,,-0.0035413115331263158,0.4556576798226046,,,,,,,,,,,,,,,-0.022925195010799853,,,1.7268353376318757,,,0.12877355133501728,,,0.09983795063788156,0.01114168290695691
2017-09-08,-2.231386770384843,,,,,,,,,-0.6810904521883979,-0.5788951869800565,,,0.027517121982855126,0.39898346204178203,,,,,,,,,,,,,,,-0.12143145864627446,,,0.2465629734804354,,,-0.5651444714509144,,,0.005364275153728365,0.37708981358480614
2017-09-15,-0.07211882450243481,,,,,,,,,0.021936095673796757,0.38716790848733457,,,-0.39951757906115115,2.9017295211518084,,,,,,,,,,,,,,,-0.15003947299524584,,,-0.14772512489268133,,,0.1030072762899034,,,1.2055868291127196,0.07141060575886017
2017-09-22,0.017046152175294833,,,,,,,,,0.004591483709114268,-1.3459468336899103,,,0.5203654401624096,-2.434539339364238,,,,,,,,,,,,,,,0.19947366998924765,,,-0.0016736417112378152,,,0.5983499110466286,,,0.06522304477909957,-0.016302388225522338
2017-09-30,1.179117439737773,,,,,,,,,-0.21607301321552452,1.3327128719870862,,,0.06263615750872595,0.5540974517814984,,,,,,,,,,,,,,,0.06292622577669565,,,-0.010553792037425116,,,0.6296999218157558,,,0.24343052529856385,-0.0034516769699627055
2017-10-13,0.00183190333982583,,,,,,,,,-0.5838025440130793,0.6273479821730535,,,0.12303748814878984,0.04669370517627755,,,,,,,,,,,,,,,-0.18178715058868794,,,-0.022994654064271224,,,-0.03198698161944287,,,0.025100804394520657,-0.006634249821979227
2017-10-20,-0.18020813382926526,,,,,,,,,-1.6691154381621502,0.05641473137144865,,,-0.027303140602537107,-0.0045010056229296495,,,,,,,,,,,,,,,-0.10249784951824369,,,0.7472501734019937,,,1.4564803698794666,,,0.94596322636381,-0.03880280536760667
2017-10-27,-0.018681955269779105,,,,,,,,,-8.276242750328896e-05,0.5526896660382999,,,0.35041987431902905,0.007673560526900228,,,,,,,,,,,,,,,-0.31900871943944376,,,0.2486416912720163,,,0.4115213493939478,,,-0.03932664833687857,-0.017249365578679593
2017-11-03,0.35321431087404287,,,,,,,,,-0.0005490991506805088,0.045879179720484255,,,0.35188458681776724,0.011877940224843016,,,,,,,,,,,,,,,0.03300588716535728,,,-0.13826508628422124,,,0.1814096822541213,,,1.0937797218599192,0.004632696447049561
2017-11-10,0.6611826360567472,,,,,,,,,-0.013459957022914682,-0.005170998555472592,,,0.5952556095454083,-0.14075415101939293,,,,,,,,,,,,,,,0.0022128885237851703,,,-0.25163384174600756,,,-0.47029556070301914,,,-0.4193129393267066,3.331548023787091
2017-11-17,0.11679982752498545,,,,,,,,,0.32668757780503566,0.04247947516986504,,,0.207086818491608,0.23928018658973405,,,,,,,,,,,,,,,-0.20517420753452087,,,0.012116454841469174,,,4.934062901439268,,,-0.053355261958519126,-0.13496972763525839
2017-11-24,0.014605109115224783,,,,,,,,,-0.015007907896167131,1.944241971825167,,,0.44022282032856297,1.7281972139339319,,,,,,,,,,,,,,,-0.04200625507329941,,,0.0793645837958388,,,-0.06400722671840053,,,-0.06484077877122037,0.009253961606968663
2017-12-01,-0.012271882587658024,,,,,,,,,-0.017113810748062182,2.392215341514518,,,0.01380275073055033,-0.102708370136085,,,,,,,,,,,,,,,0.02109267505128961,,,-0.4277660677437019,,,-0.8879450080996062,,,0.2782572532547283,-0.002352810630921631
2017-12-08,0.03185743083518407,,,,,,,,,-0.01783538186325223,0.4942999675059511,,,0.001820959735413551,1.0167151752417916,,,,,,,,,,,,,,,-0.04407991274662938,,,0.13713443746941822,,,0.35564820803284336,,,-0.1388667504007733,0.05564753567992253
2017-12-15,0.01321064396973707,,,,,,,,,-0.048956899064723225,-0.058962311742055594,,,0.1656810701803469,-0.08493643421513071,,,,,,,,,,,,,,,0.052701109552716376,,,-0.005607154189008378,,,0.8475128902083713,,,-0.00574793575144915,0.03331711217191502
2017-12-22,0.05167028681877197,,,,,,,,,-0.07958714658539504,-0.12272716714518926,,,-0.21596085724514202,-0.051049073096555604,,,,,,,,,,,,,,,-0.9936044436186106,,,0.527849676995847,,,-0.8737415457988146,,0.09578778367720545,0.20942251817194235,-0.008036347647553945
2017-12-31,0.19600370286938826,,,,,,,,,-0.20360751463640378,0.18573684982685806,,,-0.5470260527374227,0.15439071271469632,,,,,,,,,,,,,,,1.9664374952787005,,,-1.1028289151241242,,,0.017276059851987408,,-0.004034212835410437,0.7771660998829333,0.11487576786877007
2018-01-05,-0.26968243006013776,,,,,,,,,-0.05358660064551066,-1.0690842563144312,,,0.11879646706410671,-0.5922383089767822,,,,,,,,,,,,,,,0.11187617111691783,,,-0.3401889630389288,,,1.4131368038409415,,-0.24964822987285115,-0.2051536483144081,-0.12266807277216078
2018-01-12,0.04221000212653579,,,,,,,,,-0.00848856645952703,0.14755606681249378,,,0.008094486678487361,-0.27424783154709775,,,,,,,,,,,,,,,1.469762046335564,,,-0.47560835318155054,,,0.2198895447757646,,-0.0022837105737514955,-1.2913612201925533,2.811483459774177
2018-01-19,-0.1664185405090396,,,,,,,,,0.8741735878345533,0.1383631077348441,,,0.660362317928545,0.14946926704551994,,,,,,,,,,,,,,,0.0214882478332359,,,-0.24780725098997014,,,-0.6239108648680518,,0.2870978744763261,0.04520405444039669,-0.002482771880175593
2018-01-26,1.230796961696227,,,,,,,,,-0.008370052854228824,0.10644497162131497,,,0.4481819752709477,-0.1370550979117097,,,,,,,,,,,,,,,0.0021047284437981403,,,2.157202195054746,,,1.6243649351435712,,0.43705707653879033,0.5662401147882412,0.638871972243683
2018-02-02,-0.2036171357334216,,,,,,,,,-0.005455426076871821,0.11299722646434689,,,-0.058373895737007506,1.1027114078851017,,,,,,,,,,,,,,,-0.010067288817292575,,,-0.3484021501389484,,,-0.07973640964573997,,0.007096354076521974,1.4498741834359552,1.0391075312062061
2018-02-09,0.0379469881453225,,,,,,,,,-0.00800905282838183,-1.9460643164088571,,,1.694120878088218,0.6298274414608844,,,,,,,,,,,,,,,0.34008863161956315,,,0.3555630246128224,,,-0.4867975937180557,,-0.06620725048611303,-0.8440329970436591,-0.298981615644998
2018-02-14,0.013612404093082696,,,,,,,,,-0.0040159845676568644,0.108295363370602,,,0.3323682391593024,-0.3171064721323642,,,,,,,,,,,,,,,-0.033324484118785275,,,-0.1631491820370396,,,0.13432117134314117,,-0.2511196042502316,-0.25227370224989076,-0.019738422583456698
2018-02-23,0.0018919312300264834,,,,,,,,,-0.2536877205448753,-1.464176998801296,,,0.12598160156114518,0.41342126151318126,,,,,-0.008268449527317631,,,,0.39395263233807226,,,,,,0.07814766470856772,,,0.10731508707166315,,,-0.23125155850881765,,0.02286028669820833,-0.8163365151917022,0.25184969882571523
2018-03-02,0.03812941261559515,,,,,,,,,-0.014896869439727504,0.10170072512936731,,,-0.306370959089454,-0.04076909633388781,,,,,-0.2473256242277317,,,,-0.008163095615211887,,,,,,1.2488688488145352,,,-0.32330276083997966,,,3.535250153491697,,-0.041929739224704804,1.2779198525487705,-0.024917504725585512
2018-03-09,-0.4564687298023927,,,,,,,,,0.15711356362644624,-0.8154301214744419,,,0.033144869101409666,0.87052337445284,,,,,-0.037434916092827154,,,,-0.08672258363195125,,,,,,0.18261944078213727,,,0.020720245822770465,,,0.056837029152208125,,0.09267424107881017,-0.49598493434516105,0.1519730218942429
2018-03-16,0.027730302304435635,,,,,,,,,-0.026098813161324876,-6.170914310865259,,,0.07587565520259963,0.07175288799272309,,,,,-0.07192367476701247,,,,0.22239072321561582,,,,,,0.053062040914471385,,,0.11944813021259681,,,-2.3973714604148917,,5.480350640793961,0.7722469243055642,-0.16802870359297906
2018-03-23,-0.04139553332433319,,,,,,,,,-0.0022945460181047813,0.9866893882045826,,,0.010331298048452404,-0.7793725834236334,,,,,-0.08208373969379107,,,,-0.01074566535940608,,,,,,0.11946330783625927,,,-0.1995486205510142,,,-0.06762805170207964,,-0.09090392377890022,0.035323979074726924,-0.13931138776715674
2018-03-31,-1.3862888477388315,,,,,,,,,-0.015456064523065784,-0.40476689557305623,,,0.12779499730952562,0.13874244083554932,,,,,-0.004997327231859967,,,,-0.00789582653872896,,,,,,-0.23707779635251158,,,-0.01864947556238123,,,0.05016204658548727,,0.7023311433461773,0.43804967340710094,0.02230040954187136
2018-04-04,0.042224706030619466,,,,,,,,,-0.02010918826197248,1.3794095307179648,,,0.42697526966401605,-0.17113042444767074,,,,,-0.4196647922506391,,,,0.1403250165476098,,,,,,0.06534574857102075,,,-0.0084989321384553,,,0.2566771351587243,,0.0006737014464487834,0.3016716306405036,0.22216098507119938
2018-04-13,0.029994317556212097,,,,,,,,,5.182269250181216,-0.029776736411652488,,,-0.2499941476747699,0.14835037536071413,,,,,-0.007158605900081904,,,,0.004114315465022697,,,,,,0.5670544156477998,,,1.0383725085287354,,,-3.9881639410920497,,0.34118111299591647,0.002639476875126879,0.09565329754278941
2018-04-20,0.41278554020679264,,,,,,,,,-0.00934649844113955,0.1010672881711842,,,-0.5824711261453843,-0.3811952577488291,,,,,2.1828132721879494,,,,0.0011507512224162772,,,,,,-0.009505949536718208,,,-0.00846590527322865,,,-0.8446734273058198,,-0.003179654203184311,0.08175124334028322,-0.2823142508891734
2018-04-27,-1.8061052187892843,,,,,,,,,-0.0031559152199461707,-0.2792779333174086,,,0.10162122392646603,0.03803050919910618,,,,,-0.006498127487398687,,,,0.0010753254206486128,,,,,,0.01632232026676344,,,0.07207166798005613,,,-2.5568263782792755,,-0.07518388328531844,-0.15258990343033657,0.006575186889539963
2018-05-04,0.47144059828957063,,,,,,,,,0.01009880169451223,0.20756663156276225,,,0.7376949695734889,-0.3150373007320965,,,,,-0.0025834730312600447,,,,1.0852613859452067,,,,,,0.6283362205866887,,,0.41133691863900773,,,2.9249047526977208,,-0.15429030346446243,0.12226905147778444,0.3511874475852137
2018-05-11,0.051109023852233953,,,,,,,,,-0.0627858728533937,-0.19682408406598312,,,0.0578292587763402,0.05073327270775981,,,,,-0.2519310873793976,,,,0.032348425055193274,,,,,,0.03574191087630391,,,-0.7221975378510747,,,0.6705503349180687,,0.17302133474849896,0.23003992694460754,0.14026211374420375
2018-05-18,-0.13710786304494588,,,,,,,,,-0.06187037406050921,0.9090390756749868,,,-0.3180754188097929,-0.04814221649181258,,,,,-0.5767951528745662,,,,0.002415683211553532,,,,,,-0.09512959268598223,,,-0.15291680241144504,,,1.0921566089002062,,-0.0066991907115748405,0.653685406629633,0.04553170270673566
2018-05-25,0.07586702372839163,,,,,,,,,-0.028277199277021024,-0.3818824273155412,,,-0.5086790934828815,0.90284485374401,,,,,0.0788610548040955,,,,0.622711876307938,,,,,,0.446673084607357,,,0.01918828905001622,,,0.2060825100832528,,0.29346470025942795,0.04774904762113779,0.2170266668048435
2018-06-01,0.07635177184160889,,,,,,,,,1.575431154893499,-0.06189905970516474,,,-0.4748674295472428,0.5418196351639647,,,,,-0.025058423310191365,,,,-0.5381405904359277,,,,,,-0.17017447116137668,,,0.2116542854762521,,,0.16811492105419049,,-0.8291402968358413,-0.24073969515158194,-0.029252554197172053
2018-06-08,-0.023103520687535024,,,,-0.0028741865845486763,,,,,-0.5168751168214709,0.04273671911019445,,,0.2887107857455809,-0.5276318205432451,,,,,0.09662298671625533,,,,0.0215265959651677,,,,,,0.10831938431548073,,,-0.34271044380020727,,,0.3063692830257761,,0.2886474866714261,-0.8554967847615016,-1.0033942999497438
2018-06-15,0.2604432416523533,,,,0.035519064704838225,,,,,-0.41140684335136746,0.01983813932061704,,,-0.015998799811565732,0.05101341922325113,,,,,-0.003658190222408133,,,,-0.5426456435836847,,,,,,0.02179717642371906,,,1.0974633984189326,,,-0.2605179410740226,,0.16726402247666206,0.11039132011387304,-0.10154310080325435
2018-06-22,-0.45925205306848904,,,,0.23696454218589477,,,,,-0.09034708252554119,0.01803377340004371,,,0.104710847900846,-6.240964897513769,,,,,-0.05438054157940544,,,,0.053268366905307445,,,,,,-0.018890172764644365,,,0.1331629249684876,,,-0.22275624355143714,,-0.0459959958044117,-0.7755993135053417,-0.11961926581161138
2018-06-30,-0.24813596890367592,,,,-0.018753978908565942,,,,,-0.04584460483395717,-0.2527183821684521,,,-3.407401232190559,0.28063490160770477,,,,,0.00315479143550528,,,,0.0005703249209771453,,,,,,0.038173749919707484,,,-0.01958201422115232,,,0.27425408852020977,,-0.1112066480723253,0.23491364668248318,-0.17607996843875592
2018-07-06,-0.05197698620062692,,,,0.04909520199115411,,,,,-0.003901580509311262,0.22837036355625046,,,-0.07009787562405799,-3.912445684167756,,,,,-0.48787339932507523,,,,0.8709627009947881,,,,,,0.0757073882270668,,,0.11379960721039767,,,0.3098245550693971,,0.013574397169309117,-0.15688951678182878,0.09129633616723815
2018-07-13,0.047971002678585256,,,,-0.008428268137357203,,,,,-0.01264393715796635,-0.12733546020934586,,,-0.0334574691252357,0.27999999443949214,,,,,-0.23744149166701914,,,,0.0008012149636535473,,,,,,-0.0016686713619697632,,,-1.631151225397438,,,-0.2547602381167103,,-0.0012180964911645143,0.38841390775076623,0.0004774722664695934
2018-07-20,2.0786632834097523,,,,-0.013000325797798938,,,,,-0.12129757707231885,-0.04231779632338358,,,0.009085652645541769,-0.724380395714376,,,,,-0.038116052802143335,,,,0.009541898344920283,,,,,,-0.010642291015410327,,,-0.35034721648915335,,,2.0841016445613283,,-0.01924643100878852,0.08812457314976166,0.24843996641956156
2018-07-27,-0.0007016750052955874,,,,-0.002564167174616503,,,,,-0.004578084560427919,0.6888384458631203,,,0.17953417293014481,0.6370066140251681,,,,,-0.003863923141928802,,,,0.255475627450569,,,,,,-0.011346051084399247,,,-0.7212509676199659,,,-1.0617163591089678,,-0.6601592912197931,-0.19688576542751807,0.0920095095802174
2018-08-03,0.4301384289348853,,,,-0.003448527231876771,,,,,-0.009769176487022087,-0.1287937941562572,,,0.21543866209168383,0.007650293141243526,,,,,-0.006622125156266977,,,,0.0016705058042513436,,,,,,0.023723213879528415,,,-0.0027776349420025118,,,-0.5519619730719225,,0.11786383341513991,0.08835913431467528,-0.0031645518111426242
2018-08-10,-0.005346293160685682,,,,-0.04311048550422838,,,,,-0.013940001668609217,0.7618628959157607,,,0.08126810377238469,0.1131472549229989,,,,,0.023795346315349124,,,,0.0032259862987789236,,,,,,0.005157529801652541,,,0.14121875025144848,,,-1.0529776572945777,,0.0918997148269774,-0.13288125547456878,-0.06151382830240018
2018-08-17,0.13229604330066153,,,,-0.17608498997174768,,,,,-0.17763925875821723,0.4290954297519646,,,-0.05694381499760835,0.8835496341891774,,,,,-0.0007678406410476621,,,,0.07661036388689783,,,,,,0.14473521833058475,,,1.665601586039891,,,-1.972026197367446,,0.20493671100406197,-0.41603106722113015,-0.007955149335279866
2018-08-24,0.05044238082188928,,,,0.006350185366638349,,,,,-0.26473876677027747,-0.24028400533295863,,,-2.8765003328401537,0.10285583573405377,,,,,-0.023045268451507117,,,,-0.33299940816997264,,,,,,-0.04726282063627814,,,-0.1118503400721106,,,1.1262104109678988,,-0.11109102307797758,-0.03440816969735489,0.018735287799406312
2018-08-31,-1.0215216426047762,,,,-0.08701950709080503,,,,,-0.002260286967667314,-1.8099139783616756,,,-0.5473435974260535,-0.07628634215220069,,,,,-0.00252998144772994,,,,-0.0071400838901879374,,,,,,5.3104347685204845,,,-0.6660519230509705,,,0.3985600045056209,,-0.3934260001222225,0.4883359447801376,-0.01664149734904214
2018-09-07,0.012779740213523183,,,,-0.0024409910190267745,,,,,-0.028799401515762775,0.337327935803531,,,-0.19234459133660126,0.14555802103293006,,,,,-0.0648783094131452,,,,0.12283741199326187,,,,,,-0.04215315946427132,,,0.5020292643850127,,,0.16454704609270396,,-0.09956868087812332,-0.5750269539357831,0.028830737086770673
2018-09-14,-0.16526159810315663,,,,0.08026308651495284,,,,,-0.07216636127381919,2.4668496104495494,,,0.8991047054235456,0.16216778521653424,,,,,-0.004739855637979149,,,,-0.014221286808515943,,,,,,0.006642543107247574,,,-0.11854810829319284,,,0.25568516326393814,,-0.022050963132853017,0.013144816392336164,-0.0638699543115296
2018-09-21,0.004726059728480801,,,,-0.025531658131216252,,,,,-0.23755383606465513,-0.24004292589008575,,,0.10446408830411764,-3.0644522279588955,,,,,2.4580216682619884,,,,0.011652245978447369,,,,,,0.026130262505553087,,,0.8675855985773651,,,0.34053161735372994,,-1.2642479133296027,0.250769982294966,-0.010654573283614287
2018-09-30,0.6956080832741525,,,,0.3839081016571452,,,,,-0.06950708201994396,0.3630789713129958,,,-0.9198824174734769,-0.026344570709596823,,,,,1.6905546058539151,,,,0.10746665898997977,,,,,,1.5189820881589282,,,-0.7829243222164032,,,-0.16897720266251665,,0.028518271464713307,-0.043925346671110976,3.6696873079662367
2018-10-12,0.0006573550419774477,,,,-0.0028994372361075714,,,,,0.0002442717939390446,-0.2980284149868461,,,-0.002411755507377812,-0.023266408145798743,,,,,-0.6599967917356689,,,,0.00023060375676705293,,,,,,0.23824564279467522,,,-0.05816866105856597,,,-5.651787094825128,,0.007291023194516064,-0.04453289389423131,-0.005008019495064762
2018-10-19,0.34877592317906103,,,,-0.0018617911848410823,,,,,-0.44753300833106396,0.32394212954913604,,,0.0187381859857873,0.151761764520771,,,,,-0.019044445306891228,,,,-0.010892584731550478,,,,,,-0.41105048935086613,,,0.8860835436991367,,,2.6441771075398623,,-0.19446538325139784,1.7510434305092515,-0.055358391072156926
2018-10-26,0.4110296723631991,,,,-0.17700993087870942,,,,,-0.08625751248704533,0.05385713812619469,,,-0.7421524478333514,0.12098478920588462,,,,,-0.2532451281356168,,,,0.0010723089976434506,,,,,,0.3368105509499001,,,0.05151113669402577,,,-0.43691250814481386,,-0.019395773259001457,0.11050478913343376,0.24921025931833962
2018-11-02,-0.4155604427441787,,,,-0.06421972052102988,,,,,-0.1673065199028468,0.5732529652374245,,,-0.045996620730667834,0.18251624927713972,,,,,-0.03360302587530527,,,,0.024367904426296758,,,,,,0.020224768847954443,,,-0.34996800137195666,,,2.9349675025053306,,-0.10341302759058348,-0.3713888427300967,0.01123936271124457
2018-11-09,0.9610788522790467,,,,0.03602047343918272,,,,,0.3474926564213147,0.09434733381469604,,,-0.0613678331866511,-0.02306943135843147,,,,,-0.6804134291869508,,,,0.00028463699687237084,,,,,,0.012496507011414575,,,0.31669387067457877,,,-0.8412559380225182,,-0.03540294942930705,-0.5323970460472023,0.04095193669145897
2018-11-16,0.08524551388941452,,,,-0.9266575248169842,,,,,0.016257816031963267,0.07269390533082179,,,-0.06347491522147,1.2910421376185546,,,,,-0.0057033090897727805,,,,0.016600527511398837,,,,,,-0.057419609055078466,,,0.016342810915941024,,,2.2771897112689587,,-0.06164716302362722,-0.21384589142508748,-0.019405297528005815
2018-11-23,0.1725582010131901,,,,-0.07098135142344517,,,,,-0.024231247051951642,-0.23038571332822821,,,-0.09440381757211364,7.208812185290104,,,,,0.01136198294539313,,,,0.02919837707117837,,,,,,0.07498700889091135,,,0.7535075426778209,,,0.6352641886327971,,0.009036359979074777,0.5109726977009126,-0.019820284431522076
2018-11-30,-0.0007728791391672027,,,,0.06642224620622914,,,,,-0.1720487975599527,0.45787795889773,,,-0.0174379175024554,-0.5458148285651118,,,,,0.005880979128346982,,,,0.0004169820467485168,,,,,,-1.969519706944925,,,0.23108766676035453,,,-1.50876943923923,,0.13676253970301638,0.045238343524863944,0.018528595165668047
2018-12-07,-0.07583541982430786,,,,0.01857710350804578,,,,,-0.018799419488654767,0.02704978603329334,,,-2.097860707906153,0.1082003468830564,,,,,-0.2007928885143716,,,,0.020456479719011558,,,,,,-0.40055965818933936,,,0.009219208213001387,,,0.16737628931662638,,0.10746622977006437,-1.0345386931609488,0.013731245685082114
2018-12-14,0.021705138010238243,,,,-0.4242417982969051,,,,,-0.28078341927542333,0.04677434904751496,,,-0.04741408711504342,0.14518423309941397,,,,,0.711526723826327,,,,0.0005418888159109465,,,,,,0.0015953043070346645,,,-0.19719037008271503,,,0.04042968680242285,,0.720922158199761,0.4505240366558111,-0.06301051253994414
2018-12-21,0.013620910956784171,,,,-0.5445614053078702,,,,,-0.11201577918479957,-0.29196116167229114,,,-0.046777196062648255,0.2522157651829819,,,,,0.018554784260502867,,,,0.00206255610207005,,,,,,0.006761706124374078,,,0.1035118851528393,,,-0.8866794689646897,,0.03806228125509706,2.2648566222949307,-0.2462474789025803
2018-12-28,-0.1464117612902941,,,,-0.13671270924106138,,,,,-0.037449215267735585,0.4529441081745766,,,-0.05542476136212359,0.7012254083346968,,,,,0.4027439243575474,,,,0.0011425501968105821,,,,,,-0.00706573669696396,,,-1.4106122588110375,,,1.1031062749317053,,0.042695803459331966,0.05128222189890365,-0.7102236009625305
2019-01-04,0.017703536577672027,,,,1.331194747079384,,,,,-0.007225614605817947,0.04287275564035001,,,0.3796098151984817,0.12176860593121701,,,,,-0.00534132942336954,,,,0.02506498695643083,,,,,,-0.015918060694742473,,,-0.06261735839204478,,,0.6716910929176697,,-0.07911749051861143,0.4412769503574263,0.09183262675595716
2019-01-11,0.02541289497587256,,,,0.01945236090418396,,,,,0.05977908132527049,0.12349024552598128,,,-0.011257758110792396,0.25034697714292553,,,,,-0.048708211402131704,,,,0.024896770853778866,,,,,,0.22049654732485405,,,-0.45104914653186645,,,0.07015090759741767,,0.0032717913713301875,0.17437651171396656,0.09348483797987003
2019-01-18,-0.4544526560369961,,,,0.026527639149037545,,,,,-1.3940811356097509,0.09664100982430977,,,-0.183412245448066,0.33428798402043924,,,,,0.2634677798293215,,,,-0.11113449006426367,,,,,,0.0815269122396418,,,0.6266403864995977,,,-0.09703866357256392,,0.0006431918281229823,-0.37670149254836716,0.0401866958054852
2019-01-25,0.832779583711689,,,,0.013425186248449923,,,,,-0.02014679606144034,-0.038292456781576445,,,-0.9564029614814462,-0.6434212537092521,,,,,0.0133415289913561,,,,-0.015599634813965223,,,,,,0.1621285265990838,,,0.5338144664531211,,,1.0825271782933092,,-0.1665905867595975,0.03042877374821229,-0.008653642174810364
2019-02-01,0.003164772635336472,,,,-0.0034682546393840813,,,,,-0.2224764524431977,-0.2892161880816947,,,0.006455347808598393,0.18208267693183494,,,,,-0.005938796715132932,,,,0.0007717178762491948,,,,,,-0.08418839840536158,,,0.07265151892825268,,,-0.09060880856806566,,-0.1534427372284559,0.7792993852306133,-0.011998216946282607
2019-02-15,0.0007971392793777838,,,,-0.06914908113687943,,,,,-0.0053614116614084445,1.8620747009511014,,,-0.11043739385763605,0.15337181864306665,,,,,-0.007421377870903198,,,,-1.5698770191515437,,,,,,-0.13532289618150134,,,0.05752173917042424,,,-0.5897810941386004,,-0.01358808915350865,0.03183584589966637,0.010722785190752948
2019-02-22,0.1298997932775543,,,,0.004125006127822347,,,,,-0.1279685641158625,0.28583272929367903,,,-0.027581782546254888,-0.3287216620007301,,,,,-0.00924160669939804,,,,-0.11403316754339321,,,,,,-0.00012800807688137864,,,0.4555365657838127,,,-0.030951072885285147,,0.2754898535645882,0.007272466045642689,-0.0012364980492879406
2019-03-01,1.7924638475666124,,,,-0.0020151416334149293,,,,,-0.1528483674135616,0.099040369640938,,,1.2340446505596678,0.006700169939836728,,,,,-0.1450564345013898,,,,0.066470419916836,,,,,,0.3526971750084909,,,0.20551730793614745,,,0.23961774028547728,,0.08505134201413177,0.20396520890329717,-0.6411335630259746
2019-03-08,-0.006260883646814694,,,,0.019174783013263835,,,,,0.0527174198931782,-0.4688468393175971,,,-0.05508797995192393,0.13346018112742886,,,,,0.24380191508842397,,,,0.013670924779479352,,,,,,-0.022721578826530198,,,-0.42345308259303,,,0.5403321603120458,,-0.03163717098377977,-0.6874951103429477,-0.06698877812517459
2019-03-15,-0.7733082590132779,,,,-0.06813071981093775,,,,,-0.020547056153035856,-0.04367054451838439,,,-0.23748494772917397,0.7284458956894134,,,,,-0.3823895640944247,,,,0.025253700744637012,,,,,,-0.193197339326944,,,1.206767710299091,,,2.701256083134412,,-0.027654040389076283,0.024294888858131636,-0.018809478614969892
2019-03-22,-3.480565875327234,,,,0.03253621320374984,,,,,0.0004821500416389256,-0.36354656806212404,,,0.044412553193228066,0.14718430544475142,,,,,-0.01048018646265203,,,,-0.03655579626116113,,,,,,-0.4910887941899459,,,0.12690596530401366,,,0.4511438170837154,,0.050282256199590036,0.6131542835228269,-0.09519048309371977
2019-03-31,-0.7982685769552648,,,,0.12285740341107083,,,,,1.6212847055186994,-0.7645929309683699,,,-0.06946408112792624,0.06286418819075007,,,,,-0.0015712554179786531,,,,0.05658755640495239,,,,,,0.07436821980461596,,,0.3857484738281042,,,0.4772323976235252,,-0.0305159616443612,0.8387102994300644,0.03567988184659591
2019-04-04,1.3988559254043296,,,,-0.19435536683004756,,,,,-0.08446127158851877,0.34074034926185226,,,-0.8152680074912306,0.3096668013930047,,,,,-0.16817638777097219,,,,0.13072185619531146,,,,,,0.20298457837573658,,,0.2723334399160607,,,-0.08039953420485554,,0.20445850589837689,-0.04508157393076522,-0.8739727285173742
2019-04-12,-0.12710985506932487,,,,-0.0035476743913193734,,,,,-0.0008403398302984427,-0.05462058251733899,,,-0.04216724819972459,0.007411119114787035,,,,,0.16963305545700139,,,,-0.010647376957125428,,,,,,0.03045735639328953,,,-0.9803508363885521,,,-0.10128137144371147,,0.015050431544961322,-0.5137584700012987,-0.0023804819336689484
2019-04-19,-0.19320290432542533,,,,-0.07537151951258952,,,,,-1.884830617983877,3.3584503193899646,,,-0.5820254699497959,0.1344340836271997,,,,,-0.001555231386461938,,,,0.0008565946451994922,,,,,,0.02133070558565371,,,0.0037134980315425914,,,-0.3343027060926822,,-0.00981154976667781,-2.778970905298446,0.013944882279781495
2019-04-26,0.15940409719086815,,,,0.010715621145317093,,,,,-0.009678647615067155,-0.17042033646024188,,,-0.038355152322139305,1.1680173793519906,,,,,-0.04464009692529845,,,,0.0006274895200939802,,,,,,0.7091681425510956,,,-0.04108123802593029,,,-1.0338867566055565,,-0.920328484058018,-1.4767135581159632,0.0254578453511268
2019-04-30,0.2774744040148536,,,,-0.03644682871896013,,,,,-0.12552200512916706,-0.09460897643751634,,,-0.04825927387497766,-0.4770144726279112,,,,,-0.03029159233073738,,,,-1.8261679779568605,,,,,,-0.003468399158954326,,,0.6447478875685492,,,-0.015656904703142904,,0.23770769709742257,0.053468630745258476,-1.2452176741402878
2019-05-10,0.6616756162169773,,,,-0.0024888292000302876,,,,,-0.4880446586440561,0.012717930920924317,,,0.7722637821866549,0.3046773351860065,,,,,0.42876148601749486,,,,0.03465068115221488,,,,,,0.008498968279915031,,,3.2160536752208086,,,0.12106199170623737,,0.40045794681202945,-0.19459772619484875,0.1310455577884703
2019-05-17,0.2572496932620899,,,,-0.11425408366649648,,,,,0.03439734512453728,0.08235624177127912,,,-0.06742382953583945,0.011808744929748899,,,,,-0.011377792843017775,,,,0.0009942633608322638,,,,,,0.046131751433748154,,,0.23598502898097418,,,0.05854396972799404,,0.006987805430023432,-0.36875292170521806,-0.03446652404673262
2019-05-24,0.7916284350099074,,,,0.045034174952372406,,,,,-0.030403354786549274,0.08185224973979129,,,-0.04334357900294608,0.7697514156260437,,,,,-0.47903332584567226,,,,0.013244021139490456,,,,,,0.0262295222659961,,,0.07878196571161128,,,-0.4031525535553063,,0.025636881063076475,1.056595429181329,-0.01389235310198882
2019-05-31,0.07039740335992796,,,,-0.003852273674466864,,,,,-0.19585002849521613,2.2043214025220843,,,0.132930164460218,0.5677495391855459,,,,,0.08360389825168354,,,,0.018538650166259697,,,,,,-0.012897623265919055,,,0.18511725239135504,,,0.03978496169150409,,-0.13281310508541813,1.1811549459534985,-0.008115274886857152
2019-06-06,0.391350286941219,,,,-0.09805349942591095,,,,,-0.012651325055434582,0.0008963124149928281,,,-0.385779544951389,-0.03804403062493296,,,,,-0.013567078102402305,,,,-0.2479311612208574,,,,,,-0.1706278636288061,,,-0.021408907004338087,,,0.035363438453338496,,0.14744911134107008,0.5032502388246679,0.008452090428981702
2019-06-14,0.020737184718451193,,,,-0.04926894761587281,,,,,-0.04798628382956155,0.031555483887631075,,-0.23754999844974936,-0.4099246050995957,0.09944663453873437,,,,,-0.1520664272081345,,,,0.0001924786470583879,,,,,,3.175313126677488,,,0.009861265565625357,,,-0.00026067856790279106,,0.4325459541159474,-2.632559722201694,-0.04534812589979125
2019-06-21,0.0007960954906611646,,,,-0.00896340698405753,,,,,-0.007673778396653788,-0.28175873378233746,,0.15187920921011214,0.12536870436529315,1.2906280906388161,,,,,-0.010115431673395415,,,,-0.06793847626582257,,,,,,0.0844198487782969,,,1.871801161393714,,,1.3875470355881783,,0.012527345045585767,0.05861656378690583,-0.19377258519725726
2019-06-30,0.07911826388666907,,,,-0.0010853386662831768,,,,,-0.046701039449694726,1.0417740011464725,,0.2794811673932165,-0.46171553075129057,7.389224997525227,,,,,-0.051836752870856505,,,,-0.008537441024243086,,,,,,-0.07356621159962992,,,-0.4077860903646189,,,3.572888780985553,,0.4387567402093734,1.705294637072326,-0.005995294029311395
2019-07-05,-0.18218005090169356,,,,-0.0004194391881230386,,,,,-0.31060331491557885,-0.0931235665726638,,-0.4597270412305851,0.08178899546292573,0.40627822882472064,,,,,-0.009646970958776271,,,,-0.018939025626910796,,,,,,1.0070750268021422,,,0.7300025069125996,,,0.010689690994601993,,-0.14831921710373025,2.442045824688094,0.13393895559990354
2019-07-12,0.005019598463352456,,,,-0.025588520284091393,,,,,-0.011395186871039402,-2.502475303870864,,0.01770615805700754,0.1663721926793122,-1.370265980707617,,,,,0.2420612491103922,,,,0.7609013528168342,,,,,,-0.9799938724866496,,,0.0018380936273397494,,,1.403827681275862,,-0.45930663866415683,0.5561275881166795,-0.05941521567337894
2019-07-19,0.19731027323639727,,,,-0.25283986913265616,,,,,-0.08525530370853483,-0.03764610886226801,,5.813540893710109,0.25687522307032895,0.039531561692341545,,,,,-0.4958131962037294,,,,0.24230999917213278,,,,,,-0.020928632115345618,,,0.9082271961996388,,,-1.0115831177434558,,-0.33861237597160837,1.6801718065412172,-1.4484971723838012
2019-07-26,0.18619654184313664,,,,-0.08688137730705496,,,,,-0.3808023198231618,0.7750162975449156,,0.02364072994095298,-0.31929348336811614,-0.4867054222775655,,,,,-0.002383856772424614,,,,-0.047470646187154616,,,,,,-0.0513613013445109,,,0.7838272223182817,,,0.35380308368449687,,0.5360446384164962,0.09899854231448894,-2.884139746089663
2019-08-02,0.05857409039845986,,,,-0.0780750725171041,,,,,-0.018729188869081724,0.356973476774941,,-1.4532367315111476,-0.1346117957443733,0.2867302763094657,,,,,-0.05252361538559358,,,,-0.08897599524482254,,,,,,0.17434217527384094,,,0.01366980778647731,,,1.4432487196753945,,-0.12670036066643836,0.20398383452246655,-0.016753768587814976
2019-08-09,0.05174169049904519,,,,-0.0052347335833197485,,,,,-0.32213667334267126,0.9910457678532271,,0.25679719088979963,-0.006489728482409844,-0.22040293581455392,,,,,-0.005352586023728685,,,,0.03314346060586001,,,,,,-2.460685403676575,,,-0.07449347357113545,,,0.11434881648384117,,0.018168753822729967,0.3302943067902821,0.018968337389718145
2019-08-16,0.43365265094492195,,,,-0.07391610932549186,,,,,-0.3403776082070696,0.2502275221433799,,0.002361577209786409,-0.1907463472153145,0.0396096178240479,,,,,-0.03856517400869176,,,,0.02912473512344326,,,,,,0.22292427707292145,,,-0.19484162690322585,,,-1.8906909444723272,,0.00740579634128182,0.9036813333287332,0.04024245827919763
2019-08-23,0.08691964567809841,,,,-0.025980536606413578,,,,,-0.0029221397454317574,-0.8690742344004526,,-0.2991766877045248,-0.055319239071227495,-0.5098484520234107,,,,,-0.0018100207941119475,,,,0.13117334232664196,,,,,,0.26101203564799885,,,0.5868098526604071,,,0.2731656085428271,,-0.03300400586373771,0.03641837985598554,-0.011515312909387891
2019-08-30,-1.8040481328019837,,,,-3.4416129523082537,,,,,-0.004084047804868872,-0.2134916559088387,,-0.015245732842278887,-0.001021702119298664,0.004804754702819571,,,,,0.035219142077768134,,,,-0.016233996952996987,,,,,,0.0745161758449773,,,-0.16430682705903205,,,0.758154164186436,,0.3017263143681711,-0.1492113290720754,0.013924739808735802
2019-09-06,1.1932184009777158,,,,-0.03810755059803324,,,,,-0.3372305758359444,-0.5290100386004992,,-1.0185249738693185,-0.203262635018367,0.35442512703625667,,,,,-0.0123158275226391,,,,-0.15781957312602604,,,,,,-0.48320571249018246,,,0.2076751663589005,,,0.010027086941417955,,1.5723655308540725,2.6888112780470457,-0.002311280585482566
2019-09-12,0.040420454864843136,,,,0.004561703123487199,,,,,-0.10214070973623486,0.09701646710655785,,0.1465753642809295,-0.37394941902335294,0.13240950241084973,,,,,-0.04642014166046261,,,,0.17912001546409795,,,,,,-1.7390361129050782,,,-0.10778981825231226,,,0.49860858630707183,,-0.3015697989853078,-0.49423539423176677,-0.02586824825612241
2019-09-20,0.10178508866019476,,,,0.008196616780594699,,,,,-0.04965008938809848,-0.16336896257226474,,1.3753770452419545,0.7433027604057223,-1.7656446966491954,,,,,-0.02112441916272751,,,,0.35541224554148404,,,,,,1.501973036546248,,,-0.06616017994689372,,,1.3335758785750826,,0.18471830525810715,0.1779633168489087,-0.006999948327762134
2019-09-27,-0.0021717247285919054,,,,-0.17726222325953644,,,,,-0.0074007727438384595,-0.013151443072496521,,-0.4264622483929946,0.04743573896143624,-0.03447575301018801,,,,,-0.02231264082220452,,,,-0.006596693997846735,,,,,,-0.009955830594056634,,,-0.11489876337373214,,,1.6871437612176607,,0.08948361432359173,-4.002083191182091,-0.005167512684071918
2019-09-30,-0.00968004208467404,,,,-0.19578066988836476,,,,,-0.08305060671702465,0.7724565314882051,,0.2423265583823072,0.016931767312481232,-0.4186215767986372,,,,,-0.053225261610020315,,,,0.014706446347886131,,,,,,0.05915972009047443,,,1.3196650032845574,,,-0.15598078138019067,,0.36217258042225536,-0.19879494582713803,0.032063517186949664
2019-10-11,0.369586463319807,,,,0.4304879509308822,,,,,-0.029877283440778172,4.3133162620886445,,-0.0056235275336840584,0.00026634737283964816,0.09365275859636817,,,,,-0.1296810050021734,,,,-0.46323888700425353,,,,-0.20732443015532123,,-0.7520640675468628,,,0.3685918918210699,,,-4.436038375704943,,-0.46989749865511776,0.028204683241488143,-0.4758176675236568
2019-10-18,-0.12191344116308235,,,,-0.0012634185822484277,,,,,-0.02054387256374603,-1.0445020304243569,,-0.7742265322203603,-0.0938235649062083,-1.6369745723277405,,,,,-0.0016768434301796095,,,,-0.05277705918886746,,,,0.07375783631710786,,0.9246721027963197,,,0.3301450034840335,,,0.19633061811076147,,-0.241073230513082,0.41347650072312414,0.11860225136873107
2019-10-25,0.009335936118017248,,,,0.007104287534568735,,,,,-0.046802330405828374,0.4904642855802392,,-0.37391730693510494,-0.1300190440899342,-0.06419705523925077,,,,,-0.19443281349950908,,,,-0.022176514191624083,,,,-0.004550879388763528,,-0.33384632713652385,,,0.002156995052603001,,,1.3314714733874082,,1.0983732689443748,0.7241378653523701,-0.0828221354239768
2019-11-01,-0.0716473825380849,,,,-0.0009732643018680321,,,,,-0.023736162566163066,0.05451053996870536,-0.09156406454634644,0.21383749075180622,-0.025228077786365283,0.6298512245078949,,,,,-0.03306450539325663,,,,-0.012715984858061058,,,,-0.03205492149515919,,0.21728324762524157,,,0.0212569920144325,,,0.6748797590913898,,0.06786649746434059,0.12099190323943079,0.018162284802318254
2019-11-08,-0.008984956119345817,,,,-0.004635070461296113,,,,0.017756627624625234,-0.02353025004071505,0.022170877869014685,-0.16142697131387373,-0.062481666637546646,-0.06716501001131547,-0.8122792404130831,,,,,-0.00016029476687645216,,,,2.0136571860067245,,,,-0.06364493709431317,,0.14668929992711066,,,0.4759935594797031,,,-0.7025453238175692,,-0.09660780856564488,-0.20007241202067833,-0.011176144592524447
2019-11-15,-0.13878353245821667,,,,-0.16566074323530688,,,,0.02079497854488436,-1.0628107488213965,0.2650881804163881,-0.02234398836411378,-0.03122920851119123,0.12204880448257108,0.46970176682872794,,,,,-0.31321457195427105,,,,0.00029583981597171603,,,,-0.022079228829484807,,-0.1389322957249004,,,-0.09725557000455348,,,0.6210508687791332,,1.4201421805886574,1.9417869149623523,-0.6128539497162993
2019-11-22,-1.8420915580531123,,,,-0.0024474863184913115,,,,0.015746339872196372,0.00627591855599634,0.16545067846644063,0.3744319412286489,0.012159339484537474,-0.01899659593170095,4.191344228912116,,,,,-0.24335521961315074,,,,-0.5079424057825839,,,,-0.12027697084514696,,-0.18338143143520372,,,0.08655086020474591,,,-0.2803528496013911,,-0.030013500259634722,-0.01878809590385574,-0.5193282713291696
2019-11-29,-1.4612459613357602,,,,0.20028396353430436,,,,-0.004097451262599364,-0.13314288525117765,0.009139174296703571,-0.27290976611750506,0.4782797743520076,-0.00316952542731119,-0.35792882568340195,,,,,-0.008572617466712167,,,,0.4886057752887612,,,,-0.008785983783532373,,0.0006772884495089976,,,0.22812922978906708,,,0.18547566957608058,,0.5947408451666123,-0.1003371254250405,-0.0062723445213770206
2019-12-06,0.06736513268983539,,,,0.02053788464343364,,,,-0.02403644920191967,-0.16718107035143043,-0.13406364146519983,-1.8006170935652843,0.04051781066986669,-0.17976595628588968,0.48563873766460597,,,,,-0.0020794367505759513,,,,0.0032402285544136287,,,,-0.0029918885413246893,,0.08450840203341235,,,0.22007573266475244,,,0.8272819179612958,,0.051389229840524187,0.4765608278312037,-0.30536108374297355
2019-12-13,0.04331136784927496,,,,-0.494052898815091,,,,-0.05704557649856505,-0.5816753383645662,0.13213382527532744,0.02502258833693377,0.18147389244244178,-0.0825158307043852,-2.151681018354185,,,,,-0.23303267532129202,,,,-0.01089662521244043,,,,0.4448325150280833,,0.0022649483763340678,,,0.08643584866110293,,,-1.7895767325259129,,1.068622617437531,1.0332319098104696,0.019002973293606493
2019-12-20,-1.3896118643533542,,,,0.6036116346338429,,,,-0.024184516921403224,3.396414811800576,0.5350201234385938,0.014743422602223905,0.37901386776392515,-0.06251426670245316,-0.12070797866833807,,,,,0.08737571187416629,,,,0.09414464473667099,,,,-0.01250778895580703,,0.024052195929236655,,,0.12614007893380264,,,0.12522030527395975,,0.34563105866166177,-0.4435437168629317,0.03331290166321662
2019-12-27,0.6344852040894599,,,,-0.003047217261430362,,,,0.04417995818126371,-0.008304247789666645,0.4162858054261426,0.039408038063567644,-0.011287015330619921,-1.9721316278836274,-0.07487853996740766,,,,,-0.013278870774460603,,,,0.03328405113382716,,,,-0.008338954807653069,,-1.989157201201652,,,0.6159613832383382,,,0.1592878357068423,,0.835384880902867,0.38085901175865433,-0.022219094943614157
2020-01-03,0.4135243589051014,,,,0.921917821076444,,,,0.031211477543527127,-0.02046886169527718,0.0376886175058475,0.2617079594505247,1.0370677715662235,-0.16287042315871042,0.08408862084543216,,,,,-0.002602186290931058,,,,0.0001713161245612182,,,,0.005485755812814411,,-0.018155901704199274,,,-0.002259814884202767,0.0029560807407143837,,-0.5261450542140554,,-0.041569060132328785,0.20075056783290934,0.23684069852189732
2020-01-10,1.0189227902526636,,,,0.006714122612302928,,,,0.4546057398045519,-0.003519131717546902,1.497017615711401,-0.5160430317674785,-0.208066460944055,-0.9968661538053916,-0.7853330920444435,,,,,-0.09373566790330998,,,,0.0006347632653140961,,,,-0.0067589558367838806,,-0.0010052184374416406,,,2.9310442816572304,0.02077353358480065,,9.570249618721244e-05,,0.1868896395420706,-1.4556627220638345,-0.1309292701977352
2020-01-17,0.0841415403873692,,,,-0.012357872082078808,,,,-0.03168183740948931,0.005277286042519412,-0.1079259949196342,0.3886215931552605,0.012872396757450463,0.005862978634517251,0.2215948731530388,,,,,0.02108843808005228,,,,-0.17749122615627774,,,,-0.43137987452082555,,-0.2659613274418346,,,0.29702090282146837,0.0020992331352165305,,-0.23368175076619696,,-0.05460313453112848,0.46406394927393646,0.002268069552771613
2020-01-23,-1.4208930671919355,,,,0.03472672915503846,,,,-0.1078376353429401,-0.03146520925726676,-0.2902518736567712,0.16427559574616887,0.19622625050396264,-0.22373192400172015,0.5823648776014134,,,,,-0.17125524312002688,,,,0.026695752608450685,,,,-0.025351276038501305,,-1.220176248059169,,,-0.008912458231547191,0.09830952742854945,0.038072045219935256,2.0484745083423372,,0.00674128318537179,-1.8321479346316316,0.052421104144305536
2020-02-07,0.19977176495059698,,,,0.1627014906789108,,,,0.07594986243369746,-0.31578382175346464,0.11577189563053697,-0.0028437696347798965,-0.0032541782087309457,0.6486593734544472,-0.04737402080128363,,,,,-0.017531784791531863,,,,0.12143707006633968,,,,-0.20310633968984293,,-0.5544503447129684,,,0.00812159043509127,-0.03455357085059953,0.010145274676368221,0.2809956232794477,,-0.13307305568335615,0.5640736036892696,1.538544420163913
2020-02-14,0.008796948538034682,,,,-0.003226631690123418,,,,0.000423413593948686,-0.7308693730120351,0.0024441990797698307,-0.1337919651254239,-1.321658906793146,0.017744763843625357,8.811893082898365,,,,,0.018022449498483077,,,,-0.22589661558096177,,,,-2.0512222477345414,,0.002105166389291375,,,-0.013420325468666304,0.01785117562422724,0.1555290355059453,0.031306237535077094,,0.1609209414667504,0.010571326434121706,-0.06529870381060635
2020-02-21,0.07051144982219579,,,,-1.3389951196145784,,,,0.008825152284391496,-0.026406914566657735,-0.12408446226934775,-0.044657200398443876,-0.23571187881262284,0.0902188594641318,0.8453192046659732,,,,,0.5321371839816413,,,,-0.09044209041878475,,,,-0.07760542813123883,,-0.05963065839456515,,,0.20593496339710393,0.10131371253518927,0.06871192584051512,0.5149138226621608,,-0.04736578659513507,-0.037450460840554145,-0.27100888986099647
2020-02-28,0.3603056184659993,,,,0.240738231152197,,,,-0.0991582645195207,-1.5791173563249972,-0.3829763229069429,0.0193980888440977,-7.733327518973145,0.6100925137861658,-0.527275451622538,,,,,-0.3448354331505754,,,,0.013036133576151505,,,,-0.01651678331810167,,-0.07290878689982665,,,0.12171624493067253,1.0831740417027849,0.0008478033681999127,0.3205274898557452,,0.08051138874328437,-0.032628248101405855,0.4461382049904436
2020-03-06,-0.06583098029065783,,,,-0.854405891906821,,,,-0.08527308391941968,3.387608543966695,-0.2317834137824861,-0.46242636014634353,0.13275781482281052,-0.02782555803703064,-1.2746766243483072,,,,,0.1135227201031054,,,,0.0015063333143123033,,,,0.981968290799878,,-0.028754052967533188,,,0.03341135729851877,0.020329690643180576,0.4045952793681972,0.03698616132163699,,-0.09529838266398519,0.8752256304815249,4.933619781378953
2020-03-13,-1.4040483095462877,,,,0.12132838463943396,,,,-0.01001626029046853,-0.15874793995242203,-0.02887013660797891,0.006616496523444201,-0.6510871036667027,0.017969912322518544,0.03924161490284071,,,,,-0.01076435279283554,,,,-0.018037401401393528,,,,0.08208090457570016,,0.00636091858569417,,,-0.9182101367749675,0.01277523982387614,0.2166857497880363,-1.392803240494604,,0.12177730737773587,-0.4321468066937558,-0.059338845895582075
2020-03-20,-0.2891266373854823,,,,0.5663464831965341,,,,-0.007792342838626416,-0.0560733251527999,-1.1881617173849863,-0.25936929991390884,-0.05390111207214972,-0.004876195028369844,-0.8500743892526237,,,,,-0.009014071846324719,,,,0.00379020963829506,,,,-0.029220689912235327,,0.06028339793604385,,,0.14315122340890607,0.02271080429452391,-0.03306062038596277,0.12484989517252623,,0.3492919850441708,-0.0948284514915098,0.05423504195561052
2020-03-27,-0.14845436370100779,,,,0.013169435387015652,,,,0.002370828203370632,-0.019251516401564396,0.05271787807070388,-0.01913754052530707,-0.17809246274821677,-0.008183626976866126,0.24008234197851622,,,,,-0.017989176978736324,,,,0.0004935986210670844,,,,-0.012742130027585884,,0.05263199788962691,,,0.14529264501436562,-0.17056413447355787,0.19149174473033265,0.017332969261002723,,-0.027052171698218552,0.26076922491075816,-1.0142045367015555
2020-04-03,0.2407741557003229,,,,-0.0019873970569605926,,,,0.0009423097227436309,-0.03840412932767953,-0.01071161439897572,0.030829564602409806,0.013777257670917243,0.07336002117578976,-0.22471041197465424,,,,,0.06485427060831199,,,,-1.2043647196217429,,,,-0.029190142542336053,,-0.3530566880298836,,,-0.013755759829857356,-0.017657573070265165,0.01728459691530385,0.3942567247378924,,0.002117002971765123,0.10239579452214284,0.5240496620120967
2020-04-10,1.9337009204211104,,,,0.6113713377887569,,,,-0.007398140194342597,1.0098214927637081,0.1203134206555437,0.026207507260226044,-0.03878141343594331,0.5082549281780101,5.071615038863238,,,,,-0.0008585747928629081,,,,-0.033040423661207144,,,,-0.020314834024256316,,0.004127233210385697,,,0.04931997638869146,0.1609019668892,0.04683089925860855,0.01405175941299186,,-0.3195365229134708,0.025341394478443906,-0.033808780082282074
2020-04-17,0.23504315625604594,,,,-0.0020829358636989654,,,,0.026145795242350906,-0.140597758190409,1.0415010412601595,-1.0334770874719992,0.04315307278142565,1.0312658216289174,-1.234274666986322,,,,,-0.004493238671877211,,,,0.0018135151759859887,,,,-0.009803327886255358,,-0.23671638048107158,,,0.016056190857266735,0.8993849302856171,2.5603249451412533,-1.0599567544697202,,0.7403664155399967,1.1844324099986163,0.0188742129834197
2020-04-24,-0.18681603683085798,,,,0.08089044622536615,,,,0.0010236768379438639,0.13762827908427608,-0.14185890937378293,-0.03681273617060002,-0.021901565106075556,0.052530608921888204,1.4560335279892584,,,,,-0.32557315239244433,,,,0.002118775214346853,,,,-0.03282512219186997,,-0.13785605547623997,,,0.03280279134158573,0.11409018424906638,0.14586903635827758,-0.046405196089130636,,0.6853878670431955,0.11992049535166406,-0.003043540291677336
2020-04-30,-0.021581687561231244,,,,-0.11407816533165863,,,,0.024505909216018137,-0.003388445134287807,-0.12342725345191372,0.03639897630174716,-0.5584579420158562,-0.2521893519965742,-0.91644097711253,,,,,-0.09549512577691588,,,,-0.020040729585154078,,,,-0.003392816862219513,,-0.32484691389423814,,,2.053066214015682,0.6808647987459227,0.0027189789295105,-0.6283049574870995,,-1.1689302051361887,0.7603843689925956,-0.21000454866590434
2020-05-08,-0.1693104529377795,,,,0.06162801372346716,,,,0.08334098125724514,-0.029395110796514926,1.9790199829910988,0.2001899716565764,0.15606020485012712,-0.40140051710068547,-0.4142544495868286,,,,,0.005573603186138615,,,,0.06594820040046215,,,,-0.010992635778500284,,0.005373734505505228,,,0.6898595706356195,0.8093765873361977,0.7326929603460381,2.3738532761998017,,-1.8792227028034658,0.8022710331041728,0.17739470640938504
2020-05-15,0.00824567820958862,,,,0.030557785290830846,,,,-0.0694120294457063,-0.03475350534026518,-0.2215114287313313,0.556399787170108,-0.5073329151735126,-0.6822091687852849,-0.614417380956126,,,0.03921978799705158,,0.3065538508257937,,,,0.0017543372311756547,,,,0.8476778813056516,,0.18724584155189836,,,0.23453732813238518,0.08356670739153366,0.010524925308580072,0.09998763683990533,,0.10980154693382578,0.030507973077385824,-0.030429381636962495
2020-05-22,-0.11342523636616994,,,,0.05695477707717907,,,,0.027456039151402684,-0.056748904282458316,0.43741155591114267,0.04505646270940905,0.2302356157468043,-0.11674475077327673,0.19360442631632038,,,0.12066589575732051,,0.017183525083472508,,,,0.0013771842897620744,,,,-0.3259256942469859,,0.0424993690531193,,,0.1505815374130058,-0.009258087608389903,0.3769273533964543,2.4760757741927475,,-0.10088434951119044,0.06851072310553617,0.09170640740604588
2020-05-29,-0.10960125951285132,,,,-0.6531447968681098,,,,0.006582998609065076,-0.013615697087709433,1.1824525974261473,0.006987117322795724,0.3693282131496634,-2.982714902495891,0.25078310129500464,,,-0.20057386781533512,,1.4349853249916649,,,,-0.00625721966355525,,,,-0.011691117212719178,,0.01335178444360326,,,-0.0946184839289857,0.012947547225647341,0.004841427627471906,0.6311409633210062,,2.3812452900822967,-3.391231207309729,-0.10353468115164471
2020-06-05,-0.1931242646036041,,,,-0.12209512021192553,,,,-0.18850509958065992,-0.008088204923228197,0.14106305783891354,0.6303799083853406,0.2990958298252816,-0.6826641842392316,0.6970457170308115,,,0.028182302384026733,,0.6108254482623766,,,,-0.0051693574618794785,,,,1.8610215282064644,,-0.0044100537920955946,,,-0.6450684805484634,0.0031509131161082493,0.1431588371281972,-0.08334552355165746,,0.41648503893428435,0.10576263747171952,-0.01877836026061607
2020-06-12,0.02781096304686542,0.019048302817695865,,,-0.00555006235482561,,,,-0.3407539705903901,-0.47850083592600656,1.3669622363471678,-0.06378339287832027,0.9287754107790661,0.9851295671385283,-0.5919314504005573,,,0.2262477035405612,,-0.26220715176850323,,,,-0.02169662396235889,,,,-0.09235510964811605,,0.07536464991497237,,,0.02785184831887104,0.11727936219987231,0.4927550921629747,-3.0309614111584957,,-1.1284432721065443,0.4546822645027047,-2.75188939598425
2020-06-19,0.060816030525237194,-0.09913683934498688,,,-0.0014243259668568964,,,,0.013009102150069429,-0.056494955235474216,0.19100275109877446,-0.26445524364408174,-0.004940012816159947,1.0102793514896018,-0.6595795372236894,,,-0.2378736572322142,,0.08268193846661218,,,,-0.09108143412662704,,,,0.026596066769543788,,-0.12029626711055179,,,0.7318884781013144,0.031672570157370204,1.6345422729392165,-0.22257699949991028,,-0.539210513577771,-0.09237827853984132,-0.1473213983486526
2020-06-24,0.1406678601912268,-0.04916297312247124,,,0.1590048157479653,,,,0.0006892360809311115,-0.19316680813872955,0.10956424854295173,-0.01976314796262449,0.055457973722481235,0.27717573707891346,0.04045023586892083,,,0.07375265196051925,,0.0026623059162058094,-0.06441470228125425,,,0.0763962474977202,,,,-0.9178097106038068,,0.10034052102196765,,,0.008187516162390718,0.171398433432763,-0.11902607055206696,0.236757001266088,,0.08848328805328044,0.07133479552900888,0.009458561737329455
2020-07-03,0.8694111311835181,-0.08141089740735236,,,0.06743343959022766,,,,-0.02224669994627903,0.001605663971387972,-0.9693749500489612,-0.001053777069108433,0.34282502691530287,0.13364702221333427,0.16084153120481606,,,-0.6640600951038571,,0.3070128692226651,-0.27581142378788537,,,-0.1068117816891408,,,,-0.042907815548050114,,-0.013693187104527731,,,0.16708352242586375,0.13388880843948878,1.1165876533600874,-0.010978940991550369,,0.41501011686288913,-0.9937643275662815,0.9358935492915805
2020-07-10,-12.325618047924632,-0.364523346744953,,,0.018940843711478694,,,,-0.0032663846066352024,-0.006654188228562431,-0.4560981299005402,-0.6919386803877567,-0.9348319208063001,2.815503013418994,2.130297144763253,,,-2.09014651546296,,0.2901981008450388,-0.0005382633558730536,,,0.028873257686845556,,,,-0.03706489159900453,,-0.06280608308142961,,,0.17542766425036982,-3.921513976567179,0.17607096307148887,-0.8088249970692559,,-0.6867209760805854,0.9736648683122007,-0.02384659091247423
2020-07-17,-1.346660550278159,-0.04856044403262407,,,0.010996582045137163,,,,-0.3008026839331763,-0.017077071915344945,0.22561587713919526,-1.588188406769871,0.030440197189668693,-1.03361482656984,0.10874429855832536,,,0.039227947258313675,,-0.0479435897497312,-0.09771896581194177,,,-0.03653404591023075,,,,-0.02020752764470731,,1.1122938014436976,,,0.6883712449254814,0.0047823816765847574,0.08661256613205677,0.9200425249291158,,-0.07615783089667448,-0.49755625712363943,4.689322581929339
2020-07-24,1.2921265813197067,-0.08761952772285349,,,-0.036924722522498135,,,,0.35495926583803755,-0.03836775065559691,1.0175567767789104,-0.054732984904616366,0.039279940898022246,-3.265885433085208,-0.16748481762583214,,,-0.4013396377094981,,0.12361842580399587,-0.4415014148229838,,,0.0007540430846482096,,,,-0.004371656467592049,,0.182988959545832,,,0.12007040364502909,-0.53152404422532,0.08234416939399015,-1.1880530552255721,0.01695477903416904,-0.3865531713530751,0.9178816964052514,-1.2830967470745185
2020-07-31,-0.1326915618535556,-0.30386019218178234,,,-0.05057609004812625,,,,-0.0012267637351057945,-0.02538922163251099,0.017045790188938967,-1.3699547606461078,0.1635601823469039,-0.3578271369912562,0.3288737089411771,,,0.19042029601420954,,0.053669977129846724,0.07569725110696056,,,0.002063186729872859,,,,-0.1698590895452673,,-0.29587310856135796,,,0.1556104857249596,0.523493406502597,0.0067765489698977215,-0.15875040522569556,0.004090964740646356,-1.23499964807381,1.0202573457617292,-0.18406906666730566
2020-08-07,0.02643113825866916,-0.03428615588296572,,,-0.005148338334440722,,,,0.000648552894941119,-0.21212110119955338,0.5105760888047963,0.09960854126239221,0.19334746821252963,0.05913088215618974,0.8077719890762874,,,-0.14448352215680557,-0.003093360639461062,0.054656631608305015,-0.28555873343140026,,,0.019021112750384716,,,,-0.35859408305246276,,0.007233185956455907,,,0.407117433346355,0.00863001142373597,-0.015653078319086865,5.530918211600369,0.478990294131875,0.9177469823920643,0.5408946358061647,-0.5482127566257414
2020-08-14,0.10517934801008527,-0.852858160823413,,,0.015308953633771282,,,,-0.0087462668878229,-0.12063405580399791,-0.11351480919895804,-1.0514144281204145,0.3669301541068639,0.12096451943653184,-0.16418039732483658,,,0.16268656923816588,0.05041290986361212,-0.04145729168446342,0.3966092247732619,,,0.734592069858343,,,,-0.014521186227807313,,0.020633147489333092,,,-0.07479743525052039,0.016023884770202883,0.09312523857149957,0.5950633092030833,-0.24284395073736434,-0.12096953428510399,0.24933820068441398,-0.5968316975744156
2020-08-21,0.30920370331831776,-0.30234325022951364,,,-0.2604952035801613,,,,0.0350944244905122,-0.22841761050932424,-0.20611001693797243,-0.0942142193715739,0.3253581497178142,-0.42220572766830733,1.0458580261865358,,,0.06412685766566703,-0.01096661650950298,0.020579306199522238,0.10092261306255744,,,-0.0065206485917742255,,,,-0.0009299869084209411,,-0.7849307197964984,,,1.3652600674623123,0.03447646184413153,0.08730363185519517,0.1893445333135343,0.026400005046107143,0.19703089751037328,-0.22546409528265313,0.20560622021918903
2020-08-28,-0.10364043471693378,-0.013307026190149226,,,0.48938524193610705,,,,0.0008758835963962521,0.09344097831321788,0.10798670197122444,-0.697828303094768,0.012888598704330123,0.031862346483870055,-0.1558691989171601,,,-0.6276962331253116,0.43431753841807164,0.6935536419556474,-0.40092485987966514,,,0.006809108426787293,,,,-0.015351147525544336,,-0.20342057513624742,,,-0.4031666779907565,0.04496794597441833,-0.06658687903817037,-0.029529660256138124,0.009647546980199984,-0.03039014465664497,0.1842926278434339,-0.19016368506160578
2020-09-04,-0.08794750572594609,-0.06248685509367344,,,0.10269985670453866,,,,0.001443200851717005,-0.0013415882353104563,-0.07276644600509033,0.001098828494278531,0.13467299612441283,0.052907258362564755,3.0598176758039872,,,-0.021692330159785278,-0.001690085209271927,-4.150388150887959,-0.32377808252273976,,,0.0007084503924727286,,,,-0.014664183286402881,,0.004788549538155055,,,-1.8504257740355599,0.44055622914837006,-0.20165968155936512,0.7466897713259593,0.04242887996029243,4.39470411130807,0.11943023717286769,-0.020538666440443797
2020-09-11,-0.12008658881425843,-0.011796384452859254,,,0.2563720241759096,,,,-0.31164616054705346,-0.16731663090194976,0.9921772794474526,0.0008450623379384105,2.322295717283403,1.2920218098125626,-1.0215345372323057,,,0.20398310001977057,0.0033805776055793003,-0.11790940521713575,0.0989608922580674,,,0.11172669388564474,,,,0.22501368966878588,,-0.36339924302644044,,,0.09727237753785697,-0.01148182682021343,-0.1212250825135882,-0.4106357275461617,0.08450656495231822,0.11091173296950384,-2.6633631130952815,-0.01659433993609904
2020-09-18,-1.6494628905141593,0.09074893428659657,,,-1.8284379222868181,,,,0.0005328976120018262,0.5646684164910789,0.09733749042361102,3.96896423005088,0.17190232489058935,0.2949759176194007,-0.32233128516216897,,,0.03564473496887208,-0.028726796605243445,-0.06745993221214647,0.005156797875806533,,,-0.02525033057439073,,,,-0.24630174772694524,,-0.9393441079120657,,,0.0961798704643238,-1.9983824621618682,0.1814074614621652,0.10393714468020479,0.15836184054976332,0.008124849441279738,0.9948118183360395,-3.3049801188436407
2020-09-25,-0.27302259712748267,0.06289751563550645,,,-0.19281208929270927,,,,0.0034458344401144822,-0.04211304639238866,0.8234709299375549,-0.22787084165416557,1.3995123574179602,-0.05051835642280249,-0.07575934011173718,,,-0.04291419083444657,0.010894696816831934,0.007231718088561006,1.2181567343458004,,,-0.008642814649843802,,,,-0.005306057538179486,,0.19677033194254312,,,0.19056929490756186,0.28054986578906616,-0.006842465381987087,-0.41929049845171024,0.21320570548485196,-2.1894247216882134,-0.3245927883766964,-0.004263258290851533
2020-09-30,0.9047009039040312,1.6019772730316444,,,0.32121126894343216,,,,-0.0041221030854188875,-0.026575595724805365,0.14477561627730043,2.8547447871221285,-0.0280746355327305,-0.013905130356153303,0.09181561945825181,,,-0.9026371834824065,-1.2257319483671685,1.9635340767990073,1.948515354007537,,,-0.01421549200946935,,,,-0.036199151550484907,,-0.011222633809472166,,,0.017115698557156882,0.051586805151822165,0.07940267163010456,-0.7232764939784082,0.054256202737578994,0.2844880821434191,1.385479805369537,-0.029547158832059398
2020-10-09,-0.1056722472278134,0.05482575045834599,,,0.3805626834412853,,,,-0.28842856311262477,-0.1508041815497202,-0.10180073824885533,-0.08314536569887021,4.702527238665156,-1.4782536962897435,-0.44806309832469193,,,-0.2202821592319322,0.04723485273161741,-0.02159558066524215,-0.43785726663629193,,,0.0014201151379025826,,,,-0.022554152043004563,,-0.013767540738713835,,,-0.10901940250681823,-2.1489419310980544,-0.6387103454012986,0.5759432218078022,-0.1380890698856732,0.348401448619861,1.9210314905498571,-0.03103543908781732
2020-10-16,-0.3126363112073544,0.09861576308542705,,,-0.21867423434502148,,,,-0.021647632527394784,0.028399082798833186,-3.0936699976505007,-1.5370821617448776,-0.014359079017791338,0.07068115317050139,-5.014488466690979,,,0.01973184575954063,-0.026889388063644683,0.7765115688908524,0.21076531380768126,,,-0.053771220059230816,,,,-0.012446308264952605,,-0.0011855833104034838,,,0.05681748500115412,-0.051213924431809554,2.1815337688443006,-0.12066487426456787,-0.09876966679043198,-1.2571552077421064,-0.7993406266812184,-0.0739965822369105
2020-10-23,0.8472432041779802,-0.3041418694613115,,,-0.5189640280424124,,,,0.0043572398162739735,-0.09664280093108574,0.3807238698103109,0.3564632059127993,-0.028848617738737925,-3.905938916387769,-4.924431360651537,,,-0.16067361459703047,0.09536078924213603,0.1527606188907663,1.6534322361268574,,,0.21284745189507567,,,,-0.0451807969115727,,-0.23966617974564072,,,-0.06667238962669984,-0.07666033997903059,0.04366593388530286,-0.23660966898436145,-0.2586435803049171,0.6988368687339658,4.889893436397619,-0.13086434995548513
2020-10-30,-0.19239073670780138,0.11424067176743379,,,-0.13864721073359784,,,,0.00026087695655089687,-0.2700113342378252,0.9566432036310737,-0.49874418174739804,-0.1296577810470741,0.2513350157196706,0.4469255490108794,,,0.04444322105386817,0.005572262451820783,1.7874777515717968,0.06365759474053655,,,0.01298989276712536,,,,-0.01267534792200494,,-0.024023479827177438,,,-1.3315396589292834,0.0264952328161348,-0.16963541336738416,0.17876044428353735,0.01287705122221211,0.9198929483765811,0.11618237699556787,-0.1607201965899061
2020-11-06,-0.025996679496739315,-0.0887477000137675,,,-0.41328284325826653,,,,-2.308132163269825,-0.04295650575407932,-0.37463325531354097,-0.32874458803079126,-3.4627826335737573,0.007671533706973106,-0.5579990097329862,,,0.007464253541418116,0.030989472589528354,0.5267771456254202,-3.9370420764867915,,,-1.9366200403902145,,,,-0.13732359792356677,,1.909325743476109,,,0.06442186443859887,0.017121417695696,0.15834247065547025,-1.6841745992305326,-0.44885201924076745,-0.4463364530424869,0.9547641500943445,0.008737951589070952
2020-11-13,6.938916251670359,-0.13161769127331482,,,0.1508169608328026,,,,1.544962336253205,-1.1697501339233365,0.0889387398483598,-0.5060700272449651,-2.484848303231207,0.7900340980992319,4.071707531531741,,,-0.22876130660712657,0.12769706746966727,0.05586158399822338,-0.01666070867395575,,,-1.0193515233252277,,,,-0.004811489271172435,,-0.11118876430614677,,,0.0681006709331202,0.13011530889653553,-0.07452141863077469,0.2992013448612268,-0.013096561100035353,-0.5573243076071789,-0.7986624414715483,0.010419533254591662
2020-11-20,0.0025328061449046806,-0.08659834079642637,,,0.03773612478903421,,,,-0.021238152872128116,-0.014701797362907278,1.9919498188789626,-1.0599306042484389,0.029716016021692188,-0.03191105229370089,-0.34186418982084926,,,0.8416019395615224,0.41685018719944844,-0.1190822346858027,7.30612365609988,,,0.01965925803884275,,,,-0.020624094440835142,,0.3890428666696793,,,-0.006508493681429755,0.2618177584254452,-0.2118995738561692,0.11130173034857899,0.007918286092312696,-0.34140185728883754,1.1580726878456296,-0.046405029318310476
2020-11-27,0.06867260713663709,-0.15723651980216713,,,-0.761408138516967,,,,0.05844306323484084,-0.016289761268142144,-0.459442894757337,0.7277531135548843,-0.4705944476243557,0.004637047387657082,2.2570139249360075,,,-0.24248103794462397,-0.5684410902301389,-0.031524616039400086,-1.2615231302515877,,,0.07754982395079595,,,,0.018635995150814787,,-0.2606925758613477,,,0.12164344869850394,-0.181340713248908,-0.9938324605607339,2.991647068734003,-0.020469605395583235,0.877452028627947,-1.5057925558228706,-0.026490411944938147
2020-12-04,0.01761939365040163,-0.38569206707759923,,,-0.012136142043823126,,,,-0.020887117347509226,-0.0328713310630816,-0.2277197993056498,0.09510452257062486,-0.2647352590516958,0.10699907078328016,-0.23107679116298419,,,-0.057922839062443957,0.013151743258852818,0.1315701989192243,0.08982110947707983,,,0.020279905172957018,,,,0.21440902633508088,,1.615773804253396,,,-0.1453927778642297,-0.11291900881008816,0.024512925503592423,0.01671787176682182,0.011378906928433937,-0.7850777282738157,0.18468778314761455,0.028008240025943938
2020-12-11,0.8821963299910508,-0.008359776290088692,,,-0.6019566905049916,,,,-0.12604488186993015,-0.0190024473507048,-0.03489130208295828,0.49395390869216815,2.3415617936169917,-1.0817950104200023,-3.3370398212673584,,,0.006600506523299579,0.04192240457566515,-0.18052798932877467,-0.5963381431051181,,,-0.005942996028692091,,,,0.07376092768183992,,-0.8591325531399239,,,-0.06749963595252914,-0.1136432042822261,-0.9663643694844674,-0.023417905335475202,0.6326913120394392,-0.009886794972335543,0.10467520012642387,0.05174384793746201
2020-12-18,1.0495255522189597,-0.03301536025726257,,,-0.11450303920723633,,,,0.040977848095072975,-0.42033427757125574,-0.07804124862224689,1.0155238257552601,0.40040146338801497,0.008436559582163678,0.31966323669810326,,,-1.62345001863877,0.0049826259867029165,0.04135087507751269,2.291171119153625,,,0.0018558325060619033,,,,0.3272067780718511,,-0.0285651576554634,,,6.363150105087648,-0.4958719472934337,-0.18426214690999781,0.3694368309422089,-0.7962020969012104,-0.16407319647940238,0.23546571825113843,-0.42095409639729997
2020-12-25,-0.04683728873628846,-0.08282391029754681,,,-0.7792550504817715,,,,-0.05249939319783503,-0.20053731149568632,-0.5239553354830316,-0.07211431845944155,0.0327906268910588,0.07105894425729661,-3.062305518425509,,,-0.32810607880518144,0.018057656008880978,0.0010691545885084218,-0.10725406451976252,,,-0.050688737317523644,,,,0.07836143815930288,,-0.19107560432043358,,,-0.13195250671926256,-1.7928471711775864,0.5381500285433873,0.3426856424438097,0.025487038469613907,-0.22497095170361636,-0.8305552079123341,1.6135493962933563
2020-12-31,9.09071104050037,-0.10819097498983017,,,-0.02587712044262072,,,,0.018253076231992536,-1.0212590090212057,-1.1929068124250934,0.14879030446377184,-0.8082305165903523,-0.06522749399347827,0.3412136154583518,,,0.11425356811251418,0.019978837395315675,0.7301752800130034,0.00487276017167755,,,0.04564493123048812,,,,0.0073898365030599985,,-2.480774818211076,,,1.2678800569562603,-0.08431913237121019,0.09401045665148432,-1.0122126137226315,0.01535388192975602,0.12743987215090197,0.9580113697134963,0.3783747246789897
2021-01-08,0.14288022878806383,-0.23793826832390444,,,0.3753820426083184,,,,0.005342052181160046,0.09174406261778034,0.508782485368272,-1.5231286619579931,0.18493419548506232,0.43167508634870133,0.24348152485399677,,,-0.13173248548845817,1.6222620153799643,0.25596592309772176,0.05056974536489802,,,-0.3051795287531233,,,,0.01932798807658772,,-0.9135834768613019,,,0.6483550701942655,0.04109810550029104,-0.04855798392180913,-1.0430429620778436,-0.19979159771282393,0.32839113132310926,-2.512939635873702,0.010190760102547906
2021-01-15,0.7583676817452228,-0.4025420215332779,,,-0.02962244079912825,,,,1.651848980944151,-0.6168584521621827,-0.14239878103719628,-1.1304223010215868,-0.18134854855960486,-0.019317016574457516,-0.33772016672509414,,,0.2149895152356966,0.014965808162201638,-0.353288228447183,0.013936177226276504,,,-0.060268437670915824,,,,0.003221473603924109,,0.09998039303008384,,,0.27661162281153706,0.58219378153667,0.01277756414681852,0.48429903539769575,-0.027534863778636426,0.35931091816218735,-0.262052674327358,0.04506992632268209
2021-01-22,-0.4564050041547094,-0.28540777664579625,,,-0.14116423882928328,,,,0.003429346546428861,0.08978124630783214,-0.0019153113255898975,-2.010436082650301,-0.7079245730424871,0.48872577672967527,-0.12743050607097942,,,-0.16996957514960448,0.0019864030795826914,-0.18071298983146214,-1.4081277129156509,,,0.39202044016325316,,,,0.00021342674772997956,,0.0026517062730331753,,,0.03223102107435406,-0.057396154427822095,-0.7569400145103482,3.6767374843591636,0.42713039140031595,-0.03272542829232569,-2.8798885018784963,-0.04437048292429566
2021-01-29,1.4953490438936152,0.8422759858528104,,,-0.9495155413600542,,,,-0.030314215290093947,-0.12329997713586852,-2.3082360932832677,0.03308538867511655,-0.21947446864574605,0.04005754080285179,-0.15393821368057095,,,-0.10818306359879434,-0.3539499883561375,0.2444181783673608,0.3142049317873045,,,0.032758439962489345,,,,0.0009030144030176095,,0.26880062551448747,,,3.4075183815334,3.2911989259036845,0.11090958121412678,0.7352768363610077,0.287488814858981,0.054655202564083946,-0.2055424376460604,0.02977244767468624
2021-02-05,-0.11955842235489272,-0.003962752543360884,,,-0.0036629613673547614,,,,0.0010808004270374551,0.1818782101590819,-1.2190045064725399,-1.3418154550702588,0.09956875716761276,-0.008827468302147775,-0.378845424254889,,,-1.913600151118236,-0.1812750627719966,-0.14631045781582186,1.671086513415049,,,0.0005310198217911633,,,,0.003749288246329332,,0.33708031429600055,,,-0.29846448302466505,1.124188353063748,-2.020695378065002,-0.3072031591392924,0.02028095841331745,1.020294509512761,-0.2719430612239385,-0.20384864149107795
2021-02-10,3.532948726694797,-1.4632930721194453,,,0.02815902381259973,,,,-0.09378121713422527,0.03641844158162659,0.5615094805804887,-1.5159914206583258,0.0735015502522046,0.08342906420214417,-0.12327344965735701,,,0.042608137078665204,0.18364478909280746,6.107120619210546,0.009245764691837292,,,0.6409957351151819,,,,0.2868586096908841,,-0.08877625740970847,,,0.11133748821918188,0.06048954433385327,0.0854546604021046,0.007543603634820928,0.017362897134827623,-0.32006841638192907,-2.5206183084417186,0.08134258342437645
2021-02-19,1.7030201301848098,1.7434847619390021,,,-0.06294890384595948,,,,0.0492994037454167,-0.016286385928161683,0.017205297793676345,-5.007543480356537,0.03335309223276781,0.006938450744400994,1.060610734749181,,,-1.126438251662471,-0.004684888621462609,-0.05432720059774924,0.5910823224116241,,,0.018777236146024272,,,,0.2293522796862078,,0.11205001179314951,,,0.45038499334488624,-0.06716808950120849,-0.34723738795958947,2.1900803251581102,0.17627835107017473,0.315088883910275,1.0219809086358114,-0.009502648072470988
2021-02-26,-0.12385211795261114,-0.09584592816500939,,,-0.009746233715426648,,,,-6.925740122225646e-05,-0.06102926041744024,-0.022181931711331968,-5.642794242109705,2.8996197484567636,0.37166807732323964,-1.328561070405873,,,0.15180152488322152,0.01778832528267807,-1.4803863973075284,0.36914166645853874,,,-0.05094574241862239,,,,0.017184729114788855,,-2.281088128731813,,,0.8641753211822689,0.08077135271929207,-0.1996901979296865,0.24858268874269188,0.05536619560419642,0.23714043459931844,1.815144550793736,0.032102557973571436
2021-03-05,-0.21970898899270536,7.989722199443771,,,-0.2315938581569311,,,,-0.016277953285863157,0.032030232240830264,0.056338275100250176,-0.3686489102794147,-0.2768021951548585,0.09620637554342064,0.02538487176163387,,,-0.38075019559786594,-0.12479049141745902,-0.010993794617686913,1.1679286518093126,,,0.0008780367788947885,,,,0.005323133342249991,,-0.260972863590519,,,0.35566237105735155,-3.1316884697903022,0.09008701769859354,-0.33351040208110394,-0.0013493360862799047,0.09396081049349675,-0.19185897515880862,0.37001171024755847
2021-03-12,2.643426469357527,-0.057646524663191416,,,0.9647749926250155,,,,0.002785693046376212,-2.693340984388121,-0.867538637235477,-2.055701145714995,0.1082247309525005,-0.3611477340551355,0.48847331222592283,,,-0.17257905251698558,1.216047498768031,-0.012874229378669918,-1.7069545821724108,,,-0.01638851840280093,,,,-0.08215081528522031,,0.08153334166656016,,,0.051371429522630546,0.12093517074276033,-0.11837755645347818,-0.6738965333560665,-0.19038813598687854,0.5799981345615913,0.24781197131247154,0.08096175436508754
2021-03-19,0.7160006195138195,-0.017942884648964555,,,-0.13203156451525816,,,,-0.025370128267801374,-0.2307934726945675,-0.8702928602714667,0.2640731357263413,-0.3244768193074357,-0.034595195603937,-1.4575527784443545,,,0.2793546910298119,0.00032289629374614506,-0.2538274919826518,13.019342426555134,,,0.2291831486602574,,,,0.008064277869619269,,0.10390276442838646,,,-1.5534031159695867,0.09196688180389652,0.3868286490907598,1.2797836533516675,-0.030998807667640852,2.485262917052785,0.6281820123768684,-0.048401305033702866
2021-03-26,0.06489633557293911,-0.3678650182156041,,,-0.7041681916123126,,,,0.06684163542033311,0.18994858294724618,0.19997378491884057,1.4489050069826699,-0.2876922698742633,0.2047366872647416,0.18252214330543473,,,0.05678635830816491,0.14770182590250014,-0.04963583289398678,-0.043402052930872105,,,0.0006717914944024913,,,,0.06540015578636722,,0.19176630050368793,,,0.30049603596445074,0.11562578896062368,1.0220997274508765,0.4487308951978158,-0.11650853003234651,-0.8666149233183362,-2.681149842899641,-0.31794645534811583
2021-04-02,1.0267916143740021,0.24622204296534836,,,0.029103283978650127,,,,0.002091253056556427,-1.6118916049198198,0.30826153444073723,1.9032330807560838,0.1689065884758738,0.057306839592886745,-0.01879417935485883,,,1.3065108951678592,0.05442719030211557,0.03642159311849527,-0.12581634517004217,,,-0.008086182738003444,,,,0.004357094284509169,,0.3287881721361757,,,-0.18486778385433408,-0.025874447408300905,0.11017046527857133,0.008718200337504802,-0.07020571428769852,0.1785563036048301,0.29923215017375404,-0.5784497659823115
2021-04-09,-0.685666227082526,-0.3220126992701467,,,-0.018227293201052014,,,,-0.030619194396700567,0.29091628954829235,0.8890569288131593,2.72911411158,-0.1339652932538771,0.02026605122589247,0.40426864424209225,,,0.8378389424811884,0.007233616884642759,-0.008088888795749557,0.3837175709247439,,,0.019060869115411584,,,,-0.03245722606426306,,-0.01146039573946724,,,0.07300798730490372,0.2727342913533368,2.212507853829187,-0.48512813691973006,0.025303486174408002,2.1350874974450242,1.8229601675847926,-1.338757607103009
2021-04-16,0.6710962355071378,2.2268410993168093,,,-0.4208856191790982,,,,0.0029799856633377247,-0.10269298317773,0.9680652478270118,0.45707061941958,-0.190823182038877,-0.39201190301550504,-0.007993860885786047,,,-3.759067046518275,0.4094960920833424,-1.0297265064259942,-0.16341744306442166,,,0.0005935496527159973,,,,-0.0062689203956804475,,0.3634135920062527,,,1.2479082715203433,0.012994737525992011,0.8322950913464945,-3.6478681387962286,-0.11023545210728712,-0.1844955919175121,-0.003505721800856983,0.02610448082863713
2021-04-23,1.8478698195128387,-0.3696650140807832,,,-0.5220711091793118,,,,0.01174588033076579,-0.15771423275355137,3.3845590389256808,0.11356034332633017,-0.7251401083040477,-0.17838572918705087,1.6491474235706665,,,0.04996896402805965,0.0010480160841843875,0.013056149768917818,1.0046761511604991,,,-0.7250486122608109,,,,0.006089537491517185,,-0.0178200659823657,,,0.3627564066358582,0.02557998070870237,0.7900596061669293,-0.1163005564918366,-0.24153628729784687,0.24370469127155414,-0.6643547023739909,0.005906029495276776
2021-04-30,-0.02880217086713134,-0.15181297301376198,,,-1.631601088575896,,,,0.031085614195882835,-0.1584214719683495,0.05218374543069129,-2.6968437067222695,0.5775573324647081,-0.026893434668200693,-1.336010909348305,,,0.0066605809377782745,-0.03492469843965194,0.052967945791212404,-1.2814606672964777,,,-0.018871805752933266,,,,-0.06814371600929126,,0.003813803469843957,,,5.232771629773461,0.0542771747890156,-0.6930701103731312,1.5134113145965893,0.432824446053244,0.4826742115907139,1.8848802940943936,-0.027738766531311077
2021-05-07,0.47569610567504017,-0.3142487244466818,,,-0.8179792402429761,-0.0005719198014467331,,0.01889125315015447,0.41264629580376083,-0.17283237717308414,-0.2749112032669071,0.5015436676981808,-7.17642055410701,0.16625911886994843,-0.14564916142472994,,,-0.7417004345334148,-0.04553819635909659,-0.6270547383408981,-0.07225682728258272,,,2.6573898791680755,,,,0.09179370475760096,,0.548159842508875,,,-0.4924553873494689,0.008877121667543897,-0.08144001872940357,-0.06841248976560378,0.29547615408995914,-0.2500484059171236,-0.5288248466451935,-1.9858536050312872
2021-05-14,1.0897006863681478,-0.19153119746932856,,,-0.06460103495757112,0.1598024519721105,,-0.003258421892643862,0.0693972566164432,-1.0687876577217066,-0.0749592808944577,-0.7734574132126801,0.03441152338841981,2.6796458159011944,0.13217025576035335,,,-0.7920021416463995,0.07450167233800961,-3.599378461048559,-0.28831842814926056,,,0.002281118483831301,,,,0.02047738949559023,,-0.19723222009067387,,,0.03442118859082435,0.036446311369310265,0.0927353629776998,-0.19285839373675623,0.05205836294437085,0.48133653191240033,0.1978068781738441,-0.0069921241257643405
2021-05-21,5.398817156298049,-2.4330671185831276,,,-1.3298845686301017,-0.08452210486869352,,-0.10447486435873017,0.01877584459894361,0.5093581126457855,0.10440620020055388,-0.8025000089032533,3.7266779401407164,0.23585527440283835,2.6644284438960018,,,0.37326297219449395,0.40513498253596997,0.7349973050957131,0.09237418211540484,,,-0.6481448800620829,,,,0.32559439202609325,,-0.14596642282739453,,,-0.054091773586773556,-0.0008589251806108353,-0.5380666133737608,0.048269461184527684,2.899389193262884,-0.07595683199731974,0.7734421180180515,-0.061707302964597976
2021-05-28,-0.1275597962161968,1.2810149648089406,,,-1.6875833853276956,-0.0427122154370717,,0.08195492662688596,-0.024080456996259787,-0.2942953217835517,0.2446309931450577,0.4634295734620295,-0.7309646052570147,0.1742324852185954,-0.05230184451447513,,,-0.9681213810272763,-0.0010041450174637766,-0.6740110176564419,-0.8524155492505492,,,0.11984878602981895,,,,0.010691302339813781,,0.06106011639249474,,,-1.6711663973381508,0.13592814351165386,-4.6004085461913595,0.2388834128351126,-1.870961806421652,0.07351971549088987,-0.4145374763488105,-0.7412998668026649
2021-06-04,0.7599657175556443,-0.30821344451152993,,,-0.07524644074498474,-0.001491766407935633,,6.029715612464023,-0.31134268269262644,-0.07342817821204592,-0.7544460730632413,-0.135292630825754,-0.016445324120069504,-0.12122007164912887,-0.7599581553276576,,,-0.024690921056340853,0.04838413499456886,-0.6491729621711337,0.5521003277841979,,,0.5152419874679153,,,,0.5032052434203622,,1.9967374214336662,,,-0.06705691963306354,0.015205108604263336,-0.5555630627395921,1.7995905713584048,0.08927347932425259,-0.1170867984933312,-1.0108465568280767,-0.0983850453928885
2021-06-11,0.4325859851586006,-0.06994490272942659,,,-0.03434798137807631,0.05889398976401699,,0.2033840038722398,2.799613421613437,-0.0836045435695454,-0.47526902851843106,1.7907735310876671,1.8353903489654946,-0.15442904652727704,-0.6194877729060951,,,0.39125813700972206,-0.16374361649745753,-0.07772371231669524,-0.6923368105846328,,,0.05452661269604346,,,,-0.021124555478336988,,0.15620332848201493,,,2.023636917985969,-0.07220473156067021,0.042341514204320696,4.021874067199131,0.002684193374224271,-1.3262829493280393,-0.6275767479855262,0.018893133555563837
2021-06-18,-0.6412223157813112,-0.008485076203244624,,,0.8478906573428855,-0.005513322129190411,,-1.0616256461939872,0.4203667418116796,3.7464879431084226,0.6106927283766561,-0.7146848554602769,-1.7341191449977014,-0.005180571649601806,0.12959819682169726,,,0.08166604256021463,-0.010544918448173289,0.01945658285475837,0.5376086009103834,,,0.13056103920785275,,,,-0.28591329567280915,,0.8946299242103669,,,-0.5895845521504431,0.07227715047883453,0.06874116306057106,0.8870588603108871,-0.8990164312773805,1.4015630414945859,-0.5898974750837923,0.028646855324605223
2021-06-25,-0.21991613162664778,-0.5137320418219692,,,0.6921770976321597,-0.01551810313234266,,0.07245157468366101,-0.09178945855863364,-0.023225706384498085,0.026105676136032513,0.6505739199849534,-4.26507730511157,0.03449216912761387,1.1911417905071455,,,0.010901590072661883,-0.002120367671130435,-0.052957318628574813,0.3751780287850973,-0.21645104576223284,,0.004039364348388767,,,,-0.6886661966389075,,0.44835633004846354,,,0.23425447992326415,-0.09987231648886727,0.2133018681509781,0.6988612602101665,0.006371371691961961,-0.06757009186174782,-0.01462660026439283,4.586057336287278
2021-07-02,0.14279965341793918,-1.6072327727177607,,,-0.27679508512976625,0.041243641813726285,,0.48474845040657155,-0.5465244134968033,-0.09019970374447342,-1.1965533717167005,-1.4632582857737737,-0.0030436787596716066,-0.12728054015619555,3.6688166825737376,,,0.09390902679033461,0.007470260063529412,-0.0511380630189182,0.8689374463192349,0.0018173047803667056,,0.09230690606151862,,,,-0.10793578334078968,,0.22678240351731108,,,0.5841616882836672,0.037319685171021355,0.6508194170899629,-0.37289659141006526,-0.4969053917270695,0.12470747760065713,-0.885554391639558,-5.4313943628764445
2021-07-09,2.5172410085744974,-0.21592183963466505,,,-0.21841377965697417,0.13393328042389419,,0.027523146692130806,-0.014571557191933695,-0.0873836182612851,0.19174112740336569,-0.646745357940381,-0.05095228076424904,0.480641020989489,-0.06233438041599228,,,-0.0735180789087849,0.04694427648123049,-0.39111765607739474,0.06198336215159838,0.04718984264772729,,0.020997641614128863,,,,0.2277384655169366,,-0.07731323635017787,,,0.09598128555085034,-2.4618086256958236,0.7302402445870917,0.5158514555814386,0.030209454014973186,0.26752655482948745,-0.03589728880461361,0.13271215565910655
2021-07-16,-1.5029532561430727,-0.07255419952280291,,,-0.8421911879559483,-0.16873794321248736,,0.6199926148472036,0.3238262805965241,-0.23049217359945579,-0.17158844833918513,0.04568387435813108,-0.19713490349961,0.27014459803207386,-0.1291054561581223,,,-0.40071630801792935,0.007761857970384094,-0.02097290773195886,-2.2439156118845616,0.015407735746170055,,-0.008109596469490554,,,,-0.10365116027306853,,-0.026437487625818934,,,0.029889286063296397,1.0186602253148755,1.2180964144889526,0.4338355613235496,-0.044394458878040194,-0.03680520923971675,-3.2061672716685083,0.5578694354264214
2021-07-23,-3.6389836694629074,0.2634845329445516,,,-1.0923647983744564,-0.3410637918466979,-0.23233053764311404,4.053643940060934,0.08797365211322007,0.8546268576049157,0.0390175867497712,-0.44390039875877946,-1.0515431252700056,-0.2287688569509159,0.35498666197218864,,-0.2538326931359274,-0.155326099173229,0.1949029056000619,-0.07438644191947537,-5.9007913052066066,0.0007296707770141775,,0.10260321238784091,,,0.1209612436920506,0.262673163515204,,-0.024059119486657978,,,-0.18693399230062216,-0.7266588567992057,-0.10649296647903421,-2.2520589997665823,0.09938832766735631,1.7318645694101082,-0.9430137595213117,-1.1997527158396304
2021-07-30,-0.16533663266385928,-0.7740635494715962,,,-0.029325507689323696,-0.20438382355603116,-0.000381378422008187,-0.1403110172035456,0.014151822287002286,-0.10796715075411956,-0.30600256350158117,0.14711935522947756,0.05937125596117484,0.3825110403729012,2.402632991381294,,0.0839060381122754,0.018296880264358717,0.010059191488111165,-0.030014230131638623,-0.2933438911010334,-0.11686420436376616,,0.07499898237446467,,,-0.10100021005376783,-0.9072214190399612,,-4.364047010838679,,,-0.2806034301642505,0.5586412699199392,-0.08420305722826361,-0.3315132573873704,0.047376746886653914,0.4202523525045609,1.7874035532266512,0.1865778039859753
2021-08-06,-1.6524960845521952,-0.007249573990806903,,,-2.5192103000749486,0.5953786244987754,0.0928212702849547,1.5859031515545916,-0.03217205642758053,-1.4585925695588813,0.4866266913155983,0.6577826416223057,0.2915330903279574,-0.15857077154939062,0.022551675410344918,,0.4899572411333215,-0.18141285554664124,0.03262532566248616,-0.02128259806546066,-0.8285636735974911,-0.00021578812379922235,,0.3486582536503771,,,2.9768658036790754,-1.9921202464237338,,0.5353148848192179,,,0.06446013159889026,-2.579550350235811,0.30532264758802663,0.1181023720847992,-0.17870083155655916,0.07065793975648789,0.5774878844414374,-0.567586291710042
2021-08-13,0.789223208925688,0.029033186229876076,,,-0.37401413275900053,-0.31261987449931866,2.484813575286803,0.15218514663404115,-1.0182659643034113,0.03673106446509859,-0.3888402969681146,2.8916583661000885,0.03452176583367492,0.1405033758446535,0.242831694809982,,-0.6294362041825109,0.08577408503033004,0.0042615077733338625,-0.0032633252974055144,0.48373205241845185,-0.07004366976524765,,-2.773035591506389,,,0.10146265688084075,-1.0899366188716133,,0.2036002255720169,,,0.13548753843363348,-0.9343238480745859,0.4793245024688614,3.346306223101045,0.14434562794293343,0.5598774679184039,0.23481613217624822,-0.2841893740319188
2021-08-20,-2.98178019449609,-0.022819719235648375,,,-0.06142908795257366,0.020935068572228002,-0.3555589796621488,-0.010643624051380939,0.1925248557804677,-0.21428829733036003,0.3277789136922734,0.6030315219594549,0.3297206133855263,-0.034935319666390185,0.5061879101340241,,1.3486637395828656,-0.5074568158067325,-0.5768522046329797,0.20007532129428623,-0.4612588725727613,0.04694185845848477,,1.4367403613294905,,,-1.0881372150481325,-2.7870003799539216,,-0.6489281643718326,,,-0.8872883463410083,0.3145187012570894,-0.09181478953931942,0.3064369090476465,-0.044887433172918295,-5.6115434007242495,1.8600617516764524,-0.992770523621353
2021-08-27,1.1442188847689496,-0.23815700368334058,,,-2.3852175359516234,0.42197555934525505,-0.8844910442733523,0.21325817263426824,-2.2990563174537497,-0.30814245279622177,0.7703389804540579,-2.707988027706629,3.3767996086114938,3.1326189491191676,0.18543510726144607,,-0.6366021782845853,-1.209114136173829,0.002295650737763644,-0.010980236747703511,0.017559530969605497,0.07692858774141229,,0.48418452213945584,,,0.390262467429812,0.9500374356401614,,0.255734996744366,,,0.02627228071042658,-0.8840148135229566,0.5400158450464208,-0.8432613733377377,-1.4722329815174453,-0.2952176646293224,-0.05311214859953593,7.047910169436958
2021-09-03,0.6330494061780053,-0.21781834995172059,,,7.753712289300919,0.15590745024951302,-0.10058107026542933,-0.6308114419425067,-0.2691802854598196,-0.6323425629633092,0.7129083377701931,0.24685733227608203,-0.03396281638357452,0.003096153509596866,2.0117264759503093,,-0.06608160018363823,-2.2246384029490898,0.03137691546748364,-0.09316600262125427,10.268033832425868,0.08434808797392279,,-3.9271385589976653,,,-0.42767179379198395,0.7351800231659894,,-0.043694889196673914,,,-1.356097992212435,-0.8012199998651699,0.0003652503102716531,0.4150280610674689,0.09760467100517257,-2.675475620997967,0.4200650898806602,-0.758723484838475
2021-09-10,1.7434840627529151,-0.041779737496726116,,,-1.5639874061291537,-0.19601529319696645,-0.7613082987141708,-6.868066946057173,-0.04386050243408293,0.6602756641970686,0.0915053890788993,-0.24297547386109208,0.4650727004502091,0.6026752521321069,-1.4931976007425458,,-0.09238382486123248,0.3664573236726516,0.45119934225640784,1.3992938394052499,-10.168732488819389,0.01733103559021417,,-0.15215730569988367,,,-1.2097403634715296,-2.266514836454006,,-0.04883735073162198,,,0.9628021375364644,0.5562949823594424,0.6348940870110312,1.5663769547263662,0.007267616795610381,-0.1807033455894529,-4.342194983451159,2.9417596618909223
2021-09-17,-0.07464444596385471,-0.1054203908987402,,,-0.2950683853852258,-1.8559566670290166,0.03375294507927623,0.26862694754012917,0.14442998214615152,0.7148820990460988,0.10019543452337416,0.766166648934961,-0.480868417740952,0.10985396055906652,-0.40718684951791445,,0.05625409541470564,-0.007922554066657563,0.009005014288401223,-0.2939645251722911,-0.8943485199236515,0.16495568808167277,,0.13958492678156587,0.007397672929957538,,0.8629152998700076,-0.01403964918326922,,-0.6772555498221938,,,1.6061535785268857,0.1848015483292645,0.1967427809144299,0.5789681975564451,-0.037832730965276395,0.7401541284480138,-1.710853583556255,-0.030500544543951152
2021-09-24,1.012088625602113,-0.8628688112643703,,,0.13407613068614382,-0.10222900606237409,-0.04238777015319991,-0.04295305687363772,0.10435001739798361,2.8713533921945054,0.04038237701379703,-2.967760561897186,0.02316873654231398,-0.044217896069691946,3.324569316924359,,0.14900900235991366,0.3520908509631032,0.01536872010352756,0.008308144751166908,0.31211313224251436,0.040075574321647794,,0.10970027971864768,-0.033548284546510515,0.6935678961321925,0.40829638364227355,0.3622244566087912,,0.6515748709849226,,,-0.00043166095356348896,-0.5968645131147704,5.841931178836966,-0.09679035236170662,-0.03332271341225414,0.08986443608105887,1.9107146824760501,0.0437903293043322
2021-09-30,0.2634870175615967,-0.01741627007806432,,,-0.07721421317924101,0.1343136451713413,0.06372628599106124,0.2124241246215967,0.49380057088986123,0.32564620820434564,0.5963267766256439,-0.9977296219986662,-0.056929812351728976,0.5696404684281979,-0.3607628666109851,0.0019107597878527322,-0.10539872181301273,-1.9844437234927037,0.0030440466400232613,-0.3910498080518371,-4.078350433592045,-0.04755949698476704,,0.06586517366334632,-0.7742248683994701,-0.0005835736148185149,-0.05370490515313024,-0.3992289016248982,,-0.40366112975321367,,,0.8339813013507008,0.8660572931052519,-0.2757563227512293,0.10829822673697026,0.030565564247640065,-1.1907743382792721,1.8793576768517475,-1.4574356299239521
2021-10-08,-0.23414650834574502,-0.6916600610220763,,,-1.855031622107207,0.8363797456373395,-0.03849820478275008,1.001392871816069,1.033469223885167,-0.1874253666007677,0.014551982169923964,0.20705075309041876,-1.4134675144117703,0.35537170781952476,-0.03652078050368679,0.17182373896892325,-0.7766228728717287,-0.050328370807942675,0.0995569208814164,-0.0300478522185377,3.8401318254874766,0.23145744556568545,,3.512608783988939,0.4976871370446565,0.005801772108367975,0.1722789954802336,-0.6495978869220069,,-0.1571275601227768,,,-1.9682452264576824,1.6004335091854325,1.2479452904209163,0.5088032189750457,0.7268357764569655,-0.23071369516134907,-3.3924293935668057,1.3843689961753902
2021-10-15,1.2162152893213265,-0.22937411302166455,,,3.5779606860350763,-0.2343246086191073,-0.2260640925736748,1.5551594996507943,2.5594361086359214,1.3329046665787676,0.20582679450035976,-0.16473356835453676,-0.23394993136079886,0.020940327242197687,0.8512815441546709,-0.029333806594650548,-0.3366509115887143,0.03889713147249828,0.08180201929288083,0.5103461532560518,0.1456649428260899,0.02923623311699225,,-0.051839331017686466,0.253666100668379,0.06049833406612091,0.03240090014641714,-0.8952410000069039,,3.319675348599864,,,0.21341297351051142,0.18667736292651432,-0.10738197460995343,-0.03186385048811868,0.05574115803490093,-0.9839357496639948,-0.06744639575100109,-0.15593432452443615
2021-10-22,0.40861777684624867,-0.3448899736942208,,,-0.14900764252236898,-0.9316379966294971,-0.06835146965525829,0.1889426579119997,-6.742866057191555,-0.276953877422314,0.7831449950340373,0.3406406169411058,0.10075666665815798,-0.10757439028477216,1.7706729959783036,0.004102628643827296,0.023028860640959235,-0.1710747635682728,-0.18632097122339145,-1.5389077615514435,1.3678117732334476,5.909664240347617,,0.0038819190758858785,-0.0256955402502184,-0.016589287105693365,0.044737889023527655,-0.36411446529168523,,0.7195239516652964,,,1.9008195380626562,0.6665535426386047,-1.1218657046013696,0.2450509138009519,1.1382474775113685,-0.5736336912514881,-0.5392590680852151,-0.28341543090735644
2021-10-29,-0.12883701042582307,-0.41388067374155807,,0.033729773127820786,1.6682265774005365,1.0072044779791958,2.3422213493631916,4.740755409557889,0.13165684183979742,1.5966819309010833,-0.4009981886161721,-0.12579305249996484,0.04733349892470457,0.029709178496675388,1.180666827040571,-0.0005013586769102713,0.015658222779176244,0.02251730654935676,-0.012821332003783145,-0.2234967724341233,1.586977087518312,0.19254756867863285,,-0.9754796264437492,0.01074077145132249,-0.4643749243075781,-0.044550523469585886,-3.6197264780521916,,0.12330303027718824,,,-0.0019030568407294515,3.3495883381365283,-0.0552063968358634,0.27824974840025885,0.10232419926697987,0.4457544062012666,0.23059198241919118,0.6226419657930743
2021-11-05,-0.3232207206510442,-0.0901941986498098,,-0.8160806315938766,-0.12174647921620937,-0.633840980539974,-0.09844675213954178,0.6730587674787019,-2.203967843923799,-1.1123593147685262,-2.157605327854384,-0.6517894818459263,0.031203605005056038,0.031120497011713315,-0.053285679800716045,0.5402340567655022,-0.4469544506820274,1.9389521687529612,-0.003369658422738765,-1.7500191345488192,-1.2594876521968572,0.21787696059434664,,-0.39048944280866743,-0.037326611642290494,-0.00042979851863594615,-0.4953720159471634,-0.030154344887665996,,0.27148025384641683,,,-2.3658636882474493,-0.06913332493169588,-0.2982225910921715,-0.13383474284308916,-0.15083492370094095,0.9644451615709545,2.171900074911165,0.41924661491147464
2021-11-12,-0.46806561612859576,-0.3451798769162632,,-0.016924912566437675,-0.013532103814984778,-0.044542717828000566,0.06922733503526637,0.7883467338385913,-0.6281247375103622,-0.22607421412042772,0.3370205878369142,4.315347727196367,-0.2803915365510209,0.0849733710789131,0.32273956393897163,-0.034826406314083985,-0.14468819105359323,-0.11580524368586485,0.033335459569755276,0.2675765548601689,0.7246528772164554,-0.6993356350670472,,1.9013616434048934,0.16637552202378783,-0.0003329526380403058,0.1783367977107607,-3.239776061153359,,-1.095805794210904,,,0.04703253162319203,1.5247149220988552,0.3137818497950621,-0.44585362772204645,0.12447628475083208,1.781883999963856,0.3996727056013043,0.45682214568843327
2021-11-19,0.5362967588817291,-0.014488961352859889,,-0.07703779488340728,0.0553817849294106,-1.9845730919025422,0.14629630370251623,0.031152200866162924,-0.22341436130884948,0.6028711784998724,0.25493575351648196,0.06725901179647763,-0.902792121336855,-0.2115204325673063,-0.0718116439684438,0.006398855271736392,-0.06779225984723011,-0.7793291824572054,0.09925458105220385,-0.1307906499095121,-1.4988357570837134,0.13859813761180842,,2.324877394028373,0.06263448270799948,-0.00012502896286067694,0.4989407545003402,-0.16887090421496723,,-0.8083848705366077,,,0.06845474659492022,-0.21484830592029042,0.07769046791572315,-1.1413740511022046,0.22971829106769182,-0.7489971624570825,1.6775219498482405,0.33283068552266004
2021-11-26,1.5279840456886675,-0.13311149596466254,,0.03199211878447933,-2.9368499459296693,-0.4434305905249359,-0.028178938065117454,3.696859572145749,-1.9989518379620865,0.24537817515997631,-0.3507389770568321,-0.5254763919798573,-0.09596957477983117,0.9938989216185621,0.4288592461699511,0.48415026479144035,-0.00921544829115337,-0.35841695715676025,-0.00344491078999367,-0.5193574718651837,-1.046713727363245,0.005690719706922774,,-0.005142614362218856,0.46847281627221316,-0.00041738011900328375,-0.006374819818052177,1.165769563837216,,-0.962252090106143,,,-0.49911936331019274,1.4011160442207085,-2.2596026647769385,0.014049492804243599,-0.31680459239721226,0.2567358814653761,-0.6397902399349377,5.2895658867064785
2021-12-03,0.36217280215768094,-0.008664893497874776,,0.16028302027906094,0.2952487534831169,-0.5930717305394304,0.015290390394109177,-0.2364608670875279,7.04021225187447,-2.216893771523734,0.11300660241147617,-1.3021677251076047,-0.06012154462539088,0.1287998632035409,-0.366831165218601,0.013661017058015625,-0.1485921020735355,0.09467813377816128,0.005671477196054058,0.4119989982553217,0.788346738510128,-0.11427419692286955,,2.0414103905492977,0.5166260717526232,-0.0010275258601931258,0.8371445112147395,3.517858208693677,,-0.0003024675712941598,,,0.5600792740740566,2.3862522182774693,0.17089859681769418,-0.8679774974340557,-0.2541440900954757,1.9293209441830608,-0.27143198476247454,2.9874731372037644
2021-12-10,-0.12024558562789978,-0.0067203498315767,,-0.02329176840458563,0.4059713565024764,0.07932932409873941,-0.13139700350688896,0.5914934235817738,5.222143200580226,-0.10461165756225813,2.51487436987782,1.505647570144555,-0.05762096192758302,-0.025890256354082965,2.388570891553119,0.061359793721172534,0.14468913395014804,0.39211313024512207,0.011313268047269065,-0.10222985865447713,-1.001703115758094,0.029462481057532172,0.1563610843541911,0.6225122137655243,0.014781397593589995,0.00010926736876034791,0.061944270962715604,0.3112185961995757,,0.03022762466617006,,,0.35559205211962996,-0.3858121871249146,-0.10167037973723733,0.1460356843804438,0.01851606706219816,-0.8703928192093789,0.5130228795311117,0.5141796577331563
2021-12-17,0.4797635065898242,-0.007815426756817989,,0.01933013773449241,-0.5654462057935367,1.2643006562465362,-6.587641255957006,-1.6235018550138327,-0.6738956035535776,-2.5824891290805727,0.6604205336832155,-3.3220779294098923,0.14642526190641364,0.013322859059540983,0.45992133471247615,-0.0037479811736245774,0.19568852702190587,0.05291539495217414,0.0027007944638419382,-0.4631594408696757,-2.268564712465747,-3.1579370223214807,0.03818843762651268,1.0803951881694462,-0.018759223623149315,-0.029630647330151243,-4.7595513088750705,-2.087793027638268,,0.9526977909371692,,,0.3133213119912019,6.045492653296278,2.3864500199430587,0.11710868311234642,0.6599165201283356,-0.45542405003307734,-0.18554914712121418,1.9320724304898773
2021-12-24,3.7181987270360026,-0.04011541705570859,,-0.04340336803677725,0.6982634294369177,-1.1355560485859468,0.2027241326509792,1.8614056223648212,6.762232508399011,0.7869082395852592,-0.48435805481525496,-0.05261628190415665,0.051025541881205144,0.28653445421886,0.04862805446369156,-0.0037137490132348773,-0.1627254028980735,-0.03143380788013338,-0.05114764845824958,-0.11285627650686997,3.0192624562324912,0.030226206384414558,-0.0005525596573389653,-2.064738438388925,0.020306976949527735,0.6092743356907125,4.699185379170219,1.1055003181072225,,0.5681968565142236,,,2.490716184389751,2.7482075924056053,-2.8327777269642103,0.35975701873883037,0.1785396247830073,0.6988233253416559,-2.377676717454651,-0.10404539373714267
2021-12-31,1.9968821915537907,0.2938412416102111,,0.0001897538583611808,-2.186880594226848,-0.2729127940487637,-0.015521096772283081,-2.4796806930174675,2.5000982834635983,1.316426293583462,0.2811619320823088,0.7540205247671264,-0.6763752999376159,-0.037564313522719356,0.1896515674928369,0.014841784893408812,0.7799632953675186,0.11635716357423516,0.08676928514839718,1.694196254571105,1.2347423210859836,0.005841085924038647,0.5732582261479431,-0.06860734487478388,0.047421023350453104,-0.0003128185159015836,0.12091097421361872,-0.0508366362392714,,-0.06376377431088863,,,1.1772528676580647,0.6298744475019848,0.030340195352065016,-0.22752086781928405,0.001328285193492438,2.4286864081309174,0.45817851163545337,1.1079026789610604
2022-01-07,0.06996296423514654,-0.012486827387163509,,0.08286886781401603,3.9720035927438966,-1.6657197966809822,-2.1128900612756087,1.6535223782584354,-0.2205483629005308,0.45885153613587853,0.7605566843886116,0.418863732052616,0.15686872241136104,-0.280145254417214,-4.794957330954179,0.0019927612026503106,-0.9178053838640532,0.5796086993070148,0.13087372052783666,-0.04113774482699559,3.300899442736364,-0.35082647621236335,-0.0007105032546804908,0.4008341173764643,0.13560334699270785,-0.0009986487967748132,-0.4190337237097895,1.645924436100793,,2.8083663661519203,,,3.097915488729213,-0.12184860870072817,-0.03831457345564085,-3.6475988330229168,0.005870916529208062,0.6881711633846636,-0.10512908018008388,-7.632342800475933
2022-01-14,0.17546060774115005,-0.2925189536956872,,-0.08635515521938829,0.44800908793107735,0.05367424971351392,-0.5011522548520579,-0.8677547372080063,-0.9155304019593911,0.6799620390043976,-0.10071155012436964,2.9071615851354675,-0.020405497136142547,0.06763103574446612,0.7220885336523345,0.0008210198155352063,1.203726212254586,4.119324039028721,-0.11575497980779055,-1.054139568449786,3.511114520786588,1.552630278656357,-0.0003983556060040425,0.6508282249284141,0.025754690389159254,-0.09060103569084295,1.89499086889085,-0.9550769660784447,,-0.503684755335866,,,0.008935793779398193,0.3756890043461476,0.655831400737315,-0.06038691462213422,0.010312801102904492,0.005442914883094667,1.937156658142122,9.067699801747766
2022-01-21,-0.254676294415235,-0.1801356639826866,,-0.0006803671691873877,0.15159470923599339,1.5416266768415503,-1.5438076189579377,0.5062101608424903,0.7325300599613124,0.17252690657951658,-0.02818304904499494,2.0709195812554526,0.5380845092850576,-0.0039033753398412196,-0.20557005592954067,-0.021328764225279233,0.1858217013107275,-0.39361113026091377,-0.05315630272173401,-0.0615533837229238,0.3075930853785372,0.036032019712594496,-0.0003040345608661339,0.1051738367405305,0.265201450625906,0.01600978966002036,-0.06954953522784778,-0.860602285297577,,3.6151577436814137,,,5.772181081800526,1.6007782461782745,-0.12046960433964121,-1.210651484457915,0.11834398734964173,0.6519077704526259,1.1367162495128036,-0.14452200529765116
2022-01-28,0.7797095880584035,-0.0406927680014722,,-0.409649377809602,-1.5676224765240616,-1.7468548675275855,-0.7812172499865342,-0.10314367882547404,-2.1064655713805625,0.13317767636786365,0.017471962878789774,0.4677607939273584,-1.0676505678844717,0.0922685980684916,0.6484177305641271,0.0005537380495920949,0.4427103059579324,0.30577425726248103,0.01218207245559943,0.8775301145117427,2.484591675221982,-0.0563198761889514,0.008910425208388266,1.1764328351303714,0.34381268735648934,-6.122803683379707e-05,0.21871071804811723,-5.574320470082248,,0.22370371946933165,,,-1.692010134440999,-0.3467737880145312,-0.717391197741684,-0.019292023947130983,1.7886328589987754,-0.23626763448742835,0.9479869974599355,0.23757157014227137
2022-02-11,0.19957194210543444,-0.29347384683022054,,-0.17840054852617987,0.5027566305284261,0.1339313195495593,-0.5455250004397565,-0.9507032443961814,3.744470115375536,0.2989495305140397,0.1600292664208065,0.035521065105421634,0.3342455371187568,-2.379990584430028,0.5695906105321159,0.04795711961824571,0.22538762112720145,-0.013002648960351589,0.537739947664621,-0.011799335111135848,2.793127343644105,-5.6098484526794286,-0.022937246745461062,-0.7502207554647922,1.2933594028210091,-0.005743243200486402,0.33330915513400217,0.3810959021128921,,0.035096367906645526,,,-0.23176030815137916,0.3647393315647115,0.1729592635608378,-2.577595063322891,-0.0589916879765182,1.2323805494774744,0.14462824362962826,0.7053657277972049
2022-02-18,-1.9903446189409415,-0.1198848128213994,,0.0001916594703681965,2.439655147472167,0.3386321998467287,-1.207669805149914,2.8390713574438218,-2.021519254117355,-0.21850887589442375,0.037548004067276965,4.954351472280749,-0.31122866909958113,1.7123561191745376,-1.7362006225448945,0.011430813130662465,2.008305384261329,0.026889205833581287,-0.019420514934210785,-0.434611236459368,1.8237984319664708,0.21220433589713353,-0.06346565932478354,-2.054267588905079,-1.5065395559785177,-0.00023420533770471844,-0.38331240188653404,0.9186880456240945,,0.4040711637727117,,,5.47674756042235,1.5862236083710333,-0.440761443918207,0.11410578789859316,0.09625177431079088,-0.0013925191165310574,2.895042252652937,0.22062944775371934
2022-02-25,1.1353791100483044,-0.05404490617714397,,-0.009625129964493669,0.17271890812214177,2.3493201520750078,0.14353179846244923,-1.4548751773532944,0.9066536897209243,2.6770338529529383,-0.37373466383235293,0.4194148637835166,-0.16894867902701222,0.3063342131202602,0.5616810417722596,0.011756429961116968,0.14077446633451388,-0.034557705170999896,0.2715331097920326,0.37186360739185675,-0.43219641867414454,-0.09047548961175307,-0.007517712230741427,-0.3534551757524478,-0.09749801982354936,-0.026568580200356313,0.02552675567929579,2.0676572408035967,,1.5303352536316397,,,-1.19946745469794,0.7917399065731011,-0.025318050340287106,-0.41918668422180944,-0.1743135146275967,0.16671796484479745,1.8957837520528915,4.057102298913171
2022-03-04,0.47063947314591575,1.9772417626329133,,0.0011968962592659176,-0.08627103742202025,-0.13485659824277083,-0.24752072634835698,-35.879153843836605,-0.06674954229110432,-0.5464141690555685,-2.688644086365857,2.4377050702669094,-0.026005725020137534,0.10446789796667089,1.626317056395564,-0.014533418760067023,-0.27684970084350463,-0.08063487323793071,-2.1198065269457103,0.013996319906103297,-1.0434661056666092,1.2780183468442208,0.0430381802620344,0.36756960515089643,0.029941841825657907,0.007181385821279617,0.2878372518529943,1.63456706542966,,0.1694515240020148,,,1.0074684856924265,3.2233021292357806,0.5458401246899691,1.1084279166775373,0.016339298786066228,-1.0334617456648563,1.5272891670450528,-0.3021978560636713
2022-03-11,0.5057251314800141,-0.002626961005765593,,0.02944379851420806,-0.1661836133910361,-1.8449623929121266,0.13900087492992294,-1.4900746015323867,2.4909885667822516,0.5422087474720957,-0.5150273322687853,-0.7441703667343473,0.008842841518634108,-0.1826325867482092,2.52424298556872,-0.008674622855336687,3.5111631079368926,-0.002264164063038428,0.003887300722916611,-3.884210056307404,-1.6741767499791604,0.11550140586274019,0.08964007252214343,-0.4715654622500758,-0.04721901524650444,-0.0002118483209331943,0.03696170311139478,-0.2844852408765589,,-0.9922000217410483,,,0.3949950360067613,0.20244308310188874,0.1312121679298593,-0.027826183782715723,0.03059301357846904,-0.14562323385584752,2.8072472781137057,2.981912953037858
2022-03-18,-0.20165399041925092,-1.0459508991789463,,0.008273979658078686,7.229010093193477,1.997557912791756,-2.0921709528994135,6.033913464886652,-4.370961127782392,0.0009265659859242147,0.2644025659493538,2.6650621394277367,-0.29422493634701685,0.009574166903773072,1.4571568542200504,0.0204936168181569,-0.20959567800271173,0.06776771100177686,0.010096971673549112,-0.07891355982410383,-5.121326206183368,0.7307501993932163,-0.08459953826135876,0.3806484786189547,-0.018163669537889032,-0.00043723279842926754,0.19028907616398508,0.7600968572316154,,0.3922443008131438,,,2.0975599994243312,0.4403249061800145,-0.8076734531320093,-0.3749445747136933,0.19377073815505813,0.2604284454220086,1.671117785854207,2.374421356412019
2022-03-25,3.465652082290318,-0.21445129033936475,,-0.22201643909013433,-0.011555386992200179,-0.32806321757959656,0.04107667166099903,0.14713612604395027,0.007547047119590922,-0.9334993622354915,0.06976144746307322,-0.2760106157870361,-0.4958630136194516,-0.268379605959263,0.03849487340984098,-0.06917029186415755,-0.9628440125830665,0.28410282459799996,-0.0020283862329360143,-0.0483838789314294,0.06877280043249588,0.021544490006785072,-0.08343329044679756,-0.1436046851161041,-0.5820079169002884,-0.00012702609567106973,0.19358852967624937,1.812452407836224,,-2.444733260736137,,,0.05817786779047766,-1.0039499406658188,-3.783257512936287,0.5416779368894595,0.0772250164726486,3.8547179794478628,3.200912696030846,-0.6343912331156233
2022-04-01,-0.6312335374957548,0.08397662106549311,,0.016329371037647814,-1.2922825202078443,-2.5079021873747314,-0.7775495069089491,2.31594402843476,-1.6489517782749277,0.5966196468923819,-0.07659913655844872,0.1665613460377513,-0.25279821194853164,-0.03379327842916524,-1.5261822744623705,0.004068914977206694,-0.5105575534010574,-0.30832631141446787,0.014167312853513773,-0.29256566325688743,1.5888350921154293,-0.4773192745366764,-0.03720279687116796,-0.9963927560080299,0.08271699407214689,-0.00037755118186192375,0.16111925079260292,-1.0901791986440041,,0.03614171494285191,,,0.4091989552257763,-0.5680248737494887,-0.1177511535060815,0.7718010529836179,0.02685397462098054,0.743507013713158,1.1942772146933607,6.595207080428951
2022-04-08,-2.052379580870067,-1.3581945385003218,,0.04256862133343125,4.822595495054788,2.2641156959075768,-0.150079765939361,10.379028187030212,2.052515344545639,-0.19713610171205506,0.7596989807341886,0.3338964247626355,0.08493215510270968,0.27226219281413244,-0.05299407291093534,0.002698756362830002,-0.7941337228894033,-0.27113744275514234,-0.6124832503540976,-0.20083256910949954,0.5640840278083408,0.6230917296137526,0.005528114444742677,0.5256890959719427,0.22139386602617916,0.13277265117880388,0.04276450951916201,1.3635472525213435,,1.4616482405272335,,,-0.9226352742042143,-4.674514743823448,-1.599014739614258,0.2532184773203792,0.09663578444412374,2.6500383255212085,-3.1643672592516787,3.3426175815246606
2022-04-15,-1.0458704360200664,-0.1489607902312247,,0.00013986149106317916,-0.11583635278950423,-6.785651673997036,-0.42302245364545954,5.159062432141097,-2.075571101690868,-0.8138616396292164,1.6135648903901862,-0.10549981975936208,2.521841008552806,0.04996541439872531,1.3761352982293762,0.019145965135557785,0.8992765819096341,0.07419993901000156,-0.14367629992960526,0.025792351941246027,4.3897440899173885,0.47406620893796825,-0.07979395014508431,0.45561306668329166,-0.3568399175402501,-0.049374168460886415,0.12496591281896581,1.5689432187639423,,1.3961032411587608,,,0.3122151297199638,-0.5295040786039485,-0.5376104411629647,-1.1761625112895022,-0.009482745201241247,0.9523464788559135,0.6010026871538952,-1.0754861945020808
2022-04-22,-2.7539349412081706,0.27737673180532074,,9.336355509600208e-05,0.5959761002543988,-0.9741560381622338,-0.248675705313335,-1.2591559583756189,-1.6452704341249857,3.3475126670403634,0.24352441334175126,0.12871705530714672,-0.4879832442910037,-0.06607206037270436,0.4085985344222022,-0.024175964464746385,0.17325416787807502,-0.017879620530248053,0.02553888117795695,-0.18489059664072427,0.2689076198251912,0.8831245501760879,1.2446756035175235,2.2565213584872925,-0.07354465910525607,-0.00022778478075124388,0.08759380868997545,-7.698473689297485,,0.4035105700501998,,,1.4099951353188642,0.41874311699851297,-4.441189778983641,1.2446500686196904,0.008186875768064695,0.4404238164637659,-0.5949111071006289,-14.563135881659338
2022-04-29,-5.8551142920827415,-0.04799431966932697,,0.00023942112604834697,-11.9799086355277,-0.25167413405895445,0.09570803228284452,0.3399640631221602,0.40840351944193637,-0.297939093446387,-0.5032973690599103,0.6131724042893175,-0.026889430291191327,0.1657544383324069,0.22198335884148412,0.9915353581929911,-3.1580820341448264,-0.6396661997544119,0.025981718796587755,-0.23861181366012396,2.6679185533545122,-0.24993456174041004,-0.002621675201458793,-1.5223918789204287,0.4705787315694612,-0.05299656904996639,0.19976989573273163,-0.17647596284281616,,1.026799093771415,,,-0.39050495866512436,-0.42752242051747524,-0.43421035055215995,0.0053129481548192855,0.09003486385804804,-0.3979115046143057,2.8453326887386883,-1.8390786212638848
2022-05-06,-0.27726959536855,-0.1688675790475502,,-0.007334047645857506,1.6870697003468849,2.887856237955743,-6.649762111056517,-0.11175163060920634,-0.04267016531816624,0.26932572052471476,0.3621619587309683,0.21650953853910487,0.0957688531158831,-0.0767835760279569,3.1355814576938226,0.05526242645190663,-3.1157707337819995,-0.04871668178635542,0.01573762618377031,0.20508890038195926,-1.2544235434389095,-0.25239113300368715,-0.0006032747430963814,-0.45122393672401573,-0.0247931165838311,-0.0002419284538251615,-0.06471765190001443,-1.5232066450011623,,0.16425676071945816,,,-1.0605708744215676,0.9698640871588643,0.19644250909778996,1.9501976274276966,-0.3060371507923195,-2.3971885856083865,9.981246928263333,0.06296496624581224
2022-05-13,-0.02640507644870492,-0.09205594614363984,,0.011179419588324429,-1.8020538046060428,-0.41497501266609566,-3.177397088801094,-0.02069420644246329,-4.815735097822853,0.8414718623683382,-2.631550804703598,-0.0767588158742677,-0.08306215206713306,0.8043629682729377,0.2834082992496407,-0.05429408793023159,0.24009041774936413,0.5684418888529896,0.03035507103054395,1.2622984384333555,4.415476441573512,-1.0302013171718023,-0.023329803206488094,-9.599535888931975,-0.29962655864787346,-0.017367657303794918,0.14952528920895314,-1.1459492968221767,,-0.35216318927936524,,,0.06664839966814032,1.1033529065869552,-0.8681107354174182,1.2162796347613365,-0.4666489785989382,-3.6557989376652937,-1.249168304296705,-0.12945785511186697
2022-05-20,-1.950176668078368,-0.06838370326113416,,0.00846359139938743,-0.039837342043373386,4.886119879252118,0.4557167168317063,4.6355782173680815,-0.9657387660233938,-0.4254131331151603,-0.02198531173460943,0.15345514673246202,-0.5610528681269435,0.02083768612669061,1.5130869864515375,0.00268782829995318,-0.18286477367547654,-0.0255544865559042,0.00011788580177824306,1.552137326976511,2.676089598853466,-0.13799210735389728,-0.06770179377502028,0.4641062403509377,0.053979624539480124,0.006011140803105651,-0.13487188446187948,0.962615663241907,,-0.6053223232514375,,,1.3202991775190476,3.1939565445306526,-0.4529683680828127,0.1975584518504535,0.10529588789652584,0.6482761844777931,-1.7445407902248256,-0.5396740840270144
2022-05-27,-0.23375308791961005,-0.6688917050489889,,0.013853660458390432,0.1378557190897607,0.31933398859958084,-2.539723933658409,-0.7595649088455338,4.2596048507836395,-0.2788680118156865,1.1213652961699418,2.127378494827374,0.0859548560276673,0.061457923834347075,0.5302250272952331,-0.06292471368560804,-0.13503364939571144,-0.7062272184052386,0.3530515709537566,-0.1939022295590893,-0.27749289961623247,-0.0985653639388259,0.07195120971409495,-1.428016345611507,-0.2650182433616761,-0.0031027072161917,-0.24471256619648396,-0.6549438570435839,,-3.693709181136255,,,-2.364979115683673,2.89465545788338,-0.19478851847307155,1.4085150590234445,0.016436137301101664,1.0706951623918188,1.018017088893852,-4.441609395633494
2022-06-02,-3.1539631747412598,0.008248311931497,,-0.03672084974807637,0.046314551684545596,0.6717599289037907,-5.8998231255640725,-0.045873414951266095,0.558039476655479,1.03135651238732,0.05625773465937348,1.2365560971080576,-1.6142880324959368,-0.2669562556229719,1.6103626131453948,-0.0011439676639486644,0.14150253612883068,0.42728820305622023,0.1540369616134822,-0.5441887936699298,3.4391822189506462,0.010178036904374995,-0.048012802236186036,1.2687130826154747,-0.35987533901397933,-0.0003034184206615774,-0.23135183716790023,-0.534922501078456,0.00010788381981960518,0.09088909277772969,,,0.3414648299764594,-0.4428511844553265,0.9069146268524665,0.45947862962925223,-0.44244515660650385,0.12080374908793418,2.2106449629349276,-0.4907890627466096
2022-06-10,-1.2223578296986257,0.05244179016042972,,-1.1237694894347587,-0.6505388484274033,0.19940272939769726,-0.04499440465849339,0.4768240238048834,-20.163194531806337,0.5029243125605126,1.3649176800897225,-0.25684356459899804,0.10180789972756388,-0.019707146699680933,-0.15605650125962173,-0.026521348696534247,-0.47992121848043473,4.241117246122573,0.10744444451651286,1.152387170631646,-0.5381182108540993,0.3176161929037766,-0.006065319324382847,-1.0080454330186814,-0.017263406565297526,-0.0011162284427987587,0.23020802487329606,-1.509041975834124,0.02947445411643836,-1.9517459975194902,,,-0.9747056521814104,-2.1408360724291557,-0.2650338322071402,0.3064060259041344,0.9613364483098936,0.02662458838085155,2.1781841687015446,-0.47367688826082827
2022-06-17,-1.3949863368195463,-0.006266735741617249,,-0.31386518392453383,-0.4678662752209014,-29.553309534899785,-2.315815066349704,0.3285298319144013,-9.960635760755087,-0.16227350408496818,0.3885736101220502,-1.5264911135057686,-0.25706925159263716,0.045273766640578104,-3.793154073174814,-0.04699740899417471,0.1055933696342126,-2.224161656199136,0.051845188250730236,0.4963535801187277,0.4465710726178515,-2.0082724121004576,-0.6248457299371162,-2.211687420637109,0.5481437207999794,-0.09502754963351251,0.1967135025837209,0.08238924574550677,0.00019903324304932848,0.2726098524547446,,,3.2343459304693316,-0.006923580867508283,-0.242365675967915,-0.041016706503726436,0.009790351712319043,-1.0263885573072067,-1.315464005154182,-1.1435676477230319
2022-06-24,-1.3649214992754752,0.01624745628339272,,0.6404091067164075,-0.5194724347136048,1.276359544044396,0.11764227013040585,-0.2654607501213433,0.9432718752803446,0.49336642415927706,0.0881469012191114,-0.3948816466436684,0.5689788839359549,0.08997266494662236,0.8549972021101501,0.07666951185635981,-1.049710411945848,0.3499400448015789,-0.7463177124477889,-0.06407354210563909,-0.9954381202285809,1.1615778402584,-0.057858312198047025,-0.9709005985130248,-0.8880267420326636,-0.007934753213055317,2.446723765824623,0.6568770226390888,0.00011570629142197423,-0.09259156919698164,,,5.706713948661397,0.17597040958195453,2.5595241892227323,0.976405178552481,0.02123168778397099,0.10219656922628084,2.92900584068691,4.093713187026893
2022-07-01,-4.377027396556009,-0.28274349381644615,,-0.007333693526455814,0.5428590538304803,-5.830545275252185,-0.25247232889952426,3.018658869926779,0.9365684351696404,-0.4009140066617486,0.11953920912255363,-0.5161502137967074,0.48759863688404204,0.7759279604263836,1.2277974616445924,-1.4696576530047822,1.0307584353393513,0.014425606805672763,-0.019234670624914636,1.2932929712324106,3.6646490124516182,-1.0802249539524782,-0.07172209673780527,4.754981272402024,0.5726693645410279,0.009037199567154097,0.48226583209755713,-3.75676877284991,0.00018689901241586868,0.4682078981932555,,,-3.851731234820803,0.23820656073735333,1.341931039930369,0.12195200162360856,0.013214268841103223,-2.0394653479778317,1.383137152577026,-1.9402722215726091
2022-07-08,2.166790764462628,-0.0025320000030949973,,-0.01654257543275406,0.018195102971597252,0.2683026754103869,0.08539748384592288,0.042466779506665525,-2.1858628567927036,0.6891565939067122,0.15202045021960836,-0.014629222673006873,0.023456946502403618,0.16572437978433424,-1.13514442385462,0.0338652034652746,-0.070804311217752,0.8630773328906752,0.971352565818247,4.3322474239144695,6.738086184087883,-0.0037315639745688495,0.04146888925744208,0.3042477181078606,-1.156236369217488,-0.28895166405506956,0.22127844880835862,-2.6253740701360275,4.406888016897941e-05,1.4713154815933298,,,3.3894786912404524,0.8688350789926143,0.6023767313032993,0.14948453198996658,-0.0695678715692276,-0.9885000657647067,-2.3174330800858924,-1.5653841693372723
2022-07-15,0.47663720883408933,-0.26654167600438583,,0.07831825651876469,-0.48182593790290096,1.8155627892774442,-2.164163700685457,-0.9768577059641881,0.3118410311520384,1.2799107263753067,0.13735349017602,0.20233465447760246,-0.5522743899879498,1.1505329756488232,0.8153418566328328,0.16566243649986787,-0.5768622996605247,0.04227144700681204,0.21494141588368018,-0.5531064911857578,0.10048612633946873,0.0452284416719369,-0.11526451372815628,-0.053374629338844584,0.3159457944186595,-0.0017421726459233605,-0.07245677519639324,1.1075958403848534,-0.0006614336679362483,0.03540860933292271,,,0.25732137627971563,0.488081198456077,0.6655380743222034,-0.3565868223398852,1.5318807377727879,7.516987859185853,-1.9590811254133145,-0.08748720604600188
2022-07-22,0.9506896912737545,0.2840935829202167,,0.009827445487309995,0.06482073428577903,0.08562804423729144,-2.109578431333024,-0.7889944669096693,2.311216056350297,-0.28975462195439666,-0.22821945207293634,1.6356561633925926,-0.56541069163741,0.31787820549604373,0.7602804581260574,0.014321284012443529,-2.119787534336002,0.004055520411292223,0.006895135342696371,-3.512223570118524,-0.5308314296351396,-0.18990344803654557,-0.8647258587718707,0.8378035023683831,3.443903330106747,-0.0008155394185084752,0.027567239094931584,-0.6814552999522908,0.006077798789369959,0.4558354405410239,,,0.6743837681996205,-0.2122781612643116,0.3466267520891559,-0.07805847557003437,-0.0007249203307235878,0.4430086035981456,0.19436796564045855,0.1592540415732253
2022-07-29,0.2867817033651131,-3.237690269759858,,0.0029114786242185565,-0.729597190484603,0.4528606578036377,-0.21330083759043056,-6.505102114500242,1.0694849618566094,0.5152519715944105,-0.04100561879132184,0.3976432042454123,-0.031048357283723186,-0.06256766212491396,0.9147146077950944,0.19023940436621714,0.462632432278506,0.14544824035186413,0.05644492774940082,-0.9431866140591236,3.5565433865306515,-0.6046038792595619,-0.2112266970946477,-0.5605849358911352,-0.11734734754970777,-0.017898682393872174,0.28148546047589357,0.4814862145273783,-0.004955733671133143,-7.09323788619118,,,1.4962518833468126,-0.5596938698487567,0.7951587580594348,-0.15037909977059963,0.07740641956848274,0.5542544559684491,3.461030913491381,20.85470717379663
2022-08-05,5.340048436121517,-0.12070563994450807,,0.04970048035395978,-0.22892133555958097,1.0987091552793218,-0.23918006940057362,-0.11149845566007814,-8.080703070022588,-0.5285067504391622,0.25384754415631283,0.04387651785611355,0.3416869185484625,-0.26429680280911805,-1.3466983994268804,-0.027983600102579068,-1.37426236383619,-4.0672309761258925,0.27823468910533317,-1.2756512887929834,0.5059635722087997,-0.19931060879140672,1.0412757619466502,-0.2011043175168734,-0.09164329627273438,-0.030771757744065716,-0.013119953526210147,0.7201714130520689,0.020898587181874286,0.01280707624986848,,,2.159092703321986,0.5850557232027517,0.20732711301603002,-1.4926600949021152,0.3586817159316071,-0.16694458383120125,0.5584355714184683,0.16606253939150137
2022-08-12,1.0129705264858002,-0.0887418713780034,,-0.11658139204749386,0.3043306493444662,1.4705459322756023,-0.42685204170735214,-0.8943785709767728,3.001152816246574,1.6993731412026474,-1.1689564158439343,-1.3231971600651562,0.40725195119553304,0.06334674234262044,-0.5732909279742122,0.07664338072908032,-0.5227856280908186,0.7663163047057925,1.314091514264173,-0.6482276129430494,4.660560438918601,-0.35821965619496177,-0.33337205196102304,-3.350810793262175,0.17764972822068514,-0.0009077206687560526,0.04199581379065534,3.9647773023862465,0.001890574769064041,-0.6497491824397276,,,-2.7020697324005223,-1.0085483194118623,0.03735602466783976,0.032110562495721084,-0.1783609715124439,1.4981145457852352,0.20069712117620145,1.0434050935234722
2022-08-19,-0.9906114585302594,-3.200335982428281,,-0.41488571040319355,-0.16500951144888984,0.1465193273092028,0.26038889419998634,-0.9751749062086567,-0.010555356422351253,-0.15300986321450324,3.2111361567124237,0.2940689406404361,1.0769951576633963,0.01030478628850431,0.6420074385475729,-0.5272185986179997,-0.7188377061353501,-0.14830299929054241,0.05205795367453364,-0.039401036867998875,1.9523980787864408,2.578911853332988,-0.08435949178230388,0.3578432955406105,0.033066846175842726,-0.20390418397198706,-0.013138011302399503,-0.5907545241805356,0.00011059836990987168,0.1788037733577867,,,-8.067539240594101,1.4668364091949742,0.3374637501485637,-0.36770692978418706,0.0078768188499243,-0.2171823063902632,0.33783716089115035,1.0997107712229428
2022-08-26,3.8929162369788815,-1.3128769053292206,,-0.05143640766613322,-1.8656783992191877,-1.4935141329777426,0.11508143311569294,-0.689060056981684,-0.15472905612432827,-0.10669972414680975,1.8489720295047654,-0.018893345405230196,-0.13204298269059955,-0.06022334968217585,0.7775866586270366,0.05069687476676418,-0.03894295363206399,-0.02947643512786191,-0.0007943758579002727,0.2846848154750795,1.9241319917263875,0.3332771828263157,0.25451458670506755,-0.23317966787630265,1.3728830799091165,0.007542633048812596,-0.07858946861727514,1.9084458041491377,0.0021498147369775488,-0.44687147457578585,,,1.1756419274514862,-0.2064059530769898,0.6609351241422325,0.09502903646714356,0.22839659624589093,-0.284011543888687,3.7070424103912276,-4.421892232316882
2022-09-02,-2.262852742258419,0.06623377617280754,,0.0422875331295095,-0.19526753278823517,0.04078050759817683,-0.11660290574829671,-0.6565474674317562,-3.6213224628925103,-0.18265453406785273,-1.096095711268212,1.7735440464153438,-0.20976792998614535,1.8511746622922047,0.23229847464070585,0.46888258363860846,0.014876428648417962,1.8563103123519993,0.07668979291566905,-0.6454338227786791,-7.372139394215836,0.310072126353226,-0.5726858742725215,0.07016106886359982,-0.8519868001165779,0.005468859992484753,0.38065562779807044,1.3279235151728088,0.0028494716160087034,0.4976313507046584,,,6.455776889595471,-0.6947272979797068,0.24232783964985075,1.8894812980163613,0.8164953845324001,-4.79737483271404,1.8167656142524837,-0.6846075613035895
2022-09-09,-2.524373321767936,0.01153261533603946,,-0.12627308544964766,-2.2714371500660313,-1.051865837100604,-1.5290873162174448,0.28117076655612383,-1.1958763518360436,-0.2033478915022321,-3.323741537691547,1.479660529128287,-3.380410980719836,-0.02617222081010804,3.8694237050644484,-0.26926825391063475,-0.8854482291682071,0.03280570969451645,1.3190115762768095,-0.02545446242531628,-1.501025549035047,0.15926407951823665,-0.2932077472072319,3.6131229909652376,0.03290354198475045,0.0015540818056469143,0.06898792075350729,1.2688168017246138,0.0006480886282881184,-0.5166672069236764,,,-0.4788464599594816,0.9124815634248189,1.4306020681410416,-0.1788485047574046,-0.44339862602643576,0.29767212981844887,2.428709451196645,0.3374777638542433
2022-09-16,1.151946667267524,0.9661548603411216,,0.5453114166723142,0.5227395824963905,2.165645145955771,-0.11551475671250964,0.06737834341075613,-5.906963626573867,-0.5135173586076038,0.47212384569428406,0.14796464743636054,0.31948150001537107,0.6972244334962096,-0.4652515632071015,-0.048966236967417344,-2.9025131211085085,-0.02030108498105328,0.0019989587443102075,-0.026089158689427603,-6.747240630559987,-0.6033776317006322,0.2973630487956425,0.5986548988279919,-0.3841111310667613,-0.00024749422528181985,0.050010137973422755,10.618258394818763,0.001878774395693227,1.9023452560833638,,,2.1346216288562645,1.620496111044801,-0.383005203383842,1.5929646106119222,0.2122716761666649,0.3792586670312422,0.28058699798914477,-3.2353514094024023
2022-09-23,0.16560081597651088,-0.3537890751048751,,0.15220398857035194,2.1808693109146913,0.3074720172183193,0.9173116419087136,-0.5119140220839887,-0.9407808681537259,0.07322811988642572,0.038357356861607066,-1.5273407851009826,-0.21333803455203307,0.11736676360880192,-1.898282576401465,-0.455990139180557,-1.6005762387800209,-0.07832795350943315,-0.5651783802074888,-0.4464317814967953,3.590410571245174,0.5980968696013118,-0.011651701575588768,-1.5912463450603072,1.5687385358683823,0.00655552233665662,0.2628558635636041,0.4108614118471411,0.012893679174106599,6.947322908530144,,,0.4508909512115386,-4.118871138516519,-0.19499928813150127,2.625121186777521,0.18173850331557037,-0.0683526413505124,-1.6313089549792703,-0.25510005997676377
2022-09-30,0.025405135507065024,-2.4258914388157633,,0.03912644111234759,-0.7941501736670749,0.6857652032094794,-0.013388111176960926,-0.5081605646969696,3.277024816403776,-0.011113540565519997,-1.731988823250455,0.30708351010752477,-0.4738567795374663,0.13716567477926972,1.5675848486253843,-0.01398691722521263,0.018196610873102967,-1.3315532900656937,0.1711002611377463,-0.4481141809276429,-0.5057191860842021,0.5292410723628909,0.01716732957951185,0.7106460820797407,-0.15274275061251114,-0.027334795015171897,0.4487249027094784,0.4414966997046602,-0.01112986627083144,0.2743678614946683,,,0.8262645246468289,0.06460357682206154,-0.6244303398143249,0.02921672839177955,0.006009651890011384,0.7678278414787432,-1.6984328590017121,-0.5296850843390939
2022-10-14,-0.5201462212305314,-0.32606715601809766,,-0.19606474752790196,-0.8616010867569485,0.8865548611438898,-0.08756887614504376,-1.0768290440870398,0.7103280512092072,-1.0592976506447995,0.603610579742686,-3.0162893932743398,-2.5016608841975905,1.0388172075073658,-0.21295825741572605,-0.023289222364773786,0.02627428785487678,0.026434084478883155,0.16654837655903118,4.078875531275196,1.0555149098386831,-1.6677775394423813,-0.24992061395682924,-1.0754086236905642,-0.4161086910418046,-0.1290091629082355,-0.009991351837039185,-0.5830842636819978,0.22066988765424442,-2.63854669276218,,,-1.9453203187086847,-0.280272828724852,0.8012281604662502,-0.08638153399342967,-0.25855003952863753,-0.36317408435304493,-0.14398212586313933,0.04758639734753772
2022-10-21,3.5986966897179604,0.10423306652934436,,0.08381230915487796,-1.200083580418918,-1.407234496742745,-1.0598353432440784,-0.9373517479664781,2.6054754151303556,-0.3704383464341562,-0.4530978257044277,1.2494743648480517,-0.06062299338574225,0.24158591536344295,-1.5448823072690292,-0.021109649616275195,-0.060757736115923125,1.5737828451060814,-0.09547520864709248,-0.4323500691074468,-3.625440189224778,-1.1071896163940342,-0.2835974324246754,0.1441010148445768,-0.7317791842056157,0.022428046477938855,0.00882272317364853,1.0821867150962525,0.08348786418832699,19.179128770497282,,,7.0647373187742275,0.18312839027420535,2.0999403406714547,-1.1887172261496357,0.18020209851450725,-4.228099083842827,-2.6680579632454955,-1.5548016601853485
2022-10-28,4.8877918336116535,-0.1339751407758845,,-0.05972142641263721,-0.789129811618892,-0.26162254665779966,-1.8705699849810327,-1.336606516615048,0.7995850304781156,0.10680984700662455,-1.2009993045791885,-0.7177468107048739,-0.3980100397540481,-0.046222397267369805,-0.5240705914099576,1.0063503377686764,0.3597485214711037,-1.1117616770522702,-0.06832861536204071,-0.4916609445232223,3.321209065580915,0.35128535883173856,-0.07171166722449193,0.2280045053532947,0.06706288861100283,-0.00032451764810409076,-0.25060463676669587,0.9471735070795901,-0.001707725686918619,-4.410171596779376,,,3.7886261731994595,-0.21177091207975035,-0.3457825980825055,0.48515004551414936,0.04292144886325986,0.024336624351299074,0.0284975983019429,0.3950145476341023
2022-11-04,0.24753024081827435,0.019572054107874062,,0.032106456802636865,-0.6165068855080961,0.41118063969191904,0.3916060059920541,1.6191800124775528,-0.19069729006099626,2.0786768212285005,0.4003362497552836,-0.17550616308504907,-0.13621547843488213,0.08390422763765594,1.753755366311347,0.0013313316647856062,-1.0006175745614208,-0.12758627185230215,0.03937436907556493,0.19640539031871102,0.4772438202271458,-1.0164457373970095,0.25445613076905327,3.3147315068046885,-0.03360184783805936,0.005306971970299683,0.5508487139102667,0.8479075278189008,-0.07918789341421219,1.1428914168168258,,,3.0520000513487395,-1.5603890806645686,0.10815716087096214,0.9341610072355184,-0.24570748429494715,0.9720525648790064,-2.013479348370871,8.2914681836439
2022-11-11,0.006693453244361708,-0.7651697677308584,,-0.15373710499966825,-0.7424313876468057,-0.3837883156683275,0.0522390147651382,0.9299874665354283,-1.7585741400799182,1.177014292810751,-3.2937644944599476,1.4493884359623648,0.0675390231725039,0.046930600811768856,4.132859611533396,0.0024467781235336028,-0.12985696756243634,-0.39995465515877565,-1.3831046748391869,-1.1189592805189645,-4.280620974803945,1.3259258568658048,0.3140597261948192,-0.13868971071230693,0.002904892851979319,-0.011613655496298135,-0.03213877183664661,-3.0253882273334836,0.0004553223069256013,0.6472811716263397,,,0.08404988082614648,1.8971150160637094,0.177163400873125,-0.006926826617526739,0.1549153469188104,0.7865223172808052,1.220649216625551,-0.13066465035429442
2022-11-18,0.8227150228369137,0.70860838699327,,-5.709917513548898,-0.9729694442710598,0.09303083257404182,-0.5755779505303922,1.0029061455941166,-0.20432432279090587,0.372267093819482,0.36532562579932015,1.1154903054216094,-0.16221318338584761,0.1425578742913426,-0.5218632001359169,0.03739039771513319,-0.12551799317567758,-0.07336154093571143,0.2972225034010036,0.6926813222548124,-1.8251483495233056,0.21369314199080594,-0.00235067549563613,-3.8232876933609714,0.31531528599984,0.12404746320589502,0.004083801448950786,-0.9378402513567495,0.16857644790093326,8.76246347182877,,,1.0811412542020742,0.3025333924200413,-2.4767396058189224,1.6997159359004774,0.18617233642196257,0.038004545453057044,0.208413198582223,-1.3166620776960252
2022-11-25,0.8908183095427366,-0.7629091208270808,,0.008161138478627055,0.007174462669862394,0.32210666790424547,-1.2088315112356025,0.002874764258206151,0.3597283096081039,1.3043684596238079,0.30790458497454565,2.8405598864597863,0.16294774959320737,0.0012185910574660647,0.4241729611721782,0.0031370305034407195,-0.12028840033269066,-0.011136662623441013,0.22095592938336742,-0.33489360274978597,-0.9463638339573346,0.3022616487457114,0.010368580857079479,-7.248205285965486,-0.16557476787515119,0.008299436588652958,0.3796872600318445,1.231558949726363,-0.20658907272827437,0.5726911568469801,,,6.183648590477053,0.39592842914423765,-0.8082117123241116,-3.011614019982977,0.25632248735445173,-0.6804939944627301,-0.3439350146100914,-3.8770221637334914
2022-12-02,-1.0725886458255045,-0.07682128536487434,,0.11414004742439984,-0.904923526424148,0.10581457487357564,0.02615505161875996,-0.28577093481062593,-0.09687045219885237,2.362222210750557,-0.04197630071832689,0.12989211925923327,-0.6702937546038803,0.16739019173570668,0.5658005964679963,0.01829356822615591,-4.304223438888546,-0.47611018286678486,0.22349854591238238,-4.119870275710775,-1.9832317367038208,0.4276557097973756,0.10371539685413242,4.35154417756454,0.20682234778284797,0.014709742649921347,0.4918637734133264,0.942875130582694,-3.818525655773346,4.006479754978844,,,-0.2791203128258229,5.561862189587366,0.661291068514851,-0.1396956592338084,0.029351918655111702,-1.1154396031312157,-1.9272595393792635,-1.291026354028774
2022-12-09,0.9779473619630052,-0.06400811408038086,,0.01896599924962351,0.07698468569235195,2.729930543533096,0.29182198772424545,0.23598464044012343,-4.418922769293766,3.4736611204065238,0.0069691382917007605,1.7282926597650126,-0.17354744938896094,1.1047085874663363,0.5414172809009976,0.001925458353537744,0.04302796399996611,2.0837320274850724,0.35036293153445297,-0.4346306009156795,-0.16856498835377395,-0.368668279407034,0.1101132276875364,-0.8760030031843155,0.10694659844498615,0.13384776492145845,-0.1030780145848077,-1.886747157283612,-0.07171203532870218,-2.286190027832046,,,-2.2478260010874904,-1.134814959749827,-0.03985761191851891,1.7416466202749508,-0.6135242918827478,0.025256781120415996,0.8376539040422222,-0.8972764119721751
2022-12-16,8.36055595410397,0.016694065554668822,,-0.013216378548465363,-0.08960980750942074,0.5817768059041072,-1.3328892092485636,-0.6049981646017804,-5.287864760559633,-0.5276051036608149,0.643437973838008,0.44504001554148703,-0.9468517522560559,-1.7016366419910394,-0.3858742472201801,0.9534936369560587,-0.17863130040828795,-0.8248085445193368,0.6817292472279222,-1.1192498553458468,-1.6402271104652117,0.15238729658509356,0.32627112487413906,0.22865369597682758,-0.21011622146618156,-0.00016393927767617832,-0.03140314181801657,55.936372733651964,-0.04370875297050337,-1.2813220357483956,,,-0.3744499172999438,-0.25095964912119245,-0.0025908982628741195,-0.046376967447483056,0.011251577855870934,0.17594077095409255,-5.212613537227541,-3.9379313355399805
2022-12-23,1.8393451555480533,-0.07528074820020401,0.13909917099331343,0.5475809403094588,-0.10899408712498951,2.60212091522455,1.1372142823932871,-1.870864037668978,1.389354420022663,-0.7427281390139715,-0.02714883973885646,0.32636270035060044,-0.9093684094412608,-0.27451582884147013,-0.2712637313121018,0.009869662647517702,-1.23553170096068,-0.28476571276794765,0.028135306044828123,-2.0304803625698216,3.4492165110599724,-0.15111290608920572,-0.18752277650115337,-0.7768572560425213,-0.5329561850565449,-0.0003351806403878376,-0.15208178535282982,-1.4352763127741304,0.10510927553191884,-0.6791359410181995,,,3.848366837909608,0.04955651120675848,1.34460068069918,-0.14375106556166062,0.060359588998559865,-0.48431189176067463,2.897375850864601,-4.14111665800662
2022-12-31,-0.47945035021500626,-3.0115994312187313,0.03779677077095413,1.9580275199897144,0.03935389204187109,2.75695663030592,-12.206157135229095,-0.09098675433564243,-1.672166889763548,-1.3946270576219866,-4.793585614801725,-5.432743802912012,-0.18982314847687104,-1.9222905228589406,-0.7077040340084764,0.13839088685800466,0.5706553526034757,-0.033378636364824986,1.1026872883269765,-0.17273336685175916,0.6090998081281129,0.8066695211353925,0.01767056717938284,-0.008902002220865235,-0.2589618108183851,-0.0005081548189160524,-0.09361661313063302,1.2336877153702237,-0.3626976291495019,-2.1703304145736917,,,0.6549204069305483,-0.9885780241920163,-0.14858810386015725,-1.2399565508498136,-1.5518155400972404,-1.7230568290488326,-1.8262687391925674,1.6005847969009548
2023-01-06,0.18360353534556612,1.3833886327341276,-0.011415797499596604,-0.7778786202142635,0.8315921543284654,0.32985186935478217,-5.1089172754520815,0.5235589256997732,0.3722438174389082,-1.2386620185403459,0.23090714585388486,-2.0229902531565696,-0.2820716478170146,-0.2444340524433779,-0.4850705086208673,-0.1066827986895197,0.6342689924644316,1.0848780133057725,1.135171636423849,-0.642408399161021,-0.38014316194700337,-0.3856225505239502,0.964795904466537,0.7273503451613214,0.06432071643804621,0.008591447963658237,0.7914714849120409,0.09816951761906456,0.15376089271292168,8.089312720929614,,,-2.134638457738208,3.2958316755911907,-0.41159917517663075,0.5823829501572527,-0.25100902553150517,-0.006522070975741185,1.5825318069413816,-1.136973424445358
2023-01-13,0.5361254906072562,-1.135244998713858,0.7494655599188569,0.03496401511545522,-0.3131914233734542,0.827509339139311,-0.07315056941831935,5.579562860320023,12.44441457083341,-1.3860944770314139,1.973715754602353,0.19054559857374107,0.2797894907652104,0.10247072112789121,-0.12438300109575183,-0.01346342944320644,-0.008371995415403708,-0.1475447804443925,2.106656186540953,-2.1488518218929777,11.063261948986732,-1.6939298432583498,-0.10841930356545114,-0.28458192417405076,-0.1537544168935374,0.0157336202364053,-0.03718711799089025,0.93284663349105,-1.678471420838266,-0.7483907568728292,,,-3.6951594132498435,4.762690726406302,-0.04743363103342693,-1.5699826299082993,-0.012686168982439804,0.12996357951140913,0.5212448772193219,-1.8748895404164532
2023-01-20,1.6500563777209067,0.000359894829916335,-0.4357080194465233,0.008802510069821502,0.15799952698543063,6.1281869770716355,-1.8669572631833569,-2.6151010801787593,2.031944063044992,0.23984958237489892,1.2103613664284463,0.8518117277176148,0.5971908898724645,-0.8019465500041665,0.7751650366226155,0.01823228068713323,-0.07307708290949855,0.16860515033707638,1.799247399769389,0.04081470959212165,3.2103152117819027,-0.9132870888679367,-0.3010326591597771,0.415265204097933,0.14244441575114244,0.052669713073427105,0.29708264467677165,1.2173722833441767,0.1987523813063581,8.302314165088662,,,0.6786062325582429,0.2531960139068907,1.6283610381080724,3.3780299852323945,0.10819175543965869,3.6589791488425796,-0.553374008146799,0.10882375705175563
2023-02-03,-1.543261795407059,0.13921158379920767,-0.0026214602082358014,-0.054117793246445445,-1.1386143048623987,2.0316360624681993,-0.07051831157297664,-0.8357250820198712,0.9251855866363435,-0.9601203333267346,2.186909432006056,-0.33530455453004215,0.48035913947824155,0.03825678102570354,0.5086375515524424,1.454504549181827,0.19737774874866493,0.6136041239797851,0.05302284025971938,3.6376628604718957,-5.89295971503296,-0.5255515655918734,-0.7539619933992512,1.1198781642943385,-0.20774729763241573,0.09943044681324263,-0.8499811318144536,2.1486456487979346,0.03066615566806645,-0.3578098255113016,,,-2.9651586225487,-1.5493413880030598,0.34228343737909694,-0.07691641244789177,0.02279692763389219,-0.5783403172302855,0.10395091351917314,-0.7575585714984113
2023-02-10,-2.822914658992001,-0.5874191092448858,-0.019022279790278207,0.04337888138540511,2.5786062729003554,-2.865706825502727,-1.3222359105178205,0.5076929693866981,1.1272058931867945,-4.1939669028150695,0.9274830997095904,-0.35980425915930314,-0.031510340254382756,-0.024201684563596892,0.011277830112914828,0.5144270605206035,0.0481508526910044,-0.6932859539557283,-0.333069680225474,-0.32499240440015087,-2.4881952503144906,-0.1286056685533553,0.05154849251586385,2.028860769522227,0.1447850259718815,-0.04725763914305321,-0.03391162299081508,0.8160629301775119,-6.404787365771327,1.212162477266572,,,2.75610481004689,1.1841169718737192,0.0684914346866336,3.9385647157436137,0.07469575728443072,0.8221283608002075,2.58397283432012,-0.446598527340877
2023-02-17,-1.3943738668772634,-0.005908613455275951,0.07723313858324503,0.08430434960582317,1.7107639989348877,2.4692205705686914,0.10350112720993475,-0.2581478002742304,-0.6326952442674313,-0.3635040029444198,0.7908176745424844,1.0217279522846834,-0.28196083990158566,-0.578369075391177,-0.04704428573614284,0.645744997709975,0.25450602381750304,-0.6275894489449703,-0.6464001197422788,-0.03659890434130942,-0.3970762998844683,0.041806465155600124,-1.3352758925982704,-0.3792639751112501,-1.2789179353367826,-0.2731747827675468,0.4755397703487937,2.9739455784865885,-0.07168212348970192,-6.236273972969272,,,-0.6271958802546445,0.806860046199185,-0.011150061289847947,0.9910208032252412,0.14714685422068574,-0.371167330670561,-0.6276781294722695,-7.106508762981607
2023-02-24,-0.07090397245404981,-1.550634876373928,2.684578215907847,0.04577197337561898,0.2249597668035622,0.3782346404057592,-0.6599162407349041,-0.186369968895148,3.1648570310679975,-0.8643944457120258,0.8867512356960869,-1.0332588702439127,-1.0323593516117053,-0.3254461812529731,-0.29371419353619915,-0.023773156839491418,0.24522175473612215,-0.08076842224656927,-7.991491401458779,0.28953289548139005,-0.32976182820748706,-0.5262865970013174,-0.0313110029021158,2.133011572624371,0.035717681408745115,0.16481906047440525,0.2264736468754324,0.15243807378228239,0.010596916709309515,3.0438416058572244,,,1.5020515576731845,-1.7439482096066874,0.16837975670275748,0.21593867237673298,0.028721177767769793,-1.7710295185103304,0.017158173673023858,-0.2878253047867606
2023-03-03,-0.43009912045522886,-0.44718930879262414,0.2259818861171875,-0.04947885113639787,-0.014452472664135817,0.6178455396783625,-3.556258375687295,-3.2070442264473464,2.0620713106686597,0.20666410036188018,1.0712209254529872,0.45057206021917673,0.08205035350842102,0.027721288308065025,0.23457287910008373,0.15570185726261251,0.34564461886141845,-0.04440561467962074,-0.03269701162171115,-1.2034037118431091,-0.40484103528381316,-0.8411171876581585,-0.049440396735201717,0.4136506836260607,-0.9722006059302905,-0.2245517249845202,1.1984719764907503,3.005436470568353,-0.020541291600054416,0.0855632406152352,,,0.5145241540948802,0.23484257894435,-0.804270482754771,-0.04282756769710773,-0.09886140480325428,0.11228972171771173,-0.9216843605090861,-5.066637500361011
2023-03-10,-0.4822186973713638,-0.11687352503690425,-0.1934597705456686,0.00022003307879594623,0.4807339509505911,0.07068449736351502,0.08785588498179414,-0.22678892746751894,0.3107196328670971,0.3356907561965541,2.941664850609033,0.5975292552524137,0.5881810614113859,-0.08090711069604381,0.00012486631597828646,-0.03183282068643304,-0.5139463106661111,-0.6888541086731697,-0.01964196190577456,-0.6066052883183938,1.4046888808934983,-0.6291829211432906,7.156493461260402,-0.8969483839134037,-0.42612514347304087,-8.537432006204825e-05,0.7899226689636553,0.41364187011781184,0.12471050465665319,0.7309949847873787,,,3.107410541131828,-0.11133894942978394,-0.11014113954187922,-6.621863199522236,0.09726769059591149,0.5240672280928813,0.6571845484196046,-1.8330470918669493
2023-03-17,4.26614062358569,-0.21521827270434388,-0.0022450109157468156,0.012858880064762658,2.8456950151937126,-1.8226860565673888,-0.40594190770646343,-0.42335465003926886,1.3562876860235176,-0.019604579388098092,3.1631292924610257,0.7716537428785283,-0.08860613415376592,0.05847057748662686,0.24682438582934083,0.019585295531561606,-0.6902436594806084,0.5706190496858156,0.29697406181016683,-2.2935447478590807,3.4097091775432076,-0.1614320084722313,-0.03905303186199634,-0.9485899064738029,0.4647890664227905,-0.00023775093868021047,0.44980794715031475,-0.6661927150582873,-0.17077392330454047,-0.8987947968851567,,,-3.166083824078921,-4.739324772018476,-1.517187761341957,0.10496007102135238,-0.02574263441065285,-0.05299207630573108,0.8565665575595663,1.1683635929906813
2023-03-24,-0.0972562830455117,-0.09540922022302716,0.08070800435986952,-0.33184240536941945,-1.0675128228213373,0.26664940678503846,-0.6952286971779971,-0.13675351872036684,-0.24748150072055175,2.3021102343794033,-1.0423860674657603,0.2670758350844791,0.08818765068287172,0.5224228158418681,-0.8737374089299463,-0.09990822263056878,-0.12530814882138264,0.00031296170379795096,-0.2123304999680632,-0.8151838556270061,-1.5156246466931158,0.3375013995479411,0.002086996612947171,0.7368800862638332,-0.407591069215874,0.031078428524737578,0.13803993406552822,-6.223405497029629,0.01672154651079865,2.955174978694677,,,-16.127754293992744,-0.19185930245703717,-0.8127716264990604,-0.03920580242418091,-0.04378740162791541,1.2899959920373192,0.3606408406780398,-9.525977941328966
2023-03-31,0.21899045690662777,-0.0039054493643030912,0.7412404792756031,0.010604111891368487,1.8630985599551069,-0.6360167448098025,0.027615302391784415,5.891858819526865,0.7592660639211517,0.2869151509627361,-0.29752220792262385,-3.3625170218090825,-0.38735190161435795,-0.10327791113819784,0.3350723243156118,-0.04684391353900949,-0.08013946002027134,-0.21744051028129177,-3.636565406872887,-1.0381822939890497,1.6637617453323206,0.32973397310248065,0.7059892657883903,-0.08132817456538441,-0.32126290699517834,-0.0005758366914040129,-0.14555236359849724,-0.6515057706333716,0.023693379428002526,2.6928379019564725,,,4.595323410192777,0.8447376075479671,-0.24780879890893134,-2.7503563830996085,0.03010834429923417,1.7258413510687345,-0.3434403542518809,-3.0480740699515168
2023-04-07,-1.6675617770886095,-1.2553780368679681,-0.20417894324120392,-0.20625043201153326,-0.25536549747564513,0.5609376357261013,-0.14368386155298174,-0.2820099935036954,-6.596966079416426,2.662981498402764,-0.5612621139515791,-0.26834787804450877,-0.015778189674707604,0.27506247343853163,-0.03099069316637587,0.20238051431575427,0.440630872800966,0.5229298820192555,0.4738175988303849,-0.43014054950646136,8.060600676749335,0.016972850236504664,-0.09106040647043834,0.04459612229159456,0.0725646550787202,-0.046435609023480415,0.021315886749920132,-3.5349779470276355,-0.14614994972650097,-0.005852639193125564,,,0.6162445717906118,-3.299934773449361,1.4241952068902162,-1.0233266392275708,0.05172553198920808,-0.27646071747420187,4.17307963020679,-0.5318953879094924
2023-04-14,0.31457100786910247,-0.08209533002409038,0.09265538164127657,-0.0035514902925448625,0.04508175492369039,1.2312778158939004,-0.018601375754621882,-2.088549370318046,0.45516656825644164,0.9483894155694581,0.46639725765022866,-1.5823603856635247,-0.07956521207647645,-1.4604929184273603,0.3101804737077775,0.0711137315720888,0.5352316814174456,-0.07821966340085065,1.7193811077664818,-2.6667948043981293,-9.515093570987098,-0.019930984402048758,0.057627536737416205,0.12298658003786066,-0.2222619245329887,-0.0006381027321387998,0.09183020926170074,2.7323682290235856,-0.02471243358613302,1.1536096585482685,,,-4.31173700888058,0.5078745732584174,4.359925265903145,-0.17852489750427541,0.01306965705589919,-0.15991220572645448,-0.9062660933699571,-0.7052214289504399
2023-04-21,5.702060772520363,2.9182572685928956,1.3379443246391756,0.015995403271950835,-0.6376857547571408,0.06938510362824434,-0.02820587484856865,1.7047170754559062,1.2215307346011646,0.18168901745924526,1.1863065084267845,-0.5692817245184221,-0.038353682054170106,0.06089820865354606,-0.19543131616007675,-0.10494999549555649,-0.04693897347238861,2.6233964102380316,-0.20359898207617544,0.848259444392451,11.387737629294547,0.021869460991556948,-0.8043803366301814,-0.6113887654980779,-6.025547250040297,-0.03714713927381355,0.019709769516441246,4.092289522258636,-0.1267698912688898,-1.1683397404146625,,,0.46075936040289794,1.0181948566450696,-0.18590206039828436,-0.10542817130194115,2.547937561683237,0.2682428142288272,-0.7573785995281974,0.7464117130156861
2023-04-28,0.34114881681727666,0.011284070740584157,0.1026435639784264,0.0031142987218708146,0.031872978863628366,-0.2946586529748555,-0.48201440945244617,-0.3919089209762515,0.21115024956038891,-0.313844602252771,0.556549662931347,1.746443572377049,-1.462727105803369,0.062294336026262574,0.22887801132135768,0.10067694501836955,-1.0602667491608901,0.6925560395624888,-0.016538297398001753,0.7274630045509476,1.8983608880948097,0.15073862508698457,0.2555539086103296,-6.182293100366134,-0.3173767381944691,0.29667346626189145,-0.8722084234415808,3.535222793418704,0.017607965817124253,0.40386410533973693,,,1.3126616884359712,2.1558884477872087,0.9064555646814084,2.6218365471503207,0.01704464580519683,1.5028250080729457,-0.47184981763628003,-2.387969369893683
2023-05-05,0.41982167269720333,0.037659342890900296,-0.19454944741654262,0.49210734286570457,-0.375057416180732,0.4776036098689897,-0.3943113450322066,-0.20721069221442648,0.07587303242548263,1.5321757373506124,0.0358458731909373,-2.3515638980432914,-0.3665893631842151,0.2171557471418472,0.1291123223677611,0.0038081005199233236,0.3089292321712796,-0.10593854687410999,0.033206154274686824,-1.5912120114651298,-6.087347673908629,-0.5690464346737872,0.9937978313171635,0.977490809759392,0.6733112214029566,-0.00025639964861656647,-0.6163153710852964,3.319245294404429,-0.035623799549220285,-2.031854621339748,,,3.344090555610875,-2.508495014393651,0.010793988113873405,-0.16299534426091047,0.3556356006299992,-8.769351969284838,0.2731996722904174,8.955032846108029
2023-05-12,0.6232116865207821,-0.04315602308386494,0.025117567435908816,0.20707977090194532,-1.4247437600276567,0.11727998086153057,0.3527952401035024,-0.5322113413668298,-2.0560583439065816,2.8852162055510724,0.12242068635059845,-6.686848854424541,-0.02524927878935667,-0.028525701381028497,-0.6836232880281243,-0.03523621463902245,-0.1322839332008848,-0.5187102791949518,0.09166230438131615,-0.534697839960872,-8.045249247036114,1.3729608850512351,-0.23045754194748266,0.5815282333027206,0.19768876497950194,0.5234789906619043,-0.008981783983599969,11.822324274959119,0.05949778334962963,1.0986962062411934,,,1.6649332634917042,0.03996781590537213,-1.1189018380447173,0.3131838578095829,0.1383773270949075,-1.9955247270793606,-5.938354901033779,-0.9659294529670195
2023-05-19,-1.7859910643520287,-0.3409897955550048,0.028595067890448314,0.6468762112175883,-1.6074374292706772,-6.436457258499775,-0.14618931838380084,-0.3853730443083668,1.1995648390662892,-3.4689316999062814,1.137935796556841,-0.8134996727412345,0.6614002222974299,-0.05434129683137685,0.3849199710636013,0.006070863720057032,0.04629394100238387,-0.08629942017813926,0.504055038627447,0.06728013318071473,2.806403078776359,0.1991049263035216,0.6261725611817536,0.07200659648340753,-0.1624869032642785,0.30656316092261876,0.12195106784828835,1.2427732901229516,-0.20187571334855925,-0.16635752576439689,,,0.67969375197497,2.875066745283639,1.3665536656723865,-2.0011730577466884,-0.12214711548465004,0.7204563985077848,-5.044247698350176,0.9111397278398071
2023-05-26,0.16878962098500427,0.027934199139062782,0.039558728358832625,-0.3965948581523433,-0.4236525026041665,3.5739984910948075,0.24919163472914485,0.008707889224388098,5.219408749695129,-1.6716425013083867,-1.6757055147121707,-4.0099494143732395,-1.8006961292214394,0.1124405731122616,3.2520898371144558,0.41031623505448905,0.10271739179444997,-0.16686898948880108,-0.013135329034053324,-0.8606425647100447,1.3202400554926625,0.4108045010230411,-0.3177786028745879,-1.0813126150499026,-1.0492929983696728,0.011137435718664549,0.7718124087537238,1.9336274787752994,-0.41243881048834014,2.0500335096416995,,,0.47286213157540835,-1.4322395503795335,0.426305405865326,-0.0021342035832719874,0.010650727625102578,1.2673735311665164,-0.3801859357256575,-3.239836042137546
2023-06-02,-4.6806176220900895,0.005069132085155064,0.2400785314673897,-0.12097110667381294,-0.20010976489145313,-0.877113697771379,-1.92195356999021,-5.697414411657221,2.677474024979256,0.6839379355341866,0.4331515781031401,-2.6920391304030873,-0.9961154230983419,0.09813642166566838,-0.02694142484353986,0.31512894875611,1.258573220249437,0.06258965573951371,-5.785653462315717,-0.9121801815266084,2.248384233697743,-1.9409634611316653,0.0363903434587435,-0.32503256931122304,0.14274831218832765,-0.06460244911374848,-0.0039054641860187603,1.1041026460576384,-0.07224048390599708,-0.07786325097702942,,,0.0010737062484361855,-1.6882692787627702,0.7210670894234839,-2.1415927193486324,-0.5366272862464301,3.550998422604617,6.5585145553143995,-1.890296590770447
2023-06-09,-0.5792540920040226,-0.2770840624533269,0.05109590370308725,-0.11739173408838054,0.1911965572586719,2.720990223941581,-0.3144609437327361,-0.021173435393762517,-0.22512417143177244,-2.4293353754766347,-0.21740810973124955,-1.5725234730536193,-0.3972314121271358,-0.13538771094824564,-0.21285371140265963,-0.045810293409122835,0.1530425545470837,0.08856340967912898,-0.12462251855591418,6.477984535097882,2.4563870188200068,0.9870300754110156,-1.2309613969743605,-0.621126253404922,-0.950057758523345,-0.00017331080538955293,-0.5284097109894887,1.3511129543167688,0.10993956882370229,0.8430683240357971,,,0.04620761095468366,-0.08989133433232073,0.14941590527788948,-0.09281236234007413,0.01114068166586231,3.226364260636064,3.1288769807856265,-4.134972569912592
2023-06-16,0.04826294633098847,-0.4033881166858596,-0.2895738367963774,-3.955166837272265,-1.7082298097881243,0.46786451242565924,1.095694175908503,-3.054721861059835,0.15949399130377181,0.04414526977417515,-0.21143954132361148,3.16762398042962,-0.6714103889326241,-0.005765315074747483,-3.682636499441462,-0.2181666168347726,0.0050085188236461365,-0.05066126921053236,-0.2984547185645151,-1.269894139096653,0.07904349646396969,0.44263791323882945,0.4830320561770046,1.2045882287175986,-0.7368974743535728,-0.3134398814171207,-0.02333610551378388,2.421226214133877,-0.03121039758436947,-4.00190741043752,,,0.7483971447134203,2.2764061820586243,3.4844773634074904,-0.2868082992130313,-0.06293277644176043,-1.8704367045560613,2.4010164013137603,-5.515142826869178
2023-06-21,0.3948967189351933,-0.02252724237533836,-0.01636574819634671,-0.07950434318483765,-0.13446888612004548,1.1037174246327668,4.023268815150804,-0.05460470429522748,0.9714286713109163,1.0043559218853717,-0.8186897397928353,-1.1353853398640408,2.2586793434413064,-0.007854204716336702,1.2782840649975022,-76.85951004102358,-0.32789375157971706,0.0012065622425919834,0.07720829203310708,0.014329018373649305,-4.154145339360295,0.3147211304171763,-0.053030777509866234,18.01127406141617,-0.8352459037674359,0.007868801197585294,-0.08366772541323614,0.41871045951693786,-0.5394342832641403,-2.210434627365891,,,-11.980021781127727,1.460297490229488,0.6502770280630796,-1.0567356979488578,0.22816115920193705,-2.3206007286529906,-2.4201422913975743,-1.6396307038883409
2023-06-30,-0.03765801367938432,-1.0632888846929582,-0.08515335620489577,0.19484992513755445,-1.111190820318273,-0.3586855584265423,-0.22500343712259513,0.042928435345380475,-1.0699355594181583,0.8686341266693648,-0.09391542979270774,0.1681510770668084,0.30583778517530513,0.4610604900307908,0.05679775541611193,-0.36889730397591824,-1.1413284037649158,-0.013266019977678364,-0.18125826122732752,-0.2724229305876544,-0.21322024447034416,-0.018350745011064686,-1.0439122989855096,0.2353314784038866,0.7165814846636634,-0.0004275097465297143,0.21420400332122605,-0.03218856998493226,0.1372394408939583,-0.8119578713961428,,,1.313182158054789,0.5436522746497188,2.4423233558320554,0.10839393867933399,0.06726254592640822,0.21255449633709905,-0.7588556422237052,-3.4338340072956086
2023-07-07,2.136194886334896,-0.4180810339158728,-0.3630672406400095,0.026229724622558973,-0.07581062825330374,0.23873947612011415,-0.25182851952476304,-0.23326513623050527,0.19574417120701368,0.13206671066434578,-1.1377220593039625,-1.0354496779559865,-0.06514071131014167,-1.9901692728307798,0.5204716466113483,-0.014023708272348348,-1.3483554638427626,-0.21161837047124188,0.02896837228440314,-0.8723786496523811,-2.959990075215039,-0.002208856884940188,-0.016728141638264183,-1.4389488733818236,-0.016535298680827572,-0.012440352134524362,-0.1819027209819861,0.8583691282442578,0.4135245906810693,-2.7758100267906247,,,-1.378652309821343,-1.3821721708430785,0.43189964542082443,-0.36510149276217285,0.3354536514174906,-5.062179987173891,-3.192719650241068,-0.04002159346676
2023-07-14,0.39870631314511573,0.06800922988376676,-0.2919622552440329,-0.13167805393376786,-0.27138938320218803,0.5763396210743781,-4.1572240005891326,1.485096049368237,-0.11225219517516889,-1.9030410538271678,-2.912151060165231,-3.5728715542277345,-0.33317392276883284,-0.4172497748617388,0.16431423179126578,0.2152907109949099,0.023626187755500617,0.0011056389670932396,-0.017640042460825917,-0.6635283730898834,8.93451925594429,0.14769654413881814,-2.360263203598593,1.8106214672731593,-1.714858514458913,-0.015545030974602542,0.03126854453391969,1.1153961547541729,0.34825180553679796,5.688126210127566,,,-1.3555032283614672,2.3549056737536977,-0.1070429086449373,-0.31828700841015634,-1.2253357641027514,-0.9053790835508635,-1.1739128248091066,0.739151022993732
2023-07-21,0.5311549374708585,0.33862011393832814,0.04537302027070429,0.14834947957216582,1.0393368397253417,1.1057452606485638,-1.2276673107896476,-1.7036589424733877,10.29197078117557,5.696459438193888,-3.804368005833227,-0.569915815410628,1.6190717576410192,0.11589476548243947,-1.3009768489689868,0.08539218225869136,3.0117543660363086,0.08792801525728258,-3.0845234250624385,-0.13449197743305125,9.710310399924534,0.4683620481509901,-0.014549494980123673,-1.3818198779578015,0.04888626683806396,-0.00025627551489392224,0.012723348821853433,-0.8426671727431022,0.006842345823729661,1.3472651009013046,,,0.5434388448502934,-4.268553443033534,0.4286126132478787,0.05506845675048639,0.008577623235257757,-4.657472447160309,1.8755747858027656,1.3759118951808595
2023-07-28,-2.1630851847550523,-0.4684850097701278,-0.07731841987168238,-0.8656101712695553,-0.527378254062726,-1.2429989737925051,1.7258504978286457,2.5776812583251445,-1.3788422936484086,4.589515922120774,1.1089115511223926,-1.5436854678833336,-0.30756124179098326,0.05350379445075236,-0.31892060896594787,0.4780839673030057,0.19328301489176236,-0.6075907307519209,0.10887284078071184,0.01891744696561378,-0.6815088508698923,0.3920512682798536,0.43498581259344216,0.1795252044184569,-2.6203836303314856,0.35824045546553707,-0.1758295910637069,-0.9391215558988485,0.17307463141642565,2.802498192770354,,,4.238927658528253,0.7191678995377357,0.4990539654943094,0.32714642246739006,0.3016375763237609,0.5579170297424831,0.5125718588361607,1.024058832946244
2023-08-04,-0.3759041636289799,1.3669454296327532,-0.0015902308759350899,0.10661211358030805,-6.202978910321752,-0.5202724210497213,-0.5514554878412613,-0.8594686073601618,-1.3073681528102987,-0.0013625917724414752,-0.9776335539149901,-5.8541359126515164,0.14448470097959887,-0.06051489332976488,-0.1235545043846262,0.6267100737706758,-0.5878512444569596,0.14418342438771947,0.10567661252888128,-4.756643081252203,-1.675178229863904,0.43521564986883876,-0.00874973739672677,0.004154319720891555,-1.9170354945617376,-0.2761532017533268,-0.016822480660144697,-1.2273307669055717,1.441692593033382,0.42987488293927506,,,-4.531657248498192,1.240258202644074,-0.7033770261656556,0.7384540730996743,0.014975376586373806,0.5951111092703165,-0.8350673470527459,-0.20556462802852618
2023-08-11,2.020379352469678,-1.3836354002479985,-0.10769200082740128,1.192127463703187,-2.268102941376468,0.18189298153765726,0.03670543752505853,-0.003512556524606643,-1.9162984845368398,-2.7726519664397338,0.10631716973785907,0.036340909475982834,-0.8416403368981532,-0.4039229657102695,-0.7815010426592833,-1.5023119955169941,0.6051088677032788,-0.9052997386172548,0.9322220935829331,-0.12716060052429082,3.094942555723399,4.540613162448978,-0.18959486036829817,-0.47297972733886395,-0.16386626320016548,-0.20778734087112707,-0.10234334392752756,2.332497185908497,-0.24546354826229227,-0.046539142370317976,,,1.4381575278860559,-0.239294146976947,0.21978930886988468,2.85741032773023,0.004337059186298191,-1.7526415130181712,-0.9429794713705537,-0.19741745710621203
2023-08-18,0.7279458358621465,-0.6343459226486682,-0.3951243709848117,-8.32142205351023,0.5001107912903946,0.06428875398634573,1.7115539577668413,-0.13122944455091023,-2.740407928160228,-0.7272732174389321,29.46800300025392,-5.415814850025212,0.034113788830729457,-0.2208565189575385,0.006009942485390366,-0.022092373819374733,0.3413113635702091,-0.061169756212940164,0.16567820755367063,1.6567969306841932,1.8367167456566666,0.33221136066634094,1.9781381779781595,2.1172738989939313,-1.066449584935565,0.007025818291974831,-1.3422009808442366,2.2398157483808676,0.6762967952445861,-0.1301276465831058,,,3.9897865457043187,0.7042620845821165,-1.2916829219210828,0.9626452073330191,-0.5503935220716452,4.099565999803158,0.3229382622038138,0.37514248407853346
2023-08-25,3.717845458754637,-0.030972594164111612,0.05400601737449123,-0.11114478595787548,0.5386250926253218,0.18667828792407687,0.37709271160962116,-1.8279333850657753,-3.9555730760405314,-1.4821800921745263,-0.4519800155272129,0.8978010459979834,-0.071932893930064,0.4253767056330158,0.9468557328844611,-0.007412628701031327,0.21258263353593873,-0.010231210336225864,0.17386414082061977,-2.2142391418168774,3.1641912196379485,0.08417791217927585,-0.005548596914880709,0.07050967219338572,-0.986932550298212,0.4293726832563331,0.0976411363468749,1.3751538980735873,-0.6976713489092867,-0.36429463135050943,,,3.2176672718133688,-1.2989489248526966,0.08618850154873905,-0.047348875130301935,-0.7521944039671185,-1.3733596003149755,-0.6320146397293767,5.209973843536273
2023-09-01,-2.816722740257213,0.07213817757776758,-0.6151927117230181,0.7691354976999139,-0.3606786095231155,0.006326021800100629,0.12394702903408154,1.3605913975456583,-0.20790151155453515,1.956022214230202,0.31705665762045393,1.0425151778348134,0.5414943655407376,0.26049457830962686,-2.4858974031525642,0.025162160191945497,0.02555974450085091,-0.8493132461467615,0.4857716911432237,-1.0447881452070977,-2.5149113101952354,0.21509204358561387,-0.027143404554144462,-0.43813124108920337,-0.1375939275921588,-0.00030995763216533416,0.17488761794809432,-11.810205537004101,5.9780353797155135,0.5643683286507288,,,3.449799728365961,0.738570821552197,1.6970215938958209,1.9939859068902424,-0.04426741559706557,-0.43141336830294535,-0.9353428401862681,-0.03686308392694426
2023-09-08,0.40373695983074326,-0.05880453187571712,-2.6536835067519933,-0.6690136859453595,-0.572008138116376,0.005302403350307072,-0.07295481163805573,2.590320088937968,-9.46486721178628,0.41161426898516773,-0.12579218915779883,-0.4990648931021286,-0.13892937330695035,-0.6043114420375283,0.15499503559381267,-0.10120867759295414,-0.344334926241704,-0.05021628974448601,1.3714248683954031,0.8168458769572733,1.1787698506515965,0.9887157428228086,-0.005390645257035318,1.719705419954077,-0.6314146446051736,0.005518334630989753,-0.6827362669669153,-2.071164520273433,0.11007398856329713,0.19276863333789707,,,1.9576865277701214,0.04711784515901823,0.56831057599151,0.4127627101967929,-0.07476062359278823,-0.5160768679347308,1.9409408996055901,0.13211024911059016
2023-09-15,-1.4923328179097883,0.3260336302378522,0.05393382704815576,0.06663350753751399,-0.18606033172795536,-1.6702371554091915,0.4349868920031824,0.7370451557207559,0.3413564519504041,0.8031425029961549,0.38463152225933656,-0.47782815824696506,-0.019068143505089553,1.4647499098935106,-10.34092564112909,-0.23023150021516633,0.35757340398679743,0.4093110581763055,0.5396954441073792,-1.9577674670341452,0.25381108857067664,-0.07486705242275855,1.607931890056428,-0.454774234397257,6.904305453623907,-0.00021380265699920124,0.022355222274079736,1.011551860115938,-0.044685202904836685,1.1451056623976605,,,3.8078395138558734,-10.226452625707227,0.025553370782875152,-0.7702207324789418,0.08120120317957133,-1.3215619075612817,2.498935825517777,-0.060356272460981714
2023-09-22,-0.6260714475516818,-0.3310643606606677,-0.04588004242062838,-0.060377244820621026,0.1452193996925374,-1.7881759208354002,-0.03211768121227296,-0.583711414209263,0.07423510844384111,0.6706810659377831,0.3070346900717449,0.22234286903498646,0.07939659204816757,-0.26081448876283037,5.912293361081424,0.47430661671140206,0.594918141111727,3.0984450315855026,0.34446330653485957,-1.351250235925768,6.977984666719294,-0.6263176354455142,-1.1447912578275232,4.897375884736681,-0.02527104958995687,-0.0341134872215615,-2.5364698711722355,1.8312683588940093,-0.48935231846889443,1.012244555590918,-0.001092764900232539,,-0.3310967673209824,-1.2882366688490767,0.002666870140492031,3.1942681510156326,-0.004493250101636854,-1.309483539580446,-0.6958744950428079,0.02795884050469218
2023-09-30,-0.5807524998121383,-0.08825271782785432,0.029629634334394347,0.6463258717391073,0.5776081280782374,-4.589033702384865,0.5487713144194049,-3.141088549522618,-0.5220132667507996,-0.3998897973269951,0.05420464450662541,-0.5828778710982784,-0.07054462461331254,0.2260613353519328,0.020543032517086494,-0.05878752880327758,0.900100213994409,-0.08560217002401678,-0.04238505779960504,1.3028220651581561,1.6986890348599148,0.5879556601594261,-0.13945425710502923,-0.23972435486579313,1.6537036308736952,-0.02952332532935666,-0.06677812541983942,12.24677918874558,0.24702324558892236,-0.641012648542783,-0.010167980320458568,,1.9216738392662545,2.3603250329588032,-2.2591526315458044,0.7690229985068505,0.011813972312422136,0.4445466144820468,0.6128935379919013,3.419986635628728
2023-10-13,0.29826453205119785,0.06077824622804656,-0.020222274929149034,-0.45094495960135195,-2.8329004903316553,0.06593914273395399,0.08849304953745873,0.08895548247412566,1.973293445314604,0.27938636820259793,-0.5602337784086044,0.04456215906784231,-0.7837562638186818,-0.8453662071079429,0.18044917882489045,-0.07562960554679803,0.3087454575170861,1.4628699608572633,-0.8925464301250001,-1.2569690326983975,-2.8739131104010407,0.024741348424510923,-2.0757644304798353,-0.5530083542945994,0.01651369610604035,-0.11756829834529342,-0.2859614516111388,3.443915880286306,-0.2550484293909046,0.8299309382564491,-0.000441085036886877,,0.5610471284060479,-0.9299072855539332,-0.21446635303882952,0.01930722383021248,0.08118163404980627,-0.6034417736106599,-4.62619371879878,-0.32617191811069396
2023-10-20,-0.4675409632461569,-0.09707535146619731,-3.1238420589066593,0.012763334287046459,-0.07518569491189238,-0.22238818312497807,0.5820333735482983,0.1251052311244364,-0.296562386328692,-0.07174816516564794,0.9777700331390387,-0.6011854920848764,-0.5185644845121212,0.18439918035757175,-1.3058280036490704,0.1673908504207857,-0.006134135453186085,-0.18588701579635497,4.077553517524646,-0.2948283935661422,3.5219425139584657,-3.867440881210256,-0.31693367267738964,-2.5703305717825122,-1.9108614021328005,-0.0772787991367429,-0.5334003049291841,1.160067737239056,-1.9488284836178162,1.1490217443743367,0.12659698367014624,,-2.6904858079687424,0.14029398966621784,-0.9978042171971655,3.0499515350423336,-3.2150953184921964,-0.40496925997621014,-0.3614312726142368,-4.544433074705204
2023-10-27,0.3755358662273223,0.561189822440872,-0.014225809699774938,0.6013624818488481,4.558789479497271,-0.08555873708648692,-2.394144972742332,2.9964772285171075,-4.033732165250241,-3.63319872578496,-0.7449292678453195,0.28626942002496303,-0.20869610496186392,-0.06322715191667982,-2.9183973353803894,-0.11288661658966176,0.06593495664330912,0.0004640970561246913,0.0527819846037902,-2.4420505465749964,-0.5390195698472935,-1.80248944559703,0.003864175185908577,-0.6725901345382773,6.719117585402722,0.00563783654081963,-0.2791768819346848,0.7103086885936853,0.7314279430258395,-0.9272958194386333,0.020468854334926876,,0.058539449889345285,-1.049865313553021,-0.19610156266700313,-0.1432293249245538,0.06280453758008245,1.5442596048819424,2.3536735908540374,0.010716859115325689
2023-11-03,-0.08624269089377448,-0.00790688146595744,-0.15453735481058398,-0.10531090954409573,-1.4757847489749518,1.2784196256682145,-0.19661015365528856,0.35926310255232796,-1.0760157066143223,1.6098682529176016,-0.47684959226754753,-1.9160465070178692,0.40403044909220465,-0.1426518619119248,0.4275748161541462,0.028130355820789803,0.03563269547383187,-0.04857637765738267,-0.009911824336726268,-2.2972526613754374,-2.354583911163857,0.04085282161677553,0.05468935884027046,-1.825581046486116,-5.050238432229909,-0.3239788429232351,-0.2147706950549221,0.4465789807930509,0.37617987040788065,-1.6378752727351251,-0.0001804631174442417,,8.199957404087996,0.3698009600893419,-2.217126612950682,-0.4541824795421086,0.04369950005299164,-1.9374356355625544,0.5297306442829297,-0.0242188394833572
2023-11-10,-2.1813454494984166,-0.26765473014883356,0.042353464504929196,-0.24819725662510947,-0.03872035160430921,0.07203387516682158,0.9025725654425002,-0.35674841805562435,-0.612701563744762,0.7528744781424056,-0.8707667275936963,-2.720421762774832,-0.13880032699536207,0.08549883690320645,0.2247653452263369,-0.2098413199663548,0.02960553524104071,-0.5186015741339448,0.02488722612488288,-0.52277427724542,-0.5867764692456416,-0.6108610512976959,-0.2941565812107293,0.30785730211823176,-0.32726603986334446,0.009094248490465723,-0.1403062995329998,0.9703536087212303,0.5604781536520005,-6.247493523413384,-0.0006336608537278536,,2.4425174791927233,-0.7211178977938684,0.407448530225998,0.6706001969585387,0.12949648392543042,2.422761610514766,-5.900419789007494,0.17271569440837858
2023-11-17,2.476036564688399,-0.000207551908089125,0.044589443081785904,0.09072193647317006,-2.0502513457156386,0.2805323444026928,-0.8032215419238342,-1.123412213236536,-3.527697429673702,3.668231635067985,0.21608526756311472,-0.8021579473622029,0.06255389452696361,0.07979525837281524,0.5280783621644666,-0.2887539789757637,0.10869895026084285,-0.1104323595579303,1.6640469023047826,0.04203273630267588,4.797601478794319,0.2944433420208765,-0.04512207535356363,0.009344747040684796,0.14668801503414775,0.14899515560644153,-2.308126864097754,0.34016888104976406,-0.9181380538399111,3.501209902307586,-0.151977175009666,,-2.2716791500888545,2.218022985810362,1.217403210356141,0.022729387047742175,-0.24993306265012122,1.5968120397832137,-1.9839772791490444,1.434601843375788
2023-11-24,-0.11330907477270435,0.42028663837317864,-1.3720461941432975,-0.4944116876391913,-1.5223435920737824,0.41646619075089075,-0.6648817325103294,0.07586648914073335,-0.9936188357832937,1.4178072254996688,-0.20781660805754054,-5.24115126177899,-0.03957760498545408,0.010803519228190017,0.05442135208334902,-0.06367160255943456,0.5473339522094983,-0.1420268984989889,0.043936930526399076,-0.057134950906884335,-0.6254686410726378,1.2791349067117976,-0.16101987241534643,5.189797538894061,-0.2878628516363436,-0.000923267160548082,0.23590219157724657,4.388683065597097,-2.0664455017142904,1.9524230802154532,-0.0003406214680621088,,2.6188132999659413,1.6945548941295008,0.34254150182737786,-0.038648873882912285,0.06861771268715496,0.4189750028306647,-0.5626861979898439,-0.42939315773478454
2023-12-01,-1.1298421868631072,-0.27723462951317535,-0.5770417147585228,0.0012059983949938152,-2.3403938819302175,-0.1113239323150009,-0.03662678213085545,1.9847149516893063,-1.4379827406126573,0.40325076096199425,0.28686530368944047,1.8847881062903644,-0.23916786806198262,0.016749184898821254,-0.246744329754441,2.6125463752483484,-0.23864583356831634,0.7650581885918201,1.716249146371753,-0.732111288682792,0.9264181333647831,1.7929984867326483,-0.7586580832334578,0.25323606711789326,-1.50846152255893,0.044742343778265324,0.31361076215472095,0.7763877034084365,0.007401163604505552,-0.790675720677501,-0.0011794675974710995,,7.571729539252539,0.82069436500969,-4.271783976735566,0.7302138000747072,0.022528447546174536,-0.12245415632839789,2.2510303646423973,2.2492825791533937
2023-12-08,1.0787262953965695,-0.49146004764772483,-0.19375519144938474,-0.0072461412631184,0.5890694673593273,-0.8727310407712597,-0.20020838829549165,-0.18983472832369094,0.41743492900179835,0.24549610028333346,0.20310867057594625,-1.0789035204270039,-0.056171623762643744,-0.7825216106552573,-0.2294674032011616,-0.15479213024519978,-0.2065373406200952,0.315968967003227,-0.3394234391412648,-1.0490065224979988,0.5583851372557885,0.6832364336404438,2.8693176332935724,-0.03682835142179037,0.3809143362170885,0.015398719163826617,-0.014425980883669452,3.5824520592560587,0.7294496049517796,0.6795824559236741,-0.013062521716895188,,7.710445626026074,0.6917224387547902,0.7996063064381882,-0.3319094828020633,-0.29729154611646075,0.18659851650529546,8.249105869750077,0.5054837099120609
2023-12-15,-2.64260703925725,0.03860954783020968,-0.10100393694918011,0.5169471110519438,0.19731263669321608,-0.3652247966762972,-0.32756346301889333,0.09304048181468864,0.4893001722913521,4.770693350036902,-0.13526171583795252,1.2854521466553632,-0.15216289859910448,-0.33731264087927443,0.49163090225145334,-0.04842764804959899,-1.1798294699506735,-0.8443477687587542,0.8185061818397917,-2.0976609572868385,-4.959133796672404,1.1175890845371954,0.024834034158204586,0.17813923399745307,0.6095495427096294,-0.10202978137202601,-0.11882506458420733,0.42883761075584903,0.7225930583610065,2.373229130828502,-0.0013920009629880955,,-6.986148658626534,1.4990215701771155,-0.47526110370337016,-0.06295362738652222,-0.012022283429081855,1.8515200072455857,-0.6378819754035864,-0.777727879071846
2023-12-22,0.9579067222364788,-0.525576811512938,-0.11801231047070795,-0.3953377620079003,-1.623348005672455,1.1198053017015706,-0.8546166779966031,-4.597389737039158,-1.2124484659633827,-0.3281779242356424,-0.09424280585611056,-1.3427945746983445,0.2596777015234372,-4.0222717940627595,0.9945356880045728,-0.8881474059484544,3.2342572658909505,-0.9681850147801151,0.23184734676245494,1.6166611585108703,1.4899387096663785,-15.557454313678537,-1.4005001531079526,-1.2703638712837915,0.1278699658817594,0.5235792353585615,0.34608782780099573,1.1995577623028388,0.25813234776898636,-1.772152159946204,0.03607731110397332,,0.5641663071115602,-0.6623270242702778,0.16188254886929299,0.13900117205444162,0.1867178414310613,-0.21905081889680916,-0.5296081068184145,0.13596669765310243
2023-12-31,-6.046297543735538,-0.03461169936798152,0.2275383815190828,-0.049769116130911215,0.27742922490372124,-0.15541269073967157,-1.1087216452141817,-0.3087910026687808,0.05238697305174909,0.30745231165289555,1.2333166892928755,1.5069339373967814,-0.6599314729546105,0.445852482684549,0.4109365772752299,-0.12333008905874018,-0.4012651207236635,0.904093221240431,0.0063993775986089,-2.6252095600203478,-1.310756290087733,0.4025252908983702,0.07544723906005568,0.7394047919369572,-1.7890812696439868,0.0691334979472646,-0.06908161925265723,3.583470020431549,0.6941888290993578,3.251435466234557,-0.0004427423948125016,,0.3271531284823581,0.9982954025292539,-0.4299366887838427,-0.4396432051723053,0.06305309099402884,-0.16986763116832107,0.6476827250376849,-4.389042308597468
2024-01-05,-0.42007740554147044,-0.17119751188901328,-0.22169056899701642,-1.1691391884320415,0.14127323427834088,1.1631694141031166,1.6584992434950439,-0.0332056429248869,-1.560370626851959,0.09736566753282455,-3.20165733864418,3.9391050329110593,-1.4302004856167643,0.5084886988085324,-2.118544083452159,0.06848691833034395,0.15472962070182458,-0.0970603938298857,3.0855077546558647,-0.27772686054234164,0.6374404957025672,0.48234108966197986,0.22907969614786472,1.5612624909956738,0.2397214390851632,-1.2287621194079466,0.1377352944721825,-0.5905269803193892,-3.5508170865608775,1.576423466305788,-0.07939154787883887,,4.586526551549056,1.317708262756021,-1.6993913957454498,0.13835277691912234,-0.34853415085560957,0.02897191770175958,-9.022019917959142,-1.3653165376553549
2024-01-12,-0.5875781199385066,-0.3097966820818496,0.1582880482661808,0.05554024805403875,-0.2309929963118389,0.6515838530799576,-0.6111525460979708,-0.8443461388478787,0.0022608813700827762,-2.1980682462056467,-0.5999040709066861,3.007123787827314,-0.00015277388202906755,-0.12388301603513002,0.3028895044319539,2.904230287689853,0.5832952140542357,0.7647448302530664,0.372781104709811,0.9342546931979822,-3.6336810531955943,2.3136922780897815,-2.199267782121809,0.17101442564691596,0.3552008007645857,1.342852514744604,1.2368110807218669,18.356038270936498,2.8128425056896402,-7.167332593516294,-0.00012097538664627129,-0.015959877722825103,-0.08285616257284187,0.8470922876867699,4.4878961872406835,2.4221432234347673,-0.010613011894067704,0.43542318657112844,0.8878683931414323,-0.26098394715261997
2024-01-19,0.5012555101979224,-0.10561138163604157,0.06071160178098631,-0.01776389177466124,-3.2947000168578264,2.088113110105395,-3.228737234506392,-0.5514294863109481,-1.592826711100282,-0.18954581453086644,-0.026391421551618412,0.8801194582247185,-1.4774975745311516,-0.03476517236789507,0.7718327168281076,2.623304443137555,0.13925705054098544,0.08152290556264337,0.06240559464464665,-1.9713680212004219,1.6705989812745752,-2.4424869310781303,0.06222503726303462,3.355048724847465,1.485350582411256,0.19167345307967917,-0.020856955807605188,1.7363601312059909,0.6352779015689866,2.946572093488444,-8.934080707633513e-05,0.0016144107395462805,2.0641784983188884,5.467194639731244,-0.017057215433479433,1.2973430468248046,0.09129054749831708,0.18171980136118754,1.238730345790988,-10.619623622620573
2024-01-26,-0.6642083309065061,-0.06562880347085195,0.801709135512721,0.0697039093729718,0.33599979932825697,1.1943073190852604,-0.01139521249649552,-0.4723483612709369,-0.8562177895807717,0.7967169520939767,-0.3955513473628981,1.6641941129213742,-2.5503568772639267,-0.07041018384704348,-0.20412784323018573,0.13376820015037794,1.179081249933804,1.0706934637941918,1.9616254361871834,2.4704274556732115,1.4630447682165137,-1.0058818186231129,0.170085297273651,-4.461903079769018,0.34411653226470695,0.06366119484365192,0.6672316642359131,0.8427216708699892,-0.23022895994055892,-4.820717245008666,-0.0027444196312077724,0.00027372825928840676,2.46881740102116,1.6851741754664333,-1.0583960632111207,5.910442056662462,-0.020000614067641222,0.19323546814141707,2.4895832063469534,0.3761625315689062
2024-02-02,-9.975322713468438,0.04367815279381486,-0.7616050883996541,-0.3963507640651169,-0.24564428024343532,0.24711522671349964,-4.158105810761159,1.345094889176509,4.463263829559233,-0.5741389190585294,-0.7952104177995787,-2.2548059563123664,-0.013928987432567399,-0.25673408274408,0.04689726926018983,-0.020285274646325065,0.35934628639936733,0.24740719009714246,0.6834804114102389,0.22477241659728442,3.343305563749428,0.7873006973581694,0.5271059362631805,0.18292738324333777,0.9885489229530469,0.35711447626091364,-2.6501852345312398,0.7816203145458086,-17.522388517039964,-4.807089044979666,0.033901617757905664,0.0006937120575583726,4.6172447671056265,-4.043150872960408,1.5814334168309605,1.023441566097521,0.0976263254572611,-1.4324751031230014,-1.1211016684440729,-8.918898849346172
2024-02-08,-1.162315103700529,-0.18333692273057742,-2.107759885281829,-0.05639472955342169,0.02833172545032996,0.7206224089819481,-1.0628189110436141,-0.2922785971126159,-0.7055563515823564,-0.027738823161929882,0.37568274655907885,-3.2421158166212325,-0.10551072154355604,0.7392635093006679,-7.383287226309827,0.013934496163667567,0.06575758306186853,0.0943493264045924,-0.5385206417025995,-0.4007510251792501,1.3118877265267974,0.41847595211821287,0.01233815719204601,2.7762011662425845,0.31458049509934183,0.0701423613332531,-0.06683654731396085,0.5939960534035096,-1.5602376882855353,0.7238865403863026,-0.00032058522438350046,-0.3537003360663094,-0.0004811260537830042,2.9976299209398096,-0.7454889630333089,0.40282880861900416,-0.29340677032692225,-0.09450976970970115,1.0350937208282656,-0.1809945937739287
2024-02-23,3.0329957475665488,-0.6130818562103557,0.9654819800860523,-0.3354887251518033,-1.0178428770476162,0.30038676480302934,-1.1158440329254673,-0.7557886617863855,-1.1941166135739485,0.23876233981542738,0.29350528820553967,-1.241151043270885,-1.2879566241031402,-0.012026072068719945,-0.41655367441548274,0.9018971576879458,0.22909539639802645,0.22801697968356915,0.2785225711121778,3.257228569819467,-1.046672726899106,-0.2765072795529035,0.251597435366963,-0.011512190701257193,-0.7028259337842286,-0.327778060797254,0.4052308880702209,-2.346714949460229,-1.5500859470757713,1.7334681678296535,0.007780148308323215,0.3753835141856841,-0.2606654929406349,6.326924293879767,-0.7061171657390923,0.534064193944139,0.009631500273341422,0.10228779127212474,0.9601782835846353,1.3330930214454861
2024-03-01,2.340268126844692,0.03306816159100815,-0.009090609092904744,0.5995316531108471,-0.1861131882507815,-0.02060520681441627,-0.2604242891736493,-0.1474097626869849,-2.7598357033945904,0.04459939508453171,1.0612909942492108,-5.465588384580654,-0.043611256031939105,-0.9260783886794214,0.29016748816801097,-0.004669172408364074,-0.8043312054646936,-0.3504845165939849,-0.19785325812272528,-0.28024794155194976,-0.8568395666876184,-0.11072745908368774,-0.039991501946615236,0.3679590616686326,6.002415728655606,-0.030124559172882308,0.3632922889845466,-2.075992033682551,0.11178130487566543,-2.0951400031338565,-7.421609527512595e-05,-0.006149071635904747,-1.220378137367517,-2.9530783799884315,1.9964010103646315,0.5388090716993649,-0.2747184864588204,0.2930945674609726,-0.9859462865013581,-5.054757462020409
2024-03-08,4.7228345084955325,-0.05285113201492702,0.003889619561506623,0.13148352841540295,-1.453638165591095,0.6057510834913322,-0.3000189418632665,0.019230757911427532,0.39568428243361015,0.08789797883409606,3.151616662783875,-0.764857280854812,0.06868770042372112,0.30833773751008453,0.3376029351735238,0.16438449652889578,-0.0813959764463483,-0.07503884573572195,-0.12984285803636256,-3.036282735909769,0.2669151118327849,-0.2645443766721519,0.007976949744029996,-0.017203781464385535,0.129569947324239,0.1324544816267566,0.24043017461264007,2.2644531756147535,-0.527149724842185,0.5689041377842797,-1.0046594933756773e-05,-0.028455816310625204,-1.1559019278602745,1.5431553448103181,0.8301120520182546,-0.13360422303559852,0.4163094865962565,0.8784873158073987,-1.2457967987897396,-0.3791059256153629
2024-03-15,0.1218863420677312,-0.08315205006059523,-0.07359740783073165,-0.06047983338524459,-0.5647909821501194,1.7608643509710256,-0.4259404548868412,-1.3826118669693144,4.087698872392999,-0.3061248160906193,-0.68728372566111,-0.35953713704125956,0.1522514953091024,1.5949237573308903,0.37674079023153334,0.10069312000424027,-1.287266382271512,-0.5281073314055308,-0.10547533016157354,8.092382216095846,2.7384932995236233,-0.074630140311478,-0.6681925726830872,-2.4208932806032055,0.00962889580187508,-0.07242505290764333,0.02363909826586545,4.316610428745672,43.352026947181194,4.623780373251061,0.009843018516920906,0.0003131971479831786,1.5348348012971853,0.18416604988526813,0.15043529096768637,0.702200062180588,0.31651603306485554,1.11048622422871,1.5067677792460334,-0.18143007670266734
2024-03-22,1.2623380411916283,-1.1481905606162661,-1.1247889699129845,0.3198209838372332,0.16038070860328746,0.3530143922306684,-0.14878668415365257,-1.8643333876766428,0.4954565632594353,1.0703524709813386,-2.4845533737760253,-0.010830114362410395,-0.033738641663887695,1.8714398496599587,1.2822014820635754,0.11205204253106846,-0.432423506837321,0.090973579160979,-0.0625740040986543,0.14169438465187748,4.5941855488287775,-0.14779805754612252,0.02282559240401341,-0.19199610940722048,-0.4267077235153373,-0.005440564789265384,-0.21747203322943373,6.612550556041223,0.4764900077254832,2.2101328338872026,0.01624629055062891,-0.038289979948356784,2.6543832998804198,2.1102860002996895,0.1937305259277285,2.981495027660914,-0.004999854823282392,-5.782558909937778,-3.6977694251680346,1.0468135674616008
2024-03-31,0.15995899146183548,-0.011312068169320259,0.032184996143080215,-0.06502494845700452,-0.5112284991430981,-0.20702661633828728,1.7074449676611627,-1.760367168399578,-3.934987465618808,0.29021280282716255,0.5970899013140828,0.012133780366032878,0.0003871834213179867,-0.08555147859757345,-0.05792493816794532,0.040199868864840144,2.1553049509638895,-1.254652440218396,0.6559012018595646,0.06016262053960894,-0.4841559527523064,-0.968786949498541,0.2672300683491785,0.071137950337952,0.019542468529528758,-0.5372616648798807,-0.02622442631144871,2.3749956380067996,0.16836024379505954,-1.0559600613023037,-0.05301415858606679,-0.009786200772974832,4.749536738135924,0.7654020217561784,0.9575057149002049,1.589940264072327,0.006173061657246515,0.13437645058068895,2.3350992190034234,-1.4529737330723125
2024-04-03,-1.3217897922262916,0.0743352295961023,-0.23845936095622972,-1.1019636270425124,-1.5527065095348642,-1.8135005039961998,-0.7351588620941893,0.33642422382463705,3.388587715376577,-0.1914403468175347,0.9930210147153228,-0.8151248947000329,-1.5167144709294305,-0.5248472658595983,0.17353823652000427,0.19693661483929975,-0.7451563243192967,0.21952913452341083,0.1624171900408621,-6.392733552436261,3.315858306333737,-0.22867987788410477,0.003255403698513794,-3.6885459151121807,-0.058326982915938984,0.4666286512089868,2.2917162614669646,-0.5597383110165357,-0.32136554607079476,1.966737480792673,0.06896302432199099,-0.2284415751091948,1.2052550728859064,-0.07569012496747507,0.33356307964983756,-0.49223518315909515,0.04130295880696419,0.7217420495476253,1.9725713722850517,-0.007317887220941382
2024-04-12,-0.22716172086287856,-0.12292166527842328,-1.0758373059273192,-0.14343130886252528,0.5681242174765632,-1.2489573019047282,0.17178528854213101,0.9580524136216372,-0.13573505152419046,0.045836925993148606,-1.902974623098297,0.3638306810629208,5.609507346071104,-0.1872701527446434,-0.015961516374851867,0.07988334807370732,0.7617004976938767,0.0010373824689128286,-0.06114108367708572,-0.716191587274653,1.6281941445732437,0.21156150274348595,-0.00322443279941987,-1.658965200979745,-0.14779351360583934,0.0058575352581363045,0.5595217158302239,1.8890920491975618,0.18518916805568328,-0.4723636810733513,-0.003853658086008516,0.06505028892762933,2.7658660980974576,-1.3052200547276456,-0.7381057441586867,-0.13798712145683517,0.010386243166973844,0.7047420091226386,3.4143987963682894,-3.192199808810617
2024-04-19,-0.36074847088547185,-0.13918700317563742,-0.46116264903215387,0.463383889193605,0.39437491879170833,0.510077612748664,-1.6641890699453812,0.8752457359677053,-0.31600027372596007,1.9602981812445381,0.8901550537401389,1.5879377595744129,0.3606672610756927,0.005388209998852672,-0.7906008090354121,0.007908659925242619,2.141790794242737,0.5702745185656312,0.019323121729948045,2.83567733504118,-2.235604861328144,-0.2943928535150818,0.08279190540327001,0.8617871836929203,-0.5903430442609483,0.21474721428330631,0.31974618649745973,-0.06595766897683118,4.97691544783023,3.7117435311428864,0.06568917910056492,0.008551622291281718,5.957948331327532,-4.107301284479667,-0.11185732885164758,-0.2707641527605545,0.26039905056926127,-0.3555256850796052,-1.1605092189000286,0.13692523662458422
2024-04-26,3.0077042994193808,-0.012828183047586704,0.11820899082524321,1.7022589117046831,5.789867732722681,0.21074655666811887,-2.91891480984884,0.050510496049083004,-0.8509125404067541,0.7549102261762917,-0.061885532922986715,-0.3181203813549585,-0.08039814370516156,0.9866960535099449,0.02907218235147916,0.059841082661251065,1.9220078500183366,0.2821881570041463,-0.24351128863234467,0.0774386777021022,11.79764885836385,0.4912453734534844,-0.8330453262870771,4.834689277306536,-0.040296504075262224,0.10413428516622836,-0.06313794808033851,0.270149901353076,2.93830486960097,-0.2111442499051781,0.08168722668188991,-0.08014468308809736,-4.295039797727645,-4.131795068959951,-1.6053337898188427,0.3459629029333854,0.5450210996069106,2.4410083761438464,-4.9870856211770365,4.342978656483121
2024-04-30,6.587710444787268,-0.09367326890665197,0.008817970354906092,-0.6082401835977904,-0.06923458589154077,0.25780588548705263,-20.63411667480439,-1.4396030065646406,0.603628326221483,0.013613886943127953,0.121559549961362,-0.28119515091107045,0.45232808246498724,-0.6886556528310133,-0.008108259623109085,0.06269928867458845,0.6200392003216564,0.2604213035574076,0.6408086737636596,0.09845759751865843,0.24456871232504204,-1.224220727193715,-0.02601367711737404,-0.6557821307556314,0.9028286767652509,-0.0785569209401087,0.01376116984413193,3.6163387740858117,-0.7514888907112544,4.204715700290385,0.8202446412336983,0.00013552068554973314,2.3565063765573258,-1.3011139443373185,-0.5678217350319893,0.4512909206559361,-0.15050483745037074,-0.20033827051220934,4.805819538649476,-1.870760785725638
2024-05-10,-4.038737882722588,-0.001627284414278781,0.08178090690222067,-0.3263809998492693,1.3439512082190672,0.23894058387767553,-0.08148598393329944,-2.5542346527909596,0.6247473326261239,0.3411720153992989,0.39973094614943017,-0.20597451545370132,-0.126528377753928,2.643336694038319,-2.264042288965465,0.17398545548522948,0.4490104147346734,-0.034029719222455186,0.7855364225971437,-0.9434338018882776,1.3269964450838925,-1.0585966233794737,0.11323608235265054,-2.570366736930713,1.5437976791108967,0.15612537705780893,0.16941183822271738,-2.4687902053630912,1.1762012466659884,-0.3163108343067993,-0.000659742037099292,0.00012686029996093612,-1.0424455090561588,5.2744836470751215,-1.1127990642249612,1.1911631882414802,0.0005544097904952444,-0.43356776485046533,8.737142330361737,-3.6547902649223993
2024-05-17,-3.6654990064758186,-0.04233127295562993,1.4663008958345771,-0.04244480663141393,-0.29612364679771963,-0.12339434129699137,-1.2724849737319137,-1.9424644130897788,0.6570543435364627,0.20219694168183378,0.5832004283553762,-0.5122100576568686,0.10193901270062379,1.7269033371015006,0.21952119515089444,0.4311761180150377,1.6665716861811128,0.039853674413437915,-0.20346617775578804,-3.035368833037197,3.6999254941708863,-1.1293676883264945,-0.120410365775881,1.7977438328202064,-0.19636296378119678,-0.13186321138436805,-0.07862700119217463,1.1192969738800769,0.3066317302649372,-2.594850779882864,-0.08340023081558909,-0.08526088258259275,1.7807993473788186,-0.0030546422365335885,-1.2210642376931917,0.8192640403360165,-0.06975000685502401,-0.30369547293425475,6.496487899886134,0.2707260404054468
2024-05-24,1.2478113711363696,-0.001298803901512971,0.03471531884234338,0.015436874997806504,-0.2284423573989509,0.2638812486360099,1.7150903220958473,0.1345052672201578,0.43867696051651517,0.6401147249999706,0.19173448969018708,-0.40505663521260327,-0.000984425581798269,-0.0234067929608794,1.033725160059461,0.12279662968022959,-0.030005865633268514,-0.7067040026286129,-0.10107135199825462,0.26121966019687726,10.883003204234692,-1.0418228539621288,-0.040126014103892965,-1.7772373713664387,-0.04416289730591087,0.014502121105211634,-0.0485052427303261,1.298417358011151,0.09570582243036817,0.21138230180474574,-0.08668514881474884,0.04886034694216894,2.0159048352081674,0.7856762753688357,-0.4980362517400151,0.042045491858893905,0.06513129652621061,-0.522221523696434,0.4715943061159793,0.07560525914220824
2024-05-31,-0.7046265860283932,0.013928976359628323,0.982763908868156,-2.0890415440177823,-0.534298438452235,1.7644749892759528,-0.49361212278665034,5.781541023555521,-3.0558241548043963,-0.6125209209217656,-1.5108182160249426,-0.5676638663199021,-0.08778803088913112,0.07470921596687657,0.07345484857813543,-0.014237097670892016,0.3928759779701898,1.0333097007519048,0.7201227151897353,-0.4677459805832744,1.4396936599956698,0.6728665763320624,0.10149661128559605,1.6350364773787727,2.9435794166469527,0.03813424537833823,0.2601866882069104,-0.9060298045008603,0.22346348897342788,2.948018873778956,0.07368459299610594,-0.11756477218953254,3.814347345321571,-2.78395045365858,0.14624821291753756,0.6866268941317848,-0.17731323899125964,-0.5757579553591545,0.8661982992135392,0.7266148432724496
2024-06-07,-0.5121817586116277,-0.20141265251685878,0.09783009147841905,-0.5529445211378986,-0.3173931262899171,2.3518149141126092,0.22490500146590642,-0.23372925636976782,-5.416757101633407,8.905046618803512,1.3626332751291212,2.2957892129352007,-0.6529818939791021,0.18480088692530827,0.11589870987383534,0.053272319944908414,-1.6418898303137444,-0.15460871059618397,0.492671491665741,-0.38499246442253143,2.6460985140623907,-0.09129081223083663,0.0756508553631564,-0.6818055094448803,0.37117000051024174,-0.15694718154326284,-0.043982889309595215,3.004328138568583,1.249495403528454,4.640846794911005,-0.18679697500806317,-0.06916149545560048,0.4522752643478259,-0.7358604621761871,-0.05072774943400915,-2.256294974216994,0.06768808944336688,0.22917442875789307,1.4025861601409226,-0.02077508290630494
2024-06-14,3.764024169457729,0.3277583912581945,0.27005587630676,-0.04081541425113508,-0.8822645830222167,-0.18960139820202826,0.1244140237620723,-0.2345705126569421,-1.2855070960712012,0.3378635767786828,0.16023391780780163,-1.769207891087679,-0.11501507097666361,0.0014080876207737496,0.660905450731309,0.006417662275476854,-0.7905492249016016,1.3931465502337659,0.4653689291799614,-0.32231838524657497,3.960528163352428,-2.8277984245730985,-0.5430496332307377,4.146382056100739,-4.4884883665016115,0.0015496689157400037,-0.07757387857077522,0.7746431227452414,0.443077109754428,1.2150152122693123,-0.18009076756713246,0.0027079635199237597,-3.28274328482789,2.631886435703544,-0.48138449274390904,-0.8549323266330868,0.1762170248705901,1.312886606451172,1.8900804617023823,0.11934435988531966
2024-06-21,1.7687160932539108,0.01884990429250925,0.0171934206033856,-0.03597554025629403,0.6355311180977085,-4.3876897932764365,-0.04077965834906837,-1.1504648234904753,0.05081179348041407,0.12647991215118992,1.7838190500803341,-1.308264965008957,0.05350345123755044,0.06720774771834656,0.5451188831451996,0.45512788080850963,-1.9900493763310607,1.002296066560735,-0.04618410364229061,-0.46600631653078806,0.849026437897388,0.8524959405900587,-0.15029047977581333,-2.3426745965997817,-8.786645500638729,0.34685688938143305,0.5186319875053016,-3.720923353042264,-0.5059754029044157,-0.538594700431921,0.001622107811635803,0.021194132154429782,-25.371131982926507,-0.5912750268268898,-3.813516605238418,0.43077133359237996,0.24522668607029655,-1.035137517413152,-0.24181986662956728,1.1583946056882735
2024-06-30,-1.8798188496969366,0.11983151490537294,-0.023742495851873584,0.09148388057869947,-0.42848517157719335,-0.685089585811266,-0.11542987361290309,-1.1015783119541487,-5.882180797451183,0.11636688404102996,-0.018666394707776125,0.5021444810065471,-1.3381865469387544,-0.35537712163846574,0.07115348785193491,-0.09035062352940705,-0.38415736280456114,0.627951691791336,0.13760128469472557,2.4782349020466774,2.094638005938733,-0.03099986714574953,-0.19924376635292695,-0.4769464891291872,0.6116702979163702,-1.2144864952981895,0.17264761128464798,-1.3006529579312947,-1.0445435967790178,1.5109420872448196,-0.001714853276338985,8.826129407077842e-05,5.7251957231695245,0.3620119315653331,6.692772671750121,3.892675042580839,-1.9153547603712133,0.3857373671051726,7.144632554987082,0.6793654647149556
2024-07-05,-0.7665088039306357,0.003340141764598247,0.04038807937417195,-0.25498511911865795,-3.794454068061716,1.0557973195490775,0.03379451857830961,-0.7039091449160333,-0.8102217879496771,-40.11411020235054,0.228624328095546,-2.908846047695603,-0.9333201416124948,-0.028850032462163805,0.19458247471587295,0.5116231061759635,-0.10035010606798157,0.10513440713320307,0.03701184571920679,-1.131305766027232,-4.760467053502013,-0.4957519966107332,0.03490634192444886,-0.1389530540866431,2.808758973924494,-0.07868389550813715,0.2970331433292122,-1.830066040144381,-0.45039914047115426,0.33473255539895963,0.03287834929208694,0.0021214850491761083,0.1839841500030064,3.014793297094273,0.04597793746146797,-0.28959293501550143,-0.10025968645989151,0.41457210352772944,-0.49047070631794615,0.9404446179368231
2024-07-12,0.08514434986048099,-0.017065776519122763,0.004672670872633847,-0.02879590189707788,-0.23891129385727425,0.7149804570593697,14.02409517590192,-0.8189160419657251,-2.097209733771824,-0.2869475978348309,0.13524876957261528,1.3254449326264524,0.13894532387650319,-1.4734330336689048,-0.7139671839590049,0.1923094002157449,-3.4256260397350613,0.4605302176531305,0.05814884293199961,0.42446397399927266,2.410194324549415,0.2685572721988889,0.005335512014368465,2.102328817289298,-1.1205571240156817,-0.15808091599430518,-0.6401535068111782,4.514798526086325,0.015828360282585142,0.9154547001902597,-0.0016614040790489115,-0.04868177006766706,-2.3673948921931274,-1.3828232285846125,0.12522762754033,-3.4969535206657927,0.011298819392725578,0.06907576915098777,1.7505663856601281,3.517109709308191
2024-07-19,-1.2334998106868895,-0.37724735768951806,0.01709435113947651,0.22300805710096017,-0.01113496550154905,-0.6361519162685183,1.5630249263383762,-1.1472093019788665,-2.6663695694898726,-1.2178990579946862,6.582936443014328,1.4039579277080199,1.7314463118960461,-0.616130790964123,1.6419383404612882,0.15144317354565776,-0.3631183039510407,6.404169103757023,-0.06319375592074669,-0.9935868578705442,5.457415765436036,0.042897356646750706,-0.5171059685264338,0.24866778420734723,-0.7205447175671994,-0.0330394348308831,-0.05853324798591482,1.1291955895578816,0.01587697000118974,-3.682246456771306,-0.05373204532439063,0.00016757449644990582,0.5211356013092742,-0.3449626907331526,-6.3272895564557885,-0.08047577394441638,0.041992552146831424,-5.670965816658668,14.098789662440769,0.11375821278562238
2024-07-26,4.029199638817644,-0.9401824222500609,0.03049728278311986,-0.2553025452377643,-0.13167087521499057,-0.6115474513997147,-1.5170537081389128,-0.7674192231248245,-1.0847588359883018,0.5318330354839005,-0.16394147784807694,-0.09741952979768678,0.008885697454822856,-0.10785749210268511,0.5621491572702761,0.0028746519306032236,0.6912510316777982,-0.49947349948639064,-1.081720120058856,-0.5823655261262002,1.88450821251043,-0.1527773564735824,-2.766477266473645,0.16139557705009502,2.775668594477143,0.02269790219456929,-0.36570181823484427,2.1146688500405606,0.7579462249934541,5.689740705332467,0.0542471477610484,-0.017230172633431108,8.238635569712157,-2.967313363266657,1.9621303534680008,0.27851376624724467,0.03418754515147252,-0.2061076363868878,4.181167603518672,1.174876747076301
2024-08-02,0.3659630191419035,-0.029326493957879344,-0.08504233016956488,-0.8024775232363797,0.1368710524602087,-0.0992795224200598,-0.2142116924421993,-0.3585930258175397,-0.9329830053398175,-0.3825472365202082,0.7073738101015352,-0.36200964429503746,0.1295871517947246,-0.00932264430910144,-0.11834965708859975,-0.1804558806568184,-0.10367970986220199,0.10878630401619871,0.23809483850817004,-4.396970451069885,0.42577662499782276,-1.1633596003296374,1.218097883553408,-0.2995321793008499,3.4258289513042754,-0.38912185889255274,-0.12831946524019686,0.3348900378378008,0.7201056248022945,0.3184289675102185,-0.01323377501665411,-4.781181527655002e-06,-3.3828793352955073,-0.6427234658826668,0.02193441605239874,0.33768670266077394,0.09724631529545749,1.6924430017513588,-0.14025513723177085,0.3031500924255592
2024-08-09,-0.877253003002448,-0.4951354294592939,-0.8568147938291779,-0.31477930230443807,-0.24109023831707033,0.1725128738018354,-2.6069449919819445,2.2855319072337608,-1.242890003509757,-0.1733400647583919,0.7804469015379005,1.3495660166539105,-0.00862204354759607,-0.19617095324295064,0.10758721776996177,0.1264130512128383,0.007799124417440295,-0.004178359613047515,0.20006045554364082,-0.2741940733332957,-23.53421293735589,-0.2947362483355481,-1.0603289777273583,0.6234032696638852,2.996436569961376,-0.31582991150932804,0.37071060842686454,-9.545619779509689,0.04080371180280958,1.643393570595902,0.0035174021306064902,-0.018855181141472208,-5.070073893133453,0.7457528775088801,-1.1130221751764795,0.3912948861022659,-0.01610007462560801,-0.7717088790489003,2.089884053979893,0.7231641149640275
2024-08-16,-1.120621847614667,0.9409167076987555,0.1933142506971487,0.029185687087548418,0.04806258076765192,0.9479762779703581,-0.2895902147206663,1.0120729145739231,-0.4346996532427588,-0.9096604536616818,0.1405820322612339,-1.2976797577470691,-0.25497836084714315,0.013870165984969441,0.3727670887104128,0.057663615603877574,-0.3047873140909725,0.7852783237642121,-0.5184075401376064,-5.3444444484439275,-1.989009266538141,0.16400402183361465,0.01003957993969088,6.430774478508052,0.15180746118407482,0.2815444278498376,0.14325377601373718,-0.006565398486876081,-0.5463269888546655,-0.3166330423070893,0.0931334914110292,-0.0002574043014012909,1.4817750108350465,5.256992919198889,-0.08869518094235285,-0.9891036122836298,0.1909140517929128,0.12962799715778506,0.16970316922070894,24.194924118827497
2024-08-23,5.022596618739616,-0.04520521955999848,0.06306562091311468,-0.14780546065446207,-0.8565029459457859,-0.33623405335999407,18.32837280003622,-0.9185841913191235,-5.336632239858448,-0.10186941377166175,0.044225328680595054,0.7039023381072118,-0.44612123458393604,-0.031407721214277116,0.02870661961780038,0.09975257494716717,-0.0471525545179202,0.5496107562160574,0.24834939888469437,-1.9195307741347565,1.5318109707020564,0.03880436848310372,0.009828430844834587,-1.1714778830949855,0.09367161041241347,0.2432768339624762,4.3204738941948095,-4.184633580731969,0.4636715723460592,0.916908781721986,-0.09454267242325169,0.012513494893450201,1.7449896833556378,2.390672431718469,2.456877561258175,-0.1798843649557657,0.7496964961309174,1.6444565195676066,2.035734134856648,4.321125700982087
2024-08-30,-2.7543511522147366,-0.7387604222871582,0.8903029048644808,-3.768079900949683,0.6504211085444626,-3.4550588885052,-0.14139227923682546,-0.9398963949628241,7.684888709795298,0.019154125686590126,0.23211482846282488,-0.27474093342285355,-0.6958688933984853,1.6783560348696374,0.9211339891315652,0.05684958852631376,-0.002186089753961144,-1.70050694856806,0.11983861197777286,2.716789321525065,-1.7691846564950686,-0.33517577502240326,-0.5022376351045369,1.4539515376692032,1.6503130735159772,-0.04288119684211622,0.10270940087488958,0.1040220654686736,1.4671548890671682,4.02003133989886,-0.118584569485614,-0.0188106390478051,0.6392843166767194,1.0208878933643404,2.3126629430674828,-0.9655719253570733,0.012197219227516359,-0.8534296689744778,2.4850775038286104,-0.43239250982032995
2024-09-06,-5.233318912631916,0.02783841563750562,-0.1122096976591972,0.04636101039528986,0.08867702600723162,1.3783013964884727,0.21756192601833868,-0.09490548752372224,0.5295443784615923,-1.528756095254463,-2.3044153123491733,-0.1638616723632042,0.00699841666597547,-0.02522765023880807,0.29245187675695905,-0.9460590303007492,1.1428482795214387,3.815488253320094,0.05272489187368278,3.0762937890954896,2.2750279688848076,1.8072299610446292,-2.1819407629177396,-0.6782363487008065,-0.5214418403823083,-0.0760819065046932,0.06132845856033137,-0.21599920144380355,-0.520901261839655,-0.040291612805861715,-0.04465031068291768,0.058067131072676394,17.710436512585837,-10.715928213026546,0.7174158344431235,-0.3276710723908396,0.22137541959578474,0.4234695120536589,5.238123692702263,-1.3328559780270683
2024-09-13,1.533560074596436,0.023530751260990274,0.11508707081567884,-0.0579877800645236,1.2529528165828843,1.580427314452194,0.12823593191349722,-3.3315835672813363,-0.02544967879233536,0.6479364419763736,-0.3177216392026422,-1.2912230813578986,-0.09512297583357715,0.08664736562812235,0.11595080012692492,0.06065303042616474,-3.773578745723967,-0.08574274088606877,0.09028306162975928,-0.30074880749355043,-1.114908197467414,0.7068016126537694,-0.006890972640366872,0.03640077509608865,2.3830544622813443,0.07034198234024583,0.2957411786055827,2.337624380765786,1.0436636113533655,0.783486128050909,-0.003966797551532877,-0.007746848561882113,-18.00066703458599,-2.4639614350654018,-2.86870029902176,1.8389870296660327,0.0835203473894079,0.4014419538272649,19.628385186359775,0.8092678790411338
2024-09-20,2.0416917160616155,-0.5578967322107848,0.3857896507621243,-0.016240583744668764,-0.5492095989945549,0.021807054417666137,-5.944856642240775,-0.4626888533322277,-2.6121266290953,-0.5453820557867166,0.31158158478402004,-2.355794116448371,-0.2242032567083238,-1.2123828250021915,2.1089325466091418,0.05301937989595469,-0.05495262977618057,-0.5443367240884268,0.21896361538252299,5.479255418208515,8.201576949168187,-3.556127007609972,0.005304128172800949,-0.2657158626074344,2.1957671885286576,-0.053380371717463834,0.08202765379408208,-0.304985827573596,-0.5531338000156022,-1.2372257584799207,-0.010072104519472248,0.004748192935878429,-3.417126659080302,2.1816786705357023,-0.0729418291441383,2.02310210825952,-0.1893810828507752,-0.020264015432348216,-10.755160018464466,0.1716242291935384
2024-09-27,-0.12750461223911733,0.11638937166687827,-0.042239037941910626,-0.15237076783953277,-0.5425799735550761,-0.1361635501310263,0.14558216719537934,0.1797164760061907,0.8233107466397904,-0.34767478112901584,2.9321310977788184,-1.9080586264201183,0.07472895506298058,0.5233597466952834,-4.5433692968575095,0.14573907912827577,0.062320286618031656,-0.2626876748979979,-0.4212417834782499,-0.18539250251175782,10.858615492285745,-1.2810634795016769,-0.0016485413276250299,-2.0463042918597525,3.0430985442608067,-0.061287325522830255,-0.40257854315009917,-0.01752911178972444,-2.0319892495997567,-2.1828337634130985,-0.326969450843159,0.0016687044995036448,0.17536466091564304,-0.029493830195961412,-2.4922806834821327,0.3785715406074979,0.00841229898297886,-0.20780258604133336,1.593146287076727,6.066969239143814
2024-09-30,5.994145779937719,-0.17411195105046015,0.008751318089171673,0.20512286582313644,-0.9629289594104228,1.0919864332439018,0.15892463445846128,1.2349330299696393,5.432556630374206,0.500373704427573,-2.4239280825771448,-0.9093627630500256,-0.314299748443854,0.514232531963328,-0.5525114778133547,0.04168197928277033,1.3238892858379512,1.3475581253976763,-0.1381430909401056,-0.022502746687262418,1.616460438309476,-0.13233734221316912,-0.00993457447968898,-0.019382475449515768,1.0764944883574563,-0.8084944066415282,-0.024167144355918935,-0.4622748286794183,1.6292996687617114,-0.23065928148179524,0.5875301934993696,0.0008252655955549213,-3.045994669759269,-1.3593150333660202,3.3048781547744612,0.7271597222015076,-0.11678427468107799,-0.16800282292440027,1.8599925268150193,-2.9205382241573155
2024-10-11,-0.27779552770332766,-0.14690530693180917,0.19987719108987242,0.00397215552540497,-0.09390181770712053,0.33102466135399394,-0.013683266372482988,-0.0900004539552911,-0.5791393889200313,-1.859688215590134,1.3476872645971842,-2.8326613043416073,-1.7679892818436131,0.003624970875317839,-0.07458899687138039,0.07038921055075158,0.4592089035468993,-0.2177078878881612,0.15402486173940327,-0.47008554235134425,2.4729284554856124,0.42590965321578056,-0.0465131169309407,-0.16700753254516168,-0.42850424997711395,-0.21387335158738624,0.05669707738345442,-0.5939382026632389,0.3121215151596662,-2.5366441345034176,-0.2698609032967742,0.0013252045274240248,5.068220887624022,0.905156593530043,-1.4537029194061593,-0.2246764792952416,0.15311742346522578,-1.2549560500009225,2.0912222852056024,-0.30677226686007486
2024-10-18,0.10951166189960006,-0.793146526716138,-0.05337772597634716,3.1901981351809656,0.16280377599117044,0.7180123102465419,0.1592400969398492,0.694436307914082,6.13448603705402,0.0033074167488638395,-0.48134641636911857,-1.0760642477361588,-0.7583519066718691,-0.37812831214407405,0.0593772740279912,-0.6134030852071731,1.808834101630803,-1.7558641622789142,6.7047440850624875,-1.478776915371338,-11.846814845391691,-0.31467845133428385,-0.014055081895628294,-0.7542346447089627,1.4928448418119376,-0.717500892762715,-0.053129018472898366,0.8198370696753465,6.746414917969767,-0.8517868372528825,-0.016259062819800878,0.0052859933261339715,0.46851113498962,-0.6748222309545029,6.276788467681357,0.6363225929612396,0.10272361991652752,-0.005242895302962458,0.6254439850001633,-0.028856731323993925
2024-10-25,-2.305947035964467,-0.3864655142483027,0.5590527642772608,-0.028484635373331096,-1.3075544760947744,0.4110735370662181,-1.0509822903221417,0.01761895862172276,-1.8028802492799578,-0.6053661358406883,0.6272441980315882,10.652846930109995,0.277618492939087,0.5274385241173543,0.1282577311069474,-0.508216747447795,0.4209285520186411,0.06440214956111652,1.3426159790776957,-1.5899374630760925,1.435928552201465,-0.3462868620397905,0.13785136566360146,0.6716264033518773,-0.04690780604947525,-2.814263858962013,0.05142221694505887,0.27005585547833094,0.06444744209885464,-1.1233991340372023,-0.031434748409572416,0.02607470348456972,2.6387795739083155,-0.39903139877103516,1.896778135629156,0.22114331614752872,0.07041769770296197,-0.873919165481947,3.908736394953499,1.7826736033534993
2024-11-01,-0.15049543771351323,0.17967921254261582,-101.73414607015684,0.18139425824374683,-0.3129663705339581,0.33356478208139595,-0.6923501755044734,1.129321094632962,3.8375390258439617,0.9747146153035731,-0.7317401058377988,-4.672548158800656,1.1311405903412834,0.8805845222707698,-0.15188359429057913,0.09095308089293573,0.17460513132026337,0.0390977641201086,0.4168265359478721,0.7214110584354227,-2.285615012848126,-0.05389347017061634,-0.0036162498142290715,-5.902724545406648,1.214994839022149,0.08997068245765802,0.12332990629957775,-0.6016641189457077,-4.5969824263920565,6.247036428506358,-0.11400695303376804,-0.027261732951141027,4.743216461816705,4.069785326408906,-0.27681448758212035,-0.0641866210606539,-0.0064445863800861765,-1.7267163264091607,-3.543887917886111,-1.469543498652522
2024-11-08,-1.1627110756998755,-0.27446397631890096,-0.08392546675368344,-0.16117505765159132,-0.5905139788405089,-0.5607553084078548,0.7929181923735747,-3.594720821413352,-3.472484415933752,-0.15619938537310957,0.17221548653961524,-0.27088013288294377,-1.0501280459714515,0.44102741310349713,0.700260868375853,0.6415311773213407,0.2265246257420889,-0.44925887977634393,-0.48297228582473,0.023806318988434237,0.07797296462299129,0.7944159294906556,0.013090357152820233,-3.1134401699267857,-1.8421989254317703,-0.01931589174744872,-0.09956812757041261,0.871386611693611,0.6703283978845158,6.654902130364142,0.008433400519277412,-0.04043875941666051,2.956174679931706,3.822116403774514,0.19469859121265642,2.0863338952374755,0.20943174656327992,0.2821336979024482,7.578586361481156,0.5943142104052139
2024-11-15,1.394101122598833,-0.19242821248441783,-0.1102085757318302,0.13553448812861985,0.14660461063235497,1.1535785869729294,-0.059664665330416866,4.691577180758842,-0.9683980493391076,0.9995865555576988,-0.8714339734074292,0.5733414338584171,-0.2595197616768048,0.046173711103436633,-0.16709596108413127,0.2465876709086926,0.3306383959820599,-0.6287237296261641,0.7561600673506218,-3.1672945826928145,0.8359516827909027,3.3881005427056587,4.679398575622694,3.657491908394736,2.358708445003164,-0.36204684093990824,-0.046766582848500785,0.46115362733533277,1.8280614014825383,-1.914296942353615,1.189711879041711,-0.008277329212809567,-1.194079061212534,4.299483987318114,-17.411662333760535,3.3031365729153808,0.021336709834150085,0.5880995542991219,1.3299946426134124,5.339419732194258
2024-11-22,-5.320059262793624,-0.9238658732178217,0.019416117484644196,-0.32445382297625847,1.687599833818485,0.08622091524462575,-0.3007277753032642,-0.6204381859788247,5.201604057648522,0.4135229798413185,-0.8992428791541158,0.44432369062361776,-0.11911903629663874,1.5220951306465045,0.43921282563157577,0.11315356629279089,0.09418370656647691,-0.4561915257944506,0.7885081264506798,1.018114866656084,3.065149631830403,-0.5040976076010568,1.9455086378941622,3.8340021867658605,0.42913205160368567,-0.06780451591640742,-0.041261996273862594,-0.6090285174658598,0.5810688627851203,0.8933504467896194,-0.012403834925545334,0.0031089429970907498,1.5045316406245295,0.3962210783247465,0.6598798903706978,0.7288522176633003,-0.01627973367207714,-0.07583750159675218,1.1107909417257638,0.8278196271516353
2024-11-29,0.4766403266069038,-5.7640516443127146,-0.013434900177460303,-0.07422910472462863,-0.818898399677356,0.11618959722385969,-3.2751143927205106,0.19621966464873306,1.65543799189013,2.248457826125389,-1.137158156394929,11.928520069930148,-0.46285699375284584,0.2902692741968907,0.4927229761696533,-0.016369007894761728,0.8944398061456709,-0.027680371053883865,0.06583114883726043,0.07664993773205184,39.876130695341125,-0.40073196861830906,-0.007521237512881716,1.6391130630218682,0.2607746717772645,6.532242736793142,2.8680751370230992,2.9363718955007316,-2.3247047147994007,-10.384603331894263,4.137788633064466,0.1366878809206397,0.9192886480444131,1.1254512732549358,2.135169190022286,-0.0580518645859679,-0.2150926069776592,2.1108631937863054,2.099334455227597,-1.3214045950248012
2024-12-06,-0.608048601698629,-0.023480725980742488,0.031527627698701745,-0.006635910544689911,0.5074501674661139,0.32639686241190646,0.2947627483836234,-3.062681449607754,12.547298123732618,-4.582220892048341,0.2126489486590637,77.92578212415516,-0.7373536915428784,-0.319705203973444,2.8838243379419177,0.4890384046849864,-1.0264877595249646,0.7126181640622935,0.8049129812582678,2.3104328449410323,3.1609170605811143,-0.5191782795381265,0.002871139918600161,-3.2633062673330846,0.7585970035652646,-4.716095572894618,-0.17943276539025027,-0.8282505699549123,0.7487663006211787,-0.8853973528619561,0.07666465495969182,0.10782164877321497,-1.8593565021775298,0.23092078355042522,0.7288356602600383,2.192260629173245,0.00984178175099025,0.1448023412050211,-6.80822774647295,0.1929151230871445
2024-12-13,4.792769956705953,-0.4047960445078012,-0.5589672353569433,0.16595847099833133,-0.3196348288434349,0.9436140743050498,0.02568666426878732,0.03939760066401659,-1.486212044755832,0.23934668247695157,0.3090871014565867,1.8397983647794138,-0.8480000524042324,0.40204448673460597,-0.08523691169672754,-0.005891194058596428,-0.8738306148523876,0.023479955896931394,-0.12938671431392093,-0.7170289860171317,4.15761850674421,-0.43167463929012034,-0.14624939525155817,1.9043791309089597,-0.9773537388906852,-0.13692942413632775,-0.06828254260886135,0.4499816595747157,0.4296341997669344,-0.7110462993344271,0.936765560839718,0.0016277820152682382,-1.314975697440159,-0.28950029838945146,0.6073714289706543,0.4901958602890901,0.01886633577892997,0.12214378812804041,2.8657971791157593,0.2692086762320995
2024-12-20,-1.132199236548734,-0.9124248603022234,0.05022822875901711,-0.07660836182399698,-2.0964287031460604,-0.08878071721344478,0.12368673252531892,0.021576324475309328,4.084278596765333,-2.2506144131619976,0.06642604381698142,0.11950376476865598,-0.2961284309674285,-2.22953214895542,0.2765111389666559,-0.2391684151803001,0.9118913347054867,-0.0711852769618499,1.6767218467854836,2.0081934450641077,3.3652558972022675,0.15196014408241057,-0.06676172067290252,2.3560806612097642,3.1426254952949386,0.0624977094733402,-1.9208516168103944,1.1867239135171814,0.05621916724313735,-0.15950938011356378,0.47669873198351687,0.0018441977104163615,0.28861765959054086,0.49879063528278794,0.2914205181267276,-2.34026858995867,-0.07130689860437384,-1.2007335574698912,1.0288177792670834,1.0468952743918392
2024-12-27,-0.6041598088662166,-0.08389631890934443,-0.009972173302178946,0.22657356808889276,0.852397623410227,0.3000004435633257,0.11091097447692438,0.1404407786960527,-0.4896781284682879,-0.6454461621394698,0.17210239579091025,2.6631378313140632,-0.018516568173220983,0.10026892092060659,0.6520335477250543,-1.2161834024717073,-0.10380433889648893,-0.1281982812248047,0.654716293428271,0.186249583300149,-2.7256553774465173,0.2292439308234601,0.05719798970791761,0.8854219700890028,-0.9725085368192685,-0.13917177040578044,-0.1626847044579281,1.9164270597734956,1.2273639829567864,0.9783693533802318,-0.2963402759072558,-0.006810541489236031,2.954749901189049,-2.8851359696044003,0.9823877719428735,0.445833286551546,0.04324145293822591,0.3238625342568294,7.266973520878663,4.357832815967904
