TradingDay,TMT,一带一路,交通运输,传媒,农业综合,医疗,医药,医药医疗,国企改革,国央企综合,国防军工,基建,基础化工,央企创新,家用电器,房地产,新能源汽车,有色,机械设备,汽车,电力,电子,绿色/ESG,计算机,通信,金融综合,钢铁煤炭,银行,非银,食品饮料
2015-05-22,-4.898617771246851,,,,,,,,,,,,,,,,,,,,,,,,,,,,,
2015-05-29,0.10900889663745958,,,,,,-4.429910219513504,,,,,,,,,,,,,,,,,,,-2.438788283703423,,,,
2015-06-05,10.794170953145244,,,,,,-4.128231996777959,,,,,,,,,,,,,,,,,,,-1.0852461788112568,,,,
2015-06-12,6.7494467906713425,,,,,,21.61752566836096,,,,,,,,,,,,,,,,,,,-0.052543951464692665,,,,
2015-06-19,0.11991422201955904,,,,,,0.013121140921591314,,,,,,,,,,,,,,,,,,,0.25423765270236437,,,,
2015-06-26,-0.19969187149544182,,,,,,-0.5477377536020317,,,,,,,,,,,,,,,,,,,-0.04126063007414478,,,,
2015-07-03,0.1873856673546436,,,,,,0.771667466622243,,,,,,,,,,,,,,,,,,,-0.0938243679464709,,,,
2015-07-10,1.3262957018343173,,,,,,-0.6193391810739635,,,,,,,,,,,,,,,,,,,0.13018589357029714,,,,
2015-07-17,0.7936524250311622,,,,,,-0.2552859726978227,,,,,,,,,,,,,,,,,,,0.006549161546201972,,,,
2015-07-24,6.443103833294514,,,,,,-3.8537875786974864,,,,,,,,,,,,,,,,,,,-7.329441618402085,,,,
2015-07-31,-0.2112105372563287,,,,,,-13.452827766551463,,,,,,,,,,,,,,,,,,,-2.0513342129387033,,,,
2015-08-07,0.25744883171624655,,,,,,-0.07279071823783131,,,,,,,,,,,,,,,,,,,0.00924155298755697,,,,
2015-08-14,0.09471411601956597,,,,,,0.23806585849874273,,,,,,,,,,,,,,,,,,,-10.803537561818654,,,,
2015-08-21,1.2892282217438844,,,,,,0.5243800149342962,1.5966350001501854,,,,,,,,,,,,,,,,,,-0.4814143192322265,,,,
2015-08-28,-5.331647736980404,,,,,,-2.140749693618428,0.8705766726239658,,,,,,,,,,,,,,,,,,,,,,
2015-09-02,12.522719863288824,,,,,,-0.08114452502420424,-6.486781297290942,,,,,,,,,,,,,,,,,,,,,,
2015-09-11,0.9730068444353275,,,,,,0.7062716689532856,6.261530709485472,,,,,,,,,,,,,,,,,,,,,,
2015-09-18,-0.016258642665585188,,,,,,-6.407412056791013,-6.001901205611494,,,,,,,,,,,,,,,,,,,,,,
2015-09-25,0.017035223452478543,,,,,,-3.864607286182372,5.512009360234536,,,,,,,,,,,,,,,,,,,,,,
2015-09-30,-0.1873195454516983,,,,,,0.09895524919317511,-0.13025497998442898,,,,,,,,,,,,,,,,,,,,,,
2015-10-09,-5.391377761787215,,,,,,-14.99289138207643,-0.8690131743818319,,,,,,,,,,,,,,,,,,,,,,
2015-10-16,6.625444481425912,,,,,,-10.276323712845894,28.478347318793794,,,,,,,,,,,,,,,,,,,,,,
2015-10-23,1.10397466108264,,,,,,-4.388426306973775,1.6482576553864678,,,,,,,,,,,,,,,,,,,,,,
2015-10-30,12.493284819160776,,,,,,-12.536062550240084,-6.745446622819868,,,,,,,,,,,,,,,,,,,,,,
2015-11-06,0.09243303615722816,,,,,,-3.5973643206710175,-7.3398024450396635,,,,,,,,,,,,,,,,,,,,,,
2015-11-13,0.27122017472812937,,,,,,0.31347552990564587,-2.83936184424959,,,,,,,,,,,,,,,,,,,,,,
2015-11-20,1.3198769622106945,,,,,,0.8409826965667129,-1.725130022023774,,,,,,,,,,,,,,,,,,,,,,
2015-11-27,-0.18059332607264983,,,,,,-0.06165420815248873,4.086396498359651,,,,,,,,,,,,,,,,,,,,,,
2015-12-04,0.08821845374669679,,,,,,-13.677217768855835,-1.6096417706244563,,,,,,,,,,,,,,,,,,,,,,
2015-12-11,12.697375820123705,,,,,,-10.024922166460293,-5.6083535620550915,,,,,,,,,,,,,,,,,,,,,,
2015-12-18,1.3412965612065382,,,,,,0.6982719306916114,-2.2696564891726654,,,,,,,,,,,,,,,,,,,,,,
2015-12-25,0.3646429042796252,,,,,,1.0022935024757245,-5.144972540242844,,,,,,,,,,,,,,,,,,,,,,
2015-12-31,-5.454612228494742,,,,,,19.75251514744066,-3.888489481671878,,,,,,,,,,,,,,,,,,,,,,
2016-01-08,6.5234123513714355,,,,,,-1.7777480457032113,-0.12760258780925635,,,,,,,,,,,,,,,,,,,,,,
2016-01-15,-0.27674192418692567,,,,,,-0.5416858672567668,-0.7059450633584681,,,,,,,,,,,,,,,,,,0.1687760602593333,,,,-1.4598121804845552
2016-01-22,0.6407413551348755,,,,,,-3.7595333283871497,-2.587139614792114,,,,,,,,,,,,,,,,,,-1.9953248689123915,,,,15.138114298281879
2016-01-29,15.631091287124352,,,,,,-0.4759424152579261,-3.2556641741699655,,,,,,,,,,,,,,,,,,-2.9966662952926155,,,,-0.6556188921278427
2016-02-05,12.218468414398693,,,,,,-0.051528459626441286,-2.1143183265719165,,,,,,,,,,,,,,,,,,-0.8721062485688038,,,,-9.714121591357317
2016-02-19,-4.853169042218853,,,,,,-1.9789510427572514,-32.19802751831522,,,,,,,,,,,,,,,,,,-2.7853051837835645,,,,-0.07306945181201549
2016-02-26,-2.078957264527803,,,,,,-5.887530130192029,3.5189665374969925,,,,,,,,,,,,,,,,,,-0.46281499541333826,,,,-0.14041550379631035
2016-03-04,5.518186023347166,,,,,,1.0234364455857627,-18.404870023734343,,,,,,,,,,,,,,,,,,-2.2824264462246147,,,,-0.3574347157007339
2016-03-11,6.381341893285532,,,,,,0.03265935461276295,-4.597021375839322,,,,,,,,,,,,,,,,,,-10.401347694068733,,,,-0.24649033633304573
2016-03-18,-4.200343126690207,,,,,,-0.19289325821074135,-2.245349075561362,,,,,,,,,,,,,,,,,,29.702433328835877,,,,-0.03108288814833106
2016-03-25,0.5493224017315501,,,,,,0.2533672312637605,0.958253486713824,,,,,,,,,,,,,,,,,,-0.13385333048535836,,,,-9.129169614506772
2016-04-01,-10.56872987842282,,,,,,,,,,,,,,,,,,,,,,,,,,,,,13.939362084688533
2016-04-08,26.448416140325765,,,,,,,,,,,,,,,,,,,,,,,,,,,,,-0.5397249401234685
2016-04-15,-5.0294615868155725,,,,,,,,,,,,,,,,,,,,,,,,,,,,,-1.4830502556576382
2016-04-22,10.284126949550851,,,,,,,,,,,,,,,,,,,,,,,,,,,,,0.8742773986413729
2016-04-29,-4.464662003546343,,,,,,,,,,,,,,,,,,,,,,,,,,,,,0.46397563002009656
2016-05-06,-14.544332540683735,,,,,,,,,,,,,,,,,,,,,,,,,,,,,0.08105295186968778
2016-05-13,-3.570052449803402,,,,,,,,,,,,,,,,,,,,,,,,,,,,,-0.30694523518285705
2016-05-20,-0.2108237577634849,,,,,,,,,,,,,,,,,,,,,,,,,,,,,-0.2659712522726395
2016-05-27,-13.36504189971683,,,,,,,,,,,,,,,,,,,,,,,,,,,,,-1.5021428747120242
2016-06-03,5.6438235932166805,,,,,,,,,,,,,,,,,,,,,,,,,,,,,0.7863973910897066
2016-06-08,9.236271955443186,,,,,,,,,,,,,,,,,,,,,,,,,,,,,0.22131884430689341
2016-06-17,-2.6683041833539907,,,,,,,,,,,,,,,,,,,,,,,,,,,,,13.300500487546996
2016-06-24,3.4866484326206537,,,,,,,,,,,,,,,,,,,,,,,,,,,,,-0.6980210440394539
2016-07-01,-3.4448132264333333,,,,,,,,,,,,,,,,,,,,,,,,,,,,,-8.245416486081279
2016-07-08,-1.808301334948829,,,,,,,,,,,,,,,,,,,,,,,,,,,,,1.5614669899475544
2016-07-15,1.6432134520398816,,,,,,,,,,,,,,,,,,,,,,,,,,,,,0.014182138395206614
2016-07-22,0.45057366942116783,,,,,,,,,,,,,,,,,,,,,,,,,,,,,-0.45639553617658435
2016-07-29,-9.79520251916889,,,,,,,,,,,,,,,,,,,,,,,,,,,,,1.3057934554921344
2016-08-05,-2.5982303668141977,,,,,,,,,,,,,,,,,,,,,,,,,,,,,3.8572405656391537
2016-08-12,-13.81718660770209,,,,,,,,,,,,,,,,,,,,,,,,,-0.2335938797964588,,,,9.476640160699661
2016-08-19,1.782109094005311,,,,,,,,,,,,,,,,,,,,,,,,,9.69118859861604,,,,0.007942116507168522
2016-08-26,5.526274801462301,,,,,,,,,,,,,,,,,,,,,,,,,-9.976225753956442,,,,-6.048317700757842
2016-09-02,7.1420729515659325,,,,,,,,,,,,,,,,,,,,,,,,,-2.8105307998248694,,,,-0.0514612873997537
2016-09-09,-3.9721599767154117,,,,,,,,,,,,,,,,,,,,,,,,,30.781040409837846,,,,-1.450530680752398
2016-09-14,-12.040049117382873,,,,,,,,,,,,,,,,,,,,,,,,,3.68402261162149,,,,1.7234663143668594
2016-09-23,12.53735270176292,,,,,,,,,,,,,,,,,,,,,,,,,-15.673193131136646,,,,-0.8094789444125382
2016-09-30,2.650399479215867,,,,,,,,,,,,,,,,,,,,,,,,,-4.528156622470061,,,,5.731554442990228
2016-10-14,-0.057798857589053725,,,,,,,,,,,,,,,,,,,,,,,,,27.872885458739464,,,,0.03475099596320023
2016-10-21,-0.22103562205347102,,,,,,,,,,,,,,,,,,,,,,,,,-27.782291795307646,,,,0.028192870493735117
2016-10-28,0.480401855045673,,,,,,,,,,,,,,,,,,,,,,,,,15.568788636252584,,,,-4.137540147912605
2016-11-04,-4.210251374460246,,,,,,,,,,,,,,,,,,,,,,,,,3.6192567536122042,,,,1.809158080886112
2016-11-11,11.841366642317315,,,,,,,,,,,,,,,,,,,,,,,,,2.529448342011938,,,,-0.6531682261038398
2016-11-18,-1.653357835328744,,,,,,,,,,,,,,,,,,,,,,,,,2.1876499199122175,,,,1.8406106796619173
2016-11-25,-5.295830071185473,,,,,,,,,,,,,,,,,,,,,,,,,15.055160578466399,,,,5.854959140937143
2016-12-02,0.631458956998685,,,,,,,,,,,,,,,,,,,,,,,,,29.283869918664653,,,,1.790538950524035
2016-12-09,1.766133929527674,,,,,,,,,,,,,,,,,,,,,,,,,4.025963882201017,,,,0.1606817909090027
2016-12-16,2.479668434086979,,,,,,,,,,,,,,,,,,,,,,,,,-4.09181781746844,,,,0.05739577313032451
2016-12-23,1.3287349846258891,,,,,,,,,,,,,,,,,,,,,,,,,3.718260543933032,,,,2.211472488687387
2016-12-31,0.39209234903252865,,,,,,,,,,,,,,,,,,,,,,,,,4.164028828907825,,,,-1.4652274577015665
2017-01-06,5.971956969665247,,,,,,,,,,,,,,,,,,,,,,,,,2.1356661281516542,,,,0.05556321103314553
2017-01-13,-0.6851150064317573,,,,,,,,,,,,,,,,,,,,,,,,,-13.57979478126849,,,,1.8719582271248325
2017-01-20,-0.02058680757845756,,,,,,,,,-2.79085495208024,,,,,,,,,,,,,,,,-4.495298649540718,,,,0.07628954016121328
2017-01-26,-0.3033991325571822,,,,,,,,,-2.5650620266165385,,,,,,,,,,,,,,,,-42.91720980730969,,,,2.1541276245441336
2017-02-03,-3.1628537389386335,,,,,,,,,-0.06494004412969534,,,,,,,,,,,,,,,,-0.15055068839378777,,,,0.5372569253826773
2017-02-10,-2.0306701495353856,,,,,,,,,-0.024157086256085314,,,,,,,,,,,,,,,,-34.150593102141336,,,,1.9247665465652837
2017-02-17,-11.96677084995156,,,,,,,,,4.5767413865999025,,,,,,,,,,,,,,,,12.449413761890844,,,,0.25998934138800367
2017-02-24,-8.929017805487119,,,,,,,,,27.406849402033103,,,,,,,,,,,,,,,,-4.388694607025373,,,,-1.4047591582963046
2017-03-03,-3.4312266258914046,,,,,,,,,5.197889463101923,,,,,,,,,,,,,,,,12.623521352743797,,,,0.7101786817156917
2017-03-10,0.733191325042058,,,,,,,,,-0.17120793362331663,,,,,,,,,,,,,,,,27.469133818996383,,,,2.365931121991023
2017-03-17,1.3609816126081384,,,,,,,,,-2.250712469285134,,,,,,,,,,,,,,,,-7.679180529159546,,,,2.173836670499745
2017-03-24,9.448937429702221,,,,,,,,,-6.70533714902488,,,,,,,,,,,,,,,,-1.136714902186469,,,,0.30716947404278344
2017-03-31,-0.3254157802222946,,,,,,,,,1.2714737823432638,,,,,,,,,,,,,,,,0.8380609199460971,,,,1.880926432275015
2017-04-07,-5.36372442600967,,,,,,,,,-7.495655220178086,,,,,,,,,,,,,,,,-0.1669556392391925,,,,2.677812020038764
2017-04-14,-0.12161785456244235,,,,,,,,,1.6933655096442586,,,,,,,,,,,,,,,,9.369240310127479,,,,0.08239434309569624
2017-04-21,0.9236684697341239,,,,,,,,,-4.032705372875943,,,,,,,,,,,,,,,,-0.4048683831914008,,,,-4.957629389156044
2017-04-28,-1.8033614574695478,,,,,,,,,-3.1267521458449954,,,,,,,,,,,,,,,,-0.16608101402889414,,,,4.806565213218872
2017-05-05,-9.455467725737005,,,,,,,,,-0.5200405146782111,,,,,,,,,,,,,,,,-6.841036678811595,,,,0.12335110048917497
2017-05-12,6.247188023018538,,,,,,,,,-2.498840871410809,,,,,,,,,,,,,,,,-40.77469722525334,,,,-1.81399715624163
2017-05-19,-2.081253470370552,,,,,,,,,1.3668512442787224,,,,,,,,,,,,,,,,4.324302692448624,,,,0.46184340386370504
2017-05-26,5.652594945006719,,,,,,,,,-5.162291751992873,,,,,,,,,,,,,,,,7.69515698094242,,,,1.9674479985475992
2017-06-02,2.6359994589783717,,,,,,,,,-17.291699026559154,,,,,,,,,,,,,,,,-1.6693505905541879,,,,2.5022446648188743
2017-06-09,-2.3986737267145353,,,,,,,,,-1.6337293645665931,,,,,,,,,,,,,,,,3.118673315310631,,,,-0.10979169177157555
2017-06-16,-3.7169741625611334,,,,,,,,,-5.703710855375816,,,,,,,,,,,,,,,,29.0869455635639,,,,-8.16158164865777
2017-06-23,13.333626525774775,,,,,,,,,-20.589024663929408,,,,,,,,,,,,,,,,2.1621415751635995,,,,0.1059959385406502
2017-06-30,1.0033797365116903,,,,,,,,,-0.5788218881059385,,,,,,,,,,,,,,,,14.641488789018997,,,,1.4968237267288411
2017-07-07,0.15156658897102057,,,,,,,,,17.568417741382476,,,,,,,,,,,,,,,,5.482963195694144,,,,-1.0608796963000984
2017-07-14,-0.10973384340181169,,,,,,,,,-9.34142020916995,,,,,,,,,,,,,,,,0.06589463775162056,,,,2.5695739974247465
2017-07-21,-2.0886853189245036,,,,,,,,,49.86775014066177,,,,,,,,,,,,,,,,-30.258206139407502,,,,-7.04758371037423
2017-07-28,-3.24388499776905,,,,,,,,,-1.5892464996686149,,,,,,,,,,,,,,,,1.9252881643939652,,,,5.422600319234524
2017-08-04,-0.3127876496913642,,,,,,,,,-1.196798051447311,,,,,,,,,,,,,,,,-2.884483868827146,,,,0.48658628037249935
2017-08-11,0.3001937478485024,,,,,,,,,-0.12137390883139787,,,,,,,,,,,,,,,,-4.475107286515628,,,,-0.67228159258452
2017-08-18,11.345298115620189,,,,,,,,,-0.802208371896759,,,,,,,,,,,,-3.35691933652259,,,,-22.14500279563915,,,,0.10650251236755681
2017-08-25,-5.6423420097465415,,,,,,,,,-15.541865110771246,,,,,,,,,,,,-2.9555072969533325,,,,25.86265078485143,,,,-0.718624403421317
2017-09-01,1.7378495410740147,,,,,,,,,-8.486549314161023,,,,,,,,,,,,5.474396930221779,,,,-2.804874042325063,,,,1.5277480790263835
2017-09-08,0.6898787575643469,,,,,,,,,-0.9508462177779322,,,,,,,,,,,,15.209254113045983,,,,5.766705098836226,,,,0.47786089616127003
2017-09-15,2.2468604536285195,,,,,,,,,-8.566838274021254,,,,,,,,,,,,1.3121592977622467,,,,-32.01498797503442,,,,5.56017730085334
2017-09-22,-0.5442285000443285,,,,,,,,,-17.843899623793046,,,,,,,,,,,,3.498764138566319,,,,28.04882893499556,,,,-6.509718160200865
2017-09-30,-2.492010801087347,,,,,,,,,-9.35249351582916,,,,,,,,,,,,13.487223852108295,,,,21.892432450101584,,,,2.581291606120015
2017-10-13,-2.3902305669556836,,,,,,,,,-0.727107933432904,,,,,,,,,,,,-0.0806011323178879,,,,-4.0184662697733895,,,,-1.0592077670611815
2017-10-20,-0.5809354573409834,,,,,,,,,-1.66615480042786,,,,,,,,,,,,13.738868029562,,,,0.3466098744665744,,,,0.47386388124356554
2017-10-27,2.4238700053314046,,,,,,,,,1.3653654348302853,,,,,,,,,,,,-18.917031837912244,,,,2.9966262427446844,,,,-2.311629229162083
2017-11-03,6.94763808132541,,,,,,,,,-1.6105964561744106,,,,,,,,,,,,1.9510892827810677,,,,4.233081237723411,,,,-4.904198852661206
2017-11-10,6.369982069485113,,,,,,,,,-0.8622492374487213,,,,,,,,,,,,-12.801440838830313,,,,-7.263351438305393,,,,1.581009493066098
2017-11-17,-0.39057059393438176,,,,,,,,,-0.059608041545697994,,,,,,,,,,,,-1.6847056586025042,,,,3.5582473032388804,,,,5.712487909913047
2017-11-24,-2.789438391793901,,,,,,,,,-2.54229699901593,,,,,,,,,,,,1.5311932406263544,,,,-4.522264334734324,,,,2.80759908106136
2017-12-01,-0.5362968096017454,,,,,,,,,-3.5193294427590467,,,,,,,,,,,,7.064471845633422,,,,-4.184218129843158,,,,-0.10764177384862883
2017-12-08,0.7990487623072856,,,,,,,,,18.370488280921478,,,,,,,,,,,,6.008320323884901,,,,4.622483599570814,,,,0.09086503480282832
2017-12-15,-10.641896439685356,,,,,,,,,-20.827804400156474,,,,,,,,,,,,10.805083498467308,,,,7.892127110974202,,,,6.867244839969608
2017-12-22,-11.549475854729815,,,,,,,,,51.228033102874484,,,,,,,,,,,,0.22050663166861992,,,,-29.6755590991367,,,,-0.03837560257775741
2017-12-31,-0.050208380438849724,,,,,,,,,-0.6212793079684413,,,,,,,,,,,,-12.988975311936866,,,,2.5237235515860506,,,,0.5277971943837215
2018-01-05,4.115048812908521,,,,,,,,,-2.5005037914952175,,,,,,,,,,,,17.793572669566444,,,,-0.06815900251792403,,,,2.869315504987558
2018-01-12,5.462079062041489,,,,,,,,,-8.259541456727707,,,,,,,,,,,,12.076327782658147,,,,15.272115618785469,,,,1.569265812576791
2018-01-19,1.031232209311798,,,,,,,,,-0.9622602750881986,,,,,,,,,,,,-20.104414985390225,,,,-17.927282373848563,,,,-4.226883508512908
2018-01-26,1.0159897451517987,,,,,,,-0.5718656735347588,,-16.037343451857062,,,,,,,,,,,,0.20338663744626584,,,,0.09334956062081948,,,,-0.5854271556549371
2018-02-02,1.7986220658698928,,,,,,,-0.07762116107849276,,-5.1977103620224145,,,,,,,,,,,,-2.360448666768478,,,,-0.41589876599000075,,,,-2.368292011778406
2018-02-09,2.4654258974505083,,,,,,,-6.744017320487435,,-2.670426758134255,,,,,,,,,,,,0.670726256098954,,,,8.634163045402268,,,,-0.03046541893476177
2018-02-14,-3.4364122033122513,,,,,,,-14.457789642087429,,-0.9118523192062478,,,,,,,,,,,,2.124753455025756,,,,-34.772427377779316,,,,8.150446978129235
2018-02-23,8.229554333272311,,,,,,,-5.283698234093123,,-5.001510203248589,,,,,,,,,,,,6.4293276747402315,,,,9.102317473045488,,,,-0.9116025938766477
2018-03-02,0.2967213019331142,,,,,,,0.4166597829751237,,-0.7804302351637302,,,,,,,,,,,,15.594274409943644,,,,-4.8036291237423825,,,,1.5726735144547328
2018-03-09,9.43979603142066,,,,,,,24.512907775598908,,-0.5955418745566006,,,,,,,,,,,,1.1733155693229573,,,,27.69480830271849,,,,2.8727563630102346
2018-03-16,1.0396034324735997,,,,,,,0.5588550510684581,,1.3634736375716185,,,,,,,,,,,,5.198394329993026,,,,0.3134839261205244,,,,0.4887289608822435
2018-03-23,-0.04447901355886478,,,,,,,-9.673104091696455,,-2.1250597475421227,,,,,,,,,,,,-4.292828734206427,,,,23.779428956798302,,,,-2.565871445597984
2018-03-31,-5.637888450043447,,,,,,,0.7333807481310582,,-0.58230377048071,,,,,,,,,,,,8.387375946708401,,,,5.038993087490187,,,,-4.240050383437331
2018-04-04,1.3184595431012478,,,,,,,-4.488426597671758,,-0.011493952257721422,,,,,,,,,,,,-2.502121301650081,,,,0.19011704319672518,,,,-1.050744824258337
2018-04-13,0.8488442829945952,,,,,,,0.5912780644277237,,-2.3935884821854057,,,,,,,,,,,,10.139631209245586,,,,-8.629264675340073,,,,-1.9743180982007464
2018-04-20,-3.727711036446413,,,,,,,-0.06583893955998318,,-15.399751221236492,,,,,,,,,,,,0.036215293003107996,,,,-0.1770131653152243,,,,-4.025176901039866
2018-04-27,0.40479495886703454,,,,,,,-1.0056730942745045,,-8.929450133436667,,,,,,,,,,,,-10.684349418916586,,,,-21.258847291864473,,,,-0.036701906761868394
2018-05-04,-1.343137199351676,,,,,,,3.9254122288984377,,55.464622260631714,,,,,,,,,,,,0.37217909130802707,,,,8.861906106158278,,,,8.225814968344158
2018-05-11,-4.828450800502455,,,,,,,0.2772776279187765,,-18.98336215090456,,,,,,,,,,,,-4.287939666733187,,,,4.05315575973495,,,,2.8048117350284145
2018-05-18,0.8723719672728062,,,,,,,-3.904089959502439,,-9.323484290241833,,,,,,,,,,,,-7.082772133836087,,,,-26.972734131126185,,,,1.5830323018205066
2018-05-25,-2.2741450882241483,,,,,,,-0.8925279538708629,,-8.37367681771689,,,,,,,,,,,,8.610257211558302,,,,2.453512890182495,,,,0.4348770065670982
2018-06-01,-2.2599334118807697,,,,,,,-0.37092996819392327,,-19.984625224188616,,,,,,,,,,,,1.4562196344375622,,,,6.194641013266487,,,,-0.9771863822519471
2018-06-08,-10.041746933219093,,,,,,,-2.612942808730371,,-2.330228397531126,,,,,,,,,,,,-0.6642035761295468,,,,-7.748602937694712,,,,0.4304123558339197
2018-06-15,-0.17452475052290392,,,,,,,-6.9041676209818705,,14.349239432794867,,,,,,,,,,,,-4.20021458431934,,,,-3.851849281260656,,,,-4.0544831547280005
2018-06-22,-9.773141538419909,,,,,,,21.23050105473582,,-3.8685462100282657,,,,,,,,,,,,-9.073729092115762,,,,2.9950397368641135,,,,8.260125377128679
2018-06-30,1.7546377812296954,,,,,,,-13.709312305447487,,58.44874232197827,,,,,,,,,,,,1.0029191148452101,,,,6.200388411560172,,,,2.85528779305613
2018-07-06,1.5566952774692957,,,,,,,-0.0764908792655514,,-2.618089728318945,,,,,,,,,,,,0.2860404837359175,,,,-0.3713085723339075,,,,1.6221285259083433
2018-07-13,-0.6288015350411889,,,,,,,-0.3252507917426254,,-16.254042072154228,,,,,,,,,,,,-0.3960496495375405,,,,7.39732425034684,,,,-2.0138607220790217
2018-07-20,1.661094651053875,,,,,,,-4.132020283358573,,-10.987531535626726,,,,,,,,,,,,0.3961401424936013,,,,-26.137754777168816,,,,-0.036317090730019486
2018-07-27,-0.3859255047534958,,,,,,,-0.08172254395064846,,0.012497642753159427,,,,,,,,,,,,-5.38563191750253,,,,-0.19441684845352752,,,,-0.2285015861207036
2018-08-03,11.13501656801039,,,,,,,0.7498811978595082,,-0.9708659813101377,,,,,,,,,,,,7.4845233710949355,,,,-3.2022902539363773,,,,-0.03558792004769789
2018-08-10,2.835319698112926,,,,,,,-9.70273140764136,,-20.552432788600953,,,,,,,,,,,,14.530875800985122,,,,0.44237686153851163,,,,1.7307301751762647
2018-08-17,0.3227334453250376,,,,,,,-13.49784852723245,,-2.488521328594384,,,,,,,,,,,,9.270536316482922,,,,13.729607515325844,,,,-5.2322836273499735
2018-08-24,1.6422014734886954,,,,,,,-4.409263845979988,,-2.612308707930617,,,,,,,,,,,,-3.481392352710157,,,,-58.8245644305929,,,,1.9263469866605138
2018-08-31,0.12224087110533688,,,,,,,,,1.3390821091395266,,,,,,,,,,,,0.9321457132057376,,,,19.912973016900807,,,,18.982126702971534
2018-09-07,7.340169560964954,,,,,,,,,-0.7918255845491997,,,,,,,,,,,,0.19735550019374037,,,,18.257160811060626,,,,10.539109115228932
2018-09-14,0.6158814112927099,,,,,,,,,-8.737885801458788,,,,,,,,,,,,11.610191771938299,,,,41.79532539608701,,,,3.147110168816913
2018-09-21,-2.1501823613710056,,,,,,,,,-5.315528086630419,,,,,,,,,,,,4.028774290445978,,,,0.48956699349636623,,,,3.033017531727728
2018-09-30,-2.3065738826109463,,,,,,,,,-0.589200351394082,,,,,,,,,,,,0.644744850900153,,,,-5.626943248319297,,,,0.5655214898345204
2018-10-12,-2.931624022057689,,,,,,,,,-4.31564552189712,,,,,,,,,,,,-8.662289988986574,,,,0.6648609659537446,,,,-17.53442956647198
2018-10-19,5.3749934273169515,,,,,,,,,-0.6820072220484206,,,,,,,,,,,,0.9459736577088953,,,,1.372489261187249,,,,16.06829957515276
2018-10-26,0.37401051230339916,,,,,,,,,-20.113538365629395,,,,,,,,,,,,10.213128679746541,,,,-8.073704354176208,,,,-2.0286920709114478
2018-11-02,-1.5446401905029912,,,,,,,,,-9.321114404171624,,,,,,,,,,,,-9.862473103544513,,,,20.291582665880988,,,,3.031204267473232
2018-11-09,-11.972089312975685,,,,,,,,,-2.9055838881402387,,,,,,,,,,,,0.19181241824239384,,,,-20.765026543984643,,,,1.7250411341936707
2018-11-16,-9.759066791716265,,,,,,,,,11.38169060690051,,,,,,,,,,,,-4.046155808517538,,,,0.7797948364292202,,,,-0.03722035067747818
2018-11-23,1.0408785476425175,,,,,,,,,-19.86568707183598,,,,,,,,,,,,-2.3096288469394604,,,,21.811548819389493,,,,1.4676571738785427
2018-11-30,-5.084112963440832,,,,,,,,,8.855908214600303,,,,,,,,,,,,-9.175731918633332,,,,5.35364534749816,,,,-6.409753625756174
2018-12-07,-5.057405025478386,,,,,,,,,-0.9426308865338577,,,,,,,,,,,,4.587431668760842,,,,8.142273810197242,,,,10.930965985956052
2018-12-14,0.08106855182921069,,,,,,,,,-5.310964617870368,,,,,,,,,,,,11.96670222399092,,,,6.195000670911927,,,,3.5123164571549035
2018-12-21,-3.3799764370747756,,,,,,,,,-0.9586542121978721,,,,,,,,,,,,-0.4626323532716823,,,,-8.828898617267916,,,,-14.791636654951038
2018-12-28,0.4768869230979469,,,,,,,,,60.27043915382529,,,,,,,,,,,,0.6689271833799573,,,,10.046420429229071,,,,0.5550474745343964
2019-01-04,1.5912004594632387,,,,,,,,,-2.9941062874715136,,,,,,,,,,,,-2.1618475698100945,,,,-25.480814304731993,,,,16.504619786163055
2019-01-11,0.0653406883044284,,,,,,,,,-0.580995914003019,,,,,,,,,,,,0.22715040181360213,,,,-46.51442437344907,,,,-0.03652802497364066
2019-01-18,-1.6827068508877427,,,,,,,,,-2.64621084631208,,,,,,,,,,,,0.9003689116175744,,,,-24.729845581696242,,,,11.13373928844969
2019-01-25,0.5446449081088603,,,,,,,,,-4.733413531513427,,,,,,,,,,,,1.2251887077036558,,,,-13.660525220154648,,,,3.541723362235196
2019-02-01,1.9062692330492088,,,,,,,,,-9.386776347702977,,,,,,,,,,,,-10.938011663906654,,,,-28.01522488944642,,,,-14.303730619946975
2019-02-15,-3.427637532212865,,,,,,,,,-16.214447621791418,,,,,,,,,,,,-0.014020470874877788,,,,5.555042871145323,,,,3.0345089257673155
2019-02-22,6.583361650544168,,,,,,,,,-0.6768527541051157,,,,,,,,,,,,8.779413603597483,,,,7.576638084462526,,,,-6.1034229102504165
2019-03-01,-0.26026945911222543,,,,,,,,,0.025050452964235026,,,,,,,,,,,,-8.146415919742791,,,,47.59074680414664,,,,-4.775876303193331
2019-03-08,-0.9933607531727838,,,,,,,,,-9.39450406240342,,,,,,,,,,,,1.041849813433162,,,,5.578567447451104,,,,1.2101153293042302
2019-03-15,-3.6208790382241896,,,,,,,,,-2.554137782364872,,,,,,,,,,,,1.1579078579710513,,,,17.420267592341023,,,,0.5592470946032185
2019-03-22,1.9370345428500175,,,,,,,,,1.3466569358892002,,,,,,,,,,,,5.239040881797819,,,,2.5916402022628566,,,,1.6491628637769542
2019-03-31,-10.816705369772071,,,,,,,,,-20.66641276849917,,,,,,,,,,,,-0.3427305689539316,,,,16.840803995525,,,,-5.0949974517494905
2019-04-04,7.887211836976403,,,,,,,,,-2.9715038738757746,,,,,,,,,,,,-0.47135107204211835,,,,20.096322364456395,,,,4.1206781178596135
2019-04-12,-3.4481750377679905,,,,,,,,,-9.243380809537872,,,,,,,,,,,,-0.06228261232823477,,,,-2.3003310861394373,,,,1.663579424362907
2019-04-19,-0.05299351156875631,,,,,,,,,-0.739615758957384,,,,,,,,,,,,9.605223070682804,,,,4.904165971409397,,-0.9863357516218059,,2.111777564623333
2019-04-26,-4.505225751628515,,,,,,,,,64.24296603847519,,,,,,,,,,,,0.022728432506257893,,,,-21.391927722939727,,2.149622711309582,,0.08127437178708634
2019-04-30,-0.16340074136749075,,,,,,,,,0.00616736482015999,,,,,,,,,,,,-0.26429358675355996,,,,-2.4410276330199396,,-0.007022635659116025,,11.352746744631222
2019-05-10,-2.0690689349871882,,,,,,,,,-16.639917570357383,,,,,,,,,,,,-0.8309527911733002,,,,0.40668627617434794,,-0.29442756351560795,,0.5949490458227875
2019-05-17,0.9752903223209474,,,,,,,,,-0.9859065610081716,,,,,,,,,,,,5.594683240369394,,,,-5.1698396941774165,,0.029195594979012494,,-15.475481757615526
2019-05-24,-0.7140808582641923,,,,,,,,,-0.5477439691953472,,,,,,,,,,,,1.7348263832199724,,,,16.460251163970792,,-0.26701274677900255,,17.175086535220455
2019-05-31,1.7340422627508787,,,,,,,,,-2.734758770415763,,,,,,,,,,,,-0.18240384735817167,,,,9.002350475361984,,-0.2972860013042411,,3.0840177917853637
2019-06-06,-0.9319288907418994,,,,,,,,,-1.0815385538940578,,,,,,,,,,,,1.438732501235485,,,,6.184722662139159,,-0.026688065491298464,,-4.977595561859228
2019-06-14,0.14355340117822912,,,,,,,,-44.17707748623829,-20.17697378687536,,,,,,,,,,,,-0.040167825996455186,,,,-32.27209128998635,,-0.7006621711910053,,17.35926303583265
2019-06-21,8.39987801589333,,,,,,,,16.076954462061643,-5.501392822674157,,,,,,,,,,,,-6.714436192201521,,,,3.2319644466942448,,-0.21708464787441362,,3.203907634640686
2019-06-30,-0.270842883217663,,,,,,,,-0.554358419567444,10.094005164370937,,,,,,,,,,,,-0.002975938336908163,,,,-3.6738921000558573,,2.1838739810426007,,10.184500954455256
2019-07-05,0.9100648247603954,,,,,,,,-1.8668896983713585,-3.446158694713815,,,,,,,,,,,,-0.07252757932683906,,,,0.6085463315360018,,-0.08317341860014121,,3.1621659829961004
2019-07-12,-7.315243101552509,,,,,,,,4.216246968940197,-9.566989823701023,,,,,,,,,,,,-0.43846433212330743,,,,4.315466836060149,,3.903617745085997,,5.2594924813476025
2019-07-19,4.915439190411163,,,,,,,,11.911804569453352,-5.2252558626285275,,,,,,,,,,,,-0.4453266736480023,,,,-0.3858331760328614,,2.4637806884681526,,1.594352281651299
2019-07-26,-6.701316937797887,,,,,,,,-49.022366480189106,-8.908880216796309,,,,,,,,,,,,0.07715410931025748,,,,32.35209068516932,,-0.007608281044007792,,-16.319768873356725
2019-08-02,-3.235186699712364,,,,,,,,14.393782887625154,-9.706581871153514,,,,,,,,,,,,0.6956194425184226,,,,-21.080118060465544,,0.01944269351207839,,0.09255411033024515
2019-08-09,0.10694884681686678,,,,,,,,-0.26807349726134877,-3.411247784163974,,,,,,,,,,,,9.68838063020647,,,,14.432737688817184,,-0.8924871046269771,,0.5530266843269551
2019-08-16,-0.40299661208487125,,,,,,,,-6.689837739451299,-21.096505250609184,,,,,,,,,,,,0.09005424355176025,,,,2.8286249555894782,,0.11648161976760525,,-4.911917376551805
2019-08-23,0.6816679067350137,,,,,,,,1.8678192426869917,,,,,,,,,,,,,1.5183333544840383,,,,-8.617331485463051,,-0.976551081382086,,-3.933759708041964
2019-08-30,0.32296573909415455,,,,,,,,-47.60296176579613,,,,,,,,,,,,,-0.06839114574875108,,,,0.09217323679527664,,,,2.8631226102281495
2019-09-06,0.5933185750720007,,,,,,,,-42.963236176731996,,,,,,,,,,,,,0.05021009093114036,,,,-0.49420945329673815,,,,17.71919624191416
2019-09-12,0.7260801766562415,,,,,,,,-36.74587846213562,,,,,,,,,,,,,-0.05269774613710196,,,,0.45284463538622627,,,,0.05309416615557091
2019-09-20,-0.0763271893820544,,,,,,,,28.39380933186392,,,,,,,,,,,,,-0.3255292700864418,,,,-26.08318410539471,,,,6.554318748637604
2019-09-27,3.703752358336411,,,,,,,,1.7114741950392949,,,,,,,,,,,,,0.007051127275412948,,,,-4.2385092341113175,,,,1.1813230847471112
2019-09-30,-4.14405520925393,,,,,,,,-20.28485282825446,,,,,,,,,,,,,0.32834493587363395,,,,35.05849747990629,,,,-4.3420769468417335
2019-10-11,-2.33545143219489,,,,,,,,33.78689107396652,,,,,,,,,,,,,0.3741162494103134,,,,7.2739678380541015,,,,0.5203682702582837
2019-10-18,-0.2477346380818862,,,,,,,,19.09570702889146,,,,,,,,,,,,,-0.0008529155090328351,,,,-1.9328932274530355,,,,-16.972521258452826
2019-10-25,-2.965014570756462,,,,,,,,23.657701456392957,,,,,,,,,,,,,0.013689514435937284,,,,0.021024065535484027,,,,9.848642068517558
2019-11-01,0.15087336979642169,,,,,,,,-37.87803443761624,,,,,,,,,,,,,-0.22472422652532625,,,,3.576241739274561,,,,2.9477215794805347
2019-11-08,5.2357348495895435,,,,,,,,-37.79091520833588,,,,,,,,,,,,,-2.076403427742232,,,,7.951872782610343,,,,-1.548563812268049
2019-11-15,-0.08927122369490972,,,,,,,,-45.04172928625028,,,,,,,,,,,,,0.1111456092551488,,,,5.257872331071411,,,,4.634884176961209
2019-11-22,1.905578366146801,,,,,,,,16.485086433092622,,,,,,,,,,,,,-0.03050031065566211,,,,-26.13685786447035,,,,-0.04741266556710971
2019-11-29,3.1846644105749684,,,,,,,,9.819628130734518,,,,,,,,,,,,,-7.520040526200506,,,,0.46902017839559257,,,,0.3016858976933976
2019-12-06,0.4644748534940978,,,,,,,,-7.131458410299713,,,,,,,,,,,,,5.688758461040081,,,,6.257659748658216,,,,-7.627034966459355
2019-12-13,-0.6133095914284018,,,,,,,,0.29754363473254763,,,,,,,,,,,,,0.11435556598221629,,,,-5.822082155705628,,,,0.7574581202229251
2019-12-20,11.48736767832148,,,,,,,,-11.96004326843619,,,,,,,,,,,,,0.19693904707968127,,,,0.5029548761848079,,,,9.053985161255769
2019-12-27,-11.354315768175926,,,,,,,,0.4805215892504209,,,,,,,,,,,,,-0.9532313795458799,,,,-32.58391245659367,,,,-3.0085253560509138
2020-01-03,-2.8898533347444477,,,,,,,,-2.623473936150891,,,,,,,,,,,,,-0.13899275437346895,,,,6.001317274499395,,,,2.4879032236443166
2020-01-10,-4.283144795364601,,,,,,,,-55.246501399627455,,4.513040811678082e-05,,,,,,,,,,,-1.8310559207984518,,,,15.942666992119374,,,,10.675697835598758
2020-01-17,0.28413477173333446,,,,,,,,26.036345069689222,-2.663182389990325,-3.832199030704642,,,,,,,,,,,-0.12013335246698946,,,,0.2950951159045791,,,,-6.699774294193349
2020-01-23,3.325072743941594,,,,,,,,-23.124894616450902,-0.4739944230566364,-0.4474056907738983,,,,,,,,,,,-0.26821917108884863,,,,-4.2548721015829,,,,-1.2824475386130294
2020-02-07,2.4757964864954167,,,,,,,,10.71769207032211,-7.562836329293051,-0.011676602021739,,,,,,,,,,,6.496822919171367,,,,5.707272117724575,,,,-2.974021737335981
2020-02-14,0.35302720482248207,,,,,,,,-4.834653541628959,-1.4845237259449042,3.689295845052898,,,,,,,,,,,-0.09120527521008691,,,,-21.014168275758134,,,,7.166923350208831
2020-02-21,-10.350606200202645,,,,,,,,-56.778054956900355,-0.7918810388181664,-0.07114198614717437,,,,,,,,,,,-0.8704301372874645,,,,-1.0799512805863474,,,,0.09577600924864352
2020-02-28,-6.947335890480463,,,,,,,,23.454964102074925,70.73976730799775,0.005300981709530169,,,,,,,,,,,-0.15246027433693296,,,,13.263011962314996,,,,-1.6721291726721967
2020-03-06,3.6111461734812926,,,,,,,,-4.700514147087861,-0.5699895365243991,0.12758225346407906,,,,,,,,,,,-1.1516159040222083,,,,-30.86313427539017,,,,2.880108134703487
2020-03-13,-1.7550258845114897,,,,,,,,2.066506153709267,-2.4382803872400993,0.029917152921371024,,,,,,,,,,,2.9677717178545366,,,,4.757021031093954,,,,-0.04257263655898376
2020-03-20,-12.074027118812552,,,,,,,,16.64040847528255,-5.047321349200311,-4.354365873981681,,,,,,,,,,,0.32729905233881434,,,,-19.367381520619727,,,,0.7908445134291324
2020-03-27,3.6295966809850273,,,,,,,,2.299525532928401,-7.267817030656938,0.1815926461750733,,,,,,,,,,,-9.816773911196284,,,,4.405855429930538,,,,-7.9830828115157715
2020-04-03,6.421529707276438,,,,,,,,21.788673947765957,-0.3989459396108569,0.33505334760331484,,,,,,,,,,,5.783958273920171,,,,16.275754362002182,,,,-5.1928399090324815
2020-04-10,1.6841843377421393,,,,,,,,8.069013150467988,-4.407063478048335,0.32903597237200255,,,,,,,,,,,-2.574792084228029,,,,2.6089261763141756,,,,8.33986514138101
2020-04-17,1.7739254061254808,,,,,,,,-45.36255909588062,-3.627160937888877,-2.0468563996212876,,,,,,,,,,,-0.06210402622189973,,,,2.711228099816925,,,,0.2886823950508964
2020-04-24,1.0325717736396238,,,,,,,,-37.26518506987192,-6.2018822970575815,2.1730731053930694,,,,,,,,,,,-0.028382055358315034,,,,2.687160054458966,,,,0.9984608129394761
2020-04-30,-5.537461412530444,,,,,,,,2.52358810324332,-15.686339210568985,0.009082785807282973,,,,,,,,,,,-0.23474241990073305,,,,1.6483799852803007,,,,-9.778032619976813
2020-05-08,-3.581753728992787,,,,,,,,-27.955473213419427,-0.8002181888813436,-1.410334689534694,,,,,,,,,,,-0.011418802203010628,,,,0.3188900188965343,,,,-1.6391797818168015
2020-05-15,0.4881510147569428,,,,,,,,-47.762932409753176,0.04170292844692315,-0.49585938457606044,,,-6.891247608802021,,,,,,,,-1.776134837029572,,,,4.991587325415339,,,,-0.006985490187788476
2020-05-22,0.27213474355297584,,,,,,,,-2.983328599148575,-2.299096500665816,-0.5225596973196649,,,53.22540062038746,,,,,,,,-0.03516412405023925,,,,-3.4482975824280198,,,,2.7920022166688354
2020-05-29,0.502266855527508,,,,,,,,-6.491764641963377,-13.163991664294384,-0.009923352157893868,,,21.754406841699275,,,,,,,,-1.2428199322340594,,,,-4.964000683117014,,,,8.181385583385435
2020-06-05,-10.754248268595509,,,,,,,,-1.0847205566428153,-3.312715878913241,0.06145362274256783,,,27.49827821680684,,,,,,,,-1.5666615745667218,,,,-0.3889322133983362,,,,2.512503388689516
2020-06-12,-3.759900939909828,-0.5556756709057344,,,,,,,23.540129133657935,-20.839967302591724,-0.7883069031140285,,,-13.474805073932965,,,,,,,,-0.9604307404349969,,,,0.05807720722490156,,,,-7.901352352240132
2020-06-19,-0.7050675791466412,-9.5359767228056,,,,,,,16.716810941833085,-0.42841410933266116,-5.837193454565353,,,-4.879361333524541,,,,,,,,-0.7100297880549162,,,,0.654468021213796,,,,-0.07978980682902521
2020-06-24,1.1059182648708197,-4.008412843673144,,,,,,,-28.44497999862376,-17.645848345057075,0.002543943121372699,,,-4.750687945825697,,,,,,,,-0.14759684782051397,,,,31.303669337678514,,,,-0.28929742161657773
2020-07-03,-2.2990494038336284,-5.368371478692686,,,,,,,9.476842810760365,-21.77935312909048,1.3878000151449768,,,2.1424356369689845,,,,,,,,4.3823996436267985,,,,4.352051500038594,,,,0.6270055238843335
2020-07-10,1.70673148442024,-3.004766395460396,,,,,,,-0.03602222513522446,-9.199261907657249,0.2915917649593578,,,-9.611217675443536,,,,,,,,0.19722190496359954,2.6464058752281865,,,-29.743921996685515,,,,2.5101927289708805
2020-07-17,1.5231554305098867,-0.7887996945880932,,,,,,,-19.64635294067199,-10.637343152507428,-1.0436578651419512,,,1.8528569694554102,,,,,,,,-0.006559103363109742,-0.87224574500937,,,-4.5388754835202825,,,,7.724783716900304
2020-07-24,-6.324814658266641,-0.39235728263423725,,,,,,,-2.298452451663907,-5.797209479344153,-3.159005024742006,,,6.737624251733676,,,,,,,,-0.4878554913566161,1.0918772827981018,,,5.743466575435043,,,,2.150272140599412
2020-07-31,0.0277204272866389,-8.920035733060066,,,,,,,-51.02523108013234,-0.4859664890430126,-0.12337073445376459,,,-13.300178015393383,,,,,,,,0.19523290343333055,10.984198733145291,,,4.781073354311599,,,,-0.03825493101124049
2020-08-07,2.645482353706728,0.5432532456784545,,,,,,,13.893569203093882,-2.6804733097692126,0.6678951640369748,,,0.6201306190684299,,,,,,,,-0.39789772118738775,11.987094125992076,,,-0.4525931502053015,,,,-10.190400110914208
2020-08-14,-3.902356589845776,8.972845270484639,,,,,,,-10.632944278193168,0.029552324031424035,0.40894515778883217,,,-0.321052071114563,,,,,,,,1.4417676742606345,-0.949840221485132,,,10.670244607959027,,,,0.8248296088265117
2020-08-21,4.776145848384822,0.6335537865212149,,,,,,,-0.9472190592618601,-21.444573508524833,-0.33775426197652403,,,-24.03046261688004,,,,,,,,-0.0395136724267419,1.7595985426401186,,,-22.56590016159461,,,,2.523864990991573
2020-08-28,3.3217174359243518,1.1502587734532541,,,,,,,-22.979800016384512,-5.199630267917028,0.31304599971296254,,,-2.062140669898006,,,,,,,,-3.1461533949666265,0.826967459733749,,,3.869588204529488,,,2.3082229925452706,-0.07912184393662954
2020-09-04,0.4073766944507867,6.92296222594639,,,,,,,-47.22869030515037,-1.0351456629030105,0.04487945145961609,,,-7.510322849161353,,,,,,,,-0.11196372762841274,-1.1512084181829405,,,0.6238962968388352,,,7.440546964830518,-0.21993867164611058
2020-09-11,10.755579475700891,-1.2393436757630636,,,,,,,45.96271010699372,-2.772440933823594,-0.5870642424458993,,,-2.566179484219426,,,,,,,,0.056210817784312625,-0.4385541430237546,,,13.915846331972082,,,0.10412511618492948,-7.762888113402763
2020-09-18,3.7930698145045465,3.150049766918064,,,,,,,-1.8146676672960163,-17.075578605014368,-1.0778309632829852,,,0.84277702992668,,,,,,,,12.273146147134364,0.5330995304467683,,,12.550803409450753,,,-0.6151753483207432,-1.3564834871879543
2020-09-25,-0.29318124783214194,1.5491602807821463,,,,,,,-7.686492803198135,-5.56366901095702,0.2620731877265249,,,53.44993601825996,,,,,,,,0.17091797458340463,-0.5588336917382719,,,-7.0390861118175465,,,-0.1770164159148311,-1.039172808382643
2020-09-30,-3.4152079027181452,0.2052946766978825,,,,,,,-56.50191984928083,-0.4127694114779313,-1.0415986998003848,,,-3.527843093007764,,,,,,,,-1.4197262145311207,11.241727573685196,,,57.305722901049435,,,-0.2909779562154249,0.4733138329624285
2020-10-09,0.6572734022717006,-0.23445172267781628,,,,,,,2.285361717827308,70.30548734337513,-0.21064994436959203,,,30.331659946958275,,,,,,,,-1.1589140444615809,-3.3168926119144064,,,-4.772450792587495,,,10.76895139770704,-0.17572629717922486
2020-10-16,2.297961614796419,-3.9144030758640365,,,,,,,-26.058883723275738,-0.7225003016658942,0.7062472740638146,,,-5.526730984532255,,,,,,,,-0.9418823126918336,0.04900590352425116,,,5.451488847636387,,,-0.9017819723933296,-0.0853064778635874
2020-10-23,2.633986091533704,1.1168351167846282,,,,,,,-2.8197326850139515,-0.5541224876061303,-3.9752016730506923,,,-5.218703026044258,,,,,,,,0.14584173868033717,0.15496389599526822,,,1.621633648150477,,,-0.6224553754742453,1.3382122673252634
2020-10-30,-2.5954101220154544,-2.070556805050118,,,,,,,19.487703838205043,-4.453234540351431,0.049973275545607425,,,-4.20538919705141,,,,,,,,0.10100883218830448,0.7892049379786669,,,0.22348994847427806,,,7.477599259768295,7.410828883688127
2020-11-06,-3.922615936815663,14.6401649647406,,,,,,,15.68101340286987,-1.0523143771045649,0.012511218782992741,,,-10.44301477641246,,,,,,,,-0.015521627491525608,-0.04176431969794646,,,2.945859501357348,,,0.03560329966925657,-0.09058463702688699
2020-11-13,-1.2553651359500417,-0.04805131276342466,,,,,,,1.66674438018468,-6.954410647427568,-0.05800612840511915,,,-1.319314781891336,,,,,,,,0.13066774002871023,2.3606607810391758,,,-5.8973699325039535,,,0.6886038134625454,1.180538610541872
2020-11-20,-0.25070550205948755,2.155742390275931,,,,,,,-40.83417374531331,-8.339540162054204,1.93875776149043,,,-21.57979017494594,,,,,,,,-0.5486640332708698,-0.15977156936515496,,,-0.8744023312076555,,,-0.9085151509956026,-10.940733317159246
2020-11-27,0.23236194703144958,7.801756658221684,,,,,,,-33.54582892194548,-0.5329802683999408,0.010040227730327804,,,-10.785663290899269,,,,,,,,-0.007130826060894331,-0.5661348315793644,,,-34.30355890805748,,,0.25410385839153365,0.6224520161393965
2020-12-04,-5.085743115779362,-3.7561213500095203,,,,,,,42.06737179391794,-21.207518766331944,0.10978302301832046,,,-1.0183550862934383,,,,,,,,0.22384900848604214,12.139452126468134,,,-28.418410992352623,,,-1.3230072274015914,5.553792382208541
2020-12-11,9.578071622721847,-2.005567419874325,,,,,,,-0.0490439236847498,-20.82601903227449,0.042655389654624266,,,1.3081642120879673,,,,,,,,-1.221278584208073,-0.8774621647186431,,,0.46274809257429383,,,10.739207321335488,-0.08379270201760787
2020-12-18,-9.462593737981685,0.3294274731426592,,,,,,,-42.98931999811778,-1.0243303065013478,0.014459798341196003,,,-55.38489694603084,,,,,,,,-0.1005514737869289,11.314356540995517,,,-1.0697222905939867,,,0.1032287928352979,-0.044580263775303205
2020-12-25,-1.6791675573316787,2.1826261189405605,,,,,,,-8.49473388327124,-5.291413325417527,0.14560254895179336,,,-6.651931207221243,,,,,,,,-0.38402140318753053,-0.47214016213130827,,,-3.8271823919976105,,,-0.9980596313097803,1.5513588817648707
2020-12-31,1.1936927406829214,-7.85561228678805,,,,,,,-5.69336797378573,-8.249020223795142,-0.10209900709068935,,,-34.467777112691046,,,,,,,,1.8449482560744432,0.8214400672843434,,,59.49899064411502,,,-2.1791873148936163,-10.69787776612024
2021-01-08,6.112775143471501,-7.012721953940144,,,,,,,-44.41103109579968,-1.0018993384646835,0.0983743269023493,,,-13.971980352149243,,,,,,,,-0.26480058651770233,-1.155848689716063,,,8.080455366256459,,,-1.2195476669801901,1.5459716350945607
2021-01-15,-9.324938698388705,-3.9886080708024707,,,,,,,-49.089395473859774,-4.291824988775777,-0.688761708872618,,,29.545391652520234,,,,,,,,8.68582444222303,-1.0208423846270638,,,-2.9405700939856434,,,-3.798576094146071,0.392131644994523
2021-01-22,3.7443559762532668,2.5376865552011094,,,,,,,25.7752976043869,-6.112789356470163,-0.38542325996437565,,,-3.0361236549294297,,,,,,,,0.19738967157043266,1.04864510704403,,,6.9735422107519165,,,-0.9591692159022362,-0.12138241828975628
2021-01-29,7.821159910357036,8.22993991728215,,,,,,,-5.427619481855798,-0.7455960899670304,0.8546110403740448,,,60.70751621854877,,,,,,,,-4.868715893057643,0.04266029191103127,,,0.6782198524327068,,,-4.117385061311117,0.4932768721539902
2021-02-05,5.560001386356649,12.076107805706249,,,,,,,-8.350530490900873,-9.981152801417304,-0.6757454121874892,,,-0.839399448949744,,,,,,,,-4.566289868754186,0.0722300067356619,,,4.251671615796482,,,0.057586732908813276,7.019220065023254
2021-02-10,1.0368186217140702,-3.5757680967724426,,,,,,,-14.631893305187733,0.02594960891581119,0.24999003036123268,,,-1.801496539831664,,,,,,,,-7.891260644162674,-0.8230468793175636,,,8.407953731777063,,,0.9775522767534439,0.03171969517873746
2021-02-19,-2.051894045514374,-0.25590651419505595,,,,,,,69.36180124075727,-1.0083833726659148,0.011290611319103932,,,-34.829603296927594,,,,,,,,0.108399864136981,0.1629108435200287,,,-9.234386049583787,,,3.0693916598373105,0.6243890629163991
2021-02-26,-1.0203609682593473,-6.014237906222559,,,,,,,-27.080197552970596,-5.930120878292406,0.02463106151898653,,,-24.981260928163632,,,,,,,,1.5576980255385484,12.399335701444514,,,-0.15111926159316835,,,-12.332389157996213,1.2442470469205726
2021-03-05,0.5210747393718834,-0.42139131158862053,,,,,,,-10.364562642178505,-2.4500281412138265,0.372178508591807,,,-12.632065137342352,,,,,,,,9.599690848525887,0.3027068449980779,,,0.548736599802506,,,1.5429652841401265,-0.09382777227052665
2021-03-12,-1.772981003962984,-1.6477698209114275,,,,,,,-6.729386084865082,-6.82412261477846,-1.9529352777177045,,,-38.22015314810281,,,,,,,,-6.490696821246632,1.5970561048300012,,,1.6383459049936027,,,-0.6264339068974423,-0.04793603099463575
2021-03-19,-0.8942307640347809,2.163147190535347,,,,,,,1.2260313603890984,73.4543111046063,-0.1341408920579741,,,35.969021742106314,,,,,,,,-2.796166345849656,-0.05674444376716988,,,-0.6145839039501209,,,-0.11089190872639192,-7.523101275648368
2021-03-26,-3.189519079921656,10.508711950419585,,,,,,,-14.990977250879837,-0.38212455129157336,-0.2658459062815185,,,-4.834489626450226,,,,,,,,5.665819570526126,-9.31266671649199,,,-26.764236125631744,,,-0.10894792265732636,5.485739136043663
2021-04-02,0.7923363860744828,0.3224649380178123,,,,,,,-57.21681485017214,-8.04764096307096,-1.8762587468635465,,,-13.392474009260022,,,,,,,,1.3008330233695293,-1.3581714586588407,,,-28.6235460340013,,,,-1.3782773815923317
2021-04-09,-0.7806328542156658,0.634152806987524,,,,,,,23.293453857321186,-0.46418903119432225,-0.022280583005051566,,,0.6551361199401134,,,,,,,,9.057493864690183,-4.531730760000059,,,14.393240715424183,,,,6.119142703145407
2021-04-16,-9.362815481037968,-10.573505770418112,,,,,,,-53.58095931729296,-16.422961989018678,1.5609198382459981,,,38.259369615571615,,,,,,,,-0.6841353004603299,-0.4795585385147474,,,-0.7333777195928232,,,,-2.6128573608749397
2021-04-23,0.8490992377833528,-6.883964064153436,,,,,,,0.19847373091913537,-2.656313533635851,-0.8911875650899155,,,-6.692866394790179,,,,,,,,18.594598217660618,2.494950443089839,,,-32.269862545245324,,,,1.897758984858637
2021-04-30,-8.259398932804347,3.382555675867964,,,,,,,18.331916389189026,-8.422300157907504,-0.6474946166055907,,,-17.20220900851133,,,,,,,,6.442417883162111,-2.1692204339271224,,,-1.7939317617067316,,,,0.6317460879441266
2021-05-07,-1.8681590728523603,-1.5193923958835418,,,,,,,4.558054149799743,-16.664190612206653,0.8051475256011402,,,3.0084446630556143,,,,,,,,1.1529581972953586,8.63393194125743,,,3.670232798111052,,,,-0.006752534011042699
2021-05-14,0.5675602372362032,12.531316344638896,,,,,,,1.843774986890173,-1.031409755442407,-0.06538303602249138,,,-9.23434967689446,,,,,,,,-9.409507770497584,-4.421534784364792,,,1.2681804042534253,,,,2.5552460452294263
2021-05-21,3.5350730652399736,-0.7877267029967114,,,,,,,1.0371284773765466,-9.98955743013824,0.0739436942259376,,,-10.80118643219161,,,,,,,,-8.34879556909764,7.119342958870412,,,-31.513926849619764,,,,0.36984875123436356
2021-05-28,3.699410803884503,9.38096422554383,,,,,,,1.93227408827721,-21.495272682748098,-0.6290810049355293,,,-19.082180260716505,,,,,,,,-2.0871604304005587,1.4140209126387357,,,3.251061785760971,,,,-4.037320506947786
2021-06-04,0.06786838768497538,-9.6102139093847,,,,,,,25.778667060067644,-5.83769232074026,-0.6826722687554905,,,3.720885425596493,,,,,,,,-2.7015511616695127,-0.07985582238997725,,,13.831398118154565,,,,7.994148667493253
2021-06-11,3.3401730364078253,-4.59136894904962,,,,,,,65.94625664283024,-6.933430721695105,-0.037015634581976584,,,-5.661337299876331,,,,,,,,-9.942578317114595,1.3419467139527224,,,5.4163329167879795,,,,0.0059146360724825625
2021-06-18,4.49377006322095,-0.7673049784251167,,,,,,,-7.243074616441779,-7.642446069536849,0.10088901983199958,,,4.645080416285255,,,,,,,,-4.281148059235283,1.2703384399884088,,,-6.501956419444317,,,,0.793752434730429
2021-06-25,5.9227749851419365,-0.19166262042479157,,,,,,,1.8452405957651943,-5.335970492383476,0.015260088910739145,,,2.1491526721546235,,,,,,,,5.686557594060565,-1.1943480209495463,,,-24.778043991542468,,,,2.2441122339179387
2021-07-02,-4.8476869855720475,2.439402948305739,,,,,,,-78.36172375605675,-1.0202148805446511,1.6805476897692562,,,-21.180602695723746,,,,,,,,0.6213619918764394,0.5796878159626285,,,-0.6726696696635669,,,,0.36971898338287046
2021-07-09,0.041727676357535604,1.1965697720966175,,,,,,,-55.898486411699125,-5.248494740423563,0.18125584135896025,,,-2.9290415690528153,,,,,,,,-8.57315376814586,-1.0899637591828872,,,5.577329271062385,,,,-4.88549537952638
2021-07-16,7.620542565353634,-3.154633459878828,,,,,,,-5.1270624706273376,-0.34109311575532575,-0.8965964302302396,,,-40.239721344529485,,,,,,,,0.8796028181833687,-1.0401208703060525,,,6.831055209548623,,,,8.3160583846918
2021-07-23,-1.286801988508683,-2.1196637212709586,,,,,,,-13.137603220247176,-2.469324879697739,0.19394943314812751,,,21.49704360065224,,,,,,,,-0.04576234737242757,1.2007925627448164,,,11.447711671510376,,,,3.6659347161927327
2021-07-30,-6.071170884738007,-0.3896022504284813,,,,,,,-65.02151938163568,-23.009351542092773,0.004710822082955683,,,-15.466447176863218,,,,,,,,10.81093025999534,8.834071257793328,,,3.2209266970040327,,,,5.54901525870468
2021-08-06,1.4662709558842082,2.312509289064943,,,,,,,-17.16458134139947,74.45621152178956,1.3049773661602706,,,49.49061870431417,,,,,,,,8.928821686000882,1.2676993555193492,,,0.5974711860151453,,,1.878135422362098,-3.5850177258419755
2021-08-13,4.609538789209948,6.054286579472564,,,,,,,-9.37991977682426,-0.533222260879173,0.0337299596153568,,,7.395042092445752,,,,,,,,-1.8130603697259209,12.378087372791818,,,-3.345019035207683,,,-0.06062577807483705,0.3775916748456897
2021-08-20,0.24694149957962155,7.792246174065903,,,,,,,-9.615473062152944,-0.7417807152588396,0.1940976928710913,,,-13.695569891423489,,,,,,,,1.6019285381875985,-7.956198706365148,,,-22.456355500873578,,,0.17532767952697376,2.7847474568810853
2021-08-27,5.399130739093854,-1.348084272648943,,,,,,,20.826445458163864,-0.46404286418648777,0.5000035011445116,,,17.70831856256002,,,,,,,,-2.442652024281074,-0.05916438524108069,,,-4.669731083667318,,,-0.025801480356374685,8.566868772017088
2021-09-03,11.943947214565869,-6.936570317046849,,,,,,,25.339488157953713,-7.772154481221188,,,,-9.952767098683413,,,,,,,,10.117020952049053,1.1784948854307955,,,7.538557663135238,,,,4.812656479254793
2021-09-10,2.0071310042247013,1.2187475945494084,,,,,,,0.4387080681451305,-1.024469526008661,,,,0.27201426722317934,,,,,,,,2.082015357008717,1.5817031771734904,,,2.1258302191319913,,,,0.029417826853009726
2021-09-17,-2.0877174903599336,1.351964584104392,,,,,,,-21.240980691236867,-3.111673513836138,,,,10.35035835715489,,,,,,,,-0.2913155880303435,-0.5781162943893576,,,-0.2006470253930618,,,,7.901704175908541
2021-09-24,-0.8912323459900497,-2.197117395940193,,,,,,,4.4114944262178515,-1.2310806100869502,,,,-15.06534813099789,,,,,,-1.8870980543511653,,6.280017432359057,0.17333497796999522,,,57.603040662771534,,,,-4.956531782661742
2021-09-30,0.3193582547009226,-4.030015238145761,,,,,,,-38.749609554884486,72.6223928188716,,,,-12.182074579809088,,,,,,-0.653622167719671,,-11.097240951374589,-1.059931825457141,,,55.815979234091785,,,,0.7934729056415599
2021-10-08,0.6702293910892577,-0.559776684273926,,,,,,,0.014565760555648954,-0.6204245183447601,,,,-6.6703070333943,,,,,,30.925140438044746,,10.959947353406433,-4.857093277959886,,,-0.8256810763780321,,,,-4.978407744152133
2021-10-15,1.2101665931361185,1.4641153319594262,,,,,,,12.563884689572289,-10.853066244742669,,,,-10.538427999497053,,,,,,0.13273971937037785,,5.5040466005032815,8.86133749105635,,,-2.9389062158236294,,,,2.8803018365341764
2021-10-22,6.545674210225977,8.489705376646574,,,,,,,20.311987239230845,-10.390908231954691,,,,-37.66746501284156,,,,,,-5.758433421737388,,-6.967759541294894,0.33870911104810936,,,-23.66835690495961,,,,5.49587566071927
2021-10-29,2.988306128315954,4.090286504772463,,,,,,,33.08397842061651,-25.032129095071408,,,,-11.4246018371066,,,,,,-1.4020970409808795,,0.7295989132931489,-0.08281042132421294,,,4.2953502787328794,,,,0.14445817134110317
2021-11-05,-9.411612872207346,1.3791603847004472,,,,,,,0.5851424489247039,-20.46170177395358,,,,1.609422538546064,,,,,,6.751932041172504,,-0.4452908879834694,2.099244418095879,,,-24.76846267924398,,,,0.8320890848974472
2021-11-12,0.2846403960369692,0.10079794002101997,,,,,,,-43.8574175034188,-3.6524661788151307,,,,11.803028400045976,,,,,,2.292317536418941,,1.2415923141691485,1.053463044310551,,,-33.74008031480127,,,,0.3040190958202246
2021-11-19,-9.725662853434963,8.699971684272962,,,,,,,-51.85551169374731,-5.579980498202952,,,,1.3670032077064143,,,,,,-0.03866803420686152,,17.892603212729522,5.947315436673916,,,5.807081042266484,,,,-4.821390183995174
2021-11-26,0.8305991135142289,-2.7503968800099408,,,,,,,-30.740473699329982,-8.401623589840426,,,,-8.758428828339012,,,,,,-0.042182652611553184,,1.3720255632371865,-11.30429407247094,,,-0.18946743808383518,,,,7.6111757206106665
2021-12-03,-10.405963447603291,3.9760675745841043,,,,,,,6.148676488671035,-8.722190464841805,,,,-0.045339051514425965,,,,,,-0.40005972557822744,,-5.933304356104185,-6.022269691854732,,,4.594668210705448,,,,7.654212312527758
2021-12-10,0.5921556877958212,-3.9903932955738757,,,,,,,-12.078278212915079,-1.3049890340195267,,,,-0.8040040375552144,,,,,,-4.4649299542859895,,-21.25986213050909,-3.8983324498159533,,,4.314496852154477,,,,-4.958249178606675
2021-12-17,2.163878299635001,-2.624544153517974,,,,,,,-2.7413663775266084,-0.5389979257762973,,,,-4.286820962271745,,,,,,0.04542592306096033,,8.232056038686938,-9.405790530460251,,,0.3215465513965422,,,,-4.962875957059229
2021-12-24,-3.3359547913717327,-1.072622644492808,,,,,,,37.922676792356185,-6.1483411870519,,,,45.903968794551965,,,,,,-0.9777028072938299,,-36.69458240703874,64.44083893210872,,,2.7916116303124365,,,,0.31586994162447624
2021-12-31,-8.374793085813941,6.626882135236123,,,,,,,-6.244187328434135,-14.537387791332012,,,,-3.70082755308069,,,,,,-0.1284931020787262,,-4.184009415335425,-22.178635699431133,,,8.578886292256012,,,,-4.765594974520997
2022-01-07,2.5510273378750044,5.099208824592435,,,,,,,54.630690695715906,-1.1423624891209125,,,,-44.24186271683778,,,,,,0.5118700069748171,,-8.172346467974416,-8.522260617773405,,,10.983636699255102,,,,5.593975556647591
2022-01-14,4.049666334092589,2.6286095571201447,,,,,,,-56.132664717164985,-5.94772387832393,,,,-31.056769713969448,,,,,,0.26133731260839327,,16.965399027474337,-13.00805446759164,,,1.7010389611907808,,,,0.13678177159570828
2022-01-21,-11.53974673207235,-3.5367327341997377,,,,,,,-59.880102756612125,-3.478789914214399,,,,2.1144125928432644,,,,,-0.45505276863881716,-0.10242151934675153,,2.7079433527994063,-1.962837563169094,,,-4.422375127357509,-19.952995332934453,,,6.116081813563251
2022-01-28,2.617131177707824,21.515978342228212,,,,,,,19.04864545841148,-0.8575603828012113,,,,-17.284173121762226,,,,,-0.4713320838539733,-3.9812004250136295,,0.7567075823408089,-4.245811088514011,,,13.202440427089723,10.282962091496161,,,0.8394622767919082
2022-02-11,6.378610288964109,-0.8036007590301943,,-0.3509415368339535,,,,,-2.0046469650339036,-3.721024002968077,,,,13.503645417375157,,,,,0.16734031401160612,-2.4207345481721094,,1.5266326543541442,-5.690254579989531,,,0.4790777338070804,-4.314991054351769,,,8.114320949149837
2022-02-18,6.547080225678821,9.184834503921772,,-1.3158186355571586,,,,,-1.3540535557727134,-9.263329544102234,,,,-11.322844573358415,,,,,0.08720790990572291,-0.8764299914480195,,0.15552699004939136,-11.23397703042065,,,-0.3955527857445289,-4.514749539666278,,,2.912281763022012
2022-02-25,0.6594135376913922,-0.29901341500363143,,-0.13886317022897338,,,,,3.3021557667207744,-1.2814141390180365,,,,27.838268353098776,,,-1.7946483820946457,,-0.03590989425703828,-7.835708958528123,,1.0758154337703594,-29.75994274442404,,,5.360632103366877,-0.17307424701502638,,,4.5611692333608715
2022-03-04,17.47747314839809,1.5688377113611542,,1.7094715671288405,,,,,-8.444047023005787,-10.916685678825653,,,,20.542604477913414,,,-8.04310785097205,,-4.080961691791619,-0.29484039134767304,,7.222862891155019,-2.6939814358732863,0.5470765005591118,,0.4249838405344893,3.0122426102627737,,,0.37552708959726755
2022-03-11,5.443484379142957,3.744577922325389,,2.513714407378917,,,,,-0.4527778580042878,-0.6216027877309735,,,,-0.4756440903169062,,,-3.4213631845854833,,-0.7190707786728292,-3.750404840096223,,8.397680593727086,66.30321488938863,0.003452913328145163,,-0.7575299900017569,-8.191746508732722,,,0.13339619399237673
2022-03-18,-0.14900962472885534,-1.9096631253259804,,0.751836087166303,,,,,-56.86837424641304,-20.975030365325026,,,,-18.186630655677988,,,-0.7805832509435252,,1.1252084899833796,-0.01831609863783059,,4.214892815150473,-13.08646387434868,-0.4153324582290985,,-22.063061820385208,-0.5155388515356527,,,-4.256123963759817
2022-03-25,-5.8069699043626155,-4.941842787135657,,-4.461152892861931,,,,,-22.362202069716147,-3.4123617457800774,,,,-15.652343230130102,,,-1.747331616827762,,28.76303720700819,-2.001466361552445,,3.9780560678034793,12.653461935010602,-12.924754122137806,,54.978463112407645,10.039178711018254,,,1.8751476135145406
2022-04-01,-0.5633544893503756,-1.210851849807743,,,,,,,-6.54721125781536,-5.494164004758036,,,,-4.988311125551021,,,,,8.13105528159094,-0.25639719925274684,,-5.258605460409212,-3.0041342245745835,,,-0.3768929963010007,0.33212541564037223,,,5.799874616632502
2022-04-08,0.06958796760760208,1.5043385571761991,,,,,,,14.863945972946834,-8.309963548316116,,,,5.184761559595721,,0.17349248685898594,,,-1.8024570232298986,-2.8530013197201773,,1.3496996712255558,-12.416682723953388,,,-3.055905990869471,0.6970009322359074,,,4.913516033346264
2022-04-15,-2.659490872676253,0.9029177890169412,,,,,,,-4.402982676776762,-0.5417668451930144,,,,21.043721913008,,-0.15164161595664727,,,-0.07985017920605664,-2.121879912385394,,1.9083693563448627,-7.414479468614557,,,1.6825718608386284,-2.204703713279532,,,-4.139561764685084
2022-04-22,-0.6825967204890848,-13.005351737496323,,,,,,,-25.850961903872122,-6.010159144731882,,,,-28.88444856394406,,0.03962768133435695,,,-0.43054939835445255,-0.011988951466674993,,16.67144086902078,-9.72170965048573,,,-34.42428183019051,-0.9928218062897891,,,0.9161501273003889
2022-04-29,6.6663604131048695,0.1758127662749947,,,,,,,0.4099139965148081,-1.1222665246293317,,,,50.76700101007431,,-0.6462175216504589,,,-0.16527741250602293,-0.9450863708717677,,2.016896939689105,-4.534705535707841,,,3.60247078895031,0.2161032799186381,,,11.4714372109932
2022-05-06,-6.973642498139613,-3.259408774859353,,,-7.328265780945065,,,,-0.18251523813705728,-6.384983293075919,,,0.4892435913905655,-12.103185775771193,,-0.21564483040754573,,,-0.6495419745340357,0.1956701926094943,,9.853679511727874,5.829564203274556,,,4.389594439865981,0.9185842410252011,,,6.29701536966466
2022-05-13,-0.4822272197691301,0.7090081417585852,,,-8.379185181404262,,,,15.59290082928381,-0.8582018069449381,,,-0.792179636260682,-9.163468587285568,,0.7901900852662207,,,-0.06853849860481057,6.790923956676153,,26.789285135685276,-3.806714142517756,,,8.328613146707541,-0.03177314143695355,,,0.23530075026753622
2022-05-20,-2.7672601026272945,-0.03591426572540884,,,-7.591990440857073,,,,-2.4717955499765973,-25.46751914317538,,,-0.11456100934107785,1.0929372801244048,,-0.30444653755391826,,,-4.1965684131598024,-0.1177048967362007,,-28.11133688052328,-13.955136150368721,,,0.27286551671089165,-0.04126746205647709,,,-3.8313907730665058
2022-05-27,10.147300875585863,12.001369760298847,,,-0.026192810130990923,,,,2.0452694487909193,16.25100314796835,,,0.030117777669827775,-11.497239863953414,,-0.1640045338433714,,,0.11271687253117142,-0.03468271818481727,,-18.497019562282233,0.13711353896698064,,,-2.129239796556031,1.0914009689699284,,,0.9554383914952492
2022-06-02,-0.18127227416638458,-1.0467834912415555,,,-0.2175087136787564,,,,59.8163791147712,-13.267729580609569,,,0.47959471714008084,29.645831739794765,,-0.0262119399968365,,,-0.24443300152673084,-4.600945112521589,,-20.164574021713843,-20.428895391510892,,,-22.287741666778025,-1.2342775526135101,,,-21.173902013144534
2022-06-10,0.3017371096679484,-0.24087210598199466,,,-2.878404905822089,,,,-36.506019197320505,72.3621492535274,,,-0.8149897367519121,-8.63113050906926,,-0.04435312515369121,,,0.01995474328215749,0.30361651824497626,,-6.912045196785307,-1.3623325539174047,,,10.692537431618323,0.28567373714367894,,,16.096077310660682
2022-06-17,-7.437399733514522,-0.3851288635358894,,,-5.198424994367827,,,,-1.620572109484942,0.8453885434061039,,,0.02889724727849341,1.0973038938688753,,-0.4918282015222789,,,-0.643073040019476,1.3611549290087628,,-8.469720086977247,-15.334845759085574,,,4.189751950789502,-1.7321129818558745,,,1.374276115762844
2022-06-24,2.718784078056879,-5.380933328678985,,,-0.1347660577476936,,,,-43.43544872810552,-5.439309137403716,,,-0.09968347818572149,0.15361143073696928,,-0.015001595720217555,,,1.1899470494621953,0.23056115899547105,,2.96622770233555,10.983601457563406,,,2.7277245454373626,-0.4745293767172167,,,11.507543877561487
2022-07-01,-21.999292360773776,3.078420699985726,,,-1.0427034498476508,,,,-47.127070743165035,-12.345173371515871,,,-1.0262169689198883,0.8587667325163713,,-0.04500677132461504,,,0.00632889259439956,8.172838532511012,,-5.4297766819780175,-5.9082314579798,,,12.619134185474824,-0.28899578323137276,,,11.562661270762927
2022-07-08,8.613719252899417,-0.6417363098041666,,,-0.24918902597724205,,,,-6.873024189478108,-15.65041648791404,,,-0.10529088336422825,-3.203066380386805,,0.03845691703347316,,,-2.0827430065314285,-1.2477652943688144,,-9.934370676644676,-0.7080575131073452,,,-0.19738078829407182,-1.123824997797223,,,1.0229013077347318
2022-07-15,-0.19814542060190277,-1.4888336000251368,,,-0.057689387772076765,,,,19.84249679621,-19.908451278383154,,,0.008124273083380833,7.029811247890775,,-0.23942094995810115,,,0.022565011886859013,3.0411294177776274,,-14.489563383761364,2.6503738097986895,,,-2.8155482241298877,0.004299421806503339,,,-21.911390102335695
2022-07-22,4.5253662749542425,4.3920662297758994,,,-5.831903557655278,,,,-9.643538547021842,-1.5944897952899073,,,-0.9051802706474582,-24.093713149055354,,-0.35951998888721093,,,-0.14082927503690967,-0.5547494957656592,,1.4015633824867608,-5.416952360827059,,,-5.582024644267461,0.17466531418284714,,,1.435884418267149
2022-07-29,-3.366114710676774,-6.422517700748965,,,0.06476026458495221,,,,-3.7496877869983196,-7.548376382702015,,,-1.140649694691074,-0.8918189962656373,,-0.6083180430326185,,,0.153054385643247,-0.7985958482702481,,-0.044263690354330976,-0.8863745963743761,,,-0.7745591580580209,0.29563882801949015,,,12.368356910445439
2022-08-05,-0.18227371700334882,-0.9067026283935378,,,-17.210104716053728,,,,-47.370393691250875,-1.797331843068866,,,0.5303005881998982,-17.37094059765765,,1.3618188845533046,,,0.364458626958185,-5.9471847084019265,,9.16673810498428,-6.457570808062963,,,-4.912372894094018,-0.5802137178534482,,,7.126193186830996
2022-08-12,1.5613350572960243,-0.8209252104143134,,,0.03077034859749364,,,,59.11793950590979,-4.494679700789583,,,0.014299813285937761,-27.1111287160362,,0.03711965011143439,,,-12.90714064801969,-0.15935347949756856,,0.6531873261127209,-1.660257729872851,,,1.2069530305272818,-1.0106136655332665,,,-18.728744017641517
2022-08-19,-11.253780213531423,-2.3320211606073205,,,-3.6698839976847744,,,,18.947401143075005,72.50884097967636,0.20973140469729906,,-0.9642883876291684,0.12494567133051038,,0.007840346509383006,-8.606230327801992,-0.7760232754642458,0.6612402821129946,0.005719796488033488,,-3.3070047772476263,-3.168523311019343,,,6.469853785430769,-3.1663916307650304,,,0.2705285988213391
2022-08-26,29.636559862064452,-6.366954256944018,,,-3.5479084049523997,,,,-55.88226213998225,-0.6125562756319861,0.011788163196209483,,-1.7545784445813966,3.4406524678820536,,-0.5903287632095131,-0.04999872253489706,-4.817845518141584,3.480714451802047,-1.483618231776273,,-2.7701764989028868,-0.9255283373926863,,,-0.993569109810736,7.742576801748925,,,19.423428454295994
2022-09-02,0.30772026445328415,0.12466976060688117,,,-0.1245310495841407,,,,33.72578565710137,-4.232859844386083,,,,-2.4479008286314308,,,,14.821613152249265,-4.398992741417853,-7.7464346495103005,,-15.150404589614897,-1.6109100212738674,,,-0.26726255441104313,-0.9837778262940463,,,-21.20226485670691
2022-09-09,-16.356582217883798,1.5257980344766047,,,-5.111071603864814,,,,25.139726141857146,-18.649944819982846,,,,-4.2378940898541035,,,,-3.960831398854873,0.40924512836037125,-0.25004895074989225,,2.446255782097295,-1.917322488309032,,,7.540576237030871,0.004014948722335461,,,10.666280177416287
2022-09-16,16.306545263568513,2.924683114903826,,,-14.26813012645017,,,,-7.441176139503411,-12.349968353370478,,,,-47.30317656935517,,,,0.10340849529469873,8.889987077119144,23.58956035678948,,16.637643919558055,-4.5009245640814965,,,-0.1265585264743429,3.0354452687903355,,,0.25849530625951694
2022-09-23,1.482476199441943,2.520581420586673,,,-1.147762314949719,,,,1.2527835457825036,-4.4117724801779605,,,,0.13689656977044978,,,,-1.1283710887809675,0.9830840944599981,-0.7197284689469706,,4.283582449410809,-1.4033176343707294,,,48.037944744611835,0.9704170213058697,,,20.181990819212633
2022-09-30,-2.074105804795279,0.6200841781152011,,,-0.04162326368567497,,,,0.6839145057828491,-14.68229191678476,,,,-6.630879898618349,,,,7.0892246704041,-1.2565531160663652,0.1490920574093164,,7.093880665652631,-10.909510123379988,,,1.4437432182083927,-4.190237855866589,,,8.191687964865409
2022-10-14,0.9512784712075958,-3.3452059835797945,,,-0.7756935296929364,,,,-5.644629831994683,-4.92695906463231,,,,-4.474768422011945,,,,-3.212942565260808,0.20007777116103742,8.229067765339767,,-6.917226380513997,-4.895007993564128,,,3.832676413664163,-13.02064975186082,,,1.000814270463446
2022-10-21,7.725495497885139,-0.14176519116577196,,,-1.6014865415080097,,,,-8.611185478855479,-0.7038831780258118,,,,1.0495643725362438,,,,-9.663832719857865,-4.515624162793567,-1.261486970300959,,-26.819653239227645,-9.189956108529525,,,1.6540121436992132,-1.2153730658958193,,,7.600390818557573
2022-10-28,-10.020267939720126,-0.7603636329814519,,,-0.30525571871084867,,-8.297191040782161,,3.5325084689472943,-5.929970914701087,,,,-8.718169559166995,,,,-5.256375998609174,3.5239350352514576,-0.0065942594109411265,,2.872983262820287,5.304174080408179,,,0.036662696531636396,-0.041448751946741386,,,1.3665135282096013
2022-11-04,-12.789478441216794,-1.6534721636066878,,,-10.829918390080195,,-0.41618128977050106,,-61.61095876786576,-26.207859365848574,,,,-37.945441246200836,,,,-0.31389494515202687,-1.2432722858030874,-1.6475219491595914,,16.58136619672492,32.89718186970992,,,-0.7984594296248237,3.7996860968612673,,,-16.19994767727608
2022-11-11,-7.367215912602654,-4.038914028767137,,,-2.9946358347447557,,0.003426658863450123,,4.95735072247922,-27.69345400123679,,,,13.22210239503973,,,,2.676539127281959,-1.2744514979953379,-0.5956036373955387,,11.33614196988581,-3.735612386554094,,,-6.721198110428852,-0.08920885671183323,,,-21.373203802930355
2022-11-18,0.6475514146628658,-1.334123039348868,,,-4.829307442152161,,-0.07208732628271755,,-15.06639885515534,-4.8066982717980276,,,,-9.987949995201149,,,,-0.5434208184722502,-1.585182111220338,-1.537699258212932,,-7.310851114833019,-4.8536508357896295,,,-33.665155658996895,-0.15290836008914324,,,1.4443363102394855
2022-11-25,-0.4427633819605772,8.659244818737555,,,-4.982829296357473,,-4.570067625353952,,-8.394670001119193,0.4679589659205883,,,,32.90817559890589,,,,14.70610042737514,9.363083627517474,-3.346777780714171,,19.18751191511378,-5.434596679920526,,,2.941481031849886,-1.4068276429068836,,,19.615316437202587
2022-12-02,13.117012904737145,0.1577998397047775,,,-0.4842675935686612,,-1.6514046892298058,,-40.59011107543023,13.506799569910463,,,,45.330264721833274,,,,-1.9753482644042826,8.399254943417878,0.7596328734655455,,-0.1931351939743049,-14.650251726830215,,,1.7744179355609644,0.5913593846542168,,,-13.690401488041523
2022-12-09,1.357307891610724,17.876372603304006,,,-0.6029893222733542,,-0.7335920232338833,,0.455464192210178,0.7800047112067966,,,,-19.988853250112324,,,,-2.3305580081988437,-5.6260833817624105,-0.01260400741705869,,1.2050233395029375,0.46130877412691146,,,-1.0110686882661017,-1.865635281144015,,,7.879731465348443
2022-12-16,-13.076837762139421,0.3760412564978687,,,-7.495215325603618,,-4.6539309124183745,,-1.0242805974389317,-12.940016449259804,,,,7.500418307373602,,,,-2.094116855728046,7.572644596086594,-1.3124393612360932,,-10.197168246594428,-14.001375297231299,,,-0.3133766909547928,0.8252010121048546,,,10.492858539506773
2022-12-23,1.1397000354111817,-1.8400776864084882,,,-9.771267684008672,,-1.905840251670591,,4.275166117516127,-14.37509764327108,,,,4.708265348515766,,,,-7.417938374312325,0.3162887226529649,-3.388909473579073,,-10.841236766363753,2.815702391947563,,,-4.293014235758001,2.367362860705406,,,8.291122580297484
2022-12-31,24.64005806663742,-4.382011093345942,,,-0.13281491403760615,,-0.2852386872762581,,32.6501220502158,1.6901737163771482,,,,-6.08221696140358,,,,4.586474984748969,-0.19074754272411956,-2.892546731181291,,6.6506059889432985,-8.252140830268377,,,4.630357621238017,-0.09818830698734991,,,0.9875879978093947
2023-01-06,1.8395543801370033,9.023369024499408,,,34.11492088420678,,-0.03702989833972238,,-9.361320702686697,-11.889334262944411,,,,-4.783253688018915,,,,-0.08319655534437642,-1.5097681715459519,0.006599773623074401,,6.118103904840401,-0.9563446346167135,,,-0.13272829696870153,0.20028095169612437,,,0.257432583471493
2023-01-13,13.236619185116709,-0.012386330263669698,,,-7.5378673726782,,-0.10104595287369145,,-0.2544370511981717,-27.512673324490454,,,,-5.654559267800708,,,,-5.600444768437013,0.5023842121223208,-1.6665867600757585,,5.4742260116272,6.071449108820514,,,3.479217958149104,-0.6394904458034972,,,-20.754625996297698
2023-01-20,-1.065020165614583,0.18493201116450586,,,-2.591577817373254,,-4.822259277733966,,-13.636692616104469,3.9991769360031584,,,,-3.396136020009426,,,,0.7561152317892783,-0.5419670011421658,0.8752271529114252,,-0.9537440119747493,15.418557952955833,,,-7.682016901087583,-0.04221262526947027,,,-12.284181553092003
2023-02-03,-14.621780334231667,-0.16512489780627504,,0.09243410025156126,-1.2883993305808406,-0.14262479750076093,-1.4193572788021092,,10.355858823302114,72.45243347772053,,,,-9.699059657199388,-4.404986894390806,-0.03627282334948829,,-4.0055578537343575,6.754375261038915,-2.2168092796134244,,-26.837611129624342,8.657807006310467,,,-2.9485141236054555,0.13699330191513232,-2.3489004719627715,0.008602841888745608,7.441694589132075
2023-02-10,-12.84113278820467,8.022574585057544,,2.3085040652218747,-5.716436345111032,-3.8474868663371407,-0.02173755996068378,,1.9565126231293384,-7.410874005340593,,,,-6.595487256088527,-2.690082039589906,-0.624638009183314,,5.658278946940708,-0.7919863811117468,-0.11748153070512744,,-24.55562787096909,-1.3070009785499987,,,1.0263773153325104,-1.1214532993422932,-1.6723074735919887,-2.2483385015109785,1.399555536203335
2023-02-17,-0.8320056938326921,1.0564488101079064,,-1.5749733180718437,-7.580524731760927,-0.9815266646339745,-0.1188236732537375,,28.3570757728055,-1.2560935967458184,,,,-4.193094754609946,-2.009029318483443,0.5916776882620931,,1.0906018354888083,0.16265208648603335,-1.7374329536080584,,-11.089296613472113,-1.4583322907624157,,,-0.77792398579727,0.1446726868794153,-2.649403551255861,1.3415061222526483,19.20355181785713
2023-02-24,13.57127964115912,-0.8383128626090015,,0.8982286418626718,-0.19517955926373706,-2.526717446331675,-3.005731837287236,,-46.11137803198887,-3.404948599595516,,,,17.76475243458305,-0.2826262442992891,0.0026401758816409354,,-4.270820019114013,-0.19365543366599813,0.2588672167755641,,2.9656281634197437,-0.2992734727925571,,,2.8254282380517037,-1.0563821624127092,2.9362789434578684,6.773954914358699,0.21074145510768427
2023-03-03,-11.323478150344801,2.731331981351073,,-4.292343858731746,-3.4261499798894706,-0.11390285554175983,-1.9153957890656672,,22.011911882844593,-1.790254654899331,,,,-41.89062369605085,14.753312937159782,-1.7490255549915283,,4.957464222339836,-12.898997849370534,0.09892849788611903,,2.630882028054511,-4.069027930886354,,,1.4293024447274962,2.295563515866053,-0.13810054207590491,-0.5244204948270802,7.167274817702561
2023-03-10,-0.006311978306537597,1.0359627521983665,,-0.14413089708584859,-0.3130170349504162,-0.06886462404418431,0.22863740706618862,,-26.49667084085213,-8.491569557426297,,,,-23.00247925852392,-1.8642051621442768,-0.04652496416815273,,-4.654659658569005,-10.56804245198725,-0.10885074056205785,,29.266798408654395,-0.0968178901037801,,,-0.012927485680229417,-0.30136042507424565,0.12823927193690482,1.8508362965906906,0.8359327154971827
2023-03-17,6.024877099619408,-2.511405187599024,,1.069297123371474,-11.177164877733667,-1.6584513345327476,-1.1369711211836835,,0.4159745479258724,1.5111077045830346,,,,8.980897363991192,10.845043208022318,-0.6174871358281797,,0.319938019579749,6.675397015990187,1.1255472842839578,,2.690117227683371,-0.28935981456768767,,,-34.34410220035313,-0.12671356919824603,-0.1213228276238946,-0.5373948285476612,10.14221248128166
2023-03-24,4.893030995394827,-2.0593900974403754,,-1.975682219144602,-5.703109389178207,-0.6756525346112706,-15.413819495667237,,-54.48797529888359,-0.32646759119838076,,,,0.9881281999346113,-6.588323280226143,-0.5328914509733367,,28.10780790164765,7.939324123882108,-0.5404609613796064,,8.973512128716228,-5.336323049261248,,,47.91118649228903,0.6290126558646256,0.13029857532896094,-0.0691870839551616,7.35508885439865
2023-03-31,-12.492716690842277,-0.5662138813843858,,,-1.1871600843457444,,23.411336920270532,,56.5044784922185,-12.72104073732762,,,,8.462900742334773,,1.3239847321151021,,-0.328108028195578,6.1517530975121675,9.236899216485162,,0.1502647022489349,-0.29294552734367363,,,1.4058009266281646,-9.94164166090091,,,19.212837934228617
2023-04-07,-1.2852781512631946,0.7005320410385059,,,0.4791031307495939,,0.060487105584963285,,-21.731828413841097,-6.217180364264249,,,,-17.616120596887193,,-0.1864797620738443,,-2.3919081237240367,-1.6392381669548861,-0.8639350034677097,,-7.625330438775859,-4.743752814961314,,,-3.167657468801995,2.467638505281282,,,1.3667317010854527
2023-04-14,-2.4704663722265705,-6.049091618878894,,,-0.3512794291930972,,-3.0604042311382367,,-62.64181767815611,-12.556160030325701,,,,-33.671018463611425,,0.028192444474128334,,-7.7789278015875105,7.0787711736431955,-5.634274518180716,,2.473004227621143,4.281219669856472,,,6.321945468171663,-0.05967061991168576,,,0.7810442723949809
2023-04-21,-6.072495467384229,-4.950065043819253,,,-0.11682275329532094,,-9.22733005369159,,-0.853465127397935,-15.733401777575155,,,,-4.879678163142818,,-1.4730679366097466,,2.0158917915419057,-0.04823257118258764,25.95551955422699,,3.1520742493060743,-6.491452729328776,,,-1.4853866734562509,1.1964063462158296,,,0.20044716522631434
2023-04-28,5.720424178177291,0.49449814138840575,,,-0.05657808365292161,,-3.287191056800934,,-7.416519928063281,1.0158317909797974,,,,-1.3171340870436845,,-0.0342733232309353,,6.267998628765412,-4.163933531308198,-0.0263198853922638,,-5.629786075661729,3.3091709147670003,,,7.429198288589881,2.2303891625585623,,,-20.80845442580008
2023-05-05,1.8681905718286003,0.7684700540308217,,,-10.532527256181371,,0.19354028701926962,,-41.34134130716751,-1.8092435029573009,,,,-0.4231502660253632,,-2.2159773493776727,,7.7011662824168345,-0.9919271447452522,-3.12839007802175,,15.174470484593105,-3.0315048650448055,,,2.919011391308012,-2.1686871763464546,,,6.665541958464038
2023-05-12,-4.373867344010869,8.629579939566293,,,-9.90656945114496,,-0.720758039824781,,0.3110393294458491,-9.50192833657226,,,,-8.207743928727334,,0.6541500090658481,,5.702332174934797,2.3668038649408247,0.1463679453106995,,7.92322829765203,0.9779324485852616,,,0.1971517147304023,-0.5426608690886102,,,-11.26923810536931
2023-05-19,-3.3081512916937097,-4.193015469397832,,,-4.836438943620035,,-0.8697812079340741,,-19.59232309762871,-9.532672412122434,,,,-1.7299478352141782,,-2.068398879465861,,0.7126331509160323,7.354143720994109,-0.5853041315025842,,-1.2361966211809392,-4.1033563388466066,,,-0.12495666309745218,0.6520343520890821,,,11.02938924174439
2023-05-26,-1.683036972915204,7.951203324232475,,,-0.5895721188115957,,0.22185095366341667,,-39.89721913275231,-5.511408080474542,,,,1.8035059626798104,,-0.010120405629340384,,-0.5868960466239052,3.9671280421505486,-1.6104788475621667,,17.925282310708408,-0.773312725753043,,,1.405673784303052,0.1541029796859419,,,-21.166425801586954
2023-06-02,42.89239125984322,-7.769532145421866,,,-1.0482178136018632,,-4.238738493073079,,0.47834984898193333,-0.16913918989230226,,,,47.4110575250874,,-0.8310491522073836,,-3.9900539855818318,0.9835150668481918,-1.4350944765998797,,-22.98256421222193,-11.66724998312599,,,5.8400049113385695,3.604350337516808,,,1.4009865344892876
2023-06-09,12.573741968982908,7.616149524863787,,,-3.4545816351682213,,-8.302688750294383,,10.719257473896366,0.4018970250792263,,,,-14.944863691214247,,-0.08188527785401152,,-3.6309114638854205,5.1270269558126795,-0.321467660576143,,-27.055537327511946,3.374303696057791,,,-1.4138931464305777,-0.058605088010708434,,,11.766052006640773
2023-06-16,1.1129801530707275,-7.173279253391028,,,-3.637287077059234,,-0.7720977080201625,,-4.992787506435491,-4.808957302367679,,,,2.6404304093559494,,-0.08642762762586713,,-0.3482689896068272,-5.35382087601642,-0.01768397609351333,,-60.62314709258909,-7.068878969500783,,,-2.8380389081364275,-3.8946147858046265,,,19.02350637751975
2023-06-21,1.519990282902581,0.7405052813924858,,,-2.685695304627991,,-0.007702336776436086,,26.398955247366864,-3.400350221793692,,,,2.896284765868184,,-0.01358567204161927,,-0.4085612145750166,0.25636617958017094,1.5080846852582186,,-33.2278941651988,-3.214463120366679,,,-8.276551451477122,0.2181603697055292,,,6.721002479991167
2023-06-30,-17.478560759807305,-1.1235140787570246,,,-0.20304020469799816,,-0.07789987645288049,,-7.660823267773852,-3.329922310330726,,,,-12.627170333714199,,-2.135334432026357,,-0.48978020258779753,1.7426227376395431,0.09960936471732644,,-11.59151485432012,15.152460505116114,,,1.3302666806824366,1.3291893434375537,,,-11.274490915404463
2023-07-07,0.4445014602043411,0.7248798139715964,,,-3.025635337351675,,-1.4838165559129008,,-0.19501138350606886,66.83143904355535,,,,-5.620050286148007,,0.6778522847039969,,-1.5904216221577374,-0.05213927945978359,-3.365114754437226,,-1.4530654767473328,-6.576517159832848,,,2.7834956664654986,8.913053216063235,,,0.7095719561394832
2023-07-14,-8.033961680057523,-0.08124882845620787,,,-16.181290707533456,,-5.035658772416629,,-65.90689969293925,-0.8666430174807009,,,,-11.336369662788567,,-2.3173787879619736,,-0.8091621964413588,-1.7434219918173361,-2.0315576190693343,,-7.9131911038987335,-6.292363442803107,,,-3.259378319122482,-0.046407297004996684,,,7.390420193190547
2023-07-21,-0.12200267316689295,7.769317778444944,,,-6.780974415753736,,-3.8267373230282793,,0.6969571686777463,-28.726234966896637,,,,12.912135280734425,,-0.8483193402456121,,-10.415903203392906,0.5164928719354834,-3.062143008815862,,-57.55178764127647,-2.11213838520366,,,48.32563453381004,-4.365949052487303,,,0.20052212531071414
2023-07-28,4.001009051419028,-0.37778248439160206,,,32.73625503446547,,0.1868245462957001,,-44.21156113116526,-14.093449157958249,,,,-45.88900316944956,,-2.2725508438305946,,1.8278439713494579,-1.3040424498520564,-0.7690481246279055,,-13.146157368617336,7.21875905403129,,,-0.04877834109285345,-5.182296685693655,,,5.341705101834318
2023-08-04,-3.3775867389887297,5.467276915311546,,,-3.2905348552360385,,-0.6874135524025746,,-57.41701767100069,-2.70002586567737,,,,-2.467099230600928,,-0.02571745066089682,,-0.3554106110602774,-3.5372319591283974,-5.03863803494876,,-0.7596640071202396,-17.546101695748654,,,-1.0234722824706997,-7.891042165753499,,,18.907762355884554
2023-08-11,-12.838612818236685,0.19060699909572765,,,-0.3039522380977566,,-0.4060636368810975,,55.24047783921647,-9.685924512329688,,,,0.6523301356809007,,-0.08256734888910243,,2.181550741662919,5.799772717927517,0.0161418868015849,,3.079804853381368,2.903198524340335,,,-34.456007452612525,-3.4644071711456244,,,-11.19026188027992
2023-08-18,3.855283443697669,-1.3275559574466762,0.007273599671707386,1.845790738471849,-0.9550727327618289,,0.4701477172121507,,11.667997103470416,-23.600855686793285,,,0.9311262659903105,40.45889888506891,,-2.1940752667726544,,4.985121062288091,-0.013860153713666334,-0.6046069641179677,,4.321154352525083,26.946030959555475,0.605326082040877,,0.6281582258586133,1.043672982110384,,-0.0280634682682045,-1.5541533590917276
2023-08-25,-11.170361587526473,3.8735836268975885,-11.376767367301342,0.015131293341040235,0.43662570059448447,,-0.18725382304686067,,-2.883663151357923,-1.6701556767086592,,,-0.1540045515457028,2.328034088960824,,0.5754498621936937,,0.08432136763078969,-1.4936830394524758,0.6539101987498489,,-6.340916141126969,-7.739201428849719,0.009139300932116508,,-4.229495535432205,-17.04715421302438,,-9.61839146718457,8.477694385647503
2023-09-01,0.3152416849644508,8.858827030725019,,0.019866663715368126,,,-0.1473768498444522,,-8.231544379319567,-3.3817436239290943,,,-0.09083913638697866,-1.5191999334565294,,-0.794068965760151,,-2.2680015041728425,,-0.10041709954367212,,-6.627056950440437,-4.989373476433386,2.0007813872882876,,6.939597325412281,6.678377098485046,,,-21.311749396580055
2023-09-08,17.506629215173465,-5.5934372333936135,,26.94069378432922,,,-1.6574173713314848,,-6.99349632451135,-15.492968349739108,,,0.012947322975460177,-1.4874407139762682,,-0.08767542020701691,,0.20845260045101505,,0.31739324709422045,,0.2247892415247982,-2.1202120129996462,-1.292111487712277,,-0.781217698212259,-2.1227032564142365,,,12.198276409066322
2023-09-15,5.778158434339036,-1.7491582094358453,,0.06597279283000167,,,-0.02911477039958009,,2.1614933947319637,-14.687464463032113,,,0.7424674834921241,10.486128941321317,,-2.440843424002411,,0.2549960486296312,,1.5025399050680501,,-40.548984183900885,-8.30195248799848,-0.17299586820792995,,4.8525824865556055,-3.689888814682924,,,-2.674783351236694
2023-09-22,-0.03431012852872761,-3.986549919595932,,-0.10659524329136238,,,-2.4144277924733926,,-1.4466341672624343,72.24185803430355,,,-0.9954007714877922,3.95140130012871,,0.640448448793423,,-6.447955786363515,,-0.11347449147912932,,20.676815734360478,16.896700540474317,-0.0755647786141148,,-21.943828907803496,0.9171201621923446,,,0.17822367993650998
2023-09-30,1.0972065784622012,2.252517428243645,,-0.4508374013318187,,,-1.4312363228327931,,29.511489982266188,-10.955745631553976,,,-1.7711634441539976,-0.9554337528461836,,-0.029634344294556116,,-6.516265435513823,,-3.629998881100941,,-28.338180362589206,-1.5661851459243104,-0.40130705078912055,,4.433805970879133,5.734022585903718,,,14.950392146581969
2023-10-13,-14.695443547273108,-1.0847453692694333,,0.7198358446561347,,,-14.88651126529286,,-1.2973575171591116,1.0256108509197344,,,-0.10434815822880761,-1.6587378292206238,,-0.7243239517646448,,4.74761954692604,,-0.0320381965915236,,-25.833431268496806,-2.150778638467978,-0.44138099883888415,,-0.12410118727358094,-0.4250386550862306,,,-21.68739979003383
2023-10-20,2.0589547434537714,-12.69729212526962,,0.20349225827387624,,,-0.04256966735568235,,25.79995295874857,1.6747027224374287,,,-1.789796549443471,2.9746170954822078,,-2.1262049149689197,,10.430749328725764,,-8.145942748614047,,-15.386813275899591,11.144168582266794,2.0990276016939706,,0.26842319051234775,0.3487763666773448,,,35.464186014186495
2023-10-27,-1.8349527456513193,-2.6313300553267407,,6.431830169342814,,,-3.9331478192662077,,3.035786387204869,-9.877280778993478,,,0.011607916260679063,0.5749178475998397,,-2.2448786263500873,,-0.8781792482083135,,-0.2846117079912917,,0.43079185299915645,-7.30688708662166,-0.17408357058796786,,0.10402465707412661,-7.388724152003352,,,3.568895647129136
2023-11-03,-10.732624389003869,-3.2059402642713795,,0.01091973812835335,,,-0.9881228703410501,,5.595222531082544,-6.480362504821995,,,0.7615368331082752,1.0839466563718583,,-0.08398824149362677,,-1.183113356809026,,-1.1652304262971975,,7.232331521803797,20.293946341996826,0.010377610680004246,,-3.951010426322024,0.12955203001139937,,,0.049954102508791495
2023-11-10,0.8111395843027206,0.49273689406895077,,0.5169637071504394,,,-2.15793075244207,,-41.64738593742814,-7.686405320418871,,,-1.0111488799622563,-4.225190904326727,,-0.01338829630773063,,-0.7426744784958672,,-0.03663049215486745,,14.304586380519202,-1.4353466463894449,-0.07781847316004056,,0.4171321246871639,-16.38081250212493,,,6.688451389938607
2023-11-17,13.348262137874594,3.18070788664492,,-2.237311110251033,,,-0.263374524063656,,-0.8556891536940855,-8.999860198742498,,,-0.10462735726665447,-2.7322139662360025,,-0.6042859027979184,,-5.685048522646408,,-0.008440080578656473,,28.839530179308504,-4.355170567083652,-1.4407657131478335,,5.474526250351251,0.247779981642509,,,1.8313765963246436
2023-11-24,-12.75962984035975,0.5755798821203655,,-0.025349452547206358,,,-10.504740846201598,,-17.024050249314058,-2.379801933748244,,,-1.8686604224580383,10.878649958732659,,0.4616368761510419,,-3.9371575288190894,,6.088847579597725,,2.499306416831232,-2.141757501045731,-1.3312766226496695,,-0.8133382508395648,-0.15506365164016916,,,6.641112341457032
2023-12-01,18.900876093658884,1.2811816814789023,,-0.5401668146696641,,,0.12046982531165656,,1.558903631699889,-8.859143614009898,,,0.011139057564988343,0.39247539652440255,,-1.326676124205791,,0.030446389727758427,,2.9387497333354453,,-39.3167463437855,-6.255544205122738,-0.1694651171033573,,6.040032785929475,-0.32891689656824447,,,-12.856122999435389
2023-12-08,-0.5492091515061056,9.470295052275427,,1.0186985908058683,,,-0.11005878409367202,,-0.3956456674268673,-1.3767034930533195,,,0.7876505498352875,0.6274232740934687,,-1.3625228088005341,,-0.29288574754876817,,-1.3585777099058096,,-27.66688799760452,-10.285147950766516,-0.07861973412779918,,-2.89312482367472,-2.0948841460822827,,,0.3186018365864671
2023-12-15,1.368851010890574,-0.14917900489267702,,-0.8121512077361731,,,-0.6283516173068621,,8.140816207661835,-12.32885131473983,,,-1.05917150121211,10.852775558520639,,-2.3919104173435235,,3.9157927149684864,,-2.84810697272349,,10.153277438807782,0.09446207709564153,-0.4251407435247456,,48.49146293483814,-3.1033079647643658,,,-11.348749659973791
2023-12-22,-3.2183385931845185,-3.872642801090695,,0.001433642964179107,,,-4.401241559994807,,60.07248090918361,-28.767077320146274,,,0.7947313227709377,1.3554643082170608,,-0.08468610697861956,,-9.658119119749088,,1.4894147968685285,,-13.596847597060988,-0.3784586391051794,0.02288657479614844,,1.3728882388739565,3.671115093512164,,,0.03166466821212127
2023-12-31,17.233611545764713,-0.6495564316631286,,-6.096739877333668,,,-9.029662239466763,,-19.97650356638568,-19.931301889262073,,,-0.1191831553553969,17.338337998758092,,-0.652718538428307,,0.182377654934494,,-0.12089216593739574,,-29.97424066125568,-3.673266501292418,2.0266274036882903,,-1.0580642320143157,2.019961412197705,,,1.5725906774041274
2024-01-05,0.8677853212815535,-2.4414126442650295,,-9.447993755102813,,,-0.577134021789512,,29.821729018558973,-1.3575192560537415,,,-1.8884379504788467,2.5174321960633157,,0.4779915409244655,,-2.102190050605651,,0.05527206835870703,-8.682191760247264,13.88121893809058,-5.343668313157417,-0.08733160813243843,,-0.14177325653312733,4.017946146675207,,,12.128325772788681
2024-01-12,3.8156967757626408,1.131920283610817,,-0.4594032086159832,,,-3.525378632959959,,-44.91954501856802,-4.922600117526078,,,-1.03338079641454,-0.434182199994252,,-0.016729144657087157,,2.465329442527704,,0.26255218314012413,-1.129860330527334,3.1231959377925738,-8.538097253877739,-0.08692903469172969,,-3.6314027405507976,-6.433925606668584,,,3.144412386000017
2024-01-19,-27.601819771522173,2.5708605120962322,,0.4186139955949517,,,3.152343026548456,,5.376311249207271,0.36630870023685236,,,0.014885515141782987,-0.26071488810071886,,-0.10986067500928012,,-9.330424463616817,,-0.0875616314597058,-5.160474737372677,4.4268754848076695,1.0056020261885834,0.03642021546857802,,-11.30243345683497,0.2585919126278226,,,-29.04130292811673
2024-01-26,-3.303335623834874,0.4564718552803899,,0.01186055182204885,,,-1.7218458371636933,,-4.5881623642799,-16.474761002561355,,-0.9019002796055372,0.012055126454967174,-10.918040573306849,0.6485054862395283,0.7591331818560274,0.08146612183915047,6.1363405444096415,0.24007674704686016,0.5967698818710964,-12.695706474481002,-8.036963654137258,-0.7139315162972026,-9.389660676623777,,-8.14433728626939,7.2527518789021475,,,6.555156652839733
2024-02-02,6.9322442524635655,-1.971407457296441,,-4.062928825480774,,,26.022688813093588,,-0.9110470948258466,-18.402683346663782,,29.89790911481496,-0.12087665566444913,-18.527526708641158,-0.44892101666535067,-0.08043365593173493,-0.4515864245762429,-5.606207617676346,-0.020249659796904185,-1.4576353776618531,-6.932259926503958,5.639222353377859,-1.5961367186091824,2.9725267159982938,,0.960084892261686,6.341681679118947,,,20.669000100940508
2024-02-08,-1.185954257643569,0.8069652046091993,,-0.641782701431417,,,-0.16243054236386403,,-6.751972383285594,-11.577545113983778,,-0.6448038923910017,-1.0975183904725203,-2.7227306851568134,-2.569107669372887,-2.5057194820363047,-3.899680594116296,-13.39413218213666,-0.20585639765382757,-2.844144033790878,-15.340487530034563,-14.14357573587313,2.7324980344024588,1.1449508679996796,,-6.395154290135127,0.025083712677453907,,,19.29150806182233
2024-02-23,5.1171000091611125,-2.598777393221635,,-0.4819821243433985,,,-4.9603924784135796,,-43.62034807468865,-12.966209589557318,,0.1733051645359606,0.8297227795505613,-0.8197969078880465,-23.304814609053025,-2.672932448117751,1.4320429122513616,3.175297063796438,-0.22369882015930725,-0.04566358034323026,-13.12035768446542,-5.918324439036088,-4.377633454378784,2.2582869319762895,,0.12160597810860962,-0.028277137308082338,,,-0.7437524413402627
2024-03-01,-1.7165203870825356,0.38346672700617374,,3.675744739390597,,3.5968227792417236,-0.08938822958469211,,-53.66171022125107,-10.934776296787845,,0.38122047379867585,-2.001134984813782,3.12064263884198,46.587115369978136,-0.8108584595902473,-0.6123397401554694,-13.953015024739354,0.2049683673989926,1.7304277532854022,-0.5866884907966075,-13.168258270917413,-6.189251769846618,-1.745108606770576,,0.1516503862772391,-3.827438169139569,,,-17.97808304987119
2024-03-08,-13.649073492804721,-1.7895971753064148,,0.01940132757866446,,-4.338723746361552,-0.0036686621738482375,,-42.71900842619329,-13.370551531457885,,0.05707153820185967,-2.049057923486743,-6.375284285397209,14.250142761078585,-3.12583407370633,0.9326020973368188,-0.5083080891738259,-0.0031462691623627137,-0.008316914483834089,-14.31933595867544,-1.5247190482933084,0.13288858159993094,5.14963396710669,,-2.14280840904534,4.431512844399122,,,14.379404116103544
2024-03-15,0.2959461613576504,-3.5086272408542203,,2.479412803174445,,-0.1933573546416298,-0.8882698249266369,,-8.072132612758706,1.9053731065289354,,-1.1223766350862503,-0.12395554632672227,-1.4410651812461277,5.4936543938523235,-0.1382380158990417,-0.5305287477914598,-6.180214709322875,0.0804087294684177,-0.9448564992512918,-9.206929300773117,16.903669518918992,-4.780800806509821,0.9166811853924979,,-0.8627483032054742,3.183693942139791,,,-24.524324776012392
2024-03-22,-14.551604874342974,-2.7941211873381437,,-1.0984467749643199,,-3.293087266502562,-0.11293424837285043,,-5.8280704825856295,0.9726016425045156,,-0.06196028680622685,-0.9192291529626336,-2.24877385936895,-11.655511015798941,1.0819156736649802,-0.13307500645666143,-1.754832266609447,-0.1853133600036962,-0.11337351487631368,-6.934959123746061,24.87802984573309,3.744701276376164,-5.815956530196786,,4.479886035077821,2.4360020825230126,,,5.867493634966713
2024-03-31,-1.138356805083375,0.5265376115947242,,,,,-5.373658311667885,,-35.39625261084071,-5.454784844322933,,,0.7972584312314519,-6.340616241055429,1.7401639185614313,-0.08255645441199257,,8.706058723624718,,-0.1103184396920277,-1.9855793319169144,-5.5256725018268416,-10.13886438365013,-2.647142262299647,,-0.72542084143169,-17.03966946176103,,,-7.745022472801766
2024-04-03,0.4265782190070615,2.4838089232166065,,,,,-2.581797114102397,,-37.24382704485044,-8.306783185934698,,,0.010028885148861718,-4.4543663658824535,40.48693735535164,-1.0436424386411987,,-8.269128686159327,,-1.1333397065015673,-4.290513361349278,-57.840804924046616,0.04690271255986245,0.20763510491193005,,-0.16894198221956075,0.5531967430109138,,,0.5745096300274719
2024-04-12,9.416524045840433,4.4098402507261945,,,,,-5.683541766827335,,-21.14363657160042,-5.8882944733389495,,,-2.4124014218590326,-0.6546195495429682,-3.0414507376098885,-3.7902266919690284,,-11.677052215239508,,-1.0382553279222198,0.001542215933962976,-8.172681126031067,-19.128405070177738,-0.2632124618361224,,-0.14123914857016828,0.8799011474484212,,,5.001875943074653
2024-04-19,3.3027439993717853,-1.3603967728941093,,,,,29.468937865974436,,28.782092630812457,-0.20457801077896073,,,-0.4350332287376888,-1.9248748933409119,-2.1392265560780914,-1.1835643317810471,,-0.7310886029052265,,-5.335465131194011,-1.8552886326047446,8.785681666928593,-20.333024625838178,7.525722681054672,,-1.8412082205524485,2.904133599897174,,,1.9898537676786987
2024-04-26,1.3134473994426883,-3.780792345550479,,,,,-7.413790561636417,,55.4539273554247,-2.101286289922807,,,-0.10380656854138319,0.30192385233885055,0.10590438622844314,-0.09896241530335913,,4.632133788679087,,-0.7723271743337353,-6.8288523389984634,16.194322126821802,17.844435924597583,0.42979845820754203,,45.28757117857324,0.005726123916030841,,,-2.3683389024180896
2024-04-30,0.5002661894498769,1.3851079926255343,,,,,-1.4167482103595554,,5.296593684611209,-23.026612772239055,,,-0.012420341872884605,-8.786246205245686,1.3882190710170375,-3.758014951124422,,-8.054799032036621,,0.016162603427667822,-4.116870316155728,-27.65511981883396,-1.1001473316816885,-0.9953885278619227,,-21.099767806292125,1.1503587587081223,,,27.74037303165378
2024-05-10,-0.5333549621390337,4.319714596856453,,,,,-0.2232793795351991,,25.470408054640664,67.4494993120346,,,0.8027380254627078,4.03197336584343,7.5590916509848824,-4.962134576068688,,0.765297108912925,,-2.5505241702698838,-15.205887796388684,25.77385903517406,2.578041291081579,2.2254755228135226,,1.4476034659270791,-1.468709839151884,,,1.5798245275833693
2024-05-17,2.3892987538559867,4.84419735118004,,,,,-3.0531579535454583,,2.123744658118607,-27.12554658991224,,,-0.01355377674143721,-3.2527881501591027,-4.255591368929282,-0.16594104062957535,,-4.62702048583801,,0.15770390076903631,-2.5987303085811786,11.305475306396351,-0.9782464260923454,1.1576765129033695,,-3.4965758171677206,0.6005080059364155,,,-0.4509849006958675
2024-05-24,-0.950351950600594,1.4964069700557576,,,,,-4.911527302977286,,3.439664914774172,-0.3014915584514557,,,-0.5152638446057287,0.7951507083723237,-14.290652378763895,1.388746603336024,,-14.233322463533478,,-0.7267914625333826,-0.9944257177008965,-40.448242963654195,-3.648547296471355,-5.484275388209631,,3.295237648429106,-0.014267635780680299,,,10.321909885911595
2024-05-31,15.280098290415761,-11.988368116515307,,,,,-0.2192150561765426,,-7.291865019840318,-0.8740749809228111,,,-0.034987137735337404,-1.3458022092229667,-33.273904508524254,-3.66901811538669,,-17.130360448685455,,-7.833422987623025,-1.032679432634692,-8.698489128792504,-0.11843639917786825,-1.0413707899296938,,0.26277771965234953,1.039297882868219,,,-28.015038636013838
2024-06-07,-2.586138654204622,-0.11040323673214208,,,,,-0.16836916130016966,,5.3590379623465445,-1.4103002734826258,,,-2.359553050645343,5.0013894371723735,-15.645473162818641,-0.16219912589144497,,3.0136299673805955,,8.817179807645838,-4.030166494350728,-13.246882913440702,-11.87725125093553,3.6796711905518613,,6.155683528560031,0.17014341003658548,,,9.371083179419772
2024-06-14,-0.611333777945199,-0.0776005587877789,,,,,-0.05969174505703119,,-18.765997142798053,-5.036981752336824,,,0.779038686279724,-1.8791578770449127,-36.00090835583315,-0.091447914423286,,-14.578158782923207,,-0.24342430857727473,31.02026531172084,11.51690504863993,-4.733545697704345,3.7258326260113086,,1.1823763393131845,-5.968345308325925,,,5.898052424541397
2024-06-21,6.672100609763393,2.2076037235074173,,,,,-2.8746488713580556,,-44.833697471846115,-15.447165932329789,,,-2.442672841692984,-0.36799890360932785,-12.873294589661791,1.3537364518717077,,0.34035911992431667,,-2.8478022389604734,-10.884475706507384,-56.792561616080214,-15.712995480047919,-1.1292085666092455,,-7.469007981815061,-21.168621862143635,,,5.631817694867505
2024-06-30,-5.816936996698845,-5.59837254197754,,,,,-15.071400095690393,,-26.4878388774544,-2.0230158696029723,,,-0.01871645077181624,-2.821322983771165,-11.45141955479879,-4.749971231293573,,-10.29600749256506,,-0.18156809088168535,-6.635059845542113,0.3463168299596611,-3.1136551865304773,-1.4506358962350003,,-10.722959097360718,0.21282753145649302,,,-11.781329675243768
2024-07-05,-0.1118210216725053,-0.9176303839968258,,,,,-1.0289211870618544,,9.583369081394839,-10.420034305048514,,,0.7904704519402753,0.6996352867995919,18.632362803043915,-1.1850331776526126,,-1.6136276647195,,-0.5114877706189401,-3.792584967066883,-39.42880908838469,0.10886654718608876,-0.33902022604539556,,-6.245329755657549,-3.3800764465261874,,,-0.2920044652940702
2024-07-12,28.691052882051597,-0.12252581091973869,,,,,-5.074279328393832,,1.1474841970580283,-1.9463837185626227,,,-0.5117851876980893,-5.636330305875911,9.201430812128573,-3.396932263362894,,11.233583202515003,,-0.03478277919271179,-0.2240438187758904,-3.6946039563534327,-7.365569447669796,-2.579755393700858,,1.5271431209671917,-0.10878024895412704,,,2.7124328286199124
2024-07-19,-10.998800624000577,-1.458708166459717,,,,,-12.702645762862252,,1.1692647163698833,-7.021040602581111,,,-0.023352391472179726,0.621149851176321,-9.769924716726306,-0.15160004243414626,,-3.5157449797858544,,-3.464212305942595,-0.21118733350638397,3.5013390774554134,-6.5260583852473415,3.195827913608567,,-4.37216803468473,-6.145673256733454,,,10.704172182979168
2024-07-26,-3.5760544802027336,0.6879065584313244,,,,,0.10367487433931818,,11.233795449400153,-0.8296240940816159,,,0.6986893905762532,-14.496465728648479,-6.849582363439646,1.4136536053939253,,-6.283200635209727,,28.230465736966746,-4.198910435423199,-7.1089015915685625,17.496058995451634,5.243254470900588,,-0.21328942428328534,0.37681629894816815,,,0.27954009258153134
2024-08-02,-1.085498502293603,-1.4616523792296938,,,,,-1.3825365413882287,,-4.597054777617048,-11.726665885225763,,,-2.1159442632937155,-16.017253320754882,-9.6870203877913,-1.11465520580338,,-1.1125508418955965,,3.0407969265863426,-9.072093164475124,-23.91815642842485,-0.2791184383367084,-2.3991957458424586,,-6.7184546276309165,0.32447838516366573,,,11.277614034061799
2024-08-09,-0.3565796997566851,-9.728701471340557,,,,,-10.4431248474019,,-2.1396143521685786,-0.037678538346594265,,,-0.5392724210237511,2.706158162032431,1.7130952992631021,-0.12192406694557624,,7.815790301928448,,-0.5046580296606816,-6.830644480105557,4.492660692533408,-3.4565826582640224,-0.3722546571688202,,-2.5485678088527894,-5.957493214776618,,,-13.44083798343201
2024-08-16,5.208129119569934,-0.6759503093393036,,,,,-0.10361219026634325,,25.500884180643943,1.5841527041895458,,,-0.027272404554436268,-0.4872731094281998,-0.32928303556189126,-5.083090364678895,,-13.295418421020326,3.8673091729360625,-6.318678884930929,4.578014117677126,22.538193898067124,-9.752302702902089,-15.996179957346353,-0.06962385319522513,0.047842546175562245,-3.804284091795531,,,22.021346098070104
2024-08-23,14.691847535632256,0.2909569400303428,,,,,-0.08778608109188918,,-6.733713766466204,-10.331602944154195,,,-0.022981820668217107,26.73936349786484,14.01461302821277,-0.17239638191478035,,-11.59974035891272,1.2421213744085828,-0.37210782128531106,-19.13728559625153,-5.442410155129156,-13.156543803140806,8.387294107900352,0.032596256914163124,0.4512490250186807,0.02987221976428574,,,18.143974771584418
2024-08-30,0.9258542187116098,9.569463263088815,,,,,-0.7777029295998177,,-9.816725529917328,-0.9195951185780988,,,-0.028419036153275137,2.913405387030747,-0.08393355449893614,-1.3146795925916295,,28.30100228015215,-0.005355643290338913,0.8975939014726091,-19.119352864132022,-44.892985930187805,-1.207909609163791,-0.1658259563997138,0.0453497121459121,-0.3547840692899622,-2.656726594029884,,,-40.15096213116357
2024-09-06,0.10234043431990869,-1.6900915392723799,,,,,-0.27578581491889,,-23.33409520974083,61.540281155659365,,,-2.0266570688177667,-4.629982910943166,0.1431847560673526,-3.82052115327504,,1.3094972835769008,0.21164642706054748,1.1866604327539065,-8.244171389598993,5.353998600446349,-9.063273545162115,-0.3733015321227946,-0.1594124090745409,-0.7114742133518392,0.22828470815877144,,,6.258386188336219
2024-09-13,30.113103633371047,-1.314825784138987,,,,,-0.8757154718437823,,-4.0052609250263655,-25.54080208467532,,,-0.00801057982883478,-3.7581580097902503,3.4453694945584123,1.6623973478082696,,3.040625833033717,8.035889340759827,-4.507465705689624,-7.41722995780835,23.80449215178903,4.312313458758764,-0.4222744857227093,-0.17769550081454882,0.3551934180247516,0.577224712557604,,,1.4118767722637673
2024-09-20,-1.3573505271384871,8.061648594051494,,,,,0.425048791707383,,-6.799442837870101,-6.217071416611159,,,0.6919491148042103,8.563129263651126,9.719414345416684,-0.2073314208122185,,-9.5479649113853,0.5562199590908008,3.6141535123797937,-13.969628747399264,24.87006228176228,9.197288929062953,0.38968993342005576,0.0038271729503140395,-2.153164290632601,-15.6033886137194,,,2.050913442190291
2024-09-27,-10.818617644834974,10.628793228721433,,,,,-6.361480764390091,,0.16160023683594862,-1.3224197498639707,,,-0.5750796166871248,1.5279103426868548,-29.109477421032103,-6.007076688621686,,-12.068386163901376,-0.24225792230934357,-2.9527351950870266,-0.529902270436686,-19.869173370631596,-0.9317057828618877,-0.3854257306341712,0.05543515101198959,-0.1891576117405669,2.4509781335868484,,,13.381564139654706
2024-09-30,-0.004919150824987794,-0.7082901941466151,,,,,-0.5653799201185974,,-42.335173689691146,-4.688829980178754,,,0.6902131006840939,2.899982163444008,-19.93388654362564,-4.203653255646453,,-3.2114082809148115,0.005318544873840467,0.33105661180815626,-0.22601024228392652,11.541779802906838,-6.398809858153967,-0.4339265995007986,0.014355245291636343,32.171019010130436,-0.05821967115970304,,,-14.276468392694643
2024-10-11,-3.6718858979298554,0.5069270656552403,,,,,-0.09052394580035322,,7.044195767969781,-2.421975791190359,,,-0.00798726569761697,-7.062773771052374,14.872211929709731,-0.21943316091625537,,-5.678548973835715,0.16119129116507536,4.148377326074925,-6.060298120379759,17.149989483972785,-4.738822931731985,0.3963247873155291,0.02903371301680968,-0.3307148955177077,-2.2977491934187144,,,1.3901890589472712
2024-10-18,-0.1540332231001357,1.0361765073047982,,,,,-5.155022555431587,,-0.3213239495904437,-4.455392251791686,,,-0.02857259757249321,2.231886230388125,-0.6854441916053378,-0.20760629288174762,,5.304949933870088,-4.267431239194035,-0.07299539840449709,-5.049654174875279,-38.522653766330066,1.0260171714210409,-0.36056801045247394,-0.08000023509419746,5.9228412959973085,2.7599004073973714,,,0.14103355493393113
2024-10-25,-1.2183228430997266,-1.8643212074818114,,,,,-0.25485855397952584,,-11.802862264694944,-21.719955563412494,,,-0.5316191342521263,4.611340022039596,-1.0154810647262926,-1.601217989262473,,39.22556449853072,0.14912918196928154,-0.1517096249091091,-1.5735622057356242,-4.779516155848976,-0.6400235082795278,-0.7910775333780175,0.058705665148313046,-2.4980625722025835,-4.283763586630435,,,15.895328834688948
2024-11-01,1.0671192672880718,2.002745467425339,,,,,-0.38815974283550725,,-27.410546545436166,0.9530969159169866,,,-2.0278390918056433,0.7935246693435454,0.1858172461536619,2.18566275630603,,7.957008705828237,7.146986590697798,0.07839336460979562,-14.932109604810243,-6.56959102260028,-7.240920532407963,0.6531454658257079,-0.08457902025661751,-13.56531219841538,-5.935174640195382,,,-2.4068116569725024
2024-11-08,-0.8140008125604615,-0.9865229110613419,,,,,-0.2258830782654326,,-32.64216950276452,-2.531370986363863,,,-0.033494644743671094,-2.329900032191528,-0.18298472051124226,-8.158348509769674,,6.836205955839783,7.171175570384918,-1.5006688428616453,-6.988489367140789,19.817403403967234,24.096591671456366,-0.29482607126557936,-0.07298689913243239,-0.15235840728456657,2.7184384478461707,,,2.0161995640298493
2024-11-15,-0.2561937651904842,-17.996989014030277,,,,,-5.476079370476906,,1.5093219995365197,-5.935409150325976,,,4.8019909293938595e-05,7.851461459171027,3.313593476351713,-0.15033112368132778,,-10.644596524963662,-4.761086547544494,-0.5026092501446782,-2.044669675408363,1.0771612333223364,-2.002516645519166,-1.229500721059605,-0.033537472605748575,-4.523045646259033,-1.642444574845953,,,18.496433591035128
2024-11-22,-1.6939073951070995,1.9257652930957785,,,,,-0.3640282866547034,,-1.003170227466721,-24.431289020637468,,,-2.0574123036187744,-0.18502505455526272,10.447548677970593,-3.1029236553046884,,-7.943559525918193,0.015366950326268586,-0.32448291037735394,-6.264777342895968,-38.43430325581522,-3.3008832907217576,0.9501142729138525,-0.009393610148750037,0.516982283742428,0.18653664686916238,,,-34.942397373422345
2024-11-29,-5.904271323178506,0.5789975956210257,,,,,-0.9488568142095029,,37.39711264535116,-0.5899013218623447,,,0.6941073059309568,3.786961988260863,-0.03565136403654279,-0.12820860597662162,,-1.8426369822325683,0.6932734810366619,-1.1725495993401895,-4.526122653591776,0.630978550636349,-6.855918930423891,-0.2686314007135189,0.08458163932460605,-0.24299843193538348,-1.3033326799918037,,,0.4865791039564616
2024-12-06,7.518130352259668,8.127422925243598,,,,,-0.48181175037420243,,59.514394976533275,-1.4715462093231404,,,-0.5991872902204656,-0.1435405137192839,-1.0225707280530456,1.2648543268283277,,5.031803771034901,0.1271412685736594,-4.680192908349999,-3.9536593584026867,4.96205743599622,-12.01240197013685,-0.1894479833290403,-0.05622919194179238,-0.39850235595817574,0.11145521118433802,,,6.354801383133992
2024-12-13,-1.1023937109368194,0.6762531542459316,,,,,-3.383702809195682,,-47.56712997975828,0.03925166696435353,,,0.018178463909460693,-4.273590791744032,-2.990636887637815,-1.0826349621525946,,0.021354101945966875,-0.25641878749126357,0.10446600996960467,-10.79569690944779,-3.885978701617253,7.819083040289626,-1.5036920924311903,0.06539046260242909,1.0791703202126595,3.2201358066483117,,,9.383775132090644
2024-12-20,-0.2809466603405631,0.4820906877647061,,,,,-1.4735445797602638,,-41.08526089239035,-20.04372872031087,,,-1.804851430066758,10.529567976086765,-48.74792150787124,-4.400986813879158,,-10.2611451826497,0.1422264683965786,-0.7503806559280949,-1.2552915661756527,-60.2522931712951,6.255851434312267,1.1936237585667162,0.07461950900112001,-0.15443448063810986,2.972143309246327,,,3.948984909367547
2024-12-27,11.955906496235842,4.3912654474581805,,,,,-1.0634535292290463,,-10.953023177103596,-4.162779328593126,,,0.6345443674759341,-6.149867990136925,0.06271722158809734,-0.11692705205415099,,-2.7687257499373747,9.633425497328627,30.445851563848414,-8.392107208715961,2.4486696931949057,-12.935530930048143,-0.11757696216195834,-0.2725384212205167,-0.15781176974213898,0.4364702731260048,,,-16.54372764702454
