TradingDay,TMT,一带一路,交通运输,传媒,农业综合,医疗,医药,医药医疗,国企改革,国央企综合,国防军工,基建,基础化工,央企创新,家用电器,房地产,新能源汽车,有色,机械设备,汽车,生物科技,电力,电子,石油石化,绿色/ESG,计算机,通信,金融综合,钢铁煤炭,银行,非银,食品饮料
2015-02-06,-0.04239384720921691,,,,,,,,,,,,,,,,,,,,,,,,,,,,,,,
2015-02-13,-1.8564694690648165,,,,,,-0.008692885913510601,,,,,,,,,,,,,,,,,,,,,-0.5158349589592052,,,,
2015-02-17,1.3481153430821509,,,,,,-0.40551846333566205,,,,,,,,,,,,,,,,,,,,,0.6464772369973222,,,,
2015-02-27,0.016853106657753057,,,,,,-12.731308080184826,,,,,,,,,,,,,,,,,,,,,3.360156590968426,,,,
2015-03-06,-0.3118483591593505,,,,,,0.5342236563667799,,,,,,,,,,,,,,,,,,,,,-2.4150271714149687,,,,
2015-03-13,-0.010384576562634794,,,,,,5.450388079198897,,,,,,,,,,,,,,,,,,,,,-3.5687715162555116,,,,
2015-03-20,-0.7522983109993708,,,,,,0.22274611255086185,,,,,,,,,,,,,,,,,,,,,2.549648525696855,,,,
2015-03-27,-0.03195795713791909,,,,,,0.026551387537589198,,,,,,,,,,,,,,,,,,,,,-1.167563877972528,,,,
2015-04-03,0.022004601247295752,,,,,,-2.8136939346290855,,,,,,,,,,,,,,,,,,,,,-0.47778379285532946,,,,
2015-04-10,0.9293333947145779,,,,,,-0.0036651248798312075,,,,,,,,,,,,,,,,,,,,,-0.5072211478946509,,,,
2015-04-17,-0.01823509486506205,,,,,,0.00573401328568114,,,,,,,,,,,,,,,,,,,,,0.018494917118257934,,,,
2015-04-24,-0.026253651192326997,,,,,,-0.9885360079361838,,,,,,,,,,,,,,,,,,,,,-0.04397933701312014,,,,
2015-04-30,0.13512227865786983,,,,,,0.02469546358849191,,,,,,,,,,,,,,,,,,,,,-6.215991593231575,,,,
2015-05-08,0.11796295166910013,,,,,,-0.19090281993694208,-2.4911894403619157,,,,,,,,,,,,,,,,,,,,1.9349691735703254,,,,
2015-05-15,-0.02235381756161319,,,,,,0.19701144200426485,-0.5018203214418502,,,,,,,,,,,,,,,,,,,,0.02587793700538575,,,,
2015-05-22,0.01608945076269331,,,,,,-0.056145440301536106,-16.535340204221118,,,,,,,,,,,,,,,,,,,,0.7401577412831263,,,,
2015-05-29,0.04245005665356562,,,,,,1.1537882138401563,-6.016075385795684,,,,,,,,,,,,,,,,,,,,-0.20733130816912937,,,,
2015-06-05,0.025669232018003568,,,,,,-7.883451537060557,-9.686199585865939,,,,,,,,,,,,,,,,,,,,0.09948939326254513,,,,
2015-06-12,-0.04438165166091661,,,,,,-0.07915055828799943,55.21926513093721,,,,,,,,,,,,,,,,,,,,-0.0003598011853404061,,,,
2015-06-19,1.1590037242931952,,,,,,-13.421514778244715,-1.6264510201466347,,,,,,,,,,,,,,,,,,,,0.004435785688891873,,,,
2015-06-26,-0.09182607156621966,,,,,,0.7011669806169024,0.0974061811575398,,,,,,,,,,,,,,,,,,,,-2.4424633508935547,,,,
2015-07-03,0.40918656164328704,,,,,,2.3075427416963863,-0.9352878119685215,,,,,,,,,,,,,,,,,,,,0.14747337017590523,,,,
2015-07-10,-0.02703877561102639,,,,,,0.03306056173970688,-5.026420847765285,,,,,,,,,,,,,,,,,,,,-2.5511706533607614,,,,
2015-07-17,0.8766264723374267,,,,,,-0.15133165021939204,0.3992326745587873,,,,,,,,,,,,,,,,,,,,0.11681719098305604,,,,
2015-07-24,-0.4214943407695646,,,,,,0.01473963497599935,-7.978282878587002,,,,,,,,,,,,,,,,,,,,-0.4370797902256674,,,,
2015-07-31,0.36262212758672263,,,,,,-2.777684035113954,-6.624321090414853,,,,,,,,,,,,,,,,,,,,-0.6025795403008525,,,,
2015-08-07,1.32895067148715,,,,,,0.03204804720763496,-2.5841814279902984,,,,,,,,,,,,,,,,,,,,0.04350143899836609,,,,
2015-08-14,-0.027170089853611357,,,,,,0.6900106459947396,-0.44814225692196336,,,,,,,,,,,,,,,,,,,,-4.0031145879567465,,,,
2015-08-21,-0.016629173763970315,,,,,,-0.5992831458835692,-5.183886271528106,,,,,,,,,,,,,,,,,,,,-0.007873004413578627,,,,
2015-08-28,0.45103364450833916,,,,,,0.354136768385103,-2.647904231095095,,,,,,,,,,,,,,,,,,,,,,,,
2015-09-02,-0.01872145937752697,,,,,,0.635227801115084,-0.2915397956374124,,,,,,,,,,,,,,,,,,,,,,,,
2015-09-11,0.6436777906221836,,,,,,0.023986247823878495,-0.5456897847098836,,,,,,,,,,,,,,,,,,,,,,,,
2015-09-18,-0.34746654994240433,,,,,,-0.04639432430282968,-14.99514333034315,,,,,,,,,,,,,,,,,,,,,,,,
2015-09-25,0.46285140075562936,,,,,,0.16673934847812308,-0.05314337205295457,,,,,,,,,,,,,,,,,,,,,,,,
2015-09-30,-12.41708646403446,,,,,,0.8216794761613784,-3.9145777337632124,,,,,,,,,,,,,,,,,,,,1.1158485228262385,,,,3.2017456348158104
2015-10-09,0.004332072364812457,,,,,,-2.126175928730336,2.0373731904652153,,,,,,,,,,,,,,,,,,,,-0.20622736254782315,,,,-0.25162966550852583
2015-10-16,-4.804205996202748,,,,,,0.006397457863102806,-21.509838856785972,,,,,,,,,,,,,,,,,,,,0.3764186296888309,,,,-0.1253739237924754
2015-10-23,3.9237145365122235,,,,,,0.008947552050152734,0.2540470575208376,,,,,,,,,,,,,,,,,,,,-0.21110290636724513,,,,-0.3243092383259245
2015-10-30,4.552466281032492,,,,,,0.03002985508976639,-1.8232287494211366,,,,,,,,,,,,,,,,,,,,55.70217026464767,,,,0.011243359740338008
2015-11-06,-0.10418236829922134,,,,,,-12.659730209702044,-12.5008785224262,,,,,,,,,,,,,,,,,,,,-11.81171146694584,,,,2.5223221433041383
2015-11-13,-2.756941877421495,,,,,,0.5790318993445419,-8.061784725506094,,,,,,,,,,,,,,,,,,,,-0.2773360175047439,,,,-0.19049731375639173
2015-11-20,0.04440098382578895,,,,,,9.552295482956538,7.715231678319602,,,,,,,,,,,,,,,,,,,,-7.280727443767896,,,,0.29265505735557024
2015-11-27,0.9641897272582377,,,,,,-12.29018209581018,-4.187938587853925,,,,,,,,,,,,,,,,,,,,-7.893313596666814,,,,0.14006825577335918
2015-12-04,0.40550916386570723,,,,,,5.846291734957743,1.9112290974656165,,,,,,,,,,,,,,,,,,,,-6.8142699480872855,,,,0.0015524518418882083
2015-12-11,2.030087705196207,,,,,,-0.03192525218274294,-8.930074283952464,,,,,,,,,,,,,,,,,,,,-4.82789477114547,,,,0.014926569245656319
2015-12-18,-0.2707092257696807,,,,,,0.10565068966324437,-1.0332032138989327,,,,,,,,,,,,,,,,,,,,-1.4412202450010556,,,,2.9603667128465423
2015-12-25,-0.2053752851844538,,,,,,-4.956131952716028,-10.11199884325667,,,,,,,,,,,,,,,,,,,,-4.221850947073438,,,,0.3366686980146663
2015-12-31,0.6082389814119203,,,,,,0.015052609666134937,-8.284299600702726,,,,,,,,,,,,,,,,,,,,-0.23447019955425852,,,,-0.2145427363624062
2016-01-08,12.22496054734445,,,,,,0.1217916497971718,-7.318253318732323,,,,,,,,,,,,,,,,,,,,-0.8550981881160329,,,,0.10924111036088174
2016-01-15,0.016392923068341163,,,,,,1.2481258477656596,1.2956974295060328,,,,,,,,,,,,,,,,,,,,-0.01247735557270381,,,,-0.12535055075185347
2016-01-22,1.9238443676549333,,,,,,-2.113653314552816,-9.281159076313092,,,,,,,,,,,,,,,,,,,,-2.4913322231053643,,,,-0.15438459224231946
2016-01-29,-0.3528133296186043,,,,,,0.49639591386282733,2.8308874221728386,,,,,,,,,,,,,,,,,,,,-14.798382842396988,,,,-0.4428896711167217
2016-02-05,0.49457656695771907,,,,,,1.996025599657143,0.24512461330088423,,,,,,,,,,,,,,,,,,,,-0.5314996653635902,,,,0.14551995823940864
2016-02-19,-12.094352674402401,,,,,,0.7684555321741305,0.21613792577340257,,,,,,,,,,,,,,,,,,,,-0.8050626600819619,,,,0.015127493884387042
2016-02-26,0.02478685572028285,,,,,,0.05469992996550644,-1.0347152612830042,,,,,,,,,,,,,,,,,,,,-2.2114276634152166,,,,-0.17179979256952438
2016-03-04,0.09576277750633448,,,,,,-0.3807178705226643,-15.203190715782455,,,,,,,,,,,,,,,,,,,,-16.446998162101526,,,,2.0155750337113782
2016-03-11,0.7911197087323617,,,,,,0.03297226277854015,-3.5023850733238744,,,,,,,,,,,,,,,,,,,,-5.55386479487691,,,,3.009066751640717
2016-03-18,0.5862783633562973,,,,,,-0.010575013030228725,-6.371714083159053,,,,,,,,,,,,,,,,,,,,-0.0781427192776698,,,,0.1742605205765623
2016-03-25,1.3386560498656292,,,,,,0.21368115283165257,-5.5885304835193415,,,,,,,,,,,,,,,,,,,,0.3150311293344647,,,,0.12558497934965432
2016-04-01,0.43372633265305477,,,,,,,,,,,,,,,,,,,,,,,,,,,,,,,3.9587640055295976
2016-04-08,-0.7778766248718512,,,,,,,,,,,,,,,,,,,,,,,,,,,,,,,-0.34536116901863667
2016-04-15,-0.11082420355951286,,,,,,,,,,,,,,,,,,,,,,,,,,,,,,,-0.07862014394807035
2016-04-22,-1.0979380636074452,,,,,,,,,,,,,,,,,,,,,,,,,,,,,,,-2.148078312259446
2016-04-29,0.9138972033947754,,,,,,,,,,,,,,,,,,,,,,,,,,,17.075918183233334,,,,1.7836193630092363
2016-05-06,0.4224828848174063,,,,,,,,,,,,,,,,,,,,,,,,,,,0.09224235411144197,,,,-0.036911201596349655
2016-05-13,-0.0631738942921364,,,,,,,,,,,,,,,,,,,,,,,,,,,-0.9102029778207112,,,,-0.12535719657531985
2016-05-20,0.4325811454964507,,,,,,,,,,,,,,,,,,,,,,,,,,,-2.6834321577343605,,,,0.03276481445516643
2016-05-27,0.34584197204323525,,,,,,,,,,,,,,,,,,,,,,,,,,,-3.5928062502713045,,,,-0.6451310917778176
2016-06-03,1.3457824133475693,,,,,,,,,,,,,,,,,,,,,,,,,,,1.3675060771077998,,,,0.11830820374532262
2016-06-08,-0.24238477733430033,,,,,,,,,,,,,,,,,,,,,,,,,,,1.6299410431813306,,,,1.8292864864506266
2016-06-17,1.0201682160435965,,,,,,,,,,,,,,,,,,,,,,,,,,,-0.21018156524269943,,,,0.13305277704221982
2016-06-24,-0.07406578927619795,,,,,,,,,,,,,,,,,,,,,,,,,,,-1.8932061023106013,,,,0.1687986494346258
2016-07-01,-1.0455816295094496,,,,,,,,,,,,,,,,,,,,,,,,,,,0.08448429907600177,,,,0.1719041552205156
2016-07-08,-0.0708534176365355,,,,,,,,,,,,,,,,,,,,,,,,,,,-21.15388072676777,,,,-4.528861165782314
2016-07-15,0.3806307746206629,,,,,,,,,,,,,,,,,,,,,,,,,,,-0.5797098405988587,,,,-0.030693207470867602
2016-07-22,-0.015399719334975146,,,,,,,,,,,,,,,,,,,,,,,,,,,0.5335436947477483,,,,-2.3139736513017812
2016-07-29,-0.6319826057698293,,,,,,,,,,,,,,,,,,,,,,,,,,,0.1847282570443052,,,,0.11847802364171266
2016-08-05,0.8908123519296095,,,,,,,,,,,,,,,,,,,,,,,,,,,-0.24250410944765713,,,,-0.009400580310424797
2016-08-12,0.10109457249854262,,,,,,,,,,,,,,,,,,,,,,,,,,,-7.386225446095708,,,,3.5789086405670547
2016-08-19,0.24310389150477896,,,,,,,,,,,,,,,,,,,,,,,,,,,-0.3629498784170102,,,,0.5978125291755103
2016-08-26,0.557809463921519,,,,,,,,,,,,,,,,,,,,,,,,,,,-1.5989349713036034,,,,0.586521250053732
2016-09-02,0.5833536699441251,,,,,,,,,,,,,,,,,,,,,,,,,,,-0.4734474835535232,,,,-7.072795779425752
2016-09-09,-2.9207664523102332,,,,,,,,,,,,,,,,,,,,,,,,,,,0.4031856524853973,,,,0.08720855068086451
2016-09-14,-0.03855998409367612,,,,,,,,,,,,,,,,,,,,,,,,,,,2.800077920235224,,,,0.07612154764438839
2016-09-23,0.6052491128891505,,,,,,,,,,,,,,,,,,,,,,,,,,,10.138308409475892,,,,-0.004182455963697162
2016-09-30,0.4300683452396339,,,,,,,,,-6.61989264426634,,,,,,,,,,,,,,,,,,-7.273894932194486,,,,2.208378800614016
2016-10-14,2.0553485034753827,,,,,,,,,-2.674745630164678,,,,,,,,,,,,,,,,,,1.7967978190202463,,,,-0.017228928659826042
2016-10-21,8.890115705871633,,,,,,,,,-0.46371972177417703,,,,,,,,,,,,,,,,,,15.654580689980207,,,,2.4105089995510576
2016-10-28,0.2935807972171467,,,,,,,,,0.5065919316076244,,,,,,,,,,,,,,,,,,1.806695795842388,,,,-2.613330722234868
2016-11-04,-0.5356528973297858,,,,,,,,,56.09538167757089,,,,,,,,,,,,,,,,,,0.8761070489632263,,,,0.02382613920702262
2016-11-11,-1.3364120448816452,,,,,,,,,-0.9250719624245138,,,,,,,,,,,,,,,,,,1.2365879370266006,,,,1.0216880083958562
2016-11-18,-0.8005368251405278,,,,,,,,,-0.7113448158881003,,,,,,,,,,,,,,,,,,0.5395277141179811,,,,0.03955494299172444
2016-11-25,-2.6848341133313633,,,,,,,,,0.02579195118892913,,,,,,,,,,,,,,,,,,3.987512310831907,,,,-2.5960281447851883
2016-12-02,0.2307852165780857,,,,,,,,,-0.5056793034506146,,,,,,,,,,,,,,,,,,3.2797942674975493,,,,2.0477675108100524
2016-12-09,-0.796389989972407,,,,,,,,,-0.5922223498340207,,,,,,,,,,,,,,,,,,-7.998585413157683,,,,1.299536083764199
2016-12-16,-0.09443387447195709,,,,,,,,,-0.40241832892694634,,,,,,,,,,,,,,,,,,-3.133889384064473,,,,0.7518426253213141
2016-12-23,2.865373150300428,,,,,,,,,0.4857361284156843,,,,,,,,,,,,,,,,,,-2.108118854825967,,,,0.08025438328915568
2016-12-31,-6.6331797320802774,,,,,,,,,-3.123484499789065,,,,,,,,,,,,,,,,,,3.289073144318533,,,,0.011750784783376655
2017-01-06,-1.6606148892711288,,,,,,,,,-12.594444604521902,,,,,,,,,,,,,,,,,,-3.227210281002218,,,,0.48493030608698007
2017-01-13,-0.06517681059395958,,,,,,,,,-3.5645201353227947,,,,,,,,,,,,,,,,,,-0.18689125008967483,,,,0.13190570093170897
2017-01-20,0.9659096115330275,,,,,,,,,-15.399868493327224,,,,,,,,,,,,,,,,,,-0.451558517342021,,,,-8.265332610271205
2017-01-26,0.07197637608659133,,,,,,,,,-3.1865471855366767,,,,,,,,,,,,,,,,,,0.4221919166594231,,,,0.19356178304792093
2017-02-03,0.08463348465641757,,,,,,,,,-0.9039462187705017,,,,,,,,,,,,,,,,,,-0.10186940938327363,,,,1.5186054543602634
2017-02-10,0.47900258959993125,,,,,,,,,-13.722776600242366,,,,,,,,,,,,,,,,,,0.12409167236241742,,,,1.1605987238944742
2017-02-17,0.01878392513709047,,,,,,,,,-0.6922639449690289,,,,,,,,,,,,,,,,,,1.7023817099209622,,,,0.9979644425599137
2017-02-24,0.20794508933404313,,,,,,,,,0.19068455097871082,,,,,,,,,,,,,,,,,,0.30338702062133766,,,,0.5737896064868309
2017-03-03,0.9899567498801805,,,,,,,,,-3.2319336595730905,,,,,,,,,,,,,,,,,,-0.1807589762049846,,,,0.024276774147994194
2017-03-10,2.450520619076306,,,,,,,,,-7.257491584200894,,,,,,,,,,,,,,,,,,-2.029294697267292,,,,-2.6049097178456537
2017-03-17,0.5374208809738344,,,,,,,,,-6.26311156213257,,,,,,,,,,,,,,,,,,1.1115046201949317,,,,0.03906712438041764
2017-03-24,0.7420733560529098,,,,,,,,,-11.601510687729073,,,,,,,,,,,,,,,,,,0.1345243654494958,,,,0.8688374565398305
2017-03-31,1.4843754352792515,,,,,,,,,0.6077148262446784,,,,,,,,,,,,,,,,,,-2.562836461861616,,,,-8.853871830610721
2017-04-07,0.1883652555536152,,,,,,,,,-4.17128073294446,,,,,,,,,,,,,,,,,,-0.09415624636996273,,,,0.09016847031172759
2017-04-14,0.16687128056488182,,,,,,,,,56.491938351834975,,,,,,,,,,,,,,,,,,-0.06013468493849162,,,,0.7824231694292761
2017-04-21,1.7415408145919165,,,,,,,,,-2.2605456177160406,,,,,,,,,,,,,,,,,,0.10526766752175747,,,,0.054362776955391545
2017-04-28,0.16016109009536145,,,,,,,,,-0.03612584489514772,,,,,,,,,,,,,,,,,,4.317979511726182,,,,0.08600735202281118
2017-05-05,-0.03078829117881819,,,,,,,,,-7.140879910990931,,,,,,,,,,,,,0.7546348824424672,,,,,3.6022981604723494,,,,1.0828116109711454
2017-05-12,0.8821973507547223,,,,,,,,,-11.442426114006167,,,,,,,,,,,,,2.970990782490486,,,,,-0.53915669527116,,,,-1.3967377609308067
2017-05-19,-0.8686891506289605,,,,,,,,,-12.620230384799491,,,,,,,,,,,,,-12.540764179462387,,,,,-2.310964877270363,,,,0.3503619156702662
2017-05-26,-0.10042598767785132,,,,,,,,,0.01215897812879943,,,,,,,,,,,,,-4.444310421728762,,,,,-2.3276508450565805,,,,1.4847701118303025
2017-06-02,-0.3142409593424493,,,,,,,,,-0.9270642476120731,,,,,,,,,,,,,-0.02833992870029709,,,,,-0.10840568281124487,,,,0.10919674225492618
2017-06-09,0.31413398279115495,,,,,,,,,0.6540296104272791,,,,,,,,,,,,,-9.346305021653436,,,,,-1.2624088403545597,,,,-7.290256704649701
2017-06-16,1.4638871214339733,,,,,,,,,-3.238406412291355,,,,,,,,,,,,,17.398580892832076,,,,,1.262160300566626,,,,0.035083300095264947
2017-06-23,4.020875980641963,,,,,,,,,-0.877451354363014,,,,,,,,,,,,,-2.4464966639439427,,,,,0.7298365324213743,,,,0.1589019657519269
2017-06-30,1.3561484789406184,,,,,,,,,0.4746628523761246,,,,,,,,,,,,,-10.142422293308957,,,,,0.5621805784803481,,,,0.21997919935363425
2017-07-07,-0.6062126488417332,,,,,,,,,-12.137972658817526,,,,,,,,,,,,,5.33105031959875,,,,,-0.7450930497433413,,,,0.6030838730338824
2017-07-14,1.8754536042867793,,,,,,,,,-4.053937064315781,,,,,,,,,,,,,0.23739566475786322,,,,,-0.0827573889489017,,,,0.9408755026039519
2017-07-21,0.255670805300769,,,,,,,,,-0.03852255950815639,,,,,,,,,,,,,9.230946717380938,,,,,-2.4287810092760527,,,,1.3455283191797784
2017-07-28,-0.9533422843807853,,,,,,,,,-0.4079817331920754,,,,,,,,,,,,,0.4352245786456741,,,,,1.3486653230344126,,,,0.05221802523954183
2017-08-04,0.1270869778570273,,,,,,,,,-7.019159702658529,,,,,,,,,,,,,-3.8491097627045927,,,,,0.07165588906360093,,,,0.07211133557758381
2017-08-11,0.43427048403936075,,,,,,,,,-15.936400774160102,,,,,,,,,,,,,5.033829366123544,,,,,0.2965651363401366,,,,-0.35716879206854685
2017-08-18,0.0666322984360118,,,,,,,,,57.38297692594454,,,,,,,,,,,,,-0.40946648018995635,,,,,-7.8688115682009725,,,,-0.14305228914514023
2017-08-25,2.6036601605079417,,,,,,,,,-4.803334995457174,,,,,,,,,,,,,-3.6024607332047536,,,,,1.9090336409489246,,,,0.08826115486774286
2017-09-01,5.804283323530355,,,,,,,,,-0.508713233628428,,,,,,,,,,,,,0.0750219464654917,,,,,-0.335125315801594,,,,-4.895493940168348
2017-09-08,-0.6037446645433684,,,,,,,,,-3.3204225595324957,,,,,,,,,,,,,2.0847332230480755,,,,,-8.00569008090139,,,,0.07552031952779986
2017-09-15,0.11261579815274067,,,,,,,,,-7.691673630880072,,,,,,,,,,,,,-0.8193654068437581,,,,,-6.660070992793054,,,,0.5905176952048511
2017-09-22,-4.690812688376364,,,,,,,,,-2.47110627808675,,,,,,,,,,,,,-0.03301711741081054,,,,,-2.1222002536620104,,,,0.05453157699747265
2017-09-30,1.3907022757679044,,,,,,,,,0.06513169918653502,,,,,,,,,,,,,0.3709754201762111,,,,,0.9578039621601576,,,,1.4838527858139965
2017-10-13,3.9844165459614627,,,,,,,-6.359448404714542,,-0.7291382087449788,,,,,,,,,,,,,-2.4303133402200436,,,,,0.21576795155953138,,,,0.02615068863935204
2017-10-20,0.9416717241628993,,,,,,,-1.8152105649946917,,-6.64329863289836,,,,,,,,,,,,,-4.936668235143197,,,,,10.639681797006903,,,,-0.42135976965065275
2017-10-27,0.002534587052423597,,,,,,,0.3878790684838803,,-0.5782533561211087,,,,,,,,,,,,,-0.06918470776973856,,,,,0.7398971239649276,,,,0.2378839551511162
2017-11-03,0.5856446570894945,,,,,,,-1.0607346622355127,,-2.986224599383079,,,,,,,,,,,,,-2.6993826982528577,,,,,-0.12780709526822512,,,,0.013286799261365723
2017-11-10,0.9891558891671025,,,,,,,-10.37865848585315,,0.021466789499182407,,,,,,,,,,,,,1.0875182365511609,,,,,0.15326610000662666,,,,0.553312479678568
2017-11-17,0.3777176456784375,,,,,,,0.9195521492815952,,-0.1600222793068106,,,,,,,,,,,,,-0.1779318031448352,,,,,0.2499760670001578,,,,-2.388911903333408
2017-11-24,-0.24806356990628162,,,,,,,-0.20908081638967557,,-0.13551904161818312,,,,,,,,,,,,,-10.017366324810485,,,,,1.340002753237,,,,0.08671219107824928
2017-12-01,-0.1649985978734787,,,,,,,0.8596972062199321,,-0.08828560160697141,,,,,,,,,,,,,9.359268144044512,,,,,0.13076542489799048,,,,-0.584014926172473
2017-12-08,1.1942905118819516,,,,,,,0.05836524011501769,,-2.510694880746009,,,,,,,,,,,,,-0.40113864987017556,,,,,5.3053421227917,,,,0.0205498537022636
2017-12-15,1.8362896902553985,,,,,,,0.0037340575221597727,,-1.9889740121633837,,,,,,,,,,,,,-0.8926004316391734,,,,,0.03649738125016949,,,,0.09813167956189237
2017-12-22,0.09093288764079338,,,,,,,0.037932632830711244,,-0.7224653977622931,,,,,,,,,,,,,-0.8108023421195061,,,,,0.014704687401704601,,,,0.18950302734607175
2017-12-31,0.023915671480798338,,,,,,,0.12873333540760235,,-0.2544343708649276,,,,,,,,,,,,,0.5389655865556832,,,,,-7.53392584929837,,,,0.01548694176627741
2018-01-05,0.5319073072367216,,,,,,,-13.272685546191958,,8.03676546511612,,,,,,,,,,,,,-5.5833180271372065,,,,,-0.028225327787485932,,,,-0.019469053387558753
2018-01-12,0.034770125260006106,,,,,,,0.016589192769584378,,-0.9351521883366825,,,,,,,,,,,,,0.9563847200523057,,,,,-0.979204886734188,,,,-0.0799303439932603
2018-01-19,-6.011862150475557,,,,,,,-0.0020070552780096554,,-0.0257036221686582,,,,,,,,,,,,,-0.8255424850392183,,,,,0.11777032358110318,,,,-1.1885132568750578
2018-01-26,0.028368300072724974,,,,,,,-6.9880208494149425,,-0.12055729997417095,,,,,,,,,,,,,-0.9226329422136041,,,,,1.3007550229667002,,,,-0.42705886497816314
2018-02-02,0.18222714691350222,,,,,,,0.005542677737308726,,-1.9653350565573615,,,,,,,,,,,,,2.8952276366906,,,,,0.65823040961795,,,,0.8206028336241206
2018-02-09,0.10247576960960877,,,,,,,0.2461885483603124,,-3.5849986548505828,,,,,,,,,,,,,0.8343222820836695,,,,,0.2601126136453488,,,,0.06982959707943254
2018-02-14,1.7800926992441617,,,,,,,-0.4317152222879627,,-0.30986729022811016,,,,,,,,,,,,,12.653131638899245,,,,,0.8927239550232533,,,,-0.015852285655953452
2018-02-23,-0.06778484240875643,,,,,,,0.6315070643705454,,-0.2798036963189819,,,,,,,,,,,,,-2.0739333027800897,,,,,-0.0019516458481579364,,,,-0.16889356975968403
2018-03-02,0.2532602634001142,,,,,,,-2.378369289002648,,0.4768608860765049,,,,,,,,,,,,,-2.4199606306424015,,,,,-2.184994869813287,,,,-0.03330171430322573
2018-03-09,1.527858282419964,,,,,,,-0.030138618255830738,,0.20202747587140865,,,,,,,,,,,,,0.33935859294251225,,,,,0.8117392378855881,,,,-0.0975627723634311
2018-03-16,0.2591980879361267,,,,,,,-0.16726864476280556,,-0.13336863073610442,,,,,,,,,,,,,1.006528723887274,,,,,1.181020183201506,,,,-0.23382108329965376
2018-03-23,-0.31916030793711797,,,,,,,-4.472776071978286,,-0.4540858698776314,,,,,,,,,,,,,5.75907783782335,,,,,-0.5366099255638916,,,,-0.019648170792646986
2018-03-31,0.3494793872195064,,,,,,,1.0406829006298426,,-2.632629865130119,,,,,,,,,,,,,0.6225154079895537,,,,,-3.082308261558565,,,,0.19245509582584536
2018-04-04,0.7273911891900103,,,,,,,0.009047879592818097,,-0.16117774578123947,,,,,,,,,,,,,0.7491819793826862,,,,,0.6342735588752002,,,,-0.09236799772778424
2018-04-13,1.1171310081824566,,,,,,,4.42986771410053,,-0.009782577528456973,,,,,,,,,,,,,-5.169442855881578,,,,,-8.110843163195897,,,,0.031919396875017436
2018-04-20,0.022007372661274276,,,,,,,0.9437839952805454,,0.07366769868146593,,,,,,,,,,,,,-0.1644623084665302,,,,,0.3501074622687682,,,,0.08286796961423257
2018-04-27,0.07317922641020785,,,,,,,-11.96937133834717,,-1.2538467536558355,,,,,,,,,,,,,-5.98066156384921,,,,,0.04150535171373066,,,,0.9256360405068608
2018-05-04,-0.09808519417135364,,,,,,,1.1596799502108996,,-1.6775982859948944,,,,,,,,,,,,,-5.150855618145032,,,,,-30.33528785477222,,,,0.18003010198763725
2018-05-11,-0.17747271506968634,,,,,,,0.30560302917340465,,-0.7841236081836345,,,,,,,,,,,,,2.015600174006599,,,,,-20.67205761272996,,,,0.8480436225605634
2018-05-18,0.9301289070455661,,,,,,,13.511921064970624,,0.13038695917570792,,,,,,,,,,,,,-2.0637798369280236,,,,,-1.3074522670948507,,,,-0.08854832832595395
2018-05-25,0.2581473036028468,,,,,,,-4.116603194392937,,-9.025936167045298,,,,,,,,,,,,,-4.206632081880703,,,,,-6.140126289470093,,,,-0.13594481708450912
2018-06-01,-1.2543273819762755,,,,,,,-6.388115624225622,,9.832270356394007,,,,,,,,,,,,,-0.5083406016388271,,,,,-6.126347873352009,,,,-0.053513249384568494
2018-06-08,0.1907795066822427,,,,,,,2.2219039579885873,,-2.672557263681632,,,,,,,,,,,,,-0.3291084876209785,,,,,4.273079282498126,,,,-0.0365907610257698
2018-06-15,0.24114397172520963,,,,,,,0.14910784734262478,,-0.2335764385793566,,,,,,,,,,,,,0.8552910441738866,,,,,1.6045543915440041,,,,0.26117040975078354
2018-06-22,-0.8849257637909556,,,,,,,6.937060190170999,,0.10499086084485117,,,,,,,,,,,,,-0.4546327102096481,,,,,4.082219966489314,,,,-0.0445354527012336
2018-06-30,0.008139271702567615,,,,,,,3.840198546441413,,0.13536460992260388,,,,,,,,,,,,,-1.8349667719663965,,,,,8.125787577660443,,,,0.18071322571769394
2018-07-06,0.27023156843407664,,,,,,,0.4414227008730164,,0.045995269584025146,,,,,,,,,,,,,0.21244183854448667,,,,,8.671375302814797,,,,-0.15533978901117754
2018-07-13,5.467484349234939,,,,,,,0.6521857843077457,,-2.434903495072468,,,,,,,,,,,,,-2.2868208425992433,,,,,5.827385921481867,,,,-0.02985015226596274
2018-07-20,-4.543690008089132,,,,,,,13.086318623729559,,-0.056232779947848394,,,,,,,,,,,,,0.49465402296618305,,,,,-2.7272765437605466,,,,0.1008372113069202
2018-07-27,-0.08665686574148279,,,,,,,-5.280846795402527,,-0.031007045191021557,,,,,,,,,,,,,-0.1509595244786714,,,,,0.5782404815788357,,,,-0.018895129391679234
2018-08-03,0.13566839469428127,,,,,,,1.308839953920399,,-0.03098250405158892,,,,,,,,,,,,,-1.3950188088462703,,,,,-41.75164060642123,,,,-0.08504516696263688
2018-08-10,0.006602174517085939,,,,,,,0.15370064449276488,,0.35136542444966706,,,,,,,,,,,,,3.144109139337554,,,,,-15.355726412438619,,,,0.08736311844121641
2018-08-17,0.021492928713537557,,,,,,,-2.8440648060700853,,-0.04979187997071956,,,,,,,,,,,,,3.2897614869151766,,,,,13.287526446495068,,,,0.00207017268694476
2018-08-24,1.1943148550686744,,,,,,,-3.830251524664728,,-0.07468614916576766,,,,,,,,,,,,,-4.319140776128698,,,,,0.5254211689862651,,,,-0.43887839466570044
2018-08-31,0.022661456689961078,,,,,,,,,-0.1976115901235745,,,,,,,,,,,,,0.3997703810064484,,,,,9.341115596414257,,,,-0.06066350509303217
2018-09-07,-0.39302964974830396,,,,,,,,,0.6451878666651687,,,,,,,,,,,,,-2.444898053001503,,,,,1.6958185370661534,,,,-0.013907442833466108
2018-09-14,0.18435027099612528,,,,,,,,,-0.43067625137288545,,,,,,,,,,,,,-1.8250414160260842,,,,,8.707339201736225,,,,0.044084877659365154
2018-09-21,0.21867568102972726,,,,,,,,,-0.0820286510752393,,,,,,,,,,,,,-9.225053103164665,,,,,-0.4757287793706099,,,,-0.9528288445500674
2018-09-30,0.17583074321200193,,,,,,,,,-0.6052746340625283,,,,,,,,,,,,,1.1271977499446049,,,,,9.409045710261529,,,,0.5407160741295043
2018-10-12,0.09728001874095449,,,,,,,,,-1.224223153160501,,,,,,,,,,,,,2.1544346017274156,,,,,1.116901056354265,,,,0.03554461814784662
2018-10-19,1.0334549517913014,,,,,,,,,-0.12882702004622218,,,,,,,,,,,,,3.0114565732413525,,,,,-1.4414680582276966,,,,2.103228204568747
2018-10-26,-0.7648079134731991,,,,,,,,,0.022145225767017995,,,,,,,,,,,,,0.10186229214048376,,,,,-2.257108651020667,,,,-0.019236627312194544
2018-11-02,-0.3966551123397074,,,,,,,,,-1.7010820874885844,,,,,,,,,,,,,2.0454490850008935,,,,,0.20277010685002256,,,,0.7585894011428226
2018-11-09,4.297765788008106,,,,,,,,,-1.4958229779861474,,,,,,,,,,,,,-1.7331960846573404,,,,,3.6463408336738796,,,,0.0013143722840925354
2018-11-16,-0.07830462983282617,,,,,,,,,0.08047949425181239,,,,,,,,,,,,,0.7431657137089427,,,,,-8.315258792215387,,,,-1.9121972270852643
2018-11-23,0.07028283063086381,,,,,,,,,-0.16536864724356776,,,,,,,,,,,,,2.0937935873773164,,,,,-4.948089088857006,,,,6.059753616019428
2018-11-30,0.08094868599890234,,,,,,,,,-0.19888547966379191,,,,,,,,,,,,,-1.1946639329597417,,,,,6.648201989737905,,,,5.142269480661246
2018-12-07,-0.16858300907705315,,,,,,,,,-2.3155769037594984,,,,,,,,,,,,,0.5681865388648539,,,,,0.7824173322784165,,,,0.3976706149610756
2018-12-14,-0.16061878586299533,,,,,,,,,-2.878112674407956,,,,,,,,,,,,,0.7937910687953462,,,,,2.9459301408985206,,,,2.782953642108071
2018-12-21,-4.641096346650828,,,,,,,,,-1.9622739949719283,,,,,,,,,,,,,-5.865287297462614,,,,,2.7036386138604396,,,,6.606218570702389
2018-12-28,0.04977491746957125,,,,,,,,,11.86885488741735,,,,,,,,,,,,,-0.19822270632407896,,,,,-20.162675166943615,,-6.388672489814176,,0.31410603588512875
2019-01-04,7.459153914511475,,,,,,,,,0.006779756295805617,,,,,,,,,,,,,-3.318542837828055,,,,,3.459861887033952,,-1.757676853223035,,-4.606947744375237
2019-01-11,0.08221841049131419,,,,,,,,,-1.1822464980004872,,,,,,,,,,,,,0.3900455744849465,,,,,0.3577394480235374,,-0.28343530116544347,,2.0638277950486494
2019-01-18,-0.04185055074113919,,,,,,,,,-1.1075283618569767,,,,,,,,,,,,,6.262944196203435,,,,,7.601162983337141,,0.00843704137379046,,0.2749730200175026
2019-01-25,0.8118277755265386,,,,,,,,,-6.296489792821676,,,,,,,,,,,,,0.08325420279788365,,,,,-10.316485193984747,,0.0034841974289880327,,0.05612601545709615
2019-02-01,0.14543637108305776,,,,,,,,,-2.0920136471479376,,,,,,,,,,,,,9.174042576920753,,,,,30.21486512171265,,0.9104321603785522,,0.3314736502501813
2019-02-15,9.830327760361586,,,,,,,,,-0.18651934823718788,,,,,,,,,,,,,-8.212875554197351,,,,,9.983978151011907,,0.2171706352791502,,-4.092528621518454
2019-02-22,-0.8315974445529984,,,,,,,,,-0.682192352127116,,,,,,,,,,,,,-6.25566616602126,,,,,-0.9756016689721936,,0.07479331496157252,,0.8092523638430862
2019-03-01,-0.6208687926771261,,,,,,,,14.230492545598064,-1.5407142733890147,,,,,,,,,,,,,-1.452566955635159,,,,,-4.415561241933922,,2.0660030609036175,,3.265351230683806
2019-03-08,-1.3790219401903991,,,,,,,,-0.5277721488602855,-0.521687619262011,,,,,,,,,,,,,-0.020518571222137662,,,,,-2.993854703506452,,1.1669795288693936,,0.05931252848997309
2019-03-15,-0.25410088437563083,,,,,,,,15.989434836408359,-0.207800490330532,,,,,,,,,,,,,0.12597887684388215,,,,,3.9068834510802226,,0.9929381212500754,,0.42631244435288107
2019-03-22,-0.2849875700984195,,,,,,,,11.71128674429265,-0.4046948584548521,,,,,,,,,,,,,3.5427483201105976,,,,,-8.595532721089258,,0.18018499556398979,,4.389886105020018
2019-03-31,-6.750027173039742,,,,,,,,-8.389026553809705,-0.06301486052843497,,,,,,,,,,,,,-0.08291089940715407,,,,,-0.8868676116947901,,-0.7413824724397515,,4.496399062658199
2019-04-04,0.6540882165824898,,,,,,,,-13.755576608775504,-0.01344170140366675,,,,,,,,,,,,,-0.006157636792479515,,,,,-2.2688552619681523,,0.1819653494476176,,3.165867580401017
2019-04-12,0.010812093302564899,,,,,,,,1.6753990382421295,-0.197876111344351,,,,,,,,,,,,,-0.060133615745037165,,,,,0.35266688002280144,,0.1484155699883636,,4.592947644769264
2019-04-19,1.110565615595934,,,,,,,,-4.105943582302756,-0.23112050207246151,,,,,,,,,,,,,-1.6137641171710846,,,,,-2.4421050107644633,,-1.7354125171639083,,0.4532343916959114
2019-04-26,-1.1412410991359585,,,,,,,,0.4968131073697181,-0.8031514307122525,,,,,,,,,,,,,-0.06868014590574575,,,,,-0.22072596451156173,,0.0516895251140026,,0.38629775621765156
2019-04-30,-0.2683629066393583,,,,,,,,-18.12056547152819,0.1954132039406671,,,,,,,,,,,,,-3.543073596667526,,,,,-3.6578905780665063,,0.08337152565453099,,4.813092368303568
2019-05-10,-0.026777172642783995,,,,,,,,15.351483859323709,-0.6299006836761012,,,,,,,,,,,,,0.0315140056360275,,,,,-4.113459986847606,,-7.162881272001719,,0.7981750300738025
2019-05-17,13.213683608416517,,,,,,,,0.8236814022357893,-0.38140209918027707,,,,,,,,,,,,,0.006021423852338953,,,,,-2.446380473078638,,-1.0662600939888227,,2.427513758001922
2019-05-24,-9.191714056211827,,,,,,,,-0.368382486624121,-1.6765521740724982,,,,,,,,,,,,,-0.4337257806239688,,,,,-0.6154224521578144,,0.04533809429297385,,-4.051278441569117
2019-05-31,-0.25982483382381594,,,,,,,,-5.239410113482061,-0.029930908603302532,,,,,,,,,,,,,-0.18554861219709012,,,,,-0.39202242791521996,,0.20319694505779873,,3.7684720524138817
2019-06-06,-0.527030999944435,,,,,,,,-12.976088952431692,-0.9482749879551106,,,,,,,,,,,,,-0.04347736043589735,,,,,0.659590047914362,,0.0645040030780436,,-6.0843528204591255
2019-06-14,16.130716269535668,,,,,,,,2.1866537574999065,-2.2347082197240717,,,,,,,,,,,,,-3.234796904777043,,,,,2.1136906609445383,,0.015324641088646779,,5.589360932030168
2019-06-21,0.20591087581816198,,,,,,,,0.8330156714697448,-0.0520320704658008,,,,,,,,,,,,,0.9679124457341467,,,,,-10.891190871272624,,-1.0341637074194348,,0.07771692835632724
2019-06-30,-10.907930060840854,,,,,,,,14.431073702902076,-0.7274632028735835,,,,,,,,,,,,,-0.14523127917812712,,,,,1.1672455337984127,,-0.09752287346908353,,4.94917658148108
2019-07-05,-0.4874050813116634,,,,,,,,-8.980146385808677,-0.15260767450317816,,,,,,,,,,,,,0.03676830406342862,,,,,-0.06743392251510094,,0.006134041967288093,,3.0792613007284753
2019-07-12,-0.41322325171620977,,,,,,,,19.28494561575455,-0.4764163316215203,,,,,,,,,,,,,-0.4274447455893176,,,,,-3.347383070710435,,-0.04636590139084587,,6.5433402164968415
2019-07-19,-0.1535736259844593,,,,,,,,9.38814771806102,0.17091217031611,,,,,,,,,,,,,-0.01213373899546303,,,,,-0.1544282731586057,,0.005303761504324801,,0.6246093954042191
2019-07-26,0.7904162556492272,,,,,,,,3.6885324321157955,-1.8131680847807805,,,,,,,,,,,,,-0.02624598883840392,,,,,0.2176592848381529,,7.270488207024825,,3.176685416995327
2019-08-02,-1.0334522235125598,,,,,,,,-12.879532231646381,-1.0330413448785531,,,,,,,,,,,,,-0.3409256309308415,,,,,29.08391905217532,,0.03474406153163265,,0.44864702401212536
2019-08-09,-1.6405836429536986,,,,,,,,-4.739122000154559,-0.2987109936416436,,,,,,,,,,,,,-1.3221277427911409,,,,,-0.04897639318345132,,0.11664499940206093,,0.24609514933315063
2019-08-16,-0.5301394613262704,,,,,,,,0.0682042803137956,0.01843211038784283,,,,,,,,,,,,,6.124874028169459,,,,,-1.2676011162573995,,0.12181358967521991,,2.5744846551215663
2019-08-23,-0.0586445362039406,,,,,,,,1.126006555777782,,,,,,,,,,,,,,-0.009824133871964914,,,,,-0.20826876453434268,,0.7390841521331323,,0.06458641817380813
2019-08-30,-2.6375609297934415,,,,,,,,-2.124143160274521,,,,,,,,,,,,,,-0.02465516667415931,,,,,-1.5084194085827474,,,,11.848912816238022
2019-09-06,-1.0600606319196322,,,,,,,,-7.348073908750969,,,,,,,,,,,,,,0.02655438779558933,,,,,-0.0027668558027874116,,,,-10.899187007272062
2019-09-12,-1.3650876374728045,,,,,,,,10.01978528999827,,,,,,,,,,,,,,-5.617596268210623e-05,,,,,-0.07095011858348091,,,,-3.1026180977482465
2019-09-20,-8.387896290494458,,,,,,,,-6.175221475495944,,,,,,,,,,,,,,6.874692789789011,,,,,0.4317746686098945,,,,0.47516967733672333
2019-09-27,0.412064585508442,,,,,,,,2.1873243272699785,,0.002025242588142599,,,,,,,,,,,,-3.895836669867929,,,,,-1.2306481825309628,,,,0.06775210842944335
2019-09-30,0.3426731602027034,,,,,,,,1.0772974821438563,11.078820621984436,-0.27060573478499067,,,,,,,,,,,,-0.012088291657672988,,,,,-0.3288076346929833,,,,5.463756899845649
2019-10-11,12.542076306881965,,,,,,,,-22.603828313663005,-1.3294735364159094,-0.0009855902348693667,,,,,,,,,,,,-0.45367995958419516,,,,,-0.23321091271967873,,,,4.241113026975322
2019-10-18,-1.2398982184730083,,,,,,,,15.427509148186216,-0.1259745448864636,-0.4365840783009063,,,,,,,,,,,,-1.2198065462142185,,,,,-0.5699418746936546,,,,0.9427921699721806
2019-10-25,-0.5642266083716393,,,,,,,,-0.08059401266084722,-0.04283709140714663,0.017733093934488037,,,,,,,,,,,,-1.170999786996648,,,,,-3.5521364120669494,,,,7.7444625885203235
2019-11-01,1.4093770401807264,,,,,,,,-15.423619430680963,-0.13270042591695272,-0.1731746002527249,,,,,,,,,,,,-0.473425786074189,,,,,1.843224323028764,,,,-2.4252583808131427
2019-11-08,0.4006510125086446,,,,,,,,-7.842570239988771,-0.4115988597056766,0.0351907994650334,,,,,,,,,,,,0.004142560118308056,,,,,-3.1190758914601027,,,,0.19556587321805757
2019-11-15,0.24955789307812848,,,,,,,,-24.764462966726377,-0.15809417285429858,0.06010137533801463,,,,,,,,,,,,-2.176377947086232,,,,,-1.8950547870258694,,,,0.44650334253577084
2019-11-22,0.12859052732833415,,,,,,,,-2.472275260998902,-1.4755620071912023,-0.037164194128238,,,,,,,,,,,,-0.13230906155720126,,,,,27.338884730661555,,,,-0.7343382677390657
2019-11-29,-0.06324541866144473,,,,,,,,1.6748036703588987,-0.15968196556644654,-0.24829603106965636,,,,,,,,,,,,-1.4823061469330714,,,,,-0.40027072374756667,,,,-6.96697721694499
2019-12-06,8.486695920066937,,,,,,,,1.2568633140401442,-5.629241707163278,0.2623974525545669,,,,,,,,,,,,-0.4882839958873506,,,,,-0.9073267976037168,,,,2.37980481209025
2019-12-13,-8.968434923209957,,,,,,,,-1.0236802949535369,-1.2787073525283712,0.17655336887181983,,,,,,,,,,,,-0.00928245501164638,,,,,-0.39590343256499205,,,,0.21821710349518647
2019-12-20,-1.3027981635546424,,,,,,,,0.46601785841715215,-2.171342476183672,0.03062610443242584,,,,,,,,,,,,0.016494653080260963,,,,,-0.18660241819519907,,,,0.35623108400541026
2019-12-27,-3.8734029895435045,,,,,,,,-1.875058111666588,-0.751923285942188,0.02373377143546989,,,,,,,,,,,,-0.5770660372366536,,,,,-0.3940760391847898,,,,-1.1555076844251282
2020-01-03,1.2434424714791814,,,,,,,,-17.57119510384135,-0.0026664683064749756,-0.01596794637938738,,,,,,,,,,,,1.679418041714937,,,,,1.368291903628838,,,,0.005102450924929565
2020-01-10,-0.7909915183717845,,,,,,,,3.6354495014258306,11.018893888224373,-0.14001036605566364,,,,,,,,,,,,-0.1098851601126465,,,,,-10.456071954466063,,,,-1.7031215156630517
2020-01-17,0.23530739214259583,,,,,,,,-13.835890386266128,-0.049033764636161735,-2.396000044313411,,,,,,,,,,,,-0.5108532022603299,,,,,-2.8597752697295125,,,,-4.536020286254227
2020-01-23,-0.017614961057085238,,,,,,,,-6.412502737921599,-0.25883230557158526,0.0766303443655813,,,0.8919134961426322,,,,,,,,,0.1306403711807802,,,,,-0.14375580464834298,,,,1.130719753501954
2020-02-07,-0.45129054851207606,,,,,,,,14.291160428285341,-0.15147416642829825,0.08429429731242513,,,-3.371723544515546,,,,,,,,,-0.19272548399655148,,,,,-1.1083159592619762,,,,2.6936496023032097
2020-02-14,0.11926052886213323,,,,,,,,2.6712888841060307,-2.088021861406565,-0.0162447750896824,,,-0.659603996226779,,,,,,,,,-2.3145086979690577,,,,,-0.1724164659453092,,,,0.007461929734696872
2020-02-21,8.548536583633421,,,,,,,,-5.020957888244201,-0.3419560719292036,-0.1319808478404048,,,1.9770299796890696,,,,,,,,,0.007521426630641899,,,,,-1.5138039821203422,,,,1.5024642714964958
2020-02-28,-0.32152630952832645,0.5307640717601885,,,,,,,4.486853655185886,-1.865233869299585,-0.07467358150477571,,,2.7383593255299328,,,,,,,,,-0.1422768993581874,,,,,-0.6314950472296392,,,,2.3195200679901693
2020-03-06,0.007321243996069218,-1.03887512307073,,,,,,,7.929751581348334,-0.7096270692622825,-0.43369952076843604,,,-3.758567110804191,,,,,,,,,-1.12152955992395,,,,,-1.5233503991830062,,,,0.31305746637226434
2020-03-13,1.9167783151830877,4.144110127830601,,,,,,,-13.907605907368207,-0.07136607719097311,-0.0011344116337744254,,,2.938152760651775,,,,,,,,,-0.030250834336554646,,,,,-10.21276446418879,,,,-23.101558382252268
2020-03-20,4.571406153854944,5.035577698433274,,,,,,,19.76440242472551,-0.2079883798389419,-0.1744821164503732,,,-0.30105316830914386,,,,,,,,,5.9809735943775975,,,,,-1.4260645847718103,,,,14.670625304631319
2020-03-27,-0.28823481100612985,11.625622199524924,,,,,,,-9.964793059252477,-0.7082077474713571,-0.02391228896270962,,,-0.42831546183404545,,,,,,,,,-4.694069825860793,,2.4983392993832645,,,-0.6801504919128353,,,,-2.0440816514318056
2020-04-03,-2.1857648082960845,-3.678998302249906,,,,,,,0.6516825323356937,-0.12279841465837754,-0.02420567507648541,,,2.9961525498255748,,,,,,,,,-0.03245560595293175,,-1.646560699399524,,,1.7771201252074753,,,,0.43432049617991886
2020-04-10,-0.029311780656322062,-0.17224460143407266,,,,,,,-2.4518788707350914,-2.870425686716034,0.13269892181801282,,,-7.972841388622003,,,,,,,,,-3.033988060935738,,-1.1571934168329727,,,-2.5889387662179018,,,,0.055433223900860716
2020-04-17,1.1415912964626485,-0.6673051105403747,,,,,,,-13.706145427450743,-0.13900624145423204,-3.33580411014803,,,-1.3783691036103152,,,,,,,,,-0.3620273999032766,,-1.2563785702152084,,,-0.00687172877191311,,,,4.975688981778564
2020-04-24,0.05061393459978133,-3.6705260556912465,,,,,,,-15.268536975407587,-0.5250624338195067,-0.028836107313474142,,,-3.6555279616961878,,,,,,,,,-1.1433095719083985,,-0.37409869323718836,,,0.16284242845303143,,,,9.313750610780756
2020-04-30,1.9985621994270082,-0.028732419587681024,,,,,,,12.170530103278724,-1.685197279105491,2.058698072678131,,,-2.23094995848395,,,,,,,,,0.012590055179266469,,-0.030380949534271173,,,-3.2072303663592248,,,,1.6638438502108857
2020-05-08,1.1348232221653425,2.0204729189370303,,,,,,,-9.667129372652212,-1.0400002569143763,0.03810406269746701,,,0.5762546771845164,,,,,,,,,-0.007871945567167832,,-0.2519749003823445,,,-0.07441467157613257,,,,0.4743646872101761
2020-05-15,9.545732343506495,-0.12137147303329764,,,,,,,-5.508415839972798,-6.833977551089408,1.4660851216359196,,,1.0400294847600777,,,,,,,,,-0.011082769796624767,,-0.3851670515695349,,,-0.7260622498095991,,,2.3493087973168394,2.1820183193116676
2020-05-22,-0.0912840625819423,4.538809027344551,,,,,,,-7.136553575612732,-1.626815506110754,6.281814546462459,,,-0.19519484409792132,,,,,,,,,-0.10343746553068581,,-1.041339789207933,,,24.88905763038354,,0.2874426216010987,-0.002374455707045529,3.397609786572742
2020-05-29,0.18321829592383868,-0.9603503808847328,,,,,,,6.042601320494511,-0.1538279782260359,0.3604692428627686,,,-0.9979589634702568,,,,,,,,,0.008239243862246823,,0.041868862514263486,,,-2.808554462651665,,1.2938077773135617,2.382906259039985,0.3450943478591298
2020-06-05,0.3967182224949575,0.34817472883410316,,,,,,,8.443303226584252,-0.4708842632213675,-0.16929278465774317,,,-2.2629559937082235,,,,,,,,,-1.0203126058890557,,-3.8038757573741506,,,-0.36920010309542295,,0.09129227958097617,0.28114448731117114,1.6708747434158049
2020-06-12,-4.550425242827903,0.20065385197263216,,,,,,,-10.163802113006057,-0.6666460373833117,-0.02941206993678479,,,-1.8659581010935644,,,,,,,,,-0.34499332082549206,,-0.7481123330102035,,,3.7680649558193156,,0.8317192006711123,-0.017989217335252133,6.77395599455231
2020-06-19,0.1332847056790196,-0.5898368729891479,,,,,,,-4.520435364558346,-2.99017426937449,0.003541702004562969,,,-1.7403525083656577,,,,,,,,,0.003102097723550944,,0.44954660784543043,,,-0.6992532032794339,,1.6964833465481461,0.1746120590530095,1.9126669481703393
2020-06-24,0.12091684199205739,0.3183072223068545,,,,,,,35.72580616364029,-0.5260844373541236,0.008449505378048047,,,-1.354047779771915,,,,,,,,,0.038832000285058,,-0.014801770825619683,,,-0.6642525337484568,,0.38020191717542506,0.14014772026163091,0.06343558213672093
2020-07-03,-0.44823842691505755,-3.299285398132653,,,,,,,-3.238867518915693,0.0750076067809404,-0.029021651008153324,,,0.23629911410557436,,,,,,,,,-0.27878167955384237,,0.7231554965789431,,,-2.046301478057544,,0.24315108059643695,-3.004855964107508,16.157915648450402
2020-07-10,-2.076775701999803,1.4604226256353874,,,,,,,-5.421713299763412,-2.7528145488967883,-0.12125133770951646,,,-1.4641719741023387,,,,,,,,,-0.03697662984102239,,2.319682798825863,,,-0.22098969516210432,,1.2267832258805649,-0.04709953242962956,-23.109987849123343
2020-07-17,0.3455785601577652,0.9333497655792196,,,,,,,-13.479881479059816,10.059623779800628,0.498055873742543,,,6.2283108668323806,,,,,,,,,-0.022730012366022182,,-0.002786189209022325,,,-0.08927488990597972,,-0.07994573417449599,0.08942880947535556,0.38979085364448113
2020-07-24,1.6651030683410144,0.06946380933072577,,,,,,,-11.564928289607208,-0.12419878840815615,0.041307303557063975,,,7.141293819214077,,,,,,,,,-0.015512790661095208,,1.0220994513909327,,,-0.4961729610222899,,0.004615593880951483,0.15822341815325636,-15.880420187549458
2020-07-31,-0.02956310590852476,-3.591876073910915,,,,,,,1.4419386359330066,-0.7151129652578306,-0.04206697417568067,,,-1.2524567031661804,,,,,,,,,-0.33587789834553083,,-0.6424462099140001,,,-0.502375639866014,,-1.683207205439928,0.06385125221357674,0.49237400672406423
2020-08-07,2.7709576750561253,1.6558795487845503,,,,,,,11.353050522112495,-0.11383455997886244,0.08742094401756674,,,0.5319320904353136,,,,,,,,,-0.13689786625148606,,0.054085080236150315,,,-2.4963102754360267,,1.147442000448665,0.053964944108736077,8.00829121895518
2020-08-14,-9.240400457462377,-0.10641732560496309,,,,,,,-23.861576368455662,-2.48200074347005,1.2608484491763412,,,-5.161754638563202,,,,,,,,,4.674092765635578,,0.04116572279174789,,,-3.057442589061874,,0.06763650394735055,1.2515703487911287,3.7857232464957775
2020-08-21,0.32822047602031157,-1.5917078482536315,,,,,,,3.04743013294884,-0.08005901015547726,0.11727541392501535,,,0.33661471226018197,,,,,,,,,0.0003120749263104648,,7.853307148493005,,,-1.3861834587934923,,-4.765823359419114,-1.7276039158796996,0.3915327617888887
2020-08-28,-0.36087807844046504,-0.11556304339103196,,,,,,,-0.4875470453795736,-2.507852046352302,-0.09383880087090782,,,0.0552375006863691,,,,,,,,,-0.17955662112662676,,1.8536628113768336,,,-1.729700978807088,,0.472806302361365,1.0248666130653465,8.57158775243718
2020-09-04,0.2816694943667221,5.569696498353936,,,,,,,-0.7862528657836751,-0.04854734475127362,-0.09294581014878081,,,-1.5690018912415546,,,,,,,,,-1.6816858492026885,,0.1564990964931797,,,0.8231762111104234,,,0.7178576296562478,16.232637662105557
2020-09-11,0.005194948692785514,2.339361072338033,,,,,,,1.3137693282682774,-0.17180399221951864,0.0267964868673319,,,0.9123526973862582,,,,,,,,,-0.014407392648004317,,-1.7241039321496556,,,-0.01655584440841218,,,-0.009163320460025395,7.35177302017053
2020-09-18,0.5784060773068881,-0.043403918350487944,,,,,,,-6.684444163577279,-0.20121856850464553,-1.7622234769452976,,,-0.8142760689874442,,,,,,,,,0.4687960772808661,,6.955541833777102,,,0.01292055536035186,,,0.17015306168418232,-1.3792361307436884
2020-09-25,-0.8374437309080187,3.0394401786937526,,,,,,,0.005851162913291675,-0.616870638160772,-0.0012406632138003862,,,-1.9388398284355328,,,,,,,,,-0.08906106687716495,,0.4635479015076666,,,-2.0088722616725088,,,-4.518920136133336,0.36585716015670994
2020-09-30,2.1933450922903113,-1.134882395087967,,,,,,,5.953807885979435,-0.005350506962776058,0.004537370463256796,,,-4.624346035169001,,,,,,,,,4.652804336924082,,-1.0786313445081137,,,-0.477734171012167,,,-0.5829739206922226,0.05412014613190863
2020-10-09,0.15806593277668549,-0.03598148498866774,,,,,,,-1.0118366202779885,-1.0847928986353503,-0.09360657409958975,,,-2.5425822648250156,,,,,,,,,0.1265277032179437,,-0.008069559364710405,,,0.8110866875932471,,,0.0941864724083763,1.396403458500099
2020-10-16,0.7113304606592131,-3.2879058156747365,,,,,,,-3.451275308589046,-1.8405951405029732,0.06442912364046167,,,3.6961158376905825,,,,,,,,,0.18731971306297418,,0.1439592600621121,,,0.9889105835693568,,,-0.5464246921394739,-22.40969604107592
2020-10-23,-0.44410024891027633,0.14413918096401823,,,,,,,7.4417220951305545,-1.3114890322433692,-1.4877936554757039,,,0.4481207492445955,,,,,,,,,1.9626598320543276,,-1.4626320479565216,,,-0.4286548650151988,,,0.019364199922872635,3.5218622139758775
2020-10-30,4.242777046895208,-1.2174683107429973,,,,,,,-3.169304039363088,-1.541191632754493,0.013960121628558714,,,-5.492570514371993,,,,,,,,,5.5512484422672035,,-0.33405428898895706,,,-0.237435564695866,,,2.396447710355832,0.38218895794194735
2020-11-06,0.3475469691729768,-0.04023002094003508,,,,,,,3.884553823262677,-0.4309505010244147,0.005620470161998653,,,0.7297218280089504,,,,,,,,,-3.126384900133311,,-2.1378825653194133,,,-0.4518668877706582,,,-0.0866365570696804,-15.835745518959842
2020-11-13,-0.17658210629714358,0.04197670054744662,,,,,,,-6.104667527592203,-0.10344120338727233,-0.031256495115462496,,,-3.4718331052386397,,,,,,,,,-0.0045113066446773875,,-0.009687228058474447,,,26.08371237523237,,,0.8680535067678701,0.40074375610791485
2020-11-20,-0.016186610097101768,3.707902679376916,,,,,,,-0.4331748125821875,-0.02572282345006196,-0.14884033843145095,,,-5.006407323550507,,,,,,,,,1.7670032352714595,,-1.3976121304596796,,,-1.301436022553279,,,0.05087211161059686,1.489245809441107
2020-11-27,-7.3898212061767685,-1.4781942674360664,,,,,,,0.10905109114598753,-2.7369712427478126,0.7748486031791566,,,-1.4054420413844417,,,,,,,,,1.3603490863934005,,1.2271621819954113,,,-11.156359276496856,,,0.11934559193284078,0.05490773348023133
2020-12-04,0.15963645704639795,-0.42634720506215124,,,,,,,-10.178797673430262,-0.07193331695071498,0.038871087818977496,,,-0.08625127517367642,,,,,,,,,1.1405824569556025,,0.3568104053281145,,,2.1252306314964713,,,-0.5855603255499138,0.3553166452347058
2020-12-11,-0.1844058467115232,-2.3433772394154317,,,,,,,3.514887478197909,9.317452089055939,0.09871130232046778,,,4.306363195655758,,,,,,,,,-5.5360157452760035,,-0.17889113735416873,,,0.0736165292909028,,,-0.0113837503222608,-1.0867738105294817
2020-12-18,0.8354285529052441,-0.5279971874039281,,,,,,,3.3867535598306153,-2.398726835705017,0.6358381060762481,,,3.96975967269535,,,,,,,,,4.453818318893093,,-0.004497503512721726,,,0.6063517089346551,,,0.03645262635570244,16.054662457563843
2020-12-25,-0.8204936321653424,-2.464413634226453,,,,,,,0.20363232009407117,0.1081710862111779,-0.031633985648072314,,,-1.5280552667595402,,,,,,,,,5.317346819647159,,0.12288563622887155,,,-0.6598568727913574,,,-0.01139617587298273,-22.203307306785568
2020-12-31,0.5141488807214007,-0.0741242990661968,,,,,,,-3.1643071710459028,-0.36788727796183884,-1.9467110840070765,,,2.1731776613195977,,,,,,,,,0.5088403220030913,,-0.011794509541516196,,,0.013186787912743858,,,1.7312227038107089,-15.874466716819045
2021-01-08,-0.1497614756367694,0.4348218621703146,,,,,,,42.36893874219976,-0.10813500552762578,0.0022869732971966296,,,1.7255094143118481,,,,,,,,,-1.9686278738949052,,-2.043544176992879,,,-0.8153777771727979,,,0.23311561370430445,7.375435069596989
2021-01-15,0.3090323022536396,0.29066049533657085,,,,,,,-10.289336239370359,0.10289731015227595,-0.33517694186320734,,,-4.558873496478421,,,,,,,,,-0.03760879438432646,,0.6149687738403373,,,-6.734669419006011,,,-0.25162501417894556,8.374722053415113
2021-01-22,9.281032804788802,4.311467840056559,,,,,,,1.3536298389147534,-1.2391941835121953,-0.0074345109274976,,,-3.647101339464679,,,,,,,,,0.11785006263626649,,-0.0546101292900113,,,1.5055168116905855,,,5.402348217434046,0.39352216919598065
2021-01-29,-0.6125703424224904,-2.0591731180515302,,,,,,,-1.6492100621673809,-0.4714795615934999,0.07712100286232985,,,-1.993842305630519,,,,,,,,,0.05932956569441941,,-0.2728003938710648,,,0.3276698733773299,,,-1.6460793182414015,3.4478780931605444
2021-02-05,1.5389133090210811,-6.403655329043429,,,,,,,7.354896438398274,-2.0276502233026807,0.039527756442076234,,,-3.6007374424522167,,,,,,,,,-4.185232139941103,,-0.17776800507872004,,,0.07544255085609562,,,-0.32275422653510194,0.35554096982736194
2021-02-10,1.015949090576859,-0.041490016420532155,,,,,,,-1.3743062545299753,-2.304163899232522,-0.9181276388566012,,,2.583664255289216,,,,,,,,,-0.0046231175111632605,,0.3215678071091227,,,-0.6774877087409497,,,0.1782006211660987,1.6318978630262566
2021-02-19,-0.24056515485214636,1.7567335984796233,,,,,,,0.37036581595465423,-1.3236839516929937,-0.12526408142436543,,,-0.9608117502688212,,,,,,,,,4.6893942354471045,,8.439333652390546,,,0.7579688537632948,,,-0.047159777705823566,6.973750738152504
2021-02-26,0.5981482140930509,-2.1542949766314674,,,,,,,-7.302155414508314,-1.1232897002533735,-0.003255262278463617,,,-1.0544246915449742,,,,,,,,,-6.022755518593598,,-0.5726176450583276,,,3.354522703861493,,,0.03864043522875997,3.0691352344915774
2021-03-05,0.9647871224526733,-0.6308870891407685,,,,,,,-0.015309434411511558,-2.1037188367398123,-0.17049768084341796,,,1.828556462393776,,,,,,,,,-5.069899698129998,,0.08636287808643646,,,2.0805147183551607,,,-0.9493367610615384,7.051592625808965
2021-03-12,0.8976118720871751,2.7523555782364655,,,,,,,-2.6543913330197944,-0.18493753101179564,0.44572761130285626,,,3.1463079849834203,,,,,,,,,-0.807852004696522,,-1.3487435675691746,,,0.6286798447746981,,,-0.6312359196117834,0.2780664912137998
2021-03-19,0.4050590496658575,-0.33398740685428485,,,,,,,-4.849190019803236,-0.7246949445923577,2.381704260052381,,,-5.025059922291958,,,,,,,,,-1.7682517832930222,,0.0155617418039776,,,0.1199538839517479,,,-0.2830092398504102,-21.376580143388697
2021-03-26,-0.03780329414999375,1.50715519129351,,,,,,,4.650114021319936,-0.6680396089980261,-1.8242709927938228,,,-0.12796437891799894,,,,,,,,,0.4062951486836101,,0.02226476015456736,,,0.27460317939781076,,,0.013101704171995444,3.6788982683569413
2021-04-02,0.729314206934355,3.8399374787782214,,,,,,,-8.1425997193553,-0.024330531863398293,0.11586981339728156,,,2.331593414981597,,,,,,,,,-7.000563320452512,,0.021417834084622153,,,-2.099800950052101,,,,0.2478267913603095
2021-04-09,-1.6519242231086941,0.1384971369866625,,,,,,,4.280304886084478,-0.4752079897180049,-0.10409622432538435,,,0.9338063761195173,,,,,,,,,4.52866404692738,,-0.033542087302747645,,,0.20775149080495653,,,,-15.995552418363195
2021-04-16,0.1353681054997906,4.314917129514879,,,,,,,-1.1365396355045876,-0.48778714707353676,0.31813712114268,,,1.1571706007725504,,,,,,,,,0.24539135726532577,,-0.13154774338583206,,,1.8792089526706257,,,,0.34720093273157737
2021-04-23,0.7621675757877239,4.423055717355524,,,,,,,0.49157848116058267,-0.29962211684506573,-0.1500900687726067,,,-0.9751539753376548,,,,,,,,,5.7761779091224685,,-1.331816642074031,,,-2.9390905629325874,,,-1.3007735333294876,0.10682924397477256
2021-04-30,0.06809769693523876,3.5312534165900176,,,,,,,4.326006182569656,-1.3262431368751129,-0.030483278127292388,,,2.012704392382458,,,,,,,,,0.3105754367198085,,-0.03943658786066975,,,0.7074130518473153,,,-0.015228899171620437,14.776625881188345
2021-05-07,0.5734512543476868,-0.525834768324808,,,,,,,-0.10930428740414838,-1.48232827188738,1.201939916774962,,,1.3550322882383166,,,,,,,,,-2.7930459991404883,,0.9627120121304724,,,-1.1351743040928228,,,0.004963477680708133,-0.11558549150346
2021-05-14,0.5285209689093692,-0.5034882224268911,,,-0.18709696882880716,,,,0.010708044308132103,0.2897024613553692,0.008080226944662823,,,2.4622894348338296,,,,,,,,,5.865800206010201,,-2.215331486133272,,,-1.8443162429863884,,,0.3909932484443512,0.5037374133009067
2021-05-21,-3.4883028086515746,1.0061484743765925,,,-0.028523514538623753,,,,0.25992584305249966,-1.1730959315891316,-3.2921245814583022,,,2.269065731310512,,,,,,,,,1.0556998750384277,,-1.150349494673817,,,1.2062492902347703,,,0.705531269858091,0.24051419806688434
2021-05-28,-1.558560326730957,-0.06278043105110215,,,0.03238804584596114,,,,39.839370834077684,-0.04017413083887496,-0.22012074225940165,,,-1.657399477049079,,,,,,,,,3.6060615941394913,,0.028671674373971,,,-0.38205948124708383,,,0.3015754358911298,-12.328667501670587
2021-06-04,0.2711586564237327,-0.7386041243892763,,,0.6322712344376726,,,,0.5441461511727234,-1.9457082674089654,0.09299744646339664,,,-0.620136252027755,,,,,,,,,1.8848916377560674,,0.07502942551017393,,,-0.39309093464753586,,,0.03396815137633117,0.9555938027787844
2021-06-11,-0.009777812427279202,-0.5894375836530217,,,3.9671618697289803,,,,-11.294920508983314,-2.067624824874715,0.006119545425439594,,,7.647184038245454,,,,,,2.4151086502268875,,,-0.4614795228742352,,-1.318557477344401,,,0.09689998523497143,,,-0.021220171731866494,3.1278754628563243
2021-06-18,-0.5412113799576657,0.6974281844929173,,,-0.030657350765972008,,,,7.183502091752043,-0.06283965178076054,0.04043204226491971,,,0.08876129515346817,,,,,,1.4695823119088711,,,1.1756967289034261,,2.1288766154270578,,,1.5488644368916797,,,-0.7535087130701076,0.1004737411354128
2021-06-25,-0.2976021282902792,4.816457202815666,,,-0.14021227483787924,,,,-6.300259948910567,-0.9112743344454042,0.004114311559586772,,,-0.31938741379434465,,,,,,-0.8153415239236451,,,2.138414027601202,,-0.020906126543239697,,,0.03578550694739934,,,-0.6949769124144655,0.04467435719850938
2021-07-02,1.4857664206127512,-0.5472412685942919,,,-0.49947889365904957,,,,2.0588763443044322,-1.0464526780973689,0.2915277702895842,,,-1.891762134531338,,,,,,1.3248964119187514,,,-17.10575301195582,,-0.4671026123034,,,0.013862113750514937,,,2.7647493383026633,0.3564871823933684
2021-07-09,-2.3024735445182745,-0.10751964810567316,,,-1.350706806352591,,,,-7.569560071587215,-0.07248261530346821,0.6768325216460362,,,-0.26701340497418113,,,,,,-0.1958610090155763,,,-0.26449784839525403,,6.908700966160594,,,0.4889369415736032,,,0.6546684040495261,0.4597743067071658
2021-07-16,0.6352312608315662,-3.173831403715839,,,0.1266439738274787,,,,-9.554607409244301,-0.46421255129389705,-0.5824610369945156,,,-4.384032165821217,,,,,,0.018306425301834475,,,-0.10333768636089197,,2.688843641895801,,,0.17009800819160747,,,0.30927363342295927,-2.2518463560519972
2021-07-23,-1.0671929685409998,-0.7357318707588285,,,-0.281778569463221,,,,-8.250423494235294,-0.07113541261550865,-0.004117309956267968,,,-1.2307435465957113,,,,,,-0.011414410775966593,,,-1.8210085460321195,,0.4025714258156473,,,0.0862114708261008,,,-0.005309724806638283,0.00940232686586119
2021-07-30,-2.362518970277198,-2.7669897910622563,,,0.16238832463460312,,,,-13.708636458661047,-0.025310302506297885,0.038008196442037234,,,-9.166919180323491,,,,,,1.2801175034993062,,,5.481622078365934,,3.3252375559228806,,,0.08302440445035715,,,-0.3232887299947991,0.03120960942908957
2021-08-06,-0.4210834332506508,-0.2939768987915961,,,0.08647633942839551,,,,0.5638585397721912,0.059897494715594135,-0.026556783311289228,,,2.695379752542599,,,,,,2.985160511099511,,,0.0017035768286934715,,-1.2270348012078558,,,-0.5856065031744107,,,18.974863975101915,-1.6358546379396097
2021-08-13,-1.2267194220086857,-0.004745495305399569,,,-0.014321328833848916,,,,-1.1650707745597522,0.008773661513960484,-1.428935708579865,,,-1.5485371765141824,,,,,,-0.7105564610954578,,,-0.39568100997236855,,-0.8762984721770263,,,-0.24997019473440127,,,-0.4744641742148922,-0.2140082411948977
2021-08-20,1.4319819255990793,0.006459758975956242,,,0.08483702079794073,,,,-2.8647391406484592,5.484461731562095,11.67249877731103,,,-8.860902800219057,,,,,,-3.348575303063623,,,-18.907858322199708,,-0.8351737885055522,,,0.26672856463013944,,,0.033802710118768314,0.017212508067718672
2021-08-27,0.4468089576945742,0.26441601602730047,,,,,,,-5.257648122032383,0.006382452263613996,-0.10066074167234097,,,4.052272714637672,,,,,,0.09734780830287226,,,1.6199305053639708,,1.1660595601065078,,,-0.2431388335862592,,,-0.01891106344322941,-0.26174010880090964
2021-09-03,5.827701531971658,0.49572340147216953,,,,,,,-5.9076105349644354,0.051384699194485454,,,,6.804759399354256,,,,,,-0.023572872236318754,,,-25.301578348313257,,-0.7868642619982142,,,0.09485571522073115,,,,0.720799937265947
2021-09-10,0.14609022514312986,2.682131124903001,,,,,,,-0.3537076375087924,-0.027384670718602518,,,,1.2293631570483432,,,,,,-0.16596323024687745,,,0.3497465158914784,,-0.6574840968524063,,,0.5750741102224761,,,,0.6718790728014984
2021-09-17,3.092464687572277,-0.07125729598960404,,,,,,,42.333734444321536,-0.09144122215926397,,,,4.177694874412094,,,,,,0.16057957915798626,,,-1.458503483106487,,-0.26957272884001693,,,0.0038978812048312203,,,,-2.131663721070396
2021-09-24,-0.057452268822934915,1.3161395799842759,,,,,,,-2.445901069594047,-1.1856882084411644,,,,2.186429756844565,,,,,,-0.1781391717502864,,,4.391641656401765,,-0.019849602847721727,,,0.03764461890775221,,,,0.03372412213178422
2021-09-30,-0.6133244602237985,2.3289058854242257,,,,,,,-0.5683645624035023,-1.5453831209036069,,,,-1.471805683869956,,,,,,-0.19210110344328402,,,0.3162194752838834,,0.018364201476345696,,,0.01631623672565003,,,,1.7254622968963247
2021-10-08,-1.1725943800073528,-1.165625663529206,,,,,,,7.350344326111884,0.2810399994574909,,,,0.6658980591054068,,,,,-0.018239624170234885,0.5712882954024959,,,5.9461027203483825,,4.324594806401317,,,0.39772313302191475,1.1295978611638104,,,-0.017513103589757356
2021-10-15,-1.2565722950921416,3.6225099841453208,,,,,,,5.62602477928392,5.468002405230962,,,,3.8038814215482226,,,,,-0.02341420404196335,1.972391149633066,,,1.4267126070099414,,3.0894272913866647,,,0.008318158492958817,0.04011192327227868,,,0.5139555175904732
2021-10-22,0.9126231351920416,0.8877427660665865,,-0.15733548802687192,,,,,-3.2546041842642466,-0.06277930079609358,,,,-5.939236676480221,,,,,0.26946326300884554,-0.07724821714384816,,,-1.3555394908686575,,0.3668532816661816,,,-0.07963404995705804,-0.776263166302194,,,0.7525546180029072
2021-10-29,0.018879336497970172,10.836031339296271,,-0.03238137937635568,,,,,-0.003962630517973291,-0.24612251896557735,,,,0.5995606272949505,,,,,-0.09611633794699365,-0.49682689618484166,,,-0.07336116497460812,,-2.4504748311224214,,,0.04815787107346231,-0.488876242232817,,,1.6186370358774245
2021-11-05,-2.653292342092379,-1.938123849244362,,0.20984589121933458,,,,,-0.4610817675490311,-2.554641638745335,,,,-5.791021630346621,,,-0.3890683153592669,,-0.0016571363045659406,-0.46869324163489146,,,2.748526147707703,,0.16822337270348958,,,-0.5292883296525954,-7.23322209247708,,,0.24169826056710816
2021-11-12,0.5021071822698504,-0.34232927050528167,,-0.13993179775037673,,,,,-0.08056783884200913,-0.11147431524202148,,,,-0.773938905433357,,,-1.1198330541331294,,0.08945098882768185,-1.411047919218983,,,-1.6116742714348549,,5.078849573384938,7.035913175576537,,-0.03356953937466296,-0.531912877925232,,,-0.22693001671607996
2021-11-19,1.126569373545779,-0.051589477445843746,,-1.5923732727895095,,,,,-9.968891820579511,-0.3127873405560184,,,,4.9359895884699325,,,-3.2766343814280807,,-0.06007477203585396,-0.0026620111681444985,,,2.0152470651269927,,-1.9210092823648584,0.11912429930854773,,0.0011005476990684408,0.011922286749815682,,,1.4121359306761674
2021-11-26,-0.7553342176039539,-0.4456562977339273,,-2.0246531318063044,,,,,-2.5582520067759114,-0.465054788360098,,,,-3.3260253160718385,,,-0.1373310490883087,,-0.02836028906189938,1.4959536322163862,,,0.8512289896665419,,0.11084742120495364,2.6148587167136053,,0.0034793841551443187,-0.13191291901545232,,,0.04572996862542193
2021-12-03,0.42583595312105066,0.7914464237493553,,0.0017914048511971578,,,,,2.2140292530084906,-0.6611723443774219,,,,-0.8212334017542211,,,0.6375683108211512,,0.0018962446288821756,0.231993313067636,,,-0.023001242783178017,,-4.004113778873853,-0.01281672616867234,,0.9619723252423261,-3.4339212554768843,,,0.013018471823669948
2021-12-10,4.488399961930968,-0.43657389580124617,,-0.12151126292301001,,,,,-1.3701461645496051,-0.5059264864127424,,,,1.2886772578735735,,0.09313169697777707,-1.956683554716637,,0.07386397261952267,-0.09497932230289602,,,7.188390477978483,,-0.3587062342870758,-0.13406723192600511,,-0.37869758215963856,0.16764094318208772,,,1.649149799270913
2021-12-17,-1.7392392987289071,-5.939911652045634,,-0.13690451452962726,,,,,-2.621501337273255,-0.026849022777602247,,,,-23.368834395811334,,-0.05125039622092761,-0.05452568992308865,,0.23205717617265148,0.0024278270746711955,,,-44.80750106104232,,-3.886074104778637,0.10871595440167385,,-0.009345363136188533,-0.7110166740326742,,,-1.6657697307778256
2021-12-24,-2.2232337246275513,3.717276901363171,,0.08747323066159254,,,,,-4.825881999531429,-0.12680061499443512,,,,0.366685388354641,,0.1479807176055263,-0.01741429598034333,,-0.00839153009429536,-0.16421305550964765,,,3.9978365926356716,,5.132151662922304,-0.02776460488046821,,-0.06865575849711172,2.566049638230516,,,0.8346114128209081
2021-12-31,2.2243278169523015,-0.7742536985558878,,0.013697679970576256,,,,,-6.512440184000935,-1.487404692300646,,,,5.170721434206911,,-0.47847570353700736,-0.583097493400302,,0.07497326774409402,8.923559055549127,,,1.342968996006827,,-0.9067896639397377,0.044801217629104564,,-0.27762202671644326,1.720509554904425,,,-3.5209057842897913
2022-01-07,-0.9316654621714067,-1.4996256647760224,,-0.20935244541291884,,,,,4.378145074925197,-1.2507210747897943,,,,-2.0972342320778763,,-0.08582250348348125,19.278242552302636,,0.05049321641666718,3.730812600879264,,,0.08014489464790435,,-0.29223759588093784,-0.018581809786677526,,-0.015336114096895883,-0.12843914081169616,,,0.013935441303571477
2022-01-14,0.765919927453781,1.0967426535167495,,-0.6302093728978369,-2.0437734280558915,,,,-1.7667691954155047,-1.0773720290347246,,,0.15770533092701536,4.760244900720427,,-0.06979449916947277,-0.27940295189417974,,0.13776647396988984,0.01419238886347935,,,-46.44684971335923,,5.18315942353371,-0.04252245856537831,,-0.04438167389249266,0.6123920349835262,,,1.2556926186780786
2022-01-21,0.10215601726828649,-3.7810200026888285,,-1.8841744394459665,-0.02596797751923656,,,,13.801639496747262,0.08044921216085338,,,5.7084675144205175,-1.0250955635350454,,0.002627779436101013,-2.843198736555948,,-0.008540278303582519,0.42085439561941507,,,1.7667775635092773,,-0.8525174498508428,0.02374565526811312,,0.12603973374805855,-0.22958816631334839,,,0.9222867811455832
2022-01-28,-8.990608827654837,-3.3461966388727062,,-1.5982258172293635,-2.1494685953100365,,,,-14.967240586331902,-0.2552430118943907,,,1.231977905762788,2.7898366767425635,,0.03962605115159142,-0.22362366291470387,,-5.167591163998254,0.5256604643762194,,,-12.223898495217217,,16.191257433454854,-0.8378224678650569,,1.0286545665815003,-6.69697423626217,,,-3.863340395787432
2022-02-11,0.7684105255924086,0.25785443629231836,,2.046866368335884,-0.03924759125407963,,,,1.0239021492961666,-0.42460602078554194,,,0.18133900846369516,-4.090851654950255,,-1.9909585042862583,-1.7255762058944744,,-0.480409381825389,0.8377512605266768,,,1.0219670711747444,,1.4133466283104692,-1.7004932157779744,,0.0052140081679041515,1.7747408144837364,,,0.46141964509954314
2022-02-18,-0.48739102825716535,5.326599408012326,,-2.3210064136755113,-0.7737632819164618,,,,42.67066832877983,-2.322190576721103,,,0.13465012928872758,-3.589201738383521,,-1.4107792019150298,-4.552410569978181,,0.0033375254378995474,0.014399972284300191,,,3.25037729366326,,-0.7027379008936321,0.065770995590746,,0.0071362685187095765,0.14478482509549212,,,0.03215775713864186
2022-02-25,-3.16622041025716,-6.517073911502094,,-0.09630792933956578,-0.18395099188266711,,,,0.11189282097803811,-0.3846036700409851,,,7.299977845671771,-3.64354328459059,,0.04158726955979905,-0.20053809212912244,,0.24712531947910432,1.9707478986341889,,,0.3240018923740332,,-0.9747758518638826,-0.01912514750184198,,-0.2996810571213997,-5.454171230220135,,,-0.14844960227699053
2022-03-04,-5.226833205442421,0.1663639433589987,,-0.026623533110449793,-6.567434155961931,,,,-0.7873727943019948,-2.1664775738249906,,,-2.4695932552796833,1.4858535890989473,,0.6073628516403844,-0.003228478843662265,,2.7121851221709092,-1.2928671482378464,,,0.4972611665177189,,-0.15709913793068542,-3.6955319336388635,,0.07531946124322213,-1.2872361544772402,,,-0.2393069368059143
2022-03-11,0.6149172664938475,0.9416831440796879,,-0.05412138289857429,-1.1207677842953578,,,,-2.4761759944761224,-0.8474150057627752,,,0.8613811948160441,-3.1214434305315852,,-0.030035998158852287,-4.0674161132989655,,-0.037269137287849474,2.110482063641635,,,-2.4326577593834093,,9.48503824221088,2.352275900246211,,0.01662427329343088,0.233889992373259,,,2.4008636854446346
2022-03-18,1.66598070457827,-0.5404734283270982,,-1.6638442097104371,4.406908921019222,,,,-0.20113286862629673,5.920462512367138,,,0.04321527771364198,11.175456113976765,,-1.362514619827061,-1.975148425808563,,-0.15403174577656653,2.425563189306958,,,5.7259889148072896,,4.146432013150096,0.008264301075580467,,0.034665810576003785,-0.08734929674940987,,,0.3988329263760365
2022-03-25,-2.785640294424295,2.1229350554978987,,-2.0236527024079094,-2.1439698122212367,,,,-2.0160669252023964,0.390986675677028,,,-0.7833270160016792,3.6773360536669215,,-3.3162971558956467,-9.923657149922612,,-1.4657886804515676,0.28359392194245453,,,1.506271903722193,,1.1303549216850914,-1.562896974960982,,0.18957744767755105,0.429800636333406,,,-0.0036450686569611595
2022-04-01,2.421839909971828,-3.0868198508596403,,,-0.03017193025834929,,,,-0.249583019260257,-0.20861823566420704,,,0.12298159476073278,3.54291185245389,,0.0007982054054047271,,,0.7041808219075809,-2.0087064328007562,,,-44.06524194820411,,-2.561545504754899,,,0.05428074500779782,-0.2472751642860333,,,1.3610854078718222
2022-04-08,1.1359929032113225,0.547375090285508,,,-0.4815929077348473,,,,-3.784378124094388,-2.0230293876419116,,,0.037402948517549106,-20.583655059197568,,-0.041908683321285736,,,1.8232010829319967,-0.033788305307157845,,,4.08434101424414,,-2.6055039755641425,,,0.012921322842111074,-0.03676679808984395,,,-1.988265592757208
2022-04-15,1.1540913216458484,0.3498513241749693,,,-0.07468883180275576,,,,-2.3133278468899583,-1.327889066328568,,,-0.0261898319483928,7.311929390563847,,0.012215920118051112,,,0.025942557788770956,0.060437046459790415,,,-57.33291143481784,,-0.571301527565483,,,0.054345460327813185,7.468833980362811,,,-0.18531038246391413
2022-04-22,0.13153816809990643,2.2901157751752397,,,0.022874539422254862,,,,-6.079159966758415,0.615957415044106,,,-0.19665500740416858,1.1322094787376518,,0.08077126172267055,,,0.08052248295957533,0.009899723738564431,,,2.4072845623975176,,-0.10304586327960848,,,-0.0301037564099749,-0.07926164737541197,,,0.3472403633270006
2022-04-29,0.1792201015896685,-0.7154042142041074,,,-0.2172784224345306,,,,0.6899932891372511,-0.12985415804285527,,,0.08158400477997807,-0.015949447015109475,,-0.10760206402422914,,,-0.01466753836958145,1.5613534164404637,,,0.18710730935266734,,-1.9848085092156935,,,-0.5520605983897697,0.1346883992657506,,,3.16511680136822
2022-05-06,2.327192678287739,-1.4175976791037002,,,-0.20339303663200248,,,,0.3511855396568525,-0.3540182744681676,-0.3489186134297122,,-0.6613784429382586,8.00132569304131,,-0.021023581839686473,0.08895654772687786,0.3682838438620768,-0.20292376252054523,-0.3512779611882822,,,1.9853777303221884,,-0.35580301251807944,,,0.00685613860671421,0.030556318504022306,,,-0.033906527651438
2022-05-13,-0.38222764208122706,-0.04913812337333467,,,-0.3124140454511688,,,,-4.479077164280839,-1.712274581024191,-0.13049105613025816,,0.057170977792956885,-3.240902017885476,,0.03750309098400746,0.02750252521393478,-3.6988641878417545,-1.2837716951421267,0.31620540932054353,,,0.5709318931670717,,-0.7587675152953525,,,0.03147580284961217,0.0488397103337787,,,0.4166138692787739
2022-05-20,-0.39033333636187717,4.180711412998208,,,-0.017735619125331746,,,,-2.0280337397453723,-0.9311134194251586,0.08655321259222026,,-0.0689805785869847,-20.86217642082182,,0.0032482957617696686,0.10425625327744906,1.4425281567614125,-0.485160183429418,0.058118277599984794,,,4.857761821755928,,4.8877519090902375,,,1.93452437894194,0.10788292394853208,,,2.97534294680745
2022-05-27,-0.5090352666678167,-0.01840326397856544,,,-0.21412661547444437,,,,6.842422647490323,1.229189110497329,0.32538282664986307,,-0.03026582981519886,-8.002981988051971,,1.1188736268418602,-0.0259820208687285,-3.119335728749894,0.03738625463831263,1.1122774629656758,,,4.82861851647071,,-0.3496123761414793,,,-0.03779613486287976,-0.06058595245405885,,,0.38920332431619986
2022-06-02,7.0031283377655615,-7.026854559607369,,,-2.5122694454693866,,,,2.071466809545519,5.29579729938381,-0.17331582913074092,,-0.23804562071307514,5.5678996060034684,,0.4703923994447247,-0.03111466849047795,-1.315181972627758,-0.20995964091919184,0.007848050322864812,,,0.28139671227729907,,2.7772738224081164,,,0.046378785055671334,-0.023097226960234776,,,0.992564182282906
2022-06-10,1.680019305262558,0.2236912548896676,,,0.07693842746793114,,,,-5.4843337927924045,-1.2956210934468773,-0.6337539325271364,,-0.0033674198337644776,8.923380103237905,,-0.005985751859046887,0.025914554514563287,2.037663440138495,0.3507125797611217,-0.12745041345633257,,,-0.16073392123015418,,-3.8660050492107954,,,-1.6918974449168636,0.030823913014511085,,,0.11321419688559994
2022-06-17,8.472184699221925,3.4055601867030076,,,0.09217363161556759,,,,6.661513592537535,-0.10220044322636185,0.12954768357766236,,-2.64299268651416,-6.832277357307266,,0.01310602694696819,0.03427863568493964,0.37623008088022714,3.4816873918932663,3.6392990431401198,,,-6.596668737868691,,4.333175476095194,,,-2.0443678701142396,0.014912054722818471,,,-5.310268759574775
2022-06-24,-5.923196643812087,0.5188812002763595,,,-0.001055155966816771,,,,-3.3766546663336823,-4.247418881558466,-0.004439828852365072,,-0.06583864374163169,1.6214345597674413,,0.0027478917419227755,0.7334003887912723,0.03236283248843386,0.15796249150657588,0.13534592982401306,,,1.2853661547900146,,-2.5906912007658955,,,-0.24610959088927042,1.4446950770026892,,,1.3606606354041544
2022-07-01,-4.1389085390067875,-0.4833295280972829,,,-0.05583725791419909,,,,0.2516678123878048,-0.7879679188931232,0.011007691928459486,,0.7587237382114616,7.131601831390068,,-0.07826353744969336,1.479236506882779,0.5103062543486679,-0.6907964130094832,2.013644537571795,,,0.2677772007757607,,-0.349874585335026,,,1.5994710338542237,-2.445859162495774,,,-1.5005148488299975
2022-07-08,-0.13264524599048316,-4.45856355560127,,,0.12589271380919226,,0.14049013921145345,,-3.553743704956601,0.9769946213852667,0.05429196253217161,,-1.0363680526759285,7.602089000420178,,-0.28482075612199065,0.8439421958336424,-0.15417460130497976,0.05694625049115176,9.389391362655969,,,-0.9845412556484757,,7.621914719750389,,,0.006947858112334483,-2.1426619014990758,,,0.010979077488099315
2022-07-15,0.9026377124878769,-5.258055168589398,,,-1.44850093448306,,-0.07241004889177806,,-3.524581328455285,0.1696046561147729,-0.06303606151295879,,-0.48406248614285763,1.2646360096212588,,0.49828994949121985,0.2051546490148167,2.9330938226301044,1.180583298039262,-0.4675943032033398,,,-1.1462612246878643,,0.0988998473764516,,,-0.10406188343639708,1.1917622478837426,,,1.5155185075493973
2022-07-22,1.4559290748059237,2.5091336125786565,,,-0.07340717826333362,,-8.825294209577752,,-0.7303674888052372,-0.3319994855294639,-0.9180857940871672,,-6.9585568517462875,1.7486589391037426,,-0.0037875359110251233,-3.8462407774267824,7.521161246748251,0.3085356374301704,0.032543274324333744,,,-0.6318826687117416,,4.181991592857662,,,-0.09270075039940383,0.10846802656996189,,,0.5012667440002105
2022-07-29,4.17341509835782,-3.9849039218654134,,,-0.12758701026842395,,-0.21558482707626947,,2.5785467940086324,3.050815196672726,3.2385158259715494,,-0.13761473595843915,1.6343732762176701,,-0.30049724448827786,0.06486632132994713,-0.7154701386834653,-0.12573403210993395,0.07966484601777009,,,-1.4461679125018152,,0.5825457880552305,,,-0.03237996254960418,-0.17929161743373617,,,3.202668050875969
2022-08-05,3.858464970958993,1.026476442667068,,,-0.3056643753322753,,-2.5754447296353895,,2.8942043955115646,-1.5772511325091192,0.01959678690920573,,1.7802351855898166,0.0649138817806447,,-0.004113776754550321,0.026770338192051976,-3.9081850122330333,-0.007070081831878124,0.0014503827976706796,,,0.39016964609216787,,4.807582453261645,,,-0.2655970136803379,-0.7864366997143153,,,-1.5739110422436824
2022-08-12,0.9906229865831495,-2.524339108458512,,,-1.5862467033048342,,0.010320367982404766,,1.2628546593736616,-2.632794151702511,-0.2001042082935605,,-0.1633899339684675,2.5205783065694156,,-0.30192277856396366,-1.0373988111136199,-0.19211150641038102,-0.18613837280655707,-0.025577696668109762,,,-1.6938485235845797,,0.24063146591603796,,,0.263910189807397,0.4291209775639957,,,-0.0332260457008641
2022-08-19,-4.696811731236482,0.0025421899760462822,,,-8.455928174624153,,-0.2143013740957015,,-12.989545446940463,0.10653850244026136,8.30290126638627,,-1.1123513571530537,1.4136913947585732,,0.4960370413253189,0.019149129899972965,-0.025507456870135566,-0.49433492284773073,-2.087589003484286,,,-60.62407170674713,,-1.1269160745696263,,,-0.02871725215910316,0.30042408448756497,,,-5.271580957204857
2022-08-26,-14.767565548907797,-1.0374445444975293,,,-1.9410625033074214,,-0.02732740679790674,,1.005737952089583,16.86366157378785,-1.4795351146686058,,-2.580535659697997,1.1674190538317553,,0.49266262107195563,0.18301558384737748,0.11902513992631966,-0.15415202865134017,0.014494276463105523,,,0.5266210528151323,,-4.7857714461077565,,,0.08719951072197939,0.007614958953026975,,,2.818051692650731
2022-09-02,1.3702694806622038,1.9346700351835067,,,-0.34376498978753817,,-0.029007903988931306,,3.427270046009848,-0.34502449278512115,,,,-19.6753045414321,,,,-0.022019068731264024,2.4506132892444596,0.29558872317135715,,,3.441556136785007,,-1.7338226131521997,,,-0.1696692949985026,-0.6446438764280403,,,-0.1417880466994614
2022-09-09,0.02753711395458215,2.76217246661972,,,-0.051735040811655024,,-0.07374602871027773,,-4.033234562437005,-0.00823746813850036,,,,1.552954673211829,,,,-0.2477995410823132,-0.08670957282534167,0.052493434061048914,,,-2.9577094731156435,,-0.42851867534033017,,,0.08255919895406559,-0.5880519564890455,,,0.07064829780728998
2022-09-16,23.392044566515953,-0.545690425443886,,,0.12423243643998579,,0.015259782881140119,,-1.316481214299116,9.261176122284692,,,,-0.8672748710557667,,,,0.05126209476454267,0.27668164329696243,0.02858912720270014,,,-42.879234220237045,,-0.3618255248753891,,,-0.11359596257389058,0.8666256731595632,,,0.9482156721564579
2022-09-23,3.19342105945121,-0.07373784203761678,,,-1.0980944792874392,,-0.05702710074507103,,0.34681891831239087,-0.8984673704959262,,,,11.966689016760016,,,,-8.581572045702789,-0.014761201534896906,-0.025090115579393002,,,-6.515472697925871,,2.7665037412855114,,,-0.3755870708535654,0.011055280343813065,,,0.3918073515240288
2022-09-30,3.1600746313919754,-0.21348001607822004,,,-0.0083775144975228,,-0.5658038383204139,,-0.30753622967619865,3.6730145329179145,,,,0.5313095802046739,,,,1.519849964082138,-0.278499381852386,-3.125853432270974,,,5.618679422151904,,0.42138657697266163,,,1.8318692026697116,-1.8093767766571214,,,0.0023115596056528798
2022-10-14,9.716964684195887,0.05081119405028334,,-0.5433539332804791,-0.012154913825017445,0.09221822270857535,-1.62708144305608,,4.481883378037949,-0.6714735414511956,,,,3.056932217169515,1.0265934290663767,-0.23230002063640542,,-1.04951224469276,-2.268716744286133,1.6080785739259358,,,-2.0317703962680955,,5.376134879215865,,,0.07227850026404818,2.4045948123224616,2.6044310162357664,-0.06301026857542968,3.1297618395418385
2022-10-21,7.8829786742453045,4.222871769585374,,1.6206511749128987,-1.5302779955570007,0.09624814700508406,-0.023804808362194257,,12.04970813760453,-0.6786159517911319,,,,9.077303870602764,8.410277870745423,0.017232585187742875,,2.391178043103708,0.04301540562992183,1.6699424397288272,,,0.5191126180490746,,-1.5040062641593244,,,-0.058782243223854475,-0.41138831376447327,0.06596748705914149,-0.026636153112105026,3.9644597478489736
2022-10-28,0.03488088751852092,1.0516685859068664,,0.03815756225649666,-0.24463366675305864,-0.17964179189266166,20.196920482998394,,0.6247798619820992,0.11281186094958134,,,,0.6655894991910045,-10.969936765283055,-0.11034890071497344,,-0.6352297797387507,0.5351397015135472,0.8347755846720885,,,2.254780851521866,,-1.377533978139129,,,-0.0459803950099217,0.026101355426031602,-0.026737496484709865,-0.04169449142176898,-0.03246905737681757
2022-11-04,7.328447645035454,1.8680112542831764,,0.1571452394494744,-2.7490901385311437,-0.033422682006914284,-2.8656204121381736,,0.7164127280208428,0.5086456697536901,,,,6.919747691571127,2.8025303597947304,1.029133433795787,,1.518086898712799,-2.6849184642554356,2.0375542625821423,,,0.2943612859975623,,-0.2707661846222752,,,-1.2221276468195783,0.3584981127718591,-2.4008864249291646,-0.005210517223551807,1.7695087646552938
2022-11-11,11.406430284661951,0.4747860895528467,,0.14374165401488248,0.04541805362399248,1.5099282206445672,0.6073076937158703,,0.7389595897479879,-0.7123809553844294,,,,-13.725314303631885,12.926943077344658,1.0755415308697887,,1.325061245338396,0.04803058110145773,-0.7828490643233892,,,-0.1336276625572672,,-2.18462915441542,,,-1.8113636831870197,-5.820723203463897,0.003245922628190826,0.1534199823031513,-0.5360239714891393
2022-11-18,13.680456123680333,-0.05586379187001137,,0.6308353463997098,-0.039153419549113375,-0.08995492441286473,-0.10298667425829683,,-0.8086097585786876,1.5434129967152281,,,,1.9827704230208685,-0.03097815883211652,-0.24784453085492597,,1.701446451629161,0.5412267488843688,-0.07073349690886241,,,1.9881708169335364,,-0.6917990480706937,,,-0.004426140526156731,-2.0707867743744957,-0.09149593096465916,-0.017892149820736725,1.1018743895133507
2022-11-25,7.866711473824494,-2.462483792756534,,-4.291726098765792,-2.0122205104796302,-0.017632610764565126,-9.735671063452447,,1.09835012753779,-0.7415504268544536,,,,-0.48708209875114483,0.23379886950454304,-0.04738728365063803,,2.1077724659780293,-0.19905568152169428,0.0013490590874950116,,,5.715021872377574,,3.962034262717846,,,0.28164253893638225,-0.3913851282722564,-0.0058090912533981885,-4.468008861691106,-0.03405054341707038
2022-12-02,-2.6920606626551438,1.343273539534635,,-0.2030088489577454,-1.4459723049231306,-0.45466758663331985,-0.16632996488579832,,0.9543309191430722,-1.6058997639505475,,,,0.7109097373091986,7.954218364654057,-0.04969057453621656,,2.8960478634193696,0.09354018933027947,1.2979777942705053,,,0.6466611380191132,,-1.7702529549371602,,,-0.23746124851880906,-3.9129463218049145,-0.44797088432604315,-0.3826688347880354,0.6243759095322193
2022-12-09,2.354864118684664,-2.3222605200477093,,-3.4018929986431328,-0.48875274614103004,0.03307383233598982,-0.04242223962526981,,-1.2929151780192842,-2.637984960354906,,,,0.035363076446843555,6.134127477443409,0.02303070078761749,,-0.19240868453586585,0.4323129475560712,4.032567198033841,,,-0.08054165590491458,,-0.3298374705380387,,,0.08928181258936953,1.3073507533110034,0.018567670639629254,0.5929131021595898,-1.2006269533890572
2022-12-16,2.5564677783630776,-0.11984418210531152,,-0.10902687318698928,3.808434079567178,0.016976553366738357,-0.0721070842853642,,0.38614830230857744,-2.9955597953221096,,,,-19.537841250794415,-14.41420770189036,0.018855634345844457,,-0.49445888551793277,-0.11214003595330596,-0.43315110626624453,,,-0.4066852582021303,,-0.2713280747026996,,,0.022243703395959737,-2.0191706495393995,0.0374516060590221,2.4426691207061517,0.08639314257701552
2022-12-23,0.5956375990964733,0.039769699271132115,,-0.0193237579259768,-0.35565965604477867,-0.17740180691132354,-0.012104978961155255,,-1.2140268954968791,-1.2100254489328757,,,,3.190988196162097,-0.05063948046141971,-0.0175456268594672,,0.2110895033436266,-0.5992177092848898,0.09660578903664051,,,0.38673167466901814,,-1.274669587645715,,,-0.39677204529004234,0.3792254837891834,0.10140770422486933,1.9027982771017542,-5.664770471662115
2022-12-31,-12.010689772698589,0.04082053177602296,,0.7350252721591829,-0.7213955863560557,0.4419616602201411,-0.19593654895763712,,-6.270007171245075,-1.4726930401668925,,,,-0.9652072433571381,0.19043299577464987,0.010409116215161473,,-2.9295286302417547,0.746987050776946,2.875226089533816,,,6.093331023679448,,1.7600871851351634,,,-0.008149077392314373,-1.0481865596317883,-0.2555327444274757,2.1706314232264847,0.1358015752847963
2023-01-06,5.3469452237305095,0.7780416663969034,,-1.391065466070448,3.2182458173551014,-0.22570861188220995,0.005009800249602431,,2.811996388933031,-0.2657395722574802,,,,2.9203906582288632,0.5614893309916676,0.016342363117319077,,0.5359684463547234,0.07710910841378715,-0.9407978496732354,,,-0.42584475345038036,,3.8008528016649805,,,0.0928783249341667,0.09719154552606768,-0.21060096491743235,0.04186525269455309,-3.7844461690239237
2023-01-13,2.101409512118159,0.21675106262214913,,0.15271304543978861,-1.748445351682571,-0.16839107717091148,1.392147768533634,,1.9798221134046459,-2.213388209836286,,,,1.4359945361802269,0.47248725882125014,0.052774983709951956,,-0.00574646778256456,0.3661242517031701,-1.7910390211923024,,,-50.103143578840864,,10.035059569138221,,,0.06197040918329121,-0.2711468199684616,0.1446085970212135,-0.07505093796751316,1.1790588485862394
2023-01-20,-19.667607945590092,-0.22556008980493375,,-0.2999501387868338,-2.0328105130004,-0.03462463712023755,-0.08415579137660285,,-12.641302367249551,0.7421965956163473,,,,4.488234754037411,0.05407870176660079,-0.027819049321776312,,0.08377014138310408,0.22717760010058957,0.2591910059962884,,,4.022632743910532,,1.381725468758328,,,2.2125235300301136,-0.21651061756453147,2.711091289965124,-0.16530613934722171,0.2042120771743926
2023-02-03,1.4431346553810527,5.579877885053934,,-0.029120216102241938,-0.0977456207910884,-0.10984598252015976,-0.07552159009912476,,0.22067380120878044,-3.3788439322069777,,,,6.312078655821949,-3.2875678587074253,1.2590249046820285,,-2.493286442815191,-0.259208833491358,-0.09157638262566441,,,4.053512197839192,,-0.04988583445322986,,,0.0005145341202593481,-1.2645844253195304,-0.3893171074013737,0.41041721424058325,0.94178423669012
2023-02-10,7.973277814899721,-2.1271647954223916,,0.002968778193970399,-0.9863118490390236,0.0019448193522790583,-0.06071904594857769,,-0.5128748375383726,-1.9293301144783446,,,,-22.586053446954214,-0.8183141819650801,0.025046758981222092,,1.288246560998477,-0.0789167601125175,-0.08687495005668347,,,-0.01100597436427642,,0.12777649549772532,,,0.04655397035804623,-0.057876869976920986,0.011376741705792663,0.1169782456549544,-2.8412258887418673
2023-02-17,0.7840881153408312,-0.002888447649505948,,0.010816283298876322,-0.023476356445737104,-0.025251057523892655,20.869656287350466,,5.801308472752961,-0.5528815014855268,,,,4.401602324632109,1.033567966079379,-0.3172207639664135,,-0.5750625353430516,-0.35775822254564243,-0.8947324230505522,,,0.2592009632652754,,-0.4577078855851594,,,-0.04815679075437703,0.4150856186811095,8.719420938129552,-6.665143826780128,0.8635655735719356
2023-02-24,1.5180912461083393,-0.014258991520683606,,-0.042338794913112265,-0.1447790791218992,-0.08641530108032047,2.024720141701575,,0.7578304153866338,-1.1491407706510437,,,,-2.6056385946957974,-35.78373073483583,-0.005281271632122553,,0.6543845537530842,-0.10926711463556804,-0.4672050685017778,,,-0.1428392421657119,,-2.5854643836980538,,,-0.029482464749473816,-0.0880982184662244,-0.5257232450371612,0.004585477295255673,1.2547188410576466
2023-03-03,-19.39201512737338,-4.603220801092158,,-0.5156548406015559,4.499468142051775,-0.016267907862299882,-6.178498111878456,,3.3671761770362347,8.398471799834194,,,,0.7406220780454831,-0.3456709361144545,0.016464225684326126,,0.5267903772046258,1.6849791324116787,1.4316914311289637,,,6.089456862141521,,-4.199265714139586,,,-1.1083963192106858,-0.0018290442876301976,-0.17446568205810312,-0.2926760726370708,-0.031215499806973176
2023-03-10,0.5798297632312088,0.21901185577961982,,0.47099291000079296,-0.06081992151542864,-0.06582154321727623,0.16625181620529364,,7.877629567700676,-1.981601800022641,,,,3.3329231063698215,0.9562221282330985,0.09717186733107838,,-0.6181021325830993,0.1638574639611638,1.7158920348396682,,,-32.13380837581882,,-0.18565446848842276,,,-0.453282599926908,-0.5744569261521766,0.002095889918283766,0.1401075025801689,2.1284425591118072
2023-03-17,12.14639445804513,2.9383770072120483,,0.44429566663430564,-0.1434584924612124,0.05403712610356659,-4.563430000861365,,3.5743531538143754,0.47869612353550667,,,,-8.769267928194814,-0.17169563312830358,0.012369090548545849,,2.187796334662572,0.1464546480809143,-3.038433987712916,,,-0.11463557838862531,,1.3403201935280018,,,-1.805840197498798,-2.2066269623287336,-0.06683663673118893,-0.057179272605728776,0.03907709917624855
2023-03-24,15.665441808208243,0.5605395690227306,,-1.6845944333760539,-0.003789785167928446,-0.047809675315457746,0.041212466482245275,,0.6476019077051451,-0.27705039896858263,,,,-0.39055508884436024,-0.37428662246431077,0.019543145862398064,,0.7191923218058714,-5.241607729013219,-0.8746915957471731,,,1.1447888846672125,,-0.8931316579799685,,,-0.6928818888116488,-0.06808582138664816,0.3012674368214388,-0.1416746742339416,4.504342552716664
2023-03-31,4.842125650899127,-0.07377439665842823,,,-1.6236102742179108,,-1.6138924806917747,,-7.337876766599647,-0.8881995920381769,,,,1.9145439443385384,,0.06295295792832939,,-0.19270583347717318,0.10728274923818934,-0.3028894421763558,,,-6.112693586491402,,-2.8947049344364304,,,0.012700438026115247,-1.315846111737569,,,2.3187993058633576
2023-04-07,-2.3761449225827187,-2.2538535083444637,,,-0.04517941051671878,,-2.5188818712029137,,4.41847150190103,-0.2560909635504947,,,,-0.8432248822219744,,-0.23314410377224393,,-0.850316224765907,0.17127929018309773,1.4180619809211135,,,1.0671724620198546,,8.269149918848457,,,-0.0031029249955857614,0.8490536125916995,,,0.6028281785828536
2023-04-14,1.1031989576875274,-0.6238527470577092,,,0.005662383589216093,,-3.113017184210203,,4.875692591310763,-0.9520822663584387,,,,1.004198307609502,,0.22513468777973666,,-0.7847526583789399,-0.33704973779429687,1.2531408646440387,,,-0.28264703794986784,,-2.996212516398255,,,-0.411005044142426,-0.5894611935356299,,,-6.0152395700477825
2023-04-21,10.114502552378227,1.8235289153609355,,,0.00048298338265601384,,-2.5567278466742667,,-0.5347249381400816,0.39160367129937346,,,,16.961070304045442,,0.8909727217812486,,1.8819342893014552,-0.09463142633001473,-0.0039319473760341525,,,-3.7738807120573394,,1.3434898574929626,,,-0.6540371357967575,-3.6687812505060986,,,0.9695474446446262
2023-04-28,-20.00788492708639,0.03961792399038984,,,0.0017875349763659563,,-6.10419540803231,,-2.554468904093828,-2.153503866174127,,,,-0.4507328206256165,,0.05474724690095245,,-0.9642459605274465,-0.08566799400420022,0.18775603916975048,,,3.1403144840053243,,-1.5759620430437178,,,2.736904525239503,0.3959355357409968,,,0.010263580835724415
2023-05-05,2.312223383207678,-4.667318621651736,0.955218749908036,0.2818367036848943,-0.04343423793599459,,-0.04519340333779804,,-8.828622101092689,-0.28689024000956315,,,-2.3375485237378006,-0.11260965795717304,,-0.5655380894592403,,4.957038041372224,0.746734586601239,-4.76568406128286,,,1.4882385865625496,,-0.9056902481908076,-0.03301408057218062,,0.27248918572271247,3.8742216307504282,,-1.0222684672568165,0.19941540124808713
2023-05-12,0.8470548147246495,-7.570173067018175,0.7080530726565912,-0.03167901267033796,0.38402368322106245,,-0.11272007558411182,,1.1209072840594083,-0.839767746315807,,,-3.2917738711085405,13.714715434607053,,2.888311052048949,,-2.0464723614218943,-0.4327595034959913,-0.8871545941564742,,,0.36442750011338554,,-0.7719310977489864,-0.31688332723001866,,0.523865591758354,-5.863235022244493,,-1.238045314034145,2.087700762303272
2023-05-19,15.19379758603725,4.413472982148886,0.2279423400026697,-0.03723754119483892,-0.21695952493112985,,-0.1075053540641396,,-3.2125926327372865,-3.5640415488273627,,,-1.4672175069500613,5.693048570753102,,0.1793565561882367,,-0.6649318401148707,-0.05518325995945339,0.015097092797234247,,,0.26076273356953583,,-0.6961697056164108,-0.07392327051947217,,0.0623087278019583,-0.13994501242113566,,0.020149041333908047,1.9084821565809262
2023-05-26,4.625988189400089,-0.2499903579809701,-0.21528451815098337,4.799153073684854,-1.62773651698073,,-0.059186096119499855,,-1.3201155139404952,1.3837586434675067,,,2.3550491536437526,-15.34766542259953,,-6.080024439215021,,-4.577329235824175,-1.0510425231197573,1.7633668072607982,,,-3.4810447037752796,,3.584924603971603,-0.07233668373729962,,0.3222544489937447,0.04455743676983729,,-0.42576907376689893,3.4940542601971334
2023-06-02,0.3639584500133932,-1.724802466190223,0.18467796168320993,-0.13250910729262855,-0.8072533506731083,,-0.09041612504887764,,0.3908741973768794,0.24902510660844113,,,-2.4868834292440622,11.651268845808872,,1.3115361137302584,,-0.275091288540976,0.04144857630314248,-1.624806043362639,,,-5.427775291445517,,-1.71062227204474,-0.22105492073849747,,0.2643219327231741,1.3254389550084749,,-1.3113489029926233,-0.06738463308471654
2023-06-09,-10.91410911755954,-0.6335272346723115,0.8410441224123225,0.4913654900154177,-0.3088774553360752,,0.15965201383632954,,4.169220911890339,0.4828831852086759,,,-8.151121490556331,5.816328899096476,,-0.5675177693793677,,1.4708842880864046,0.18839792132337033,0.09872634643916392,,,0.01347451071358112,,-2.353329185925072,0.0042599871455091315,,0.15513675058502885,0.8378292787118617,,-0.800786944808743,0.6110512870457796
2023-06-16,-0.9845667113175244,-3.3211771875134914,0.15943449449881752,-1.9267655871826082,0.13671599157729886,,-0.4025369565787431,,0.4935401900199295,-2.005314114972328,,,-1.4329908898326777,-1.730517495671953,,0.12181711868677696,,-2.994702264534339,-0.4263853021813919,-1.279247358102219,,,5.917491547296211,,1.3237309199208525,-0.00552781125118651,,2.148600108936318,0.16315527807878374,,-0.9513117967853757,-4.199527085391468
2023-06-21,-0.46236328452250797,6.328443342334982,0.5862055344400248,-0.035975842992997276,-0.023491207078624347,,-0.23822065646974688,,0.04157395594207919,-0.3312764444850722,,,-2.8497491478794847,1.1497668945462092,,0.8205475956795669,,0.35008902507848416,-1.6524896265371147,0.047929281270112256,,,-4.970532267429479,,-0.21730569943569195,-0.09713227716536497,,0.020952715032725874,2.214302714888161,,-0.4000783370188493,0.34121158921266304
2023-06-30,6.253510836918986,0.5192031082331561,-0.017752419638254874,-0.6830871214601686,-0.0825733523049319,,-0.1760660846548814,,-0.739011589712205,-1.9534183754680439,,,-0.32833925464261254,-22.78746121031841,,-0.19208491974540257,,-10.379161011838269,3.2914213842500435,-1.1233983258538285,,,-0.860821446629282,,-0.25955125365851517,0.09054066870280442,,-0.06776386604525345,-1.6915596897397678,,-0.6706191885763255,1.745967790699486
2023-07-07,2.271527434423024,0.35230224191621695,1.835362228156443,-0.026721074878205846,1.5780508391040176,,-0.2299971884268276,,-2.3688059696643635,-1.5861501774360869,,,-6.469998083314607,0.13640356783964172,,0.1571416555406991,,3.993945280221524,-4.380395737780742,-0.0863725415844551,,,3.6924008846266987,,1.74710484755842,-0.026161298294377834,,-0.20633908488464447,0.982439219515586,,-0.05529814996458754,0.24799975213106987
2023-07-14,1.1100834629189305,-1.236061671115003,0.01695657574113903,0.06199792015117642,-0.003874849911561116,,-0.9237042804456244,,1.1999681769510542,0.6365626033428032,,,-0.930496526693598,0.6220944965648926,,0.08487041125992223,,-1.2005742210386638,1.3749992041481574,-0.030502442684701633,,,1.890496836898468,,1.7747038492318918,-0.032101196296773084,,-0.057920543119260814,0.25106246089944123,,0.4755643677130883,2.4241752146141233
2023-07-21,9.311153154455624,-1.2079999597341904,0.015096776069048766,-0.1795784765023783,-0.2909941612456965,,-0.09175112761209132,,4.873837571529862,1.0247630069505353,,,-5.535219060468104,0.18336421000613873,,-0.3901470137916697,,7.720690415355505,-0.21834870649188448,6.45432370546379,,,2.236896719635669,,0.07565106174664853,-0.0011876245128658505,,0.2021244417727125,-1.4760641131845629,,0.6604508125618955,2.7841718141769563
2023-07-28,-11.688507563236486,0.03942522590873672,0.011577279282145803,-2.502561099898337,3.3366679968356947,,0.1603139754814829,,0.4952215521237844,-0.15777128999569362,,,0.10565469547826523,-1.289522806248437,,-0.7936011670881087,,2.703817281190604,-0.030111446621761434,-1.2419803920575543,,,4.756581433847036,,0.4346326105379601,-0.4117487533391739,,-0.27632318997752436,1.7367931166946313,,-0.7957187950367772,0.4958630815351358
2023-08-04,3.3936795968144797,-0.4428225014997267,0.03018356271038003,-2.5918472620485375,0.005424218287228109,,-0.4337808912784255,,-1.2722770452450132,-0.10565259912026614,,,3.1879771044532115,-24.544306757028547,,0.8081781896166433,,-1.7939954522499824,-0.3275965674477061,-0.4713044264694411,,,0.5060201959435531,,-0.9447081960641237,-0.08949880172471571,,-0.28550606323425853,-0.41072419134156535,,-1.087294387992784,0.5923687327705843
2023-08-11,1.5109941679228953,-4.728184884044639,2.454181052888334,-0.01959799780202779,0.013137443380929354,,-0.9362561087211239,,0.5176059836570165,0.1307074577932244,,,-1.5572128030559793,14.43636666613847,,-2.719030609893638,,3.1472935358653933,0.01705042877421542,0.001873494767683412,,,1.1895122703502534,,0.9337754616022518,0.409644085649698,,0.616257783556598,0.5601825036539462,,-3.9623635692907015,1.0765501423730515
2023-08-18,3.671655359088524,-1.9731127906463313,0.024526584494121022,-0.23053600980936012,-1.406010290455002,,-0.337321132752022,,2.771532965494567,2.0806061869126538,,,-0.7350430222450065,4.948136496140825,,-2.066061298501099,,5.843619162758404,0.5697078652312003,0.05543666958988408,,,0.03620499223864962,,0.9318388796423209,-0.09044313557491401,,-0.031207130374749675,0.17442782496676407,,0.5890920208494365,-7.086060823007791
2023-08-25,0.7669133842355818,-0.04485568733303812,1.4591406186395648,-0.4243494426096469,-0.07663356242068554,,-0.008370416157422157,,-2.0364856083232294,-0.0033594340622675745,,,-5.6496850146115,0.9701199443192925,,0.08314538425287048,,-0.01439284137507546,0.044151688842079734,-0.003363616707288073,,,2.6893924051461826,,0.19654938047164355,-0.0010002967334228376,,-0.4408696721854629,0.677682722183202,,-0.9636506180022198,1.3776527440329231
2023-09-01,-0.45130519174136285,5.392593796357455,,-0.06396062671418268,,,-0.6834738726370105,,-1.518805884367397,1.9152449935467504,,,-0.07741572918051365,-0.5271661334614359,,-0.007630036870031312,,-3.8263702710231318,,0.00842741373374789,,,-22.72939212490444,,-0.7822349085757309,-0.007396606874458499,,-0.15999116793074558,0.3569113533089768,,,2.4714818258987683
2023-09-08,2.932005353694364,-0.003926654757448911,,-0.07581619135219514,,,0.8115902895467403,,0.08151680148935152,-1.6766831730096714,,,-1.5849472799507671,0.7506363874710937,,-0.13865492669217216,,0.0962659096585703,,-0.09288123202140475,,,5.186112132780105,,0.5483781487659734,-0.14160621998022827,,-2.299157115038355,-1.1547909070108862,,,0.08962015289624171
2023-09-15,1.2820006718472046,-0.8442897937136884,,-0.2557903553887946,,,-2.556946549521828,,-5.60309569399756,0.11557182001120034,,,-4.304364935309903,-1.0686040234128191,,0.5246269234635283,,0.11549802201560547,,-0.04257120061397289,,-6.298240206311736,-2.1253582349289597,,5.686630328175104,-0.38766190993950866,,-0.03762129797421506,-3.3448415086422725,,,-6.51722177712402
2023-09-22,15.346657878621091,-0.05341186834249088,,-0.8434491331504336,,,-9.46440591952686,,4.769392780958427,0.1457020686994913,,,1.08524565941865,-0.05438838318806144,,0.02145875555536339,,-0.7577049431585536,,-0.8372188857553005,,-2.9720005996048555,5.146649845438834,,-5.175167925148476,0.030698439482171106,,0.3051068209078403,1.028694924329606,,,1.017600624479514
2023-09-30,2.479069651758114,9.986973119936057,,-2.863183814708775,,,-0.18997653258769276,,-3.4636304064209984,-0.822150238928071,,,-0.10088225494649947,-0.987575697953342,,0.012992417057713066,,0.09582134134614645,,-0.7946983422138679,,0.2279900390393127,-7.57490893288607,,-2.463461605118996,-0.000686816504931409,,4.190558230601516,-1.9320188434268755,,,4.960934465156534
2023-10-13,8.903804390309555,-2.4157002740092635,,32.64791106031936,,,0.01355851456156236,,-0.31048701852984656,0.04050383851641173,,-0.89606727090131,-0.055476522249248934,0.8366013612182643,-7.3792969937367605,0.0534296751964152,0.08159896879229245,4.354890824535808,-0.0075172860117482185,-1.6973841014473636,,-0.4285740013115099,-0.07364798617545962,,-1.1700730673722772,-1.6971357853842066,,0.17598269365442887,0.19256635224607183,,,-2.606413552918439
2023-10-20,4.081888540358139,-1.757555652761266,,1.0688994735490578,,,0.28626316210345165,,-0.23289252872500055,0.20802107102997605,,-0.5234244445211295,-0.6567105354619093,-0.6779892981840971,13.118638698856365,0.09247186428957942,-0.020100935958395138,26.375601225729564,-0.026985031414807435,1.5166084414769867,,-3.041317524058399,0.826363853940255,,-0.19367151630569357,0.9700315350286327,,0.15075862565113562,-3.3882727908871377,,,1.597001216423807
2023-10-27,-3.164151020167385,-0.19333926983533256,,-0.4825066792797819,,,-1.7552433016473352,,-0.06089705028225012,-0.3139720138144567,,-0.03005933794988707,-0.38047135236590807,9.700702033905515,13.402593075556757,0.04246138331762221,0.14745117215426143,4.763882652531342,0.0077216781320600635,2.4818947599917873,,-4.079640515715111,-0.06706768945519913,,5.08487758621219,2.605669031909616,,-0.4071915865902914,1.2436382432198514,,,-5.097828219332798
2023-11-03,1.1750725922996068,-0.07051137738063422,,-4.818783574289426,,,-3.572078054363224,,-1.3247025152929142,-0.19288684724111974,,-0.45952247756390385,0.2584860232131163,0.19557777870442689,2.065681351753922,0.01354577625402733,-0.03096906952655131,0.30488287955904536,0.7729827835652416,0.16529922409568226,,0.2652878426922137,0.2089584955518951,,-4.26404634162167,-1.2305072697265702,,-1.3422188121868737,-0.038623133686845446,,,3.5552807374417266
2023-11-10,-1.498886022188106,0.33922841271302023,,-2.525835702401974,,0.04932816492094666,-1.813384709048245,,-0.8821847225618872,-1.6533947495664256,,-0.14140316236935657,-1.034591257444354,-1.732965533073016,-8.10324361457955,0.38542434323591385,0.0008735946171211165,-5.490445255001837,-0.39674654338694276,0.14211637610469233,,-3.1403154514855967,-1.17282210694552,,0.5623641970237481,4.863814454703304,,-0.004632561141556402,1.1349216989591928,,,0.5867191499995474
2023-11-17,4.679434122332173,2.8683352343133466,,-2.7178105167771944,,-2.7741351775238527,-0.07698048180602067,,2.6491924574881285,0.19496388641209556,,0.9094903333382292,-0.13894594825115,-0.24328296749686154,-0.08422238498257527,0.0035518329636495954,-0.6208880922134412,-3.0435084548553624,-0.002849541327087715,1.4060030658274227,,-0.27218101593196925,-36.33162645639856,,-1.2381835572162718,-6.424954185985344,,0.42678817006442027,0.08950098698141304,,,-1.8568091295777114
2023-11-24,-0.7349706038025432,-6.591179182763383,,0.20623521286546848,,-0.22718438669658858,-3.600993757053642,,-0.6614239133695132,-0.7359626936315794,,-0.09736318486002633,-0.01101333289363055,-2.921713910643438,5.2614462531766915,-0.08722884740652947,-0.07516605118608018,-0.12441966610613142,-0.011839119238741293,1.0399739230705325,,-12.996043911741674,-2.0314000888397152,,-3.408980213879175,2.8428346351462386,,-3.5373785046763593,0.886375445110395,,,-5.096403867527746
2023-12-01,-0.698119595366918,-2.268777870730772,,-0.5742386629977395,,-0.0789441326096214,-0.025697285836356182,,0.8775688496208395,-3.931412086018813,,0.023150360773157352,-0.030628395865855487,-0.06050162707440283,5.485025455728093,-0.00866302429941183,-2.714476165380794,-1.2188857094987056,-0.2947601744017275,4.195800823251277,,5.007566963517058,-1.0268662083378364,,-2.2071223069517325,4.318854042947506,,0.09554757718103533,0.8653976502897118,,,2.545630455893254
2023-12-08,0.5791855339951992,-0.11033402311422309,,1.0047530871398058,,-3.062669224623395,-3.049040917612237,,-0.0741515952992543,-1.5632072092621874,,0.1497321001244879,-0.3789469688562128,-0.5084073205197214,0.5333749755870605,-0.005585588094306686,-0.07354281353414775,0.3133966853191623,-0.04962913183474385,2.429598368772695,,-0.35236244447217385,6.711693034654279,,-1.6093623056550486,0.2026583985759699,,-0.04494598131979452,2.375091158226191,,,1.6487003250647572
2023-12-15,-4.073662497831884,2.3601649216830487,,-0.001228902464564273,,-0.0828164005032956,-2.307214155025523,,3.0286685886593885,0.625048587929336,,-0.94150808628702,-0.02784828876644179,0.5771547045839387,6.254633138266224,-0.1759417225692405,0.01328561473886844,-0.2882103795478017,-0.0432201211524613,0.27439878725623135,,-0.28649417236661423,-0.3452520482409143,,-0.3855500305658088,-6.309402148596628,,0.4644340818030172,0.4865236253430534,,,-0.7683197214775104
2023-12-22,3.4521572161672673,1.9970973589718413,,-0.758466055864515,,0.3690546648068931,-1.8109307436382607,,0.6467298587822536,4.20388433833102,,2.162407061444053,-0.029289397516871596,-3.776931908647842,-8.465266223193792,0.031727218215831604,-9.006683963551055,-2.001155795974278,0.0017637224465380137,0.019064645476440045,,-2.825808819232345,-0.5723587038389962,,1.6900386695630027,0.732287307415679,,0.04502517522641404,-0.6578733148992837,,,6.066111965391387
2023-12-31,2.4364950171281774,0.31789105592362166,,-1.3642512102838722,,0.12910099599761082,-9.814165942142177,,-0.12730433592380658,-0.9555497173975035,,-0.0640663976936471,-0.8563812660869816,-0.19886410832865548,0.4438761108994518,-0.0020485521509252536,0.4112755088068646,-0.36139375288384945,-0.4670197631264119,-0.07630857875766862,,10.57204700917668,0.7804510219961718,,-0.6545378769197919,-0.2975416056295094,,-0.5412423410376586,0.11551935334908367,,,0.4287789976666043
2024-01-05,8.715983405831285,2.359412179247435,,0.037795490266697665,,-0.11177049841694506,-0.17983987899563136,,1.1092014467274236,-0.1603576906606305,,0.40939623038654943,-0.11364661096350467,-0.0905775957622918,-0.5376875395326,0.01595347027061722,-1.6849931302274612,0.1419435627379318,0.00974190393915932,0.23689784905669997,,-4.652509434934136,0.6638664854777039,,-3.76116271861304,-2.0413959645201856,,0.026840975882766793,0.5601328827109583,,,0.8224586307480026
2024-01-12,1.7170954869671191,-0.35026797314189984,,-0.7948541505535565,,0.1983810986025425,-8.141725692890928,,1.7966198487776728,-1.0589127385523343,,-0.04940901518205403,0.21787862864497543,1.3272062799013922,-1.6029770599136286,-0.0039164183034987934,-0.9164753985456999,-0.5848105458511269,-0.002140707756744766,-0.06287590472888038,,-4.2328681765861225,8.830836739408085,,-2.869644985684423,0.5799690489240357,,3.485791451180788,2.674438679757532,,,4.004991542222749
2024-01-19,0.3926934812170564,-0.06926209435249568,,-0.06603026696507625,,-0.03016710288899361,-4.370638420011403,,2.498444369092468,-1.3749699163902478,,-0.15647618840577834,0.19912582344039276,0.2494862155148811,13.145215008690728,-0.07076807211278924,-1.3136791935749945,2.631506959851719,-0.3594717051811811,-3.1107119432747172,,-3.8757688662774044,-2.5357194186566407,,-1.6001633307026895,-2.7423026169491562,,-0.00031157845634120773,3.390512655858164,,,0.019020674654138647
2024-01-26,6.251854366363968,0.13922958248221712,,-1.601885320176328,,-0.40230175256459416,-0.1567939777915168,,0.44138222878245265,-0.5574814290786353,,-0.20497137527340378,-0.14060036316461358,-2.653977091070726,5.140037794131279,0.07624179045129809,-0.05789824695641583,-2.1660843729128443,0.8887945558614707,1.0328581231066958,,-1.777899826351636,-2.798232409608273,,1.9414931014172836,-0.14488323562545763,,0.9788142573026827,-0.5857205453430859,,,0.20448402721938486
2024-02-02,-1.3124794307368128,-0.932064470881054,,-3.115091648972542,,-0.07772384862005295,-0.0020277558157423617,,4.143005141485197,-1.981150969879409,,-0.059360352805781974,-0.700476772247195,0.7009001497730637,1.047885344926125,-0.015708148431358336,-0.36895043027359553,-0.5638209611147217,-0.0820757398394423,-0.3742844170520261,,-4.740309290342688,5.467412770339295,,-0.5944744013167083,-1.0907646375802451,,-0.16826446084581537,1.093409582710112,,,-0.09266044604264558
2024-02-08,-0.19422534615122267,-0.8994921438233745,,-1.9057801098534868,,-6.017835133882709,-0.03733540679165194,,-0.47324594154115823,1.3641599964401165,,-0.898494461359449,-0.689084551787343,-1.4210536045473918,1.382868464529501,0.008196574531005286,-3.6485304835029946,-2.1577741392933403,0.010052587544211268,-0.34369254575825164,,9.402042552674324,-2.4056221960070823,,-1.88433642099683,1.0414093225536547,,1.907055309947538,-1.465241626883596,,,1.3118765980624156
2024-02-23,0.3634726357062113,-2.0663901665820688,,-0.24006186342079525,,-2.8512840859301836,-0.17487343407665623,,-1.4486575991613682,1.5893154909688452,,-0.3779680763604706,-0.016034312472482624,-0.6646602767899485,-0.35476324937337234,0.017535040963792804,-0.22314693918725387,1.533374563764895,-0.02678822503527197,5.239401383642546,,-4.938724923720626,2.6396277777256834,,3.423979704776713,6.691197242685393,,-0.4457637520102524,-1.034429185408802,,,0.7886811608252003
2024-03-01,3.9505118088102225,-3.4723804512050167,,-0.037855318728963756,,-1.1745786795889623,-3.4461481915261576,,0.6008183121360875,-0.9569856528385439,,-0.07755790380302327,-0.02051951157532417,0.895985550914944,0.6574858197520673,0.07547186138454481,-0.2037665959097194,2.093468069720285,0.42227293914954833,0.06956624037181428,,-0.036605620924207605,6.7880996113903915,,-2.175127602125669,-0.9548617615674502,,-1.0969969946535623,3.240821376709279,,,0.26582427776191353
2024-03-08,-0.861810659171245,0.5170581639472556,,-1.0580457468011764,,0.16323641913479273,-0.015166032720504888,,1.1329802941076055,0.5164907870621827,,-0.2255434779237138,0.5553634235313015,-0.765610059122852,-36.7179098732405,0.030493096042736645,-0.05846122198291571,-0.6721554507997001,-0.016415001468637544,0.010810906108977607,,-0.6141287638594062,7.416783345404106,,-0.46119802033149127,2.5373043517712803,,-0.026140207921459824,-0.25027512769222326,,,1.712290968550585
2024-03-15,-12.366659277186614,-0.1726258866306905,,0.22983466373795003,,-3.517760172661988,-3.3527804267052734,,-2.750071104451959,-3.2259295294792034,,0.10249883972323881,-0.013798404571403751,-0.07505509688481653,-2.638810039739373,0.0062287708888841675,-0.054501405192822365,-0.9190198825810153,-0.16944672390253873,-0.010270063521482478,,-0.04839653533270434,-14.389179445766954,,4.442954029613848,1.2666749577157461,,-2.6426013016995142,0.0752185585666261,,,4.127830318809409
2024-03-22,2.96892867511021,1.1787160070087495,,-0.27494869469608374,,-0.08848023370780798,-1.8952312886215201,,-2.3680778863587078,2.3369850284260116,,-0.9235638401871513,-0.008172388782418891,-1.4719901195810488,2.710160952609069,0.6423232808819899,-2.70825644677169,1.8883449047398995,-0.35711900931104995,0.007043783102319166,,-0.3142619399443759,-0.8472542520687786,,-2.8164002672755895,1.4376681419296362,,4.433454763770237,0.6682762471728354,,,-2.9388918377921307
2024-03-31,0.15951616571455568,-2.5626181660612697,,,,,-0.14841439760457564,,1.8358211462352947,-0.2553086542334256,,,0.025227768351553603,-0.5219474454073154,0.7566037284735169,-0.16989448978427468,,-2.1174049406369555,,1.8425824766078014,,-0.9718199218767097,-15.832464542897597,,-1.3330233316116495,3.710695585407386,,0.016239618418916107,-0.7280768480050339,,,-0.6559897018134733
2024-04-03,15.882478513754675,1.3666132021030244,,,,,-0.45220291158808573,,-1.7433810502223526,-1.3005980772206924,,,-0.3686841282840242,-4.6402065317905015,-1.9539323679761942,0.003539631156464565,,-3.389171391241541,,0.09484332523790065,,-0.47325581756705026,0.4586619544782675,,-0.2613861004388169,0.5377448722198261,,0.07688793130301974,-9.791946864781107,,,-3.762880692088343
2024-04-12,-0.0013700572258376921,2.9094070355595143,,,,,-0.06707472406124627,,-1.893736481069966,-0.12681058088658514,,,-0.10209229179560964,3.045334394121602,4.378154564325866,0.014943958763351028,,-0.08053044925098209,,1.8389495675690763,,-6.325047937911475,2.874032916205293,,-5.232260751036357,-0.4493429427183566,,4.334993337459827,-1.7217092938581586,,,1.7868371084845638
2024-04-19,-2.0117263099106877,0.3203303633454385,,,,,-0.21840326549225048,,1.9663025194760493,-0.5004300944907578,,,0.04740813213612016,0.07854318034525141,9.544447271080838,-0.018554823701666057,,1.999504953585113,,0.10243133089595033,,-0.48186057306218044,-12.602228972084436,,0.9007812212982165,2.5929777013424538,,0.1796124047848302,0.41725982515698734,,,-2.5108899357728864
2024-04-26,-1.2391583005367073,0.2501303035620779,,,,,-0.33160248140832327,,4.776791333144943,-0.27526517952808394,,,-0.3725866965647018,-0.17165843009854753,-4.588422280735152,0.061170541125387,,-1.8745760786835992,,-7.414758584661751,,-5.085150448923408,1.3773754259511892,,0.4339082465142936,5.855694759331516,,-0.00531984224969731,2.3337174237709766,,,0.029724958058217288
2024-04-30,-0.3818679006002399,-0.27524015305081967,,,,,-0.052112235576758224,,-3.449313210615629,-0.020823083059662316,,,-0.22384634102139733,-5.7035704584768965,-4.050041193168285,0.023727489386837636,,-8.54085734867254,0.6612593107310316,1.0300947526211452,,2.558834320015655,-8.776644352900194,,-6.079929320260007,0.8253184904462286,0.004499762974583051,-0.15025407041430658,0.2662610576272398,,,0.6096964539220582
2024-05-10,1.465210086357736,0.6232356760679945,,,,,-0.6909724205854582,,-2.168937389830267,-0.38633949542376683,,,-0.022375262525652,-2.3554117687291924,14.377833295368523,0.016190658189021295,,-0.1489260257216432,3.591076572478146,0.2876600955780049,,-4.27617592005647,12.886920619930885,,1.0606849564595398,0.3687179129666761,-0.07336343328865022,0.120877443841368,-4.095151504163835,,,3.373415916080918
2024-05-17,0.45258361645685097,0.15165028333857267,,,,,-2.6854917590953233,,0.09052116038558083,3.263292114168728,,,1.0957110117721152,0.09802303303102661,-0.8883786635811262,0.02702151576943329,,-2.9041668074217375,0.17603187771100356,0.5460435704662142,,6.497518761698254,9.750642890712038,,-2.7345133295398893,0.5936629997090076,-0.007866104315330094,0.12067211851299471,-0.7949860934616361,,,-7.3060737105392946
2024-05-24,-0.5816605365478117,-5.5619830305988405,,,,,-1.1224993200045565,,-5.630602787011053,1.2337360251063618,,,0.002989221204370677,1.3205669941311609,1.0909197291050057,1.0538504987262058,,-1.4845497003724288,-0.02914676658534497,-0.6778772415127785,,-2.620051803116529,-25.963861740579336,,-0.07000842915086425,-0.07568514594978387,0.0015070471018312978,-1.7165632110902387,-1.4602171119211873,,,-0.540933804092001
2024-05-31,-0.7189001047664589,-0.0009954656292111607,,,,,-4.508108320726272,,2.034801904203626,-1.0543734821244148,,,-0.004817816636276561,-3.810241211018927,1.364534689467011,0.025368969972022364,,-0.7517424859109431,0.43614454027849364,-0.3126616091943198,,-2.942945357518383,0.6491772596161951,,1.1353363478697727,1.547617487606853,-0.26182548858534493,0.03226141983066264,-0.016446438348078143,,,0.6091550298403532
2024-06-07,-0.3932628240972084,4.730884151029173,,,,,-1.3998555975444926,,0.9475902322059612,1.0536513602121873,,,-0.079088698056357,-0.9002204457269869,-0.31319427554954987,-0.27493693862249025,,-2.091971596711848,3.5322702553282515,-0.35341171627752155,,-9.254769093963949,-14.573201315284358,,10.713462466292995,-0.7206761459375538,-0.004472793266434759,-0.11282169669799544,0.9883706818606468,,,0.707846068080095
2024-06-14,-2.4613898727129633,-0.07994209826993713,,,,,-6.253390135048477,,0.5983123638191944,0.24183305929645588,,,-0.4785026964295032,0.06351279600304555,0.22982204560557734,2.4911744155749718,,-2.2766205618041475,-1.2544487928592152,-0.9009364929837771,,-5.002975152917264,0.4622661796348744,,-1.9558376179686168,-0.140199947287585,-0.003687922372269087,-3.5602376909832607,3.5973502746354584,,,-3.7407384321689383
2024-06-21,-0.47746598491628955,-1.4515228893853804,,,,,-1.9814788159268364,,0.14057588363245854,0.06794940714383349,,,-0.034239448665051304,0.14607555992091525,-4.180024255711554,0.08920207987147194,,-1.3808509258665622,0.11958738661350989,-0.27244612055003165,,-2.431611629854282,0.6405398631254247,,0.18212894526077567,3.0881375399596642,0.483019315540136,0.1046925892806753,-0.1254065568915614,,,-1.7911171604227873
2024-06-30,2.1177393056589247,-2.4628657045219406,,,,,-0.09162119669734997,,2.2136284967730444,0.5922043989803496,,,0.7132908082444551,-0.44791545285565526,-0.7664086737828366,0.040829507478979385,,3.441401678709237,0.45049046447456137,-0.5610943451825655,,5.6344677164544255,0.4551869114467967,,3.3862517353387562,-0.7455496456276003,-0.0005584904893103683,0.983384871657782,-5.73991188904758,,,-0.99170944802129
2024-07-05,-2.8866039712574882,-1.119546168807663,,,,,0.13181690054958198,,0.5695619256995272,-0.20652835745082213,,,-0.1277373036085252,-0.9244127848680002,13.05009667158571,0.36749172930241664,,-2.4449410567050385,0.28258114044500393,1.998470288856269,,0.05254080414084792,-1.0932634139041715,,6.728202257799406,-0.6883558676319939,0.006746396078510131,1.3380402183933495,0.22745241474558853,,,1.5542159213779354
2024-07-12,-7.780044970474992,-1.034332290418527,,,,,-0.4549584193755499,,-3.012441591021483,0.007180107292541732,,,0.5610856277589127,5.594293139605407,-4.1412824941254645,0.09143894138760866,,-6.22347146748489,0.3327793510004004,0.07576949673805966,,-5.210834640864574,-6.1692109719098065,,-0.23217958936686756,-2.0532632168319203,-0.0273484916462805,-3.9976415098521056,-5.779546170350743,,,4.962242677399842
2024-07-19,-2.29456393122695,-0.6426572607206653,,,,,0.3578799362879521,,-1.3660302867344587,4.3339531125382695,,,-0.08272798324150687,-2.2524676730772786,18.33301015518005,-0.7378590978207225,,-0.06863206878246056,1.3935199711910207,-0.12589194034855494,,-13.669186939440166,-4.439719417541711,,1.0286330483949016,-0.21196650754260674,-0.32686977829239094,-0.012091224464159389,0.7927953882231653,,,-7.631581219401844
2024-07-26,-0.9998250849559716,-1.0801626069595966,,,,,-0.5863270373408099,,0.3734818188863297,-0.23157908487894885,,,-0.0638581720990794,-1.6101253769286632,-5.012564596692581,0.04457303022427023,,-2.2145709542839627,1.370404050017948,-0.038195753535048206,,-10.585446137590955,-23.38552527602099,,-1.2284219972396377,6.068823799890907,-0.028911236924712314,-1.5934579050967315,-1.1656686468963287,,,-8.334697397255182
2024-08-02,3.866840459057186,-4.40313463341311,,,,,22.61072213618171,,-6.890746459543935,3.4967731411065848,,,-0.09024235483915227,-2.7961384996355028,-0.8900145955674179,0.23176038840148766,,-1.3330955910822153,-1.993346968005172,0.1333181506274204,,-0.06817432583932781,4.98072216066872,,-4.905799950448767,-0.5000101733034495,0.273149406445302,-3.42147092359567,0.43504285145720445,,,1.6694559245262621
2024-08-09,0.9685734138304886,0.12805342896321692,,,,,-0.06330228071271359,,-0.4384172131027041,-0.025430102319380338,,,-0.6283049434961273,-0.53102602261588,-36.46961874830499,0.3477248586584039,,1.3686365456131848,-0.021387061633983948,-0.12966556356145065,,-6.580367688252926,-1.17965761495313,,-0.1279898436646446,0.2261272717556783,-0.17284833177494915,4.327737318410769,2.4449354776364056,,,-1.2599052156571173
2024-08-16,-0.005103275810526553,-0.06651705211726923,,,,,-0.8528918049131082,,-2.4235962545947682,-2.3637072730181297,,,-0.006844663259695894,1.7026846060642495,4.904540723092129,0.3218085180160417,,-5.2105594299792735,-0.38217235722112075,-0.42068112011498987,,1.5969258443253074,-2.919325760768162,,-6.5365715433103535,1.5854390899792183,-0.21752509248690982,-0.9297295684173164,0.5251397736138554,,,-0.30555506806455535
2024-08-23,1.1545946489313215,-0.050321407262789275,,,,,-9.604267094753688,,1.0763147942561135,0.19420176981592144,,,-0.42669804754829277,-1.669889714554968,-3.8089234966370986,0.4820697178741696,,-4.159082583661272,1.6077645952519146,0.4345033022358781,,-4.601541174798895,-3.389684050759356,,-2.260902526049869,-2.702131199250458,0.008786549234362256,0.08968864984764412,2.027293373923312,,,2.8726560953151203
2024-08-30,-0.7855459798741493,2.121072135722152,,,,,1.166818304151001,,-0.29858358518884587,0.7808955237044978,,,0.007318265610448328,0.22155601463806968,-0.013388198264502105,0.03700032258761951,,-0.47929372070500553,0.740445347652378,-0.0622936546146317,,-2.153112178171125,5.21733534149939,,2.26484209173611,-0.22996952974983959,0.012902960791685361,-1.734224477369322,1.0279632919616881,,,-0.29940759845817005
2024-09-06,-8.251069366585373,0.22351207919758062,,,,,-0.055013598565813226,,-1.1866323566039891,-1.6230508934191539,,,0.8400079423704168,-2.9678656177748,-0.8369464128218603,-0.5822166953394294,,-3.2145360198682718,-0.005632437263682932,-1.1699175827671042,,-0.2368366400996226,7.138968709257458,,-3.4817893170286083,-0.03601892453112057,0.03573226199467957,1.049692458636905,-0.21611476244672376,,,0.9614341368310791
2024-09-13,-1.5950057349734312,0.18226859468052448,,,,,-1.6355490840132303,,0.041509069951381414,0.8503931527810961,,,0.006125461184658079,8.041318946035345,9.898802852748673,1.8733943669369713,,-3.686936458602726,-0.39623108322457895,0.6094944323049258,,-3.6738769266319196,-1.950933106277196,,-2.2850139335161592,-0.16622929121966498,-0.0016998828202352129,-0.15085253335201412,-0.7553867213000691,,,-1.2805430531239559
2024-09-20,2.4173741826347714,1.8586738359540276,,,,,0.12649346518671511,,0.7536936589614932,0.7465816713169247,,,-0.054687442508062165,-2.375312192472046,15.744459992118472,0.011015053556832188,,-2.0509623355613713,0.01527041312838949,-0.05805606103439995,,-0.9596809770236023,8.353846672423165,,-7.995447829910151,0.7078041071839467,0.007467342584044093,-1.021375020148549,3.07408062934877,,,3.6667438372236725
2024-09-27,1.509960213588644,-0.07928543863236896,,,,,-0.058970137418220936,,0.28513413838986645,4.160522285974556,,,-0.16083241931441927,0.2068262847041217,2.215925198450398,0.12949779130617062,,-0.49081959666189284,0.015920556576678836,11.963604519186205,,-5.573480687437681,1.22448766876824,,0.07964848544499656,-0.014609702561394218,0.01004287829367667,-2.5945539600981293,0.09859185707279931,,,1.005850338621891
2024-09-30,8.356738070687342,-3.9550185033891685,-0.17203223018870747,,,,0.9222132499444597,,-1.6508509083206913,-0.6515590215279194,,,5.705261237656234,1.2776896495543213,1.542487279075098,0.019686671800535516,,-2.3529864613736713,0.01153029413257152,-0.15474859362619087,0.6868043436077121,-3.20399971516811,-0.9452956316077277,-0.005675199740472885,-6.2249957038218495,-0.40090939560036487,-0.23318737648876012,0.03172156238913576,1.3280663938334862,1.363812751949497,,3.0835604994360977
2024-10-11,1.8189421265224466,6.819035488358058,-2.8058913988719834,,,,-3.453656259166398,,1.2586413202157058,-0.11968101519761405,,,0.42228423079392674,-1.3511131136834011,0.9591452357852182,0.3276490824777054,,9.38546274067727,-0.09166171404378382,-0.7608087899340971,-0.0012687615983842076,0.1533404684776131,12.202319944301477,0.07988934879655822,-3.782877243109416,0.4818633140163904,-0.36664074896719195,4.128918345114701,-0.5702872429888712,-0.7374409530575051,,2.4833176197528384
2024-10-18,-1.8513945525066962,3.4588075389971866,2.968585553898235,,,,0.07828988713994607,,-3.238520138230509,-0.26224895146534105,,,0.4493498372815091,-0.3950982284737643,0.11171791147708643,3.248540197443122,,-7.046935669115854,0.49327147153971096,1.5169631832749015,-0.24278823869376784,0.022202407404549346,-0.1736494125725044,0.016866312274791257,-0.3835610343929991,-0.2498328902414047,-0.08534199335042283,-3.8088926028183736,0.08408131029821678,-0.01621641589309153,,-9.305097830177685
2024-10-25,-3.1823059699886977,6.689487041453518,0.6784300498367836,,,,-0.3155797047449054,,16.86738237145809,8.751646038160539,,,0.837947648214674,2.380135710879815,-0.2524303998521746,0.1586711036685958,,2.5536695847503905,-1.9360076185652304,2.261404611613967,-0.042289510477732106,-1.638060172450031,-5.71368129167519,-0.12507678869751554,-0.4912318968664662,-0.7205522750656622,-4.64191090995099,0.08351130036476564,0.32974995152160635,-0.02230720975203362,,4.207309082471107
2024-11-01,2.771523917058388,-2.726655725754945,-0.6602617565687321,,,,0.6032857134490792,,2.0838491867062867,-0.036670299376662246,,,-0.7938523613036752,-0.5884133732705993,1.0217130130839625,-1.0100000133965406,,14.583916848074079,-0.018414295714061935,0.017598370220436373,0.6833013485874522,-1.1915371546318474,-21.500337735148637,0.11167398359243025,-7.1845721237741484,-0.19110855640615024,-0.35044451134691623,-0.06867070479620022,0.36889589036318127,0.2175175369790573,,1.0978578390820122
2024-11-08,8.397596608105658,-0.36336825224846697,-0.7481257100274097,,,,-3.5348447714983813,,3.501382805571316,3.101290680086002,,,-6.312906693273454,1.8418091961612075,0.8277536520158294,0.06412090231880291,,-1.1896751305157476,-0.04234991271881516,0.8572325577214166,-0.07361150485679183,-1.8990623601427103,1.9214846363854226,0.01812516121953102,-3.7948154405033105,0.32287297863416176,-2.6686908262169458,0.021921732609216593,-0.2488094390692024,0.061456381267496404,,0.8630905386032229
2024-11-15,1.0853543655264304,-3.174114657465979,0.026273080474969915,,,,-1.6654216188926498,,1.7687127404247027,0.6507943056202585,,,-0.11218422824377437,-0.8201218829899113,-0.030021796196022486,0.5023827279724785,,-2.5556540557603062,0.013063359116830129,1.2029506486938573,-0.01566260798937587,-0.421621601242816,2.159098774516632,-0.03650456104779569,-3.8824380726020973,0.18569783950844343,0.051772072695925785,0.14974896496307277,-5.245363017025902,-0.028962729242936622,,1.1692292684628156
2024-11-22,-1.1380252831674125,1.314747831478567,0.8329580505463627,,,,0.15286417873921823,,3.3476879304635454,-0.8071627115096466,,,-1.2292183683069897,-4.438816173550742,1.0054139897917067,0.45345084572004696,,-10.911896435516425,-1.8813508752434374,0.015967229311537594,-0.24927065398885792,0.6852742953691041,12.63509464766116,-0.01732533211348657,-0.8592457810351746,0.18322444517813558,-0.08441995098436611,0.3045306466884349,-5.244689317444108,0.016956607335324635,,1.857255786383801
2024-11-29,2.4045980665542457,-2.1213122213974436,-0.6753956318306802,,,,-0.23741569004437585,,-0.13665030412546209,0.9672637029864305,,,-0.3207920394861679,-3.3321360104803777,-3.964100061995242,-1.1268343650373627,,-2.1870953689860775,0.03562117678148015,-1.8699780039681835,-0.0033199525846472474,-1.663021223349329,-13.15480264889723,-0.007232280985821026,0.9475622260268737,0.18527866573988258,-1.6317361734689027,0.032175467564552085,-0.12989944077496784,0.0008473509990700717,,1.121979576464541
2024-12-06,2.858703531502865,-0.008649967308578959,0.3573832139365928,,,,-0.07304655752363191,,0.4531818232899185,-1.311990296034989,,,-0.1185733819405955,1.6795010711003857,0.19655665784563592,0.272636906716225,,-2.0538835403189664,0.017077586155813826,0.0946049762285708,-0.09245547879166516,0.09884493800708022,0.24498825802974666,0.12287955115831344,0.5180107703386416,-0.8322062582436028,-0.05538853357235286,-0.006941885904312994,-0.935141084922009,-0.7243486694318289,,4.469466020720935
2024-12-13,4.695822195900838,-0.015527031525510576,0.038175354377458406,,,,-0.21459241691198433,,-0.3652814488180125,4.16852416420478,,,0.2999592961489223,-1.4213583157241432,-23.198998830983715,0.032954500716978516,,-3.6089556126331446,2.4607157056079365,-0.3415458019709222,-0.19778930960299684,1.624005573455217,-2.99873042899393,-0.14953912253176496,-0.47947276289270524,0.6859155182750665,1.3916911838227,0.7542283950369733,-0.3512407899322573,1.4069031054636383,,2.213699273428457
2024-12-20,-1.8153120054301861,0.41983697875527126,0.270417585781049,,,,-7.9181490453859045,,-0.709432854825885,0.2798433558293768,,,0.7839484928658642,0.9821755035615941,1.0949229138777457,0.05748511111652582,,-3.5821279668391703,0.30763759679901603,0.042032717916070036,0.013104756980408616,-4.799944475290576,1.4351829794738393,-0.1188035488440962,-0.8309968477410485,0.6014963290323698,-3.421735686518348,0.010258400145200894,1.9744020033074257,-0.03177557352034512,,6.1332188201337585
2024-12-27,-1.6567247042265376,0.05853497226501658,-4.4347513997023595,,,,0.22783600145376343,,1.928968909825153,1.1960742659489227,,,0.07871268459232861,1.171240643051598,11.197584757490283,0.504980021461787,,-1.726056932598191,-0.08424337341418472,-0.41496856226113654,-0.19964313919993784,-5.827191891339033,-6.754852688611045,0.005713446846715283,-5.685798968133762,0.43736663933653813,-2.471735713260152,-0.031952177107079996,-0.9329355726929611,2.461366578602184,,2.9653284502269477
