TradingDay,TMT,一带一路,交通运输,传媒,农业综合,医疗,医药,医药医疗,国企改革,国央企综合,国防军工,基建,基础化工,央企创新,家用电器,房地产,新能源汽车,有色,机械设备,汽车,生物科技,电力,电子,石油石化,绿色/ESG,计算机,通信,金融综合,钢铁煤炭,银行,非银,食品饮料
2015-02-27,1.0045119288254873,,,,,,,,,,,,,,,,,,,,,,,,,,,,,,,
2015-03-06,1.2807334218699036,,,,,,1.1732501985859796,,,,,,,,,,,,,,,,,,,,,-19.60690594341598,,,,
2015-03-13,-0.055348847875658025,,,,,,3.193228613889173,,,,,,,,,,,,,,,,,,,,,-26.383997083875997,,,,
2015-03-20,0.4220132613550487,,,,,,0.12803876298842595,,,,,,,,,,,,,,,,,,,,,3.507142665122841,,,,
2015-03-27,-0.03307920286945439,,,,,,-7.2835800583234445,,,,,,,,,,,,,,,,,,,,,5.620994346428896,,,,
2015-04-03,0.0491089542428868,,,,,,-2.3129388059429097,,,,,,,,,,,,,,,,,,,,,2.557244427056779,,,,
2015-04-10,0.006519744603496674,,,,,,0.20987807071201492,,,,,,,,,,,,,,,,,,,,,-0.0025137278325774674,,,,
2015-04-17,0.07097856674331982,,,,,,-12.231592704057872,,,,,,,,,,,,,,,,,,,,,0.7057575166477703,,,,
2015-04-24,-0.07913101593290353,,,,,,14.296680562123612,,,,,,,,,,,,,,,,,,,,,-0.025940267074797463,,,,
2015-04-30,-2.321229437744695,,,,,,-0.05142664763847249,,,,,,,,,,,,,,,,,,,,,0.7599318026550289,,,,
2015-05-08,-0.04182946287297433,,,,,,-0.02529726228999185,,,,,,,,,,,,,,,,,,,,,0.07266903190926403,,,,
2015-05-15,-0.5848893876689482,,,,,,-10.816169889183753,,,,,,,,,,,,,,,,,,,,,0.04429568267480774,,,,
2015-05-22,0.04151446724124884,,,,,,-0.27678430897103495,,,,,,,,,,,,,,,,,,,,,1.2658010843480976,,,,
2015-05-29,0.2001628493785971,,,,,,0.0032442761473754234,-1.9058412056271965,,,,,,,,,,,,,,,,,,,,-0.011700821357646378,,,,
2015-06-05,1.4843958739697394,,,,,,-0.04682062313037599,0.27618923559059805,,,,,,,,,,,,,,,,,,,,-0.5637717202894922,,,,
2015-06-12,-2.286488545977812,,,,,,-4.488650114796201,57.724126530332285,,,,,,,,,,,,,,,,,,,,-2.488433111586493,,,,
2015-06-19,0.049146607869114234,,,,,,-0.07704848541882534,-14.671370437049152,,,,,,,,,,,,,,,,,,,,0.0669036926339882,,,,
2015-06-26,-0.009286106616607837,,,,,,0.018875692429198204,-2.4472529577844306,,,,,,,,,,,,,,,,,,,,0.007179569093461879,,,,
2015-07-03,2.285174383532886,,,,,,-3.6862339167399543,-2.6267823957574996,,,,,,,,,,,,,,,,,,,,0.04953039032852217,,,,
2015-07-10,-0.006022794701370815,,,,,,0.8992907552141083,-0.289656709959361,,,,,,,,,,,,,,,,,,,,0.0001998831038056651,,,,
2015-07-17,0.06053857784075959,,,,,,0.4209083997589299,-2.158012493168628,,,,,,,,,,,,,,,,,,,,-0.014110787331243463,,,,
2015-07-24,-0.06578002933828093,,,,,,0.7115271851375827,-0.801960974574647,,,,,,,,,,,,,,,,,,,,0.5549180859267612,,,,
2015-07-31,-0.017245222991883635,,,,,,-2.2602328167053987,-5.500089146386985,,,,,,,,,,,,,,,,,,,,0.01950344708056896,,,,
2015-08-07,2.2664874353675213,,,,,,0.01533854132463329,-0.3293232906713014,,,,,,,,,,,,,,,,,,,,-4.3340277380575385,,,,
2015-08-14,-0.010714608900745277,,,,,,12.396891969493911,-6.947306635186731,,,,,,,,,,,,,,,,,,,,-0.14622926432022054,,,,
2015-08-21,-2.0045226591984884,,,,,,-0.050393635920860755,-12.051289550033884,,,,,,,,,,,,,,,,,,,,-6.3313909522617,,,,
2015-08-28,0.04296698474554132,,,,,,-3.584569793635962,-0.6129426629089474,,,,,,,,,,,,,,,,,,,,,,,,
2015-09-02,0.056616655380994196,,,,,,-0.4449051188105895,-2.241916796762978,,,,,,,,,,,,,,,,,,,,,,,,
2015-09-11,-0.017678243639491407,,,,,,-12.175155613099918,-0.06572421349220353,,,,,,,,,,,,,,,,,,,,,,,,
2015-09-18,-0.03874482656843623,,,,,,-1.6771012206419467,-17.103930662326498,,,,,,,,,,,,,,,,,,,,,,,,
2015-09-25,0.11791164772182772,,,,,,0.025005974167421025,-9.865702449871055,,,,,,,,,,,,,,,,,,,,,,,,
2015-09-30,-0.006780103992834769,,,,,,-0.01579945242873998,-0.5685111571209887,,,,,,,,,,,,,,,,,,,,,,,,
2015-10-09,0.2644613270679903,,,,,,-4.486211719603799,-0.4653971841156467,,,,,,,,,,,,,,,,,,,,,,,,
2015-10-16,1.4161733897518891,,,,,,-0.7837392613804581,0.35936701411598837,,,,,,,,,,,,,,,,,,,,,,,,
2015-10-23,-0.6353359335631446,,,,,,-1.3768126465317359,-0.25714234967368843,,,,,,,,,,,,,,,,,,,,-3.5656561556734796,,,,0.5242047636553266
2015-10-30,-0.31312784112645087,,,,,,-0.034483420223004026,-11.376294360133153,,,,,,,,,,,,,,,,,,,,0.23435946407388308,,,,6.18394163665807
2015-11-06,-3.6243221933477248,,,,,,-10.724758980618843,-0.9742482279251823,,,,,,,,,,,,,,,,,,,,-0.07050438627484784,,,,1.9790423888695288
2015-11-13,0.024802025724923425,,,,,,-7.25808106249257,0.3566733097606139,,,,,,,,,,,,,,,,,,,,2.030989595386319,,,,-0.061899628508128246
2015-11-20,1.4320345010547124,,,,,,-0.1304210221018525,2.5480518641330345,,,,,,,,,,,,,,,,,,,,0.139101812770527,,,,4.091226118007419
2015-11-27,-3.7354478671200724,,,,,,1.236942863576241,-15.619144193606948,,,,,,,,,,,,,,,,,,,,-0.0014581924678645497,,,,1.4207380862762546
2015-12-04,0.20125638949586822,,,,,,1.3935045574705986,-31.361771878107312,,,,,,,,,,,,,,,,,,,,-1.0983565521665533,,,,-0.14970293429502224
2015-12-11,-12.471360072643423,,,,,,-0.04105792696618038,-2.2253061402142036,,,,,,,,,,,,,,,,,,,,0.041068745453730474,,,,0.008538657163445103
2015-12-18,-0.014170893710978235,,,,,,0.1362893172931779,-0.8147113324320829,,,,,,,,,,,,,,,,,,,,0.0240064374351186,,,,-1.5033759522166088
2015-12-25,2.1830741941670198,,,,,,2.63510025982775,-12.01501972598016,,,,,,,,,,,,,,,,,,,,-16.423648469659508,,,,2.7826969652568665
2015-12-31,2.516539602405634,,,,,,0.24438968387985888,0.9745827375855227,,,,,,,,,,,,,,,,,,,,-0.5704470504680432,,,,-0.5524476539675417
2016-01-08,-1.6319449583893113,,,,,,1.1902660923371955,55.24224486513312,,,,,,,,,,,,,,,,,,,,-1.4123223694491607,,,,1.5312859259302702
2016-01-15,4.660385382003049,,,,,,0.01953853257983809,-5.372434804550563,,,,,,,,,,,,,,,,,,,,-13.159365309779556,,,,0.4530041485625393
2016-01-22,-4.463337560591404,,,,,,0.02820228190626635,-2.643126335744487,,,,,,,,,,,,,,,,,,,,-4.779209789329853,,,,-9.424428944720443
2016-01-29,1.592917111232212,,,,,,0.03913699560345052,-9.652038258717612,,,,,,,,,,,,,,,,,,,,-0.02156609449035997,,,,1.3898408844825751
2016-02-05,0.3486692438991826,,,,,,-1.372233371720694,2.418530891937843,,,,,,,,,,,,,,,,,,,,-0.5210429804453769,,,,-0.5253899646664809
2016-02-19,-0.6809527306801932,,,,,,-0.0021538725516877053,0.2936522454445791,,,,,,,,,,,,,,,,,,,,-0.113168462437086,,,,0.6674790911744157
2016-02-26,-4.5339974882006935,,,,,,0.029716919920538973,-5.214874612884486,,,,,,,,,,,,,,,,,,,,-0.841901820165887,,,,1.4222997383118827
2016-03-04,10.529408111687982,,,,,,-11.566874538840903,0.5589570197201335,,,,,,,,,,,,,,,,,,,,-7.149251686095376,,,,5.1710582460834935
2016-03-11,-0.15630719139553725,,,,,,-7.690677381063389,-3.8732421708823104,,,,,,,,,,,,,,,,,,,,-7.159162961494459,,,,-0.14964995199002804
2016-03-18,2.7960249288378356,,,,,,1.3081333298690891,6.269904320505913,,,,,,,,,,,,,,,,,,,,-0.2189256413435038,,,,-0.49926267830235177
2016-03-25,-2.23200336182021,,,,,,1.354167662715621,-4.0361772627844275,,,,,,,,,,,,,,,,,,,,-9.552976898062404,,,,-0.027797382089728533
2016-04-01,0.33005573477945255,,,,,,,,,,,,,,,,,,,,,,,,,,,,,,,-0.8228738662502111
2016-04-08,0.03008618905131603,,,,,,,,,,,,,,,,,,,,,,,,,,,,,,,2.6240075951151276
2016-04-15,-10.62124385044955,,,,,,,,,,,,,,,,,,,,,,,,,,,,,,,-9.357131772066388
2016-04-22,1.337264067155763,,,,,,,,,,,,,,,,,,,,,,,,,,,,,,,5.640890448114454
2016-04-29,-4.687203869858938,,,,,,,,,,,,,,,,,,,,,,,,,,,,,,,-0.14155452318504527
2016-05-06,-0.10414575430166884,,,,,,,,,,,,,,,,,,,,,,,,,,,,,,,-8.396459687399773
2016-05-13,1.0894396370610844,,,,,,,,,,,,,,,,,,,,,,,,,,,,,,,1.4020956801784585
2016-05-20,12.6561672780176,,,,,,,,,,,,,,,,,,,,,,,,,,,0.021640926590099197,,,,-0.037111619543431146
2016-05-27,-1.5282892266862524,,,,,,,,,,,,,,,,,,,,,,,,,,,2.301298425709972,,,,1.9671934116890362
2016-06-03,2.2046961252930126,,,,,,,,,,,,,,,,,,,,,,,,,,,22.944253979465774,,,,-0.9045239151435259
2016-06-08,-0.010588666538388546,,,,,,,,,,,,,,,,,,,,,,,,,,,2.0076667796543264,,,,0.39749374468507254
2016-06-17,0.049065661606344624,,,,,,,,,,,,,,,,,,,,,,,,,,,-0.8004425069286146,,,,0.9037780654925
2016-06-24,-0.7187238029669057,,,,,,,,,,,,,,,,,,,,,,,,,,,2.996384187012219,,,,1.1533081253694883
2016-07-01,1.135086888251412,,,,,,,,,,,,,,,,,,,,,,,,,,,-0.06303984494882041,,,,-0.4412955121523806
2016-07-08,0.047220713675862794,,,,,,,,,,,,,,,,,,,,,,,,,,,1.894081128405126,,,,-0.13087823324977874
2016-07-15,0.9727980400436115,,,,,,,,,,,,,,,,,,,,,,,,,,,-0.3442220767542694,,,,1.3729498554489339
2016-07-22,-0.5346246401451068,,,,,,,,,,,,,,,,,,,,,,,,,,,1.1441653551533697,,,,-7.482546817989938
2016-07-29,0.6726523122467002,,,,,,,,,,,,,,,,,,,,,,,,,,,-0.80768870190351,,,,0.9922116217675003
2016-08-05,1.4459957824828962,,,,,,,,,,,,,,,,,,,,,,,,,,,-0.4826336320142913,,,,0.0031398088598876515
2016-08-12,-3.6827222093073453,,,,,,,,,,,,,,,,,,,,,,,,,,,16.86035374406662,,,,4.440547910207634
2016-08-19,10.252436089089786,,,,,,,,,,,,,,,,,,,,,,,,,,,2.2101060113123148,,,,0.32883002741387923
2016-08-26,0.2500334175359817,,,,,,,,,,,,,,,,,,,,,,,,,,,-3.984776452365411,,,,-1.222032032800953
2016-09-02,-7.41186272446684,,,,,,,,,,,,,,,,,,,,,,,,,,,13.536637010181833,,,,1.646254531364306
2016-09-09,-0.013036052925117891,,,,,,,,,,,,,,,,,,,,,,,,,,,1.6637999428852692,,,,1.3607260959896335
2016-09-14,1.1021614038300995,,,,,,,,,,,,,,,,,,,,,,,,,,,0.17968633373389947,,,,-0.29684930551527644
2016-09-23,-3.559663410045504,,,,,,,,,,,,,,,,,,,,,,,,,,,5.184037960090222,,,,-1.7809594055221096
2016-09-30,2.210880667177325,,,,,,,,,,,,,,,,,,,,,,,,,,,1.8445491354211376,,,,0.38734811146188014
2016-10-14,0.4981705481571111,,,,,,,,,,,,,,,,,,,,,,,,,,,9.79506186696138,,,,-2.2189151725708696
2016-10-21,-12.282783902041018,,,,,,,,,,,,,,,,,,,,,,,,,,,-0.6529791464391614,,,,0.3845996091255298
2016-10-28,-11.165262415710133,,,,,,,,,-5.356916200079774,,,,,,,,,,,,,,,,,,-7.641964836194777,,,,-0.01099695473535331
2016-11-04,6.989621214973328,,,,,,,,,0.5425647289838372,,,,,,,,,,,,,,,,,,-32.051302375659894,,,,1.9246560397440693
2016-11-11,-0.029814325998321366,,,,,,,,,-14.545727893400214,,,,,,,,,,,,,,,,,,-3.11625919093718,,,,-0.02393958986707756
2016-11-18,-0.5659972211568371,,,,,,,,,-14.069089254103826,,,,,,,,,,,,,,,,,,1.8492078147198856,,,,-0.26234025469865796
2016-11-25,-10.578785667495588,,,,,,,,,-0.5774046126736396,,,,,,,,,,,,,,,,,,-34.371921162054484,,,,0.5861860374574959
2016-12-02,2.406727335062023,,,,,,,,,-0.3313104075261476,,,,,,,,,,,,,,,,,,2.899224074798886,,,,4.171395885749349
2016-12-09,0.1808368017804205,,,,,,,,,-5.489105019621109,,,,,,,,,,,,,,,,,,-0.28256789530226195,,,,-0.16310690810368847
2016-12-16,0.13865927837260517,,,,,,,,,-1.9658550746082466,,,,,,,,,,,,,,,,,,2.8257712310270744,,,,0.2608914194362125
2016-12-23,0.0333832697604753,,,,,,,,,0.03305599627198724,,,,,,,,,,,,,,,,,,-2.8987702187976536,,,,0.2675316810011949
2016-12-31,2.16179458258297,,,,,,,,,58.33491148051333,,,,,,,,,,,,,,,,,,4.367484953134708,,,,0.27793550248625076
2017-01-06,0.25426710726489776,,,,,,,,,0.4798354572333844,,,,,,,,,,,,,,,,,,-0.25659277101749844,,,,4.653246696733445
2017-01-13,0.6430313709771175,,,,,,,,,-7.277117929085788,,,,,,,,,,,,,,,,,,3.614054423628256,,,,0.20818670921406657
2017-01-20,0.011390050877142944,,,,,,,,,-6.951978972810109,,,,,,,,,,,,,,,,,,2.6166642648699643,,,,-0.14321712251501634
2017-01-26,0.7265575148589793,,,,,,,,,-3.2390947199022238,,,,,,,,,,,,,,,,,,-0.7219400019274193,,,,0.02382950076113399
2017-02-03,2.320610350195651,,,,,,,,,-18.148227598474485,,,,,,,,,,,,,,,,,,-3.8943772249186983,,,,0.14250049167440634
2017-02-10,0.661537031022343,,,,,,,,,-1.9850515639455923,,,,,,,,,,,,,,,,,,-0.20913498692708604,,,,-4.3886850070393235
2017-02-17,-0.03341922603997072,,,,,,,,,-6.26854755013843,,,,,,,,,,,,,,,,,,16.550059979300855,,,,0.20325288423226026
2017-02-24,1.296958953632918,,,,,,,,,-0.2533072726656334,,,,,,,,,,,,,,,,,,-0.8306831888939843,,,,0.38974443963718997
2017-03-03,1.3872370384799577,,,,,,,,,-2.351390166458536,,,,,,,,,,,,,,,,,,3.67938269566788,,,,0.1375472985361132
2017-03-10,-0.6120271731640091,,,,,,,,,-19.250466813405083,,,,,,,,,,,,,,,,,,14.813890231709498,,,,0.37095819472904873
2017-03-17,0.9914634654906919,,,,,,,,,0.09004461951824316,,,,,,,,,,,,,,,,,,-0.05324545439404513,,,,4.652710831004832
2017-03-24,13.472977859725928,,,,,,,,,-8.091415814490071,,,,,,,,,,,,,,,,,,-0.008612400950345054,,,,-7.005018313308484
2017-03-31,3.4024523004898564,,,,,,,,,-14.40704772706683,,,,,,,,,,,,,,,,,,-1.3593144845831497,,,,-0.1421893302786244
2017-04-07,-3.7408358912267583,,,,,,,,,-0.5982515990282553,,,,,,,,,,,,,,,,,,1.7049634195077155,,,,0.7907502200850233
2017-04-14,-1.155511737439114,,,,,,,,,-0.22468430887989044,,,,,,,,,,,,,,,,,,3.288834015158702,,,,0.5246982300855343
2017-04-21,0.6735962769002513,,,,,,,,,-15.500719819314927,,,,,,,,,,,,,,,,,,-0.8765564118763347,,,,0.10360510805304539
2017-04-28,-4.826959457317423,,,,,,,,,-6.044884222006256,,,,,,,,,,,,,,,,,,1.9916248567435861,,,,0.33054029388173833
2017-05-05,1.8671809940184998,,,,,,,,,59.633020952351885,,,,,,,,,,,,,,,,,,2.57768139383359,,,,-0.5495362699978573
2017-05-12,0.9336301033372016,,,,,,,,,-2.3124404002830508,,,,,,,,,,,,,,,,,,-0.11758486931499636,,,,0.030246580352848072
2017-05-19,1.307323631088436,,,,,,,,,-5.785717947716521,,,,,,,,,,,,,,,,,,1.4625536923892501,,,,0.06690603624945816
2017-05-26,-3.2061908870922213,,,,,,,,,-0.4328817263936511,,,,,,,,,,,,,13.73295331275418,,,,,-1.7508390641785532,,,,-1.9695435787328934
2017-06-02,-2.1760947282408014,,,,,,,,,-4.989254242298422,,,,,,,,,,,,,15.220089770705966,,,,,-35.64557835618201,,,,-8.408893211678873
2017-06-09,-0.397760119796004,,,,,,,,,0.05435550744660164,,,,,,,,,,,,,-0.03074086143210175,,,,,-2.908481100550451,,,,-0.02690482736740265
2017-06-16,0.10147513445774595,,,,,,,,,0.5771850087577697,,,,,,,,,,,,,3.4960517729751968,,,,,1.09340043172296,,,,0.22493716050629228
2017-06-23,-11.376769315309959,,,,,,,,,-3.4553961695217366,,,,,,,,,,,,,-21.25799965402504,,,,,-3.9673223032672733,,,,4.933209313140109
2017-06-30,-0.029786217483570077,,,,,,,,,-0.9208579243541191,,,,,,,,,,,,,4.552711845270906,,,,,1.4179402512004327,,,,0.5588464340394892
2017-07-07,2.5525735768722457,,,,,,,,,-7.4721105501712195,,,,,,,,,,,,,-0.6692914385414171,,,,,-0.018024664765150782,,,,0.07627956421016352
2017-07-14,0.26777656200455535,,,,,,,,,-0.6011487815989109,,,,,,,,,,,,,4.99879534460553,,,,,11.061304062481335,,,,2.5879401700638294
2017-07-21,0.2708884067952723,,,,,,,,,0.6212771671443794,,,,,,,,,,,,,3.587440624605529,,,,,11.72166102859899,,,,0.901961051364012
2017-07-28,0.039900849011641384,,,,,,,,,-0.3968181158154035,,,,,,,,,,,,,5.495510430305852,,,,,-0.5694536660197973,,,,0.00029885732385137587
2017-08-04,0.8039678880796114,,,,,,,,,-0.8920249609003115,,,,,,,,,,,,,-1.499551251787667,,,,,-7.56791830933878,,,,0.11822393532207844
2017-08-11,3.3962253878042254,,,,,,,,,-7.013690099503164,,,,,,,,,,,,,2.8910534649934516,,,,,1.7174989808899201,,,,0.9470128231079327
2017-08-18,0.0925187297223049,,,,,,,,,-3.4929380849867675,,,,,,,,,,,,,10.079865939235413,,,,,-0.2882068080040987,,,,-9.403550267973827
2017-08-25,1.7028243678190988,,,,,,,,,-0.9353313258458591,,,,,,,,,,,,,-13.34028117485403,,,,,7.709059459470965,,,,0.09865307990148081
2017-09-01,0.9591500816526813,,,,,,,,,-0.8035812692341147,,,,,,,,,,,,,-24.989632366343688,,,,,-0.1278558872567524,,,,-2.646506607254294
2017-09-08,5.286876864056467,,,,,,,,,0.6164282316569815,,,,,,,,,,,,,0.34582088489667684,,,,,0.08041784545832023,,,,0.0007727158230514675
2017-09-15,0.24222077712240644,,,,,,,,,-5.2137443282819955,,,,,,,,,,,,,-2.648060024710984,,,,,-0.3121758010107444,,,,0.28323869167205984
2017-09-22,0.4819908089524421,,,,,,,,,-3.713636602878354,,,,,,,,,,,,,-6.898482149357427,,,,,1.100722659236615,,,,2.2840802212198312
2017-09-30,0.10938832587721714,,,,,,,,,-18.872047282998405,,,,,,,,,,,,,13.021121083955473,,,,,-2.4633454601043026,,,,0.1489528956905115
2017-10-13,1.078632541334921,,,,,,,,,-0.3533932455171741,,,,,,,,,,,,,4.145322655919535,,,,,-0.03531661262237623,,,,3.051414568168338
2017-10-20,0.944018054555581,,,,,,,,,-0.9417680533687748,,,,,,,,,,,,,-6.221516234096558,,,,,-1.4212441264409965,,,,1.5297423230461071
2017-10-27,0.18585005331580826,,,,,,,,,-8.048313546484728,,,,,,,,,,,,,0.047635065593582396,,,,,0.06392771436159916,,,,-9.38601934629607
2017-11-03,1.766340836504026,,,,,,,2.202597948604361,,0.05981635245834889,,,,,,,,,,,,,-4.415227091202136,,,,,-0.6417711135993531,,,,0.2228077589164418
2017-11-10,4.099532429644625,,,,,,,-0.019836350358866495,,-2.4814352037213845,,,,,,,,,,,,,9.536287324190424,,,,,0.06255781826574106,,,,-2.6706452368266382
2017-11-17,1.008282132276028,,,,,,,0.06351492489470714,,-6.8651533290550155,,,,,,,,,,,,,4.784018469766678,,,,,1.378907464160111,,,,2.8335603305711254
2017-11-24,-11.10138964815723,,,,,,,1.4615074586459977,,0.6897719340568063,,,,,,,,,,,,,-0.5934599540559254,,,,,-1.4378560020982012,,,,0.06376839986219451
2017-12-01,-0.4403704041323293,,,,,,,-0.2372889491493366,,-5.775198832090682,,,,,,,,,,,,,8.655968278447828,,,,,19.998430215206145,,,,0.12239641506182594
2017-12-08,12.413851942302644,,,,,,,-0.036541615231106314,,-8.414674645366873,,,,,,,,,,,,,3.5197423053237857,,,,,7.672922713658346,,,,1.5502699796089423
2017-12-15,0.5521119101503498,,,,,,,-2.052203085087216,,0.20776218736051638,,,,,,,,,,,,,-2.5587459394654926,,,,,2.8666920924675243,,,,0.09000672560708425
2017-12-22,0.13318594026564845,,,,,,,-4.477607065561451,,-6.7231286387592455,,,,,,,,,,,,,-4.465041292161652,,,,,-8.09981310145449,,,,1.536170171108469
2017-12-31,-0.947947927684285,,,,,,,-3.7624226725206653,,-13.614114569829754,,,,,,,,,,,,,1.9152877967470108,,,,,0.7765895597429684,,,,1.132329057892103
2018-01-05,-4.505811855560066,,,,,,,-6.884604002681552,,-0.5835713080125016,,,,,,,,,,,,,-3.2163482863213972,,,,,-0.07773484279609365,,,,0.037841455310108074
2018-01-12,1.877671910577683,,,,,,,-13.195751592821715,,-2.619898022284682,,,,,,,,,,,,,-20.109926055017375,,,,,-3.8784738070486195,,,,1.3526993657732935
2018-01-19,1.5100256253555704,,,,,,,-11.531232794691876,,60.9555809022429,,,,,,,,,,,,,2.776864178212189,,,,,-8.193722111372063,,,,1.5853544659679777
2018-01-26,-0.5538301234840424,,,,,,,1.0398746177339426,,-14.829768431052237,,,,,,,,,,,,,-6.161484457961876,,,,,-21.797683038652597,,,,-9.331545463433313
2018-02-02,1.0891608481363333,,,,,,,-1.1141900037546715,,-0.44345543245485114,,,,,,,,,,,,,3.4294634848940375,,,,,8.208413125211298,,,,0.3215931100787506
2018-02-09,-0.2309954739286908,,,,,,,14.83663383843876,,-0.04287202138218542,,,,,,,,,,,,,8.737850719428318,,,,,7.13007717870453,,,,0.1385255781081113
2018-02-14,-0.10261091363699265,,,,,,,-2.5045960154655975,,-4.0237996578276025,,,,,,,,,,,,,3.363673186148505,,,,,-0.7427947405786988,,,,1.0527793903618607
2018-02-23,-0.06650217723554319,,,,,,,-3.3629201375332225,,-4.444356731565832,,,,,,,,,,,,,9.396182189213468,,,,,1.3582794074565703,,,,0.168414112797668
2018-03-02,0.48516328593314,,,,,,,-0.009153737167233549,,-5.973110892469387,,,,,,,,,,,,,-1.1176956974077488,,,,,3.3445954672264566,,,,0.07048498915157811
2018-03-09,0.13179183155642316,,,,,,,-0.06848636841769279,,-0.4729606337664931,,,,,,,,,,,,,10.030024691844467,,,,,19.478238807815526,,,,0.06043570781981565
2018-03-16,-0.015553060703942412,,,,,,,0.1244067773972712,,-2.8104293624037417,,,,,,,,,,,,,-1.959751836080278,,,,,-2.5981764787865727,,,,1.9066261633353294
2018-03-23,0.8228979303647525,,,,,,,0.6328861641052741,,-4.595952466529131,,,,,,,,,,,,,8.787666195748562,,,,,-8.025901430327819,,,,-2.6745622266913087
2018-03-31,-1.0993160015370855,,,,,,,-3.0497230892876885,,0.7418667933516527,,,,,,,,,,,,,-0.3397753085025785,,,,,-0.06615940858517161,,,,1.2125211143583527
2018-04-04,-0.022624196326355157,,,,,,,-0.005332097584456162,,-0.022578873055708003,,,,,,,,,,,,,0.6178845044169688,,,,,1.5976933840555507,,,,1.0853848290274597
2018-04-13,-0.11336390561165444,,,,,,,-2.2921771901475116,,-0.9904996101066464,,,,,,,,,,,,,-13.721057904363544,,,,,2.016981653770881,,,,0.38940932511544446
2018-04-20,-4.122012949110967,,,,,,,4.66975354075387,,0.21573743467622042,,,,,,,,,,,,,-6.156179281055174,,,,,0.6170013175562825,,,,1.6560535162957706
2018-04-27,12.062877794663555,,,,,,,-0.030348417710001657,,-4.032611943700057,,,,,,,,,,,,,-2.375968486254803,,,,,-23.685316616038694,,,,-8.976184339526323
2018-05-04,1.6364406890054302,,,,,,,-0.1670244644992353,,-0.3961584266586019,,,,,,,,,,,,,6.4447889059925885,,,,,1.8269150659390447,,,,0.08930889292063823
2018-05-11,0.046622011541734815,,,,,,,0.12177206553259998,,-13.881270775678779,,,,,,,,,,,,,-8.822483171588766,,,,,1.0977086100568207,,,,0.19721421662896546
2018-05-18,-0.6530157264482604,,,,,,,-3.72816014361512,,-12.489956630454362,,,,,,,,,,,,,-5.408391752449688,,,,,-0.5518583235528225,,,,0.041400598103876335
2018-05-25,1.0351286023204695,,,,,,,7.75843151576333,,62.53553553056093,,,,,,,,,,,,,3.150618322074126,,,,,-20.83076636348037,,,,-2.9903721413721627
2018-06-01,0.01537154006224883,,,,,,,1.3804456293958283,,0.34161294201815573,,,,,,,,,,,,,-8.197744890492542,,,,,-28.605210527480708,,,,0.07017482214790224
2018-06-08,0.09119908524999513,,,,,,,-15.060011833066216,,0.05697619478759097,,,,,,,,,,,,,1.0025634728629007,,,,,-22.518904419247395,,,,1.512401227929971
2018-06-15,0.36411863532455224,,,,,,,-0.34807416747528874,,-1.1280791272786863,,,,,,,,,,,,,-2.899084412159804,,,,,-32.84902003297627,,,,0.1430185433417162
2018-06-22,-1.235563415799949,,,,,,,-8.39957904734263,,-8.943264996125533,,,,,,,,,,,,,5.94545616598743,,,,,-30.327140121580186,,,,0.8942531611435611
2018-06-30,0.911278662519062,,,,,,,5.800888737086942,,-7.673351157127276,,,,,,,,,,,,,0.10671293658925052,,,,,19.659666102358074,,,,-1.755917111150408
2018-07-06,-0.10514353780315806,,,,,,,-2.1234845617199745,,-17.16870644091547,,,,,,,,,,,,,10.760609325836597,,,,,-7.548191592847042,,,,1.4447595937782056
2018-07-13,1.6282224768548827,,,,,,,-6.65331051968565,,-0.860551905958403,,,,,,,,,,,,,0.3316629253918162,,,,,12.549559969676693,,,,0.2782285848919379
2018-07-20,2.5582164596327743,,,,,,,1.6983093093765396,,-2.800418693478074,,,,,,,,,,,,,-0.4820495533687834,,,,,-0.9798359405194261,,,,1.0111824194022465
2018-07-27,0.02677726041856726,,,,,,,6.198392592415624,,-7.0406229875923545,,,,,,,,,,,,,0.10437107485591171,,,,,-4.089979752978216,,,,1.0813700749230064
2018-08-03,0.2368551081730031,,,,,,,1.0888881681438791,,-7.592963545424123,,,,,,,,,,,,,6.245566247662992,,,,,1.424825819494421,,,,-7.46394666940768
2018-08-10,-1.7428886934811323,,,,,,,0.16970180744357233,,-0.6299050230893538,,,,,,,,,,,,,-17.018079162588645,,,,,0.07021618406578248,,,,0.07895218686428461
2018-08-17,1.6163471171768249,,,,,,,-7.718215126288875,,-15.855408453940889,,,,,,,,,,,,,0.8120466303159855,,,,,-11.075310787037465,,,,0.018962981315589725
2018-08-24,-0.017164948877019626,,,,,,,-0.027697743911819894,,-17.474317191396906,,,,,,,,,,,,,0.0635043907690981,,,,,3.160540608111655,,,,0.06861090127277822
2018-08-31,0.11602615112817735,,,,,,,,,63.516545062276435,,,,,,,,,,,,,4.886975330992248,,,,,0.38708807706365983,,,,0.08821396659369958
2018-09-07,1.1315807450756377,,,,,,,,,0.22798425349161838,,,,,,,,,,,,,0.8137912334430993,,,,,9.43262839070153,,,,-0.4246973836839121
2018-09-14,0.11702045387720872,,,,,,,,,-0.6246598721595796,,,,,,,,,,,,,0.0920797584979487,,,,,-0.695081066068017,,,,0.41958325938152763
2018-09-21,0.9293056800291208,,,,,,,,,-2.4725235531095224,,,,,,,,,,,,,-6.6554559710569645,,,,,-2.7514451940779123,,,,0.9530118689565635
2018-09-30,-0.909687300720327,,,,,,,,,-0.7783352987608511,,,,,,,,,,,,,1.2864210340085651,,,,,-15.100643999196006,,,,0.07213004081085628
2018-10-12,0.08790473330587817,,,,,,,,,-0.439566416544782,,,,,,,,,,,,,-0.4236182713347264,,,,,1.5185277228530563,,,,0.18391200346966283
2018-10-19,0.6132002446908141,,,,,,,,,-3.991034130014726,,,,,,,,,,,,,-0.7794433618256303,,,,,-2.606994009765904,,,,0.662394245887715
2018-10-26,0.00596128699054075,,,,,,,,,0.03684297143804921,,,,,,,,,,,,,-2.6725919683136645,,,,,-1.4975827015232792,,,,1.4133289755911098
2018-11-02,-1.1621854276655672,,,,,,,,,-0.01637962860565923,,,,,,,,,,,,,-2.668952316000105,,,,,3.9804596705697417,,,,-0.18102631013923265
2018-11-09,4.672051033866887,,,,,,,,,-0.5119725615275086,,,,,,,,,,,,,-3.910594398538972,,,,,8.271067776321988,,,,0.0007514595178979011
2018-11-16,0.8920146336814222,,,,,,,,,-7.9527260595753955,,,,,,,,,,,,,16.100124671687794,,,,,3.8251347642865445,,,,-5.020343948962158
2018-11-23,0.7675865393274391,,,,,,,,,-12.621941288507998,,,,,,,,,,,,,-9.23035325479854,,,,,-15.491242504722678,,,,-2.3390912997627558
2018-11-30,-0.2896480635478087,,,,,,,,,-0.9006184840925411,,,,,,,,,,,,,1.3824271706972484,,,,,-0.9599730659729969,,,,0.21056493620299538
2018-12-07,0.005628425057452507,,,,,,,,,0.626157852034574,,,,,,,,,,,,,-2.8325768525825534,,,,,5.83640478940432,,,,0.831951846277727
2018-12-14,-1.8037251399870766,,,,,,,,,0.1882188206070843,,,,,,,,,,,,,-6.336625852628896,,,,,-16.658128450326995,,,,0.010994448756236765
2018-12-21,1.9830956364610643,,,,,,,,,-4.77750241219157,,,,,,,,,,,,,3.246179837667681,,,,,-1.1598348215560235,,,,0.07773697636402908
2018-12-28,0.9088707444441265,,,,,,,,,-3.300681491499699,,,,,,,,,,,,,-1.3152557226404058,,,,,5.367760235574901,,,,-0.03900495647927579
2019-01-04,0.45752210356438894,,,,,,,,,-6.776836091443617,,,,,,,,,,,,,1.3251917204480792,,,,,-3.3003720483751717,,,,-0.15572411414995324
2019-01-11,-0.19205355942960106,,,,,,,,,-0.8929477588343934,,,,,,,,,,,,,5.710526920733816,,,,,-19.80612139349177,,,,0.49020982423581505
2019-01-18,-0.3310706570365039,,,,,,,,,-12.462805226957716,,,,,,,,,,,,,-7.191650990363902,,,,,4.205908317423635,,0.7188107750021179,,0.28677636152624914
2019-01-25,0.09432303498332502,,,,,,,,,-3.1898884700877272,,,,,,,,,,,,,0.7982051756036544,,,,,7.035873894138122,,0.029482523752991596,,0.25667534900621125
2019-02-01,0.9135353441769403,,,,,,,,,-6.563559385027622,,,,,,,,,,,,,0.06923143855845915,,,,,-1.1761799552890113,,0.010788960635822296,,-0.5309211391749512
2019-02-15,0.19508327309972495,,,,,,,,,-4.939117602528826,,,,,,,,,,,,,2.1087441463624104,,,,,4.754521039777159,,0.08996644326232353,,-0.061524239118021316
2019-02-22,1.14985904186201,,,,,,,,,-0.5262062232196036,,,,,,,,,,,,,-0.37777495263665073,,,,,5.615321417160744,,0.9754361261003777,,0.1263866928950333
2019-03-01,-0.012792534472146913,,,,,,,,,-3.7000081414013555,,,,,,,,,,,,,0.5705534039866985,,,,,9.850743660483893,,13.657986893455716,,-1.042470749197626
2019-03-08,0.5177716959744951,,,,,,,,,-0.01875818034664757,,,,,,,,,,,,,-3.9131474961088113,,,,,0.9202017543077899,,-0.13907184353061894,,0.3413137279753614
2019-03-15,1.1781468502772674,,,,,,,,,0.06729016702876156,,,,,,,,,,,,,14.856854442743407,,,,,-7.695498589851875,,0.06749217464026963,,0.026281775075737902
2019-03-22,0.6590605298326443,,,,,,,,-10.97093480681551,-3.9737800946867785,,,,,,,,,,,,,-0.10816891550417661,,,,,6.562824766698222,,-0.2461197500828219,,0.08761401306109273
2019-03-31,-3.525701515073739,,,,,,,,8.476081818549426,-8.242881718160321,,,,,,,,,,,,,-0.5022561121397826,,,,,0.5241389032035009,,-1.4754458666125052,,0.21451222202357603
2019-04-04,0.24463896904609167,,,,,,,,-5.837909923484398,-0.5694195821221799,,,,,,,,,,,,,-0.006148614638405241,,,,,1.4761724468532822,,0.08399736668274813,,-0.028043353360996448
2019-04-12,-0.2667993756423253,,,,,,,,-26.31723139545097,-7.755276245932477,,,,,,,,,,,,,-0.02606903856047256,,,,,1.6491124439633675,,0.06681370175392942,,6.284434236829046
2019-04-19,0.3879843983733213,,,,,,,,17.746910464607158,-0.9458652309969675,,,,,,,,,,,,,-1.7738478265785873,,,,,-0.12850515557787745,,-0.18674666990966293,,-0.03888078852404478
2019-04-26,-0.5579266320990648,,,,,,,,-12.547353601927025,-5.666266472722996,,,,,,,,,,,,,-0.12075967399033113,,,,,0.06199856402347173,,2.802665177830008,,1.2015226028145805
2019-04-30,1.9632107142194097,,,,,,,,0.6632327505080209,-0.04231636223598711,,,,,,,,,,,,,-2.326750142316957,,,,,0.590436545342948,,0.03354285434543745,,0.653447346829374
2019-05-10,-0.7719081802506955,,,,,,,,-0.7499590841002173,-5.684467239434996,,,,,,,,,,,,,-0.7757481099686515,,,,,-0.4171972559907096,,-0.2274772579613584,,0.0024198834990371565
2019-05-17,1.8964834188058086,,,,,,,,2.781371716993628,-14.871099727234942,,,,,,,,,,,,,-2.108746328508873,,,,,-1.8180878347789284,,0.2856049424749761,,0.20552809982293502
2019-05-24,0.35739663569553454,,,,,,,,-12.804420534506663,-1.1038327444416076,,,,,,,,,,,,,-0.10974762248598402,,,,,-0.3103189262154242,,-0.011790278818152127,,1.985281873498041
2019-05-31,0.1297608657572868,,,,,,,,-3.372662472219101,-2.8146910082942798,,,,,,,,,,,,,-0.08140033294318971,,,,,-4.738595739591391,,0.03157327070314069,,-2.0947027991679876
2019-06-06,1.119442023042039,,,,,,,,-31.40180271804545,-3.9918234802108263,,,,,,,,,,,,,1.5884595747497472,,,,,-7.004081261195048,,-2.983525410363223,,-0.8998796423182158
2019-06-14,0.3470952553063714,,,,,,,,-6.605369998464687,64.14351969088365,,,,,,,,,,,,,-2.6980946795338694,,,,,-3.298254906963061,,-10.889403828526744,,5.2483778282380715
2019-06-21,0.3483121265765507,,,,,,,,1.4023058869847018,0.47119111031161665,,,,,,,,,,,,,0.6825794102800851,,,,,1.6474036812323198,,2.091847927511174,,0.2782312688654308
2019-06-30,0.26235405285716007,,,,,,,,-7.673850079430888,-12.637647811009723,,,,,,,,,,,,,-5.864439007696926,,,,,-0.4594202679287343,,0.027066149669939955,,3.764072516633274
2019-07-05,-0.2482501190649079,,,,,,,,18.581652411723113,-18.13939458389676,,,,,,,,,,,,,-0.7699066010182295,,,,,-12.38985050617898,,0.011730593316412949,,0.31889558102932014
2019-07-12,-2.0355113875261277,,,,,,,,18.535184660057485,-8.030800454153066,,,,,,,,,,,,,0.0038625570751449415,,,,,-1.31420340416358,,0.1939425273354949,,0.38088857825663563
2019-07-19,0.34003549964120144,,,,,,,,2.5878114945507966,0.33145903392900294,,,,,,,,,,,,,0.0040535708121309175,,,,,5.186987732571881,,0.0295071288579904,,6.430950528925002
2019-07-26,1.4454191334240007,,,,,,,,-3.730660522416115,-0.6857781226099016,,,,,,,,,,,,,-0.7274004238488827,,,,,-0.16202605540507237,,-0.05808065357992207,,0.026291187515553052
2019-08-02,9.683458158695537,,,,,,,,-4.0652448096467175,-1.0398757260156852,,,,,,,,,,,,,-0.3649494212426035,,,,,0.962318145340258,,0.23388996058243533,,-4.688967841583935
2019-08-09,0.9290356390819136,,,,,,,,-14.877077626133948,-17.368808720437272,,,,,,,,,,,,,-0.02179129784656378,,,,,-0.4074325139509941,,-0.028745044840836047,,1.9713561480474686
2019-08-16,0.8361029487211057,,,,,,,,12.966667115094973,-3.6665750734336338,,,,,,,,,,,,,-2.1435793106473264,,,,,-3.24038860684694,,-1.2742805126233443,,3.1642896183082234
2019-08-23,-5.611128344241974,,,,,,,,-16.34990042879085,,,,,,,,,,,,,,0.04502967350256783,,,,,-8.241699370324007,,0.2947634582208351,,0.2799564355222166
2019-08-30,0.18260897743587848,,,,,,,,-8.85640707917007,,,,,,,,,,,,,,-0.06992873672580252,,,,,31.62111787263547,,,,0.5329185288683818
2019-09-06,-0.045833555794207254,,,,,,,,0.17874565610676407,,,,,,,,,,,,,,-0.3013668887617343,,,,,1.0168544863466025,,,,-4.123783694931731
2019-09-12,1.4490629773287633,,,,,,,,1.4380875656188372,,,,,,,,,,,,,,6.398137882040133,,,,,-1.1233222920707266,,,,0.05939430599652442
2019-09-20,0.4854431220676868,,,,,,,,-7.9330282402774905,,,,,,,,,,,,,,-0.017844563074301316,,,,,-0.4908461629968586,,,,4.269233073663258
2019-09-27,0.33963808165658405,,,,,,,,2.977966071941207,,,,,,,,,,,,,,0.005196286948181819,,,,,-0.6824912857554339,,,,4.567192012163593
2019-09-30,0.08956437454486711,,,,,,,,1.3702139323565077,,,,,,,,,,,,,,-0.19640063938678454,,,,,0.25300145709008687,,,,0.8265733933195953
2019-10-11,8.003049615070209,,,,,,,,1.0880043085043751,,,,,,,,,,,,,,8.130456323184887,,,,,4.271971035388575,,,,3.4495664550057112
2019-10-18,-6.219624630449964,,,,,,,,16.444156705571025,,-0.5099691661891128,,,,,,,,,,,,0.027856827594436293,,,,,30.42846080238072,,,,0.4799594825041005
2019-10-25,-1.8752615711638199,,,,,,,,-7.9857593397958295,-0.2409224443638666,-0.3637666687027102,,,,,,,,,,,,7.045357180375565,,,,,0.4416742493703725,,,,4.413330800557454
2019-11-01,9.852763445758745,,,,,,,,-27.603987957748764,0.04554432158211415,0.9916027067655383,,,,,,,,,,,,-0.17190982660520315,,,,,-9.895065541731494,,,,5.03010168166338
2019-11-08,-1.6089798865861067,,,,,,,,1.3926988975150536,-3.1694428855977854,-0.051891445437155057,,,,,,,,,,,,-0.896751053536538,,,,,-1.4949661371123124,,,,3.7416865805103274
2019-11-15,0.03979023481781628,,,,,,,,0.09184102400044925,0.02993248230330297,-0.05576443809196177,,,,,,,,,,,,-0.030700086795838424,,,,,2.2849137359085536,,,,0.2939731085800086
2019-11-22,0.3935438928603159,,,,,,,,-1.1865959393565195,0.148991310643959,-0.022462757793519222,,,,,,,,,,,,2.2240447050631382,,,,,-4.257247617702734,,,,4.48928171347902
2019-11-29,0.1495582305348862,,,,,,,,-9.097527782766655,-2.4955331083456502,-0.5432716535014401,,,,,,,,,,,,-5.601082507729255,,,,,0.07491667771877591,,,,-5.101534776042634
2019-12-06,0.15921375281228328,,,,,,,,-8.684191884510401,-0.6711298836800842,0.09273042265311678,,,,,,,,,,,,-2.4574706755011024,,,,,1.7992461835210904,,,,1.5577788075836132
2019-12-13,-0.9723591919588679,,,,,,,,22.684844541088665,-1.321612538102534,0.10198740978372112,,,,,,,,,,,,-0.278349589587995,,,,,0.1519801858756697,,,,0.0643185786556893
2019-12-20,-0.18934316521555478,,,,,,,,-27.977582182183472,-1.3935985364008594,-0.00928473690339431,,,,,,,,,,,,-0.716913785038106,,,,,-0.0864347033329912,,,,4.47183791905697
2019-12-27,12.993977927026165,,,,,,,,-5.653851805236021,-0.23250588028398073,-0.01224475974328104,,,,,,,,,,,,-0.9229595444492342,,,,,-0.03762038092812341,,,,1.6018283730101608
2020-01-03,-10.098015228466318,,,,,,,,-12.819701123986137,-0.01953028601535134,1.7048220180968177,,,,,,,,,,,,-0.005704291604277159,,,,,2.8969969114341243,,,,3.4738478309618026
2020-01-10,-1.203482379006994,,,,,,,,14.715655502289186,-0.1549671321033233,0.0005555280524357042,,,,,,,,,,,,0.00807292489780087,,,,,-0.06181856867642735,,,,0.5585386879431404
2020-01-17,-8.51740249889607,,,,,,,,10.747402963285221,-0.8602069611839421,0.08961996673488681,,,,,,,,,,,,-0.1706313525082916,,,,,-9.495633128734983,,,,5.032148675245498
2020-01-23,0.13556640833121833,,,,,,,,-13.681970564280702,-0.31005089496348015,0.02895832483851135,,,,,,,,,,,,8.088131789948747,,,,,-0.21631963459355263,,,,5.24373433703935
2020-02-07,0.9392089684291689,,,,,,,,-9.729348879418886,0.46408084300144087,0.06249725795488366,,,,,,,,,,,,-0.6343535159887022,,,,,-8.069873594054451,,,,-5.149672431104417
2020-02-14,4.043934320646382,,,,,,,,-26.89240536031206,-0.2081347762353274,1.645567418480443,,,,,,,,,,,,0.018597079902392805,,,,,-2.367898322007961,,,,0.30597837525118315
2020-02-21,-2.61831426126761,,,,,,,,33.61566267189375,-1.9033518347103668,-1.8736246073990432,,,6.777589196525714,,,,,,,,,-1.544228226146818,,,,,1.8791540781037097,,,,0.07376393968505643
2020-02-28,-2.0756008213520225,,,,,,,,-10.592943232101577,-0.28729389117246784,0.05305940145395501,,,-0.5858860628271518,,,,,,,,,-0.031850177949844245,,,,,-0.18382361130961627,,,,0.06498659858854977
2020-03-06,-6.866542170592466,,,,,,,,8.760915558673783,15.702643629256867,0.48631743971910235,,,7.729817894518678,,,,,,,,,1.010252609614648,,,,,-3.0734941776308613,,,,0.3145913552302043
2020-03-13,0.04166654437194811,,,,,,,,1.6448875324698802,-7.871557746048683,0.07076267713687724,,,-3.1825397300235654,,,,,,,,,-0.2349916143429457,,,,,-2.200522299063877,,,,1.4459561524465698
2020-03-20,2.3386777318100234,-10.479615053577524,,,,,,,6.570733852940107,-0.45736577400292117,1.8509514444061606,,,-2.680665001762238,,,,,,,,,-0.19274487267896748,,,,,-0.23327920886455866,,,,4.396267235156286
2020-03-27,-12.193134962015282,4.818754677725693,,,,,,,11.402840463786445,-1.0877973851601794,-0.01629799664860966,,,4.868054909310495,,,,,,,,,0.026189290374554867,,,,,-11.429700457649181,,,,-5.016630849779386
2020-04-03,-1.1948370086540876,-0.044413555769047486,,,,,,,-5.621939193079676,-1.297628339731687,0.0029509031576622335,,,-6.2929785115653605,,,,,,,,,-0.014868500679558663,,,,,0.31843091559158854,,,,4.960375761636085
2020-04-10,4.855588095574729,4.861615818605654,,,,,,,0.36904937354700795,-4.738270074197185,0.008458221564172985,,,2.7768460531385193,,,,,,,,,-0.7203163116316452,,,,,0.002083856718302801,,,,5.353128354870897
2020-04-17,-0.08758704518948512,0.31064007970419205,,,,,,,-10.237923207025627,0.00904684244677324,-0.03593604746088553,,,1.46642923270799,,,,,,,,,-2.4934443089519904,,0.21689937188724567,,,1.4803557837433499,,,,3.508607650553361
2020-04-24,14.322275594907316,1.598057726648,,,,,,,29.045636986016838,-4.725353366898936,0.44596544119465664,,,-2.548706654240478,,,,,,,,,0.008831417507047976,,0.24256073640663994,,,-0.0616209418780615,,,,0.5514734280873086
2020-04-30,-0.1765749755416331,0.6306663241256794,,,,,,,18.63585370941884,-0.6395619131631547,-0.03005400595250921,,,4.314507239597255,,,,,,,,,-0.263183981992029,,0.2772245352246079,,,-3.027315086852002,,,,0.07345735214770002
2020-05-08,-0.3362899114546759,-3.0779623808295384,,,,,,,4.687054781848359,-2.6896743199766373,1.4260681700479345,,,0.008855890963319873,,,,,,,,,6.9604065287389325,,-1.0137689424712004,,,-0.11133304300268823,,,,-3.9731595464343847
2020-05-15,14.186002301435028,3.1511565668200543,,,,,,,2.1710914353160877,-0.19014093795102877,0.04436598424965224,,,2.8281743671291824,,,,,,,,,-0.03415512242012804,,7.509009961898493,,,-0.09015949152556577,,,,0.40558837713060475
2020-05-22,0.9775376881522658,0.4193572042327641,,,,,,,-18.475298388406063,-2.21081966086372,0.09173155450358295,,,3.183768432991176,,,,,,,,,0.6278272369433708,,1.0264820080552541,,,-0.06380142164444112,,,,4.763151712246132
2020-05-29,-1.421493625001705,1.7548700291238688,,,,,,,-39.50527747351821,-1.8318837429223744,0.1510571723001171,,,-9.074366362050121,,,,,,,,,-0.9579372919592892,,0.13332432172577183,,,-7.682872296196031,,,,3.824610470368538
2020-06-05,-11.537863975000388,5.965484570728119,,,,,,,-6.7089218381503715,-0.7433066963125546,1.7746002774192273,,,1.1440841996684348,,,,,,,,,-0.09176383005306947,,-1.161711609119295,,,-1.2239740067621359,,,-1.3831955371307467,-5.375486366770403
2020-06-12,-0.01306542180709996,2.4371606083792354,,,,,,,-6.17045420370747,-1.4484904541606132,-0.07690764457228187,,,-9.38478383559117,,,,,,,,,-1.963060640133781,,1.1112068706520786,,,1.4621525384048155,,2.49116404578889,-0.006507263267389322,1.0656531001848863
2020-06-19,-0.4404319673959966,5.808616831825183,,,,,,,-0.11913513865042424,-0.17236625945501105,0.3554537616664873,,,-0.40408782499503615,,,,,,,,,-0.7407388398913362,,5.087096786119154,,,30.686361549596818,,3.6934289455577467,1.2533445225522555,5.296542151728769
2020-06-24,17.526319172514338,5.076300311231643,,,,,,,-5.926998999183662,16.412530297942737,-0.06533404472352917,,,1.4830599073073738,,,,,,,,,-0.041427348854430696,,0.3462694084853425,,,1.7398299149316945,,1.099036385578104,2.1750969865238425,3.5817742754332613
2020-07-03,-0.557933750091671,5.392157546972032,,,,,,,1.612463128352495,-0.4183275165027268,0.12191309999163691,,,-5.6161106998985595,,,,,,,,,-1.4540740448464389,,-0.11222411067540494,,,-0.44057394029413266,,0.28245746970740104,6.031384585387327,0.84583830231357
2020-07-10,-0.05113257110089575,-3.82715286514228,,,,,,,-13.947307752407054,-3.1310275347828487,-0.03008865466140228,,,1.3064230331409628,,,,,,,,,-0.019442220978147483,,-0.011866613550056044,,,-0.21997899877327126,,1.8792590503488853,0.06983700787051142,0.6325414599655441
2020-07-17,-0.09920365972851193,0.7730366841300023,,,,,,,-9.487618821982078,-10.487312182157511,0.006680796249848069,,,-2.076776516821574,,,,,,,,,-0.06888854025382697,,-0.9248577930083244,,,-0.3768618383913739,,-0.016274526737007168,1.9567733900854911,6.551624447897857
2020-07-24,-12.37462641776478,-2.2696955017827043,,,,,,,17.03774404354575,-0.23083290584883986,-0.08239613083379288,,,-0.01411193881526078,,,,,,,,,-2.1697992991880266,,9.073286173984284,,,-1.5111232306565663,,-0.40688546972235656,-0.540527507955013,-35.86148205109507
2020-07-31,0.9017119856949452,2.7581404613119274,,,,,,,-18.049005592426838,-0.0550093077018965,-0.3571579466697093,,,0.7426380031462406,,,,,,,,,0.05624567352375863,,0.045198992177868214,,,-2.050942380785528,,0.034044561216719324,0.08079234982575847,1.0422373017322606
2020-08-07,15.481373098687735,-1.2527914295102958,,,,,,,-13.187966165443452,-1.3079661452457192,-0.11676150767179776,,,0.6956209523575734,,,,,,,,,0.05492728238103306,,-4.77443627352471,,,-9.883493667813884,,3.509338243055304,-0.8850315801546462,0.9504424111652201
2020-08-14,0.6025143466391005,-0.810524099825512,,,,,,,-2.836242524190433,-2.8661473951946412,-0.15402039052090008,,,-3.019835665176045,,,,,,,,,-0.09084076894512844,,0.05002584765928912,,,1.8772423560994875,,-1.061785598225075,0.20170009290307692,0.6151862311298972
2020-08-21,0.17870305789413501,0.44083020177682575,,,,,,,16.19654386708068,-1.2024964183009073,-0.115476280283824,,,-2.6727561196129432,,,,,,,,,-0.389271713824558,,0.8570163416107268,,,2.0680787355815657,,0.24177206084888184,0.1918730581028418,0.058813637105597394
2020-08-28,-11.418463000940504,6.292068065597618,,,,,,,2.19419854671869,-0.13951534373833502,-0.23504988015927286,,,-2.0087030917963884,,,,,,,,,-0.05737996427176584,,0.040425479754557195,,,-0.30191690252822934,,0.17101086420395756,0.198152674456404,0.12176194219220583
2020-09-04,-2.4717656508847203,-3.573608744915401,,,,,,,0.906404096096759,-0.03488643146366932,-1.4954169597475504,,,2.800883936964876,,,,,,,,,3.166929606501915,,0.5302490452453135,,,-0.37505150807030424,,,0.08360687528529566,26.977074006919064
2020-09-11,1.218908370660885,-0.049892856400147595,,,,,,,50.80085827579135,-0.19229356358675254,-0.07497065439297704,,,3.9068512441767496,,,,,,,,,0.01826075145832083,,3.193159723300746,,,-0.7320778349391903,,,-2.2858456403779943,14.38427378410462
2020-09-18,-1.2854750780763966,-1.0304651713680357,,,,,,,-8.216136963936671,-0.19444417770507383,-0.0016132941334519209,,,-3.6570609307566477,,,,,,,,,-0.7619997315282476,,-0.8278899485907893,,,-0.28619471415313735,,,-0.4079766541730147,0.8715206232506203
2020-09-25,-11.036055734336559,2.5695746522875975,,,,,,,-30.276721253812116,-1.2954575624716704,0.018921594509515072,,,0.17178023301063705,,,,,,,,,-0.15702784227391742,,-0.03299996372734577,,,1.057389912954865,,,-1.803387302666776,5.26972621872099
2020-09-30,15.780770656304165,-0.6135152337954433,,,,,,,4.802946989831802,15.339073983493648,-0.27616426982015624,,,-3.8749280109691524,,,,,,,,,-0.6038504092396416,,-1.0092781811990534,,,2.1014041380397086,,,6.415848890131476,4.618062738565669
2020-10-09,1.3054524504686258,0.3796889847461815,,,,,,,-19.435373182372334,-2.75861800268143,-0.0007951322246333374,,,-4.646531408314351,,,,,,,,,-0.9775789129770218,,0.3810685653989756,,,-0.2914661216483275,,,-5.665061969861215,5.802388233980498
2020-10-16,-0.6115551631087632,0.35411408399822863,,,,,,,-8.685662391197337,-2.867517241242421,-0.22333344854154008,,,0.128329921782199,,,,,,,,,-0.23343829411805583,,-2.446240482130238,,,-0.9666891077678483,,,0.8592830664787,0.8783312368541797
2020-10-23,3.614908112908519,-0.2120804644663047,,,,,,,18.13549743146863,-1.829741674300109,-2.1912093323348443,,,-3.1749257991605364,,,,,,,,,-4.371329405011278,,0.5225440267353004,,,0.12801762822749393,,,1.391771552793799,0.13357911499028235
2020-10-30,-0.29592813180364386,6.0131149660842045,,,,,,,-0.8226349511915652,-3.1690410407721545,0.3222795424181334,,,-3.5618220365624285,,,,,,,,,-0.12050904604621807,,-1.8641638115745276,,,-1.0672640058697471,,,0.31596576536934556,-32.478733316015116
2020-11-06,-0.07182646434468254,-0.058610244703739545,,,,,,,23.75036764393557,-0.48819681299532136,0.05491301079568518,,,1.590064890855869,,,,,,,,,-0.532614721515994,,-0.6214277763388212,,,0.2116404625623295,,,-0.26223896298375016,6.336490617429714
2020-11-13,-0.30796355915410634,-0.6778947300880556,,,,,,,1.9061767751768768,-0.2338752856061127,-0.27808248877933106,,,-3.857150160328055,,,,,,,,,4.365997668365453,,-0.7629802183914165,,,-10.66108484519099,,,-0.8950763369882175,13.460503587068798
2020-11-20,-0.08011060147583163,1.716391788101192,,,,,,,0.6037480164733218,-0.08101177571294291,0.018146644019300287,,,-3.3107745253300003,,,,,,,,,-0.6363065748041827,,0.028281324307069686,,,0.03845827151800221,,,1.1391033081519608,5.135257563323877
2020-11-27,0.02458904328240495,1.2434182034635528,,,,,,,-30.545934404538396,-1.8749555846932726,-0.03253548267588217,,,0.015826742410214645,,,,,,,,,1.1595988322941047,,-1.768471555555025,,,29.986460931846043,,,2.9105186882352725,-16.150074911775054
2020-12-04,12.484938597494315,2.5344063423856116,,,,,,,-27.962820475499015,-0.23005195523860844,-0.5557741701425394,,,-1.904346046903892,,,,,,,,,-0.6455804164550412,,-2.8050878545705213,,,-2.909023249449154,,,-0.4524699012250333,0.8989595435175523
2020-12-11,-1.5075380641925755,-0.5776923662694342,,,,,,,1.1056892629021264,-4.645026092214156,0.26905354086395517,,,-0.752551456917925,,,,,,,,,2.595407232841255,,2.446846866259232,,,1.0690702271728239,,,-1.6465942822166866,24.578817069509235
2020-12-18,-5.9090204698550925,-0.5458654579803675,,,,,,,-1.7141047953701372,-0.2569572774313932,-0.107794850605469,,,-7.00303733020857,,,,,,,,,-3.5185278101949637,,-0.6060020479234998,,,0.10871505302489148,,,-0.9028855552903072,-0.41972653317340125
2020-12-25,-1.3583576508157391,-1.5464386577825988,,,,,,,-18.194048108694094,-3.3865695130031166,-0.0034360939907023594,,,-1.6713594986019285,,,,,,,,,-7.185345021761925,,0.3833647285277717,,,-2.052120158194301,,,2.024031456772669,0.6007648313024742
2020-12-31,-6.850853148555871,-5.214526534689336,,,,,,,13.822244437555595,-0.3030461769862407,-1.0458270911462944,,,-2.386609147758758,,,,,,,,,-8.246720268879711,,0.15679171044974471,,,-0.44380461103210145,,,0.0059364304732478276,0.346631676692322
2021-01-08,0.6350532096634852,-0.6250473951900237,,,,,,,-7.892965773233459,-2.44969928909079,0.1793114640928259,,,5.010387977627125,,,,,,,,,-15.709541301087922,,2.135409316474089,,,-2.156444244302185,,,8.70707511380274,-23.723888643086966
2021-01-15,0.307632007782275,0.05652790725585517,,,,,,,-1.1031881795413276,-0.8226996648820386,-0.15970717232970155,,,-8.10255027746403,,,,,,,,,-1.220549804569623,,-0.6848726752894647,,,-3.701965763996591,,,-0.9147044091461995,3.8911051147722144
2021-01-22,-14.577739467417073,5.989636512516416,,,,,,,0.5143513120298137,-0.1889723787379049,-0.3291469710868437,,,13.144665361595921,,,,,,,,,-0.13050771025762758,,-1.57639473774727,,,0.2592383741378962,,,0.06155956488429569,4.22140816626329
2021-01-29,1.0176610710388876,-1.0656167424592449,,,,,,,4.004678152745902,-1.9739534227596838,0.009596029980866732,,,-0.15668533256131478,,,,,,,,,-5.285903650768326,,2.3379539351707055,,,-0.14371582409739178,,,-0.0018051306541989089,-18.052515281226114
2021-02-05,-6.601915209254964,-0.1745056650364467,,,,,,,17.472160357944478,-0.1909779129559496,1.1443549977205658,,,4.317447939302537,,,,,,,,,2.6723177144121255,,0.9277555830109548,,,1.7829498085425668,,,0.18595348595624345,0.624159668172942
2021-02-10,10.23413277823076,-1.0922830620165274,,,,,,,52.11779077239725,-3.570748238738547,-0.007494133381918828,,,8.285631050526051,,,,,,,,,-11.438388821807449,,-0.8903530701581834,,,-0.8504629683348542,,,-1.2383220686077532,16.61430971673057
2021-02-19,8.525056469217073,0.292937936391451,,,,,,,-5.128007530448823,-0.6855399303321531,-0.02900469811165824,,,-7.38839984503757,,,,,,,,,-2.940314986372584,,0.11439990470616812,,,-1.1233007059741136,,,-0.03546831858135459,0.5773795545305708
2021-02-26,0.06549165672638776,-0.24032991064841824,,,,,,,-0.04406517849786166,-0.8715669910003575,0.08322113266090246,,,-1.064265646017105,,,,,,,,,0.6839575892376174,,0.6146489123939057,,,-0.4052190599122042,,,-0.5349890430257236,-1.744301746231157
2021-03-05,-2.8226539038593623,-0.5332965039945832,,,,,,,-21.197130824323132,14.289054053313684,-2.650477106990621,,,-2.7597290048897554,,,,,,,,,4.346760084892647,,0.7467456037767999,,,0.7087662725612656,,,0.08456107199406775,10.47676245599791
2021-03-12,2.876786707873746,-3.204644157821914,,,,,,,-2.9522043162225984,-0.07214597818910032,2.6420211655267725,,,-0.5316961336148833,,,,,,,,,0.49358589195403213,,-0.73264993778437,,,-0.005127084315638991,,,3.0714820478566747,0.06760333465998726
2021-03-19,0.030187961348754178,-1.5138986209620668,,,,,,,-20.123685842872707,-1.5833168244710207,-0.4015158772811883,,,-3.4730751539030953,,,,,,,,,0.38637923365545435,,-0.7835852561011848,,,-2.999673044072918,,,1.1547893045037392,7.915798393324463
2021-03-26,0.30634908054800425,0.34558650002050323,,,,,,,-0.6753654044673024,-2.7951369786456266,0.483497643435286,,,-6.970592490665546,,,,,,,,,0.05208226529789993,,0.12023747213440164,,,0.025356452623293883,,,-2.0524585135550644,0.3432229403140963
2021-04-02,7.245903673639308,3.672239981099233,,,,,,,-7.57645845317467,-0.18295528149134724,-0.15652684566520053,,,-1.1461234343530944,,,,,,,,,4.797211031331438,,-0.005475024933448699,,,-10.995904640571263,,,,0.490821212151319
2021-04-09,0.5994032303968428,-0.7042421376474804,,,,,,,17.24328876012929,-2.8110338341179792,0.01439762617076679,,,0.6674223737027457,,,,,,,,,5.572176866267757,,-1.0729634077218284,,,-0.9248496746139646,,,,3.5382446663749385
2021-04-16,1.9560420254942925,-0.824585899938903,,,,,,,-17.570228764384968,-3.5073546869889247,-0.20117414351193058,,,1.690853434383956,,,,,,,,,-6.246089771334771,,-0.9795673432140979,,,-0.2730623347675411,,,,10.344050941836468
2021-04-23,-0.6796107870242627,-2.6654476265610856,,,,,,,-30.43791585650039,-0.3361504083252602,0.009065669821949243,,,-9.368815573212876,,,,,,,,,8.374914145264688,,0.5931277276757013,,,28.75929953182584,,,,7.603236591871809
2021-04-30,-0.12535675857470696,4.227440182346459,,,,,,,-0.31622879219578515,-2.5364144856343835,-0.5154957040542651,,,-4.367126701739114,,,,,,,,,-7.277931818627656,,-0.012520403388650764,,,26.44501708725081,,,,-16.03901793792508
2021-05-07,-2.0185619495063136,-0.10353886530879694,,,,,,,3.955525840295838,-0.19090289199042187,0.10791950570536794,,,-0.08012940402120712,,,,,,,,,-0.8209100787373933,,-0.10409652389126123,,,-0.2260368100897922,,,,0.05617421226440577
2021-05-14,1.5196059704990168,-5.640598748095544,,,,,,,-7.788532539513715,-4.304507992195227,-0.015425182254846855,,,-0.23936950697545462,,,,,,,,,-5.740864420960319,,-0.03378103885697719,,,0.46634669614770463,,,-2.3359458775664255,-1.0572041743069285
2021-05-21,1.0121022436726028,0.8842804599268105,,,,,,,-13.121412562856246,-0.5965038123644454,0.2005935451655647,,,4.082232409212077,,,,,,,,,9.257829270881707,,1.009844063968985,,,-0.7592248078826368,,,-0.7105678606696897,0.4658102977153805
2021-05-28,0.13609604380272922,2.645297466108021,,,,,,,-3.549624991234304,-1.8284024734027284,-0.17296148450465185,,,-3.959334816911592,,,,,,,,,-3.562714657498282,,0.7134431644430079,,,-1.8436168788239324,,,-0.05509701624656712,16.169835429344378
2021-06-04,3.948930551694971,-0.6255386359780359,,,0.16883905296332957,,,,-5.172973494806831,-0.03465464128111116,0.010307650040520866,,,6.050136819715297,,,,,,,,,2.995036406298892,,-1.052359691427016,,,-2.9758322520393303,,,28.196588875032294,3.4479315393310053
2021-06-11,1.057734704403987,0.5216049246429121,,,-0.31870662908113057,,,,-11.615152707650404,-2.6820370593086533,-0.3430283400757177,,,2.3694791792289123,,,,,,,,,1.7129857585669148,,1.5490625263280537,,,-0.1505823774110735,,,-0.7350043553314547,-23.518901983795793
2021-06-18,0.08059526420201349,-0.12624845618805447,,,3.0322790550813234,,,,-0.11323416998249053,-2.6273870942482667,-0.3209747610011163,,,-7.665474322226611,,,,,,,,,12.065111326328445,,-4.515002533579518,,,-3.011278137263458,,,0.5365743713180096,-15.761212954045597
2021-06-25,-0.07480995288652736,1.9067556027806354,,,0.061170064257167034,,,,0.16943243909383013,-0.47249951179931765,-0.01575674382220612,,,-0.7541012403714537,,,,,,,,,-6.8622552730107875,,-0.012485556582801496,,,-0.1064887890975654,,,-0.2197094417906144,0.3985135198318178
2021-07-02,-0.1073908434605144,4.038865322840626,,,0.05777889125178567,,,,48.01495345605702,-2.4014749340563277,0.03878394915302725,,,-0.02900211071982431,,,,,,0.2517133831768255,,,3.195514172056436,,7.168686881591515,,,-0.7240468954632443,,,-2.1088283781101804,7.922810951332629
2021-07-09,-1.9149835560656534,1.457022944478779,,,0.8850108676740077,,,,1.0172483488750403,-0.17960742986022277,-0.33487034772483415,,,1.1001661922251262,,,,,,-3.8334560037224366,,,-7.179588975960495,,-2.3620960913103497,,,-0.8579863789415797,,,0.8579384011008881,0.2739173305361412
2021-07-16,1.1526159533681721,1.7259471701522175,,,-1.6880462909183735,,,,1.243135385086845,0.05915821130982643,-0.2046043979430689,,,-1.7139913888308973,,,,,,0.04246045635101803,,,2.082103767259544,,-1.4352972396241008,,,1.6975934840139812,,,0.017575423097311353,-21.701582506909347
2021-07-23,0.568526572880399,-6.128846218866606,,,-5.23362517351403,,,,11.88151667995638,-0.5372316262682654,1.0657737153274183,,,-0.6021711281471647,,,,,,-0.7834459458860867,,,-12.527787941135362,,-0.6009414715281254,,,-10.599623192326506,,,-5.231479048544145,15.4309014087578
2021-07-30,0.09818617856001895,-0.658751135497436,,,0.014339231037755383,,,,-23.50685982063077,-2.3386888113230704,2.9775990198616853,,,7.860170334432906,,,,,,-3.7671629461794858,,,-0.10711835316099805,,-0.04353534139543049,,,-0.06457524296335847,,,0.3425971480706818,0.10126365250780711
2021-08-06,-1.7097534790270714,-2.5069219249601913,,,0.10384709358174815,,,,-11.773289654540907,-0.1308485005993989,0.1828964346219949,,,4.2237311918368,,,,,,-1.520049181839097,,,6.464670750931999,,8.95059796363973,,,-1.0265403647345617,,,0.43859385614340196,-1.1211835244195907
2021-08-13,-0.06925522095944542,-3.5491297817859078,,,1.5893799510088438,,,,-23.903434985294112,-2.647845812287353,-0.031937584464235495,,,0.5082739820449521,,,,,,0.11331126515583495,,,-1.1876235826661186,,-0.7458791885010813,,,-0.1348465900836423,,,-0.2195554394192436,7.825173923810499
2021-08-20,-0.4693695375229754,3.0676428117586934,,,-2.4537923009418323,,,,-21.89111077764101,-1.2936402217158787,0.17098163835932795,,,-6.792546914904229,,,,,,0.27206741240625315,,,-0.09037387921037854,,0.025990066718662164,,,-2.208243131807583,,,-1.600542070843292,1.8161184910670496
2021-08-27,3.844939317061865,12.192288169243833,,,,,,,-1.1032277137937752,-0.4257127498308102,0.3181089876965134,,,-5.332205021577136,,,,,,-0.10008368125664993,,,-6.085078678267206,,-0.11506399810691059,,,-0.6049813452089894,,,-0.05468600406578739,3.6786939023916014
2021-09-03,0.35942700254830384,-2.2022336307870383,,,,,,,-4.042586511985576,-3.753708610731912,,,,5.093091371183581,,,,,,2.3777992959433476,,,2.137320737311511,,-2.380919841353003,,,-0.3213640223458656,,,,0.4408661420050433
2021-09-10,0.31976078135858466,2.2987239607750185,,,,,,,-13.77025700612845,-0.06097471256311066,,,,-5.670609031165875,,,,,,0.06116983574220228,,,0.2937397855994677,,-4.434118189863511,,,-0.03692366458511153,,,,0.10267794891752521
2021-09-17,3.1487062809065245,-1.4667332269490028,,,,,,,4.94925893669201,-3.4952148047611162,,,,-1.6066029618070756,,,,,,1.8833259184281272,,,-24.364293116310808,,2.6567231911203697,,,-0.05402899744085903,,,,-1.339562869326274
2021-09-24,0.4942530249160999,-0.7737008237816698,,,,,,,14.602966014294632,-0.7046239679093997,,,,4.06154030629942,,,,,,0.37913769857851454,,,0.29533461666278027,,11.278886061734623,,,-0.04911877746112389,,,,8.113668404925749
2021-09-30,1.5186219764723634,11.182056484426628,,,,,,,-14.897469216718703,-0.24997344740230312,,,,-1.258149296815255,,,,,,0.07331819275543094,,,2.750178434334578,,-1.4296191619872347,,,-0.8764686853172675,,,,-15.657482323852143
2021-10-08,0.23404430116242433,9.24156073987184,,,,,,,14.514668277721174,-0.19346376789488315,,,,-3.668488757092354,,,,,,2.5981854985673425,,,-16.560066097645723,,0.0797937317861977,,,-10.318512647016284,,,,0.23776903145196535
2021-10-15,1.6152876001761904,-2.459440568326958,,,,,,,-9.403592427090329,-1.7489593664316045,,,,-0.5266880014100419,,,,,,1.6782054203650563,,,-0.05165471438088662,,-0.05481989965922405,,,25.378492877112606,,,,0.4314501210371009
2021-10-22,0.209399997842445,-4.960518704814444,,,,,,,-10.604142128522621,-0.6658941851161453,,,,8.002055173920809,,,,,,-0.35722205417129776,,,-0.9030493360942697,,-1.1117310867377639,,,-0.6580316180098571,,,,8.23119254410665
2021-10-29,-0.4656839013086589,0.038562456573554754,,,,,,,2.361585919729282,-2.192001729206451,,,,3.7041369667365354,,,,,-0.45658846809876386,-0.5698575264533914,,,-0.06871164580897293,,-4.147295865717913,,,0.8933570970855036,0.9883774053898652,,,1.4279053687719154
2021-11-05,1.793888534430363,10.607394781916213,,,,,,,-0.14175689892912363,-2.8402523584439603,,,,3.1204164594937964,,,,,0.3826073093298379,-1.9740031183721558,,,6.156105118111865,,-0.48575824186360594,,,-0.6917258663676497,0.5688591182941075,,,-21.380505552266442
2021-11-12,1.223498666631838,0.13463241788503644,,-0.9661020541633449,,,,,9.956892339748464,-2.4573782614816566,,,,-8.67354612293353,,,,,0.7594420152783566,1.6142719630871887,,,5.824831299769373,,-0.0833056945461943,,,1.7549332652195082,0.4134288176442214,,,14.75736671188755
2021-11-19,-1.2563416874299191,-5.724706199631245,,-2.9885612038796134,,,,,3.3706801427992232,12.833029662711432,,,,-7.093987754298948,,,,,0.06817466866743017,3.0948949429700554,,,-11.923363012878756,,-0.8154402840675895,,,-0.30918480506620877,0.07548203236324424,,,3.84878573711718
2021-11-26,1.3337780379975563,-8.255202600615625,,-2.45279250389938,,,,,-1.9464733795373799,-1.4009026850430264,,,,4.100975391847386,,,-0.29804362320123223,,-0.1430112608817269,2.2136916283400763,,,1.915426102410763,,0.7338438083516123,,,-0.13944590976756197,2.05008589456325,,,0.4160183715311746
2021-12-03,-17.41689677361186,-1.7660275536866143,,-0.03028448648292851,,,,,-5.738082505923602,-0.16638293940564639,,,,9.571770409793913,,,0.9579265745136998,,-1.0655354753934425,1.5820780280496707,,,2.3370650872766814,,2.9806525716276804,7.794612897293691,,-0.2598716496267614,8.22910081363874,,,7.910558360645345
2021-12-10,-0.2015635170737168,-6.951636358157683,,-0.2847775387881445,,,,,-23.402309667787016,-3.133611840228639,,,,0.7804407141705354,,,-0.020188782452401716,,2.0099489777050428,-0.07678080711984742,,,0.1311584021858767,,4.465127505347627,0.4217125011794694,,-3.1428171067802673,1.9528263990689534,,,0.6787809480498219
2021-12-17,0.868871392838992,1.732161326370042,,-0.018244125571366968,,,,,-10.281003249898777,-2.4772659549814566,,,,-7.761389308895822,,,-2.7812710852331746,,-0.6097412183073909,-1.4272119684885216,,,-4.844600618635818,,0.8788068306592853,-0.2798513490607202,,-1.73630669851723,0.23773616809361597,,,-22.13960406376256
2021-12-24,-5.529126673464468,-1.8247255202019967,,-0.09145006872480109,,,,,45.51680215013405,-0.2650362582735696,,,,-0.8641307378711602,,,-2.2033654845054755,,-0.02532922394927231,9.225351968584826,,,1.6781278321255673,,2.468751301031353,-0.04207758648611426,,0.8958454583154409,-0.026552387693967103,,,0.10162353118010028
2021-12-31,0.8366382648020834,-1.4346188695380167,,-0.7057415135042068,,,,,-4.333464603914821,12.161532920818368,,,,-6.9782563756191065,,0.15580858930029892,-2.116013093784794,,-4.6866205303513535,0.0039063867898074004,,,-0.24300370098387059,,-2.992625354530811,-5.174814081563729,,-0.1442323889405677,-2.8295961769583156,,,0.17456751125336228
2022-01-07,0.4816219427764812,1.3317615814445656,,-6.008055521319708,,,,,4.2235805113316855,-3.205036841117032,,,,0.7596096850484207,,-0.13882936842996949,0.00796089021176577,,-0.7562725793722707,2.680416468302969,,,-40.9315953144208,,4.3340296167017485,0.38823376406166243,,-0.029411693681740608,-0.14662940389475304,,,-15.732659115251813
2022-01-14,0.0506583434139957,-1.4832196030277363,,-1.339490141178961,,,,,-1.2830657562647212,-0.122523658141245,,,,-1.9218857169544712,,-0.07066219601844081,-6.136743909153982,,0.10700778978596978,2.2678652742905463,,,3.5407461676667698,,1.4481138553174433,-0.3245526666048277,,-1.7295357680475028,-1.0436175772160774,,,0.4159685876702729
2022-01-21,2.3757947082664925,-2.8784337074296276,,-1.6203031659773917,,,,,-8.309910643535309,-0.8108228551115357,,,,12.234001978977423,,-4.98952538285417,-3.020702381318334,,0.17578250297574552,1.123863400673277,,,0.031046094721120875,,5.576540139496482,0.10860771134728872,,-0.11550494098182912,2.688967267228561,,,4.34290220036921
2022-01-28,0.06789841288512281,-0.11201938793957543,,0.6587901271666625,,,,,-12.815926248966147,-2.2388490833927923,,,,3.5325580847510167,,-0.5290557073556614,-0.07795646556224972,,3.1781101892527137,-0.1098940613197553,,,7.146208512994008,,-4.766222973468937,-0.4023859989793531,,-2.8980373020446604,0.8007950569321945,,,0.44664155324767313
2022-02-11,-0.5301391955151016,3.07582685651168,,-0.1761604696486988,-5.527797854100882,,,,14.208194580863015,-0.043004746242628816,,,4.321754625732786,-2.9825480391566486,,0.1315321866547001,-0.22495341820176817,,-1.2534579983740393,-0.31643733318404804,,,-0.17145163574733635,,1.3484376656712094,-0.26756400288943955,,-3.096251817788822,0.5610955328809069,,,14.393130459605628
2022-02-18,8.454393009408678,4.6010800827560825,,-2.2110672924912422,-0.02754575779016731,,,,0.2688793646169268,0.19496122841457034,,,-1.2424603476620568,3.9364379683033923,,-0.36029837140550003,-4.410635159452083,,-0.016771595479280366,2.0383652338406857,,,-3.2903569150145713,,-2.2565530900048474,-0.056109062155557256,,-0.06868378541550235,1.851894665515766,,,-0.6731819023664194
2022-02-25,9.005591137785107,-2.5831811005872884,,2.005844775614917,-3.707979115197183,,,,-5.621479355822819,-0.6151323164012774,,,0.05015564284516684,0.36062769862499544,,0.04466133999627053,0.023735768424702264,,-0.08485297972535182,0.01051799325114916,,,0.19402234632646642,,5.104794737159917,-0.04281348229913792,,-1.9214617359556265,-6.03332425990409,,,9.965067327331628
2022-03-04,0.5424591563659261,3.209897044110298,,-4.403847952086119,-0.14884085713452563,,,,12.283666965229077,0.056593574174707895,,,4.996717942195022,1.9656695503307635,,0.42905762012579163,-0.25884328569958087,,2.340073469476052,-0.027434655511793308,,,3.4129125169544334,,11.49832175762271,-1.007126146558198,,-0.7469696072937605,-4.256156339696062,,,0.11255531931128238
2022-03-11,-0.7902249858059249,-1.2812514888977993,,-0.9203808931336526,-2.662050081776342,,,,-14.615441941691039,2.515990986852464,,,0.45594858295107765,-23.043139621089416,,0.40486786278168485,-0.029227180006128332,,0.9660205554056637,5.283795995152924,,,-44.194725980079795,,3.4349874530910784,-1.8318504073393171,,-0.13683966833188932,2.306889075218519,,,0.3935539323403612
2022-03-18,4.561668259808045,-4.048364304646834,,0.280015574610025,-0.03778815584520667,,,,-1.5891827955913675,-1.3397954400630732,,,-1.4235916350716842,-2.0206025444206532,,-0.22962168114504655,-0.5862841714751879,,-0.03253698501928955,0.017680573644507213,,,8.521299375160055,,-0.9537028108834424,2.93297411326357,,-1.2030282480129029,8.126242963451759,,,4.169040616651122
2022-03-25,0.19741927106691098,-1.0502672104290762,,-0.0031581792960150568,-0.4674839890517102,,,,3.991632519251366,-1.1586998244686022,,,0.6820790563435026,0.26623660826017803,,-0.1972312616341965,-3.0004053732784786,,-2.805415048535303,2.158871892580862,,,-4.986599522477919,,0.019646382527394035,0.5662465851838019,,26.07043086083876,1.45984313564514,,,7.733301328894761
2022-04-01,0.24778656613942496,-3.52253208023309,,,-0.023008969398635545,,,,7.356445649908377,-0.1577592291467364,,,0.10032690807510612,-1.3433217415622225,,-0.04828107383896772,,,0.08094780672888893,0.30977588325490135,,,-1.9357808924651783,,0.11291612020729683,,,0.7834234972721761,-0.11651663112052142,,,-20.90583247130496
2022-04-08,-0.6433191297409259,1.673778596437057,,,-6.087732816289055,,,,2.719921323442692,-0.38203659629015835,,,0.13737821204325268,-12.92593333628966,,0.041070292849772774,,,-10.264147264554268,-0.4461117929217203,,,19.607291851359278,,2.3477574881736727,,,-11.445105510511924,-1.1684706510146736,,,0.2980985292262429
2022-04-15,-0.6195381559191924,0.2042187585663947,,,-2.052593346281264,,,,-8.540982484222278,-3.006511859262367,,,0.72498476878668,5.899628153276001,,-0.03543736515558361,,,1.2918203830154966,0.019421418110561174,,,-44.29737160971987,,3.9474570530324744,,,-0.212147662695368,0.34230240619845487,,,-15.728939665241771
2022-04-22,0.0204121877036663,-0.7207433118951271,,,-2.458505635527794,,,,-4.347002058605949,-1.2126383344336822,,,1.2856418908027587,-20.777599456579285,,0.034422677660525994,,,-0.004519878353071003,-0.5381881424089058,,,6.172232178227836,,12.944179857370905,,,-1.4014124340421354,0.7396821351109606,,,0.10787433283811992
2022-04-29,0.41188533685027184,-0.6759414328226463,,,-7.077125458751214,,,,0.007531425585873025,-0.24611352460135755,,,-2.101528628251458,1.2140997843403432,,0.01627882550647011,,,0.016171778544754722,-2.163382992951795,,,9.497639245158382,,-0.06644715124265466,,,-2.0370786459760257,0.0407459484123246,,,0.11080561685830803
2022-05-06,1.2524800006229264,-4.4482848372551915,,,-0.968467068654778,,,,-4.083025284149469,-1.6490955607440876,,,0.16041028116482575,3.097649583665909,,-0.07723097532673792,,,-0.051986480069078606,-0.019274566619456604,,,1.9729969376152467,,0.9768217939911938,,,-0.10764351454676367,-0.02850720511461462,,,5.251152548770001
2022-05-13,6.344939461909094,-0.7401298061183528,,,-0.5004300399203307,,,,10.470677157203836,2.432681454318983,,,6.770188444286769,1.0035056885601161,,0.014562456502246246,,,1.50201605912704,-0.10762495619325671,,,2.4299567533354196,,-8.392094992990746,,,2.5249237005021428,-0.6133207682797371,,,11.55725686569671
2022-05-20,-2.2235734972755283,-2.153905262450567,,,-0.23662427660137464,,,,42.20643837671877,-3.6874521013770765,,,-3.448513841369355,-7.462786324258779,,-0.03495571033847957,,,-0.37295840254386337,4.722938441267408,,,-5.462115585761464,,-0.18945362102941188,,,-0.08766107875562164,0.22905083581656382,,,9.772367003535605
2022-05-27,-2.7156312173880943,-2.454904193652888,,,-1.0595305888333861,,,,13.999299804766935,-0.10006709231130417,-1.6145550881031832,,1.2695499757112882,4.204855129114513,,-0.02801279308941467,-0.3922534044585614,1.7231000987258573,-0.6797991660137511,1.3164491840081078,,,-0.06418257748948182,,-1.3835395391633467,,,-0.4681160488592301,-0.3639214665496942,,,-0.002804621661258999
2022-06-02,1.6753850185477503,0.15913834559969206,,,0.18701613036733544,,,,-12.493771559681791,11.640019380499758,-0.13509378681067835,,0.20262586823457998,11.300686959150713,,0.04114628637227029,2.3927246686884,1.4158602223098562,-0.18003304925822483,-0.07147107052371243,,,-2.152890655439428,,-0.414105645253541,,,-0.03666755913624039,-0.022474592055744456,,,-0.2541043688025115
2022-06-10,-0.09211556492766013,-1.5192237624449871,,,0.024120165780745773,,,,2.0670699166375104,-0.2311320562817124,0.021830518239306505,,10.11550351166384,4.7390814963362535,,-0.07493435459866991,-0.020451124269590233,1.932526826449144,5.3241096994711254,-1.3860915818714805,,,-58.99102358140033,,-0.004757481819554248,,,-0.3967185652438798,2.4620194661545485,,,3.791289864530585
2022-06-17,0.5918581116963502,-0.44108120111935667,,,0.09541857677929269,,,,-7.126918239874322,2.1650630009496883,-0.10250620793766851,,0.20171299676379637,-3.5221620886351976,,0.021422693654827893,-5.257693584502187,-9.512666917416134,-2.7548165952692356,2.1344691256899657,,,-0.1848053385258484,,-10.073789329269992,,,-1.3436667687417843,0.06904832649872364,,,-2.0397053074366953
2022-06-24,-1.0411707926114349,0.05820894308519761,,,-2.440256236503411,,,,16.428198890316917,3.49918161011878,0.2033952838886743,,1.9553105831100612,-4.427147660600913,,0.008918856564804158,-4.071038560348631,-13.71721385651683,0.0803367986813075,0.2232290613446265,,,6.428034455403021,,-0.945870992992962,,,-0.04472414320441704,0.6295285826336152,,,-0.9046085120219628
2022-07-01,0.17121340741887614,0.22720342526733295,,,-0.015340751724056502,,,,-0.8975348384998985,3.574448799500613,-0.20844627360799037,,-1.2760489845191465,1.6325502478648168,,0.03764743282380858,0.036404549042950665,0.43810774354400805,0.14539026852406334,-1.4119704037360108,,,0.8018756175247931,,-3.415303912434168,,,0.014594779539013288,0.12140365848716715,,,-0.16571557789006525
2022-07-08,-0.00976118785605512,-2.8455262123443275,,,-1.5013533254399263,,,,-12.79040879080156,-0.05956445599833631,-0.3347861013321615,,0.39006193535109557,1.5305758081870977,,0.006453049149917584,-0.2592577763442392,8.712965095441872,2.5084661488110154,-0.0075593710476177245,,,-0.615967692068911,,0.5810919798691823,,,1.9629500393291013,-1.5837034252216762,,,-12.090215432261008
2022-07-15,-1.7866662211986724,-0.04284188737326848,,,-3.1751480168369985,,,,1.1250091030739684,-0.3875619052954415,0.6787816452579196,,0.09895600420535364,-1.7527125715803042,,0.12679477491095192,1.0446166789172633,8.948643054499115,-0.12580593909146648,0.0028531330446080715,,,1.0681515916785946,,-0.7168516624517771,,,3.266918646148916,0.00520831382856813,,,2.4243987734228467
2022-07-22,2.433262708463129,0.9854988381184813,,,-5.980207586337723,,,,-15.803676415761307,-2.7170790925566006,-0.7603071334041354,,0.3027753138584366,-22.844267565775294,,-0.04673291776250722,2.717860476358883,0.720923533677152,0.7201084898292403,0.017774596194355882,,,-10.052404205602377,,-1.7134661064605123,,,0.09881783361693386,0.006260790956854945,,,0.07691644111670086
2022-07-29,28.39307731730068,3.470216880401834,,,-0.12292980528119882,,-3.926423317366595,,-10.226862420215715,-0.5793056141965751,0.033307081972783786,,4.446701225509818,-3.767477920610186,,-0.0851580382133882,0.01891007768334482,-3.476368252888396,0.03122574408694037,-0.22901559904614688,,,0.21178558519093582,,-2.0892892035247934,,,0.25149056717533463,1.1303864280455063,,,-2.412528884650226
2022-08-05,1.253700273652824,1.64143446027786,,,-3.8469525589503757,,-0.4153694696310402,,-1.4603640894236636,1.6993765150527858,0.007868377929295088,,0.0717085686922141,1.9382148361554894,,-0.011087605937234492,-0.44778198047798384,0.28375625968026646,0.20650352121386112,7.173715294337467,,,-0.639519926283972,,8.08841472759137,,,0.03483158515456199,0.14784117651259204,,,2.4220269011621247
2022-08-12,1.5444486983215433,-0.29832808871688143,,,-0.1894910344144266,,-0.006725009834390061,,-0.5078188485828732,-1.2538963803484076,-8.027497437620248,,0.2239321171243249,-1.7013467712047523,,-0.035546269314602946,-0.006966528280905326,-0.7458690267317236,-0.528471095131253,0.1571914914225528,,,-0.26518290598650773,,1.605782195176289,,,1.922805484764563,0.6150197750846794,,,0.7354115863026291
2022-08-19,-4.5839789318707105,-0.30412916222331954,,,-3.635319294259411,,-2.9333253055061412,,-8.056654859300643,-3.8201020295987074,-0.7908204970215272,,0.04232493992431319,-4.130541651087831,,-0.013152222213328015,0.04116524956420378,5.443104204080396,-1.0674863826556402,-2.3223998991713737,,,-4.162533444045818,,1.7604764069445746,,,0.12476782368523275,-0.34275275989507403,,,-2.314769844815586
2022-08-26,-4.52180450455843,-0.49256155492556886,,,-0.11277754032679714,,-5.09647636728025,,1.8239271119271208,-2.5544785378940738,-0.10403261572674806,,3.293237258912895,0.8183671190323107,,0.05806088415312132,-0.009654593151526723,-0.7994458907450641,-0.15930015588221297,8.243236081693636,,,7.788320978871275,,3.9293222456336796,,,-2.1988548826813217,0.9785784266831097,,,0.10933340636640171
2022-09-02,0.601508499802828,-5.927526188634157,,,-0.14654703088272247,,-4.244050265953723,,-0.18347287278937524,-4.150904894534385,,,,5.298327233677449,,,,-1.690806915370143,0.8847107720569226,-0.8479440708074668,,,1.9073698040863851,,12.667992160679736,,,-0.005413096136083095,-0.009868070782902666,,,0.3648307166610589
2022-09-09,-0.278572210686042,-0.08724712546843744,,,-0.029135909450528092,,0.27485094772901486,,-5.2947223604808435,-2.204827508815518,,,,6.757095002124615,,,,-2.998307029252768,-0.3299635467999408,-0.12192686080061482,,,-2.661149650319935,,-2.1940671104049945,,,0.5652845748255662,0.13290728136545438,,,-5.932590052055614
2022-09-16,2.285952157633564,6.132447047634363,,,-0.04639178618306423,,-1.745033526678023,,-5.0619703382013235,-1.6914796000494978,,,,-1.79939964511046,,,,0.012977829949862407,0.2648084620645844,-0.08429111416274232,,,-3.343692112043772,,3.4913124974204717,,,0.04523243894054496,-7.9096211275786725,,,2.9073649436661024
2022-09-23,12.75363335577357,-0.6672340433494068,,,0.3162327370188248,,-0.08657357699643181,,-1.755520134025422,-0.8011367001738172,,,,-3.962350433397855,,,,15.550730755850173,-0.17946246809249713,-0.4820517089990518,,,-2.282601578021541,,-1.9843999633723595,,,-8.882396771999138,-2.9468871441706463,,,-1.4156698658101194
2022-09-30,1.0035848589722423,0.635550213165462,,,-1.6299634431785242,,1.2560547643260487,,0.0023315279429973468,-2.6589028844739966,,,,12.230025417957812,,,,0.9835892237698985,-0.23400813195271014,1.5488312492425451,,,-0.16926942299105027,,-0.17573729034141566,,,1.4089803499520297,0.8291744673905663,,,2.853881566867608
2022-10-14,-5.031329519459809,3.3046188569674237,,,-0.560288018531088,,-0.28514568111580213,,11.244007683842842,0.6517640670009164,,,,-0.41103234210714157,,,,5.08428619854349,0.7439727032538254,2.981102682105263,,,-58.84903562057272,,0.17632372772527133,,,0.5359417517349891,0.37269098502757836,,,0.37487833296639295
2022-10-21,3.3333182008209796,0.9896666635415572,,,-0.044692047213423826,,-0.014191965474174017,,0.5986350980962858,-0.1327027760892407,,,,10.631075749056091,,,,-2.0255128236946787,-0.9443908926231864,2.0725424527632237,,,-6.390826746529104,,0.15113170178241275,,,0.5734207457156857,2.4212854017108825,,,2.0984132692727817
2022-10-28,-1.6231084136860532,0.3932299705366699,,,-0.1686051323856476,,-9.29465096930014,,6.623264408861774,-0.03322208360183704,,,,-9.14733876225834,,,,0.5030260435790888,-0.06978865755847888,-3.137050550154655,,,0.48556308151541044,,0.6155201123877203,,,3.9744651254324026,1.5231788876383932,,,-0.3026822113001899
2022-11-04,-1.6516241345407865,-0.8378530059608278,,1.5277159785379026,-1.6343804193027307,0.5036096093587575,-0.07415661643807829,,45.496706897580836,-1.2623162002523607,,,,6.761437271424064,14.45610487310309,1.4375114560944235,,1.8211427805627083,0.11392850937908044,0.3297549780828604,,,4.565874417598469,,0.6236110987761712,,,-1.1854468346511877,0.49547479344417994,-0.1310340708071097,-0.19310516276518885,1.9361259621091729
2022-11-11,-1.877497223504804,0.20594535597814007,,2.3851212253873144,-0.5260676309239115,0.0722060535977078,-0.24650107171711,,2.16136487649781,0.42667146079376667,,,,2.2968645367971208,3.9725993939142175,0.012883774242238992,,4.0691150677387755,2.166397332611526,2.001206221331176,,,-42.09085191566372,,-0.2813355020758717,,,0.014433913311772087,-0.9558882688744522,-0.03876414220178068,1.8267120413062652,-0.0004523610105890766
2022-11-18,0.44381595125783224,6.774426006735789,,0.07347163135868728,-0.6367739375658883,0.29223818926896883,-0.18394829304502314,,-14.023343032948375,-3.6606989544901944,,,,1.461992850964652,0.07000478504649155,-0.3340845689207539,,-9.246213558867561,-0.5091617430525068,1.4411145886035608,,,1.9750175634010207,,-1.129616148411708,,,0.05214478375378585,0.7505419044523464,14.59875020640506,-2.2500433582879986,2.0661321598637943
2022-11-25,-0.9554577528253715,2.0762198182905536,,-1.3991339967517111,-4.2229032698158235,-1.351399316010255,0.813753480824017,,-3.2883077360203625,-0.528651196009389,,,,-18.498768151580386,-11.734966456959427,-0.014284399291937672,,2.3508976271803506,0.1031445284858317,0.0326205905440852,,,-0.095003350064894,,-1.635594963730186,,,-0.472483186530128,-0.10133412734690023,-1.1353786043010072,0.04154746530914457,-1.5871590151201822
2022-12-02,0.25916100200114434,1.226464872498568,,0.022779703854484905,0.08365491376917444,4.296993815883848,-10.368633301751458,,-6.43109701709848,0.4415112308799525,,,,2.868456197793502,0.2350863479340236,-0.06809087429355312,,0.1768409481335486,-0.32629122440146163,0.1923048404665234,,,-10.136671595469123,,-0.8084299623588105,,,-0.2678814982615722,-8.500658649007214,-0.021879715496007836,0.4357123162479509,0.5294873830931899
2022-12-09,-1.921265249013139,-12.346490486702216,,3.1568440501053736,-0.2581149005940868,0.05541483867012968,-3.465979715994666,,-0.21543301239790003,-1.373275470746117,,,,-7.643645127292968,10.08085320493455,1.707472151482567,,4.357987014764069,0.10302861337718705,0.1422259271892578,,,-0.5251003741988016,,-0.006301378660971052,,,-1.0472485058241832,0.07958772132571074,0.19115663990469092,-3.553423865111844,-0.26339794188903776
2022-12-16,-0.5947233782911945,0.7312561951767698,,-5.950618747079126,0.05810783481522087,0.17557941739906102,-0.3749402637043462,,42.860236151325864,1.4736768467653942,,,,0.8410448224686345,14.17381791393301,-0.8934291253165407,,-0.7263337640012693,-0.11441924162394662,-0.04147790218002337,,,5.370079150002947,,0.40968512760518755,,,0.08922330626540206,1.0857995832012628,0.17718505653707994,-8.279284334470725,0.009584800043649318
2022-12-23,-5.5747789847734595,-0.36897093800219727,,0.5622465305067594,-0.005017420768710593,3.8429707330002043,-0.0703404436349131,,3.8439619721959724,-3.6878051795423596,,,,4.174258161275547,0.21360863116773254,0.024254684055359514,,-3.1901509578473926,0.3159321783797637,2.238761107074653,,,0.08555866789241606,,-0.09658311186219698,,,-0.0054798883061865,-0.7010632767849664,0.10107242025794282,0.4944791775139469,0.48678173590807194
2022-12-31,-14.305817811529298,-0.035356803892911653,,0.0611452998302529,-6.052362336304533,0.4908032275901568,0.037468173001891064,,6.81837472377166,-0.14970695739089457,,,,9.541699862044513,-7.843037158316779,-0.060546179232705846,,-0.7830508793137413,-0.1597724901206724,-1.5416461472845977,,,-5.582792472338658,,-2.253800792769912,,,1.5528173566873127,0.46371150605562983,0.03801339400407591,-0.0055569854806052366,0.4130783236037885
2023-01-06,0.8535099393448431,1.7189076116636262,,-10.995373882367772,-0.3506647092528824,0.32946260839849184,-0.4456911642784234,,-4.773326341329201,-2.722487091100829,,,,2.578873446569086,-23.68138304054523,1.9337080797829005,,4.520457536737989,0.006114468060672729,-0.07445438719795039,,,-2.562719603250241,,1.9490206232434861,,,-0.5017658893588451,-0.8808495084903757,-0.5416793165008288,-0.6312398302736081,-6.660763307980231
2023-01-13,1.6580420708176065,-2.1364901604101036,,2.630708626120929,-0.06946906396615103,-1.2074461150955251,-1.542813929341055,,3.880383399790829,-3.4767110857556083,,,,8.240465527263044,2.566554668725654,-0.1103995689739756,,-2.710833358943189,0.027446685978420735,0.02964155896270715,,,9.027108749824254,,0.2759825325177696,,,0.6067354913837293,0.07402879364599221,2.293356067765806,0.011575602971215161,1.6085369765842796
2023-01-20,-4.139890841037479,-0.3619043505168777,,0.09352532040657446,-0.3319975362593089,0.3386254870180991,-2.901479624177622,,-5.207368334249588,-0.8865433790186343,,,,6.6253909651332,-8.517003879649572,-0.4086004162723871,,0.08145467734267979,0.24993997245958516,-0.3856786307601374,,,7.185735047733172,,0.4293060902141138,,,0.1828849733761047,0.09131243140235812,0.01524447370195978,-0.028261601502698745,3.5448109138065713
2023-02-03,3.0214780071676968,-1.162645807804963,,-0.01129060097899915,-4.498011038530942,0.052767650038566614,-0.07096228778812409,,-7.613310789587806,-1.302173470870793,,,,-0.6282050202881597,-4.425117027442729,-0.5157855163685587,,-0.4996069995884734,-0.30034606353076515,2.928501445882517,,,-6.73559420985193,,-0.41083253717163976,,,-0.037350474914528184,-7.546416642978527,0.05051965143824229,-0.10254866297842866,2.3472728995953362
2023-02-10,4.478846133175132,-0.1043716848931848,,0.6954887859081726,-0.0512210142271229,0.028096519251939053,-0.16084799793947213,,2.936810541142343,-1.0351083976801665,,,,-1.2877340984032208,0.9587899377607784,-0.17795573975665224,,-0.6483137754841024,2.063491989127816,0.012543653779649038,,,-3.419963154307635,,-2.1485716155914476,,,-0.19240061264002098,-0.36465861805448235,0.15577738230078314,-0.041070854944969454,0.034193473185067116
2023-02-17,2.103052520848555,0.11831548325052246,,-5.100345533133115,-4.999498653395537,0.1874156154565063,-1.7484401307405602,,-10.767377227883404,-8.766150599807595,,,,-0.49736231452357815,0.38540657032753045,0.018089087694757457,,1.1312990247991488,0.1600669178176537,0.1832805056955728,,,5.9354257720755195,,1.0747435619479233,,,-1.5860461962480807,-0.05286666462691036,0.0632206286698357,-0.03950471388885345,-0.19991911163515283
2023-02-24,2.574412321750617,-3.2055884824348952,,-0.5534219969784331,1.9231511164716055,3.902886565525403,-0.09787658345342498,,0.8654760253472988,-0.7685926178196437,,,,3.109107891327526,3.733752419881976,-0.7431412582633012,,-0.18245498523012682,-1.3731766310987914,2.596223396702206,,,-0.7197056031946004,,-4.166554066410864,,,0.44909316152948753,-1.1230530675793056,-1.661662228355045,0.1227616349347021,2.659354517319228
2023-03-03,-1.6555829503346249,0.22796003170506252,,-0.026720908309684488,-2.0270772341176144,0.1468486341472232,-0.02799947609807594,,-12.449424056632694,-0.0002589050439795737,,,,-5.435470847314011,11.014746932882046,1.018820435749732,,-1.881349599702844,0.019372634995427684,-2.156552278965802,,,-2.7659620805091785,,10.14782959219275,,,-1.7083542137114252,-2.7702208600797795,0.10476073570157238,6.963357356324339,0.009327960774292213
2023-03-10,1.340193271958274,0.03519992487722909,,-0.5153952357136893,-6.796876198358961,0.021088229444373018,-1.0400372531221231,,-4.193124850829784,8.475502173162319,,,,1.575178890233158,8.213114949114413,-0.22778661978341408,,-0.005643508163730243,-2.095307283773442,0.060322366147230876,,,-7.692538826692999,,0.412909721023408,,,1.648032210078454,-4.414632432830308,-0.30931197140515443,0.02607654206738204,-1.2955049164167107
2023-03-17,-5.044294221790576,-1.6042585568871732,,0.18507826173946745,-2.8916245959878806,0.19470650314463767,-6.259810156058766,,7.277564459193714,-1.0774994367290596,,,,-21.59821272160392,2.5538015865959927,-0.07223737491703945,,15.242487780828345,0.4951222046575227,1.0737311776478151,,,0.16560117208223885,,-0.11354862066500993,,,-0.06892150575921474,-0.49904214743428965,0.0006910112081454066,0.17028382563027744,-7.12957588579544
2023-03-24,0.7520180702635082,6.994686661631265,,-1.056069008903961,3.358601797007294,0.3170918408353749,-0.14184354444106803,,-7.755560375276821,-1.989692453836344,,,,3.2690797336151967,0.7722750922723136,-0.18387847379293065,,-2.542672199404734,0.16086565397487834,2.3072952406599767,,,14.240860139079954,,-0.4857596825305247,,,0.004164387583143251,-4.602606136992876,0.2346817875251703,-0.8369822767449153,0.7392219060312704
2023-03-31,-0.09218380951497729,-0.07839471991649835,,,-0.3972562840869083,,0.16790629401576593,,2.800338926808569,-0.12127129080604276,,,,-5.764392704643989,,0.017238533418411098,,0.6130058813446218,3.400292951347392,-0.13257952517700547,,,2.060409886750108,,-0.18883121176042517,,,-0.01582044408095145,0.17641148503609544,,,4.302436229433795
2023-04-07,1.8296633769881323,-0.08652719677944501,,,-0.07390983266045664,,-0.09834470580423586,,-3.8607686712923583,-0.5277383979902596,,,,6.173920284789463,,-0.605394335077458,,-0.7779363877438445,-0.4835462954598881,0.05209743723801832,,,-10.268428983943707,,3.349093690149781,,,0.23915440869990204,-7.96930933811356,,,0.12782990870457256
2023-04-14,1.6181851220605603,-0.331851678409423,,,-8.06663040148794,,-0.07289606501629467,,1.6281002359082681,0.34037898436021774,,,,-0.4707399612255549,,-0.17963796583806657,,4.109916055203617,-0.5934606796111708,-10.288637068173639,,,0.08485300444810649,,5.9481348034617225,,,1.1399955066988692,-1.5256400178485552,,,1.1966793482091036
2023-04-21,11.854325475706798,3.2374700145611115,,,-1.8950775618781897,,-0.04238094967447828,,-1.4549822353177024,-0.7820115990988005,,,,-26.049327720205522,,0.9765408342573244,,-3.725706566081373,0.9889477363590903,0.05588929841259227,,,0.46440301400967393,,4.141840863922562,,,0.04274231312227998,-5.197626345938473,,,4.308995964017369
2023-04-28,2.4737743325180834,-1.1546265048705577,,,-0.03760803808356237,,-10.523383717952907,,-2.0336138407071505,-1.825383480229246,,,,-0.296458637073146,,-0.05614142010448895,,0.21461640713667512,0.05922510100972819,-2.480047979573765,,,-59.05409842747343,,3.8456068225797093,,,0.14794408305849288,-1.9920686547361484,,,-1.2907050497628871
2023-05-05,17.604731991816827,0.04109346332970926,,,-4.624908553283974,,-0.2706959644670858,,-0.05006168643464409,-0.21255701080105593,,,,4.164495678026495,,-0.38571281309653127,,2.8416639009910347,-8.110438277443935,0.17808828200879676,,,-4.426450440173011,,-1.5790125548922673,,,0.425309646358263,1.3593164207497466,,,0.671518673757103
2023-05-12,-0.5964976405146496,1.043501787809619,,,-0.0818131709223094,,-1.7381152074478021,,6.283213639554846,-0.37774851055471576,,,,8.66027112426135,,-0.04023064712458002,,-0.44926552429544336,-1.1730479282779955,1.7766664479932832,,,-41.939489651546886,,0.08527567853702978,,,0.03264506416257597,9.501565858611407,,,-5.845412838469954
2023-05-19,-0.34351901706379173,-0.8406619083131265,,,16.030218663827625,,-0.20673715189356134,,2.856118588812842,-2.3273439700166754,,,,4.4906538190557175,,-0.5839217329183497,,-0.5728553009419799,0.9028103863558606,0.0584741638189901,,,9.177592257471542,,5.812034884185711,,,-0.0002444863602823165,-2.378995507245618,,,1.3873327195924992
2023-05-26,1.044514872524287,-2.1000891266372084,-0.04960673059540327,-1.2403024814259251,-1.971937260459932,,-0.12555470439462185,,0.2733302005842495,-2.678412443697531,,,-0.9139146286385416,0.2708215217414936,,2.061889216505563,,-3.2191952612099706,-0.13203633055065478,0.028888208890469835,,,-2.250145924606149,,-2.536074342993132,-1.2127797159118803,,-0.5602940736208042,-0.8777952079739065,,-0.02655712461113012,-0.03940285957379676
2023-06-02,-20.381676657332903,0.5096177124824365,-0.12596144340763765,1.0498996621005101,-0.8418412864872584,,-0.035137764274728665,,-3.2798394878678656,-0.42441710132780264,,,1.2075579689787284,16.716956019501602,,1.504238778296821,,-2.814782827492227,-0.2927576665356547,0.6232715170868275,,,-0.4631547936415963,,-4.73651176357059,0.3317385948694652,,-0.1397987809967971,0.3639172772148276,,-1.255335300372729,5.367797353030779
2023-06-09,7.217504523859699,-2.0516302190401237,0.6593522131224324,-0.00881767055531979,0.283293529197145,,-0.30815017918130083,,-2.0401190062996704,-0.7324653710069843,,,0.14510621751991706,-1.992426528112004,,-0.5718634947754512,,-3.813786611466277,-0.4691170286206809,-0.4815676740915856,,,7.996819090157272,,6.679816017941997,0.027513073752432338,,0.021731144560717657,2.1612656645690644,,0.02064809307511147,2.124498554313935
2023-06-16,9.905928464716702,0.5717986723038879,0.6263031136230808,-0.006388132059897203,-6.411668133841846,,0.730358318390205,,-1.2165816823901001,2.381580600536136,,,-1.2188266216033965,0.8578071674741933,,0.9565707619638618,,4.847841770495996,-0.23631468881101103,-0.08945999521897768,,,-0.3247958782089113,,-3.376311850512148,0.03222839047036903,,-0.6925840388585386,0.416285383586034,,0.12462237311774271,-9.505574516368291
2023-06-21,-5.852252361243416,0.7650423403825162,-3.955420614949175,-1.5368925144209495,0.057028833108197646,,-2.719719198507879,,43.39988751070313,-0.6057714540737741,,,0.033993840879479154,1.7525663344159015,,-2.5358637974716856,,1.4071985140277627,-1.3621243421127107,3.6953517164514555,,,7.928630310764827,,-0.8080524101239837,3.3628924228717247,,1.272247971678687,2.9402245057354532,,-0.8969146288619094,-3.131865307791384
2023-06-30,-5.076048471380416,-1.9387766656364929,-0.3797080800647978,-2.295525855027398,-4.445006701896169,,-0.18223634866142843,,-1.7677255501196902,1.6513667638258882,,,5.242819476758837,15.109238465447648,,0.10984864628693586,,3.454035852227996,1.364523970725167,-0.6042793819299086,,,-0.026455272701248343,,1.2990250380633097,0.32946630141845706,,0.08358377757118421,0.2504928387052365,,-0.4242157470884418,-1.45653471262137
2023-07-07,0.7490866240880553,-0.3414544422562138,0.11692043982088052,-0.05833528144235674,-0.363781055299795,,-0.28482586969037577,,5.595034258378051,4.292688929619221,,,2.08270966607471,9.594872428081027,,-0.6432325526987649,,1.1462418784344606,0.41497092491580656,0.24338918118131986,,,1.7220989742891777,,11.407466340257011,-1.0838569086323755,,0.1873864211752585,6.910669987198022,,-0.06476869751379108,4.692327195706524
2023-07-14,6.464215005980919,-1.1309056094543837,-0.19041811231450056,-1.841134270603455,-0.03213683588447974,,-0.43631125513990476,,-13.855862166779817,-2.251933451570098,,,-0.9106960156126055,-1.2320018393005738,,5.528532656290699,,0.9202655599489535,-0.1338943189525712,-1.2455878359316779,,,-0.9969506795409288,,0.3764486073890987,0.015886363165319883,,-0.06430872159655932,0.2972588792127734,,-1.0198744259910133,0.3524452368803396
2023-07-21,4.323581445172104,1.727089587654544,-0.03619997192472221,-2.2607764693583454,-1.6065026834610552,,1.4278365860580564,,0.9565786244004817,-0.9914298905760508,,,-0.23689052234972346,-6.721950691540941,,-1.1465034451160754,,4.7878363620776705,0.10572918646111587,7.023492186019489,,,7.937249800998239,,-1.4830655727482307,0.36722220507362713,,-0.034442892544833174,1.390227930605662,,-0.13839704108998133,0.24235185362750064
2023-07-28,0.22578671440676024,0.3255520816224857,-0.04152152493386589,-0.03311496578868189,-1.787137723195758,,-0.10512239451132906,,-1.1994865246877493,-1.8754763498350415,,,-0.18117472636379892,-5.422673045516817,,0.7463150783680446,,-0.5970024950721018,-3.033613165621927,0.9976768019630715,,,-4.135998845012965,,-1.0861102037028976,0.11456620148079703,,-0.3458752074928044,-1.8691401625407387,,-0.6367489580938361,1.3320157427221535
2023-08-04,26.144708580428524,-2.289964808447219,0.10045451354757187,-2.291673620018472,0.0018975373978320498,,0.018407587228537428,,-6.125256544744442,-2.566775665621025,,,-1.1330669149495574,-0.20714051780618703,,-1.010228083440707,,2.3410215967625256,0.14538698611965484,-13.954867877083817,,,-0.01144593149899142,,5.693179132103226,0.13345063003775873,,-2.638311218834258,0.3577134073763916,,0.32952661196136096,-0.4825570078773851
2023-08-11,1.9543247779293051,-0.10937246077726896,0.23603951495743003,-0.476490912954015,-2.8550184138714667,,-0.05527986315807738,,-7.883632712280466,-1.1881814233901575,,,1.29442521615875,-18.079640255461076,,-0.02176417889940961,,-0.4798942031677089,-1.2854758442425287,-1.1912716838931503,,,3.683889481684131,,3.371769598212466,0.011474334027283227,,1.3199441986909264,-0.6732594014233192,,-0.004491807115742038,4.910091056408442
2023-08-18,-0.48449034445442374,0.3190032823402584,-1.1655033961541064,-0.10850796012794264,0.0006951233468551268,,-0.5299253852576349,,-1.8383477539688873,-0.01039699575195828,,,-0.47440313385256094,3.75470180958584,,2.3556944084230667,,5.566751688539768,-0.3301970288224172,0.003487674064956588,,,1.7144002076346674,,11.391079366321701,0.2096601391452491,,0.5973126608006181,-1.294797211088293,,-1.6419158085254622,0.12396625149713977
2023-08-25,6.342266127250805,-3.8149560652057546,2.7940162243151345,2.0681269532099718,-0.06774881006912566,,0.24196122542979992,,-4.6785384936516135,0.7121507850793439,,,-2.592260464899916,-10.330196219335459,,-0.5150612632679942,,12.352285137354972,-0.6695827486716384,-0.09819005986257645,,,-10.561822481786413,,0.1956307103478755,0.10849710120705768,,0.35138693136896376,0.08357699139653678,,-1.1283274998600992,4.16393038346062
2023-09-01,-5.345500553790846,-4.594597318726248,,-0.06994047252384578,,,0.9161083520808775,,3.384218885224607,-0.782269516266764,,,-0.13985535058095375,0.6938408117482533,,-0.010238459001887135,,-1.5294598013190817,,-1.8421276693088224,,,1.2209072397048573,,-5.328859809840183,0.012268982524854158,,-0.44116770612454115,0.033065097876122176,,,-0.04032575538423944
2023-09-08,-14.336509325856705,-0.49209057620852326,,-2.640184027599757,,,-0.3870599190291386,,3.381546595436296,2.1794774959192873,,,-5.081889355725117,-1.1539235213203998,,1.6186358240622403,,-0.9210296909869495,,-0.06115218637821216,,,-58.878567732800285,,-3.618003405824143,0.1592956397161448,,-0.07742210825372058,0.21450507914472666,,,0.5039703567629359
2023-09-15,11.187719987985945,1.1974685521147397,,-1.0110797260341313,,,-4.42186919225047,,7.658938739115431,-0.07163743251506877,,,-0.011301842234883563,-0.29942152866290794,,-0.06703833249694502,,0.17083659120809747,,-0.0011703400208240731,,,-1.7942145267010408,,0.49061349467499515,2.9107078960900754,,2.6736375276095554,0.5034699975799585,,,-5.306987077775392
2023-09-22,0.7142863299019767,-4.311995346647203,,-0.6155492044017971,,,-10.540056801937807,,0.4774552144634629,0.9863255435329242,,,-1.0394565557787867,0.0924568266550303,,0.033855907913886,,2.3917739488694227,,7.918324693266005,,,9.762318480707382,,0.9779162741794567,0.4332405530865845,,-1.1345009732631268,0.6652304011351188,,,-3.8913651987077404
2023-09-30,2.7439000917630385,-0.06444336337179637,,27.68440132607928,,,-0.7217590641038855,,2.0010059725173472,-0.9732367261280659,,,-0.14114561546252724,1.3135508735057684,,0.06246985133114004,,-0.19607254516767839,,-1.3727070573881879,,,-5.218949110057165,,-5.032759681105856,-0.9380600133005448,,0.3630871391688767,0.3336059632823346,,,-1.866845086701451
2023-10-13,3.917425803461074,-0.007994223546870292,,-0.05316488900631359,,,-0.0832093548061382,,2.8834068195628455,-3.1784745179580236,,,-2.4143346942007904,1.0227314404818095,,-0.018923996953975813,,-2.8430137112680094,,-0.012988686331615852,,0.12313255264845742,-1.1275040245552863,,2.643597868296461,-0.4620839214271193,,-0.010350085722569458,-2.0890983095171913,,,1.3585828581261965
2023-10-20,0.4063181864500077,0.17219237400566906,,-0.05922309233892696,,,0.11696541412959502,,-1.2106071009067731,-0.5863688740699797,,,1.327224263793621,0.15091731467398192,,0.01866805518676616,,-1.7282627678388671,,0.17896254094756703,,-5.842323702323357,8.674138416030825,,-0.31208970084172116,1.5419807082508628,,0.10751450289174616,0.9970226950352996,,,2.8544840056687777
2023-10-27,15.19437683459793,8.07350011306156,,0.2928694859806811,,,23.296386644326912,,4.721929289351453,-0.7271835503715933,,,-0.14501786366481642,-0.4778646381777346,,-0.4141780068663454,,1.000460784241202,,0.3001189788823626,,-3.098326613506835,-7.873997464762503,,-0.4786312997078084,0.139208362828405,,-0.31453562349298786,-0.029174557083026853,,,1.0034172365575593
2023-11-03,7.806028550093213,5.217666225084807,,0.33568333907691994,,,0.7342041056367479,,-1.7702859002741513,-1.1361238740649622,,0.008666477113772747,-0.9919232213792266,-1.4610088583033898,0.19027320213967316,0.00812267124908514,0.03884553755163078,-5.611604323990038,-1.0294211993493583,2.1995413515935662,,-1.3908635004306626,0.6177110901684221,,-1.8286118907648108,-0.013340235708504206,,-0.659433139624091,2.696676342664102,,,-2.5810143232981253
2023-11-10,11.19341774187057,2.986428774535558,,0.02338598675368403,,,-3.4163122137703184,,-0.2956600947122084,-4.1892804654239795,,-0.02834879473210697,-2.3050725622280925,3.6473407871753807,1.3667634606493921,-0.27990185967971737,-1.7044620776763082,0.14291140112674625,-0.05014360526965095,0.0776448503682251,,-3.904357077342391,2.884827295267567,,1.461925118735089,-1.6005490284359363,,-0.0018551899287769062,3.391811080329634,,,7.539833142798754
2023-11-17,-3.2398246967958095,-3.2001583433122875,,0.5897403121059388,,,-2.7716925630089104,,0.5425863911218676,-0.7595078166101287,,0.15043166941738761,-0.05715228712899895,0.8669909562997675,-12.897816100512483,0.09767756350542006,18.76037622807253,-0.8475041861501311,0.030626000739715005,-0.12727216730208762,,-1.2848420777366991,-41.833679648689085,,-3.4008066251780495,2.602098765624917,,0.3807858214909483,1.611812539359857,,,1.711777175472753
2023-11-24,6.771070155003472,4.154495818945093,,-0.19931329140305343,,,-2.235204847566659,,-0.05274882063707165,-0.18077661377813253,,-0.08924301287768155,1.5136002578462566,4.58097380216423,-0.06109079992508923,0.026648660104869687,-0.9163315495643504,-3.195180873818276,0.032882308081201905,2.644213059439036,,-5.537141684591378,0.8308487885589826,,-4.749916210649671,-0.8799910625201823,,-0.3425402667883781,-4.9759131334871505,,,-0.3098726454531866
2023-12-01,-16.88339899103871,-0.519356236058156,,-0.11134401875738992,,-1.6087995832067983,-0.43573179745394774,,-11.907591908041638,-6.255646378477079,,-0.5960060413725287,-5.877705194339588,5.805381909374131,4.976511827181668,1.137154023258295,-0.07649700945777743,-1.2749095702611555,1.706881799265543,0.011601898440537165,,-5.243230249815324,-2.3090699641729096,,-1.6217308032333766,-3.550877238975756,,0.34976880945873556,-1.117443442244586,,,1.2280690366105123
2023-12-08,10.563421755718144,-2.0076181888033635,,0.01979374393933722,,-0.1789583309794484,-6.274587655272774,,2.620922999220923,0.28258752046083824,,-0.18416757543616913,-1.1302314761173395,0.6526458955390321,-22.38207965788572,0.04077527165778812,-1.7618047532290226,-0.897518297038586,-0.03104923527015553,2.49208655244855,,-6.589558341508469,1.3745290158522874,,-1.2888691695469001,-14.05923176275553,,-0.03218713468361968,0.01967928955750456,,,-0.5817621252887547
2023-12-15,-5.934467648427281,-5.40492830300468,,-0.593462495167659,,-0.3398692794003184,-1.2873756542209818,,7.855726607362737,1.1161772579257934,,0.49288523158056563,-2.7884517200972807,3.9512701421529943,-7.259037648952557,-0.1826722964951859,0.471682491759757,-5.257052060565915,-1.007908479439494,2.2584244999815866,,-3.3840005748986974,7.724571726477856,,-3.5762295062479397,-0.3662276636909432,,-0.4777455292798851,1.347847247068697,,,1.3505219828003416
2023-12-22,-3.3854414087190827,-1.0303500735058,,-0.6793474368072404,,-0.21460793858261806,-0.27805660306366975,,-0.3029698694656843,4.623128436539648,,0.4502583804817758,-0.17583663159819177,5.243235178025138,16.141641729463853,0.00012252883268626738,-0.20858761662042108,0.15376148122463712,0.011568712027058392,1.9731455637395765,,-8.448940744018703,-3.9315849729144894,,-3.7649061148323004,0.08660370920571145,,0.09581398464499435,-2.4386893389647573,,,1.3006317890850132
2023-12-31,5.057842231124457,-0.09265783644962775,,-1.2748672297568597,,-0.034710916670940895,-0.08233940533802092,,-8.823025632304347,2.794925565200632,,-0.10356186754351944,-0.141064433267239,-0.2538409833013715,-36.28788815859915,-0.03904950496037948,-3.7745074974948833,-0.12008475589923523,-0.4192311133776358,0.015117919193685042,,-0.05550511547824628,-58.62141309867329,,0.17030435504554028,0.8829757913849603,,-2.048380722042801,0.1618281032458274,,,-1.4138342957695984
2024-01-05,19.228419216033362,8.406805189697238,,0.2548412050908427,,20.230940385255586,-1.987751070933955,,3.216012025212439,-0.9260685546386044,,-2.0341640740934377,1.9113105636752081,0.3789868982983577,-6.325746067981856,0.28533768759734746,-1.6737809305414362,0.32901297629554044,-0.06127655066218721,-1.4578243117734466,,20.287119528963373,8.187276498877377,,-1.1179536109147656,22.429336115663205,,0.20281618943084823,0.864049895472224,,,-3.845640343910259
2024-01-12,-6.105179339601597,0.4550783944381273,,-0.08426897395601177,,-0.06914847252866138,-3.5995964782222982,,-3.6264561987501693,-0.5851708727356826,,0.03464681501287796,-7.504480303142602,-3.43781301391975,-0.37774927371595796,0.10930412433666867,-0.33573747268661647,-1.758644258807505,0.031604168748222555,0.008865077879913585,,-5.048149654909473,-4.483101892476846,,-2.4240387278721065,1.4603368413612692,,0.7147510937338039,-4.730025890369284,,,-5.788901698989173
2024-01-19,-17.940185624170798,-2.594027357403142,,-0.10432516552301463,,-0.24429555777802903,-0.026160733183499485,,6.158919255940338,-3.2262350746991455,,-0.3540601646514213,-0.21632741924058566,-0.5177446261180009,0.061787990049430586,-0.2407950420028646,-1.552522538617609,1.1282912343893705,-0.5191669914837559,-0.43715551140144115,,-13.45033543431177,-4.899071372996465,,-5.900876056449992,0.717533281405195,,-3.633441651854634,-1.932444454646919,,,2.774090179693293
2024-01-26,15.907369990843112,-1.5044011636263144,,-1.6942220922771956,,-3.10161909498461,0.03697298777406984,,-4.833701927134677,0.30910723177856475,,2.2643868605829036,2.4986487025327264,-5.489153944139804,8.101730625378895,0.9220154298866226,-0.0581799015751628,-1.1953814742955646,0.9273789080327393,2.158686117267642,,-3.3883529188070045,-1.8381350874732698,,-2.200360128399083,-6.129921552991025,,0.533884581991733,0.17741060658954752,,,-2.653883366356428
2024-02-02,1.9126436769952928,2.7113430433089083,,0.013818415772100376,,-0.05653287805033337,-0.17765487293621185,,0.29136655360852304,0.1815874128818371,,-3.8325638219293836,-0.16589280128819206,4.324728464608922,18.583986978629817,-0.061327196975784204,0.033512849133300854,-4.271653904424242,0.0030126457540603294,0.200415896858571,,-3.4614708444312976,2.6675136333628275,,-0.5128131712251585,2.0348912289634966,,-0.3105257851061983,1.2992293797259997,,,3.95145943556998
2024-02-08,-8.340023138089238,-0.1117771420239499,,-2.65103923617327,,-0.05826107500464656,-2.2420580637467062,,-2.587934362157511,-1.2649856470261664,,1.5551526988007816,-1.4787351710163528,-5.1957625814514286,16.456246595073093,0.02412560910694901,-2.8934964163887065,0.03013099867565204,0.031142461344067673,-0.8524805446364195,,-4.449622388122098,10.469875959735337,,-2.353891954342544,0.4086710976493414,,-1.851754221084047,1.0519208048181115,,,1.0249424716603905
2024-02-23,0.5471665163309885,-7.985758989120973,,-1.031470069505438,,-0.1529962196018279,0.14396788740683733,,-5.673449610223849,0.5590760843252216,,-0.16631868917300952,-10.04072812732238,-1.8637471448281042,0.6615930811400974,0.03785269473892651,0.09785339377682362,-1.0563205656902444,-0.02015131543992897,-0.012751539893349727,,-2.082882632007006,0.18740791299281287,,0.3180573393040027,14.357322373034519,,-0.06587072431833149,-4.848444753812949,,,4.766329594818878
2024-03-01,10.116737154219908,-0.4825877334703474,,-0.03052132735898073,,-2.9248015694130474,-6.91693175888473,,-0.5264747564535561,-1.8124720772213305,,-0.4596581201226933,-3.2073608139160186,7.8794640825206725,14.02560066175951,-0.001955540269867509,-0.5116709611190204,2.394608257607956,-0.048762336088380036,-0.9360400606546055,,-11.545873450867035,-0.9932273917315068,,-4.7761709295406725,-0.23617936894903857,,0.05405168909793562,-9.54293304375877,,,2.5876706834594008
2024-03-08,5.418356409928396,2.0855822779812936,,2.047294813704638,,-0.7226817662092806,0.05582768910673064,,2.8966581944332486,0.7240008945833286,,0.12659914932452035,-0.08582333226876894,-3.157208495790056,-0.5246619499499202,0.12774301963268545,-6.0621012172923,3.9732180691103802,0.021555756144778844,0.22232691818811345,,-1.8609404860626169,-1.3277418066030342,,-3.9917292156839883,2.0534651885163546,,3.1038336052283824,0.4476902311153529,,,6.511617539780693
2024-03-15,14.936083943462902,0.935528509568,,-0.310086398335723,,-4.833116037755127,-3.4802362443450736,,-6.203147969794847,-0.15757597379545785,,-0.29783665460971565,-0.13906763881138443,-3.1229665811421388,2.3539700889908906,0.0337741131090182,-2.94379552469659,-0.16415862067372933,-0.6356587364679911,-0.06834497122179134,,-4.2370858444586235,9.796446089478609,,3.3547142266517467,0.7263766367355035,,0.172158866244929,1.1669701986833954,,,-3.5286976761119293
2024-03-22,3.2724348862067334,-5.193271131414031,,-0.15415754074827334,,-8.84440688711306,-4.833422658984794,,-1.6734993371302702,-3.2924567040819746,,0.03202350593422503,-6.200674300421382,-2.1941184734386066,0.8761936520000899,-0.1200446719341467,-5.1799871106829,-9.267713737368968,0.946497474514061,1.7604810372859485,,1.1794157497282391,-42.671816096015654,,-5.219322543359512,-21.61439897246927,,-1.014976352006725,0.10144665617800883,,,-0.09196417541438678
2024-03-31,-16.757297173011963,0.8401802353361356,,,,,-0.07534474220582489,,1.6680433632960001,-1.510685889138356,,,-2.127927889625527,-0.28938500136821405,5.934415169943023,0.22504326113747766,,-1.2246472002139779,,11.909498603470272,,14.763827686562475,-5.174971589482782,,-2.9113544945162495,-0.16529635055169706,,3.860991766245733,1.0108407644096415,,,1.9970935745423897
2024-04-03,4.438893570370979,-6.024396409535434,,,,,-0.01760020200490045,,4.907752941581927,-0.6060452618444889,,,1.542951249577797,-0.8268734567519723,0.24686934933427407,-0.336575526248585,,3.772671151349895,,0.06335162372591875,,-14.790254143440064,-15.453466832137252,,-1.3036702039687111,0.9801868693533812,,-0.031036837484237467,1.0695992990288061,,,0.19265311005612257
2024-04-12,2.1399015441206526,-9.330862743225504,,,,,-0.0824659305710761,,-1.8004893852297137,-3.38220553170863,,,-0.9486970355977248,-1.1364350116512743,-0.26432563126163744,0.0038406055977522127,,0.40080121970997484,,1.5905490088288976,,-0.4337734072828521,2.6534873659374285,,-0.20715188061588194,2.8493468642144983,,-0.4918302775066496,-8.147617177571057,,,-0.7321947634021724
2024-04-19,3.2900233277285356,0.3246061975354093,,,,,-0.34139652958726274,,7.939515369538681,0.7916426634720386,,,-0.09626985874955557,-1.0848190922526637,4.258687965700437,0.03270779835247375,,1.349437492105662,,2.06791798605206,,-0.2925676682483144,-7.223632868543926,,-3.603776211034396,-0.8311863307582505,,0.10738734181490384,1.9998903567313753,,,0.8784426495433525
2024-04-26,7.377166076469132,2.626500317128507,,,,,-0.09169477115113817,,-0.8370679361974953,-0.45429518319829315,,,-0.13500806652241915,-1.0590321301959635,-6.888312748952226,1.31885434099474,,-1.3800103695950032,,-3.1774161897103688,,-4.3274087324170605,10.00902993895863,,2.1223826470758453,1.0671548425718052,,3.4311832102682858,0.24425766010222166,,,0.27465043551595375
2024-04-30,1.5456829922858386,0.03232913591284005,,,,,0.5772185633355971,,-9.496186927331102,0.13975808348030477,,,1.490719455475304,-5.260312543247101,-20.74883340073735,0.981692761934801,,-14.951220409765384,,1.2713305032710758,,-16.75848160367227,1.9309906893059456,,-0.024370864743650085,3.8833072979123577,,-0.024796098845584147,0.35226826770151753,,,-0.40068172095954435
2024-05-10,5.645293229954173,6.533594560705648,,,,,-5.078561053654873,,-0.3052433859854692,-0.7587630155396415,,,-5.985150575973117,-0.05393890434998738,-20.683368803814492,-0.015740130632213023,,-4.891948866733894,,0.0860652553170399,,-0.7875705268377013,11.112421717439474,,1.323252795275096,1.5492592405177887,,3.9499468328592635,-3.230234432267528,,,1.802462230627371
2024-05-17,4.424479120339424,3.4143026104349774,,,,,-0.08072944326005818,,-5.946404944529393,-0.803516380677924,,,-2.1095422922930336,0.34372991326711827,-36.04736676629281,0.12539418961789978,,0.4832990182570087,,0.036787529289585084,,0.07181493008923745,-17.35187042649335,,12.859922160548926,1.1746348141937195,,0.9776800797952371,-2.5923106281754063,,,-3.2418804718361156
2024-05-24,-0.3307728736691343,0.034340780117576186,,,,,-4.8682157940061535,,-3.3527588239886037,-0.5688344147457579,,,-0.8953199843520183,-5.39082045011653,-5.602422112543637,-0.25453982324738433,,-4.04135132273556,0.43535522137972993,0.15890375190692785,,-12.848905849917141,-8.087590162344814,,-11.506074470729317,3.7425518383295193,-0.04578166684230617,-0.1684922961047035,3.9702321875100104,,,0.32629693946772076
2024-05-31,1.707537235604121,1.8638245655661907,,,,,-3.252779159974453,,21.73692878089396,-0.351901451150035,,,-0.0712918468809974,-4.507156389933163,0.5469070172304524,0.14977891837213586,,-5.353996202345211,0.07448322294125694,6.992097858465793,,-1.6365663137597746,3.6350243001519558,,-2.326107364514797,-0.13368199546237292,-0.5133717856126099,-0.18744046742650758,-1.7717384351963725,,,-5.517580505326071
2024-06-07,-16.947215780330303,1.0913745964786392,,,,,0.20621733466448477,,1.8508615245528701,-0.8371679532624512,,,-4.041944914882176,-4.497430342505107,0.07364626864277639,0.008592024739216414,,0.26854548361480773,-0.16823690783605333,0.5652627598507157,,-9.357068086527262,-13.979488071983194,,-9.411544397557735,3.2914725754748257,-0.005177332564877582,-0.03156118678190356,0.19678948680775163,,,-2.5809247623541895
2024-06-14,5.356649053248799,-10.171558165590952,,,,,0.032531182243005524,,3.687671243401619,8.075605464502093,,,-2.0027042611532737,16.531722986491534,11.162090415803346,0.02773360694606994,,-4.195892405568204,1.0110496300219467,-0.13552546018454797,,-3.4798211290655248,-2.7500981200467702,,-1.1669607948390386,0.9662620247671545,0.008803856637581979,-3.5648216037108154,0.2939414179199006,,,-0.7515308985209904
2024-06-21,2.0852831358956383,-2.6928299414338994,,,,,-0.3688871776175271,,8.046466228810342,1.4056495125423893,,,-0.6687436588357546,-0.22289971921754237,10.424220747934541,0.03641911907634097,,1.7117270037518546,0.06503081298146168,0.03154221589592382,,0.015212074557579947,-8.548052690792058,,-6.180606992113331,0.9486166918579193,0.003721566498525841,-0.524331305166863,0.20282269005295311,,,3.9964156874600394
2024-06-30,4.889451875584567,-0.03977090284591094,,,,,0.15420467705037758,,0.9869354696429711,-2.2735355439305835,,,1.0341635060501844,0.9897204088647471,-2.171948244840735,1.087628215369738,,-3.9318265019857246,-2.52385118831672,-0.01432931320640636,,14.700998740606899,-50.66642279830414,,-6.128182417184656,-0.2597342111408177,-0.5055276582408851,-1.9297302690338094,-0.3398426941339962,,,0.8090065313297807
2024-07-05,0.5142983894094127,0.42891314173420747,,,,,-0.1676195468636181,,-1.1819329412525288,15.199385205138144,,,-0.1030314102517844,-0.4336520810361908,-14.774054547094817,-0.2853474905424376,,-2.2380344144927036,-0.1822856426758872,-0.05973589543849597,,-9.897960842857202,-2.3390547913508235,,-0.5829868316960931,0.04040016158284777,-0.04825869634070263,-2.5978593443459532,-5.1329840881339495,,,2.0817942892648484
2024-07-12,-0.9026569750828198,-0.6308322410879834,,,,,-0.42829408071498376,,3.6951598530393857,-1.421459331614418,,,-0.05254604269053715,0.2979093030532081,3.7854166707808727,0.10823456145736937,,6.0994706403392716,0.5032222172104922,-0.2378481355571379,,-2.082979271828924,9.50883411657319,,0.9734040668823636,-1.523395912007111,0.008133938649742531,-1.476933010578834,-0.2384287642678239,,,-1.6169886510770834
2024-07-19,0.33507287042997025,0.0006774838790243251,,,,,26.537709245064317,,-0.284984483230488,11.360428862911375,,,-0.017323214272091447,-4.149187175887467,14.829152104701738,0.009435456236429718,,-7.1368129542402015,3.9430802374821496,-2.1936415259688933,,-0.964177152887971,14.497142292732997,,-3.7051169702376123,0.3882763637178396,-0.4535510310732729,0.0316023738434629,0.06358563982235324,,,-2.1558020948305967
2024-07-26,-0.5663007243603356,1.110313537147273,,,,,-2.7035045923837315,,-0.2871496245881535,0.2037988673698027,,,-0.029756277700589424,-2.1997163883534503,-0.006430575333142841,0.043792558603013454,,-2.904928054744001,0.5960823576876377,0.07173021329504783,,-2.519418534814142,-38.393029326683006,,-6.342142857728103,-1.3948818624787975,-0.062489457499493556,-0.040786584837855105,-0.015306508798631158,,,-7.2673528244691274
2024-08-02,5.943920141257073,0.4843112920245134,,,,,-0.12573298178707012,,-2.5473464549994618,0.0006653331580220856,,,0.012608207019478956,2.6080402202019646,-0.42071485408350157,0.04790126338378611,,-4.083732928651994,0.429595188621369,1.0765545057601218,,-12.648388674100067,-0.004600460537186948,,-3.1234169616507694,-0.8389660177428515,-0.554979231948197,-0.3026249922514629,-1.3107921152174973,,,-3.8973651996119
2024-08-09,17.983149756326984,1.1280145527864334,,,,,-0.2226492594430609,,1.7761686810786892,-1.7190328588569104,,,-0.6209426458095699,-3.007901643791869,5.131337562077338,0.01345022342031259,,1.2050651223741977,0.5664054332322502,0.1014234384516643,,-8.803117023548136,-26.14139557855755,,0.6285681761567703,-0.8601688008874874,0.9403461004872607,-0.04239552569114988,0.7896405698852416,,,8.598818358393405
2024-08-16,-0.5791265766867499,0.22399901487388776,,,,,-0.10827830415559819,,2.4199039175593557,-0.11728477844165877,,,0.038721341706154266,-0.6839348744225988,-1.272282462546855,0.028864188021878213,,14.36135851146393,0.010202361582188672,-0.6016755285542955,,-3.8396475192451667,0.5622846405729177,,-2.555115762646951,0.8565439932390475,0.03648644194253431,-0.724815772760766,-6.130143714320495,,,-0.33167720369400744
2024-08-23,1.396791181188102,-0.14590124852695527,,,,,0.9516463682089632,,-4.00687134252036,-1.4101702454522567,,,-0.03571980042462524,0.041162152446995115,7.334254756170269,-0.1714791492037,,36.78635048779688,0.35361721480890623,-0.41971218885474587,,-13.90778378600462,12.400092233118832,,10.714093106653756,4.120839421684042,-0.006788869910137517,0.07678552967221754,-2.008671559335255,,,3.2988212852320347
2024-08-30,-8.33329305307147,-0.7738120731000833,,,,,-0.06457292973727422,,0.9807240779003144,-1.3195159912387835,,,-0.07763435531848527,5.777227080610533,0.5493489930631005,0.03256273783195959,,-7.897025706568169,-1.47225413153978,-0.18789282118645895,,-9.267689757880483,-25.34459161659929,,0.445355441735409,0.8990352175986158,-0.01167924258213477,0.01620805696595118,-0.03378679703773174,,,-2.504980251475139
2024-09-06,3.9652283910038566,-0.10715068092019131,,,,,-0.09980773677818931,,5.6928193268723835,-1.787396634888418,,,-0.7289131269796162,4.656708020195593,1.8720462735037635,0.07550323737495715,,5.517861029243795,0.03561068792037951,-3.393003799962667,,-0.590786748230688,-12.45812291900496,,0.7404785450550828,-0.25693806651085693,0.030875973035290064,-1.2195298867976594,-0.1930791946007806,,,1.221011442750193
2024-09-13,9.298974219145112,-0.6211903086379694,,,,,-2.8859706877928226,,0.7359002007436057,4.705932809049527,,,-0.02647981085382562,1.2302610443348239,-0.16074338730707605,0.9207428968286933,,4.010876843871387,-0.10764152075651309,-1.2002971458539526,,1.296179823929175,-0.8728419862281189,,-1.8590331093688486,-0.1324537030967112,-0.16910078116301752,4.793968166685106,0.35108444951165174,,,5.574482318328028
2024-09-20,4.042607353695831,-0.13239319262213922,,,,,-0.40064643037660663,,-0.9370720711233504,-0.23835473129997786,,,0.1636671293367163,-1.1563899542899068,22.38912201938189,-0.23106684444879555,,-1.0465267576298118,0.11027423869684558,0.7208238071440694,,-8.102568317979419,2.0812497932471445,,4.062582967195722,0.7059378751785534,0.0018317318370898589,-1.013905656068315,-0.001227964751712894,,,3.4733848210534495
2024-09-27,6.045705342341147,0.08106275947295119,,,,,-5.811801044532114,,4.574087914029912,-0.706766423156282,,,0.011983015337172498,-0.7615748525489915,-23.28380869325238,0.007806633396411661,,-3.7052912951640464,0.011815508467340207,-0.2645921864820266,,-3.057021056939159,0.7509161854458813,,2.1214552034809184,-0.21641620048275145,0.958516470430211,6.181621721001335,1.2824257937863246,,,-5.991932914196932
2024-09-30,-0.296818391686474,-0.8196357501460294,,,,,-8.130413821387087,,5.809627921003791,-2.3153140912001047,,,-0.723552758567843,2.276841094595062,15.873678161463875,0.02714052120591507,,-0.7311045888417175,0.370481666041657,-0.08298090842606656,,-2.716409414192383,10.05207858943295,,6.190611784128077,-0.25868814352528435,-0.0016822209359865087,-0.01235642206668744,1.5927056747630441,,,0.09651124504109194
2024-10-11,0.8998532251276907,-5.371092767700365,,,,,-12.775532743690622,,-2.1390262041763184,0.7139263272943184,,,-0.1975735904856198,-3.091259249571629,-0.24609451896256473,0.04260133716818695,,-2.8312299082739503,0.16017946984211917,7.510777760974782,,-0.43873103878702313,0.8230541430737262,,-1.6838464564391713,-0.17476372401468546,-0.00125604162825977,-1.7861086653527725,-5.195713475110125,,,1.2586151165914865
2024-10-18,0.4101445569466301,-0.08059401438920913,,,,,-0.5820679372166326,,0.974563083137919,-0.04715466701615087,,,-0.1573495785821955,-0.9284283093844135,12.267664880425597,0.25359197941239287,,4.850497713598028,-0.28795553228861676,-1.2263361419739254,,-5.734320025914044,12.869941156129698,,9.832218395631164,-0.2296074506138528,-0.3918865863168684,-1.6674564946311539,2.6809091034904076,,,-8.673431065041271
2024-10-25,0.6591470300068947,-0.23778485003718872,-0.2988328080580769,,,,-0.07641542044881397,,-15.50942471798621,-1.2155991987457069,,,-0.6250328833710407,-2.2477718444327692,20.624883201196198,0.030769169846974316,,2.469439460206052,0.574469856190467,3.518839279004713,-0.006206817765139205,-4.849113994460227,4.745015335885819,0.3967081537114362,-0.8964958753151553,0.055291534162711764,-1.7459778506467987,1.0700184370683024,0.10415934330543734,1.0215101066252201,,-5.6200222520280745
2024-11-01,6.112999690559363,-0.5803465999091391,-5.713510053416071,,,,-0.08988533285566716,,0.12399671880357066,-0.2957843847499494,,,-3.3642145894498694,-0.016925539858869937,0.36923016550695514,-0.7405993808437579,,-1.8964529496293006,0.031819091032745314,-0.008383984775129333,-0.22775808386209245,15.608304941835005,12.653022313423017,-0.016867379932275883,-2.0878269811773795,-0.6071215467298279,-0.28183059180539904,-0.16000867127979665,-0.9533755027106481,-0.2606680632429408,,-0.8596893877246647
2024-11-08,-0.3822058456342593,0.44190069207081123,-0.040291053732830935,,,,0.6473737590311897,,11.520312081335101,-0.9691728924434209,,,0.9051922228688637,5.375463304172147,6.89752701906618,2.5220633086061977,,-3.3670496668829935,0.9115579279089703,-1.4311851961835758,-0.050712379860550785,-5.558206922005911,3.5031239131059224,0.001074404604738153,-6.937797230207072,1.395155851511507,-0.023933122333386497,-2.7247738985344343,0.420196717689514,-0.024643444659002384,,1.0445837275669085
2024-11-15,1.688221645878143,-0.39789534328173226,0.06129042261406788,,,,-0.026943717624468608,,2.8539222252439957,0.5139900821934718,,,0.5291790268521495,7.0445598203094395,0.9198504711057043,0.24739926820802985,,-1.5849493164251498,0.11196737086345832,1.9736855198450014,-0.030276377272819375,-1.97299397339816,16.203966407570974,-0.23557335510441363,-2.4478618468183,-0.3684386259073829,-0.17516407982271984,-3.4267178542442314,-0.0009331831487989772,-0.11867167563906247,,0.11950779635850645
2024-11-22,-4.706386350669237,-6.015264267967243,0.3631060201844353,,,,-11.289416852021706,,6.3392310116124655,1.3800081238133124,,,-1.4904216417563307,-0.5187013362018842,-3.799379149282235,0.15138697629771355,,-3.9475808645271084,-0.12586102639610677,1.6975803549098551,-0.011610774667616425,-6.08704418168814,0.3127410194221476,-0.17831742956282431,1.257063782764412,0.832623206050622,-9.847249912276354,0.2732151581892598,-0.5125194108463521,-2.8322464905493674,,1.5958914450761665
2024-11-29,-7.9501145140653975,-0.03193105128557349,0.12089263021439153,,,,-4.503982448586139,,-0.4745785706283252,0.49340083969882254,,,0.3756079737483975,0.08213931067054317,-0.2177083873150938,0.069502932777185,,-5.560990728546399,-0.0890483121579575,-1.1270607111682858,0.007345294553442405,-4.339013390748747,-3.5134035671469244,-0.0009103199039874749,-2.979805598977895,-0.8489428969376196,-0.15983431333207992,3.5290321936556226,0.09884085578105102,-0.01951499604257767,,6.163671258323082
2024-12-06,0.5424547080481706,-1.650622063777182,-2.3485683765214533,,,,0.009993358068417724,,-2.1709263722309875,8.08137142567014,,,-0.15027620604492087,-2.9830901381569737,-0.5594865835269576,0.04558112466927106,,0.6910981809231258,1.1766380001200334,-1.3663895087700522,0.5552884549633378,-2.1375662137906857,13.280452982157211,-0.08147142515287797,-13.360983011716248,0.6715607504019161,-0.1649581193222847,0.051950078937837096,-8.991719991023404,0.11442340967399238,,5.8051560564485865
2024-12-13,0.9112963898846361,0.06832798586577349,-0.27740026993432226,,,,-4.22270956334535,,2.7935209398175216,0.4969058046117389,,,1.0730632032097076,-0.637856945605159,2.6754719203508497,2.369521453122901,,-1.3333101406868602,0.09229424495165865,0.9642963004855607,0.04626461597057849,-0.14396275642825573,3.6137812478667715,-0.012506682627150434,-3.341851367696754,-0.4054972892187251,-3.3248932147957557,-0.2807291117816084,1.3391222356321164,1.2576122826012452,,0.01320850150012487
2024-12-20,-0.5972339091157783,6.17413220620657,1.5986078267488613,,,,-3.55191682941226,,-3.3164210454140965,-2.8475648593573015,,,-0.10775926192362861,1.7517203665403462,-0.07876777176795648,0.09142607802313017,,-7.901251499240175,-2.2373917634800233,2.5399306498880683,-0.2945882769615442,-6.415402537670369,-35.777830817223865,-0.10058207794719354,-9.241650529505009,-0.22368296796179016,0.3742858480599814,0.08557876256761728,-1.0372803861599946,0.005851669185214271,,2.399981586592251
2024-12-27,2.7853504833604155,-0.5314104209177517,0.1439915996345762,,,,-2.2708965140449484,,-7.5402628668456355,0.2658291206643726,,,-0.9449076566877748,-1.7682469800902183,-36.979976975991086,-0.7224851203883382,,-4.167563639429343,-0.025809702868423677,0.3891381366921365,-0.35675330797342675,-1.8996858991753323,-5.0135741240436635,0.01552531473109096,-10.734411619309764,1.6266895560763361,-0.1654070172325357,-0.05612939762556579,-0.7154926274313319,-0.18986831792043968,,1.4293327233605575
