TradingDay,TMT,一带一路,交通运输,传媒,农业综合,医疗,医药,医药医疗,国企改革,国央企综合,国防军工,基建,基础化工,央企创新,家用电器,房地产,新能源汽车,有色,机械设备,汽车,生物科技,电力,电子,石油石化,绿色/ESG,计算机,通信,金融综合,钢铁煤炭,银行,非银,食品饮料
2015-03-27,-0.02112384274503373,,,,,,,,,,,,,,,,,,,,,,,,,,,,,,,
2015-04-03,0.00034448308230345434,,,,,,-0.007350460559480891,,,,,,,,,,,,,,,,,,,,,0.0031273118924484682,,,,
2015-04-10,0.0006218104488852358,,,,,,0.015103516867832968,,,,,,,,,,,,,,,,,,,,,0.011358885070173609,,,,
2015-04-17,-0.08449948407820253,,,,,,-0.3636622411908781,,,,,,,,,,,,,,,,,,,,,0.05083339466003782,,,,
2015-04-24,0.06625131803282451,,,,,,0.009062745047024798,,,,,,,,,,,,,,,,,,,,,-0.020569704622672363,,,,
2015-04-30,-0.37408798413087985,,,,,,-0.03472655376058746,,,,,,,,,,,,,,,,,,,,,0.017128729261071177,,,,
2015-05-08,0.001976827327823183,,,,,,-0.09353835870364961,,,,,,,,,,,,,,,,,,,,,-0.024553153118565704,,,,
2015-05-15,0.01763077567913685,,,,,,2.054718937907942,,,,,,,,,,,,,,,,,,,,,0.0009386805903953425,,,,
2015-05-22,0.0017271053876381566,,,,,,-0.26011852509517774,,,,,,,,,,,,,,,,,,,,,0.0016231271768183627,,,,
2015-05-29,-0.002642486544405636,,,,,,-0.10209348079724531,,,,,,,,,,,,,,,,,,,,,0.0039644513450571685,,,,
2015-06-05,0.0033281928528442386,,,,,,-0.0863817497936023,,,,,,,,,,,,,,,,,,,,,-0.4939958988594582,,,,
2015-06-12,0.029148273179839097,,,,,,0.3728287893095363,,,,,,,,,,,,,,,,,,,,,0.03036260176808941,,,,
2015-06-19,-0.2684780896307392,,,,,,-0.02159797517071362,,,,,,,,,,,,,,,,,,,,,0.0003314347966168637,,,,
2015-06-26,-0.1358184758355845,,,,,,0.008986243945709365,0.16433501727479755,,,,,,,,,,,,,,,,,,,,0.01104594491727405,,,,
2015-07-03,0.10488140652694022,,,,,,0.0063801400010698546,-0.25465882630636777,,,,,,,,,,,,,,,,,,,,0.00022407725451786042,,,,
2015-07-10,-0.013192109799754511,,,,,,0.05544358485015335,0.07594023595366739,,,,,,,,,,,,,,,,,,,,0.0003569451560191418,,,,
2015-07-17,0.009288443230396548,,,,,,0.028161875128691026,-0.11144969281467752,,,,,,,,,,,,,,,,,,,,-0.010417957116024352,,,,
2015-07-24,-0.014058093198535593,,,,,,0.2808711326208038,0.11356544354915138,,,,,,,,,,,,,,,,,,,,0.19900927488824943,,,,
2015-07-31,-0.03830343040070667,,,,,,0.03737130286199018,0.45592378828727137,,,,,,,,,,,,,,,,,,,,-0.3832428411370307,,,,
2015-08-07,0.0453769130691368,,,,,,0.24106623858375614,0.010241284636232882,,,,,,,,,,,,,,,,,,,,0.013972601471483907,,,,
2015-08-14,-0.01574359192002555,,,,,,0.33643374303148976,-0.009561539857082,,,,,,,,,,,,,,,,,,,,0.009468024559074275,,,,
2015-08-21,-0.15928100329787734,,,,,,0.008286127756270141,0.10198321175175075,,,,,,,,,,,,,,,,,,,,0.0591084653438276,,,,
2015-08-28,0.014608737316981937,,,,,,0.030678023815355754,0.04396266262209493,,,,,,,,,,,,,,,,,,,,,,,,
2015-09-02,-0.05625718802721793,,,,,,0.04166920924901212,0.01045568091488702,,,,,,,,,,,,,,,,,,,,,,,,
2015-09-11,0.004318426232666444,,,,,,-0.007871334907639388,0.7595475767460391,,,,,,,,,,,,,,,,,,,,,,,,
2015-09-18,0.0016830156838551127,,,,,,0.03375134191217513,0.015558003715160515,,,,,,,,,,,,,,,,,,,,,,,,
2015-09-25,0.0008570200601872196,,,,,,0.26145170690195285,-0.30441630135514214,,,,,,,,,,,,,,,,,,,,,,,,
2015-09-30,0.008720007730504778,,,,,,0.007622120885961643,0.01426377158636619,,,,,,,,,,,,,,,,,,,,,,,,
2015-10-09,0.09478012155685468,,,,,,0.11913230007650279,0.06926978093748108,,,,,,,,,,,,,,,,,,,,,,,,
2015-10-16,0.0009172831958235362,,,,,,-0.001606580705034966,-1.4491829328711705,,,,,,,,,,,,,,,,,,,,,,,,
2015-10-23,-0.26623459811080874,,,,,,0.013056740994247477,0.11911655983438144,,,,,,,,,,,,,,,,,,,,,,,,
2015-10-30,0.022902208760557218,,,,,,0.013692864763572723,-0.25616420946521623,,,,,,,,,,,,,,,,,,,,,,,,
2015-11-06,0.004488558744592128,,,,,,-1.5769949793205857,0.02280872835230158,,,,,,,,,,,,,,,,,,,,,,,,
2015-11-13,0.0028212809311098787,,,,,,0.5647806328976868,0.050344898191131866,,,,,,,,,,,,,,,,,,,,,,,,
2015-11-20,0.051731210875228154,,,,,,-0.5597038489835339,0.041360379148052524,,,,,,,,,,,,,,,,,,,,-0.11240625881036902,,,,-1.075748994755552
2015-11-27,0.03697878099729623,,,,,,0.10313747489793444,1.5418438478159682,,,,,,,,,,,,,,,,,,,,-0.020154649153483632,,,,0.0005428757345777821
2015-12-04,-0.013741860005225558,,,,,,0.09198730328922655,0.19519037806478184,,,,,,,,,,,,,,,,,,,,-0.011217612717738435,,,,0.0012300093016460209
2015-12-11,1.5136707981571589,,,,,,0.010207293984236674,-4.21244251048172,,,,,,,,,,,,,,,,,,,,-0.04284594998646287,,,,-0.03136326861006524
2015-12-18,0.033282073202482186,,,,,,0.002381157593701391,-0.06893463385690526,,,,,,,,,,,,,,,,,,,,-0.03359139778487351,,,,0.011887125356554881
2015-12-25,0.0578225250332255,,,,,,0.012149744844965851,1.1184603029497815,,,,,,,,,,,,,,,,,,,,-0.24025413774915122,,,,0.0301412531119217
2015-12-31,-0.1298887217945044,,,,,,0.06195203670276567,0.12174647909364272,,,,,,,,,,,,,,,,,,,,-0.07880413998992014,,,,0.04150497378014731
2016-01-08,-0.4238613532756878,,,,,,-0.47841048079873216,-0.12555039057287937,,,,,,,,,,,,,,,,,,,,0.07050289240877662,,,,0.00023551443787714785
2016-01-15,0.012595633605514663,,,,,,-0.007581418156344313,0.6073147216490632,,,,,,,,,,,,,,,,,,,,-0.09724878777637386,,,,-0.007410111435392788
2016-01-22,-0.005112089317284575,,,,,,0.000251101439433339,-0.016352984002828017,,,,,,,,,,,,,,,,,,,,-0.024990955290477995,,,,0.04777553973597082
2016-01-29,0.11322240505534742,,,,,,0.08006796832201721,0.04410195600012885,,,,,,,,,,,,,,,,,,,,1.9548641145116568,,,,-0.07063145546311261
2016-02-05,0.004079194535348688,,,,,,-0.5570963309084109,0.5485071609285946,,,,,,,,,,,,,,,,,,,,-0.6492972846932392,,,,0.11270059084459483
2016-02-19,0.005065000533749087,,,,,,0.0023629570911270427,0.3528651648337239,,,,,,,,,,,,,,,,,,,,-0.12508959925779367,,,,0.0002085309874926369
2016-02-26,0.10664315088507433,,,,,,-0.46461421492931904,0.3907419194313889,,,,,,,,,,,,,,,,,,,,-0.011353906170220375,,,,0.0011771218322771527
2016-03-04,0.016464216950983,,,,,,0.06717162835885615,0.3099356679067289,,,,,,,,,,,,,,,,,,,,-0.226008761194524,,,,-0.1271992996822175
2016-03-11,0.0859271232188921,,,,,,-0.00032816437340980236,2.259659479331873,,,,,,,,,,,,,,,,,,,,-0.08547315245303393,,,,0.8662323105919157
2016-03-18,-0.32776556056471884,,,,,,-0.06471717254832626,0.18214952330238415,,,,,,,,,,,,,,,,,,,,-0.6197952027086495,,,,0.010464808115519041
2016-03-25,0.1053859222337047,,,,,,0.00890880646351729,-0.43335818277285226,,,,,,,,,,,,,,,,,,,,-0.0035491123716652005,,,,0.0006242629297624138
2016-04-01,0.0013220525133701725,,,,,,,,,,,,,,,,,,,,,,,,,,,,,,,0.0010486945821727995
2016-04-08,0.04054499348001274,,,,,,,,,,,,,,,,,,,,,,,,,,,,,,,0.022802457904119864
2016-04-15,0.21773471376170958,,,,,,,,,,,,,,,,,,,,,,,,,,,,,,,-0.13220055966144717
2016-04-22,0.013062070910184726,,,,,,,,,,,,,,,,,,,,,,,,,,,,,,,0.10556733341841586
2016-04-29,-0.027399690972125725,,,,,,,,,,,,,,,,,,,,,,,,,,,,,,,0.17817232656470125
2016-05-06,0.013085066343946452,,,,,,,,,,,,,,,,,,,,,,,,,,,,,,,0.6731867984692711
2016-05-13,-0.6453188777332528,,,,,,,,,,,,,,,,,,,,,,,,,,,,,,,0.34227786852959696
2016-05-20,0.01220408965700846,,,,,,,,,,,,,,,,,,,,,,,,,,,,,,,-0.19259948000459795
2016-05-27,0.20536865344129446,,,,,,,,,,,,,,,,,,,,,,,,,,,,,,,-0.07957663099742242
2016-06-03,0.4483700423307907,,,,,,,,,,,,,,,,,,,,,,,,,,,,,,,7.00662275404115e-05
2016-06-08,0.0841605000496161,,,,,,,,,,,,,,,,,,,,,,,,,,,,,,,-0.017260979032576926
2016-06-17,0.21496687844440573,,,,,,,,,,,,,,,,,,,,,,,,,,,0.22905273570576196,,,,-0.003179922454804066
2016-06-24,0.07377492761361998,,,,,,,,,,,,,,,,,,,,,,,,,,,0.04223085656689855,,,,-0.039268899129484655
2016-07-01,0.442971501988853,,,,,,,,,,,,,,,,,,,,,,,,,,,0.05366773211738592,,,,-0.019544472505658297
2016-07-08,0.01381799933483322,,,,,,,,,,,,,,,,,,,,,,,,,,,-0.4135205939932783,,,,0.0004359883904463464
2016-07-15,0.3283256266152806,,,,,,,,,,,,,,,,,,,,,,,,,,,0.24028721747385284,,,,-0.009183770600843542
2016-07-22,-0.12926524595826341,,,,,,,,,,,,,,,,,,,,,,,,,,,0.7905964926585917,,,,-0.0020755689047942303
2016-07-29,0.48055553703761167,,,,,,,,,,,,,,,,,,,,,,,,,,,0.3101264631196006,,,,0.011907881846191215
2016-08-05,0.2206500813127376,,,,,,,,,,,,,,,,,,,,,,,,,,,0.03978558052789852,,,,-0.04844365349889962
2016-08-12,0.019989896720714218,,,,,,,,,,,,,,,,,,,,,,,,,,,0.032368581807284455,,,,0.16271920485670707
2016-08-19,0.06039400514123678,,,,,,,,,,,,,,,,,,,,,,,,,,,-0.06081512555213985,,,,-0.00032374448775391137
2016-08-26,0.003877262019962249,,,,,,,,,,,,,,,,,,,,,,,,,,,0.010688374257869258,,,,0.29265957257198427
2016-09-02,0.11772807096491239,,,,,,,,,,,,,,,,,,,,,,,,,,,0.016148348664212307,,,,0.08176638546907163
2016-09-09,0.12695152596808207,,,,,,,,,,,,,,,,,,,,,,,,,,,-0.00854984840083144,,,,-0.05326565878228921
2016-09-14,-1.274896131549127,,,,,,,,,,,,,,,,,,,,,,,,,,,0.29500419416762896,,,,-0.17914943268577824
2016-09-23,0.007203729410390064,,,,,,,,,,,,,,,,,,,,,,,,,,,-0.2213526471500336,,,,-0.02509673336699811
2016-09-30,-0.18988002232472584,,,,,,,,,,,,,,,,,,,,,,,,,,,0.005307890852304238,,,,0.015447365589201317
2016-10-14,0.0008525338564773644,,,,,,,,,,,,,,,,,,,,,,,,,,,0.053910859680038115,,,,-0.0469583345344048
2016-10-21,0.16737476453030464,,,,,,,,,,,,,,,,,,,,,,,,,,,0.07119704171991262,,,,-0.0004870585826676923
2016-10-28,-0.014279959990008993,,,,,,,,,,,,,,,,,,,,,,,,,,,0.006210213359463469,,,,-0.01980240960836732
2016-11-04,0.05148813431700066,,,,,,,,,,,,,,,,,,,,,,,,,,,0.07402545248987666,,,,-0.032760017349841596
2016-11-11,0.03120858419852007,,,,,,,,,,,,,,,,,,,,,,,,,,,0.008046284549476888,,,,0.008875941550997631
2016-11-18,-0.00478709143194538,,,,,,,,,,,,,,,,,,,,,,,,,,,-0.2910481296369621,,,,0.05350239406915841
2016-11-25,0.023723492106296137,,,,,,,,,,,,,,,,,,,,,,,,,,,0.026754615671121362,,,,-0.039913073023755796
2016-12-02,0.031211989771811506,,,,,,,,,-0.0036855539702948317,,,,,,,,,,,,,,,,,,0.0450198076932123,,,,0.5093568564842308
2016-12-09,0.0936274116660055,,,,,,,,,-0.0018930803867592892,,,,,,,,,,,,,,,,,,0.02771948457240777,,,,-0.10562705721613755
2016-12-16,0.004414064207723202,,,,,,,,,0.009860103224381748,,,,,,,,,,,,,,,,,,-0.4718775484906991,,,,-0.01803570710785489
2016-12-23,0.3065383484315658,,,,,,,,,-0.0035535366818524768,,,,,,,,,,,,,,,,,,-0.00631350157485458,,,,-0.1884628665403822
2016-12-31,0.01712025046586341,,,,,,,,,-0.04915189587722446,,,,,,,,,,,,,,,,,,-0.05039216209048003,,,,1.2285415708516954
2017-01-06,0.49565120469201396,,,,,,,,,-0.0007210291793907816,,,,,,,,,,,,,,,,,,0.2984990299198275,,,,-0.6124835358925953
2017-01-13,0.10089350742194142,,,,,,,,,-0.021290828554044156,,,,,,,,,,,,,,,,,,0.07323556035586962,,,,-0.347938789414032
2017-01-20,2.1233005262937867,,,,,,,,,-0.08156723194659536,,,,,,,,,,,,,,,,,,0.32120309517557954,,,,-0.3684875279961616
2017-01-26,-0.026563015197060943,,,,,,,,,-0.02344386220197308,,,,,,,,,,,,,,,,,,-0.07494268459643946,,,,-0.952063063831847
2017-02-03,-0.007977338650061342,,,,,,,,,-0.02306609871444469,,,,,,,,,,,,,,,,,,-0.03947551330129476,,,,-0.0709920162492044
2017-02-10,-0.061936802709479315,,,,,,,,,0.6648391562889061,,,,,,,,,,,,,,,,,,-0.003933540055253568,,,,-0.01785459079553254
2017-02-17,0.009202142862360336,,,,,,,,,-0.0055137939213779595,,,,,,,,,,,,,,,,,,-0.24534280099796268,,,,-0.159396313896059
2017-02-24,0.052032748891903624,,,,,,,,,-0.008353645602287362,,,,,,,,,,,,,,,,,,-0.047010495533625844,,,,-0.002893417780382624
2017-03-03,-0.3604893244737137,,,,,,,,,-0.10301262728674009,,,,,,,,,,,,,,,,,,0.5007568355306244,,,,-0.1723864590983742
2017-03-10,0.04217601800040544,,,,,,,,,-0.0316309915808268,,,,,,,,,,,,,,,,,,0.048397208926984764,,,,-0.004272343545305628
2017-03-17,-0.02954783534351211,,,,,,,,,-0.005190375210295969,,,,,,,,,,,,,,,,,,-0.07739605929875615,,,,-0.035056096709599346
2017-03-24,0.05254541776595682,,,,,,,,,-0.05131819653695667,,,,,,,,,,,,,,,,,,0.1081386037788,,,,-0.07495434476575048
2017-03-31,0.017324454745946228,,,,,,,,,-0.4861117827197431,,,,,,,,,,,,,,,,,,-0.21442629521849663,,,,0.23644969716357386
2017-04-07,-0.07820560050527782,,,,,,,,,0.2329382895096518,,,,,,,,,,,,,,,,,,0.38038156854896,,,,-0.008869368684103448
2017-04-14,-0.42714594115728693,,,,,,,,,-0.28212617787551675,,,,,,,,,,,,,,,,,,0.10577868017121571,,,,0.23912752909071072
2017-04-21,0.006326538510567919,,,,,,,,,-0.06608092485867761,,,,,,,,,,,,,,,,,,0.016983581880425327,,,,-0.02273764987876436
2017-04-28,0.011601086502602283,,,,,,,,,-0.0031378751469375668,,,,,,,,,,,,,,,,,,0.07578749996846822,,,,-0.1164855105678392
2017-05-05,0.03588454617878307,,,,,,,,,-0.00027058970724427156,,,,,,,,,,,,,,,,,,-0.1537592230633817,,,,-0.2795479417599397
2017-05-12,0.14589283355686616,,,,,,,,,-0.6885584055273706,,,,,,,,,,,,,,,,,,-0.002940736997982307,,,,-0.24621482865641348
2017-05-19,0.04388499161982558,,,,,,,,,0.04226844806506975,,,,,,,,,,,,,,,,,,-0.14050916389425394,,,,-0.17090523934925922
2017-05-26,-0.16734947517593346,,,,,,,,,-0.08695990594959352,,,,,,,,,,,,,,,,,,-1.2962850963186938,,,,-0.000380103235676647
2017-06-02,-0.0006759123182253596,,,,,,,,,0.18583224792179964,,,,,,,,,,,,,,,,,,2.5276232837157786,,,,0.12720687416162502
2017-06-09,-0.5925700551608338,,,,,,,,,-0.016507252651490282,,,,,,,,,,,,,,,,,,-0.3321696109754334,,,,0.00439562828060687
2017-06-16,0.5841759642156376,,,,,,,,,0.04609098181761565,,,,,,,,,,,,,,,,,,-0.028022862341426442,,,,0.010755522930723788
2017-06-23,0.005260903677798472,,,,,,,,,-0.03452713267694802,,,,,,,,,,,,,0.05599585826632105,,,,,0.05579447532232126,,,,-0.0002384645933819239
2017-06-30,0.8741194492527924,,,,,,,,,-0.007020944416868473,,,,,,,,,,,,,-0.07724813065630909,,,,,-0.47592830319668256,,,,-0.027704359804463077
2017-07-07,0.016715285289652736,,,,,,,,,-0.004853234076867752,,,,,,,,,,,,,-0.5329482910162142,,,,,-0.24328276473807703,,,,-0.1096263326742517
2017-07-14,-0.023740129682977843,,,,,,,,,-0.0010800525064435919,,,,,,,,,,,,,0.022153440638099594,,,,,-0.0663200975822618,,,,-0.0018744969744557518
2017-07-21,-0.010553335252952366,,,,,,,,,-0.052660099599602536,,,,,,,,,,,,,-0.007188594055085165,,,,,-0.15746693357521913,,,,-0.4068529374398212
2017-07-28,0.012955454463024818,,,,,,,,,0.012184801762497787,,,,,,,,,,,,,-0.0023756441760444773,,,,,0.03526996304495021,,,,0.04742181392379359
2017-08-04,-0.03687080231487399,,,,,,,,,0.6657076375794156,,,,,,,,,,,,,-0.014365219801776054,,,,,-0.23520278200883107,,,,-0.0014904640798507071
2017-08-11,-0.046229813623933906,,,,,,,,,-0.0019093890579285446,,,,,,,,,,,,,-0.12785799079892618,,,,,-0.39474561270249764,,,,0.05708872299712105
2017-08-18,-0.6025483501582428,,,,,,,,,-0.005842551898579347,,,,,,,,,,,,,-0.027252490865975632,,,,,-0.012452636509186411,,,,0.24256872554056386
2017-08-25,0.0971707887920136,,,,,,,,,-9.41063746637474e-05,,,,,,,,,,,,,0.1472492346272543,,,,,-0.010474295797883053,,,,0.0005493988051486825
2017-09-01,-0.012448901703052372,,,,,,,,,-0.00023450469366709077,,,,,,,,,,,,,-0.07756291261548698,,,,,-0.04163621615667125,,,,0.01934414417742119
2017-09-08,-0.05304975067754158,,,,,,,,,0.018256929763898574,,,,,,,,,,,,,-0.0016130606271309229,,,,,-0.028609031830441143,,,,0.24616968002830003
2017-09-15,-0.08968574131047868,,,,,,,,,0.14291568326270168,,,,,,,,,,,,,0.26634106438622934,,,,,-0.08322159401737449,,,,0.0034290765516363677
2017-09-22,-0.12312821108630531,,,,,,,,,-0.14835612475009238,,,,,,,,,,,,,0.25197543299320646,,,,,-0.01105965605764097,,,,-0.0909168773766954
2017-09-30,-0.037648369850567916,,,,,,,,,-0.0027365158568867583,,,,,,,,,,,,,-0.4948202444472487,,,,,-0.0862710367022246,,,,-0.008097500110937694
2017-10-13,0.009273167685571557,,,,,,,,,-0.0004160972281589692,,,,,,,,,,,,,-0.06635186998814528,,,,,-0.07238427693986038,,,,0.06570954910626522
2017-10-20,0.017560474635232217,,,,,,,,,-0.008959265846385076,,,,,,,,,,,,,-0.23301650471991722,,,,,-0.5020036738872984,,,,-0.5042318091661387
2017-10-27,0.09990940690539919,,,,,,,,,-0.03507009121798693,,,,,,,,,,,,,-0.07869549179885292,,,,,-0.11004857889233753,,,,-0.21421810452693127
2017-11-03,-0.010164974647985,,,,,,,,,-0.8825680774445616,,,,,,,,,,,,,0.015976159676242323,,,,,-0.19928671817413113,,,,0.11926923106769341
2017-11-10,-0.10938902316894478,,,,,,,,,0.07335699439392335,,,,,,,,,,,,,-0.022874226984066322,,,,,-1.522918358015274,,,,0.0200414569976879
2017-11-17,1.2574346660739881,,,,,,,,,-0.015514184680024513,,,,,,,,,,,,,0.14113720615492817,,,,,-0.025424086400410363,,,,-7.340106398229811e-05
2017-11-24,-0.2421100760091763,,,,,,,,,-0.0004687555205539633,,,,,,,,,,,,,-0.2636223411890273,,,,,-0.010578632674713,,,,-0.44381375466555817
2017-12-01,0.0038093445060017493,,,,,,,0.11483288021364124,,-0.0030030880054463358,,,,,,,,,,,,,0.31828262792705886,,,,,0.008268070275131177,,,,0.03242332796883741
2017-12-08,0.029253094935702557,,,,,,,0.015667098033243645,,-2.3478747159439683e-05,,,,,,,,,,,,,-0.016471148600842284,,,,,0.3917681785797768,,,,-0.18036661011992128
2017-12-15,0.029274920109217204,,,,,,,-0.09758204296388484,,-0.0006096096192621716,,,,,,,,,,,,,0.7050657641460467,,,,,-0.008360157816638033,,,,-0.0002994452960366132
2017-12-22,-0.007074966681356038,,,,,,,0.0378853403369282,,-0.013999616523564727,,,,,,,,,,,,,-0.02820183166368488,,,,,-0.010038941526554835,,,,0.023764494642542135
2017-12-31,-0.1987804897637335,,,,,,,0.05934997032746599,,0.03349673403475483,,,,,,,,,,,,,-0.6136090565280669,,,,,-0.1582843902328563,,,,0.022287549280801698
2018-01-05,-0.1005758407938181,,,,,,,0.003208782192112019,,-0.08219439145293904,,,,,,,,,,,,,-0.036121958678999526,,,,,-0.05582328606328669,,,,0.28521530677388485
2018-01-12,-0.06702300748938442,,,,,,,0.045685904136449684,,0.05317000192503086,,,,,,,,,,,,,-0.4130431193419824,,,,,-0.019943735578150004,,,,-0.017956167924472657
2018-01-19,0.047352415681227694,,,,,,,0.1276854367617271,,0.565576076828628,,,,,,,,,,,,,-0.0018355066315971157,,,,,-0.23955188305858346,,,,0.00306688850063324
2018-01-26,0.24413185211170085,,,,,,,-0.003219970258474514,,-0.008662942113094624,,,,,,,,,,,,,-0.08870326301248495,,,,,0.0447009090435331,,,,0.002257599141888056
2018-02-02,0.04243936397335975,,,,,,,0.002888567348972659,,0.0467685567665852,,,,,,,,,,,,,-0.059167463110178564,,,,,-0.005327373445645653,,,,0.0006738325541152903
2018-02-09,-0.03012766004376099,,,,,,,0.02157126693768941,,-0.39857616310350824,,,,,,,,,,,,,-0.07299388329153494,,,,,0.23892523459316994,,,,0.023139749470994314
2018-02-14,-0.012676011789977196,,,,,,,-0.04547488806862295,,-0.1869344512631042,,,,,,,,,,,,,0.04847762471489563,,,,,0.9992584763241329,,,,0.053953224873616326
2018-02-23,0.10448577734618802,,,,,,,0.004963125072827222,,0.0016569398982376146,,,,,,,,,,,,,0.0976326680140259,,,,,-0.09152735235952097,,,,-0.40700230099247087
2018-03-02,-6.15676455746015e-05,,,,,,,0.00911424944811884,,-0.05233253364122119,,,,,,,,,,,,,-0.8677283750683494,,,,,-0.11964235699309275,,,,0.04156833368781609
2018-03-09,0.010756135826617767,,,,,,,-1.3865001354871416,,-0.0006973212478699562,,,,,,,,,,,,,0.01963033693219707,,,,,0.045097994025631416,,,,0.002324858253900531
2018-03-16,0.15614656118265796,,,,,,,0.0802905911471265,,0.007428735299057345,,,,,,,,,,,,,-0.2802917268537305,,,,,1.8947575867244446,,,,0.06717398706730027
2018-03-23,-0.005407237771350488,,,,,,,0.00526494065271595,,0.24578939896033494,,,,,,,,,,,,,-0.08571959895764583,,,,,0.08015154123026529,,,,0.13458926925009207
2018-03-31,0.037179148233628764,,,,,,,0.03597845730159078,,0.04898228989620651,,,,,,,,,,,,,0.031057166530526016,,,,,-0.12970594908776228,,,,0.19284537009077138
2018-04-04,-0.01844253325801492,,,,,,,0.002182825067769249,,0.0004459236034297214,,,,,,,,,,,,,0.1359697439834444,,,,,-0.005749311958092317,,,,-0.11585132108450319
2018-04-13,0.019251862122232448,,,,,,,1.089503537001461,,0.010931789714217604,,,,,,,,,,,,,0.5024653568487312,,,,,-0.028611201193407543,,,,-0.00858952461479392
2018-04-20,-0.0048000371298117074,,,,,,,0.010688114405956923,,-0.8501214313089029,,,,,,,,,,,,,0.2023697291330046,,,,,-0.04683998394346009,,,,1.0571635515913815
2018-04-27,-0.028304415814721783,,,,,,,-0.007214628078188706,,0.13353561682830248,,,,,,,,,,,,,0.003519512478649352,,,,,-0.06022358642926068,,,,0.062315738270722176
2018-05-04,-0.0012634859487544302,,,,,,,-0.023879127418517755,,-0.16082691116174724,,,,,,,,,,,,,-0.6758458971604002,,,,,0.011685782400471353,,,,-0.30092524105249485
2018-05-11,-0.0022536421638653654,,,,,,,0.10776712798815288,,0.014700361315904551,,,,,,,,,,,,,0.7627109834949364,,,,,1.040227815993268,,,,-0.0013155543874565326
2018-05-18,-0.02742615166830971,,,,,,,0.09992647398989035,,-0.23194518391334668,,,,,,,,,,,,,0.30074997114670016,,,,,-0.14362312547901884,,,,-0.5341788386049692
2018-05-25,0.9171624666705596,,,,,,,-0.10718638646057152,,0.00407418110173078,,,,,,,,,,,,,-0.11382111807791312,,,,,-0.019704129522058585,,,,-0.3338180634021811
2018-06-01,0.023815595304903577,,,,,,,-0.006772038994632475,,-0.19247968965576462,,,,,,,,,,,,,-0.10185011827443947,,,,,-0.15415457515585426,,,,1.9979771628090837
2018-06-08,-0.5641622679698758,,,,,,,-0.025441043185867825,,0.004605052830859926,,,,,,,,,,,,,0.007039756715744775,,,,,-0.23667612199490864,,,,-0.005755454681118672
2018-06-15,-1.4819442319097873,,,,,,,-0.002121339394643616,,0.008103607440691402,,,,,,,,,,,,,0.02147047339866457,,,,,0.020513973588364588,,,,-0.4780378456583266
2018-06-22,0.022366834515882988,,,,,,,-0.19213746407675714,,0.006556325780759431,,,,,,,,,,,,,-0.4483692836471513,,,,,-0.15628129462109505,,,,0.007529539766196172
2018-06-30,-0.011069395491297585,,,,,,,-0.12345689611762167,,0.001184527164331996,,,,,,,,,,,,,0.05055217664156824,,,,,-0.20608972594449362,,,,-0.02159518607657055
2018-07-06,0.005341093278071786,,,,,,,-0.011291548428600667,,0.16095933405147414,,,,,,,,,,,,,-1.4496894141408851,,,,,-1.7699604018528772,,,,0.03739142899011165
2018-07-13,0.545128738243128,,,,,,,-0.04740894704234164,,0.0347317633907561,,,,,,,,,,,,,0.07924101748761123,,,,,-0.023956893286331382,,,,0.015563023473820273
2018-07-20,0.08349299284073418,,,,,,,-0.3942299147694937,,-0.3355513467705884,,,,,,,,,,,,,0.19236793202991007,,,,,0.47338858431791186,,,,-0.025677033418191646
2018-07-27,0.14065124292887124,,,,,,,-0.09985754417544343,,0.028222784192386746,,,,,,,,,,,,,-0.19840834322291132,,,,,-0.5299698780738729,,,,0.00471078698002451
2018-08-03,-0.005617275981434985,,,,,,,-0.004771594030432275,,0.00021485662628590972,,,,,,,,,,,,,0.07152537208586393,,,,,0.30526007506222175,,,,-0.0003264775709040625
2018-08-10,-0.23858915884236737,,,,,,,0.05916745048683283,,0.030195238301496372,,,,,,,,,,,,,0.055104120407635425,,,,,-1.160799628310825,,,,-0.06603176583612036
2018-08-17,2.854037891953922,,,,,,,-0.2063917174849823,,-0.30668050354676746,,,,,,,,,,,,,-0.8841924737445489,,,,,2.1098624694101655,,,,-0.00020817098457563996
2018-08-24,-0.06719429609801153,,,,,,,-0.011435423687009274,,0.09224964423792234,,,,,,,,,,,,,-0.006046740944260255,,,,,0.324249616787228,,,,-0.035370883959738086
2018-08-31,-0.2160492974761492,,,,,,,,,0.0011032743473908568,,,,,,,,,,,,,-0.09326412666893612,,,,,0.8960505862459858,,,,-6.364477530477618e-05
2018-09-07,0.33171611054696665,,,,,,,,,0.026944310288640638,,,,,,,,,,,,,0.06038010570219505,,,,,-0.29658547738042706,,,,0.019088001627152903
2018-09-14,-0.0174485547342219,,,,,,,,,-1.6531062341540192,,,,,,,,,,,,,0.050238628192113485,,,,,-0.22912749204288652,,,,0.033384236113690235
2018-09-21,-0.06871963508241094,,,,,,,,,-0.006464828663211045,,,,,,,,,,,,,0.19801427148869546,,,,,-0.9523609985500456,,,,-0.03466145433932195
2018-09-30,-0.0023522159176394145,,,,,,,,,-0.13731917767063825,,,,,,,,,,,,,-0.13912947199779363,,,,,-0.048951018691619795,,,,-0.0002767349541053793
2018-10-12,-0.002589561749523398,,,,,,,,,0.005492603815138856,,,,,,,,,,,,,0.020375284307931847,,,,,0.043023214527050824,,,,-0.0776991010430835
2018-10-19,-0.6841040282729273,,,,,,,,,0.3969883105675456,,,,,,,,,,,,,-0.14986585250994616,,,,,-0.053068262968983614,,,,0.020411934697897698
2018-10-26,-0.17676292447794106,,,,,,,,,0.003743402617099969,,,,,,,,,,,,,0.01596717908905554,,,,,0.4712090882329194,,,,0.11917697772311821
2018-11-02,-0.2138264409660506,,,,,,,,,-0.011156702574105752,,,,,,,,,,,,,0.22139601574184192,,,,,-0.29880034477452166,,,,-0.5034539429416416
2018-11-09,0.0404524926612604,,,,,,,,,0.002283901521174149,,,,,,,,,,,,,-0.08280834524092677,,,,,-0.13160292128107162,,,,-0.027885377007172498
2018-11-16,-0.25926324078937957,,,,,,,,,0.013644372383242521,,,,,,,,,,,,,0.1927139040583598,,,,,-0.004343665978298777,,,,-0.028841027542179615
2018-11-23,-0.0176210729816977,,,,,,,,,0.0007871846843003031,,,,,,,,,,,,,-0.8280251507744223,,,,,-0.5755534348755831,,,,-0.0015192864275380804
2018-11-30,-0.10968769059074243,,,,,,,,,-0.07919594305651648,,,,,,,,,,,,,-0.8381400508098523,,,,,-0.03319969083493434,,,,0.12223144372693903
2018-12-07,-0.012723319321530549,,,,,,,,,-0.43721326607594846,,,,,,,,,,,,,-0.2733712138866164,,,,,-0.3769401452704231,,,,-0.01975450712586417
2018-12-14,-0.5398554892490216,,,,,,,,,0.03974859606888654,,,,,,,,,,,,,-0.008061189324739102,,,,,-1.1385357096643087,,,,-0.31020458056419453
2018-12-21,-0.05558020719745738,,,,,,,,,0.06511241546002976,,,,,,,,,,,,,0.3735190827136208,,,,,-0.1628505135860836,,,,-6.237327717595444e-06
2018-12-28,-0.08417047824525442,,,,,,,,,0.2565663351338706,,,,,,,,,,,,,0.6018109993831164,,,,,3.3700601535877444,,,,-0.051817314280002164
2019-01-04,-0.5651688302284721,,,,,,,,,-0.20583167321713952,,,,,,,,,,,,,-0.0650148326018112,,,,,0.3840276162953016,,,,0.017590234392517366
2019-01-11,-0.05148895531581916,,,,,,,,,0.41561395147463265,,,,,,,,,,,,,0.27770740955983575,,,,,0.012285609124508117,,,,0.02564412642408475
2019-01-18,0.058661593063905615,,,,,,,,,-0.017796611089604356,,,,,,,,,,,,,0.05370627200444639,,,,,0.04825241551456372,,,,-0.01655660029735938
2019-01-25,0.40333509650723354,,,,,,,,,-0.005678698899472179,,,,,,,,,,,,,0.8108404976745316,,,,,-0.0805110406571679,,,,0.04180973530504132
2019-02-01,-0.7944911669263633,,,,,,,,,-0.015963395863764118,,,,,,,,,,,,,0.16323523745121088,,,,,-0.27994036860296934,,,,0.08563982106169335
2019-02-15,-0.016870631345095668,,,,,,,,,-0.011271239913590633,,,,,,,,,,,,,-0.3077651773463479,,,,,-0.16094586176373682,,,,-0.0038575855914602607
2019-02-22,-0.007624845109592103,,,,,,,,,0.09350137703853097,,,,,,,,,,,,,0.5311062484494028,,,,,0.13968247619797897,,-0.0003988516042664741,,-0.014665521528523628
2019-03-01,1.0727886295330191,,,,,,,,,-0.0039261026002584964,,,,,,,,,,,,,-0.005421787060993687,,,,,-0.09714965817018509,,-0.0109422179834877,,-0.06065602002004558
2019-03-08,-0.08874949618292566,,,,,,,,,0.026367039782943046,,,,,,,,,,,,,-1.8169810986590758,,,,,-0.00530628272128206,,-0.004429420735445387,,-0.0017528407019392648
2019-03-15,-1.9192949686676186,,,,,,,,,-0.07812200193551526,,,,,,,,,,,,,0.5481592658847109,,,,,0.7500101965674911,,-0.3973987868787706,,0.03836901057313251
2019-03-22,0.031217832743070252,,,,,,,,,0.1282824324835875,,,,,,,,,,,,,0.5137475582623117,,,,,-0.12173784347561356,,-0.0004981741380540652,,-0.0012266140279087133
2019-03-31,-0.004122047773290123,,,,,,,,,-0.04243247267422925,,,,,,,,,,,,,-0.0031918067051045465,,,,,-0.07120071163562107,,0.09732032105801973,,0.052807338686972696
2019-04-04,-0.0638036261068004,,,,,,,,,-0.010547935942365522,,,,,,,,,,,,,-0.10617351556893888,,,,,-0.038634933617149314,,0.012452968241495289,,-0.009853358471737779
2019-04-12,0.07417367783822715,,,,,,,,,-0.026235887055565035,,,,,,,,,,,,,-0.015463175428957697,,,,,-0.007698378760487665,,0.08819943250191709,,-0.03393849708236672
2019-04-19,1.5280721946373257,,,,,,,,0.2623017651027751,-0.002225414104787308,,,,,,,,,,,,,-0.036087529516874536,,,,,-0.2119139431229191,,-0.17243571786242523,,0.1480785641434948
2019-04-26,0.002993565291513232,,,,,,,,-0.17656502416277992,-0.23053904840814524,,,,,,,,,,,,,-0.016948573140100606,,,,,0.022158585447787135,,0.009192598191951687,,-0.03270943021366416
2019-04-30,0.003922486859600053,,,,,,,,-0.20775262337698625,-0.054165304663161246,,,,,,,,,,,,,-0.27698011369565034,,,,,0.006133835927480805,,-7.817552046336245e-05,,-0.039661012508543994
2019-05-10,0.46452212291871775,,,,,,,,0.0814516105316313,0.10386366020247936,,,,,,,,,,,,,-0.39164345359808117,,,,,-0.006617793820459178,,-0.02023495680179485,,-0.02403621692287973
2019-05-17,0.5393646360990098,,,,,,,,0.9957101273684875,-0.07751155930053538,,,,,,,,,,,,,-0.0007699934239473657,,,,,-0.2134494502379229,,0.1411670557042919,,0.049177212757934956
2019-05-24,0.1908512957036999,,,,,,,,0.3680630339227187,-0.07213292829330041,,,,,,,,,,,,,0.01684192270982596,,,,,-0.02076825512094776,,-9.765251985020277e-05,,0.024798166544307675
2019-05-31,0.1738971154791703,,,,,,,,1.0760420032344473,-0.011919948441213206,,,,,,,,,,,,,-0.03734073729318904,,,,,-0.024488939370851334,,-0.0031942342398172717,,-0.017551174696770335
2019-06-06,-0.4577543921402344,,,,,,,,-0.04717786028241013,-0.1472535633290088,,,,,,,,,,,,,0.006734779775768748,,,,,-0.04474844513299926,,0.025516609861535818,,-0.001180785591181687
2019-06-14,0.03048545511688746,,,,,,,,0.008265930223324409,-0.22224252332827252,,,,,,,,,,,,,0.033770798427882984,,,,,-0.1727288149898345,,-0.0001996576229961615,,0.009722378836208644
2019-06-21,0.010637115773503137,,,,,,,,0.008787277383528053,-0.023943364352890857,,,,,,,,,,,,,-0.0012756720457344905,,,,,0.020113985158050407,,0.34810880904037655,,-0.010200997995820846
2019-06-30,0.4687346030026759,,,,,,,,0.20247187550136847,-0.00025717039247424845,,,,,,,,,,,,,-0.0008940550464231762,,,,,0.021986905205906262,,-0.016044967005574867,,-0.02557805789791557
2019-07-05,0.19754762848016044,,,,,,,,-1.0478847031534424,-0.006638656100740483,,,,,,,,,,,,,0.45758473245167464,,,,,-1.0831496263742317,,0.0028881090821522293,,0.01030711086495839
2019-07-12,0.04536989948918681,,,,,,,,-0.02613342727528197,0.011400168792348245,,,,,,,,,,,,,-0.11396437087292424,,,,,0.015737271878259507,,0.01171675214614485,,0.0005672097181162379
2019-07-19,0.043313772621597725,,,,,,,,0.07707298042822669,-0.020928779916304693,,,,,,,,,,,,,-0.05559769011308701,,,,,-0.029230381084353906,,0.009742880387722244,,0.004444120510815587
2019-07-26,0.19230743674648101,,,,,,,,1.2186779552198996,-0.0034948260263583364,,,,,,,,,,,,,-0.14765776135585065,,,,,0.06176447540289664,,0.0012963196315726856,,-0.07469149032021527
2019-08-02,-0.010626727789342032,,,,,,,,0.22315214325231333,-0.06888270099025662,,,,,,,,,,,,,-0.06218110588528455,,,,,0.03954947096651683,,-0.013117303334214351,,-0.05137816922421173
2019-08-09,-0.027792361441475084,,,,,,,,-0.11910669769407393,-0.03707706273921875,,,,,,,,,,,,,-0.11932170139721025,,,,,-0.05514510065125258,,0.48335120084292027,,0.005070391573382139
2019-08-16,0.453505597016654,,,,,,,,1.5371891780947733,-0.09356199639655387,,,,,,,,,,,,,-0.03936395514506447,,,,,-0.0014651916003992063,,0.043729009147056255,,-0.009299037315374892
2019-08-23,0.49302447121193205,,,,,,,,2.7876849523653613,,,,,,,,,,,,,,-0.15084850244566392,,,,,0.6549995119904486,,-0.060648584847172046,,0.07285506087234347
2019-08-30,-0.022719395908189367,,,,,,,,-4.364487421132253,,,,,,,,,,,,,,0.2925813690179129,,,,,0.06805447576318113,,,,-0.002328910124210241
2019-09-06,-0.018342780858384783,,,,,,,,0.06569097191858173,,,,,,,,,,,,,,-0.003057428882282339,,,,,0.018088026085158193,,,,-0.012836289680744146
2019-09-12,-0.1404264457963471,,,,,,,,-0.2641999510001668,,,,,,,,,,,,,,0.43585231143488434,,,,,0.00846969225836416,,,,-0.0004055414274311715
2019-09-20,0.13501413053358993,,,,,,,,0.134778176910209,,,,,,,,,,,,,,-0.04047730157362275,,,,,-0.053536849644098446,,,,-0.07105635498371993
2019-09-27,0.01505228597188967,,,,,,,,0.2629222176104097,,,,,,,,,,,,,,-0.06053907333654328,,,,,1.052064767696306,,,,-0.04209477184895802
2019-09-30,0.4314631650344873,,,,,,,,0.3891783187369486,,,,,,,,,,,,,,0.014781718601907015,,,,,-0.0730571983127157,,,,-0.0016070006063576225
2019-10-11,0.003862996269389224,,,,,,,,0.01529855702532318,,,,,,,,,,,,,,-0.013617945287336392,,,,,-0.8518710381364031,,,,-7.631522884509114e-05
2019-10-18,0.013073682145094382,,,,,,,,0.03174829852270429,,,,,,,,,,,,,,-0.3638460378981557,,,,,0.01988421765381437,,,,-1.273973699699962e-05
2019-10-25,0.13637234228054093,,,,,,,,0.056712208164467454,,,,,,,,,,,,,,-0.0008635556586316164,,,,,0.30302506934978757,,,,0.0037935260953165704
2019-11-01,0.00414955891678702,,,,,,,,0.009874156239878973,,,,,,,,,,,,,,-0.009929414165542128,,,,,0.024812812425830617,,,,-0.04289898535017107
2019-11-08,0.27972595068902295,,,,,,,,0.026118668618855385,,,,,,,,,,,,,,-0.0002916531622200755,,,,,-2.650609448628142,,,,0.013871706148780121
2019-11-15,0.007660146770010674,,,,,,,,-0.130620428258503,,,,,,,,,,,,,,0.5176596796018946,,,,,-0.5432239909888276,,,,-0.029196605600596948
2019-11-22,-0.8447650906750059,,,,,,,,0.3304828185742786,0.013180239085587589,0.0015368890709198592,,,,,,,,,,,,0.15345260995931093,,,,,-1.2498802496293373,,,,0.22638814511808197
2019-11-29,0.009380400186130466,,,,,,,,-0.39603928074191685,0.38506221350903636,-0.011445553436461255,,,,,,,,,,,,0.010307056860015793,,,,,-0.6439821702496241,,,,-0.037866826649079546
2019-12-06,0.03497898831984827,,,,,,,,0.4263079757281889,-0.004387111737615201,0.1250158042295583,,,,,,,,,,,,-0.00021385197111728458,,,,,-2.952921476586214,,,,-0.2221614542069432
2019-12-13,0.21607827894085863,,,,,,,,-3.4052516021638084,-0.004248894467659156,2.797562430416658e-05,,,,,,,,,,,,-0.0026711192699998875,,,,,-1.211831035560746,,,,0.010027464729162164
2019-12-20,-0.020020112467691142,,,,,,,,0.5174358273413985,0.06353159219197116,0.0034663800132339996,,,,,,,,,,,,-0.002838588017763201,,,,,-5.115149575078963,,,,0.021504268956602953
2019-12-27,0.05644468584399392,,,,,,,,0.13649873099824433,-0.01723978818241203,0.00031993213073900896,,,,,,,,,,,,-0.00024193944645612428,,,,,-0.09831109646075008,,,,-0.015466321694537325
2020-01-03,-0.006109962908626877,,,,,,,,0.11421488419603991,-0.009559076961391752,-0.01167055479399449,,,,,,,,,,,,-0.006067447709125429,,,,,-0.18752423420058978,,,,1.0794644503629849
2020-01-10,0.9988257768738668,,,,,,,,0.10902610462596307,-0.02999512594513457,-0.10904453195406048,,,,,,,,,,,,0.020811012842562638,,,,,-3.2639421092290384,,,,0.27666749466286966
2020-01-17,0.014547394847709484,,,,,,,,0.34410999246017376,-0.0009339892091609201,0.45230992642876555,,,,,,,,,,,,-0.0031228368898011697,,,,,-0.2201752305524822,,,,0.19914491402880732
2020-01-23,0.10275999467724325,,,,,,,,0.3204748739305204,-0.010319426109596734,0.0027996927115351636,,,,,,,,,,,,-0.13709026815878916,,,,,-0.8184418120334007,,,,-1.4911727023282972
2020-02-07,-0.04914917816342193,,,,,,,,-0.3664232602367824,-0.0217302435748494,-0.10232232586725064,,,,,,,,,,,,-0.03170710247545934,,,,,27.189245427786258,,,,0.8168083581674186
2020-02-14,-0.906087644767807,,,,,,,,3.793762632695687,-0.012441072571039956,-0.4766872919093749,,,,,,,,,,,,-0.0014017474444200225,,,,,-0.7315453809865584,,,,1.2064764375426948
2020-02-21,-0.5753701035409263,,,,,,,,0.18252944988079184,-0.0013279021012724246,0.00025716033192124953,,,,,,,,,,,,0.03719044992947462,,,,,-3.5918337729940824,,,,1.4492743304774105
2020-02-28,0.0923268249095713,,,,,,,,0.8517700532259153,-0.019857022245010746,-0.014816457711902284,,,,,,,,,,,,0.040617642570331916,,,,,-1.601985550337953,,,,0.031457493851665366
2020-03-06,0.03165700004725501,,,,,,,,1.0366087174655017,-0.0950417742600163,7.093792700784268e-05,,,,,,,,,,,,0.0077750313869855625,,,,,-0.15066164455354392,,,,0.06726852034651794
2020-03-13,0.09599868672387282,,,,,,,,0.04458043219443932,-0.0612975977000515,0.0008877239498594907,,,,,,,,,,,,-0.005693991166219263,,,,,-0.24323134861271628,,,,-1.0823438634546043
2020-03-20,0.0652293803524972,,,,,,,,0.4975293775566713,-0.21796359394068038,3.249353522728704e-05,,,0.44944758153199793,,,,,,,,,-0.3251501876327462,,,,,-1.7275602266612466,,,,0.058460524607175886
2020-03-27,-0.16740616106448952,,,,,,,,0.7514840583062508,-0.0038064802830358817,2.5619756191332855e-05,,,-0.8318212953718245,,,,,,,,,-0.00019314266689151948,,,,,-4.205477166968982,,,,0.40452734042261507
2020-04-03,0.023301089717240674,,,,,,,,0.03233179044545531,0.3002046708194275,-0.23136112796056704,,,-1.4331394739629109,,,,,,,,,-0.01161434326454765,,,,,-0.4272116148690954,,,,1.6129112136420363
2020-04-10,0.058540336626189765,,,,,,,,-1.1166515351660997,-0.013064498265346575,0.06448694180812387,,,-0.007609830892806748,,,,,,,,,-0.031602217354736034,,,,,0.06781872640806835,,,,-1.4634716093380389
2020-04-17,0.05163569558110881,-0.20695287573424365,,,,,,,0.2792110661329753,-0.002332777751089581,0.00010497414129025223,,,-0.4671302216689724,,,,,,,,,-0.01089599646110134,,,,,0.17375192831546032,,,,0.438782079098577
2020-04-24,-1.7219985615485291,0.12435284280989048,,,,,,,0.1722559710323114,-0.12512639728260538,0.013652756649249625,,,-0.03601805103605664,,,,,,,,,-0.0033143487788304736,,,,,-1.848473040189502,,,,0.02584274694882269
2020-04-30,0.23404612427473204,-0.24738511390519738,,,,,,,-0.19811769716682187,-0.009522157809504666,-0.010504588362601444,,,0.051912234875673216,,,,,,,,,-0.027036099183281974,,,,,-1.399574557729719,,,,0.023907849401666643
2020-05-08,0.037787206389570796,0.5455880459778333,,,,,,,-0.1159197035091016,-0.5980135802288411,2.049869989208536e-05,,,-0.2957867213318606,,,,,,,,,-0.09685964122356082,,,,,0.1255030693681791,,,,-0.05346603246080462
2020-05-15,0.2511936999957019,0.15363699041779724,,,,,,,0.7742807878997056,0.10025035232692474,0.04969203345032812,,,0.5387875324519775,,,,,,,,,-0.023839075636522284,,0.03196151948389149,,,0.0005250728058945123,,,,-0.03152460507756222
2020-05-22,0.11827121288764708,-0.7240259790443432,,,,,,,0.00419037825998261,-0.0007111366580792827,0.41182879829131314,,,-0.0558048877174888,,,,,,,,,-0.001237813077768994,,0.015600006907918278,,,0.6589280541365761,,,,-0.0003067088899911939
2020-05-29,0.012169763786496075,0.7262677020538015,,,,,,,2.7240722687214785,0.024850664823135443,8.629936280498843e-05,,,-0.5356317751805526,,,,,,,,,-0.0002727025081421226,,-0.00501859005189255,,,0.969369594780056,,,,-0.0002347349268306415
2020-06-05,-0.04234188189166541,0.5123229302516071,,,,,,,-0.015116866760886083,-0.2818213970628074,0.009918698354796055,,,0.7559668717247137,,,,,,,,,-0.0004925723043700455,,0.07329762612587226,,,0.03810548052044312,,,,-4.902158497590926e-05
2020-06-12,-0.04357964282756962,0.06054223337037847,,,,,,,0.0514074100346765,-0.05816952602103151,0.000908075168277591,,,-0.47819758061478357,,,,,,,,,-0.02259085719697824,,0.00796335155559584,,,0.05247108497529401,,,,0.1798791714720465
2020-06-19,-0.04039084994051298,0.11252096181450096,,,,,,,1.3648298908036263,-0.001398090552872724,0.0001929106595126204,,,-0.08503889081264482,,,,,,,,,0.017113180085406045,,-0.0010796557911886152,,,-0.02453184630969174,,,,0.17429929382149395
2020-06-24,-0.21225135837126724,0.14529533881578371,,,,,,,-0.06251015362305556,0.2010355235252829,0.061454277063834405,,,0.015278047328254671,,,,,,,,,-0.07414661816355393,,-0.10900438081373036,,,-0.26411749163007137,,,,-0.004497874133358476
2020-07-03,-0.08321115482489136,-0.11137032228051898,,,,,,,0.25237153326530437,-0.018296699435041905,-0.03189949968121114,,,-0.04503646227341865,,,,,,,,,-0.07867233872338604,,-0.08999951855942773,,,0.9293688013649136,,,0.1211522987043433,-0.12340121819034974
2020-07-10,-0.08927393104170403,-0.9903325539444997,,,,,,,0.10281989539727701,0.00031276951778748396,0.0020750625130112987,,,0.0427121864031577,,,,,,,,,-0.05155015712382613,,-0.020566380804381394,,,-0.10101908868322257,,0.010591868781900214,-0.012863955630017795,-0.0032218658374407747
2020-07-17,-1.5797206566353834,0.07027757552051786,,,,,,,0.05914456815516589,0.02197383989358919,0.013006836553602966,,,-0.32961889063530675,,,,,,,,,-0.000516274236138007,,0.05510814188656032,,,0.11599514847581918,,0.01418429496024313,-0.008473050604986989,0.4264557135389535
2020-07-24,-0.00997644533602535,0.015605310321369498,,,,,,,-0.12240820377256133,0.14819737180879416,0.00014087963325319855,,,-0.5199406790854948,,,,,,,,,-0.46077578492963855,,0.055772624897114056,,,-0.03035698333183112,,0.020948522618761026,-0.03935301125049155,-0.00253440112283363
2020-07-31,-0.21125568130215489,-0.0034806232248006073,,,,,,,0.44933399018370657,-0.004145127567174869,0.012979482215370085,,,-0.15060794380790818,,,,,,,,,-0.22059228839280612,,0.5539426904416068,,,-0.9769740442350057,,-0.04209514922167874,0.020876246408421992,-0.0005367062676388107
2020-08-07,1.0093968735100607,0.24550262148997906,,,,,,,-1.3261688761732486,-0.0005324104733305565,1.867672507565959e-05,,,0.7063595251119936,,,,,,,,,-0.0022315450352337857,,-0.001313715101644353,,,0.10752927010437945,,0.017030347895630012,0.5561217852923976,-0.07531009105020746
2020-08-14,-0.037396099117480326,0.14637349783737474,,,,,,,0.004022989500300979,-0.006874364657441459,-0.3838764648532321,,,-0.0342405222581448,,,,,,,,,0.08511562463677055,,-0.03467964149119407,,,2.722786757205734,,-0.0062371903792161395,1.0081213459072305,-0.05521170574793795
2020-08-21,-0.009878187341905677,-0.09426537767159257,,,,,,,-0.7822084691280708,0.13829552917185806,-0.0003402526125676509,,,-0.2318282454532959,,,,,,,,,0.10993006090099228,,-0.15452773047558793,,,0.17587380352400317,,0.015890717070631145,0.016497349390083616,-0.003227143737076646
2020-08-28,-0.5897637702933074,0.01031069912918152,,,,,,,-0.08265079495097226,-0.01016415065164001,-0.15630303327829312,,,1.2124505352703836,,,,,,,,,-0.026945872464525157,,-0.0259968847337559,,,0.7372374470434031,,-0.7678098308762422,0.029867702314276275,0.006224536175576244
2020-09-04,0.08980618905080186,0.019165575769997757,,,,,,,-0.010036976828810627,-0.02944517137112087,-0.0454305549803219,,,-0.08731917236489499,,,,,,,,,-0.06166492937180966,,0.09955838326586555,,,1.1677908320870851,,,0.023755532081799577,0.04576911681821958
2020-09-11,0.42092583934667654,-0.2142910849245288,,,,,,,-3.701511334242328,-0.0012983588817135612,-0.017520491846441583,,,-0.37494019431582326,,,,,,,,,-0.007082260260125015,,-0.4836036902265846,,,0.13539580991558597,,,-0.014818893593111867,-0.026517998678393752
2020-09-18,-1.285649907141869,-0.11128373122558127,,,,,,,-0.9379358959688795,-0.10245855881236046,-0.14973526659923897,,,1.6934476028720338,,,,,,,,,-0.0035399263987679363,,-0.00990883774320535,,,0.4398998866752023,,,-0.0010851226963491734,-0.00014529388587687452
2020-09-25,-0.05323479648524653,0.03358799387365797,,,,,,,-1.7463423636022446,0.02137103715354115,0.00926791781170494,,,3.7238003981645056,,,,,,,,,-0.026495713876113394,,-0.004461360658876387,,,0.2065129055331209,,,-0.9985715328724987,-0.04634300435052669
2020-09-30,-0.867315241264727,0.0011280319399164286,,,,,,,-0.24520595287710414,0.32741608529860033,-0.0005967339072425622,,,0.5897284467289575,,,,,,,,,-0.0012883949804874059,,-0.014986322200634334,,,0.19252933929353788,,,-0.0405023729280551,0.671493020726767
2020-10-09,0.0160940454106753,0.1575016170173148,,,,,,,0.49479886510656546,-0.057891150206412174,0.03779777062644535,,,0.3184282692078818,,,,,,,,,-0.03661289510848387,,-0.0579388516449128,,,0.052551541587714405,,,-0.03073166125355572,0.07179075842795861
2020-10-16,-0.9421589171150748,-0.11107579138586347,,,,,,,0.12765998738914594,0.02393472136383993,0.019753498486613553,,,-0.3057429519866112,,,,,,,,,-0.00773894761320886,,-0.11354220553429623,,,0.07254214580350606,,,-0.008416202299515532,0.05028684846973658
2020-10-23,0.794818965724184,-1.0617012867148983,,,,,,,-3.7419860333183315,-0.636946089925619,0.3712377894361759,,,-0.11919344283617402,,,,,,,,,-0.0004783536590831416,,-0.03429106801598463,,,0.04650173318196982,,,-0.0008380115090163021,-0.0018237570820313737
2020-10-30,-0.3516684135609274,-0.08957181363313095,,,,,,,-2.4058487542261817,-0.0703440284361231,-0.002047438945865714,,,-0.2612369771466646,,,,,,,,,-0.16044432687616292,,-0.29636005726348064,,,0.02380868042117218,,,-0.0012507984104017961,-0.002351689006809723
2020-11-06,0.10323392936210832,-0.06769784803199237,,,,,,,-0.8217935988343633,-0.013490867026991347,0.008227303227861336,,,2.5446882149893733,,,,,,,,,-0.0030684843345239834,,-0.0011754311690465426,,,0.26030336675115695,,,-0.011858022303528393,-0.023291526957109298
2020-11-13,-0.04391887504735811,0.1532485315316564,,,,,,,-2.6526248737092963,-0.001567905714832021,-0.02284213955071478,,,-39.18778751016185,,,,,,,,,0.14399725098704608,,0.04072267187988535,,,-2.273676889176789,,,0.008956685900616213,-0.041390531886232075
2020-11-20,0.3832029439896781,0.005091579336991345,,,,,,,-2.0492456746147085,1.1534765452272802,0.011097445588345734,,,0.005928351490158398,,,,,,,,,-0.038400113111953224,,0.04629559870715075,,,0.01414349064895669,,,0.009381237194780684,-0.0801684988825501
2020-11-27,-0.3686277060062562,0.27862597853200366,,,,,,,7.049698894288645,-0.25589315788767925,0.26490509071393603,,,1.9439874137308353,,,,,,,,,-0.0694180112335205,,0.12354186110158302,,,0.17527494879325964,,,0.09368617059403146,-0.007608864409509816
2020-12-04,-0.2905897132725666,0.015692709360868144,,,,,,,1.4515265188452529,-0.04086867579866674,0.020716000320961728,,,3.204778554592383,,,,,,,,,0.31793689084943627,,-0.004130449175015386,,,0.034938054757139556,,,0.7528525280244104,-0.05009069753340473
2020-12-11,-0.07375554644264104,-0.17507254264155298,,,,,,,-0.10007278927455303,0.5456392811107371,-0.0013778722699203385,,,1.9189104717084002,,,,,,,,,-0.09632751601628922,,-0.0009738046147047929,,,-0.4771015005070359,,,0.5937172673514719,-0.00040702534450147296
2020-12-18,4.481804247148679,-0.5021753888476239,,,,,,,-0.7846209402853616,-1.6082666120869002,-0.004230425352627161,,,3.228543128451045,,,,,,,,,-0.025644947584376156,,-0.0008021674568295389,,,0.33538769900876364,,,0.01936606346847035,0.09620969865170895
2020-12-25,0.4607849733896609,0.010110733631134468,,,,,,,-0.18956253396090675,0.06830841389456388,-0.0060491075226772,,,1.6219277615968952,,,,,,,,,0.10395140296690841,,-0.06993172293526966,,,-0.1677971814293854,,,-0.7030067883057968,0.00830673548754655
2020-12-31,-0.04405459711254247,0.004757073535197817,,,,,,,-2.2979551417302306,-0.1918183248679662,-0.0004886217543995625,,,3.9278679853985645,,,,,,,,,1.0231243163805226,,0.1983205511510807,,,0.11287489465810921,,,0.031191410702302746,0.005168085460327254
2021-01-08,0.7218525092150704,-0.13945752424781477,,,,,,,-0.3986569254368627,0.5573589799528048,-0.0005804477051693506,,,0.31430718283483566,,,,,,,,,-1.0090566947381032,,-0.030034159523028,,,0.034838901171699195,,,0.12237546406062837,-0.05342951103452726
2021-01-15,-0.7565048887878068,0.05184065825461448,,,,,,,-3.049730754404236,-0.0878632719538342,-0.0016595092652522184,,,0.6597620018760136,,,,,,,,,0.84479620041371,,-0.01614218131092303,,,0.39190068987444415,,,-0.1469211455875521,5.271447058186872e-05
2021-01-22,0.015149097329283098,-1.0007933460027356,,,,,,,-0.21216240055813979,-0.014558991261572138,0.10426162357489258,,,0.19806681438155682,,,,,,,,,-3.582673062137391,,-0.05758611868463073,,,0.5839697762272027,,,0.0009232679390569988,0.00030619579404507014
2021-01-29,0.032650125468589204,0.40223485213801186,,,,,,,-0.39978352806550127,-0.5212737616060124,-0.0506186354823087,,,0.23808091019216296,,,,,,,,,0.07749510902322546,,-0.013012439191105184,,,0.36232804558597126,,,0.020838639427506064,0.022742469174769558
2021-02-05,-0.05070710367742422,0.003946474456570925,,,,,,,38.926553977893484,-0.02491109674387665,-0.015576639988918763,,,0.5691624935715898,,,,,,,,,-0.04071074695191981,,0.01488193840269712,,,-0.010891564350666984,,,0.061297494960233234,0.09127436568301303
2021-02-10,-0.07297865763740541,-0.059467397124621735,,,,,,,13.066768347159819,-0.05029621862281708,-0.04947838894891617,,,0.7065315948931601,,,,,,,,,-0.18138015950641068,,-0.001216070967874421,,,0.024797878674974197,,,0.10828573064474195,-0.5225121900184111
2021-02-19,0.037119562586221344,-0.0031591208259595764,,,,,,,-0.6746941411245838,0.01672529042892351,-0.05708326136155667,,,0.26090732278581197,,,,,,,,,0.09910066805011102,,0.055528580225534294,,,0.005476601788510389,,,0.10443983595545649,0.036321997637894954
2021-02-26,0.015503070529991649,-0.0989819076003922,,,,,,,-0.07096372005265904,0.005061238527199247,0.053827939187402245,,,-0.12002050888534008,,,,,,,,,-0.08849458332514863,,0.0661425878618225,,,-0.1958101022684253,,,-0.11665342475531551,-0.02117855396237132
2021-03-05,-0.0038792468897715362,-0.031181739412598303,,,,,,,-0.06200740595159516,0.7374848981974373,-0.015004775526880943,,,-0.2283394719867294,,,,,,,,,-0.07923781985219884,,-0.001435221175859347,,,-0.10346946951385952,,,0.023701161553004085,0.12860293770688871
2021-03-12,0.968040856962094,-0.008479512781864547,,,,,,,-0.3005565317787644,-2.903767733204831,-0.024854727746315638,,,-2.2737039852529857,,,,,,,,,0.035779239837527566,,-0.09481611483354353,,,0.005028177316686165,,,0.051275241673000516,-1.2056100592993357
2021-03-19,-0.9081693028218528,0.49065385964680197,,,,,,,0.039957271145126,0.008764229489950095,-0.0006698748663050509,,,-0.7992044485343193,,,,,,,,,-0.5851316463730799,,-0.05483878277540172,,,0.10615747027243971,,,-1.110242332670351,3.3276391190062298
2021-03-26,-0.010897286519094211,0.05752771969710614,,,,,,,-0.1816396789778747,0.1258352506721725,-0.005225009939501514,,,-0.5711985927798253,,,,,,,,,0.0011259603317830948,,-0.013385517202088177,,,0.06289444931845417,,,0.08690816733185744,2.05566006205746
2021-04-02,-0.015958902926354164,0.05274452946163245,,,,,,,-0.4648155488319013,0.15594467782177318,-0.08138640579093465,,,-0.06524916981777407,,,,,,,,,0.6032749119314619,,0.5350443697505087,,,0.1266390532906334,,,,0.03495447117480674
2021-04-09,0.0009488380829601755,0.5670593778579384,,,,,,,-0.1370553793691779,0.5617797346982712,0.0033949102080184125,,,0.8074521014560976,,,,,,,,,0.1745546665750021,,-0.004784632558314034,,,-0.0010810506579165685,,,,0.49973166449223394
2021-04-16,0.002472104667938733,0.04178555951309362,,,,,,,-0.17261368823323414,0.365739430714386,-0.003663340064434994,,,0.726607982280826,,,,,,,,,0.6700620829898873,,-0.09976042213869857,,,0.03663502344412553,,,,-1.7283209356480072
2021-04-23,0.2359293354754869,0.016430980986547376,,,,,,,-0.41126607432856854,0.5385239400321462,-0.4958123364860806,,,-0.15254310168179241,,,,,,,,,-0.8441157473368062,,-0.5332370269374879,,,0.043149445917758,,,,0.19344280696368088
2021-04-30,-0.1992993957125443,-0.010600569946514316,,,,,,,-0.16505953905701976,0.07237764821016031,-0.002428476266304777,,,-0.0057371228154611265,,,,,,,,,0.05369287769038544,,-0.023960972461530193,,,0.017129811164605973,,,,0.2043479530851885
2021-05-07,0.057512784986766444,0.016498300847371864,,,,,,,-0.4777382249409219,0.004923916675243709,-0.1896402745186083,,,-0.8624394624309866,,,,,,,,,0.3134466204493534,,0.7918172339487263,,,-0.2825324718227074,,,,0.2675283864624465
2021-05-14,-2.2196323463915384,-0.14949328164891354,,,,,,,-0.08919049023284657,1.3893875211408466,-0.11980430865020641,,,0.3118168462209485,,,,,,,,,0.09151392221500032,,-0.004016201956303283,,,-0.14345665993356488,,,,-0.24854463086814593
2021-05-21,-0.05005561597366384,0.07287092945757474,,,,,,,1.1208709511616861,0.08997704835783667,-0.1113575168115818,,,0.05435577431138455,,,,,,,,,-0.12519254801222107,,0.20802372814805423,,,-0.058377288344282574,,,,-0.015825316556138162
2021-05-28,0.24941266129482434,0.03564012138738466,,,,,,,-0.05551182317714714,0.008394222579877028,-0.11244481483255056,,,-0.2818224069262723,,,,,,,,,0.3475441300696028,,-0.0009500032104798659,,,0.06842019747394351,,,,0.009943386840754867
2021-06-04,0.08671422675247334,1.2020827327003998,,,,,,,-0.14392156881618434,0.3297092935575915,0.12355797783090962,,,0.08254809584213854,,,,,,,,,1.202668940071398,,-0.000892949287841202,,,-1.2670601161768216,,,,0.002016978294307068
2021-06-11,0.15353360653927162,0.12286275148445339,,,,,,,-0.019960600095027505,0.12578318414469516,0.10987126102197733,,,0.40887618366880274,,,,,,,,,0.014360606183115007,,0.030161632158194798,,,0.0044595533941865165,,,,0.045159361136529366
2021-06-18,0.006166355792057343,0.41795468550390363,,,,,,,10.96220109242937,-0.004223582824665505,0.3057754025906523,,,-0.13091220468498488,,,,,,,,,-0.9429986336110789,,0.01681175317371147,,,-0.7082264445283027,,,-0.0006527194162858626,0.11890458776761212
2021-06-25,-0.09499819830082301,-0.15066860489504738,,,,,,,-0.1688490589566063,0.09759059891878968,-0.034822655217174925,,,0.48415561824377673,,,,,,,,,0.12824266361313844,,-0.029891959635436036,,,0.2369250977040035,,,-0.018400590006338337,0.0023788810514598665
2021-07-02,0.8475168180767175,-0.8144689696239358,,,0.02418327119199562,,,,-0.46576853962277115,0.044297178064393594,-0.011299419615833204,,,0.21107203044669642,,,,,,,,,-0.41512382134565,,-0.22372889264031928,,,0.03674302708351025,,,0.08571287584179808,-0.2839655323191402
2021-07-09,-0.01688220178140375,-0.012686623039939754,,,0.002594028924781411,,,,-0.40989292662854887,0.05312142445686526,0.015537094905202525,,,0.4850036129390254,,,,,,,,,-1.3043508130551913,,0.041675750550144476,,,0.39325036426222965,,,-0.0004553773183998255,-0.023524630686131143
2021-07-16,0.4299905760978934,0.15183025650839393,,,-0.0260774628730181,,,,-0.2810570225750094,0.05269698805739681,-0.004536758761388087,,,0.17836068078061465,,,,,,,,,1.6110904835386644,,-0.002922246528034996,,,0.1907772111768007,,,-0.07001608996692284,0.0104298104345399
2021-07-23,-0.8525839371611545,-0.48417964545394243,,,-0.01697752313779844,,,,-0.4780676438967624,0.11145341425089617,-0.0061580683626971285,,,1.6035488128719797,,,,,,,,,0.9052367970275519,,-0.0055461230650418036,,,0.04057388470000026,,,-0.000661636783380523,0.02613335125050615
2021-07-30,-0.08811968408962319,-0.42454137422162064,,,-0.002898000823347547,,,,0.1207380841880213,-0.18085259234315107,-0.022849679374511524,,,-1.0565559478889124,,,,,,0.0012416324820497772,,,-0.4545102170782351,,-0.09116967177268807,,,0.07711605784298613,,,0.08496782618577352,-0.012446369599181993
2021-08-06,-0.10006977837572224,-0.30129586910304257,,,0.002766665780019495,,,,1.7567409047974374,0.06872669130489409,-0.0009142406592672524,,,-0.11200857685880826,,,,,,0.00033031161374069066,,,-2.542382339050991,,-0.030724879077673167,,,0.04164652190683177,,,-0.4064850385355329,-0.00021670300658447223
2021-08-13,-0.04414049660794237,-0.25750896832091835,,,-0.1761744331108179,,,,-0.8792930221968147,0.045849270077331826,-0.08037962259894027,,,0.013386959199508788,,,,,,-0.013571909750370108,,,0.014033806284931616,,0.5117600135056548,,,0.02294595336217767,,,-0.0006077109659433816,0.020344123259964302
2021-08-20,-0.41656699543560605,-0.11336169521962064,,,-0.0033720823526369407,,,,-0.04673576679272452,-0.18795347039254323,-0.03883711586594703,,,-0.12721976827462178,,,,,,0.0003197505763707631,,,-0.006639357957347179,,0.10149769274882584,,,0.068974996733977,,,-0.036285892945574015,-0.00965790898014321
2021-08-27,0.0021624606009657287,0.14738275069110066,,,,,,,0.13404110280003384,0.07449043614882529,-0.03955871828334207,,,0.09350821875747398,,,,,,-0.4638711276825935,,,0.03809524831874535,,0.00506255264126927,,,0.04922437632403081,,,-0.43365024939904495,0.08885025818107788
2021-09-03,0.05397134237713591,0.6341752736517542,,,,,,,0.034448620515206724,-0.004489748340402854,,,,0.018289396402604283,,,,,,0.00022056341988295838,,,0.3804558562113978,,0.01714303133535718,,,0.03843237937701907,,,,-0.03393313522444241
2021-09-10,0.06025443750574977,-0.04599326616189688,,,,,,,0.012289764080819372,0.025502529443743656,,,,0.6060283543241077,,,,,,-0.01828451170044441,,,-0.09911949583734336,,0.382337143917019,,,0.00047857608701107535,,,,-0.03057094353037858
2021-09-17,0.03821765720621667,-0.4101649593422815,,,,,,,0.8989227771556823,0.016675056058260335,,,,-1.0705071178776202,,,,,,-0.2083127811992249,,,0.602100066445748,,-0.14975691599104393,,,0.05530872175510032,,,,0.019224037865593124
2021-09-24,-0.006762695519224558,-0.29458019138863134,,,,,,,0.2500582848440675,-0.0012830640731842384,,,,1.2333333786983658,,,,,,-0.15043913783429358,,,-1.7118339021143845,,0.4594060277402233,,,0.029583477385401957,,,,0.08062164650401712
2021-09-30,0.37455393918911845,-0.05826474542754236,,,,,,,-0.004427870859345553,-0.019080853376731783,,,,0.39826482121260703,,,,,,-0.014456303887616772,,,0.16277119655194797,,-0.1556908425962834,,,0.024001742744387433,,,,0.050243784405053116
2021-10-08,-0.10088757277253829,-0.0038690680970202445,,,,,,,-0.1119283736597699,-0.010010078413068581,,,,-0.5420287966606983,,,,,,0.07291741325894063,,,0.25645774505819774,,0.2409165882560138,,,0.0026614844338553045,,,,-0.08248107474508873
2021-10-15,0.030761138123388602,0.12807736811866488,,,,,,,0.14573235541677584,-0.0022861188821852465,,,,0.17152178436311877,,,,,,-0.017333463073478536,,,-0.038403962075055066,,-0.07833109661484089,,,0.03336268594107691,,,,-0.12667819570805092
2021-10-22,0.10061229505160885,-0.5737865415991307,,,,,,,0.5451911624396113,-0.023148218061608026,,,,0.00025269557382060284,,,,,,0.014342169182962956,,,-6.8676192201978585,,-0.006453098895185111,,,0.028371076516683354,,,,0.003416430472907525
2021-10-29,-0.07819611845738192,0.06782582513842149,,,,,,,0.07606651396544532,0.03324181889695598,,,,0.4606396782480228,,,,,,-1.0977018841972228,,,0.5483473110234238,,-0.012299600875445817,,,0.22245523806438866,,,,0.01396943827947728
2021-11-05,0.001910752714116148,0.0396612296707253,,,,,,,-1.020969639678949,0.10837437294359295,,,,-0.22787177097680106,,,,,,0.004354858064589659,,,0.0532733232651735,,-0.02157191031581969,,,0.019112251427808123,,,,0.0005680514626072435
2021-11-12,0.00844526812875856,0.1925950246089203,,,,,,,0.10361619191588489,-0.020429550544659662,,,,-0.394584513198463,,,,,,-0.013762468571343597,,,0.5142806671798654,,0.6996591048606167,,,0.021393934791189423,,,,0.03477661135575347
2021-11-19,-0.08532273537462058,-0.17415424329489254,,,,,,,-0.03096776664356819,0.013750844690236047,,,,0.04067419922585859,,,,,,0.0025697796964904316,,,0.26854485151723784,,-2.550043484116165,,,0.0001659442921867091,,,,-0.019196410414068544
2021-11-26,-0.20131441995138435,0.05809608908003079,,,,,,,-0.12101478844955885,0.1505018780763781,,,,-0.19628453237143134,,,,,-0.004675243714676953,1.1453021747904257,,,0.2910664926997653,,-0.5009846986108434,,,0.019643491270947992,-0.19498752653573082,,,-0.04922698919602551
2021-12-03,0.2727532307596111,1.5199504658000023,,,,,,,-0.07222908206060463,0.3135315859756385,,,,-0.21606898810601424,,,,,0.0484202659563458,7.967580353464774e-05,,,-0.29691609450302775,,0.022019971047876827,,,0.004096107450712828,-2.1957554488102855,,,-0.06023874309399135
2021-12-10,0.015389081277717015,0.7377226978136847,,0.04772787038160918,,,,,-0.03065877241004887,0.011741072766127993,,,,-0.1288134188127343,,,,,0.021916062541401996,-0.14507437910272408,,,0.021355324245372412,,0.0050118559871230196,,,0.25838759898117497,-0.03815221556747461,,,0.058584777506970734
2021-12-17,0.08454856995700755,-0.06627049740960651,,-0.009804973576591552,,,,,0.0303085530360222,-0.10381458016628413,,,,2.341785344974272,,,,,0.019209531433463514,-0.043376925653418115,,,0.883376065260068,,-0.01633936117073896,,,-8.42529642650549e-05,0.057515789831900005,,,-0.02418132845573405
2021-12-24,0.013157637127765725,0.0032189823656722425,,-0.06971239568535467,,,,,0.8525288509924723,-0.010095099467435791,,,,-2.31743808122282,,,0.6276700986787295,,-0.0002190298291058483,0.8821459422854634,,,0.30900388302890225,,0.21313178966298388,,,0.0012479280763716654,-0.0020434647597365107,,,-0.00032908216330976016
2021-12-31,-0.03747859440394155,-0.26312186255724557,,0.00017689077464300281,,,,,0.14781113060861686,-0.09744186303445994,,,,0.05242466131472482,,,-0.03283722354117767,,0.00818194547885283,0.0699943118907346,,,0.9619889746790505,,0.17973782962190188,,,0.007060188447973647,0.10617266839487205,,,-0.0015508497763616514
2022-01-07,-0.027110815401166125,-0.06572176521313859,,0.0067611643608307785,,,,,-0.018093925925724737,0.01608760560859375,,,,1.0507336604379942,,,0.0012421668066534921,,-0.013750268356697449,0.06181860487157562,,,-0.053972429119777975,,0.18672070696433465,0.31455269511259815,,0.005919465747898463,0.5440041617585569,,,-0.032595980655475976
2022-01-14,0.030073884241721114,-0.2362210149445136,,0.0937743674792544,,,,,-0.637639103159779,-0.05104808656520065,,,,-0.39290537186615637,,,0.6317643992250572,,0.01891911543929527,0.29595772809194854,,,3.520837934013197,,-0.32037907639993535,0.03812342088943356,,0.01987757883434991,0.19355874494824304,,,-0.22148263083233544
2022-01-21,-0.17274748991466324,0.7306063838229407,,-0.0417107630110453,,,,,0.0524585623024645,0.375539324697851,,,,0.18516071794855232,,,0.2712091831393862,,-0.012948021958602793,0.0007285971885408896,,,0.6404255730761819,,-0.0017118445521562982,0.01843127374122431,,-0.5948621226385276,0.329250961537116,,,0.7067002894367063
2022-01-28,0.07570533013485298,-0.00734398417541735,,-0.06747536726537799,,,,,-0.0030724651785631885,-0.010885587482945984,,,,0.21224458988192124,,0.00018839052504305895,0.010303923124548489,,0.03608668906714704,0.002146201308048838,,,0.297661897001827,,-0.028416819064826935,0.11433090388216906,,0.0026483300748802825,-0.020645477990210485,,,-0.028519593104810607
2022-02-11,0.040946078326076045,-0.06243214833945519,,0.0013413430268807108,,,,,0.007212171729952699,-0.03699619064891354,,,,0.032278366930486635,,0.0035399150834688657,0.053021156041746405,,-0.05526386930826429,-0.01857740458138601,,,0.22491960709352002,,0.03518378256005018,-0.6304556319181143,,0.0009320277876633111,0.5788308553624122,,,-0.06648740887192071
2022-02-18,-0.43711852163435416,0.10655008416743729,,-0.0988927069378618,,,,,-2.901323924235605,-0.05395022633857817,,,,-0.018400286643003694,,0.020729125921096166,0.07679880100928185,,-0.0001817691884180201,-0.017024312090924056,,,0.1444326842261215,,-0.03522993124295637,-0.005133887911120655,,0.00570056590230925,-0.040153346757540426,,,-0.6965211852031576
2022-02-25,0.2972285155006099,-0.7368965059907012,,-0.0005043266962531513,,,,,0.40588852288661253,-0.1954158382731595,,,,-0.40423992557181837,,-0.11871897292271975,0.060048001497735204,,-0.00014540284333202546,0.0003637017638615274,,,0.03725460065464363,,0.9403654563929207,0.0022882189878425004,,0.06269104701564265,0.0605691028182251,,,-0.9313454611244915
2022-03-04,0.13393504155336036,-0.09056137530344806,,-0.01496845062144052,,,,,-0.002844276242436562,-0.023972565443921234,,,,-0.1603941847892825,,0.0012715065247848481,0.04722245287651226,,-0.1269057584765486,-0.007130270505015538,,,-0.744385332814062,,0.048760757411593206,-0.07238499652552646,,0.0008171633809720741,0.019779450241869397,,,-0.042612816406281784
2022-03-11,0.06080124662478744,-0.42814216018771584,,-0.0001324451556470078,,,,,1.141370862950723,-0.043214712193902285,,,-0.050451902248233454,-0.7036932620427281,,0.021506903587488045,0.5650191303695368,,-0.0018902005877998527,0.27131034103622464,,,0.8175708938218528,,0.541717027848973,-1.5966056211237905,,0.0005278745261244286,0.11603764853838705,,,-0.3516006202360087
2022-03-18,0.1916136110942511,-0.012393793285523189,,-0.0037540165535934296,0.008359524325232204,,,,0.5638628139277682,-0.7548098184439853,,,0.001628181906470454,2.220088813693144,,0.12958811161713962,-0.05900258200437141,,-0.025345602359579736,0.010213410074516923,,,0.7810111691054601,,-0.2756133170503461,0.002404982851454347,,-0.10443646239103346,0.2611995264249294,,,-0.03282844287261053
2022-03-25,0.2114797512479778,-0.2778778353859822,,-0.2604077916962811,0.0125759194259282,,,,0.1693469146104917,-0.007794465212259644,,,0.0010345382504138394,0.3525956365236042,,0.011673364793019773,-0.0031897609790216552,,-0.33589265941759006,0.008975894289307871,,,0.179132903641611,,-0.20787098506962848,0.02361412373413153,,-0.25396406729747484,-0.006753438370928231,,,2.1529419448313254
2022-04-01,-0.029048437404094882,0.1625716280580804,,,-0.008447387297863143,,,,0.3006374310412451,0.06583774507277254,,,0.011271519273939174,-0.3471542183586297,,0.0017257045820699651,,,-0.20553774561327154,0.011194921299204987,,,-9.136137879523595,,-0.128570881067219,,,-0.06990467586332359,0.24086243798015516,,,-0.243657172183524
2022-04-08,-0.33034893940115495,0.031444591097256905,,,-0.05623826278077917,,,,1.3904187887690382,0.04584827852549677,,,0.0010196514707164848,-0.2803336151117043,,0.016649673870511358,,,-0.015434697472128125,-0.01686084029473854,,,-1.516337817280552,,0.06083927593491489,,,0.006496643409311373,0.0017490364971244872,,,-0.04306606084640528
2022-04-15,-0.6371916781470351,-0.3315948813673145,,,0.006281931414937488,,,,1.0576056227203763,0.739518709515946,,,0.014973689431096601,-0.17093553264519273,,-0.013333780199465479,,,-0.053526749128343785,0.014493360543420479,,,0.02503277983345455,,0.4798491382427128,,,-0.011425504728353682,0.07634760540955235,,,0.015776508201386125
2022-04-22,0.10109833226486821,-0.1117607067728168,,,0.07425374406630132,,,,-0.6436230485436227,-0.024930117164302164,,,0.0016359344511356457,0.47787698269384166,,-0.00034032859619461894,,,-0.08158784739965827,0.00011763904206442935,,,-10.820609132986858,,-0.0843831960237405,,,0.041856867156710054,0.0004055743990932928,,,-0.25400325314328576
2022-04-29,0.8969993506639764,-0.0030588577014703314,,,0.002703738171345384,,,,1.2757403486976757,1.9477878394890857,,,0.011309237566521859,-1.4739777169078265,,-0.0019247267151894305,,,-0.01264800234577238,-0.07536136219668868,,,0.425735724438436,,0.003903058520163927,,,0.4807074612473316,-0.5614297390132799,,,-1.0596806582558318
2022-05-06,-0.07056547857193071,0.29631763112743836,,,0.3241587257047478,,,,0.49113223967715247,0.09996296479106018,,,-0.05162762648416547,0.12398024560963214,,-0.00020447511125222878,,,0.5846539595782494,-0.15053576933969848,,,0.06230584964536662,,0.16975758508525196,,,-0.08428812316758763,0.05007915306432767,,,-0.17160812483701043
2022-05-13,-0.171561148380402,0.012788009789111194,,,0.0337023655304203,,,,-0.38112320841078723,0.02835044830795246,,,6.440810287164565e-05,0.33133856126587863,,-0.00011191966803015616,,,-0.5455217410871316,0.015492087035349034,,,0.5073415012122209,,0.37083264445303316,,,-0.1050711563430686,9.085536917421757e-05,,,2.893557188766087
2022-05-20,0.0537459876955135,-0.38026076702345696,,,0.006588456926640754,,,,0.08313109224260744,0.3440405303651151,,,-0.028393062334206586,0.15077406589632353,,-0.0002473162400523695,,,-0.0019802907437723232,-0.04740368536782653,,,0.15259919614328077,,-0.1394710364587225,,,0.574041761614764,0.05873515118085148,,,-0.8489903224230213
2022-05-27,-1.9044757249955981,-0.7163042289383696,,,0.008233469521038117,,,,0.6850035670797125,-0.037340087768671,,,0.00424330348265571,0.39921389979485683,,-0.0154253433829734,,,-0.00255776446687181,0.0718369514665451,,,1.1558906534736293,,-0.14502041421146566,,,-0.16297848722360841,8.874630870895438e-05,,,-0.03555542243644913
2022-06-02,-0.2748286141984392,0.00022107670837587983,,,0.07762350873555957,,,,0.43609913318780225,-0.3130898150670391,,,0.001371682720775843,0.14126003685447963,,0.02698200519961617,,,-0.06429998874605695,0.000286192896135093,,,0.02309693894195839,,-0.17723865096488717,,,-0.2468814340921397,0.06595539151498363,,,-0.030254496679351317
2022-06-10,0.03599894137704975,0.5013791529445101,,,1.09405452050687,,,,-0.20863683850679648,0.017885518040836414,,,0.00010237431882993559,1.2724218930061506,,-0.0005462731474274772,,,0.6409143316159914,-0.017974202178818503,,,0.19445837222735993,,0.18063402840711473,,,-0.0023842560491492038,0.0384459403694687,,,-0.44503019564947927
2022-06-17,0.0007412651299273446,-1.0409978333661771,,,0.015140386264409517,,,,0.5691615356564309,-0.0033812948898176588,,,-0.014996566147979317,1.3416334736639188,,-0.10336219794957963,,,-0.0585768960598335,-0.4282842202190986,,,0.17480832995344947,,-0.36657393039125086,,,-0.08169124469077704,0.027082392693092067,,,-0.7260660715872143
2022-06-24,-0.025035175596644976,0.13194272959464523,,,0.19157632616614484,,,,-0.48204126949336185,-0.00935769416964326,-0.011860782160601501,,0.011630725393998495,0.5323246272161696,,0.03502966852079459,0.07149928694023973,0.021345923141154726,-0.01145605027161838,-0.0334296543538162,,,0.8052024156553075,,-0.022695344466887174,,,-0.273792885290693,0.06005787345486143,,,-1.0254446001417061
2022-07-01,0.03031973689679605,0.1604151734348117,,,0.011293686928159444,,,,-0.1739147939526698,0.005739679218074605,-0.0015158597392715173,,-0.02891293398789016,-0.12679788841482303,,0.017555249987648854,0.014144210717002297,0.9180001530733889,-0.0029242084301615693,0.12328564983612403,,,3.709203801999305,,0.00035922431844091773,,,-0.050640155853162366,0.006219978827268964,,,-1.9448799155543957
2022-07-08,0.08557132221351038,0.006978615378781451,,,0.13873778199269,,,,0.24412418285130374,0.01669821854622202,-0.0011185521007540087,,-0.0013510013795728557,0.25905022072489803,,0.00211655373227925,0.0018320185673574893,-0.16321453660286026,-0.0032321984054302557,0.23549328532124364,,,0.04510770672975681,,0.007491312717320332,,,-0.03798504933724596,0.02284863030090034,,,1.28332782835827
2022-07-15,0.9704277614929389,0.1571658187070777,,,0.2942936360432242,,,,-0.2715719356042357,0.0200933371514007,-0.11798576707851373,,-0.0021968409041015114,-0.02329802852217873,,0.0349260919009971,0.02115425936026138,-0.10012708692534489,-0.029697051858391995,0.0010775999135648594,,,0.045516261133123445,,1.1286348628489897,,,-0.00773815054888326,0.41773227513865596,,,-0.05309180986667209
2022-07-22,-0.12082648970866076,-0.011783535925072365,,,0.005552439592827141,,,,-0.4652205163973776,0.4339943380238474,0.28677756527276366,,3.699589613035367e-17,0.10652617706995217,,-0.00767993502866933,-0.004038566833839629,-0.4729362877329987,-0.04499293047672723,-0.026638064719087053,,,-0.25436681663491556,,-0.03859786963560384,,,-0.01782543424012099,0.017622150101968683,,,-0.051197877351763406
2022-07-29,0.45193116208004114,0.5827802252569082,,,-0.015611957652314948,,,,-0.09023209209281889,0.23729279436791592,0.05861947870278779,,3.550714025134722e-18,-3.345861146993685,,0.0011369552612233529,0.0005337230007364657,0.011525077542557499,-0.1287125082799442,0.0261334758239292,,,4.542014807249774,,1.624491317577905,,,0.021047557461893934,4.227803188261751e-05,,,-0.5470728211151931
2022-08-05,0.909144247384505,-0.012260825297293826,,,0.0741835868158574,,,,-0.3541332235225969,0.028553332638235215,-0.023829722144744846,,5.391651668451497e-18,0.324578911541929,,0.00362036711728147,-0.030770169544230327,0.8322328776695727,0.19266149727681847,0.04268571228146465,,,-0.6336050056646181,,0.08380027648502685,,,0.012025188482479375,0.02919115423938643,,,-0.5241079467799711
2022-08-12,-0.1322634778182473,0.40454214035284386,,,0.6825905636315027,,,,0.10390101652716786,-0.10478779214824518,-0.0013861385343382836,,-1.890538304529866e-17,-0.5433804936230667,,0.00023333169476308068,0.052333135300122076,0.2444906802647678,-0.07924119303955872,0.019591430983273955,,,0.2032004231031825,,-1.3416758628922894,,,-0.02338565296677981,0.2906713316882775,,,-0.002012453242317365
2022-08-19,0.038501590323988116,0.20907224009817843,,,0.1361153271008483,,,,0.01084620322039669,-0.4892449532545841,-0.0013027205080254347,,4.222367185202925e-17,0.1164678280889524,,0.0020325261074334456,0.11514687595704617,-0.04493471499834817,-0.0020329061007987315,0.00919357541860444,,,-0.2638930747063942,,0.15349059914519017,,,-0.41174632620752066,0.00011441495742592864,,,0.009981585855086605
2022-08-26,1.5273860535405555,-0.46734925664419685,,,-0.023473685178748288,,-0.02386016113845037,,0.5112773498174373,0.004011027530613538,-0.00313034723571685,,-0.00012754517254704746,0.10824324562499285,,-0.008379230465445319,0.007371357114905521,-0.08297033601154759,-0.500005629792301,0.01558159052547918,,,-0.5951206575279078,,1.4961471802481747,,,-0.0021583878256109866,-0.01184986409987901,,,-0.0017991316357485372
2022-09-02,-0.08602715984379025,0.010546149038299004,,,0.11585651982739933,,-0.030159743847148906,,-0.5605595976113781,0.022670311056461525,,,,0.4201236391391106,,,,0.15802507199345867,-0.34820187396312474,0.01671725458526833,,,0.10245666701278949,,0.34357045441929207,,,-0.30739690074559234,0.01397229633894826,,,-0.00037524343367455827
2022-09-09,0.017257524577923407,-0.040245381157168476,,,0.9782158853621814,,0.01413570812883986,,-0.03389553592185235,0.15238133630823203,,,,0.20861209637309824,,,,0.25655873855097594,-0.025910667231530012,-0.0096872776299554,,,0.2274645068913111,,-0.03881323540403155,,,-0.01569128697280576,8.372266929329775e-05,,,-0.03991423200938002
2022-09-16,1.4821301468087908,0.008461257565914388,,,0.5638736202274761,,-0.19194409952246985,,-0.7693088700395495,-0.004868207639238854,,,,-0.44489164074187126,,,,-0.1412748520628083,-0.2619703563015898,0.036329563030941925,,,0.0026589386046638828,,0.06745142551968161,,,-0.0022052407081770823,0.15790585421289155,,,-0.07007971742792814
2022-09-23,-0.15030521853839626,-0.02589936040428096,,,0.006171810514404083,,-0.011766746108191539,,0.023607130707695757,-0.22758178489346523,,,,-0.22384076214245985,,,,0.13631329910930517,-0.10866888499799676,-0.34572448988717247,,,0.26265457625997474,,0.10949478701759564,,,-0.0032594136357956597,0.0009569452173049673,,,0.25895983852334276
2022-09-30,0.2700112181621385,0.004219876992373688,,,0.16406881336556145,,-0.013448078401855027,,-0.1415786320355707,-0.12283903387208064,,,,1.062765943557814,,,,-0.2406160268990149,0.3821574701173011,0.04928844690920219,,,-0.5815744157889428,,1.1337513997735194,,,-0.0238592355306458,0.0861452783244626,,,0.10787204103419021
2022-10-14,-2.1723658922469937,-0.8678939067350244,,,0.31389790671737905,,0.01145576963567577,,0.06836173228705508,-0.5185258171513093,,,,0.40824131320961465,,,,0.06922288855232159,-0.27115766508523853,0.0072953951156332665,,,0.15131571024403617,,-0.9739790293225961,,,-0.01745843575953266,-0.026163294044714444,,,-0.019435098726365202
2022-10-21,-0.02761399066538191,0.017786202855596164,,,0.009138923786845107,,0.0028307337810048686,,0.5261245314122103,0.2686276961185715,,,,-0.002833921970416563,,,,0.13730863584404424,-0.3407915264997137,0.0001507518767811706,,,0.0200801177186126,,-0.18025967048984884,,,-0.05575063219544135,0.028890197579481466,,,0.25722089118713987
2022-10-28,-0.001823134005579017,-0.0030929356947921377,,,-0.009388485591621159,,0.001955632924134909,,-0.08461681759549827,0.16449073630249123,,,,1.1826869587414819,,,,-0.2536620237462206,0.24361309310513912,0.0022561292487312235,,,-0.06118907952042131,,0.5690831681664871,,,-0.13182982086652756,-0.04952560834602967,,,-0.059827498412573954
2022-11-04,0.8310083709892718,-0.04451196928521623,,,0.006718492610368096,,0.2904052244838772,,0.04691713310471139,-0.23747714802223097,,,,-0.3932342998840378,,,,-0.6652453165552271,-0.010090433451869368,0.015203065308908177,,,0.06710103353301959,,0.48944523471293233,,,0.46403209944771107,0.011858118183694363,,,4.910367068210523e-06
2022-11-11,-0.013062180952558546,-0.8725469442270104,,,0.07326647437931787,,0.08188167919908916,,-0.025765245750565824,-0.3769955897969346,,,,0.06622695064459264,,,,-0.04131641452493472,-0.04581862865660694,-0.024166563993155588,,,0.08222891682892841,,0.04278390776428248,,,-0.08215904042201722,-0.01329347745267333,,,-0.00445091800371439
2022-11-18,0.6262378826735369,1.8510494215761626,,,0.05579597718192837,,6.611918008420683e-05,,0.4949656188248143,0.2175263437693274,,,,-0.15960600367114736,,,,0.10657749157727434,-0.1042677595665196,0.003722745743249281,,,-0.7684031543216694,,0.8186478741779557,,,-0.01420316704604739,-0.08726552866486206,,,0.03129691781056082
2022-11-25,-0.18987126619303052,0.2589804616446594,,,0.003842421009620807,,-0.08038810114828353,,0.3042067979611732,-0.33102399266566906,,,,-0.12588547026499153,,,,0.3442009334347852,0.12003247922205217,0.4027860754543451,,,0.305083701709016,,0.06012282255772912,,,1.4101780437053062,0.010874571745739827,,,0.15834681235480563
2022-12-02,0.14419273288593798,-0.029002564652760243,,-0.0009132957103553551,0.05306873469113597,0.03530836578029829,-0.7822296152476268,,-0.09656348052842059,-0.171736002787599,,,,-0.1374952588264819,0.15419780937502536,0.4924597345302881,,-0.17228800472629913,0.027390473419757165,-0.09298669702068203,,,0.5955772820789498,,-0.5886370445507839,,,-0.024568054891939358,0.002838168517474792,-0.0030260358903766117,0.017485626091396082,2.8440737776075403e-05
2022-12-09,0.28565476172617577,-0.21566340649601085,,0.004128671319910807,0.9857979231673555,0.0017909283317206475,0.1581998594518546,,0.016541263197809394,0.662445900781993,,,,0.02610504591397471,0.004041775749462581,0.0711324403700674,,-0.008760819905174834,-0.04369612271118287,0.054323878911482576,,,0.23709219526252256,,-0.5978491606604497,,,-0.0006975293555004922,0.12716034171188215,-9.48601082195124e-05,0.01153000791127476,0.0011466003034901178
2022-12-16,0.11956648896557995,-0.11433512120884695,,-0.000870227193645994,0.012140781403014217,0.08374360287033199,0.02784051364941594,,-1.4073336784220125,0.09022057478510201,,,,0.2916838839983723,0.42220345959882954,0.9724997410456925,,-0.05221651311823328,-0.019758718460511426,0.07315596255072546,,,0.2323520971720224,,-0.06499179073157835,,,-0.005272065660993326,1.3393187830049957,0.07645139072781028,-0.005599282073945234,0.17682067815266075
2022-12-23,-0.5755597530480167,-1.9247105556754112,,0.04523478349229141,0.012390420175547092,0.026011619759480714,0.033909290691891206,,-0.1911875168202186,-0.005826676338682703,,,,-0.3909464481865599,0.4395067357870436,0.0704715961727748,,0.6430652986392588,-0.0011822144754818206,0.0005398932458451297,,,-2.1510084279642943,,-0.17630525142580614,,,-0.030993392693906562,0.06554543190543329,-0.00012476216419629512,0.003465017122116268,-0.515103866681495
2022-12-31,0.1887991068566302,0.7493552783683218,,-0.43635537796538737,0.9356812891221236,0.0014936466574734294,0.0019849609410861543,,1.128746396194696,-0.020418875550870012,,,,0.6020036989823199,-0.36252739115786037,-0.31252023383702404,,-0.26350438759030104,1.0691385367776847,-0.06672857044347237,,,0.33625731947375764,,0.06977008079993169,,,-0.027922289205088595,-0.41526463765745353,-0.0031310821060303133,-0.2928286186635433,0.012987508207298704
2023-01-06,1.2763974513539682,-0.02155003379469942,,-0.006957779091658697,0.21899847021482155,0.009433715002649603,7.231878647804925e-05,,-0.051746219633906215,0.08782433969665639,,,,-0.396305361068628,-0.005491263413914205,-0.006479074174965511,,0.3145433774731391,-0.039517285160149004,0.4462523873831303,,,0.07774887930598,,1.1331018094387244,,,-0.5759109456703788,0.15232455313448323,-0.00010237974205102808,-0.014943980549224732,-0.056633685940423104
2023-01-13,-0.13017892046689,-0.010760612031493075,,-0.0008546692002449008,0.0164914555074613,0.6697866031306832,6.118861034692134e-05,,-0.46935684258780613,-0.3734465262326713,,,,-0.08105848036115834,0.09508590807389672,-0.004350615192606124,,0.005583827286291912,-0.2227238990489202,0.0006000761652606825,,,-0.4183833131090047,,0.03636728996681051,,,-0.05901812300049884,-0.19682121548880183,0.028903836024425037,-0.2452457242247768,0.04713129778205731
2023-01-20,0.051577751312739166,-0.12414799685712458,,-0.3689809961552185,0.012212267163868723,0.17665342248083685,8.169672541974538e-05,,0.19121497387327385,0.4439985778043497,,,,-0.4123953326389109,0.048456508139990334,-0.08934335277004564,,0.6122996579319584,0.0038093847511550794,0.1035622774777095,,,0.05401767907971292,,-0.40268957017704154,,,0.014758293301181731,0.038656098059303125,0.06911841676238895,-0.15347408560080217,-0.0057620086085235596
2023-02-03,-0.7027926941932072,0.24128783798946735,,-0.006994381111248671,0.09423260901569477,0.06428453597379188,0.000473806633197588,,0.33640027343745516,0.39047134358387364,,,,0.12099602784449201,0.023931336844771174,-0.07251499888869313,,0.025100906538156345,-0.00408676796146824,-0.09650897019227854,,,0.20031364264388302,,-0.593421485291,,,-0.008966973015011025,-0.06420665365684564,-0.0029746385538580587,-0.021916807753208176,0.010096195132407225
2023-02-10,0.1279184199343733,0.031607064603744524,,-0.03460736768032565,0.19776466476654678,-0.20533726544987907,0.038647285154141314,,-0.19826762946545284,-0.45321388991640027,,,,-0.20960712784410923,-0.6453641129344728,0.07808567969525781,,0.21495479790556365,-0.010387461600044725,0.005800444447733691,,,0.7301334061232236,,-0.19840023673920448,,,-0.0378242107133007,0.003017634252127529,-0.0011163047885451353,0.00043645894546385714,-0.021883580739820285
2023-02-17,0.4930523130238813,0.1322096266651245,,0.003426580563867704,0.1763323806230832,-0.01196686585645999,0.03429622696358995,,1.217502177915543,-0.26902173192892803,,,,-0.06469185442805762,0.12151943897629072,0.004874848909495707,,-0.07534704731253877,0.009428173311777378,0.11624776047583871,,,0.051702670527394266,,0.27450131286969687,,,-0.002841202730656902,0.02264797588340497,0.14108196911646428,6.551585687986327e-05,0.2835169701015878
2023-02-24,0.2468742910688595,0.15457796494028617,,0.11994202795398576,0.004303539343061937,0.012019074401782431,0.007343016532290509,,-0.02286736025596029,-0.0020182112444306413,,,,0.14716581670836462,0.01530231530950483,-0.03565494120321922,,1.109643356448359,-0.04371339688795674,0.013277659996451252,,,0.012705081120861703,,-1.6484857803886763,,,-0.02160477293157909,-0.3005499873923594,-0.009339582956141769,0.31742454404752457,-0.04419475300511688
2023-03-03,-0.2999720588662183,0.03670197087610538,,0.00011970048107000024,1.2700364946881915,-0.09415930635488802,0.0005545902319665662,,-1.1214525697941244,0.07264781266278156,,,,-0.11000278189163383,-0.9625169672810092,0.0003593676652079459,,-0.17103489335810984,0.016864712470927495,0.005311112904831494,,,-0.14459684585575464,,-0.24097541091504474,,,0.023887573046292333,-0.012337564375779863,-0.012305990195992213,-0.011361083222297267,0.26363446498881615
2023-03-10,1.3139025676003369,0.008446120309078526,,0.11557488999159944,-2.6276894936707125,0.004162375080379685,-0.028719817805332396,,-0.9416535485641353,0.038691694128204585,,,,-0.46835958933750993,2.3926615592555107,0.00024069259487899893,,0.055735219333602065,-0.006533173299827187,0.0006195978944268046,,,0.4311019396517979,,0.10411810297042932,,,0.1348444113541734,-0.31025230107439283,-0.25990869827990276,0.0032087151051585798,0.0506819029904176
2023-03-17,-0.346791675563777,0.005126259916997583,,0.004386916377582798,0.021621051067110902,0.006455338101547782,-0.0020896813883947633,,-0.15158937511573659,0.07369863881917044,,,,-0.016406401621349168,0.5387700243079263,0.008937688808604682,,0.02636056452182366,0.12017816092927533,0.36419716381105444,,,0.011915866372276682,,-0.01814524477860259,,,-0.014944435792407139,-0.0787235320595778,-0.0003689226660649787,0.0009109023378708375,-0.03073495350819458
2023-03-24,0.07831874797083299,-0.03065115658355072,,0.14750645025885958,0.34482890547947986,-0.08958572802772724,0.0595458736987188,,-0.0397685895670289,0.23041377941729058,,,,0.13878938509604472,-0.10958994731119495,-0.03922671539515965,,-0.0947213222920751,0.18813260201614437,-0.011795037182234533,,,0.31719955013031037,,-1.5294596224663966,,,-0.001889520449835429,0.04865073728943387,-0.021205558417758247,0.00014328603029083764,-0.04753790009217808
2023-03-31,0.27430178873423294,0.023939526846197396,,,0.039224228772515704,,0.038128484299895585,,-0.681266873602164,0.03843944086271173,,,,-0.11879596962595448,,-0.19942744073402477,,0.30391074978355204,0.008019104777125217,0.07275179610772907,,,0.13114559509923662,,-0.18826986317374547,,,-0.017737482666275724,-0.015781223645106403,,,-0.052259891647791476
2023-04-07,0.16179204923716464,-0.3680110057178823,,,0.017564853671297984,,-0.016514092837001046,,-0.5324957578189409,0.14166492637392178,,,,-0.24114738321088564,,-0.0041573346300895556,,0.2546352272270634,-0.06225383512015694,-0.2137884095244934,,,0.004482226494923381,,1.1608588131590212,,,1.4994417669619298,-0.7523069852730095,,,-0.06444985737915909
2023-04-14,0.4438883388753485,0.2635731574369667,,,0.07767200346114854,,-0.013653806982297281,,-1.6700643698308966,0.099691545648326,,,,0.07638793607370538,,0.006709750599212222,,0.009267886009665306,-0.06505658690298256,0.004085620046983817,,,0.08960189538420457,,-0.8116662553225577,,,-0.22459934899598216,-0.11573259630267695,,,-0.0010827373862489949
2023-04-21,0.5203381635908069,0.017620858564436417,,,3.1180661811425185,,-0.008570786356101076,,-0.011268005912682538,0.028526437648616468,,,,0.7693553826178517,,0.02746754285963302,,0.007302722963654029,0.0332923794838132,0.003432246017416945,,,-0.03163991654266506,,-1.3907885300256049,,,0.01386001082136732,0.014872278736264994,,,-0.6090476489881701
2023-04-28,-0.33514813961045203,0.004449089956883562,,,0.6565305137911425,,0.1522525305243856,,2.7077985925044,0.12260545472017584,,,,1.978502784655516,,-0.011936210884950435,,0.08423368667328875,-0.391629600318987,0.47948755488124917,,,0.26859646725611036,,-0.26409746032218,,,-0.9052119842715821,0.22085718135400012,,,0.19963377626423673
2023-05-05,0.04878568560093797,-0.05089275214160491,,,0.040664368560188964,,0.010258446927451198,,3.098713469011421,0.09105574038436855,,,,-0.20049848431021733,,0.00032354146619531304,,0.1038766129943168,0.2392315418467192,0.053612582068386684,,,-0.028331361209078344,,-4.540408791870828,,,-0.020712067681060584,0.07322430960161419,,,0.16504439217381328
2023-05-12,0.3002324203130101,0.6985764642387335,,,0.03628619258913053,,0.058142993287084846,,0.14058145468023103,-0.04465426328448202,,,,-0.16398002020879915,,0.0038838730112953647,,0.06933875419785404,-0.2004593469840273,-0.006457355423533235,,,-0.0587178613205805,,-0.1693981176578499,,,0.010926722391488336,-0.06514080595101805,,,0.005180512644021985
2023-05-19,0.1842920874149438,-0.01925592267551446,,,-0.051839723894880105,,0.19253235260771095,,4.1832906462502795,0.05548144274479408,,,,0.10959068694471623,,-0.0019930468333797216,,-0.01751332084959827,0.004375092298201733,0.008075032817194981,,,-0.4363393790479513,,0.5493688289116216,,,-0.004571502078195788,-0.08433801211637998,,,-0.00792815076095983
2023-05-26,-1.0787101357480102,-0.5589118902257556,,,0.9526254919465569,,-1.2247802901700267,,-0.27522142424460866,-0.039748475064063545,,,,0.24464706583294984,,-0.0013160017210660235,,-0.08201979497854302,0.06481525745902658,0.002350135279481948,,,0.6697451561446054,,-0.7907567878901569,,,-0.06939889974817852,-0.21339954763265467,,,0.0009040192463699235
2023-06-02,0.029411882763295077,-0.2154203187153948,,,0.39828541995478794,,-0.006528651141036613,,-0.025016396544550103,0.0941367096541569,,,,0.41517055949173925,,0.006453037619596875,,0.13990720697064846,-0.2711816723791301,-0.1267718519622941,,,-0.03217393345105707,,2.1190663807463306,,,0.153510730252448,-0.3919062480848733,,,0.06642101490571176
2023-06-09,-1.9707990189385944,0.0957673609415942,,,2.9533658269282377,,0.03303481246370575,,-0.7808438938727617,-0.1046220942837906,,,,0.525071967688541,,-0.00015154432116189817,,-0.03954820035502388,0.06864344704608281,-0.0301178100159245,,,-0.07116606403788024,,-0.3451464443306219,,,0.010036894210868083,0.7432021014527416,,,-0.01986415454714807
2023-06-16,-0.2902823978101265,0.029049710279529312,,,0.11030834382400273,,0.001089341791400044,,0.7253277967449314,-0.06276600515476574,,,,-0.9003458148477493,,-0.0014580386252470926,,-0.03292216500665071,-0.03732209171676599,0.12865975317798045,,,0.21871731584678222,,0.14633412358771855,,,0.16515665870289611,0.6856166838323725,,,0.040086826724542224
2023-06-21,0.03878192431509346,-0.027341334783563324,0.0005450503985540893,0.08899209749332065,1.3017980275388847,,0.004383695920591278,,0.43578952690036904,-0.25050919951433054,,,-0.03972352714463716,0.35343542615800355,,0.01890401858036393,,-0.007181947568076916,-0.2927741727270551,-0.04671726083532164,,,-0.1007774215241559,,-0.012350440238737909,0.03886075377225837,,0.00723256074899501,-0.02408636748626312,,0.030253386032412784,-0.27375585256902574
2023-06-30,-0.1551782903431592,0.07411332197806399,0.02744285136015229,-0.00013782781773757292,0.027964266991579882,,-1.2519734048222444,,0.09232088390156218,-0.003242781977971825,,,-0.03885721858072311,1.1409554629475038,,-0.08555175478082866,,0.07565566113460041,0.19377626200379316,0.000684553548306489,,,-0.14213729340605538,,-0.42563106842921117,0.3372611423013192,,0.021927535107119506,-0.07909706625358523,,0.8553289234425411,0.04859635852437945
2023-07-07,0.42263011808751316,0.0027567002309233533,0.0786293536717857,-0.08052114927975852,0.10250997011673432,,-0.02395224899517852,,-0.15939855816723977,-0.027178627202159106,,,0.06253699789542265,-0.08044059194290323,,0.20314023065504694,,-0.12162930633236979,0.029523975857343683,-0.03818060192891069,,,-0.04296214380152967,,-0.21444283855279714,-0.04932999804661642,,0.001306935575691366,0.01828410959841538,,-0.03402925045660378,0.15125700143066775
2023-07-14,0.008932665188356895,-0.055510054283322716,-0.08685248901340697,-0.0622105699227848,0.26529254140917913,,0.004129467436652164,,1.605346501266442,-0.4713573061795642,,,-0.006842428153674011,-0.1647921797264549,,0.03023549433904584,,0.2702800742732538,0.12754573226777594,-0.38017666035016434,,,-0.22300358634812945,,-0.4011066717599902,-0.002902266094453838,,0.09159767200765602,0.13322675968393413,,-0.025854150051283248,-0.14112604646167692
2023-07-21,-0.6667649693509136,-0.021960725288767254,-0.2150377253990826,-0.031240987277444645,-9.183861449180576,,0.15573253983141672,,0.4139249433338743,0.019160569386125238,,,3.094015358301469,0.1516551724975207,,0.32026268485857157,,0.13514417728758557,0.3367600546520702,0.0014597325320162137,,,0.09840777717019811,,-0.03030996251133193,-0.0009801947474809612,,0.009137138661592792,0.3454605624273477,,0.1404576860765671,0.2168526780283569
2023-07-28,-0.36680028113891516,-0.5968063563398948,0.00407003243080621,-0.0003968738896882323,-0.42491381683310164,,0.14845094615738125,,-0.013804319212441296,0.1535754088860687,,,0.7184246656017348,-0.03742165932518347,,0.03556421246672643,,0.192097099116104,0.01594909103855063,0.001316316933861712,,,-0.049590407754419176,,-2.9815434679533315,-0.0015441149030529558,,0.09230803581507338,0.5489836626534121,,-0.004523425428009133,0.17242858517859566
2023-08-04,0.24065226488957692,0.1500558264505883,-0.11140984095346348,0.007563055788814941,0.22785791184681217,,-0.05439622147339715,,-0.16936586721164415,-0.026485244676720015,,,0.016499982476340116,0.5022248665380179,,-0.17750026137312866,,0.003987129400681957,0.11594490567251561,-0.06817565783499963,,,-0.011145590398474521,,1.5942482643558484,-0.07960452266559988,,0.03261379851892012,-0.04244027404863711,,0.21414619333358262,0.002190772819136157
2023-08-11,2.7099470301601776,-0.7573336393957562,0.0006898275577072065,0.021862799131983968,-0.2933372108905785,,-0.039926973983532364,,0.019660190744214965,-0.039512929294393984,,,-1.1033699589832355,0.47342882157891225,,0.015310000995349559,,-0.23002062603662285,-1.0999990235436063,0.004429570370069604,,,0.09691791835710334,,0.036062428461990495,-0.154575884515367,,0.04736201590316582,-0.16925730811833406,,0.2811141424174307,0.2705937993323682
2023-08-18,0.019076555468568464,-0.060441689393508,-0.8620290572197224,0.019507093698968518,0.0312839465804442,,0.007501144782447927,,-0.03607959068513089,0.20049647695864747,,,0.13774412811518372,0.13047161831176043,,0.0038877221988200565,,0.17206414941483972,-0.007051995359052994,0.02978132169993185,,,-0.017739801921585387,,0.6613503192671528,-0.00932929979167907,,-1.10661275386474,0.01001575872507756,,-0.12368799011944506,0.035267291872793365
2023-08-25,0.04962098587518123,-0.018662296662116624,0.060530264562724534,0.0421708031902858,0.03397285484430225,,0.001113969197846868,,0.43528080391855656,-0.2251558753420736,,,0.43057672925547763,0.23897500371939936,,0.04241262185185842,,0.014738445027905955,0.04183826216544139,0.10402738609568157,,,0.003371494746322227,,-0.13425496204983184,0.0359903533687444,,0.03585548605805669,0.11568156018503406,,0.13423678454755716,-0.17566482193469174
2023-09-01,-0.0179668328310702,0.23932811700847342,,-0.0005494638043116662,,,0.02794614740670079,,0.7975111236069996,-0.33266991220545966,,,-4.090358175511754,-0.0024731518176396294,,-0.0002337422440385744,,0.7806425270655473,,0.016490043041838383,,,-0.38559129662183034,,-0.03455795073559123,-0.00013453078143084055,,0.03354164590977137,0.001530393659976063,,,0.007887596579721767
2023-09-08,0.296934780754987,0.11916059940002267,,0.2965752732882538,,,0.03887155102056007,,0.036833647198840615,-0.17498900823811012,,,1.2585158237779623,-0.05171104794840478,,-0.0015179542457456638,,0.014369433527591886,,0.11541754147134117,,,-0.09995464061922597,,0.9320779366663668,-0.003803415852384056,,0.006314766974116719,0.11161140637259767,,,0.1538379466805047
2023-09-15,0.051770492828428966,0.07250726088274173,,0.005832424416710144,,,0.009882443092578796,,0.022278867437242042,0.0034503349395795407,,,-1.1917999264387809,-0.11844934824314185,,0.2591780479657355,,-0.16352697817563783,,-0.0296870714933726,,,0.31430174249897264,,0.03724140259319045,0.018459183355736732,,0.06987485006271885,0.004746711372274467,,,-1.8577472257555927
2023-09-22,-0.5157180656463357,-0.28937730550011215,,-0.002066598499588058,,,0.001024089640108451,,-0.2944686899644239,0.22719044551235174,,,-0.6159202469399147,0.41450609460584226,,0.004308980776684216,,0.2933403894688596,,-0.025011140153672843,,,0.47900066592335727,,0.017813570087507356,-0.00041764611417229654,,-0.009541752698368572,0.014472179091112314,,,0.34943089413766476
2023-09-30,-0.05351958477116691,-0.12503018664703983,,-0.05107019482737052,,,0.00118804197474863,,-0.1645093969534168,0.3103994243512809,,,-0.083677247125949,0.05776328117120196,,0.057741882815337084,,0.22255572974661644,,-0.00019577604219155593,,,0.3046150829545168,,0.07536749394230885,-0.0008978655008483796,,0.052732710522111426,0.1146176499064348,,,0.7553181340377599
2023-10-13,-0.012121060878522799,-0.06143393147870493,,-0.12577979623382385,,,2.1488233779229264,,1.0224840324263769,-0.031687112414012744,,,-0.08938223344991679,-0.1690261014572966,,-0.06382973092621569,,0.5311858507505015,,-0.00024701398895426833,,,0.010126057780275512,,0.33695544268211064,-7.094005969415089e-05,,0.3001691466356379,0.7103701467124275,,,0.22347936814101302
2023-10-20,-0.7678904964815283,-0.7329592479140987,,-0.1257685555951601,,,-0.037992872227438565,,0.11504584133791687,-0.20669188230393293,,,0.0010511604578112472,-0.1769685501411057,,0.0027587016983470908,,0.04355094123242345,,-0.006220032829729551,,,0.08183422479800745,,0.21018660652566515,0.0011640790821685829,,-0.05426365541629562,-0.00390910990297221,,,2.7514441872363746
2023-10-27,0.052680718013895164,0.06782762783383418,,-0.07356602902172704,,,0.37159129388316064,,1.0199367416859697,0.017691267981133723,,,0.014453718840627664,-0.13081942519924145,,0.02776614683496906,,0.08893591604093672,,-0.004774607020034989,,,-0.07907020773737969,,11.189755936865469,-0.0003307093205647829,,0.015935457668116014,0.18013830379531556,,,-0.1334811914486896
2023-11-03,-0.09909604387977371,0.02434799593789151,,0.027239830223509506,,,-0.05509007828332796,,-0.06098474946356787,0.1759090949468361,,,-0.1552365597873589,-0.21402954825619885,,0.0011669028896183287,,-0.0072500634611062376,,-0.07182984367577815,,,0.4391746427816726,,1.5373674620274729,-0.0013208956130543704,,-0.07501799902265406,-0.011161752902584436,,,-1.8017826815483844
2023-11-10,0.40294180380641853,0.12197022689387874,,-0.0001284222055482823,,,0.031889815817424956,,-0.35158234840316394,0.5496336732067882,,,0.0007831155235191449,0.06646680019357044,,0.00018297166409526658,,0.03766672829219839,,-0.011038797154919882,,0.002039031754474066,-0.7699494276718557,,-0.23602203950839798,0.001718211347444664,,0.033535667583308025,0.15293108502653577,,,-5.015107049325794
2023-11-17,-0.10830692515712843,0.27730171240496504,,-0.013701137127317013,,,-0.013285849285844755,,-0.40821347592057156,0.07757539254475948,,,0.007269335637247883,0.4850018727761079,,0.0001157784389982338,,0.1164262404114716,,-0.0133201763913775,,0.016957472120003408,0.5654195623253786,,-0.35463979032943893,-6.402861559591156e-05,,-0.12696256006452267,-0.027377865745373372,,,3.0617789852451756
2023-11-24,0.07544514895883442,0.020349173412206406,,-0.0036978590127637345,,,-0.6608141288413326,,-0.470618244751161,0.22946297310297298,,,0.040488012841580545,0.2166683414519569,,0.008686832315456618,,-0.9671763991645779,,-0.016036505247858945,,0.12258402042087813,-0.29273985234030714,,-0.8550329673627156,-0.00019402132005374225,,0.01027199685798846,-0.028311330490238304,,,2.256897601047151
2023-12-01,0.1471583846728527,-0.237694394355118,,-0.19721134929979436,,,0.18891829175209746,,0.6981434472806654,0.21836330319919692,,0.02675386515825766,-0.022977099188958877,0.033937725302700464,-0.5907972028321677,0.0023878258975736756,-0.007786986640730491,0.03287808042134171,0.009891369975192691,-0.015806116008894488,,-0.5389209058941583,1.3509243029611453,,-0.6540577027692887,0.4635500070296972,,0.006637642105840561,-0.17765440933459758,,,-0.05898161267636707
2023-12-08,-0.07526851808540305,0.05798941653336294,,0.13135031399191036,,,0.007267399569312029,,-0.07916711016534796,0.20054111078534856,,-0.016272765495038782,0.010952533196418673,-0.1975793698349088,-0.02552450843891723,-0.002224789729393231,-0.037893423896685395,0.33643256850282005,-0.017859072737767996,-0.000787422608266668,,-0.02241929684812254,-0.048212668045331364,,-0.5211200346646007,0.16405116660074684,,0.07397720726720795,-0.189068448874294,,,0.5893894348915043
2023-12-15,0.42286806295277796,0.01666839463037674,,0.019176355855762422,,,-0.01596214262882676,,-0.3001880249618966,0.16951597829345333,,0.1631458831464911,-0.0005038446130995851,0.02318489842749875,-0.596820425349777,0.006929080252461165,-0.01860127632930621,-0.0648320863394597,0.09940019045501142,0.21513784769576902,,0.0287482590659669,0.4923515333161236,,-1.1041132983227535,-0.12589728941491013,,0.17109172109837145,-0.1622138167323822,,,-0.1483054358510973
2023-12-22,-0.28938783153234793,-0.22685064951601389,,0.09231349298602734,,,0.009678073274652125,,0.903447390758416,-0.08985759382812118,,-0.02673584087699865,-0.006898637153396909,-0.05206840497659038,-0.5332157950523345,0.000682791469042055,-0.4908073410435384,-0.09073342937112586,0.00011443914351546266,-0.03219556359658415,,0.029087454783046304,0.5954739542011243,,-0.18840635448147583,-0.3005892263767486,,0.051693327711618,-1.0630358541206069,,,-2.3493020300763368
2023-12-31,-0.01067448336274704,0.16139313866629065,,-9.272625006671428e-05,,-0.014648712532835659,0.24865845756328042,,0.11136128599837421,-0.4472054773101579,,-0.025125928756524068,0.005862385135620415,0.034058188380347895,2.176187279465673,0.05151679430799025,-0.008544512338864243,-1.4729911460327791,0.0023166592533927547,-0.003060094713064062,,-0.2262542382665895,0.8356373886161852,,-0.4329119044776478,-0.11173031426949032,,0.0067641882513240215,-0.3479885405979684,,,-1.4068440130823145
2024-01-05,-1.3355183524299876,0.0661788300638662,,0.7135065302420861,,-0.10176400605356203,0.018407387869530143,,-0.10965248920975576,-0.013349521345925867,,0.016584865842423135,-0.0003710157379219752,0.4899090025461489,-0.7370409606265365,0.001089483395024454,-0.22771959279894688,-0.24774449437754942,-0.014743231813062255,-0.0013000055661091647,,0.030261297957058318,0.06708595124441685,,-2.4260807135199967,1.0705686114464785,,0.1044205489595009,-0.16031090416431368,,,-0.37167785675583465
2024-01-12,0.3293720498502424,0.004721308197041308,,-0.014236996232997023,,-0.08842744998614008,0.1617451644846396,,0.7877375359835311,0.38785542508989945,,-0.014901145480507236,-0.00015080678727033006,-0.940012955911325,-0.06276476631045774,-0.013206739335710038,0.0009089385018489354,-0.026805007862006132,0.000223643033254984,-0.01064608179831306,,0.03131668674068702,1.1433236760543097,,1.431837523973868,-0.14154313759539408,,0.0021410303789593035,-0.3635654278107588,,,-0.3014691691040973
2024-01-19,0.06896345789261554,0.44994302757487875,,0.033191289125980565,,0.0039008377888244817,0.008064621244265399,,-0.40478681547645795,0.4275129338550447,,0.0970039400652119,2.6589320520482767e-05,0.01189254772658666,0.2295159928394991,0.013977931666427272,0.0010928801595902708,0.36598105962403676,0.002230827452898838,-0.0013945331748586238,,0.02123181528901345,0.6653016901737905,,-0.8389342675031786,-0.036093973164994034,,0.051211766461148,-1.7459012224101846,,,-0.004438221106884178
2024-01-26,1.1320979212674827,0.0027198623534091734,,0.350181452709682,,0.011934368882734536,-0.1739985820174526,,0.47941723014132065,-0.5537089711116914,,0.001108650963044109,-0.024515301666935534,0.05128160397977238,-0.2126892418521282,0.005186393662458977,0.0345319194766347,0.3054788222788425,0.003587552356741552,-0.0008254717041895096,,0.019024784854879066,-0.15897728243445863,,-0.04763419069712494,0.020939992423838927,,0.12319672469745177,-0.0037558932605665737,,,0.2350914036748058
2024-02-02,-0.14781596671259642,0.17726261232722837,,-0.0646568727846897,,0.023797632441516392,-0.07613161531215534,,-0.09621799353945583,0.08510813196738204,,0.0019359199243027107,0.00036236445007625453,0.1593513542514988,-0.03988838418081217,0.19187857330195932,0.000723922434843418,0.003494707369553946,0.00026770217254072306,-0.004763737338670665,,-0.5154674089315574,0.7004862535507912,,-1.977788023768273,0.23916372042382678,,-0.5332693231851953,-0.47642652769505456,,,0.09592219745627364
2024-02-08,0.10829145361156414,-0.9241218575086406,,-0.0479674739888754,,1.356837890306417,-0.7224217541902553,,0.6975616533768523,0.7671761838068923,,-0.039389001720362846,0.00545324358933727,0.3358116057849178,-0.15001072424946912,-0.013842998374126517,-0.000905857662359234,-0.650444078305695,-0.02946663117967408,-0.00013805148285705567,,0.02061714644303865,2.53634421862666,,-0.4523352933547823,-0.025710419604390078,,0.008343677029969687,-0.3029929616927716,,,-0.22795533231092382
2024-02-23,0.5828142550637143,0.013092418215255704,,-0.18107958161650978,,0.013784050719558728,-0.5926161382566157,,0.10108838150474755,0.027951398643138906,,0.03838305715381621,0.016454290632053198,-0.15476469019039177,-0.23972906551429152,0.00010320843026960938,0.15676782067453018,0.09084637081101948,0.0033450600482033007,-0.019684602300816822,,-0.0018534740348489145,-0.3299879795043894,,1.9446866704911387,0.0052965750521053526,,0.011656071405015764,-0.0077562428669854565,,,0.09246249130845606
2024-03-01,0.45634238498377505,0.03911185565543536,,0.008923818243436132,,-0.13697977312739024,-0.01187475805622225,,1.6540093584940827,0.3543451138780014,,-0.1234180412119439,-0.0011164132234545115,-0.5199547302961656,1.0097182571784418,6.784298478529037e-05,0.016024417157108888,-0.03323366493209078,0.022054860078736166,-0.006407880591535608,,0.0706710857369516,2.0467132053914834,,-2.445453133399489,0.09648120252981425,,0.07518952701237147,-0.15756597474740103,,,0.2559531134659077
2024-03-08,1.5557619946135033,-0.04842503556378355,,-0.0008247632394410077,,-0.17451498241590713,-0.01125589787491147,,0.3325892859303211,0.2874462445710972,,-0.03647440474730579,-0.020237092639425965,0.49060498484268794,0.002254192141504391,0.0006559537533519094,-0.01805149077191704,0.07145574175377004,0.005671763497628993,-0.00025117548427189685,,0.0019068408945248192,0.3057157426588928,,-0.4515050022876722,0.05966398844400761,,0.26377996568073875,0.006956517860282017,,,0.10683774265826065
2024-03-15,-0.3855502625954567,-0.6851547656841597,,0.6132992557554351,,0.019789518498666944,-0.13453872816426082,,-0.4317013647663895,-0.018967491348132984,,0.016123348842082788,-0.06750331991137988,-0.007743167241903352,-0.3064785942053603,0.012182465766600592,0.0015891649444298324,0.8355184038692124,0.0016700009742859942,-0.00022399896606332392,,-0.2720304142168859,-3.7147358105712973,,-0.5094330540313015,-0.5868201230524874,,-0.15238578393219426,0.14217400395524418,,,0.3107534531892818
2024-03-22,0.031991525996889765,0.012227018111399016,,-0.25730018290359963,,0.05783706586716934,-1.7246205476551801,,0.38550107021804986,0.07117283669697198,,-0.019441265410907006,0.016717221454796483,0.026929012534153043,-2.5561429150817387,-0.0059208114629416535,0.0027506765402386508,0.03239852311206401,0.0040247168984809305,-0.0008238476301707137,,0.06299794437345743,-0.3497319940462611,,-3.718845276190101,0.04654045165258988,,-0.04629622819638435,0.023810061110552387,,,-0.012997371138318045
2024-03-31,-0.061367438782919295,0.03153766454162737,,,,,-0.02261939015733974,,0.03594007891918752,-0.05795495632401318,,,-0.010047615277462583,-0.19889109120419154,-0.6817853830360558,-0.04524867947564691,,-0.021906096326220332,,-0.002040905087511915,,0.18251306006267679,0.33213360021932586,,1.3130292088701816,-0.11236631053801041,,0.0023671889572038753,0.005035147119951837,,,0.045348866531784215
2024-04-03,-0.013059301621747857,0.08913373613576119,,,,,-0.0105114620264361,,0.1905930295395444,0.12351195868083996,,,-0.0014633026510182591,0.555530311031183,-0.21615102293428742,-0.0005939299945018511,,0.45424092113333314,,-0.006199947703562581,,0.10637789241282987,0.06047598490502909,,-4.456697127511333,-0.09423564276760252,,1.5087974664638444,0.10982131079839616,,,0.1149292323262667
2024-04-12,-0.05271085960638911,0.04129186142299838,,,,,-0.023062279869253435,,-1.3980712705742684,0.13650271072399603,,,-0.04486203243984936,-0.09808526971638112,2.171666207094929,-0.012278340609190854,,-0.9992013195490704,,-0.006534407413873325,,0.141464284880304,1.4013039768081494,,0.027875132778392445,0.24888816189295188,,0.00626201440992144,0.013700541397761145,,,-0.25776910378599777
2024-04-19,-0.3298931711343125,0.32095006729423425,,,,,-0.0764065446785641,,0.07788038666741244,0.15345704246958972,,,-0.01194019326959222,0.5841622998643987,-0.030491408428230907,-0.0009384085652091484,,0.8885818930598564,,-0.0006307984192020649,,0.051703639653979866,0.1505307411735564,,0.062499546867535,-0.028789779732148024,,-0.3482973629224135,-0.04952413273200237,,,-0.16192668645784544
2024-04-26,0.2124624209907773,-1.2495914674228121,,,,,-0.041658936557474255,,0.5553407905575356,0.46095686292679544,,,-0.0028237248135380005,0.7620355153940059,-0.19448872468592432,-0.017280738573908876,,-0.058057497114297044,,-0.02505138277854071,,0.0055561624155936505,0.4010202010325498,,-3.1412884958981233,0.37414984098889087,,0.007693413059225123,0.24361010041566955,,,-0.0028897671589225536
2024-04-30,-0.2511701824238618,0.1607022981536303,,,,,-0.1960510217361692,,-0.0747209695758253,-8.595882713273786e-05,,,-0.0036762035783046995,-0.2378982613217936,-0.5187655815826377,0.004821012690779572,,0.3332619351559145,,0.06796604470059653,,0.0018260534014151396,-1.5124397613597398,,0.275040296627928,0.053159225117286504,,-0.5417297257640376,-0.11124641738940014,,,0.0006504884435061774
2024-05-10,0.06359406519293287,0.05492717776624975,,,,,-1.195087514712541,,-0.8952300068575904,0.010289580031714967,,,-0.0004094618015552947,-0.0442190283679042,-0.13052161182154887,-0.0002252697901425119,,-0.028595905692172553,,-0.0016915542158287785,,0.011860466143227739,0.09644345829197387,,-2.6307674105065173,-0.166509680285988,,-0.03381396274849019,0.028073090415966895,,,0.19993866628147064
2024-05-17,0.10635715395463581,-0.21181693795233833,,,,,-0.04697510941089418,,-0.098301685556355,0.21247528957151257,,,0.02613444293637892,0.018454807207161066,0.06328797499339728,-0.002097880285166524,,0.5276701609065418,,-0.01020178122200814,,1.3895370220641226,0.0038173397159775467,,-0.28180062583997434,0.22405668356299246,,0.09621210621941265,0.0005451614651682867,,,0.23391396926717573
2024-05-24,-0.042449539512645795,0.22521492765539533,,,,,-0.054872541650922965,,-1.45926235073228,0.0049353561381614485,,,-0.05842009162817617,-0.4000908442148355,-0.1911168211068556,-0.004410517255448448,,-0.9275373205728323,,-0.13126101310984575,,0.17229657769746684,0.15173920660450596,,-3.054641725952323,0.25142687065585684,,-0.6148954651663477,0.01190086698113945,,,-0.0007831318663644839
2024-05-31,-0.6816835342406181,0.03636430151172391,,,,,-0.11609041452235744,,0.026616706816965666,0.03979074841962757,,,-0.015449915522163567,0.0835374313266341,-0.1833691020632075,-0.0003360890442953756,,-0.03059080098590201,,-0.00022524157812982596,,-0.06785908963149687,0.38647581237984296,,0.5842233366470072,0.08382989528441646,,0.2966011203661717,0.07891116057622583,,,-0.10355436501265128
2024-06-07,-0.09001401670922234,0.011669004503470061,,,,,-1.0213909119134723,,1.118538053998415,-0.16234391687773383,,,0.010973156916633142,0.05585793150409687,-0.08196043214806466,0.006572956415209521,,-0.4867591905960473,,-0.02411933981641814,,0.0011686044705465442,0.04625237310263595,,0.05998372054214998,0.0761789501097691,,-0.20780361335317582,0.02957477414675213,,,0.5781045778573753
2024-06-14,0.08410966206546235,1.5017662315701528,,,,,3.9636061089778183,,0.4722099446675168,0.05459962019481693,,,0.04189072089894873,0.2553559957154639,-0.03417474169628609,0.08510105359537778,,0.09321065826188435,,0.07667851130010833,,-0.16477422653271906,-0.33428807599849475,,-1.4303996110649666,-0.41936521384197184,,0.8822829135602588,-0.5537949681921249,,,0.23277612302584297
2024-06-21,-0.04986664839538163,-0.3519777907266522,,,,,0.21889589544827082,,-0.10394128756479519,-0.05295366534940813,,,-0.0018061186520328784,-0.4350863676778055,-0.061721698615934406,0.33445994274968815,,0.08090826236119206,-0.07391301057242777,0.0305791385238624,,-0.973840365192694,0.5359413602125493,,0.1503956169917028,0.11967045210820644,0.03363279949742437,0.059193548331802195,0.11776954864858204,,,-0.22307793941581344
2024-06-30,-1.5283589237986492,0.047251718913587544,,,,,-0.000496422117448889,,0.449546168775663,0.12478058782998737,,,-0.0022401691283247724,-0.43328577361115855,0.015650421479088208,0.0042321926026499665,,-0.12237696747096748,-0.035735620823764386,-0.00921409894073889,,1.935725596142794,-1.1098322233480893,,-1.2933978435373448,0.05001496910250096,0.03426707287531648,0.03960020208396799,-0.021055218114042998,,,-0.39367890077068457
2024-07-05,-2.563396597516288,-0.0025509678975659832,,,,,0.04508150633393143,,-0.3398469598317648,-0.016897173035264657,,,-0.007757575588655691,0.0291363305773638,-0.27393744486102994,0.06823058979693747,,-0.17071447827125347,0.026957035915511175,-0.290240874780358,,0.07136171129198345,-0.0215838145719127,,-2.924956036781829,-0.16589941810754347,-0.04963598315967654,-0.012013756338055896,0.038179207725032485,,,-0.006780807140333092
2024-07-12,-0.0703692584100656,-0.06594616131329534,,,,,-0.08999410164030831,,-0.40779259509346993,0.09325976955660482,,,-0.13543627752152418,0.044039509006327755,-0.5591388631849987,-0.09299222171265153,,-0.13809186333084264,0.07896620258895373,-0.15457387433525013,,-0.08675406319098476,0.7204599428364109,,0.36567174647290784,0.7665278954949681,-0.0031239514109355423,0.08587294204831661,-0.03429262737102639,,,0.2942201825517646
2024-07-19,0.30323750243022696,-2.654632297835283,,,,,-0.3209751181824351,,-1.2252838231414265,0.03769019622514892,,,-0.009637162771712109,1.154225157257304,0.38193177461465033,0.00189787000984956,,-0.25754520561306765,-0.10337088837819927,-0.005747590175965097,,-0.07505985311025104,0.01595612839679215,,-0.25074086885403324,0.017813711465073743,0.0003487026054031218,0.0074369178698321025,0.02570631676268474,,,-0.4716217078885631
2024-07-26,0.1920862368986446,0.056701803657016436,,,,,-0.5298449247545425,,-0.7479068481756875,-0.2425532633230002,,,0.12804211357996875,-1.4428581070025819,-0.4771474175677337,0.003036198551821582,,1.39401636719223,-0.02279719188620574,1.529973618851945,,0.10186436488032055,-0.02393827665644576,,-3.068229148713704,0.1223667897455192,0.0006993287946895744,-0.6707384190838149,0.05789805833280228,,,-0.0028599009582165485
2024-08-02,0.05940685942225477,-1.0298024521998057,,,,,-0.3053345536623835,,0.1638861639289988,-0.01767287807210211,,,-0.03723020761136463,0.21196591095170866,-0.13502051323479097,0.060384550422902736,,-0.09465926505373812,0.007356041873554791,0.016457034914174832,,-0.3733545230999549,0.26930434887659344,,-0.06710324510061198,-0.3326645735870451,-0.014270870811721296,-0.3368158418468951,0.7711048391025067,,,0.07159729676524973
2024-08-09,-0.11097147478319913,0.8291889404617891,,,,,-0.012538908917742416,,-0.6451698963729713,0.0017103060623780263,,,-0.5282168296685686,-0.6293375919711994,-0.4409030127929315,0.03952386396569405,,-0.20661177897838112,0.18251013861290724,0.004235489082855367,,-0.2978248582911862,-0.049846795217917,,-0.578503335083483,0.020512450510113394,0.0008621471004278277,0.2134162511951155,-0.32932223645521336,,,-0.003742437707023958
2024-08-16,0.14686088534726194,1.6765375088796373,,,,,-0.3499329792698098,,0.8831367706576962,0.005077034000900547,,,0.0010170776821737282,0.3350132233077444,-0.21220305565859293,-0.056039231000728496,,-0.21203941118806122,-0.10151276038268006,-0.13745417740085025,,-0.07519388675975527,0.067165801120151,,-0.39333215638949975,-0.21175054097416682,0.007216738179668295,0.1483537181113715,-0.09302813057148698,,,-0.044882704199651624
2024-08-23,-0.5388651109990993,-0.5685054278658543,,,,,-0.5030072196594351,,-0.2689033904967724,0.10018237591129263,,,0.007012995556099979,-0.2713613041287177,0.38699410062254463,0.20296468603676193,,0.07599464545367314,0.00015961052126735559,-0.24493599826201723,,-1.0655138140108062,-0.018779038768338845,,-0.5310610773885897,0.003099731612389462,-0.031456523466481826,0.09431148952576247,0.02418377676986403,,,-0.05453090553463864
2024-08-30,0.005822008118323986,0.31317034145519307,,,,,-0.011288609572488067,,-0.5123520210007275,0.06533150472607266,,,-0.012196424500339448,1.4576188188240267,2.090118894501372,-0.00014550739113760038,,-1.3610501636423111,-0.0048845501485314,-0.08994699314376385,,0.09977362649196779,0.6847869762031112,,0.17894412975920818,2.101213043538086e-18,0.007337306195592606,0.9621700315410064,-0.020346420168343933,,,-0.023306660544040222
2024-09-06,-0.08855768834898547,0.110928582739871,,,,,-1.4428573878653665,,3.8604050783405928,0.15436111078155423,,,0.0008155958812278121,0.3505860031669063,0.7726706155882306,-0.06627331465561165,,0.00041410386442097824,0.057444641676422464,-0.008910327870044527,,0.0001978891116860438,-0.38650238801011894,,0.016304455088717668,-3.200486480441844e-17,0.011442666255606937,3.004352955138271,-0.003473908215546685,,,-0.5600029045871683
2024-09-13,-0.07180445835290375,-0.6223673028653183,,,,,-0.7473312073390996,,-0.12056465920858471,0.03135795528407117,,,0.014344061280005002,-0.05546136913639601,0.18943798879773172,-0.041870239160397164,,0.00851882790851464,0.03417095369911649,-0.019123370175592697,,-0.0020542343203327233,0.3581892842069594,,0.001705486576014494,0.004113618091999416,-5.3174963649619454e-05,3.156411932685838,-0.05826083269481881,,,1.3304335222545842
2024-09-20,-0.048478927280669167,-0.1788810917184482,,,,,-0.07254957571083158,,-0.012154761612906623,0.010118493176187557,,,0.049795136674080774,2.0963021395153336,-0.4873539972496683,0.20073747108698567,,0.8782062619454741,-0.3410004047758084,0.20451484316045593,,-0.7291909937726542,0.12234812028222405,,0.0026450590085361292,0.12506214147624795,-0.03271107261581747,1.3010976451955256,-0.5533724252964609,,,0.17097753403157595
2024-09-27,0.0013269054930000503,0.2533791131587164,,,,,-2.1506580564321593,,-0.09875817577844118,-0.010246806740444874,,,0.02423108998903953,0.12279817300601756,0.09488116035658375,0.004874014970163237,,-0.018210970957494077,-0.06663969283000049,-0.1407099235081764,,0.01607247135281758,-1.1177336709405614,,-0.21943967454649124,-0.10111298594333692,0.0005530481913996811,0.359062769569987,0.30986289337805595,,,-0.03812853608425606
2024-09-30,0.3310267149240252,-0.71391006288689,,,,,-0.45005279926581354,,-0.06665349216049055,-0.0014063320328236725,,,0.002728802199358191,-0.25698567537429073,0.015266372457796603,-0.00023540144318330173,,0.011222179706156443,-0.0043410604588131575,0.17833071796990144,,0.03181324232420809,-0.6950887932901145,,-0.6936081814731645,-0.02198486613012731,-0.0006892629945713508,-26.137281676425065,-0.02611799274552601,,,-0.0373532769825502
2024-10-11,0.08668053543451405,0.00027802645621140157,,,,,-0.02221455010283349,,0.46487149608090833,-0.2571282875285612,,,0.049476280146790896,0.09595559580854764,0.09477128097326022,0.010094150316206542,,0.031071138294565644,-0.024922894552233624,0.0030439206587664427,,-0.05059235881215721,0.11734353257192051,,0.2540373964657358,-0.04182553331788207,9.48142561223766e-06,0.6809389193733282,-0.01647079005306971,,,-0.8090743489753623
2024-10-18,0.11634355855015657,-0.010760985591191399,,,,,0.1213835580080152,,0.12667469466678702,-0.3644034225311307,,,-0.041887617304728564,0.4418386718541504,0.10714384851950985,-0.0029742674583544885,,0.29118127906641783,-0.18127050885632964,0.27706177325861264,,-0.5322929757525827,-1.227665538341162,,0.494082716108958,0.055887688608187616,-0.05124441667131942,6.198107389332028,0.04840933255147209,,,0.645016537173817
2024-10-25,0.03447188746438452,0.3064017625095029,,,,,-0.6672601426663514,,-0.35685862191822615,-0.0079267840259593,,,0.0035054123366544793,0.03440823787100672,0.020144411097150743,0.06405276432634023,,-0.6027595479558654,-0.005191318362620535,0.10930242861588557,,-0.1541497550387649,-0.1671035062496778,,0.5573356399662954,0.02074368540389708,-0.0030407790834195503,0.23612618677675662,-0.12166784420444235,,,-0.04924616376320352
2024-11-01,0.14084567629605121,0.019823810324117622,,,,,-0.00816165408052875,,0.5471667984994115,0.052802089828838654,,,0.1711459482191307,0.10211199214890523,0.13039425372947827,-0.016951853670035433,,-0.38427733460218666,0.01785021523789686,-0.44607173400170885,,-0.03803305586358802,-0.04090944238031597,,-1.0255164532720171,-0.03167791602765854,-0.008854282983741722,1.9502940134441134,0.5713345277912388,,,0.10013061290873561
2024-11-08,0.2886439711654959,0.011567438760375838,,,,,0.07101697750203129,,-0.3324900399801799,-0.2994408261290247,,,0.2969549872352102,0.7954920855056944,0.003429155351509673,0.0015741201805572274,,0.1714570722008969,-0.0005253843623158476,-0.0489915656857518,,-0.12669926754149427,0.12348778750233713,,0.22530307444539957,0.02643385519424296,0.003112342447165586,0.029564023614799623,0.019794490894560254,,,0.16365198542652362
2024-11-15,0.10244120497817454,-0.06432699797293104,,,,,-0.018662897744510753,,2.785236708899307,-0.025304675054126872,,,-0.019727695453007017,0.3776933483141711,0.039956793652454387,0.020614352778007022,,-0.07580510124251363,0.09385038212032461,-0.05256871600357133,,-0.00614867872595754,0.13167183546982442,,1.1259190323778707,0.0253900224324069,-0.015308604118146248,0.09592093984385577,-0.04288465761250357,,,0.047951999644857024
2024-11-22,0.3359878204690533,-0.4483893241781499,-0.08429314051379433,,,,-0.33797736055268784,,-1.0916144867909723,0.0032943443067290044,,,2.144197017239356,-1.3261938083978646,0.23405645423491173,-0.036372139110389154,,-0.012941940643919826,0.04243585593814714,0.007698302214116621,0.01852671122837065,-0.016700199919405953,0.008521706900269876,-0.0026074104389332354,2.0440007981735855,-0.015874028901359,0.07360374318215145,1.5366416213500602,-0.05409860808705567,-0.04729751925505235,,-0.01013142236296017
2024-11-29,0.563060267435019,-0.8204163060430392,-0.003920777702320756,,,,0.029774996801418596,,1.5085997815376895,-0.042226414638353485,,,0.5216133137638466,-0.0010677462691699793,-0.3249279739675235,0.0013931163668788504,,-0.8877985883090294,-0.010511250541196237,-0.023146136763315697,-0.0306893748892835,-0.3215017201365177,-3.1702299548036903,-0.0003073820528292512,-1.7796287421785513,-0.06660266977279133,-0.16501782512415752,3.116175321522261,0.12932949683126518,0.14068599402001788,,0.07804444124803253
2024-12-06,0.44497538589918006,-0.04248832969274771,0.009575621423079177,,,,0.010091492070357071,,-0.1692029697816586,0.280006939184523,,,0.16697031981982807,-2.3444201187981477,0.21480850911749377,0.00032246677725187006,,0.529777236136171,-0.1395154277296323,-0.543981953753713,0.002534967654444477,-0.5037694044521007,0.4969645886968126,-0.004433569912665792,-0.11328000628283459,0.04259655189014004,-0.01049553611126946,-0.016733819000123662,-0.00034391916090559596,-0.0007622318730418787,,0.04632397707088025
2024-12-13,0.2537479839738966,0.29085323122613704,0.5531784311482789,,,,-0.07992387876246246,,-0.38987397233465776,0.12500125431324072,,,-0.5188481853151198,0.6512534194885073,0.3468109612827246,-0.28632327065049373,,-0.3031524108092333,0.014969110236297064,0.026009070724358888,0.005455953025383348,0.916265832808232,-0.5120981838769632,0.029042094539959984,0.02079569594014641,-0.22082401059473933,0.09419171353658634,0.16731461781708146,-0.18685098740560327,-0.22659622772759483,,1.1005355396611034
2024-12-20,-0.012798285103867674,-0.04926899478554937,0.011662719899844173,,,,-0.002787961441349345,,-0.4303525644594811,-0.2944838005163825,,,0.20999914283318596,0.10254741050716995,0.01692738543744603,-0.07892556731481118,,-0.48839208495796527,-0.0009270152956713788,-0.045159653671706046,0.03851971063876829,-0.26693086229561985,3.068091246390257,-0.0002724398257336819,1.2296187658641418,0.2675876231688159,0.05507578160433194,1.0623988271633644,0.35125866551262896,-0.027031521878921078,,-0.02090729518336952
2024-12-27,-1.9615087833382086,-1.7467467025466634,-0.0010811970725789326,,,,-0.038776043145981445,,-0.7820700463326936,-0.08896150757605888,,,-0.17555086977414325,0.2518895313113473,-0.006325839219888581,-0.03745478112667841,,-0.3938224983170583,0.05803580024229299,1.1852257267594077,-0.0162634038981656,0.16215958972198166,-0.8930039482167742,-0.0001332302331717793,-0.7970960569826431,0.07783879096024032,-0.26112101969732054,-0.5181689897317544,0.09118972779971174,0.03900858234960483,,0.03738708184175912
