TradingDay,TMT,一带一路,交通运输,传媒,农业综合,医疗,医药,医药医疗,国企改革,国央企综合,国防军工,基建,基础化工,央企创新,家用电器,房地产,新能源汽车,有色,机械设备,汽车,生物科技,电力,电子,石油石化,绿色/ESG,计算机,通信,金融综合,钢铁煤炭,银行,非银,食品饮料
2015-04-10,0.24872308941809673,,,,,,,,,,,,,,,,,,,,,,,,,,,,,,,
2015-04-17,-0.04893400614634457,,,,,,0.004302176461735096,,,,,,,,,,,,,,,,,,,,,0.012445119216616384,,,,
2015-04-24,-0.3992013601131341,,,,,,0.0012413318889717686,,,,,,,,,,,,,,,,,,,,,0.07259763564431013,,,,
2015-04-30,0.009036884537180398,,,,,,1.0720800889594804,,,,,,,,,,,,,,,,,,,,,-0.05386390044506739,,,,
2015-05-08,-0.14839124908521883,,,,,,0.08720167472510465,,,,,,,,,,,,,,,,,,,,,0.0069472733258406135,,,,
2015-05-15,0.029120381175651622,,,,,,-0.03254991503825558,,,,,,,,,,,,,,,,,,,,,0.001088700410248089,,,,
2015-05-22,0.14909270598707752,,,,,,0.00041893530357365824,,,,,,,,,,,,,,,,,,,,,0.15659264199139966,,,,
2015-05-29,0.0056356653977644505,,,,,,-0.21426830110903275,,,,,,,,,,,,,,,,,,,,,0.002699763189984434,,,,
2015-06-05,0.028749974543024203,,,,,,0.5623748366931628,,,,,,,,,,,,,,,,,,,,,-0.24488246718329798,,,,
2015-06-12,0.0046987785049729235,,,,,,-0.869020563548521,,,,,,,,,,,,,,,,,,,,,0.0035093889094061498,,,,
2015-06-19,0.3032098703584481,,,,,,-0.023315907448638977,,,,,,,,,,,,,,,,,,,,,0.021082959257814008,,,,
2015-06-26,-0.009985154622170742,,,,,,0.026465742497004573,,,,,,,,,,,,,,,,,,,,,0.09686241203874013,,,,
2015-07-03,0.04609833633584626,,,,,,-0.0004879725971231805,,,,,,,,,,,,,,,,,,,,,0.011495303812335428,,,,
2015-07-10,-0.060613588761872984,,,,,,0.05383006214702793,-0.1635074263614245,,,,,,,,,,,,,,,,,,,,0.021415856489541918,,,,
2015-07-17,-0.0015284427007589158,,,,,,0.1826446847165411,0.023173314531816494,,,,,,,,,,,,,,,,,,,,0.0698842114757412,,,,
2015-07-24,-0.10947222555473098,,,,,,-0.009553369894797624,-0.0991006839483061,,,,,,,,,,,,,,,,,,,,0.005544500429805809,,,,
2015-07-31,-0.0060188892133845075,,,,,,0.1478792664085186,0.00342830124500112,,,,,,,,,,,,,,,,,,,,0.0004660040828864765,,,,
2015-08-07,0.04267946139434925,,,,,,0.10190186182277503,0.002032844367966598,,,,,,,,,,,,,,,,,,,,0.021937650952233746,,,,
2015-08-14,0.016063303997756094,,,,,,0.01680951288152786,1.1089950334949206,,,,,,,,,,,,,,,,,,,,0.006348662754316315,,,,
2015-08-21,0.09133926122487733,,,,,,0.2929852016636521,0.001131434274128517,,,,,,,,,,,,,,,,,,,,0.11571865860943302,,,,
2015-08-28,-0.14476842482049734,,,,,,0.006988750547305166,0.0025206453521207,,,,,,,,,,,,,,,,,,,,,,,,
2015-09-02,0.016191466695312694,,,,,,-0.011231520776420855,-0.7305539409497586,,,,,,,,,,,,,,,,,,,,,,,,
2015-09-11,0.025303042523333555,,,,,,0.016028413758686886,0.005516658721740425,,,,,,,,,,,,,,,,,,,,,,,,
2015-09-18,-0.33549362740234684,,,,,,0.24409138081124046,-0.056985654229857456,,,,,,,,,,,,,,,,,,,,,,,,
2015-09-25,0.0005824609154686261,,,,,,0.0005466240154696001,-0.22334582396376018,,,,,,,,,,,,,,,,,,,,,,,,
2015-09-30,0.04909950097892424,,,,,,0.11055745300402596,0.0011451811458878037,,,,,,,,,,,,,,,,,,,,,,,,
2015-10-09,-0.06314762796253182,,,,,,0.029664180380596893,-0.014134319501789944,,,,,,,,,,,,,,,,,,,,,,,,
2015-10-16,-0.0037280334695530964,,,,,,0.05115148758248586,0.024881825299509164,,,,,,,,,,,,,,,,,,,,,,,,
2015-10-23,-0.004158371953313253,,,,,,0.34478532197286255,-0.055722526746469984,,,,,,,,,,,,,,,,,,,,,,,,
2015-10-30,0.044772903915417196,,,,,,0.11291984528913641,0.011337554348216542,,,,,,,,,,,,,,,,,,,,,,,,
2015-11-06,-0.0005638740470522437,,,,,,0.009356592436839608,3.4750073162514132,,,,,,,,,,,,,,,,,,,,,,,,
2015-11-13,0.0163595131032243,,,,,,0.3076806191144331,4.122321094446067,,,,,,,,,,,,,,,,,,,,,,,,
2015-11-20,-0.03183304711680262,,,,,,-0.006546463262756335,0.12239700032632375,,,,,,,,,,,,,,,,,,,,,,,,
2015-11-27,-0.02885928902049192,,,,,,-2.4817827474574106,2.5111329057644194,,,,,,,,,,,,,,,,,,,,,,,,
2015-12-04,1.006197315781761,,,,,,0.18129689793158044,2.0356919089591297,,,,,,,,,,,,,,,,,,,,-0.16138612224076082,,,,0.0013624441250981337
2015-12-11,-0.07604495051172096,,,,,,0.01017169911825958,0.41970539478985414,,,,,,,,,,,,,,,,,,,,-0.0861406176615236,,,,-0.018688683507568665
2015-12-18,-0.0021231592146423563,,,,,,0.03457032390048293,0.5949806044377693,,,,,,,,,,,,,,,,,,,,0.7182502824629272,,,,0.11717998223135116
2015-12-25,-0.0013187889994202302,,,,,,-0.38496192029617826,3.518685161881717,,,,,,,,,,,,,,,,,,,,-0.013566077215133194,,,,0.025266144772186472
2015-12-31,0.14537248261275662,,,,,,0.07604969361316742,0.22815650911287805,,,,,,,,,,,,,,,,,,,,-1.0401623997778713,,,,0.19198237893218686
2016-01-08,0.12073937452827418,,,,,,1.1012285511721622,0.7506530771109481,,,,,,,,,,,,,,,,,,,,-0.07801394230982621,,,,0.006308423794510999
2016-01-15,0.02542207919580327,,,,,,0.1462417606013185,1.9560280353486221,,,,,,,,,,,,,,,,,,,,2.008210123969116,,,,-0.019030248880671997
2016-01-22,-1.0112961118400885,,,,,,0.10164328452168142,0.22196720584430404,,,,,,,,,,,,,,,,,,,,-0.002397087788150489,,,,0.039741179810128945
2016-01-29,-0.2981637988608653,,,,,,0.3681780299435355,-26.426788112995503,,,,,,,,,,,,,,,,,,,,-0.5222130093878254,,,,-0.02836424894495377
2016-02-05,0.035226333992706235,,,,,,0.42723510490413225,0.15082069313227173,,,,,,,,,,,,,,,,,,,,-0.08870552143695953,,,,-0.007655793658503007
2016-02-19,-0.008633241460299226,,,,,,0.028370801676814238,3.4968254734146584,,,,,,,,,,,,,,,,,,,,-0.007646892817096729,,,,0.000100557461937044
2016-02-26,-0.6598222684358355,,,,,,-0.10105802687451199,2.878018542956616,,,,,,,,,,,,,,,,,,,,-0.781875242069349,,,,-0.014482077914529243
2016-03-04,0.0016919807157418627,,,,,,-0.014894299708621706,-3.5179599036639635,,,,,,,,,,,,,,,,,,,,-0.012028703895144688,,,,-0.04477415158970406
2016-03-11,1.8481774111958775,,,,,,0.012833656748080168,0.8642366416606515,,,,,,,,,,,,,,,,,,,,0.031031323541633626,,,,0.0004740220857020879
2016-03-18,0.05401912798305622,,,,,,-0.032703311871244145,1.409280730874673,,,,,,,,,,,,,,,,,,,,0.008621019163039092,,,,1.2025125413476003
2016-03-25,0.0003408413099931111,,,,,,-0.003558026773850582,0.17572345183238955,,,,,,,,,,,,,,,,,,,,0.00035797165413684257,,,,0.04898771634634588
2016-04-01,-0.06187764077136118,,,,,,,,,,,,,,,,,,,,,,,,,,,,,,,-1.0615346964458023
2016-04-08,-0.4008084685510438,,,,,,,,,,,,,,,,,,,,,,,,,,,,,,,0.023009240522550982
2016-04-15,0.05729530177874576,,,,,,,,,,,,,,,,,,,,,,,,,,,,,,,0.5588507029575268
2016-04-22,0.021038359552392694,,,,,,,,,,,,,,,,,,,,,,,,,,,,,,,-0.9098405185843044
2016-04-29,-0.014420733315548148,,,,,,,,,,,,,,,,,,,,,,,,,,,,,,,0.051083136075660264
2016-05-06,-0.00028776176244575897,,,,,,,,,,,,,,,,,,,,,,,,,,,,,,,0.009536935069299344
2016-05-13,0.14840280963658933,,,,,,,,,,,,,,,,,,,,,,,,,,,,,,,0.011569633495233142
2016-05-20,0.03146650996445171,,,,,,,,,,,,,,,,,,,,,,,,,,,,,,,-0.03551504092949354
2016-05-27,-0.10408753195493818,,,,,,,,,,,,,,,,,,,,,,,,,,,,,,,0.01262251658479079
2016-06-03,-0.01505837160146829,,,,,,,,,,,,,,,,,,,,,,,,,,,,,,,-0.0005410398820292692
2016-06-08,-0.0007448477056482616,,,,,,,,,,,,,,,,,,,,,,,,,,,,,,,0.00013131812350954426
2016-06-17,0.35284861760615754,,,,,,,,,,,,,,,,,,,,,,,,,,,,,,,0.0004146515818923096
2016-06-24,-0.001217980229894806,,,,,,,,,,,,,,,,,,,,,,,,,,,,,,,0.04089665778247506
2016-07-01,0.029287452589708333,,,,,,,,,,,,,,,,,,,,,,,,,,,0.03194031899951779,,,,0.0006858284988696962
2016-07-08,0.004593081717624979,,,,,,,,,,,,,,,,,,,,,,,,,,,0.08914702892542563,,,,0.0016600166039453424
2016-07-15,0.029555795969583295,,,,,,,,,,,,,,,,,,,,,,,,,,,0.114670508864339,,,,0.0003300912463547736
2016-07-22,-1.1425462849856631,,,,,,,,,,,,,,,,,,,,,,,,,,,0.2330008946590207,,,,0.03609483578448279
2016-07-29,0.009694176406199394,,,,,,,,,,,,,,,,,,,,,,,,,,,0.04309168483629313,,,,0.08600842168991227
2016-08-05,0.056687724002827566,,,,,,,,,,,,,,,,,,,,,,,,,,,0.007038329902856355,,,,0.0018633087456197694
2016-08-12,-0.00239622756870928,,,,,,,,,,,,,,,,,,,,,,,,,,,0.18524156994488192,,,,0.000988168382148082
2016-08-19,0.04053563758543309,,,,,,,,,,,,,,,,,,,,,,,,,,,-0.578403269967789,,,,0.1105029570130694
2016-08-26,1.518785434386946,,,,,,,,,,,,,,,,,,,,,,,,,,,0.00399139034454718,,,,0.028012824316846357
2016-09-02,-0.03672976460330557,,,,,,,,,,,,,,,,,,,,,,,,,,,0.6597379690243006,,,,-0.09632630441667532
2016-09-09,-0.668275403592632,,,,,,,,,,,,,,,,,,,,,,,,,,,0.3184144457733399,,,,-0.04023264170862427
2016-09-14,-0.18826219242733228,,,,,,,,,,,,,,,,,,,,,,,,,,,0.06142958604913244,,,,0.4998806680529045
2016-09-23,-0.2744921133582825,,,,,,,,,,,,,,,,,,,,,,,,,,,0.03263826624129943,,,,-0.017754578153166358
2016-09-30,0.019032062062568057,,,,,,,,,,,,,,,,,,,,,,,,,,,0.3298878717678254,,,,-0.001066858314244388
2016-10-14,0.04009520001249442,,,,,,,,,,,,,,,,,,,,,,,,,,,-0.20493355665029445,,,,-0.06354492580251496
2016-10-21,0.14760027323727237,,,,,,,,,,,,,,,,,,,,,,,,,,,-0.1990693350234869,,,,0.09469197528804733
2016-10-28,-1.8503891058156607,,,,,,,,,,,,,,,,,,,,,,,,,,,0.07570647328293623,,,,-0.0001551959241137566
2016-11-04,0.09480580055643784,,,,,,,,,,,,,,,,,,,,,,,,,,,0.018483928536165664,,,,-2.4941014876943895e-05
2016-11-11,-0.003759227869344836,,,,,,,,,,,,,,,,,,,,,,,,,,,-0.4731629366505378,,,,0.03081137286454043
2016-11-18,0.005721877214568126,,,,,,,,,,,,,,,,,,,,,,,,,,,-0.026327563959040155,,,,0.08339255995809493
2016-11-25,0.09543843213554899,,,,,,,,,,,,,,,,,,,,,,,,,,,-0.037062375327463974,,,,-0.010437461650772847
2016-12-02,-0.003273598049768454,,,,,,,,,,,,,,,,,,,,,,,,,,,0.5459135463591762,,,,-0.15371704006689652
2016-12-09,0.024628179925323745,,,,,,,,,,,,,,,,,,,,,,,,,,,0.19328454179020732,,,,0.29650364365995263
2016-12-16,0.013375043203527243,,,,,,,,,1.8672415792429384,,,,,,,,,,,,,,,,,,-0.08523386136451934,,,,-0.04165926275512338
2016-12-23,-0.30761248549111364,,,,,,,,,-0.19700803322860566,,,,,,,,,,,,,,,,,,-0.09255560364493895,,,,-0.043500884381029274
2016-12-31,0.0019688233896132073,,,,,,,,,0.0549330897233441,,,,,,,,,,,,,,,,,,-0.027285898676619916,,,,-0.0008585628051139452
2017-01-06,0.007526318004208215,,,,,,,,,-0.028713396148006862,,,,,,,,,,,,,,,,,,-0.07232813386837392,,,,-0.0005116495392368208
2017-01-13,0.014196917285546926,,,,,,,,,-0.016481509061316662,,,,,,,,,,,,,,,,,,-0.05818539250343133,,,,-0.00013391748879264937
2017-01-20,-0.022951036230696963,,,,,,,,,-0.8102406519531326,,,,,,,,,,,,,,,,,,-0.3548599863735965,,,,0.013386721296045078
2017-01-26,-0.057042343203854234,,,,,,,,,0.2870291693053974,,,,,,,,,,,,,,,,,,-0.10140884210745628,,,,-0.015742262304667982
2017-02-03,-0.024387763186597345,,,,,,,,,-0.0056173906633804616,,,,,,,,,,,,,,,,,,0.023503224571169774,,,,0.07858991784646599
2017-02-10,1.627733959146648,,,,,,,,,-0.2827272418873135,,,,,,,,,,,,,,,,,,-0.05718698826188543,,,,0.3684703068328356
2017-02-17,0.018641518268039697,,,,,,,,,-0.15762282213900866,,,,,,,,,,,,,,,,,,0.8574043429497508,,,,0.0060461281336086446
2017-02-24,-0.30574616643163194,,,,,,,,,-0.5444046398584089,,,,,,,,,,,,,,,,,,-0.024931167738896094,,,,-0.018953854203494436
2017-03-03,-0.00018623197054988197,,,,,,,,,-0.036880926996335696,,,,,,,,,,,,,,,,,,0.04713322906816367,,,,0.6591434262755337
2017-03-10,0.000521688410251887,,,,,,,,,-0.18264632890199858,,,,,,,,,,,,,,,,,,-0.03400825819523666,,,,-0.058188984776366484
2017-03-17,-0.00648226691370181,,,,,,,,,-0.0147486015733734,,,,,,,,,,,,,,,,,,-0.04645948418822392,,,,-0.19321454034675908
2017-03-24,0.00936209573233615,,,,,,,,,-0.05710342385859746,,,,,,,,,,,,,,,,,,-0.02529577451181036,,,,0.044548716021528136
2017-03-31,-0.02457761076324034,,,,,,,,,-0.06927385622986347,,,,,,,,,,,,,,,,,,0.015573748445500028,,,,0.010420726436209417
2017-04-07,-0.0026403440782942884,,,,,,,,,-0.1658724847116196,,,,,,,,,,,,,,,,,,-0.39296387736934346,,,,0.021351083878493212
2017-04-14,0.037106803046025795,,,,,,,,,-0.12238199203889301,,,,,,,,,,,,,,,,,,0.8364163458412075,,,,-4.4092314259880065e-05
2017-04-21,-0.0036971415871574174,,,,,,,,,-0.5702461968735346,,,,,,,,,,,,,,,,,,-0.005470752602665689,,,,-0.0095731136677861
2017-04-28,0.020042372533382147,,,,,,,,,0.07019129788486982,,,,,,,,,,,,,,,,,,-0.017404824578954464,,,,0.02292668717963807
2017-05-05,-0.01742052179803104,,,,,,,,,-0.0633236838039608,,,,,,,,,,,,,,,,,,0.256218106989701,,,,-0.00027059403488453773
2017-05-12,0.014741755839130762,,,,,,,,,-0.7656798577648382,,,,,,,,,,,,,,,,,,0.1893372826924006,,,,-0.01377455062347049
2017-05-19,0.22218312641997626,,,,,,,,,-0.014024734126392676,,,,,,,,,,,,,,,,,,0.22723051724307836,,,,-0.0530471848610565
2017-05-26,0.000402581218579838,,,,,,,,,-0.000474463155927646,,,,,,,,,,,,,,,,,,0.09190198456248357,,,,0.09371261426783135
2017-06-02,0.04385099991182931,,,,,,,,,-0.07685415191192793,,,,,,,,,,,,,,,,,,-0.66077635234398,,,,-0.0016397901451836907
2017-06-09,-0.013663817005201796,,,,,,,,,-0.002971067212273258,,,,,,,,,,,,,,,,,,-0.00760008443322209,,,,0.01424606253712929
2017-06-16,0.002041644382091018,,,,,,,,,-9.293875108170192e-05,,,,,,,,,,,,,,,,,,-0.15866238834603347,,,,-0.0002657354635849573
2017-06-23,0.06046251847687743,,,,,,,,,-0.008864258791640761,,,,,,,,,,,,,,,,,,-0.10548655248950696,,,,0.1717180813993368
2017-06-30,0.011234457692055257,,,,,,,,,-0.0006041537810662349,,,,,,,,,,,,,,,,,,0.0332954344393335,,,,-0.002055533180267324
2017-07-07,0.008000682193828816,,,,,,,,,-0.27058282952975665,,,,,,,,,,,,,-0.17805867202246858,,,,,-0.019504393514289516,,,,-0.2185818547094543
2017-07-14,-0.5588957806066778,,,,,,,,,-0.00041762183886460947,,,,,,,,,,,,,-0.0005154244081650929,,,,,0.014681865108312899,,,,-0.05929620920769313
2017-07-21,0.25217906689918,,,,,,,,,-0.0007188330054549134,,,,,,,,,,,,,-0.023457275226365714,,,,,-0.21038674031922977,,,,0.32754049955117065
2017-07-28,0.17181272670561715,,,,,,,,,-0.04620806440810822,,,,,,,,,,,,,-0.03396059954838713,,,,,0.017450979171856076,,,,0.016054954111996023
2017-08-04,0.7100120070937163,,,,,,,,,-0.0027218536464288074,,,,,,,,,,,,,-0.0012156775761391178,,,,,0.35205026324450805,,,,-0.000305045419434016
2017-08-11,-0.49822738148943374,,,,,,,,,-0.5851810724800182,,,,,,,,,,,,,0.054026892262800885,,,,,0.06011562318770956,,,,0.5011691804515573
2017-08-18,0.009600243489786515,,,,,,,,,0.721938050070875,,,,,,,,,,,,,-0.057966262556329265,,,,,-0.06268151184641584,,,,-0.038755353605332936
2017-08-25,0.004204208572262674,,,,,,,,,-0.00027001483304457723,,,,,,,,,,,,,-0.016947476511760907,,,,,0.03193834502285223,,,,-0.15000242897563876
2017-09-01,-0.13087205249818584,,,,,,,,,-0.13614754241398058,,,,,,,,,,,,,-0.009277745527097531,,,,,0.08453397244473218,,,,-0.12258598810021136
2017-09-08,-0.9244985633864781,,,,,,,,,-0.46605352538563183,,,,,,,,,,,,,-0.0003483090489741623,,,,,-0.06649729455879173,,,,-0.14836837642858106
2017-09-15,-0.13233311855435934,,,,,,,,,-2.328430265826946e-05,,,,,,,,,,,,,0.03031978348837108,,,,,0.09429228883588027,,,,0.014376184406844367
2017-09-22,-0.0017394946828009558,,,,,,,,,-0.03208564892990122,,,,,,,,,,,,,-0.06333009374024656,,,,,-0.0020244734163510757,,,,0.018248820580217102
2017-09-30,0.12660812382795267,,,,,,,,,0.6321155254500274,,,,,,,,,,,,,0.22656071746685313,,,,,0.3357012883704836,,,,0.011108252256195217
2017-10-13,0.15915556045708487,,,,,,,,,-0.014725295445831335,,,,,,,,,,,,,0.010396144937701276,,,,,0.3131412583692038,,,,0.06872516381167183
2017-10-20,0.16481187983626452,,,,,,,,,0.001205455026405931,,,,,,,,,,,,,-0.048414428953080665,,,,,0.01720794914410289,,,,-0.00863199745219976
2017-10-27,0.01687194438928074,,,,,,,,,0.00036154689938510315,,,,,,,,,,,,,-0.25620496018497196,,,,,-0.05153812128915897,,,,-0.01769076106636474
2017-11-03,-0.016482555033904365,,,,,,,,,0.0006793721336419841,,,,,,,,,,,,,0.038704343297351396,,,,,-1.1418591908314264,,,,-0.644899025821415
2017-11-10,0.0032749864726928524,,,,,,,,,-0.03104052671638031,,,,,,,,,,,,,0.0532843195692049,,,,,-0.15019055713801682,,,,-0.0028304071203982483
2017-11-17,0.08101686277983984,,,,,,,,,-0.012900490975396106,,,,,,,,,,,,,-0.021315845766728424,,,,,0.20890189361722816,,,,-0.943137378042789
2017-11-24,0.04800669754558304,,,,,,,,,0.008700100086995654,,,,,,,,,,,,,-0.09346248378530943,,,,,0.16601214335572118,,,,-0.32667054164308146
2017-12-01,0.5559824239243184,,,,,,,,,0.5386246600371429,,,,,,,,,,,,,-0.06927656790222309,,,,,-0.09715422715134633,,,,-0.1665330512822212
2017-12-08,0.09711766442992313,,,,,,,,,0.025955452996446936,,,,,,,,,,,,,0.01936824590996439,,,,,0.07426684971926134,,,,1.346355693123953
2017-12-15,0.2937049098545337,,,,,,,1.955776078479821,,2.153404000732928,,,,,,,,,,,,,-1.6493919295181776,,,,,0.05361207966062524,,,,-0.10538913232256586
2017-12-22,0.5317483659412076,,,,,,,0.07697207344338627,,-1.0783347132669985,,,,,,,,,,,,,0.003473997719295516,,,,,0.19479322762244955,,,,-0.7291297701904668
2017-12-31,0.685576483375675,,,,,,,-0.2042180482457048,,-0.001135164356917951,,,,,,,,,,,,,-0.5294211976751076,,,,,0.013540240800212655,,,,-0.0708596360106963
2018-01-05,0.03416859471638605,,,,,,,0.2399551279399939,,0.10221626113519955,,,,,,,,,,,,,-0.04164301540645058,,,,,0.3383381503516335,,,,-0.1597074377482281
2018-01-12,0.1815144550992673,,,,,,,0.02645294314932612,,0.16477547848936092,,,,,,,,,,,,,-0.07179797336420878,,,,,0.25304289234785027,,,,-0.30597846306490945
2018-01-19,0.0010273135641584094,,,,,,,0.18619246807633028,,0.010112019135581069,,,,,,,,,,,,,0.6925835320301605,,,,,0.08296403582636303,,,,-0.14504509106261676
2018-01-26,0.2388837447736803,,,,,,,0.023915818500496934,,-0.011187439893850001,,,,,,,,,,,,,0.024487511393129123,,,,,0.009636653388379424,,,,-0.17261718578290075
2018-02-02,0.007530837154902285,,,,,,,-0.01718502954782026,,0.017686598101310853,,,,,,,,,,,,,0.020173894110080876,,,,,-0.3444605972935382,,,,0.107023490687215
2018-02-09,-0.019161184414408006,,,,,,,0.003396446309861729,,0.06425592941992672,,,,,,,,,,,,,0.021351822340900314,,,,,-0.002490357662975895,,,,-0.41711354839101633
2018-02-14,-0.2283622936255621,,,,,,,-2.6178040011838033,,0.00027263099746456315,,,,,,,,,,,,,-0.07904406136106727,,,,,-0.08390761816759786,,,,-0.21836653568880232
2018-02-23,0.20593648555925442,,,,,,,0.0842872560998579,,0.0013580088021913266,,,,,,,,,,,,,0.05105672496531156,,,,,-0.10375982651847379,,,,-0.05688557367250706
2018-03-02,-0.086777144874948,,,,,,,0.12771326693622895,,0.0007621279762167717,,,,,,,,,,,,,-0.11870251180842864,,,,,-0.13060450834945497,,,,-0.03484158991109953
2018-03-09,0.02538299658934894,,,,,,,0.06074784605182025,,0.007927826890651399,,,,,,,,,,,,,-0.2971550057311116,,,,,0.010547610040436112,,,,-0.0003310222297736595
2018-03-16,0.01659298615240761,,,,,,,0.002036425322474318,,0.0017660703555669151,,,,,,,,,,,,,0.32303869613797925,,,,,0.06001840872496691,,,,0.30768061001326197
2018-03-23,0.023441076050443505,,,,,,,0.16830382332070212,,-0.047874132427035226,,,,,,,,,,,,,0.08620146759029701,,,,,0.6049051132366687,,,,0.25346076374528975
2018-03-31,-0.0014573225615658186,,,,,,,0.06263679032361724,,-0.048265137100290165,,,,,,,,,,,,,-0.10300800823245149,,,,,-0.4890357821296665,,,,-0.47420572656664706
2018-04-04,0.016018413297066048,,,,,,,-0.0811017335020976,,0.2900425941971609,,,,,,,,,,,,,-0.6336569629276321,,,,,0.08982280153128802,,,,-0.0010223959480308187
2018-04-13,0.1116272608363094,,,,,,,0.008887850456409892,,-0.14598547538939002,,,,,,,,,,,,,0.02252791743467087,,,,,0.010689326385722314,,,,-0.00013003056031644434
2018-04-20,0.00925198374211995,,,,,,,0.01538932552265039,,-0.014955465077414859,,,,,,,,,,,,,-0.14333577139945258,,,,,0.13740389049431628,,,,0.011754917670690092
2018-04-27,0.1292839135522897,,,,,,,-0.030884212268791955,,0.00010276521781439107,,,,,,,,,,,,,-0.23159262391556573,,,,,-0.004476791353989157,,,,-0.0008096132230002951
2018-05-04,0.05098374990280234,,,,,,,0.003686916194904978,,0.0006780015088521704,,,,,,,,,,,,,0.2598325377009461,,,,,0.11685791552702941,,,,0.00799634798380549
2018-05-11,0.16422087854971318,,,,,,,0.004877228442334236,,0.003037934988218386,,,,,,,,,,,,,0.09146183806222938,,,,,0.0070977019083352955,,,,0.011207603221713268
2018-05-18,0.031109046843120818,,,,,,,0.005417898176475094,,-0.24361140365152195,,,,,,,,,,,,,0.1460147793152698,,,,,0.01525577313459969,,,,0.11712559430869401
2018-05-25,0.017845964803180365,,,,,,,0.15762196348634025,,-0.20932420602589974,,,,,,,,,,,,,0.07758610467998239,,,,,0.025117369266543663,,,,0.02439609025131879
2018-06-01,-0.08824200972992932,,,,,,,0.058564159535879685,,2.7656667742604043e-05,,,,,,,,,,,,,-0.36853805122165134,,,,,-0.0016801268541797518,,,,0.013802383281202465
2018-06-08,-0.01920422140611916,,,,,,,0.278528450297374,,0.3167009084212106,,,,,,,,,,,,,0.004103212476587318,,,,,0.24629149170070833,,,,-0.000531160517976397
2018-06-15,-0.60091080373318,,,,,,,0.027166361384327202,,0.0004607382572566446,,,,,,,,,,,,,-0.11840948197705861,,,,,0.5066304992322196,,,,0.00774378541598717
2018-06-22,0.00514510189611036,,,,,,,0.02180321508334799,,-0.16337000390833978,,,,,,,,,,,,,-1.0322283025809917,,,,,0.09547123444866393,,,,0.0038795092687799455
2018-06-30,-0.009417321647024952,,,,,,,-0.2186029352582194,,-0.11703902893103697,,,,,,,,,,,,,0.036695762239795995,,,,,-1.8602083391959119,,,,0.1074433817886375
2018-07-06,-0.005727686828782506,,,,,,,0.08461393505335921,,-0.09824432888870742,,,,,,,,,,,,,-0.42429461784313605,,,,,-0.5926310670941506,,,,0.0039953383013913895
2018-07-13,0.10762994651135926,,,,,,,0.03964118807109393,,0.0032976614509848258,,,,,,,,,,,,,0.4266562433472151,,,,,1.2640874553945016,,,,-0.5587056954202243
2018-07-20,0.065274709310485,,,,,,,0.2666059332562503,,0.00013651842309675923,,,,,,,,,,,,,0.02198450315126159,,,,,-1.3613602346712286,,,,0.1794243598096087
2018-07-27,0.002314848919165525,,,,,,,0.025004920841450298,,-0.28811773178294087,,,,,,,,,,,,,0.10793580467712056,,,,,-0.08155912388957963,,,,0.0944457901612187
2018-08-03,0.04711387832544244,,,,,,,0.38549868847689395,,-0.012464903334597105,,,,,,,,,,,,,0.10018041050897299,,,,,-0.7332033802775225,,,,0.001158208466273892
2018-08-10,-0.0023330249686152743,,,,,,,0.009099793548915519,,0.01248613141593351,,,,,,,,,,,,,0.033822237135181066,,,,,0.060415434042376384,,,,0.00615612870122703
2018-08-17,-0.016680808950279985,,,,,,,0.19962099888919116,,0.0643129143553637,,,,,,,,,,,,,0.04159194906539759,,,,,-0.12419638121124844,,,,-0.0552395718564232
2018-08-24,-0.02422135937515761,,,,,,,0.014890476082488833,,0.0002526851509702049,,,,,,,,,,,,,0.7668975883823212,,,,,-0.008322956982619784,,,,0.14674587821079463
2018-08-31,-0.34978942204446684,,,,,,,,,0.00028561039402417353,,,,,,,,,,,,,-0.021306585107194048,,,,,0.08416872130464864,,,,-0.008650528042298246
2018-09-07,0.12905408021196552,,,,,,,,,-0.023528715368363165,,,,,,,,,,,,,-0.707340579657253,,,,,0.47231261018754156,,,,0.02323091796620764
2018-09-14,1.043150294824122,,,,,,,,,-0.16816574148548336,,,,,,,,,,,,,-0.07633538621401027,,,,,-0.043309235318117874,,,,0.2703690070265927
2018-09-21,0.04217145761532151,,,,,,,,,-0.004366021727866754,,,,,,,,,,,,,-0.07714182842356782,,,,,-0.02002436854889704,,,,-0.00024739104687703385
2018-09-30,0.09323402332875673,,,,,,,,,-0.035655474621972445,,,,,,,,,,,,,-0.14384008216635888,,,,,-0.10326998793609572,,,,-0.1897596324746731
2018-10-12,0.012350998288986718,,,,,,,,,-0.003215957728743261,,,,,,,,,,,,,-0.044129826122993585,,,,,-0.1202767256111507,,,,-0.018995266922364428
2018-10-19,-0.0906626302461631,,,,,,,,,0.1388344199270667,,,,,,,,,,,,,-0.035141394966728356,,,,,2.472374167886912,,,,0.020194782678654495
2018-10-26,0.007765133406011577,,,,,,,,,-0.0006257260765880111,,,,,,,,,,,,,-0.07092885983527303,,,,,0.25385979130450165,,,,-0.020821628682439156
2018-11-02,-0.024429862007663908,,,,,,,,,-0.03152652469081704,,,,,,,,,,,,,-0.1053383346194963,,,,,0.0812077844133884,,,,-0.08017469115774023
2018-11-09,-0.06265083456951669,,,,,,,,,-0.0734969982937057,,,,,,,,,,,,,-0.12551796210352356,,,,,0.2454260901149462,,,,-0.051092764581305905
2018-11-16,-0.14066304356336806,,,,,,,,,0.004102937772995077,,,,,,,,,,,,,-0.28702503386590694,,,,,0.49664672534331766,,,,-0.03160288675143322
2018-11-23,0.19430805417535432,,,,,,,,,-0.05242551496648547,,,,,,,,,,,,,-0.16133065711306727,,,,,0.09759222200156352,,,,0.05307748779956499
2018-11-30,-0.36000973469817943,,,,,,,,,-0.23322805001664246,,,,,,,,,,,,,-1.2879588777278848,,,,,0.06170822753034548,,,,0.06931879827808057
2018-12-07,-0.1907959434324658,,,,,,,,,-0.00017078761372792985,,,,,,,,,,,,,0.29387469136211847,,,,,0.4332635822151615,,,,0.052172832006916164
2018-12-14,0.10640655514114566,,,,,,,,,-0.0008769829273376841,,,,,,,,,,,,,0.8182894728276876,,,,,-0.03836691565084739,,,,-0.040163236309912226
2018-12-21,0.01349692954128232,,,,,,,,,0.016704547074327343,,,,,,,,,,,,,0.24099052851612726,,,,,-0.030943961548685808,,,,0.020550655805764234
2018-12-28,-0.00985562523425831,,,,,,,,,0.011368029934001834,,,,,,,,,,,,,0.14419369462288273,,,,,-0.015351565469633333,,,,0.00019370702959169348
2019-01-04,-0.03058259159824435,,,,,,,,,0.4612545297465866,,,,,,,,,,,,,0.006411179528868924,,,,,-0.26373266425114295,,,,-0.0031905787327195703
2019-01-11,0.0063805489225203845,,,,,,,,,-0.06571662575526867,,,,,,,,,,,,,-0.2985446173518611,,,,,-0.030404020896810168,,,,0.012837366906101358
2019-01-18,0.006395258337365595,,,,,,,,,-0.002975597314585982,,,,,,,,,,,,,0.13528398591905497,,,,,-0.14981774382501137,,,,-0.07393360904335153
2019-01-25,-0.0412777903198618,,,,,,,,,-0.017645512673837065,,,,,,,,,,,,,-0.5418794789130137,,,,,-0.25611666390171556,,,,0.000633581984950138
2019-02-01,-0.12676142117901515,,,,,,,,,-0.42405772423088034,,,,,,,,,,,,,0.022776297168240867,,,,,0.7789821203362723,,,,-0.009561632472431955
2019-02-15,-0.3290476222732745,,,,,,,,,-0.014725479869854908,,,,,,,,,,,,,0.11177312845902442,,,,,-0.04797915456308912,,,,-0.4211419639323186
2019-02-22,-0.2896952794187463,,,,,,,,,-0.021417791656181247,,,,,,,,,,,,,0.9995175145324333,,,,,0.015223513427761307,,,,1.9706958341769716
2019-03-01,1.1596317879360492,,,,,,,,,-0.46493488108646563,,,,,,,,,,,,,-1.0518923595666334,,,,,1.093046095948092,,,,0.09096624185027788
2019-03-08,-0.3757657797951446,,,,,,,,,-0.051617416093461474,,,,,,,,,,,,,0.01576412831172129,,,,,-0.9606458105702976,,0.06329037360497623,,-0.0071047682274277876
2019-03-15,-0.17526921972356144,,,,,,,,,-0.02547901922968674,,,,,,,,,,,,,-1.0185384120116865,,,,,-0.0018090087390735948,,-0.0006281049553140544,,-0.001294119182340422
2019-03-22,-0.08344143320898667,,,,,,,,,0.00745417149455356,,,,,,,,,,,,,0.5110770388091581,,,,,-0.2025448099307813,,-0.018869993312646587,,0.02854492917443845
2019-03-31,-0.10625007673630059,,,,,,,,,-0.4320566895641307,,,,,,,,,,,,,-0.11550501703510062,,,,,0.14928653726017532,,-0.001193122569499771,,-0.3075479835903814
2019-04-04,0.06318506762589061,,,,,,,,,-0.009786115238155962,,,,,,,,,,,,,-0.002476800231965425,,,,,0.38147027745133905,,-0.05399948789354999,,1.0702918888533741
2019-04-12,-0.33052911765050746,,,,,,,,,0.014161156402267673,,,,,,,,,,,,,-0.0006237659041217278,,,,,-0.04258223866059533,,-0.0017780315087231181,,-0.03590897891855806
2019-04-19,0.022061444776558976,,,,,,,,,0.022170597760295403,,,,,,,,,,,,,-0.0358560727031402,,,,,-0.07053416782782976,,-0.16049203613423715,,-0.5611868403370986
2019-04-26,0.4743939937028582,,,,,,,,,0.02137273326998938,,,,,,,,,,,,,-0.0010489926330990251,,,,,-0.5411418632840059,,0.4572842134526957,,-0.07305022436619978
2019-04-30,-0.06539811850666401,,,,,,,,0.030099844610706836,0.0017114736470391194,,,,,,,,,,,,,-0.0010334123672006534,,,,,-0.14193887029873836,,-0.11318370293285251,,0.012611618260221181
2019-05-10,-0.1294092309588423,,,,,,,,-0.5520284471232924,0.000546112035992965,,,,,,,,,,,,,-0.030249451532783616,,,,,-0.5778137196130864,,0.028305111089130097,,-0.05626950288446083
2019-05-17,-0.028486587718736946,,,,,,,,-0.017346038049374,0.0023025977757846726,,,,,,,,,,,,,-0.004114481979967851,,,,,0.20977430626324028,,-0.0016179643972347646,,-0.0013613284879753745
2019-05-24,0.029248985919719146,,,,,,,,0.0006357408657598623,0.042493417787761965,,,,,,,,,,,,,-0.000724267295047525,,,,,1.506225513378677,,-0.20926707262885946,,-0.04568885287596094
2019-05-31,0.08140046844469963,,,,,,,,0.8831152402777754,0.004080667852717496,,,,,,,,,,,,,-0.01660549136635471,,,,,-0.24957724425397798,,-0.12523924782313767,,0.019346569912832418
2019-06-06,0.9665065628481755,,,,,,,,0.00012764796062005382,0.0010839383961610207,,,,,,,,,,,,,-0.031402837618703015,,,,,0.010485428181251108,,-0.15246396465047296,,-0.020365079240763265
2019-06-14,0.35091188403853124,,,,,,,,0.2856010157439404,0.10288487841675131,,,,,,,,,,,,,-0.026344952858140976,,,,,-0.07358019969345479,,-0.004389849244065998,,-0.06527652783289443
2019-06-21,-1.482724767887243,,,,,,,,0.5052980430858028,0.0015351760624833504,,,,,,,,,,,,,0.05294933047957945,,,,,0.009378544285508137,,-0.13851124756855712,,-0.025537588216093962
2019-06-30,0.08174278906929698,,,,,,,,-0.14358771981408586,-0.01923587872974579,,,,,,,,,,,,,-0.280234519185575,,,,,0.4940128923698026,,0.04119503145697512,,-0.014017439482714689
2019-07-05,-0.0328371688978799,,,,,,,,-0.14352352271320032,0.0069369165419292155,,,,,,,,,,,,,0.009204192572048187,,,,,-0.027340287042998988,,-0.006657124133613631,,-0.0002442371218458751
2019-07-12,-0.5149389325360815,,,,,,,,-0.05773234803508709,-0.008531748080808296,,,,,,,,,,,,,-0.18458651063696482,,,,,-0.01590037519646701,,0.01882326083628877,,0.07649045229301049
2019-07-19,1.7505688663616576,,,,,,,,0.059968132346668035,0.010308377106508058,,,,,,,,,,,,,0.06617669967553566,,,,,-0.33919157668851996,,-0.002388102316335218,,-0.458324025735515
2019-07-26,0.014349776032030005,,,,,,,,0.7261977655456229,0.00021401476803175045,,,,,,,,,,,,,0.1540813502938038,,,,,-0.054560905706363266,,-0.1575964693068401,,-0.06784395672289881
2019-08-02,0.0046262909409141,,,,,,,,0.1206435686804728,0.0010143793279025735,,,,,,,,,,,,,0.005998115194561165,,,,,-0.24965675227838835,,-0.050033620243278856,,-0.13785569241371345
2019-08-09,-0.12249432406573099,,,,,,,,0.4851155790529109,0.008561594503604648,,,,,,,,,,,,,0.0024344678107317275,,,,,-0.10728767399052883,,-0.08708147041125498,,0.0511367858028771
2019-08-16,0.013582386741453255,,,,,,,,-0.0057727237351562,-0.5026407762263098,,,,,,,,,,,,,0.013615181262406052,,,,,-0.16664810201487482,,-0.0013109781338496163,,-0.01019585729714637
2019-08-23,-0.053047102545376916,,,,,,,,1.1733586872783248,,,,,,,,,,,,,,0.001039218279193018,,,,,-0.1586554263273361,,0.48706475272442123,,-0.003635638039173957
2019-08-30,-0.006487955987075166,,,,,,,,0.21020706428560032,,,,,,,,,,,,,,0.04825220290745124,,,,,-0.20995352103156642,,,,-0.012060861165588948
2019-09-06,0.021336661837925472,,,,,,,,0.23622538045692548,,,,,,,,,,,,,,0.01610614957901216,,,,,-0.6462061525349188,,,,0.04493318049874383
2019-09-12,0.46636923294402177,,,,,,,,0.43617930424773516,,,,,,,,,,,,,,0.033231054635498046,,,,,-0.10573175430392269,,,,-0.08727776626649439
2019-09-20,-0.05233836116157359,,,,,,,,-4.063481399462654,,,,,,,,,,,,,,0.18160660246653063,,,,,-0.2019675538472182,,,,-0.0025441699375849825
2019-09-27,-0.0034414036298908352,,,,,,,,0.07455294901605691,,,,,,,,,,,,,,0.14654061674355856,,,,,-0.4581925409624129,,,,0.14427599260745805
2019-09-30,-0.042857347903190776,,,,,,,,-0.7187466762201619,,,,,,,,,,,,,,0.004196467401548566,,,,,-0.1680120172223834,,,,-0.03162409859523466
2019-10-11,0.00788903054222033,,,,,,,,1.1191480714554431,,,,,,,,,,,,,,0.03214747789778487,,,,,-0.6717349509604704,,,,-0.24810742679778744
2019-10-18,-0.0030315325797234077,,,,,,,,0.0012997011850918172,,,,,,,,,,,,,,0.013794179870053151,,,,,0.11955869908162904,,,,0.001342508010147337
2019-10-25,-0.0281650661244009,,,,,,,,0.930712685895878,,,,,,,,,,,,,,0.1435696640991579,,,,,-0.20175838569961985,,,,-0.002444363818087836
2019-11-01,-0.03990746557063449,,,,,,,,0.8250964282065126,,,,,,,,,,,,,,0.015175493411935014,,,,,-0.0894521664953147,,,,-0.015748206862212736
2019-11-08,-0.49758042791089263,,,,,,,,0.24546776474036236,,,,,,,,,,,,,,0.03575511576689665,,,,,2.1201505555621774,,,,0.017490484428139327
2019-11-15,0.060242080314048624,,,,,,,,0.07321483241105356,,,,,,,,,,,,,,0.012980361868004867,,,,,-0.509130417843982,,,,-0.007929839532811433
2019-11-22,0.016463435984438547,,,,,,,,-0.5662086655625842,,,,,,,,,,,,,,0.042638920471688754,,,,,-0.22790468016695242,,,,-0.00035060184373340104
2019-11-29,2.8572614532799223,,,,,,,,1.5224791827168507,,,,,,,,,,,,,,-0.29754291321091175,,,,,-0.4895889780901755,,,,0.08380062900332608
2019-12-06,-0.11494288076482055,,,,,,,,0.18414951488857134,-0.08536908422107135,0.0003842133304421541,,,,,,,,,,,,-0.3718293922807908,,,,,-1.7001135808897248,,,,0.009597576266136077
2019-12-13,-0.054103953593456176,,,,,,,,-0.51675185191722,0.3571993466300204,0.0003398574564850278,,,,,,,,,,,,-0.017651677974499826,,,,,-1.8493683281118107,,,,-0.01586349044427804
2019-12-20,-0.04868679432244248,,,,,,,,-0.1380714237783503,-0.010804028167589068,0.05041762367179967,,,,,,,,,,,,0.022902786813082963,,,,,-0.07642162040608333,,,,-0.031214442141091363
2019-12-27,-0.005548469603999144,,,,,,,,1.514853739271444,0.0008217562189983272,-0.06666143185987086,,,,,,,,,,,,0.0011757099731250268,,,,,-0.11135514793124508,,,,-0.001191635570037812
2020-01-03,-0.03171919131911351,,,,,,,,-0.5991235341895667,0.025712517690571632,0.04624698585373027,,,,,,,,,,,,0.016564914066905263,,,,,1.142130991365867,,,,-0.03175767287662344
2020-01-10,-0.00578018666494734,,,,,,,,0.18825827499394746,-0.018490044604195326,0.01118187643510319,,,,,,,,,,,,0.0014172948501715809,,,,,-0.61085455915505,,,,0.0444882900247303
2020-01-17,-0.15621240255091728,,,,,,,,0.05205144176747824,0.03946836311127882,0.0016658031422276695,,,,,,,,,,,,0.0009385809673723679,,,,,-0.49634716147214764,,,,-0.03093778787056034
2020-01-23,-0.8675492403066847,,,,,,,,-2.9065095102009706,0.011251667226339312,0.010496714897382927,,,,,,,,,,,,-0.0008114178993760803,,,,,-0.21745358652431981,,,,-0.0017269515222651686
2020-02-07,-0.550633141312072,,,,,,,,-0.06781063438067494,-0.09631247390382991,0.18827064245678996,,,,,,,,,,,,-0.012503766002618454,,,,,3.4304342478874585,,,,-0.0123878300988639
2020-02-14,-0.02911515375032718,,,,,,,,-0.0075622761760492496,-0.00858679250001083,0.0010204296136579686,,,,,,,,,,,,-0.31300399301427867,,,,,-1.258140480162697,,,,-0.0003007202288157497
2020-02-21,-0.23435439339369518,,,,,,,,0.018755333613095813,0.016451456454509846,0.009831695718429853,,,,,,,,,,,,0.1045048523712398,,,,,-1.1741874751396946,,,,-0.016896673087762118
2020-02-28,-0.06171095236139905,,,,,,,,0.8604197087037969,-0.05136562066085161,0.03642751767344772,,,,,,,,,,,,-0.0019454460770633396,,,,,-1.1465243149153959,,,,-0.008559479601857732
2020-03-06,-0.0038802738696445136,,,,,,,,0.09899716404373882,0.03326524019625239,0.0003029357003643295,,,,,,,,,,,,-0.33986551036632007,,,,,-1.8049806536839603,,,,0.001281905462303247
2020-03-13,-0.20642781765848525,,,,,,,,0.4091178173110496,0.0014871407455897294,0.008145647345614756,,,,,,,,,,,,0.43165589511275765,,,,,-3.9626166543006387,,,,0.02319491722120027
2020-03-20,-0.02070086698338358,,,,,,,,0.3185064808936835,0.003345739214686772,0.4337202188099745,,,,,,,,,,,,-0.016991208205249013,,,,,-2.391515663441914,,,,0.0009209509294337735
2020-03-27,-0.0033605385820897294,,,,,,,,-0.34352955671081,0.002323572886668584,0.3811472486653613,,,,,,,,,,,,-0.12364774253207156,,,,,-4.812908691766126,,,,0.00021399579994573213
2020-04-03,-0.06411944401799746,,,,,,,,-0.44130067993422323,0.010498489501595458,-0.585627904106065,,,0.6138281280875251,,,,,,,,,-0.0007518188862485638,,,,,-0.4170037760312505,,,,-0.03279745386768214
2020-04-10,1.0644562604043584,,,,,,,,0.11746786130728296,9.001131285297603e-05,0.2476716934232741,,,0.1967507057054889,,,,,,,,,0.023613692672852196,,,,,-0.08939995689903561,,,,-0.12953889114958353
2020-04-17,-0.34206456469468677,,,,,,,,0.6372854764358334,0.032056663028616234,0.03316624011701807,,,0.02262843379317272,,,,,,,,,-0.04235028924855381,,,,,-1.145235906662804,,,,0.00614165087247355
2020-04-24,-0.44475307340454795,,,,,,,,1.72433675353626,0.07926176553167269,0.19684763173078137,,,0.5018455863473894,,,,,,,,,-0.00340868593089089,,,,,-0.778078387326313,,,,0.03662340096942105
2020-04-30,-0.5585701005504455,0.15875250752399478,,,,,,,0.23082683995642153,0.0003269023082254975,0.00230928610517455,,,-0.16313454417352868,,,,,,,,,-0.011131046914317065,,,,,-0.24551269980180562,,,,0.022791346044937745
2020-05-08,-0.4444613289245749,-0.011461374522105026,,,,,,,0.19882265638833962,0.31434238968201644,-0.016189661928058655,,,-0.06467212414338251,,,,,,,,,-0.0013638802315312929,,,,,-0.499783492631819,,,,0.021348750885035347
2020-05-15,-0.11945116563714217,0.013765462486671765,,,,,,,-0.015322308355376749,-1.4220682731744163,0.06970451948811927,,,0.06021264061948182,,,,,,,,,-0.0007741660468912939,,,,,-2.5758624710334153,,,,0.1988021593930784
2020-05-22,-0.16391940349710638,-0.12704874880657166,,,,,,,0.4998714522260722,0.02145455855408346,0.005205319052742176,,,-0.13124535396545983,,,,,,,,,-0.15235978720441395,,,,,-0.029896107947328512,,,,0.2882660786122515
2020-05-29,0.2236075077959904,-0.7991666414400342,,,,,,,1.901761651690945,0.0060340381825318215,0.06057423510979003,,,-0.6375147427428476,,,,,,,,,-0.19032915201500578,,-0.02152551349316141,,,-0.48500342507274896,,,,-1.3889706590458086
2020-06-05,0.0002468959338815663,-0.21917635115077583,,,,,,,-0.4818667843327037,0.023773213518945648,0.0026650682002654674,,,-0.112442822099522,,,,,,,,,-0.16636308881583484,,-0.011421515545955767,,,-0.010922283498037186,,,,-0.015500468696051758
2020-06-12,0.2908386511539752,0.9199249069239612,,,,,,,-0.6309357520555238,0.000464774386840523,0.002374080056152036,,,-0.3904235226563056,,,,,,,,,-0.0020249446427040487,,0.00528846733263042,,,-1.596828726311672,,,,0.009811113587295719
2020-06-19,0.24114324106436086,-0.07069719475739827,,,,,,,-0.9793005482620178,-0.02488759281631307,0.0013536803116872703,,,0.13763535373749647,,,,,,,,,-0.00482267550597338,,-0.383572590566234,,,-3.8085351752583443,,,,0.4387653560268785
2020-06-24,0.0027000718802739363,0.27817950060695146,,,,,,,-0.596380966916791,-0.2810765460657034,0.021717507218687086,,,0.379648365879533,,,,,,,,,0.041221368423261004,,-0.07309443638622456,,,0.8907466450950863,,,,1.2317791199603696
2020-07-03,0.4844896718699192,-0.16759604248295723,,,,,,,2.0486676615543664,-0.06545211755364239,0.020787476193345502,,,3.828601761470681,,,,,,,,,0.44088807671381114,,-0.0921691675149747,,,-0.16185795408187967,,,,1.0792583048552074
2020-07-10,-0.0004333310683110117,-0.16260229342219967,,,,,,,-1.4228318334951797,0.024224019776651475,0.018337380314351143,,,-0.19983884637524377,,,,,,,,,-0.06938832456137127,,-0.2243171503494555,,,26.480027622017527,,,,-1.4389384840899595
2020-07-17,-0.12325246203745477,-0.27931959514133475,,,,,,,0.02211442514373116,-0.10079257459964,0.0773544922100625,,,0.31415908532773706,,,,,,,,,-0.0328407839914107,,-0.07531539210096366,,,0.15059474286493763,,,0.00204517726403745,1.2777093806832567
2020-07-24,-0.09905195878597728,-0.25762366914564083,,,,,,,0.5543545243250805,0.08360155010694714,0.07213402750202999,,,0.9117332075524043,,,,,,,,,-0.01216314930348959,,0.025396474687875058,,,0.012983009453823356,,0.043013201981929684,0.7566327227705086,1.5631693820312589
2020-07-31,0.005317770624481166,-0.15612141065889484,,,,,,,-0.011848586299848094,-0.028705074792770062,0.0194870628461509,,,-0.7225857939086036,,,,,,,,,-0.03746739876224204,,-0.005149583144043185,,,-0.010605556176461585,,0.012975231874160907,0.8103349700548547,0.06774443891938546
2020-08-07,-0.009619696337380515,-0.0465337802976128,,,,,,,-0.12052382250801455,-0.00966165565870104,0.07787746485144248,,,0.0096449091750531,,,,,,,,,-0.38674860108218173,,-0.1269064485526577,,,0.06665201193232284,,0.037898290501215015,-0.21733571958200829,0.010669869681796958
2020-08-14,0.14552759342167682,0.9876387792866714,,,,,,,0.01308409927772368,-0.0043509368422939695,0.05166889312797206,,,0.4644677511660058,,,,,,,,,-0.0035072747352213073,,-0.03413235383936336,,,0.16417912266454365,,0.15344818526298476,-0.9006307882934251,0.03153467043886063
2020-08-21,0.01112177254710032,-2.3378533694679806,,,,,,,-1.1844744150490119,-0.0009930154480232655,0.1926049535527523,,,-0.9808882243304791,,,,,,,,,-0.11543349940218019,,-0.02421275762656966,,,0.06421948823402056,,0.09856851140109803,0.05324915997773903,0.3786804188533822
2020-08-28,0.10722935746620668,-0.05218298437493296,,,,,,,0.05161901687858331,-0.007099585588550584,0.15438312209796737,,,0.4229552565023739,,,,,,,,,-0.0506081335997841,,0.08912282604066059,,,0.14621374880306443,,0.0024259213249448034,-0.2415358768668372,0.5104277189546693
2020-09-04,0.027119831844028056,-0.0024579651231315426,,,,,,,-0.12995717030145748,-0.13942909193909797,0.08056646866467251,,,-1.2876948953303187,,,,,,,,,0.034539657584617876,,-0.14155725030915736,,,0.0440863906658448,,,0.12588979854206536,-0.8980854384988501
2020-09-11,-1.575276850542935,-0.11116411186635862,,,,,,,0.037743940566313666,0.24682318829920358,0.07454083534137446,,,-0.21019211892652934,,,,,,,,,5.7443911908500974e-05,,0.7302776864006172,,,-0.9931076495738028,,,0.20671910366082447,-0.007257693683005606
2020-09-18,0.1970410425155755,-0.24626942291812484,,,,,,,0.8802202081716038,-0.03412574713862878,0.0019439605292120026,,,0.06455520047700714,,,,,,,,,0.000841030448603823,,-0.018683999953902998,,,0.0043455114255429314,,,0.03323975628970665,0.10877946308167835
2020-09-25,-0.2171635939333465,-0.09144096350745204,,,,,,,0.3239081123679253,-0.0013263632526063695,0.00218240001551179,,,-1.0219004614644585,,,,,,,,,0.000813659486993498,,0.015204242724179026,,,0.522420792895125,,,-0.251947236296052,-0.02945323477142401
2020-09-30,0.021430527300200692,-0.48952787193770325,,,,,,,1.163949612806043,-0.007731207244070429,0.005481805267374016,,,-0.47019414479350835,,,,,,,,,-0.07225484038421032,,-0.007826914932577006,,,0.1259753489183407,,,0.02446281893400583,0.18222744886726114
2020-10-09,0.7371480927072316,0.721981632909695,,,,,,,-0.1952709851563405,-0.09709216459564673,0.06197098889592776,,,-0.9355901884079623,,,,,,,,,-0.046114892178339965,,0.042100505952303725,,,-0.39613041553372597,,,0.001721854421858576,-0.015305650720978881
2020-10-16,0.12240277526853138,-0.15577337267811445,,,,,,,-0.24606496365148212,-0.01776007474872372,0.006602285879547327,,,-0.07226743955024365,,,,,,,,,0.5233810375950072,,0.013827177183861237,,,0.04856524741109185,,,0.027124300934449553,-0.005981042375571715
2020-10-23,0.015601151829642154,-0.03244133077722594,,,,,,,0.7149704412368044,0.02959886328411192,0.024066112806407622,,,0.12503135123592768,,,,,,,,,6.006057431787279e-05,,-0.4718699165513154,,,-1.9358867321427793,,,0.03729112737732093,0.0006267813989680167
2020-10-30,-0.05281362401120225,0.17155573534767518,,,,,,,0.003822815616566296,-0.05108816856938185,-0.11337293336128529,,,-0.5749017170735798,,,,,,,,,-0.14861185939379698,,-0.010903892521520525,,,0.827681114715546,,,0.007132797161356765,0.0008176674635994016
2020-11-06,-0.19958341737254084,-0.048751950188978134,,,,,,,-0.3064524457905914,-0.002607622476044168,-0.0031650352793788075,,,-0.4715613470060518,,,,,,,,,0.1493267927217606,,0.0001489076933990901,,,0.4903919436701024,,,0.0015382010299586032,0.00013164685519653015
2020-11-13,0.4581229166117957,-0.23986484286626783,,,,,,,-0.025855735309391618,0.3910821952449318,0.07060380169584267,,,-0.26277552402541404,,,,,,,,,0.0029177083653808165,,0.1594128412058217,,,0.6916665987056752,,,0.20241083473414204,0.010755987981641298
2020-11-20,0.10793366607024782,0.9811853653334075,,,,,,,0.20423129717822838,-0.0315631610969514,-0.5808389425846145,,,-0.1754711216276516,,,,,,,,,0.0007544566136205647,,-0.12752492120250172,,,0.3011460749622914,,,-0.032604478010139375,-0.22097040438341742
2020-11-27,0.04528193369389991,-0.1859157256747551,,,,,,,38.47354874413221,-0.002421609812734458,-0.0007124275186457473,,,-1.3023928825062474,,,,,,,,,9.700159294015375e-05,,-0.06508997086227589,,,-0.09178033314216527,,,0.24265339887479023,-0.13809061929776698
2020-12-04,0.060484277937733213,-0.07817292459732057,,,,,,,-4.067893406927995,-0.24025022847077754,-0.011317099755119148,,,0.040057045100453895,,,,,,,,,-1.9611758738514056,,0.24611840727384948,,,-0.030733678458380157,,,-0.06690119874540981,-0.009179063516330827
2020-12-11,0.6181445596767904,0.5674648629906559,,,,,,,-0.32831414450954916,-0.24356260760829979,0.361516006530161,,,-0.46067414602869394,,,,,,,,,0.29522400645546126,,-0.00032572715808990943,,,0.7860736986754224,,,0.8192639542508897,0.0005561141168614227
2020-12-18,0.029397331711883908,-0.012692572829984781,,,,,,,-0.0687097460306485,-0.07890464406144461,-0.06194478582020946,,,-1.0221746472769797,,,,,,,,,1.1293872601332968,,-0.32743415670431447,,,-0.13145653817157008,,,-0.29856216575156813,9.24873375216732e-05
2020-12-25,0.4823754085650673,-0.4327969861173024,,,,,,,-0.590798307129278,-0.016916572771283948,0.44835414871537693,,,-1.0874945530397873,,,,,,,,,0.5328022465786527,,-0.0014650171822237147,,,0.6283714177272328,,,-1.1006768922300147,0.09261059140416858
2020-12-31,-0.31843613216135797,-0.14079805787891153,,,,,,,-2.6789686306542166,0.008163790838585098,-0.010723070486204167,,,2.5564521600095818,,,,,,,,,0.10399363325559235,,0.549007611891242,,,-2.3908015964578313,,,0.02357614261453243,0.3857073486343721
2021-01-08,-0.01684068056221804,-0.8003403111502666,,,,,,,-3.5097667625827587,-0.009915975521074104,-0.015514753522992215,,,-0.8894645843629069,,,,,,,,,0.7421120010481614,,-0.0010659676532316258,,,0.3374401227808348,,,0.012148957412976343,-0.10791010619801408
2021-01-15,0.4547452570145194,-0.045354597459466635,,,,,,,-0.9764435104525495,-0.2247695604587501,0.017981315793163654,,,0.05730269879815563,,,,,,,,,0.006338142542425439,,-0.0004305967967634295,,,0.2562342565501293,,,0.011537119202154573,-0.0019264787710877509
2021-01-22,0.5387882292320654,-0.059760849527484755,,,,,,,-2.3488192517282287,1.3339640730905407,-0.1270408537628868,,,0.5091872259823513,,,,,,,,,0.013830309234088137,,-0.03639028468419289,,,-0.38351460320712044,,,0.015629513497496743,-0.07112964368048406
2021-01-29,0.059485919839508294,-0.05870836014146187,,,,,,,-0.35804180398398827,-0.09420138326470812,-0.0004698882457933683,,,0.09173778132228337,,,,,,,,,0.9361414747923014,,0.28637933139252414,,,-0.015426567022479685,,,0.12650759700964676,-0.10331819955662065
2021-02-05,-0.522141514865283,0.01834466283967236,,,,,,,-0.3324622482489483,-0.04241017435281541,0.042152610306199115,,,-0.07785276753343255,,,,,,,,,0.2668449283268143,,-0.01430988497689982,,,-0.018504718769118546,,,0.03889489784586764,0.4157693560313981
2021-02-10,0.062108782333244454,0.045581890547111516,,,,,,,-0.23245648318808348,0.06111786113863221,0.2329212492187994,,,-0.6952504293754266,,,,,,,,,-0.08393026701866482,,-0.0020230968645043863,,,0.06951058126439938,,,0.07351898687503347,0.03914173190730648
2021-02-19,0.16706689318420523,0.0640458438301345,,,,,,,-1.8881585514950225,-0.0006489956086204546,-0.0789207307495602,,,-0.6780030972966993,,,,,,,,,-0.3742679212541916,,0.028055229002711922,,,-0.03048066290115762,,,0.2830712935808125,-0.00032330484658570546
2021-02-26,-0.0018431346357255102,0.17373556412253296,,,,,,,-0.8167856966408419,0.012343667354279546,-0.00040468295071693423,,,2.8333534724993634,,,,,,,,,-0.03000851022550441,,0.0893684472890703,,,-0.6933031655715527,,,0.1557463249957586,0.6687360494533884
2021-03-05,0.03861757840507413,-0.18408296720572875,,,,,,,-3.8421908036462047,-0.0603234740475286,-0.0005748972976907987,,,-0.46942106606276846,,,,,,,,,0.4485531840936084,,0.15068154704421255,,,-0.12185656579361831,,,-0.08815986372834965,0.04492095374404606
2021-03-12,-0.02187001182453791,0.08150069324517459,,,,,,,-0.18124690189297968,-0.031920913432959636,-0.006096033978240819,,,-0.07816404449617033,,,,,,,,,0.3366128941710354,,-0.00044359444124650424,,,-0.011871933032652009,,,-0.012353713036374501,-0.032918964235436596
2021-03-19,0.12849284802140146,-0.08628928791099318,,,,,,,0.10604632873771211,-0.029117162540993606,-0.0016088907842864682,,,0.20363741330165158,,,,,,,,,0.10183038645682933,,-0.006728914118937012,,,-0.07779875637263688,,,-0.0016378570118775295,0.4031351470218623
2021-03-26,-0.3583695796068304,0.19280827043359042,,,,,,,0.08063982058440655,-0.06710842894544113,-0.0023317379230157415,,,1.440543285375813,,,,,,,,,0.23679388690510442,,-0.0013628970108242665,,,-0.36326932855320154,,,0.10935865317057072,-0.2339461961287245
2021-04-02,0.5346611316950116,-0.5358566689690724,,,,,,,3.667065466976833,-0.5175157892615982,-0.05779276632979166,,,-0.4292226550712588,,,,,,,,,0.08653287856774364,,0.016873460896224005,,,-0.03791890920320755,,,,-0.000995114286453784
2021-04-09,0.7987207139119641,-0.2918145941446263,,,,,,,0.015490542228238827,-0.010311329463090366,-0.029498982270438984,,,-0.41016563165594017,,,,,,,,,0.016572492690771216,,0.14828740084278108,,,-0.5299774491098133,,,,-0.005749517467613745
2021-04-16,-0.004222254902274664,-0.6714664930794675,,,,,,,-0.06438287187161779,-0.23376144370725285,-0.014348736732671863,,,-1.9784740003631527,,,,,,,,,-0.1954834273792881,,0.13371641008517615,,,1.0924773834339965,,,,-0.042120176634256476
2021-04-23,-0.027938970266744086,-0.3102205188640422,,,,,,,0.15223886415604626,-0.15553316775687775,-0.005660863229943178,,,-0.08292477992672403,,,,,,,,,0.0866935809173728,,-0.0032977451979832556,,,-0.3176156622081341,,,,-0.004658078327132278
2021-04-30,-0.1570606103412728,1.6290056848504162,,,,,,,-0.6636580538770962,-0.042816250957379134,-0.11627324788620035,,,0.08793453441121146,,,,,,,,,-0.11642362625207649,,-0.18952548852585704,,,0.13448729392106462,,,,0.12717783459022414
2021-05-07,-0.0023393998444829565,-0.03566596826631906,,,,,,,-0.13822404568086522,-0.13172604568073004,-0.020360068349649804,,,1.0875093538210763,,,,,,,,,-0.6685121825314595,,-0.011207722186353618,,,-0.023477384145979364,,,,-0.08659819657510895
2021-05-14,0.0014335543823350567,0.13706448125818527,,,,,,,0.18869693234807838,0.04584193714877384,-0.0018828307614338399,,,0.20433508326846386,,,,,,,,,0.5320191713458332,,-0.05341625317824801,,,-0.8630754234190141,,,,-0.1591318453782925
2021-05-21,-0.36707982042758525,0.12387423534667515,,,,,,,1.426567870920835,-0.0027921914365888153,-0.060640625156119295,,,0.6321340520957383,,,,,,,,,-0.08351570290330398,,0.48805037533361756,,,0.02307310427297635,,,,-0.0008272263672786313
2021-05-28,0.020416245066390615,-0.07564065131065023,,,,,,,-0.43415755837823955,-0.32858390021531386,-0.013186153252820082,,,1.3636503880394024,,,,,,,,,-3.6253854284801292,,-0.0005235353465293889,,,2.5549035870433907,,,,-0.2631832333510739
2021-06-04,0.028298145373791404,0.06520156606384767,,,,,,,-0.007502348026207745,0.16502450983517863,-0.017730000002045908,,,0.08302664203318608,,,,,,,,,0.011687071555683845,,0.3939546501285793,,,0.1714284821864164,,,,0.03314068934305594
2021-06-11,-0.7633590830084335,0.24082675260813877,,,,,,,2.781326450594138,-0.9398084038867383,-0.06856922691207162,,,0.2895404453417316,,,,,,,,,0.09131433247648768,,-0.004882725746206966,,,0.07058171297057322,,,,0.00011090016927022911
2021-06-18,-0.22109534918214185,-0.001382406145389971,,,,,,,-0.0951167808480496,0.07178385256075132,-0.4074311721334387,,,0.9774597406980119,,,,,,,,,-2.577831233126675,,-0.011403369646162585,,,0.18753998270393618,,,,0.00898448204039135
2021-06-25,-0.8504771379694246,0.021318447719375175,,,,,,,-0.6576793982499871,-0.004969906711292503,-0.019960941422743073,,,0.04753786999647505,,,,,,,,,0.2543209697342501,,-0.00941073107156802,,,0.0021374919424696926,,,,0.059731064967792166
2021-07-02,-0.32299097604311094,-0.32187466010632326,,,,,,,0.12658803106228814,0.9522609217754805,0.09255665438542447,,,0.1231469776736128,,,,,,,,,0.4840825073348208,,-0.1953281556114362,,,0.6329461834599764,,,0.029654462018050148,2.288563081577695e-05
2021-07-09,-1.2972207568443699,0.2904590670242593,,,,,,,1.5113036689494836,0.01216195147783178,0.0028106976078143813,,,0.182348104984832,,,,,,,,,0.09879817072338509,,0.0002538965492461841,,,0.1261146267057343,,,0.023136241641413854,0.007156558921102427
2021-07-16,1.5225260986678681,0.0704711713956767,,,-0.0025264257062535475,,,,-0.13273813254917113,-0.04104298729280449,-0.0030625917742995662,,,0.7460478151328949,,,,,,,,,0.11204996009723053,,0.01113220178704459,,,0.03190549132854723,,,0.27352978125246,0.015388329177532162
2021-07-23,-1.4483045316043008,0.02265844624534053,,,-0.07524318197080235,,,,-0.039057359479151774,-0.001318572941915213,-0.0009129331709636321,,,0.4068986364955904,,,,,,,,,-0.07217332697923357,,0.011577583147737347,,,0.5493728470632057,,,0.11352369932131617,0.5177432819581486
2021-07-30,0.2897144060202205,-0.5098734589375156,,,0.05493513123757764,,,,-0.10689614650309986,-0.009484362914770866,-0.003831498570065999,,,-0.006285611799658863,,,,,,,,,0.06593632194168592,,-0.024998418779252005,,,0.5235385441898025,,,-0.3400428603562248,-1.7670911543114203
2021-08-06,0.39287338441312963,0.007443477941174077,,,0.08001995983952981,,,,-1.2320007120350165,-0.004760087944257085,-0.02883280620334455,,,0.26550417379696295,,,,,,,,,-0.021883607645448423,,0.001950596899143931,,,0.05958015222041976,,,0.06339558582653604,-1.2784279062012738
2021-08-13,-0.08584370375354236,-0.03259576132291632,,,-0.08049668749661662,,,,-0.18619193466903844,0.0051379447030203106,-0.005184736135351923,,,-0.19360795572525705,,,,,,0.032309879003677974,,,0.1948686365674526,,0.015949069475391164,,,0.49012089624732125,,,0.014952795980417917,0.2575890778962684
2021-08-20,0.08249763519850833,0.06264131868423864,,,0.15896936475172546,,,,0.20936278970918376,0.09481466317000845,-0.04239986867895286,,,0.16072175371413563,,,,,,-0.12762997239905668,,,0.15082860341800902,,-0.448145590650836,,,-0.24567095687015256,,,0.012901573600542532,0.2028388338931904
2021-08-27,3.2166013014805714,-0.16805514438670646,,,,,,,-0.21905063427455618,0.019341354530079912,0.0049979882358114815,,,0.36169548187545786,,,,,,-0.020106539896835186,,,0.002112220505706297,,0.19785995228559058,,,-2.309708084624437,,,0.09337157464593511,0.03469633077017028
2021-09-03,-0.06906842609778777,-0.12247659129080239,,,,,,,0.1764815290822282,-0.06011886705178131,,,,0.6998699092610052,,,,,,0.09297205600308124,,,0.12873655647748966,,0.39822804847128707,,,-0.024651543625849915,,,,0.16902119568837726
2021-09-10,1.2913201652355468,0.4851606154029766,,,,,,,7.243778644228726,-0.002870062148945775,,,,0.3818767151401911,,,,,,-0.0014680438434446393,,,0.5753060160859986,,-1.5812874020607186,,,-0.21080001021743305,,,,3.3320973484606085
2021-09-17,-0.9036810360949145,-0.10556485021872382,,,,,,,0.06649121529729617,-0.009304567234338958,,,,0.7428905350155557,,,,,,1.3512308828582196,,,0.342693658096725,,0.06026381918173933,,,0.04556408880712255,,,,2.026382982841466
2021-09-24,-0.06991464998731774,0.020662538437636276,,,,,,,0.023023483148865764,-0.011703943942987183,,,,0.23588937674337915,,,,,,-0.5235916954155884,,,0.1585825629816091,,0.0008661740324059717,,,0.031860976520430136,,,,-0.047581473608754705
2021-09-30,0.2887225151357957,0.018531478149984848,,,,,,,-0.15373243932484698,0.15436597442003408,,,,0.11329035201596897,,,,,,0.3026603820015669,,,-0.35105715898901707,,-0.01065273486354426,,,0.03010405919607597,,,,0.24631158814996934
2021-10-08,-0.120933360476764,-0.03042666043904356,,,,,,,-0.11032460383286265,-0.00892081538718715,,,,0.6792669669505907,,,,,,-0.13619977509231762,,,0.0477346151370349,,-0.37190513728467783,,,0.1539701951626438,,,,-0.000680243818530337
2021-10-15,-0.018477401676400232,1.0589105481158907,,,,,,,0.04395182671942815,-0.14173639050487266,,,,2.3341290154486463,,,,,,-0.018288132681680835,,,-1.26663174411608,,-0.020663295543978093,,,-2.3007765536111084,,,,0.2793068063806546
2021-10-22,-0.048425600050506674,0.07004201818878572,,,,,,,0.025498811453668134,-0.04759086595564299,,,,0.14521422779752313,,,,,,0.017617627814008614,,,-0.03634770792588267,,0.2636173412647721,,,0.11256969449325738,,,,-0.00011692167026644136
2021-10-29,-0.3563247878408406,-0.00954382782263515,,,,,,,-0.28839957900780866,-1.5348437923671725,,,,3.467050835698775,,,,,,0.05180601439229499,,,0.13168445729570644,,0.27420879803767007,,,0.14967830468988563,,,,-0.3306098030801131
2021-11-05,-0.1138948051363924,-0.6476506264027413,,,,,,,0.503600761541438,0.06531444654571456,,,,0.41468955319642997,,,,,,0.041195178724249916,,,0.13766366817967032,,-0.5361236690362254,,,-0.03645230642383579,,,,-0.026301605877728135
2021-11-12,-0.03983193582334577,-0.15962610209326755,,,,,,,0.060875515650489084,0.03026627776309567,,,,0.10197810703125958,,,,,,0.001330421729307459,,,-0.022659894327097228,,-0.023509765680014925,,,0.20034303842221785,,,,-0.022010757301913143
2021-11-19,0.6696330703597692,0.18923199695171725,,,,,,,-0.1023097254288764,-0.0002220762944237023,,,,1.999793796833385,,,,,,-0.06266704671788556,,,0.15696308636424705,,-0.4805353834247316,,,0.1674885711977331,,,,-0.36313414974760067
2021-11-26,-1.1137087412092672,-0.19843218514970062,,,,,,,-0.15878712473638146,-0.02118704360843402,,,,3.764614076341259,,,,,,0.005559623869603144,,,-1.2221792090179115,,0.19338685954021123,,,0.034782095129821215,,,,-0.00031186133259637403
2021-12-03,-0.06537645228843168,-0.5844581195505083,,,,,,,-0.03966241547689585,0.6467993980742002,,,,3.9636723196929857,,,,,,0.0003714874637662744,,,0.21724949497824514,,0.029158208960249433,,,0.04011847193447307,,,,-5.2396841395484784e-05
2021-12-10,0.9921452862309461,0.16372777609966474,,,,,,,-0.09010027752985492,-0.06959750756065933,,,,-38.93098413847743,,,,,0.014162665916961605,0.012704099159534056,,,1.1335226834892993,,-0.03351303020938652,,,0.27677648720889997,-0.08231162432394915,,,0.03774676855538869
2021-12-17,-0.0224021030323572,-0.20556002095664874,,,,,,,0.8498356904253664,-0.031216068563328956,,,,2.261346321815713,,,,,-0.384908985493818,0.04532977430223822,,,0.05900819014777186,,-0.02130014314115277,,,0.4958118617275686,0.0033872373373803628,,,-0.031737472837393005
2021-12-24,0.04989964352950023,0.7207732769877434,,0.008421827268717113,,,,,0.24443736421383033,-0.08400181144028503,,,,-0.10857168184980681,,,,,-0.1670275442732338,0.08919627202882326,,,0.13570452354151843,,0.3710019497842078,,,0.0991432345156717,-0.08036530680629636,,,-0.0031407633431108917
2021-12-31,-0.1695737647225199,-0.05055900167156481,,-0.0034533836453715075,,,,,-1.034271999107057,0.5199156389257272,,,,0.3840390864536146,,,,,-0.02666082036766912,0.02474030570377984,,,0.46662181281880616,,0.19456507744129273,,,0.44862347557313625,0.17680607513175864,,,0.07684012446569322
2022-01-07,-0.0037566041286373458,-2.659186719640434,,0.0754719408812575,,,,,0.19166666264832183,-0.3766801138154825,,,,3.278961114247034,,,0.06513444412374039,,-0.007713877276986698,0.01039558502078023,,,-1.756296166767359,,-0.0247011894636128,,,0.04920264651481196,-0.023776650725879866,,,0.024676070778949212
2022-01-14,0.01229720171302114,0.503625652807808,,0.0825923666296079,,,,,-0.11748432910977966,-0.1326642791745929,,,,0.0025353196148997954,,,-0.119543465243868,,-0.031166681042299187,-0.32626789157731423,,,1.0872419999164582,,-0.3045025056235761,,,0.003970262120353826,0.40632173737474675,,,-0.012082662579218043
2022-01-21,-0.03740951657468842,0.014249322867871277,,-0.09319288041185918,,,,,-0.9327494066062542,-0.0676768054592145,,,,0.37742299332049917,,,-0.4200279870968859,,0.002279257444485449,-0.00719872374667898,,,-6.973139067789773,,-0.18566683757118277,-0.006593447067261963,,0.1628135597981697,-0.6418997674734913,,,-0.03502960598372437
2022-01-28,-0.5166403622631683,0.3206738810018896,,-0.0011226101292397788,,,,,0.3988678123026358,-0.015894798184570506,,,,0.00657679058589937,,,0.1763307013921796,,0.261411950918927,0.02358900756684692,,,-0.023007103245868656,,-0.4727431643671637,-0.009996678482497995,,0.45884056656672756,-0.06879801590512837,,,0.08907993795285532
2022-02-11,-0.02275231109211223,0.47823863261953536,,-0.011430204879337214,,,,,0.3720735811895986,0.6440134112112175,,,,-0.5712906317972098,,,-0.007096952171601804,,0.05435195914574333,-0.00910125958717771,,,-0.1197200031539566,,0.722994961646065,0.006449081849066734,,0.6170937774342479,0.01481455328040894,,,0.003335416751389776
2022-02-18,0.09796103615160337,-0.028924308390583638,,-0.03340026369822105,,,,,0.19453408493296126,-0.02821008717068086,,,,-1.5162158996483321,,-0.0016480699412428695,0.03838109369756213,,0.0013652447917681004,-0.10539048510380515,,,0.05207378498785787,,0.21745191069969377,0.007705774852173702,,-0.16274854924163226,0.010147317714575334,,,0.003972967713043901
2022-02-25,-0.052583082672126066,0.3956324518805816,,0.01900156078175473,,,,,-0.01673483075108459,0.5101838542500583,,,,0.2328537753495252,,0.345836447341319,0.0752844410802674,,0.11204025892199188,-0.14219342981086927,,,-0.008517932012934624,,0.47300925121851817,0.3104964288501525,,-0.10735868710451232,0.017548231794064933,,,-0.10966118737022165
2022-03-04,-0.02879152048961764,0.008160373676435115,,-0.08278028785369188,,,,,0.47649664075066,0.1018249230875404,,,,-0.3605899503239402,,-0.011519044042840309,0.0007727234706857628,,0.09972887959998279,0.011873723986131495,,,0.0013039183778406143,,-0.12403767429760656,-0.0020188839006163107,,-0.2570824483711899,0.06142463579914989,,,-0.14084374243618164
2022-03-11,0.07261107101376707,-0.019421833480756594,,0.057799990756977275,,,,,-0.556618513286588,0.026018801440378044,,,,0.4850830708107093,,-0.0005683506628722254,0.041011907365225184,,0.01691599695243472,-0.7768941048314599,,,0.5117640724905771,,-0.2019024055021244,-0.0272894543764885,,-0.06481045518916675,-0.19290034734715272,,,0.040441728634946064
2022-03-18,0.7814519502278978,0.25857401515690553,,0.23483722163900556,,,,,0.8310159635628125,-0.014495299550391557,,,,0.19322503557700185,,0.008056213207478742,0.011989064855703327,,0.291971641574305,0.7317875546180417,,,1.2399852716236095,,-0.022841500134564142,-0.05835518617350058,,-0.006908511004331407,0.25951141390377147,,,0.07616929018707509
2022-03-25,0.04300066004048887,-0.14953153361676133,,-0.013569214191694167,,,,,-0.05135768914796468,0.026908217351838227,,,-0.05074186701473475,0.7944515552763631,,0.03544112380437748,0.01572268750766232,,-0.3796666837216042,-0.16741880463370887,,,0.8288556304298778,,-0.12747953021992048,-0.0035011302057586543,,-0.00217178119409381,-0.7275737027183516,,,-0.07365491768820942
2022-04-01,0.05665070699848132,0.4490092152214647,,,0.028189986064419602,,,,-0.01862432551862986,0.040544509772720255,,,-0.004126203348672503,0.0629733072138737,,0.012574480349062379,,,0.04515057565424421,0.0057912764545524995,,,0.138152361823464,,0.1896906911305098,,,0.015511669059588623,-0.018621743442594485,,,0.010195087164932212
2022-04-08,-0.017315048016757824,0.01852854189061736,,,0.0018684823036665143,,,,0.028831109373473877,0.23847644870710716,,,0.004544456624662833,0.1511906324710272,,-0.01268556622814183,,,0.023343843161005757,0.11491119153099,,,-0.04651436383264457,,0.06243503570795335,,,-0.05360744267380304,0.0326776985610024,,,-0.02842884919848522
2022-04-15,-0.2199048123066513,0.0671375386995902,,,0.07487805328167405,,,,0.3809390326606685,0.04218747725736771,,,0.0006474378977583007,0.3067615122791834,,-0.0007512621172961051,,,0.13032216766364066,-0.06436872816432725,,,0.021655019655062755,,-0.35475419489523086,,,-0.010694553213678345,0.11958197328291488,,,0.015872142051928773
2022-04-22,2.09315186997536,0.04413461068362296,,,0.010543960368303979,,,,-3.515350732276684,0.13890168187760876,,,-0.00031015951218482755,-0.045774047230938024,,-0.01720406954643234,,,-2.1600441149793124,0.052883149287598956,,,0.797143507872551,,0.11237501171693508,,,-0.16493989407913598,0.0723169639969135,,,0.03425621899880557
2022-04-29,-0.10065168609123491,0.0454732530744526,,,0.026198794823568364,,,,0.17703018911455293,1.1196749814591715,,,-0.00449134289789917,0.20195241055168545,,-0.016585148563382817,,,0.27461459416433653,-0.34299450428212286,,,0.9511346339521001,,0.01260073069690761,,,-0.02558823380492895,0.019308007152688253,,,-0.05828404702885389
2022-05-06,0.09858736454302858,0.0006817938395006625,,,-0.07007708150903502,,,,0.23297049338384407,-0.30522677063893844,,,-0.002388768399766374,-1.7680920376640876,,0.01031810307604639,,,0.0054951469354130806,0.02538420212964594,,,-9.91986342477402,,-0.23163077773917057,,,-0.01633214792826713,-0.005532780491551105,,,-0.009596218821089771
2022-05-13,1.006003890599609,-0.4002687929359296,,,-0.016600620831861757,,,,13.47112905085878,-2.1589732338556398,,,-0.004269172678200267,-0.08385581745541304,,0.07488008486632702,,,0.07860991002743224,0.11090665611989389,,,1.3643229237512073,,0.6852052173296108,,,-0.6877120125519723,-0.06659069763650016,,,0.010730641403060997
2022-05-20,0.01097140071805545,0.0772814943818728,,,0.0011009207109589174,,,,0.9857524941492395,0.10761289410139391,,,0.0016793222510904336,0.5540921422782462,,-0.000294141420374424,,,0.002078911601699001,0.46894507130673546,,,0.25764404458722506,,0.13731658138091987,,,0.04188183792029598,0.0022999537725342406,,,-0.026184479409403043
2022-05-27,-0.13116263579274423,-0.03839071533250083,,,0.032537960229196396,,,,11.030641826210127,-0.10823274514942724,,,-0.0036467461831594244,-0.030159397663384515,,-0.0025320262411539373,,,0.021689551453180855,0.0032437091312813382,,,-1.158511193382513,,-0.001797583373379017,,,-0.022679784778295225,0.11913365447890009,,,0.042247156018181124
2022-06-02,-0.36145012961737716,0.4741421233306519,,,0.11240871122396451,,,,0.3793726563247665,-0.4234504379801415,,,-0.00027557271391358897,0.4832101921992923,,-0.0002580892344842267,,,0.002161616951839336,0.0016868981461618756,,,0.9587196253872912,,0.33013725752613127,,,-0.2635695559914979,0.1156887082757167,,,0.001474731663457972
2022-06-10,-2.3650292789778398,-0.1650120786192011,,,0.007932052232915116,,,,-0.34378919286011916,0.6098642319288028,,,0.015653777550883957,0.18226481162809138,,-0.0004304214551578947,,,0.27959306160004194,0.003597118309067407,,,1.8590315335984,,0.443235743557339,,,0.3915473368712437,-0.09687891759257411,,,-0.019345228128421446
2022-06-17,-0.3298988300291083,-0.13205950865046728,,,0.005527449205528279,,,,0.022817496148843354,0.06625445633601612,,,0.0011158443876619452,-0.24833822468155115,,0.002658774829244535,,,0.2008064148065527,0.0014787263512669943,,,-0.050572794553951125,,-0.017037828602828313,,,-0.08839348253941029,0.038015666670362575,,,0.001879364657835861
2022-06-24,0.054066284766427705,0.011421850208917712,,,0.0011093967348520888,,,,0.25060463552256584,-0.13817734656334119,,,0.0007090016760156438,-1.7627042044923702,,0.010857540230139857,,,0.0012362215845817593,0.02527942440421921,,,-13.24548565606461,,-0.24051678993914705,,,-0.07460565024072156,-2.3199505573471115,,,0.016056476430559248
2022-07-01,-0.00473552112672276,0.4756159925332303,,,0.8107788215643515,,,,-0.2327666605341602,0.32672317484288627,,,-0.006429615348310241,0.19567906666416252,,-0.0023161949449187653,,,-0.008580587048436877,0.47205044001537566,,,-0.6063246047687876,,-0.2791994983819292,,,-0.00596788942830412,-0.20379610546141128,,,0.0005585216291956494
2022-07-08,-0.3945768049277063,0.08279060287961439,,,0.0006432884254174578,,,,-0.09747670767232963,-0.023211594681132812,-0.000637000084624372,,0.00772472748423626,-3.0048112505544036,,-0.0006722358163556265,-0.0001741406996735188,-0.08124006247233746,0.01601344690910419,0.040738944212142164,,,0.43848802548753285,,-0.04714178732247509,,,0.017912795827903942,-0.012681570185051547,,,0.04525719471396143
2022-07-15,-1.235265151078342,0.05750765137705559,,,0.7026609874058152,,,,-0.3445601143692973,0.13145497409393964,-0.1198937660005061,,0.00036530656878668136,0.04740565162342913,,6.433402476451307e-05,-0.0001299263715084576,-0.3467794512868909,0.06557775213385193,0.008365017605747125,,,0.6519893134580752,,1.2814270930410496,,,-0.012717253970909413,-0.4599016560470263,,,0.06105073632553678
2022-07-22,0.4543645204327023,0.304725417322359,,,0.018121309949712873,,,,-0.4833224382601493,-0.27827813839960547,-0.032071016377433155,,5.2843314820209014e-05,1.1535633099917675,,0.0005343027709223543,-0.24219694768930436,-0.05142634286293419,-0.03499467197410699,0.21287696559910183,,,-0.5971041245250309,,-1.216370018674576,,,-0.03517743437341478,0.0019067296772016095,,,-0.082149486753513
2022-07-29,0.30589737847246445,0.35926468285995306,,,0.3337723886422249,,,,-0.021628710729513688,0.07221631788468459,-0.09192421988344997,,0.15240684262040535,0.3755076033407269,,0.0005006764462119392,-0.06257913938813939,-0.12117601713924078,0.2546459557286936,-0.2681840332043704,,,-0.3169883465706755,,0.12463229604287158,,,0.011513673919635065,-2.4827723788840133,,,-0.03584215397488341
2022-08-05,0.2152597968407792,0.058693755267880295,,,-0.06320875317119128,,,,-0.41746439511683114,0.037413859210979686,-0.04421187551137941,,-0.05004856802532096,0.8301463160199946,,5.3189822343428794e-05,-0.0001773771092757453,-0.012324258631035628,0.01898419788839199,0.18986362973080162,,,0.326348689229393,,0.2795904594627117,,,0.028312783292072177,0.0027020665575956475,,,-0.0347640539910909
2022-08-12,0.019922447485713642,-0.9105608517466218,,,0.16985773805821913,,,,-0.12134650987686119,0.0027967528678672013,-0.0007399962487441116,,3.293638301740024e-05,0.023640035789900517,,8.852919780367614e-05,-0.06541177744568813,0.1315684927756869,0.14539657919051724,0.031117193912172103,,,0.1790498621251505,,-0.09343964711346639,,,0.3535300156116095,0.014218773905459269,,,0.03265425277942802
2022-08-19,0.1359656207758761,-0.23272992137939627,,,0.0009333454902277392,,,,0.21251821166969376,-0.44918345598684983,-0.16419691748555626,,0.004243303482655708,-0.19980680865764805,,0.025623113505417853,0.04097411609058771,0.0022141657580831966,-0.5953044114643694,0.008457847393057496,,,0.10111448399780675,,-0.12661646429477907,,,-0.01708735176486434,-0.12046512927581017,,,0.0035690247363954763
2022-08-26,-0.010430326372437987,-0.026640603556968467,,,0.12320181210660416,,,,-0.13234879122356963,0.6848684295257468,0.02665168801610458,,0.00010237431882993207,1.1542219734628583,,0.01623910126349708,-0.0005977426393363007,0.1491833126429108,0.08667390910574227,0.2614676718387166,,,-0.07578236595968368,,0.3407371244078537,,,0.021865481427196756,0.03080504427275929,,,0.07144246473117047
2022-09-02,-0.0705627751735169,0.07110966756465154,,,0.04097324352895474,,,,-0.10189830933118135,0.6622279195345459,,,,0.7552469968501944,,,,-0.033381138901796004,-0.06334606697994842,0.01989874703479544,,,0.4430634885535438,,-0.15160307450974744,,,-0.05456459449125626,0.07781837188580457,,,0.009311785187552728
2022-09-09,0.46169722994065043,-0.009662489499926406,,,0.008650984145427273,,0.003404078249499193,,-0.22061828834102484,1.494937992114982,,,,-0.27418791738235826,,,,0.03423271106880389,0.025506981933776963,0.010067911999329994,,,-0.644749580362602,,0.3297736073999289,,,-0.007595742749249125,0.5900193365501839,,,-0.15083250209645463
2022-09-16,0.2812967102589764,-1.0350901620782627,,,0.01400072284266891,,-0.0010574207242286114,,0.16164020829119452,0.4888444474452713,,,,0.2870579226912656,,,,-0.0971194599473148,0.07192312864621125,-0.06678585986258102,,,-0.011969537705505373,,-0.5131279522306681,,,-0.0007982401033496788,0.0023392019428123585,,,0.8063128616494668
2022-09-23,0.15929087972337058,-0.016858682480773872,,,0.010885654256621979,,-0.00748748082272803,,-0.16481582818905677,-0.12806967046294843,,,,0.5849850986685559,,,,0.057594858314895137,0.22777568581218666,0.013087809617495946,,,0.01956008762270605,,0.35903345069941606,,,-0.09419341033728838,0.022284630336789162,,,-0.12536156731909445
2022-09-30,-0.22467408548884427,0.2239918739626353,,,0.01946678680859784,,0.008436537855073138,,-0.12846001527755033,0.17357170161757157,,,,1.8565110814909722,,,,0.08773226923259889,-0.3011981674487874,0.1031578482260698,,,-0.3093197163047444,,0.051548458258803345,,,-0.07100061514586158,0.13759061515880594,,,-0.055377849855462825
2022-10-14,0.41415833623068515,0.42400444283824623,,,0.03385478365720424,,-0.006109124194349209,,0.5017656696627337,-0.024834231494653893,,,,0.23782477146228068,,,,0.05906702996143532,0.05563351951854273,0.014293635625734793,,,-0.0033386777399964495,,-0.04780256299790685,,,-0.09166484494349701,-0.04013068839541639,,,-0.0006287017104098908
2022-10-21,-0.6338176630336354,-0.2138486291612959,,,0.001223297603682088,,-0.007158332654357238,,-0.14746597176732115,-0.039659229811783256,,,,0.9361538569559785,,,,0.10140746620304347,-0.045787741682227316,0.03399775307267608,,,-0.010440417067653437,,0.06557275050915827,,,-0.014261926459450685,0.030753122139971303,,,-0.09764609148185041
2022-10-28,0.04545595535439734,0.6383571212358461,,,-0.005144899011009449,,-0.00715072429693282,,0.13220449431759007,-0.03945024768687844,,,,0.43512671306865514,,,,-2.3819365641628973,0.22822993914021766,0.0015268324034840841,,,-0.2873136072077306,,-0.46100553410764095,,,-0.00449725559377269,-0.20006442688515957,,,-0.33769536260987326
2022-11-04,-0.008189698395348367,-0.7170931068524551,,,0.0013540373269869605,,0.06417606791301081,,0.03277501988678976,-0.25882830759639675,,,,-0.03627997009899034,,,,-0.566866091415124,0.06357862232629374,-0.00847860817482226,,,0.1937068788978031,,-0.2659944697267086,,,0.3195764678616311,0.059802516627094605,,,-0.036573616006462265
2022-11-11,0.028775739972072473,0.19642268423503262,,,-0.011564311383438344,,-0.000788948051160801,,0.14143477003423166,-0.09821231106120562,,,,0.10071027765979929,,,,0.014650357952400498,-0.4237807218860808,0.0004038211831712289,,,-0.05464441239943048,,-0.11642378144444446,,,0.019173096605961094,0.1655944056135479,,,-0.0034391760437102055
2022-11-18,-0.8396691031675293,-0.1565495115733882,,,0.0009788878855661448,,-0.02686212768122176,,0.15667345623181989,0.08195891576594468,,,,-0.051224533750191,,,,-0.018081594466645534,-0.20498307253044787,-0.0076244317939054285,,,0.2760388201537075,,1.5393526467944398,,,-0.002558230706855447,-0.0001687124441177828,,,-0.3110459849028366
2022-11-25,-0.14908326084885196,0.049159307685385414,,,-0.012359107692523005,,-0.1301613103470331,,0.0042350071570933755,-0.15125645973345192,,,,0.11804042015978486,,,,0.16474700955054916,0.04565718486896571,0.050949505435542844,,,0.0901639637621613,,-1.3308572041340485,,,-0.2964844629028116,0.3247222629089157,,,0.020149742190151032
2022-12-02,0.2243433290326291,0.0260352345141435,,,-0.13652762541138233,,0.006464104570811539,,1.320424037673821,-0.1918988731592292,,,,-0.4960741060524267,,,,0.0659112854534598,-0.34478918051386204,0.003614885862293112,,,0.036003792843711684,,0.05272486892501747,,,0.03478896763629849,0.0010355540669939878,,,-0.7339238378748727
2022-12-09,0.24311010910722405,0.5529323398816164,,,0.008289954193350681,,-0.10651392975392171,,-0.262206612003281,-0.7763062855372208,,,,-1.0760165756232718,,,,0.06969945929177884,-0.05446779579952665,0.14988044261597394,,,-0.14068218184752274,,0.6567528831832482,,,-0.0281458289269115,0.00210605644544885,,,-0.005307841373101814
2022-12-16,1.5840998448058485,0.10019620107820544,,0.017299135964595678,-0.02684029490225112,0.05106066642075008,-0.14772482500057332,,-0.1845390236845011,1.3133254162128554,,,,0.18338197419765792,0.01994407214571786,0.05197250244819096,,0.3684799383727925,-0.04363702357316842,0.1695036631508146,,,-0.10006862738623086,,0.08388653864776097,,,-0.11368679715308806,-0.04001012947606351,0.01758613923246118,0.08544417865573502,2.152114952668944
2022-12-23,-0.032171996653455444,0.06427593956136571,,0.1255719662473515,0.034865602362441295,0.12835736438088474,0.049448295727807304,,0.4100629316259766,0.1646599147406506,,,,0.8890869220758334,0.02205150912227999,-0.21608128751937125,,0.11451293601452181,-0.0360703230313318,0.01785538504701821,,,0.012037886721523557,,-0.019952039073494604,,,-0.0031351420734028524,-0.036158385215457424,-0.030967256873980456,0.11631193529743761,-0.010713486058372263
2022-12-31,-0.45082111948079706,0.09871420508475527,,0.027240174279309855,0.0006394035166180547,0.019997513949627684,-0.056118988312788796,,0.007308287436537771,-0.017553866671122617,,,,-0.5213893995095572,0.1491254294879867,0.06870654486936115,,0.3061361089389514,-0.504518345376651,0.06700823343634912,,,-0.05375797944284531,,-0.3610514273557095,,,1.3196910289618393,-0.12408558684289851,0.11121765776117594,0.023697128870048843,-0.022525509619923927
2023-01-06,-0.0854061255445146,-0.3309758819740993,,0.055770466745397956,0.05132510331356112,-0.03529813048839314,-0.023610236229541403,,0.05739926184254557,0.560274921101569,,,,0.4474989451219981,0.038271604731330594,0.0013926745795150338,,0.16359212682074667,0.11884387557751705,0.10598592125568054,,,-0.02170292915011425,,-0.07862771597315643,,,-0.004633836472505994,-0.04782654177225574,-0.0012567935472358144,0.02909073396595246,-0.5515977893137417
2023-01-13,-0.0024326129922368988,-0.5733394648234589,,0.0029839693831351316,-0.5240805894887429,0.000770016155075997,-0.026756707099240693,,1.4984779716922556,0.056549886902266755,,,,-1.0922790510252933,0.0708204529292946,0.0010828311060184406,,0.330397857323653,-0.024382566310041303,0.11216388734433308,,,0.05371085212615183,,-0.10188976511531123,,,-0.11680369557044487,0.04703432732962108,0.1431877866564649,0.006229766708102807,-0.18448902920415472
2023-01-20,0.02461270591071871,0.017500056366097576,,0.07171875175732531,0.0013578265566071635,0.004176065459143207,-0.0008525213757279505,,0.9843641609685013,-0.13724055306677624,,,,0.9314930920268709,2.35127117458808,-0.1714463566350871,,0.8944479090565609,0.13033617152278576,0.0821517466509215,,,-0.02394495429521452,,-0.1450477329888747,,,-0.0009916620991777191,0.28069947896191394,-0.023561896727522756,0.0008201628776790627,-0.9475650093992749
2023-02-03,-0.3327894593452674,0.009140150743791787,,0.0007674463902541993,-0.9482954792638649,-0.028103404518593028,-0.018897359125432396,,0.13208043188786475,-0.2391676132812998,,,,-0.4212330093836784,0.008428872498312716,-0.004942965055054038,,0.07705039696487143,0.06592830655358581,0.025132846280514643,,,0.04268763909731213,,-0.11016496269460252,,,-0.03543271685434375,0.14069117125780817,0.11734592891743488,0.262412009332909,-1.0892282553951997
2023-02-10,0.033767127549596564,-0.9743034819507308,,0.02154854101086382,0.001803831150305033,0.004741259044405967,-0.02233434959675342,,-0.005758017122776557,-0.20146896016221283,,,,-0.44310366864627415,0.006264442997850162,0.00954265168209035,,0.18910735805755077,0.15324614406453413,0.23691082671368946,,,0.04378683536204547,,-0.20643342728297648,,,0.3388158139973193,-0.003063505457448542,-0.00019722117662296726,-0.05230266455874668,0.015489872632831168
2023-02-17,0.042384232386551174,-0.08398777412201655,,0.01258712724839115,0.010604323515491388,0.21358727479579404,-0.0009049093352078606,,-0.836746775867569,-0.08936605143543194,,,,0.23323256682195073,0.04152343001868313,0.003403387239080162,,-1.7181530615639369,-0.003087174255600784,0.004167757893700787,,,-0.0017062811297526318,,2.5830514961060995,,,0.07509075832490125,0.34785318321805286,-0.000314749945698822,-0.012900855720673147,-0.029728700604702687
2023-02-24,0.18609675596174477,-0.34578348513085155,,0.2902178503766262,0.49333568883370016,0.05264736952583293,0.007285426309361163,,-0.03638415129596541,0.13326339575849194,,,,0.08490242404233769,0.2625104290962223,0.04777921484588461,,0.6127464375238179,0.06856042814479021,0.018485172530813047,,,-0.7680371465446746,,0.05379587457699511,,,-0.024820273035299073,0.03854544258534253,-0.00030162193594240677,0.013684179663403497,-1.9191523233991312
2023-03-03,0.07464425280584629,-0.16141160931854304,,0.012988315900712871,0.4433600303666614,-0.0364450950433553,-0.05551689565377089,,-0.4028770506414238,-0.338362443649296,,,,-1.6014483093178262,-0.24142649676659614,-0.041675389583216926,,0.15321015297833113,0.026269616239228397,0.0050278875146386745,,,-0.6688985464644961,,-0.09793525863919,,,-0.1205678132969801,0.05192588553120696,-0.14290368390887231,0.1461910353283077,1.2151773969945194
2023-03-10,0.026263482725904622,-1.2004673118434614,,-0.21125489744687187,0.08469413601945927,-0.017357960080806978,-0.18454943969848492,,0.25646231643472295,0.23019548844124935,,,,-0.3969221845384815,0.005662356104950238,0.1681854426096771,,0.2521273849153326,0.0010278866279666728,0.0005551386807763995,,,0.019970703041183237,,-0.6111658121392852,,,-0.007495179463282335,-0.23733805730465973,-0.0002582835786699102,0.0008423769438275153,-0.05316862347238029
2023-03-17,-0.1772698519190947,0.0116424664205137,,0.00044807054178501915,0.0013505126349388865,0.01949788850509535,-0.022246653707263052,,-0.005745342505859919,0.11332499299805154,,,,-0.8361476759385152,0.06188585888928008,0.02386579863287093,,0.3334350476883833,0.011790934708446436,0.07313588880443733,,,0.0265642386756076,,-0.07007709148580532,,,-0.033920148886236,-0.2640499715153352,-0.0005036961838649208,0.19181337122993083,-0.8798394140357677
2023-03-24,0.7744304227884141,-0.16900696159659903,,0.04069294079911445,-0.1600890172943807,0.06434310388710668,-0.08702027495086001,,-0.1357807721179854,-0.10243381768051911,,,,-0.04235967232282606,0.029944789582909578,0.002650345897342624,,-0.34294869492098506,-0.012728331816228289,0.05941921063000541,,,1.8928738915646677,,-0.05143321582781471,,,-0.04437609196738317,0.047167537806512526,-0.011050668704690516,0.0234355305357673,2.8414391719332457
2023-03-31,0.0481454979740333,-0.2709827768250645,,,0.02744202311950779,,-0.021782787107983963,,-0.091352185837113,-0.6386864483470847,,,,-0.1227447517235469,,0.3103149743086626,,0.16958323183387683,0.02532144003909574,0.003436133915492959,,,0.02455105221217121,,-0.9273996279641159,,,0.1424876067839176,0.08702370341124516,,,-0.42654009439169893
2023-04-07,0.12358273889838381,0.01787517421988308,,,-0.0010031261922997855,,0.05343609141902479,,0.17197119127210725,-0.3222265082430924,,,,2.725730092793541,,0.6128038720680715,,-0.07016951502752121,0.04514510881507339,0.06161595613877165,,,0.047957501010416986,,-0.23111653671146073,,,-0.029501595052320147,-0.001883868752057441,,,-0.4196496925192368
2023-04-14,-0.020508722912480164,0.08611957452004826,,,-0.0006594426102777787,,-0.0009324572878962882,,0.05849390091462793,-0.0024662467125798598,,,,0.06499362595060945,,-0.02003667420007057,,-0.13649956754101017,-0.373024241892819,0.000551834385466312,,,-0.9045917184940968,,-0.05332565791458196,,,-0.1691018586948987,-0.03112117248977567,,,-0.03285394244742642
2023-04-21,0.006576396513857412,0.009246854053532441,,,-0.0010128950218633082,,0.05585997334469306,,-0.011294097748362875,-0.6497932406699641,,,,0.34490072282396056,,-0.5379098658306702,,0.289339932012971,-0.18918628573316246,0.2693756375531137,,,-0.028838640819441666,,-1.1206413051662367,,,-0.043778150082323906,0.4361642039660238,,,-0.023304258887435435
2023-04-28,-0.8407120080579904,0.06400909748869806,,,0.08247002760644088,,0.2654401572999739,,0.01081311599573535,-0.0907848846929507,,,,-0.081597523635483,,2.1797974348977087,,0.17834350113006964,-0.034710130160035435,-0.046997816204085996,,,-0.013916358806807708,,-0.00880769215966544,,,-0.4578452753460637,0.010941362973885189,,,-0.45419843157767564
2023-05-05,-0.45378495983491907,0.03690155621113149,,,0.061035436102457215,,-0.05696898575528414,,0.15054722066304996,-0.11670212213345912,,,,-0.10105162556773559,,0.04482287557378428,,0.010353762991939568,0.31306814581216014,0.05757966565559057,,,0.13707239896846996,,-0.7260181130017911,,,-0.00025499214664094884,-0.24963421402522673,,,-1.0656385882438495
2023-05-12,0.07601333790793784,0.08675312447480565,,,-0.055195041050631576,,-0.05173848335084009,,0.030557109124509096,-0.5942134926086104,,,,0.04795153569131973,,-0.0387052458805467,,-0.6386588012678234,0.007497647110578931,0.015170893843939407,,,0.9423990700494893,,-0.40085690297907434,,,-0.021882823661403542,1.7869330087994002,,,-0.08846363475473867
2023-05-19,-0.15597521031087558,-0.010298582252972446,,,-0.48825681173069885,,0.005403531840463424,,-0.005512822173975973,-0.7449604877034154,,,,0.5870934205903157,,-2.7257371036998674,,0.08865543039017303,0.06727329275463054,0.0006187853071078175,,,2.880480821410878,,0.5861482138967467,,,-0.0011586603669638366,-0.04365874040013021,,,-0.13881350049868502
2023-05-26,-0.2566083024810733,-0.03916796185951615,,,-0.012402045355634814,,-0.039670285069095035,,-0.12442523245318687,0.08463167404312828,,,,-0.41690822440020087,,-0.04502358015035009,,1.052462907498424,0.054677312722584574,0.0003400977984139376,,,-0.2826444928659702,,0.12104135638273994,,,-0.0007705583393149213,0.42330545850010437,,,-0.04260182369714885
2023-06-02,0.24365741605673932,0.3121328079777605,,,-0.0011261752521256635,,-0.02559350600092005,,-0.5728216096834139,0.2568537649464995,,,,0.49703954147387663,,-0.6087305931409448,,0.12167798442979172,-0.028497884436201996,0.0004822399536190564,,,-0.1462799433539852,,0.21955421595046115,,,-0.18902345713889626,-0.1542047056359799,,,0.009918360989311538
2023-06-09,0.031011015260931838,0.15567890037123672,,,0.07011985932237959,,-0.05562151643132372,,0.014737148106925078,-0.027674900703064425,,,,-0.4064694977316919,,-0.4269493701174609,,-0.36858302802103216,0.052068914213801575,0.08442615425759234,,,-1.0877137984291725,,0.1462529253763964,,,-0.017316435033607407,-0.11300401040233625,,,0.32934100238889524
2023-06-16,-0.4702517577081867,0.052327815362474016,,,-0.0015600143873694568,,-0.7057124755306731,,0.3588150850398667,0.005962153648169164,,,,-0.026183758337940472,,0.6634698228050553,,0.4390669164671587,0.3155862974191622,0.015323337364100185,,,-0.2501327684328233,,0.44647765600168177,,,0.03835071193203784,0.0188196381948072,,,-0.022880952210966764
2023-06-21,0.10210677064166779,0.06957583731345815,,,-0.0014333899415456084,,0.013793336217008309,,0.6110003263307742,-0.0010597279602454395,,,,-0.0458992789514182,,0.07151533314586306,,0.5505980918844915,0.036357530251132725,0.0075388588126806735,,,-0.06086568965222096,,3.29391122894349,,,-0.00881056246461015,-0.005944712706238952,,,0.25658384008648777
2023-06-30,-0.721619757193751,0.011583490799975862,,,-0.05291644464672421,,0.0009115286524849565,,0.06187845912073321,1.0710792782446679,,,,1.2590437376465982,,0.449897663582293,,-0.3503283970312155,-0.36688620514058484,0.0020335972018382456,,,0.11058651597741483,,-0.28249880434737384,,,-0.008446511641345853,-0.08511269552814113,,,-0.11825434561379815
2023-07-07,-0.21942119539352417,0.035105545657117224,0.0019645770986374974,0.11828047561883732,-0.10282765434900987,,0.000816284075204975,,0.04548099226341652,-0.019035173347247775,,,-0.4067220012537636,0.06780506072083019,,3.5779043348936908,,-0.03960336540014679,-0.02352282506657792,0.02179003265436867,,,0.2278322310715245,,0.006148792617356166,0.0014585518657273169,,-0.017036103678682014,-0.06730248116163569,,0.0025540625988032693,-0.634276221018474
2023-07-14,-0.7480378011431319,-0.05146251918941901,0.00944926149868434,0.027036349512175633,0.006478547240379795,,0.026224594588020962,,0.01773406908805892,-0.013962252948961563,,,0.1424883723797412,-0.006243699699310072,,-0.30714698492470544,,0.08256107549117515,-0.010075231743342234,0.0006081076918758281,,,-0.03388056050304924,,0.5083528936659393,-0.0029707709892072306,,-0.39836087158862465,-0.0002118275860752833,,0.008808716513971136,-0.0026694558769232365
2023-07-21,0.07438851554166284,-0.05367178149542086,0.07880681132066211,0.10170784145226554,-0.006620154451144235,,0.023896217898266778,,-0.16273880244493352,0.3760805462506684,,,-0.026107101712201715,0.1172985999540207,,0.9567706422139249,,0.2828331361828564,-0.22483915149299327,-0.880836119640261,,,-0.005183234396408221,,-0.18606976310910409,0.0016066061113051947,,-0.1773734756057725,-0.00454913702885553,,0.07968170272802455,0.15244286122631492
2023-07-28,0.2455582316877127,0.026418002056805244,0.0005899337230945399,0.037988012171671776,0.005302819941963747,,0.11238975834575264,,-0.58694627878952,0.061270043222671544,,,0.017538265401267093,-0.07132596471840869,,-0.8226372514680282,,0.4553027712689925,-0.006805473923844604,0.03281502357987646,,,-0.00785740409018167,,-0.191070684875113,0.010035846006517494,,-0.02830130837954024,0.23207485427443644,,0.35060636676276036,-0.09358291593187999
2023-08-04,0.010809378579190655,0.025035713882976235,0.10250741452506199,-0.7507094507836165,-0.002522754043064594,,-1.254000291282652,,0.2867400680640731,-0.20660876584814106,,,0.09670984808480008,-0.19757804708402826,,-0.004674225981014467,,0.07534514161166042,0.10904814702812775,0.002029515461343861,,,0.03533318093918429,,-0.8810132699958853,0.27655405318938886,,0.02412817345152574,0.29169003148457767,,-0.39092046620298454,-0.005487018221536056
2023-08-11,0.21276604484778924,0.06134475231150197,0.1256440163340597,0.0006893616805970876,-0.00030889106102782455,,-0.03222134931656977,,0.5453681934157203,0.4366241342531073,,,0.01129538683943258,0.49419316275834996,,-0.2070743328213708,,0.19784724082958705,-0.31042671148883905,-0.017455094160736123,,,0.04298004190671961,,-0.2654304805235297,0.012000174678138187,,0.005380020291229994,-0.02700653476784545,,0.11224123186630526,0.08011921257229251
2023-08-18,2.3919177927628774,0.46874305513483544,0.20804031288554947,0.0008929216982698962,-0.026982727348157813,,-0.056349332302678315,,0.03385937417308857,-0.043870745416900975,,,0.00034700643333156667,-0.3718590213840878,,1.288146264123057e-05,,-0.022908907386246506,0.05372859397544524,0.014489507723895942,,,-0.011830088783641066,,0.1437785526021975,0.00435214065645823,,-0.0018642873380154497,0.025740195554826865,,0.024962082192910462,0.002838539091267447
2023-08-25,-0.17676143933819774,0.05539658163848576,0.04711551506851682,0.7174719995814806,-0.1611490532370967,,0.0008347383012842895,,0.4915935493797119,0.10668034384422061,,,0.08645083966201396,-0.6808460494802877,,-0.0522758537328699,,-0.043634146524935066,0.09112536749414822,0.0019397696728146502,,,-0.017364879210532706,,2.1229187900304205,0.08149711347707726,,0.9185888766351454,0.0068738373499674195,,0.014626956072237565,-0.004245374772690566
2023-09-01,-0.4617432202865802,-0.08290734858712526,,0.000972155964533116,,,0.0008902437713474454,,0.05524706355154649,0.5352382746394821,,,4.224562820857605e-17,-0.08973535737274366,,-1.80575983322562e-05,,-0.002450973138730335,,-0.18530436722205157,,,-0.08987818346410625,,0.11368914827253414,0.0296569636155546,,0.008121409291192646,-0.11357721628067938,,,-0.07007093170965473
2023-09-08,0.3447317615262586,0.036030208737831144,,-0.11018155274195811,,,0.02475420621368879,,1.0339339948410091,-0.0078489594432305,,,3.700750378713195e-17,-0.1226634783473818,,-0.0012915188082971054,,0.043219032466667286,,0.15303004279714083,,,-0.20454509280293748,,-0.015081248338817747,0.03863419010091973,,-0.01705411225854053,-0.013567868482626325,,,0.179642046377825
2023-09-15,-0.013628047907813221,-0.04716607191254009,,0.10680706929762769,,,0.011222388225993406,,-0.03742216906622908,-0.004192749036761749,,,1.9238963755352763e-18,0.7990187428282912,,0.02973769794920774,,-0.011306964672735797,,-0.033593876705219496,,,-0.03652455568768307,,-4.057865501486087,-0.00597685240373586,,0.04254303029097134,-0.12967313115356255,,,0.045802090882602314
2023-09-22,-0.29247584111656355,0.028232382375491447,,0.005623252448410977,,,0.006043118832145977,,0.1876052220100071,-0.0682134939965293,,,3.55182808031469e-18,-0.016532013501245755,,0.004196933410805085,,-0.018663129583659992,,-0.04158615468478061,,,-0.08875564765996959,,-0.3892386800419948,-0.08555421932378704,,-0.2838840533085755,-0.16150497276997666,,,0.035431410586543824
2023-09-30,0.02367797050744721,-0.12641057755293364,,0.006646358123396541,,,-0.019862277282784252,,-0.38700357520994527,0.02287217104529133,,,-1.8832938589519774e-17,0.4594614907267842,,-0.007142751938370218,,0.22051651731935262,,0.0052840785599407285,,,-0.00045681085830389864,,-1.3694578648839315,0.006908895560821798,,0.012173779039506354,-0.03298275694579973,,,0.12589616090326217
2023-10-13,-0.7125371330512555,1.2747906515430787,,0.05031573799454861,,,0.255294169740278,,-0.1140728003280342,-0.3665421223787711,,,0.051797302358374035,0.959037832585166,,0.004359891669556053,,0.9646746566022069,,-0.019008416838483234,,,0.07220718462840277,,-0.16756942950646478,0.004454827038171004,,0.07202127980499709,-0.04021839145171735,,,-0.10120687308525417
2023-10-20,-0.486104590921103,-0.1659432255694705,,0.0012118408811152403,,,-0.003302134589740919,,-0.2978162377897241,0.03514577858096414,,,-0.00212249683239855,-0.06069444253830791,,0.0017817381520350475,,-0.48098262903564354,,-0.0029461527285644024,,,0.18297038770988433,,-0.7167654475587238,0.3092043925066126,,0.0031256221329586426,-0.1572365914841084,,,0.0064672804643967075
2023-10-27,0.39875265988523545,-0.06622450342319021,,0.15880008508490076,,,0.006835936948888383,,-0.027681060524016553,-0.09035405893039214,,,0.009589390426484462,-0.05405301444976335,,0.0003315109370921699,,0.006394780266667786,,-0.1601630646321403,,,-0.3865827033998588,,-3.0483366395309446,-0.0945038349996894,,-0.055720875944480684,-0.12815594018757462,,,-0.7333990169866772
2023-11-03,0.140069707676691,-0.15865155958819865,,-0.1478427868416573,,,0.015756979047102566,,0.18446994750194093,0.08462005074651487,,,-0.014367771425039422,-0.1364154199231189,,0.0881057202747812,,0.013225238054612279,,-0.030488291693767017,,,0.03906219953491258,,-3.043534834023479,0.041591142865618595,,-0.38560680629935257,-0.07421293930071493,,,0.19529415954616933
2023-11-10,0.013843868360084118,-0.057876038834824645,,0.03445385371766211,,,-0.019146279371131017,,-0.01659763959467757,0.03756772831725699,,,-0.02780362411406363,0.06507330405333975,,0.3336221202175098,,-0.5985826691515532,,0.6545694090847185,,,0.28127353740477823,,2.5124879605633414,0.03318786186859272,,-0.00841670446695262,-0.029140623974022995,,,0.047058077262524936
2023-11-17,-0.8167072611340142,-0.4660339090837289,,-0.03962946046134536,,,2.1249397320452443,,0.21577350229778222,0.7739433251381289,,,0.015121077538868408,-0.6901106544936839,,-0.007835525833088835,,-0.03742804304189674,,0.464685198670183,,,0.30268352134316323,,-0.3363616304809133,0.0721050388175642,,0.0019665022868731643,0.16243763548024598,,,0.05896194265406011
2023-11-24,0.3510483294295673,0.675132266762362,,0.0006690948679326955,,,-0.8654276222974346,,-0.007125375421491026,1.4306395461081056,,,-0.01040895081030805,-0.06760424706388334,,0.03903696603821622,,1.1224705256981822,,0.008216650157149525,,0.015310158335049834,0.5868075599885574,,0.2909655457383808,0.012863544631341872,,0.010156369923698009,-0.11758125057767418,,,-0.5135547209840008
2023-12-01,-0.7160225973363541,1.1159853512046571,,-0.07438094649867157,,,0.053077747088735236,,0.034190785700616656,-0.1699875517187993,,,0.00165844076232751,-0.07749656647022043,,-0.0831524655205067,,0.09400367086751216,,-0.08219949230839857,,0.08444289625543051,-0.1585875571942171,,-1.0710414628997145,0.0006384197750622792,,0.0065780258644887015,-0.015645143574015554,,,0.18788397197902615
2023-12-08,-0.03650222436480771,-0.39917220475298704,,-0.05270938351884314,,,-0.02954608956341053,,0.5467210043334096,-0.028790801673053427,,,-0.1574980043000348,0.12192889409120888,,0.006759366689740291,,-0.2446904720980831,,-0.3369724354006055,,0.10256609468987973,0.5328448938939607,,-0.6589944488517173,0.051847963463096,,0.32884996251939064,-0.019739273858486187,,,0.10458463830696607
2023-12-15,0.11472703385044875,-0.11124578732964127,,-0.2275010759416786,,,0.10677174294230678,,0.3583315020172641,-0.10816586946904197,,0.054657456836848514,0.0437186662338973,1.2568175449435113,-1.0823181500573553,-0.00020901338820799982,0.0039714123359770835,0.007876264558115582,5.169104288744314e-05,-0.017122021582471725,,-0.0013014217954689308,0.38485564611984496,,-5.51374462482482,-0.22546124989285157,,0.061038731350123686,-0.0852341713429085,,,0.3190257359314944
2023-12-22,-0.5044797646118571,0.307293462685056,,0.5922590219432248,,,-0.049151055979600074,,-0.0554714559919516,-0.0004714052257433401,,-0.1343633842521983,5.5792666372770044e-06,0.9176943516306882,-0.003941635900968788,0.0020425052507277025,-0.07692152434310937,0.9614758119699088,0.009420328968823416,-0.06407349599539172,,0.010341258722153933,-0.4152699873978307,,-0.5362521775279889,-0.640265916547284,,-0.012438118737284098,0.8703893742977247,,,0.003971790753871456
2023-12-31,0.15506350161216179,-0.2700073675328209,,0.05425218857391043,,,-0.006447861915210224,,-0.6265897678014901,0.9722456633136982,,0.10681345420638608,7.43925197574812e-05,0.04874664143623153,0.4755181642541002,-0.00032354637160403896,-0.008215509061972322,0.08137217499170135,0.0017949137742877253,0.25847572354619247,,-0.0524558215304752,0.1922890568778436,,-0.9914481288018495,-0.0934460550720785,,0.0022523154553675917,0.2522842308799794,,,0.2681480571100767
2024-01-05,0.7974835830498082,0.039706812438455974,,-0.4102886030957378,,,0.1499918550314789,,-0.37934088102997016,0.013826017424886776,,0.0124433866405981,0.000255321421520812,0.178273663943775,0.08250193400387014,-0.0021011545880037755,0.02454136390403204,0.14887979476495375,0.00499080933644178,-0.24377586787065456,,-0.06648912797810995,-1.2530950393602505,,-3.400814554056538,0.179075147037503,,0.0019825831154416974,0.030366818710122596,,,-0.16699198378828195
2024-01-12,-0.46300178868602193,-0.0033345271447946905,,0.008744776155480239,,0.06344081398207628,0.01486380167554619,,-0.29603704751837884,-0.07933372315103847,,-0.07160424131267096,3.844593217625192e-05,0.22986159016852353,0.35476152407478,-0.16463778375135127,-0.05871450248820184,0.09676044338702601,-0.012857114602776649,-0.013671940593199806,,0.010513557376367819,0.06234551554969791,,-0.3258089739313017,0.17966347583482106,,0.029254122075675387,0.050063526701888544,,,-0.7560137543232095
2024-01-19,0.07034498573032825,0.110792210087445,,0.03849371773123504,,-0.024581615371579636,0.033062064515776715,,-0.47083294582536184,-0.02267748336442893,,-0.015864345859516068,-0.01748286838431699,0.4152595963366798,-0.252113582601705,0.036276629457504,-0.0113188504111809,-0.11985039230439319,-0.05053921841116649,1.630709542266926,,-0.027744205761617034,-1.3329260522705892,,-0.21299479711820357,-0.9388667132701669,,0.02546916065252386,-0.06671228964578692,,,-0.2863591597605876
2024-01-26,-0.7006877127937672,0.11878943424663867,,0.02673430130063259,,-0.08829717298690078,0.12654951502712725,,0.8052926273599676,0.009701198491310759,,0.0053619141433885196,-0.0023453706114176832,-0.10307594647416027,0.4157622256652319,-0.005093010975798777,-0.03150190995649635,0.04624647718371622,-0.20693974342987756,0.06904773339789236,,0.05905091050784729,-0.23877557040414804,,-2.2655662438663873,0.08402774853550755,,0.0004069970925178253,0.009269481421058582,,,0.15097249321009232
2024-02-02,0.020138437181557185,-0.262895870378644,,0.046310925902355374,,-0.4850202473701197,-0.10025774767455627,,-0.19157098541039985,-0.2617313514507863,,-0.03352524554070466,-0.003148144522223382,-0.05588246552472877,0.04557835761423373,0.10716961096762619,0.030577149846453846,-0.12113531863272156,-0.020745948711328586,-0.002932618844038091,,0.008881503528916543,1.1424786402072744,,-1.3498701877719184,-0.0012122967835036524,,-0.03712496443839526,0.0973010516630303,,,-0.004076270696524019
2024-02-08,0.211995313659109,-1.1023292024273512,,-1.829969138813306,,0.02134159066849663,-0.00924953476837193,,-0.7070130624147145,0.12845754139465504,,0.14820005881131268,-0.04328777348476861,-0.06954295481968623,-0.030075153458697157,-0.007919685020601586,0.022094293680437707,0.02373564788018798,-0.010615795034551555,0.25776102182132393,,0.10974362373528397,0.2553649184617475,,-0.8015852902502005,0.28922879284833647,,-0.12069280928383694,-0.0816223121656646,,,0.0011162059558054388
2024-02-23,0.014469635751425514,-0.15775830137077526,,-0.8178192881925854,,-0.018211047075814352,0.030069831589534524,,-1.098974359653124,-0.28812204832123606,,-0.07393442949187475,-0.021771099737005587,-0.08753502042728524,-0.47608533050498425,0.011241430622044147,1.6810891646027704,-0.10774098586514304,0.10964196379667951,0.015595277693353803,,-0.10232718000052084,-2.0600240245558843,,-1.8569653692842851,0.16906290215721526,,1.4389547156115572,0.024798817865060427,,,0.07088741504544277
2024-03-01,0.5697709600600955,0.0389209992297403,,-0.0572121817615183,,-0.1393067709599278,0.0006065130192591203,,1.348780966477336,0.08354001364604766,,-0.0013254589390184306,-0.14503644947620672,0.1830085355403992,-0.16155722548104318,-0.0010701154106012051,-0.09960006244930239,-0.10891167930570009,-0.21490181631420247,-0.5556713914047847,,0.02990745383626512,-0.05900942634009834,,-1.3798452884888404,0.1652384116124167,,0.02129897887872319,0.4222710621595325,,,-0.06432314717639367
2024-03-08,0.19581171292181962,-0.7234235554102515,,0.0461339731667727,,-0.07867618511383115,-0.03364266517938133,,2.498317334615877,0.302391561890821,,-0.19998619762089612,0.043605626305937006,0.10657611137260337,-0.37328957862815804,-0.00010632116937935219,-0.011307701675017219,-1.1195978957290347,-0.07173117927204785,-0.01067225586168172,,0.1287936302985445,-0.14281747227591438,,-0.47784827168726396,0.22325612136449255,,-0.36603335273751014,0.10225695861483879,,,0.3397901709999855
2024-03-15,0.3552257179965992,0.09190542085232728,,0.0039291847632863365,,0.006311621225241219,0.20124298166976792,,-0.2067704979355967,-0.40681082962922216,,-0.1788325207234867,0.0003383695509331,-0.05301588795322844,-0.47203677947911526,0.0001833763143094514,-0.009083774158475676,0.4288654893449687,0.27830547423753893,-0.0546549692461923,,-0.4575234409033573,0.037834404484561684,,-0.18019694539578035,-0.1514692313532716,,-0.03773335895732542,0.03801760372126231,,,0.3973676608497116
2024-03-22,-1.3818559756164368,0.010221914698892859,,0.06072280376704377,,-0.0059561571266310565,0.015739225063367737,,-0.2959164202404729,-0.23600373608672529,,-0.03365098206776878,0.015430850171214407,-0.21902853486615556,2.2771757512985227,0.0023931066838947445,0.007517282701864663,0.9059199540894367,0.0016434591797601162,-0.026303117049001838,,0.47001969817728767,-2.803184978265778,,11.628904108492836,0.2599419358887167,,-0.005154932608995231,-0.24995159298562922,,,-0.023217903164793316
2024-03-31,-3.0885451716389225,0.10563820930705883,,,,,-1.738180888474426,,0.010420593834122999,0.11570945342248477,,,0.00024916497143330024,0.03713840970685805,1.7110417497198613,-0.00222970995376226,,-0.17103705126542465,,-0.3595143961660634,,0.010382059230095539,-0.2502981300255275,,-2.16047854358376,-0.24653830736158466,,-0.22017512403423395,0.032911902993104,,,0.01900673824753307
2024-04-03,0.3381989631558876,0.3769059275681251,,,,,-0.7118170290059728,,0.3854595555000256,0.06149443799230119,,,-0.0043053216507036585,0.4488001455654665,0.1240779934050539,0.00011603448831806671,,0.04035839241640276,,-0.001958651751762135,,0.07842776094890809,0.2602266825505213,,0.00421718663934776,-0.4810863067913191,,-0.03927305237200235,-0.010905983527362037,,,0.17034410862406807
2024-04-12,-0.17590430093511641,-1.5455171441521554,,,,,-0.7417671387980218,,-0.4697981288909282,0.10910056659077925,,,0.0023400815190140426,-0.10302379832540903,-0.05392521225759866,0.008706043642928814,,0.15388020528935523,,0.05247671697747084,,-0.08167644307892347,0.16811297786887477,,-1.1592979989785568,-0.04944121599523382,,0.12663586331682708,-0.11610879528118587,,,-0.29202352131571957
2024-04-19,1.6528889484343252,-0.10513056829495585,,,,,-0.054923237049514156,,-0.1286469418703567,0.04811919727561974,,,0.004632953682455942,-0.7544159187102989,0.06833255693682824,0.0011694835487961078,,-0.38904527583960546,,-0.3131391236259056,,0.08383231189048744,0.21907742878773093,,0.30139731038054274,-0.029705078111349738,,-0.025941949201517933,0.01413088378152659,,,-0.35768814799570914
2024-04-26,-0.02913115778208578,0.019239821280559767,,,,,-0.4979115005881284,,0.3742553052442777,0.11578358942126663,,,0.009758585129170109,-0.3134682456552384,-0.512829480460337,0.006753489359102649,,0.4984321216728741,,-0.13323809816274157,,0.0016174414535323326,0.15610504163154434,,-0.08149144839412725,-0.024823211741565855,,-0.0033310560946704,-0.04870693074066597,,,-0.18598011970126987
2024-04-30,-0.08303476419076213,0.015937287375513146,,,,,-0.24251906260668402,,4.099320751911641,-0.018104469903045158,,,-0.19309959402461077,-0.007742619187941075,-0.14255116479285793,0.08664639883691105,,0.07245061589975413,,-0.0025935884104678042,,-0.18988220979748874,0.06090136350866438,,-2.9366950993112466,-0.1073339371287321,,-0.9068019602348488,0.06597567498787037,,,-0.0008611064697684826
2024-05-10,0.99970062406634,-0.028952768695800865,,,,,-0.012398738183780138,,2.8335064008964204,-0.012347420570176425,,,0.042761798021896155,0.05952866352691204,0.9195179684184711,-0.09446565984855892,,0.0032485220052211102,,-0.026244079260417493,,0.06218131444856225,1.669083727593034,,-0.06511190956530338,-0.26076444130293386,,-0.007997102365617435,-0.011318340038367248,,,0.08438410038650587
2024-05-17,-0.008916118111909694,0.2254501646636469,,,,,0.014626749945283018,,-1.0994643423697643,0.10539639763205326,,,0.006734440930524796,-0.1637941099496138,-0.7325559428575041,0.37302928989904366,,-0.07755652696936056,,-0.12641895066156253,,-0.06191659940273032,-0.11676870216364751,,-1.3250271339043609,0.12762736982306538,,-0.004464649461504912,-0.013573832514530338,,,-0.0037016940553880762
2024-05-24,1.2066301578667449,1.7607128118916378,,,,,1.7684811716607574e-05,,-0.07533505530020757,0.025812418496021776,,,0.012522994393186788,0.0456845880315986,0.27216255778888504,0.004232487564033128,,0.21328695139453066,,0.5236325492688533,,-0.008053180989042268,1.1914504407073505,,-0.1881092724496699,-0.0012594646630930935,,0.133360437572441,0.047857806054639046,,,0.07085719112631023
2024-05-31,-0.03226852429678728,-0.12708111851634407,,,,,-0.0615272933616432,,-0.5161220343984754,0.014476256201534338,,,0.0004941550099362292,-0.023382758091701032,-0.09967368909351752,0.04295198069752548,,0.04302980901365472,,-0.11189462557157427,,-0.018699023839046494,0.1197086618364516,,-0.15601904879869924,-0.005257655675823822,,-0.058046308467140706,-0.05683540173306282,,,-0.046952084950260486
2024-06-07,0.04535754918482123,0.009088220334155551,,,,,0.049942796550742574,,0.2858432987800148,0.03578298219619636,,,3.344983584144136e-05,0.22996346538722712,-0.5977600032835433,0.000354008541206206,,0.21830311652451348,,-0.3854859460925458,,-0.21051841814755778,1.209877857736963,,1.21563204277364,-0.0912772058910281,,-0.13237620352558566,0.057748976226163415,,,-0.09376502764603073
2024-06-14,0.0011312876086469635,-0.34563274206168354,,,,,-0.07555240645032013,,-0.005970899829713522,0.4687646127744733,,,0.014738045414518657,0.11958945074418689,0.28209609487976217,0.02706289619153559,,-0.12866776266012658,,1.351575076843653,,-0.10140327997228776,0.18260961133431217,,-0.4404327468138562,0.15366634131264512,,0.01047753828920192,0.0009002012573852136,,,-0.08420015348016521
2024-06-21,0.5874300361421947,-0.06782933946703183,,,,,-0.047383661027071367,,-0.28577719024386433,-0.26720850569748,,,0.0020225261778968767,0.1762408346660846,-0.11480588049954767,0.006997796526489779,,0.5451281143736572,,-0.0009081458250234174,,0.09866147172237336,0.36599335101964264,,-0.2920409765079383,-0.07750845589338103,,-0.31455881028076454,-0.2111229402460554,,,-0.0028439243944224494
2024-06-30,0.07450667091534599,-0.9327955871141296,,,,,-0.6741744223580446,,-0.8900396694129147,0.023495439638646094,,,-0.000979119869719873,-0.07720850094791712,-2.524688256057935,0.0005385474409116464,,-0.8530557066499036,,-0.00011421923141825339,,-0.14356606052528997,-0.3327580569691894,,-0.011856349876754966,0.08795433354776391,,-0.031552476435603105,-0.013367740012475465,,,0.4060350974197185
2024-07-05,0.31746701334406424,0.6162376581457794,,,,,-0.31755696736885164,,0.9471625956507249,-0.5919396277603667,,,4.3843294252131965e-05,-0.4370495676192674,-0.0958539993857728,0.003422803876594655,,-0.018401444328145083,0.11177955834101005,-0.06415916488598802,,-0.5257841419934137,-1.5253288147601964,,0.12814239438435795,0.3040725338914145,0.03299962056737244,0.048380267771824734,-0.5986419630044199,,,-0.03014325800401966
2024-07-12,0.21813553798673702,0.015746084916578914,,,,,-0.08675055400688976,,0.179930856834242,0.3054933418692602,,,0.0006063412833842831,0.010788076065554649,0.07757519937683544,-0.007394873567816554,,-0.164032363838052,0.027784752884482605,-0.04320201350383955,,0.7755221614847285,1.5435523421489648,,0.09051120638187943,0.8095355582807581,-0.05045439203208591,0.05579125563619657,0.02144232443773248,,,0.14939516317863402
2024-07-19,0.9229307409129631,-0.15187628375627377,,,,,3.8761379278386,,1.4300425102708372,0.48815988875922073,,,-0.006350457381842498,-0.5217527967754313,2.046804568908528,-0.0010573593986189878,,-0.19227841050590455,-0.20215029126977904,0.20115084925331161,,-0.12527873544012208,0.016344437365414827,,0.06721973798733882,0.06971392590322309,0.00839822904365893,0.04684843761527788,-0.0019443168401180886,,,-2.1918042738555297
2024-07-26,-0.19133933922602644,0.028071789212502484,,,,,-0.615595668629441,,0.06466366635126318,0.019020335198224284,,,0.009793801302068712,-0.08049211344656139,-0.26564337260063053,-0.013834719038055223,,0.6487188085861703,0.05262102158441121,0.01898633137570553,,-1.0589979910420912,-3.8439049875338736,,0.9562025191675017,-0.22950631797032106,0.03309826396880149,0.1389343650290533,-0.41427175224762325,,,-5.119118335545823
2024-08-02,-0.20332215088953848,0.19694185385471064,,,,,-0.011130069744499078,,1.2986526727861585,0.019854328678530216,,,-0.10869987746053658,-0.38510787548336434,-0.3928823502789098,0.013726691288030085,,-0.38029107561350045,-0.0788008572282662,-0.03973317707383648,,0.021410054725574196,0.08143328929485516,,1.7745491270446003,0.15236117844041255,0.003960750942419146,0.003917751420916254,0.0030581808838388365,,,-0.15318194152144027
2024-08-09,0.3298548096585894,-0.21381368094258626,,,,,-0.504186056539503,,-0.41268777434652537,0.23394636321257445,,,-0.011357134730077224,-0.9786801045804359,-0.3184354898052907,-0.05098431354152216,,-0.068208320749044,0.2881951994049982,-4.0240054753580556e-05,,-0.4439721859312033,-0.4368478347487277,,0.0036342807115647543,0.1221672620537291,0.033722456661754815,0.02177819639014635,0.18091871385038769,,,2.46490580266085
2024-08-16,-0.004253374834255274,-0.13445195553174666,,,,,-0.054389362817208645,,-0.7703629736077272,-0.0006106150394378961,,,0.004325236839899371,0.07103674359398254,-0.053682908424788685,-0.006671321937899275,,-0.03509649794922314,-0.0020663313061726864,-0.018666779886378132,,0.005678317738390399,-0.2468204340806018,,-1.1175227650802477,0.07643512825078294,0.015491896069353465,-0.16934081828308412,-0.005383219036944159,,,-1.094073132960249
2024-08-23,-0.033798044971733505,-0.012214133796597818,,,,,-0.10928113459989182,,0.39773818444511616,-0.0007784388670018318,,,-0.01097607630850388,0.1347910038174483,-0.01178233729389401,-0.0006692153983785112,,0.010889823229599095,0.0006251567168649439,-0.058863939092578435,,-0.09477386030189722,-1.0285416152062754,,-1.9091174585899424,0.027570465351612464,0.00038623429219989606,0.012732773128545193,0.003826571535111553,,,-0.1265271578389995
2024-08-30,0.003731037599103912,-0.09047598584372037,,,,,-0.1983504642736313,,0.34682799039872014,0.16688375387929083,,,-0.0011853135468808142,1.0647696179837727,-0.09866510433144432,-0.00020590725700308124,,0.15308122110882766,-5.758251060076036e-05,-0.029241240529010983,,-0.6219200867550211,-0.5507919617609738,,-0.10408284172127735,-0.0189192559562772,0.007993492791927377,-0.4359839941125796,-1.1361937737298675,,,3.820287141758725
2024-09-06,-0.2555839880697004,-0.262604245443615,,,,,-0.011742011773169666,,-0.04127324289167573,0.17247634785922789,,,-0.0726098553790244,0.05157736951842938,-0.42747046074012574,-0.010587162953201456,,-0.8759844976396514,-0.022005098176999503,-0.0889907118792969,,-0.026176041284024763,0.5522915437402393,,0.016499719656432016,0.009346753336270754,0.0007745992081695903,-0.592760658916232,-0.13077800993500238,,,-0.1368267713127338
2024-09-13,-0.09968292858499321,0.16781048174383903,,,,,0.32507260721957,,-0.011708972579539659,0.036797876162274264,,,-0.020852718296473602,-0.0458819727698559,-0.044015064478374055,-0.0012852807384576175,,-0.12701589848853295,0.007928805900072125,0.04322481509858203,,-0.0017142351406148708,0.338050583846498,,0.09375060807441227,-0.071153179965804,-0.04538720945990165,-0.5614767049322611,-0.4492087210677772,,,-3.164416593238859
2024-09-20,0.12828223025310098,-0.27579084826161215,,,,,-0.022778505797190325,,-0.31023063217848573,-0.4390488597293909,,,-0.010139419215881825,0.14281821204148468,-0.020311347698174165,-0.00013801308123907654,,1.3478403024691916,0.009617528216162172,0.004260673683407339,,-0.05480613483525744,0.2913127210710726,,-0.05703714870495802,0.055132514879051686,0.0009549420335445317,-0.026272662189789048,0.84717349310314,,,-0.0786183476863818
2024-09-27,0.029734295945515892,-0.03542068787379954,,,,,-0.011162415762518677,,-0.07048865183676098,0.013373682891528588,,,0.018069024941358036,0.08701695438756829,-0.39980317030300244,-0.009603439613839249,,-0.08452614058949445,-0.04886629871254595,0.15936218490150128,,-0.12066410394816732,0.08223709645550462,,-0.5338376827928191,0.004006992979127134,-0.0019381603939983647,0.3813173169064689,0.10663394872469786,,,-0.025145215693891377
2024-09-30,-0.11194582209509821,-0.8553279429284577,,,,,-1.0107221869694585,,-0.17564325152197274,0.1425918100744216,,,-0.0014701707510294966,1.3359400481327492,-0.3623079401196022,0.18783536636771178,,0.3051905712269756,0.0009327063063756785,-0.04593253875130916,,-0.13801437327734667,-0.15537931046212777,,0.31856432738636065,0.02479873790592262,0.008127037828789482,0.5405756166509565,0.032930472369319355,,,2.6167561914243866
2024-10-11,0.027098231981407643,0.08130705900279384,,,,,-1.7054459088459206,,0.655515585896657,-0.017083687010763404,,,-0.004766114262238696,0.12559074656484698,-0.09575441337795067,0.012831681122154853,,0.18626896663797637,-6.543036406236697e-05,-0.006681388894409024,,-0.09206471720274276,0.014861222908027053,,0.20990645004143335,-0.020464529381185845,-0.014143097287258306,-0.9638938430330528,-0.34345037939312695,,,-0.13986139189556251
2024-10-18,-0.016901091104613544,-0.18350885019770852,,,,,-0.02539276683590372,,-0.002163034570024508,0.22930787225997246,,,-0.03280101823703514,1.5680813926540809,-0.32275320941902186,-0.0009154014517686653,,0.03426938408351005,7.705086882830845e-05,-0.0007661266306097627,,-0.009377181868626905,-0.8068476477680696,,0.0446443953105276,-0.017113633619976597,0.0001344100042431783,-0.016390317994474143,0.07975289237114186,,,-0.038255127259457206
2024-10-25,-0.03013420001002641,0.054502079800033326,,,,,-0.3019212607856531,,-0.39061669784923053,0.18116506812641792,,,0.05367962340034316,-0.061417611707046876,-0.042358897832637556,-0.011851840037763057,,1.2487297757145532,-0.02249114997987372,-0.037600775483067235,,-0.7548100011303033,0.14201678712078253,,-0.05360560763670477,0.024491492441223908,0.0011232358707539475,0.0515162383038089,-0.3444561038979601,,,0.03031761995795784
2024-11-01,-0.04381153349259603,0.2438938037813265,,,,,-0.00040938995702981956,,0.04147981224313518,-0.025241982451018895,,,-0.23662445579938812,0.02481793517279396,-0.08810340717168556,-0.005654356501859729,,-0.6391594041248597,-0.03050745488619886,0.009383723625328523,,0.01820824883627208,0.12327564335844232,,-0.6075699150218594,-0.01865528307593952,0.0017422455168084321,0.09796666522131671,0.014643020358900846,,,0.041664271120811835
2024-11-08,-0.15053857935344458,-0.016927095099799273,,,,,-0.010393955841733114,,-0.07737927790278845,0.017460307856646373,,,0.004904210195909586,0.2452804819035718,-0.020443376621690476,-0.04657951427200668,,-0.016330901356321308,0.0025674320400369552,0.03270748152499406,,-0.6430657665828737,0.17353808584074362,,-0.07874706343857114,0.011694970186321898,5.327015577350909e-05,1.636660525979962,0.06720251085646009,,,0.15353833830315505
2024-11-15,0.0714019608801817,-1.1811372221255878,,,,,-0.1725886191681926,,0.008484109415359518,0.015592359164914305,,,-0.003836553613270344,-0.004422347033866993,-0.1558509615227718,-0.0005894083282928374,,0.027903887089806553,4.1371827503586874e-05,-0.08993952536394159,,0.0027639809435420224,0.1791045817182795,,-2.602424989611686,0.07486040834964942,0.00010968673570112398,-0.44777691181164136,-0.17112635767624645,,,-0.00016210322418099807
2024-11-22,0.022541474518307198,0.0009028535181131796,,,,,-0.2003282322019857,,0.6240123312390943,0.0035006885345589536,,,0.01037895454460841,-0.07582080270959629,-0.04587007745684096,0.0024321212578978946,,-0.0403373212606684,-0.06324495982119835,-0.0017499758572070334,,-0.0022661521082276564,-0.03938507219829236,,0.8392106940531144,-0.059514830165602176,-0.020429032971035193,-0.1701128055174394,0.19235194605331263,,,-0.193827658567925
2024-11-29,-0.021512308621725353,-3.005006235095012,,,,,-2.135303799244695,,0.709327286888677,0.09976626445073321,,,-0.05670685689795757,0.14015212928309945,-0.2098076098466818,0.0015202727742929486,,-0.276613536623427,0.0002526619817739798,-0.004216368466972573,,-0.0023832003064944056,0.04268101153396095,,2.0393680865800725,-0.03726377853015837,0.00018846241446953345,-0.4526755374810168,0.004863169943511634,,,1.4333502318043823
2024-12-06,0.002360952694288993,0.1133005183073624,-1.0967484739935716,,,,-0.11508392103723934,,0.34324312613040775,-0.7466866897971762,,,-0.20016283823398942,-0.07234662368912582,0.002899574640647866,-0.03309394060361098,,0.39601709712635924,4.793428188762498e-05,0.226110737674896,0.052235300526103964,0.05380515920946447,-0.36032964780395,-0.00017445241647742087,0.8289280029120031,0.011418392744113912,-0.06494688965429729,-0.5551887283910601,-1.663759510611968,-0.43241734092692863,,0.013572833207241137
2024-12-13,0.09178709671063803,-0.5781694019013369,0.11189592497048709,,,,-0.022105706551681786,,0.04641720617554371,0.19285579668832217,,,0.28400926168940227,-0.05809782373145432,0.11993715286577511,0.014969504749388813,,-0.04252526476254826,0.006781408240214042,0.007725953763792496,0.017270086860814576,-0.677111449239981,-0.29277203487158193,0.003655567070016998,0.26083203236352204,0.012546935195184138,-0.08983548500867039,-0.017304054962145883,0.215370458025073,-0.0077551466023275326,,-0.0012493721844961812
2024-12-20,0.14753222675609068,-0.24598582896586985,0.320213658268126,,,,-1.1700013662867594,,0.1033745561414176,-0.0990476778432759,,,0.05396818472088914,0.06515871409064795,-0.013012715499450024,0.1202280778976805,,0.28765468944424,-0.015410664724269421,0.06388263361741169,-0.023120952360542547,0.007603202066650744,-0.17867924770664026,-0.00026824739455650937,-0.1942596789631644,0.026477073217009928,0.04937047807838633,-0.11437813338687894,0.14897091025281964,-0.009259691200725602,,-0.3126026953807906
2024-12-27,-0.044995098217536486,0.444827549931403,0.00732537743720165,,,,-0.036301173426100446,,-0.29903466855406213,0.024996753436506654,,,-0.01436319717989196,-0.23595121190701382,0.027567808197013148,0.0316602580840958,,0.28514394606121723,-0.024774517929150894,0.10124358500247566,-0.006408049736195322,0.6302359161372053,-0.18497991472474834,0.06150945074966796,-0.008394935691506962,0.108146117572763,0.021155989474965366,-0.00777738904972732,1.4650807812292748,-0.03416792721144572,,-0.2371695236734507
