TradingDay,TMT,一带一路,交通运输,传媒,农业综合,医疗,医药,医药医疗,国企改革,国央企综合,国防军工,基建,基础化工,央企创新,家用电器,房地产,新能源汽车,有色,机械设备,汽车,电力,电子,绿色/ESG,计算机,通信,金融综合,钢铁煤炭,银行,非银,食品饮料
2015-05-29,0.4006365275524262,,,,,,,,,,,,,,,,,,,,,,,,,,,,,
2015-06-05,0.0037697845740643715,,,,,,-0.12185339179377233,,,,,,,,,,,,,,,,,,,0.30195141972942086,,,,
2015-06-12,0.10076851364332655,,,,,,0.5161505756107445,,,,,,,,,,,,,,,,,,,0.00255641487831133,,,,
2015-06-19,-0.12061940428345166,,,,,,-0.07688321162414417,,,,,,,,,,,,,,,,,,,0.019174174429816573,,,,
2015-06-26,0.013710505302778073,,,,,,-0.3095720173629145,,,,,,,,,,,,,,,,,,,0.7092068014692027,,,,
2015-07-03,-0.0005385434060274042,,,,,,-0.02066897239688569,,,,,,,,,,,,,,,,,,,0.003790393136900596,,,,
2015-07-10,-0.00010000818116671181,,,,,,0.016798863559861623,,,,,,,,,,,,,,,,,,,0.09671301763718004,,,,
2015-07-17,-0.0004927844388783649,,,,,,-0.01300513021897797,,,,,,,,,,,,,,,,,,,0.030047405489509467,,,,
2015-07-24,-0.005894170026540133,,,,,,-0.008881781959931882,,,,,,,,,,,,,,,,,,,0.0030594036782627845,,,,
2015-07-31,0.19890951249829786,,,,,,-0.037420089524655725,,,,,,,,,,,,,,,,,,,-0.01767897881350703,,,,
2015-08-07,-0.036079658433517174,,,,,,-0.13869698678998182,,,,,,,,,,,,,,,,,,,0.0006595545763007487,,,,
2015-08-14,0.02159214301832079,,,,,,0.01165479211148705,,,,,,,,,,,,,,,,,,,-0.1489513443267581,,,,
2015-08-21,-0.00014204819589221692,,,,,,0.023052796956545808,,,,,,,,,,,,,,,,,,,0.19214548618267704,,,,
2015-08-28,-0.165291345791094,,,,,,-0.10894286018630732,-2.148043485357117,,,,,,,,,,,,,,,,,,,,,,
2015-09-02,0.002961888204450939,,,,,,-0.0023642023377365203,0.0005621659319927572,,,,,,,,,,,,,,,,,,,,,,
2015-09-11,0.015935269352132492,,,,,,-0.0882060355717427,-0.21341165411175608,,,,,,,,,,,,,,,,,,,,,,
2015-09-18,0.024206251973721785,,,,,,0.05669930415288091,-0.7289231961276261,,,,,,,,,,,,,,,,,,,,,,
2015-09-25,0.2733821999744845,,,,,,-0.01913255550659127,-0.019268325522053476,,,,,,,,,,,,,,,,,,,,,,
2015-09-30,0.25104367665457505,,,,,,-0.003992247450917291,-0.5662457660715751,,,,,,,,,,,,,,,,,,,,,,
2015-10-09,0.07667002294864664,,,,,,-0.0007405857467631024,-0.018945023720683764,,,,,,,,,,,,,,,,,,,,,,
2015-10-16,0.0212031859305745,,,,,,0.051088688183444475,-1.0440577758809395,,,,,,,,,,,,,,,,,,,,,,
2015-10-23,0.006053278064959905,,,,,,0.21768863748389994,-0.2575543587218929,,,,,,,,,,,,,,,,,,,,,,
2015-10-30,0.01704315935497698,,,,,,-0.9162568597875933,2.4410075716473623,,,,,,,,,,,,,,,,,,,,,,
2015-11-06,-0.009838114198146137,,,,,,0.03739965187018951,-0.029800872860817392,,,,,,,,,,,,,,,,,,,,,,
2015-11-13,-0.0018226553513789544,,,,,,0.021689250424102878,-0.8808252711942675,,,,,,,,,,,,,,,,,,,,,,
2015-11-20,-0.0010772528950404895,,,,,,0.2024856661910845,-0.005938736960656708,,,,,,,,,,,,,,,,,,,,,,
2015-11-27,-0.003785845365022877,,,,,,0.005110274376631781,1.2159565357240347,,,,,,,,,,,,,,,,,,,,,,
2015-12-04,0.2002626959770462,,,,,,0.08457823744752332,-0.8657915196527942,,,,,,,,,,,,,,,,,,,,,,
2015-12-11,-0.0482935465454572,,,,,,0.10692563237114287,0.13612736609869763,,,,,,,,,,,,,,,,,,,,,,
2015-12-18,0.036517411294761284,,,,,,0.025276321408709033,-0.04287044941821636,,,,,,,,,,,,,,,,,,,,,,
2015-12-25,-0.08907850469081197,,,,,,0.25209219876551286,-0.36837318892970666,,,,,,,,,,,,,,,,,,,,,,
2015-12-31,-0.0010050408551668965,,,,,,0.006841134563987831,-0.7575127427348294,,,,,,,,,,,,,,,,,,,,,,
2016-01-08,0.07853479136278411,,,,,,0.0021371767465109986,-0.00590018445414988,,,,,,,,,,,,,,,,,,,,,,
2016-01-15,-0.000656332320655589,,,,,,0.6770319920726854,-0.6428752853184025,,,,,,,,,,,,,,,,,,,,,,
2016-01-22,0.1595949884594436,,,,,,0.009188228067378158,-0.8766528955652075,,,,,,,,,,,,,,,,,,-0.27510954090577133,,,,0.009254056334977683
2016-01-29,-0.038715188014990305,,,,,,0.3123757120194185,0.5476610652176789,,,,,,,,,,,,,,,,,,0.23658416450371766,,,,0.08257686721888624
2016-02-05,-0.03864199134697363,,,,,,0.0825619967716601,0.4206535371481117,,,,,,,,,,,,,,,,,,0.048363111043948595,,,,-0.21139733836799152
2016-02-19,1.0957140301712083,,,,,,0.011718906515022453,0.058232389808959464,,,,,,,,,,,,,,,,,,0.006276673002119216,,,,0.005765030789367189
2016-02-26,0.10911687964630427,,,,,,-0.01510090814241727,1.1652944773534624,,,,,,,,,,,,,,,,,,0.23542028709466442,,,,0.031231612222855806
2016-03-04,0.045108796937673654,,,,,,0.0074371052156157885,0.050675424949282705,,,,,,,,,,,,,,,,,,0.11514264824221287,,,,0.004657088111811835
2016-03-11,-0.04919143614875232,,,,,,0.03928685105531707,1.0176189154845818,,,,,,,,,,,,,,,,,,0.15695348087155583,,,,0.09875100524607437
2016-03-18,0.5029043544646845,,,,,,0.2346625480835494,0.3884874788500907,,,,,,,,,,,,,,,,,,0.45024338108883366,,,,0.0008269531949428759
2016-03-25,0.013905639174134767,,,,,,0.04654845728326982,-0.04545579953363556,,,,,,,,,,,,,,,,,,0.7875398964390167,,,,0.05324303764339793
2016-04-01,0.022023581967333675,,,,,,,,,,,,,,,,,,,,,,,,,,,,,0.1149804155509328
2016-04-08,0.19314256504158378,,,,,,,,,,,,,,,,,,,,,,,,,,,,,0.1899216321692373
2016-04-15,0.022492168990629353,,,,,,,,,,,,,,,,,,,,,,,,,,,,,0.11031178606253812
2016-04-22,0.0650431770558143,,,,,,,,,,,,,,,,,,,,,,,,,,,,,-0.37512712742915844
2016-04-29,0.04268321277751013,,,,,,,,,,,,,,,,,,,,,,,,,,,,,0.001587096000276913
2016-05-06,-0.9834080821031974,,,,,,,,,,,,,,,,,,,,,,,,,,,,,-0.030592083981036106
2016-05-13,0.013986930654116615,,,,,,,,,,,,,,,,,,,,,,,,,,,,,0.029369190926553445
2016-05-20,0.021967292324874037,,,,,,,,,,,,,,,,,,,,,,,,,,,,,0.045199716199770756
2016-05-27,0.11053381838398721,,,,,,,,,,,,,,,,,,,,,,,,,,,,,0.36278405462953384
2016-06-03,0.001635746649411528,,,,,,,,,,,,,,,,,,,,,,,,,,,,,0.19822323525326463
2016-06-08,-0.0052884267393870366,,,,,,,,,,,,,,,,,,,,,,,,,,,,,-0.04124006021567472
2016-06-17,-0.08405326793557123,,,,,,,,,,,,,,,,,,,,,,,,,,,,,-0.0040451429721878995
2016-06-24,-2.6741441510695754e-06,,,,,,,,,,,,,,,,,,,,,,,,,,,,,-0.0007515600048742629
2016-07-01,-0.026243504793440467,,,,,,,,,,,,,,,,,,,,,,,,,,,,,0.20008081387026733
2016-07-08,-0.6753886714069814,,,,,,,,,,,,,,,,,,,,,,,,,,,,,-0.033855969061018946
2016-07-15,-0.2044274227454739,,,,,,,,,,,,,,,,,,,,,,,,,,,,,-0.0044367756978568925
2016-07-22,-0.04971606884629377,,,,,,,,,,,,,,,,,,,,,,,,,,,,,0.046152845434915414
2016-07-29,-0.058387131874684514,,,,,,,,,,,,,,,,,,,,,,,,,,,,,0.01334291279460989
2016-08-05,0.09313612619003545,,,,,,,,,,,,,,,,,,,,,,,,,,,,,0.14632512957738286
2016-08-12,0.8664943756163073,,,,,,,,,,,,,,,,,,,,,,,,,,,,,0.04450289104428301
2016-08-19,0.31088667082086174,,,,,,,,,,,,,,,,,,,,,,,,,2.6717669419406156,,,,-0.014461343518581408
2016-08-26,-0.3128221044702345,,,,,,,,,,,,,,,,,,,,,,,,,0.08894356908979933,,,,0.031601170745910755
2016-09-02,0.006108990450017306,,,,,,,,,,,,,,,,,,,,,,,,,0.269601224402924,,,,-0.0002120532217897851
2016-09-09,-0.04253370551483933,,,,,,,,,,,,,,,,,,,,,,,,,0.804574843608492,,,,-0.22281455683865933
2016-09-14,-0.6920230713559861,,,,,,,,,,,,,,,,,,,,,,,,,0.8535735517374738,,,,-0.0012736616534107822
2016-09-23,-0.029867644316048853,,,,,,,,,,,,,,,,,,,,,,,,,0.9395162201155146,,,,0.31722178272497403
2016-09-30,-0.10781733210422695,,,,,,,,,,,,,,,,,,,,,,,,,0.20121950003874534,,,,0.9209203877831692
2016-10-14,0.026153496892627456,,,,,,,,,,,,,,,,,,,,,,,,,1.941324069952059,,,,-0.07286470711735922
2016-10-21,-0.05546453668623906,,,,,,,,,,,,,,,,,,,,,,,,,0.12301839755378474,,,,0.025649281486617298
2016-10-28,-0.029476767044707277,,,,,,,,,,,,,,,,,,,,,,,,,0.11275920087364999,,,,-0.011530072283781258
2016-11-04,-0.028506156692433633,,,,,,,,,,,,,,,,,,,,,,,,,0.02809445569834812,,,,-0.008622625842984788
2016-11-11,-0.3584664667167993,,,,,,,,,,,,,,,,,,,,,,,,,-0.39000804131155353,,,,-0.04274168195961492
2016-11-18,0.45051594052837585,,,,,,,,,,,,,,,,,,,,,,,,,0.3038000698866338,,,,0.006907861119072461
2016-11-25,0.03255830338634026,,,,,,,,,,,,,,,,,,,,,,,,,0.055860088711736484,,,,0.0068521791216326535
2016-12-02,0.036141650352057464,,,,,,,,,,,,,,,,,,,,,,,,,0.18262363536087145,,,,-0.006811997577911838
2016-12-09,0.0003901357195280593,,,,,,,,,,,,,,,,,,,,,,,,,0.07951852505710615,,,,0.0011813377226769397
2016-12-16,0.03886605398703212,,,,,,,,,,,,,,,,,,,,,,,,,0.3581207197035677,,,,0.006532304401296619
2016-12-23,0.0691885491975342,,,,,,,,,,,,,,,,,,,,,,,,,0.5195434345655439,,,,0.2566463261999112
2016-12-31,0.35147840401814745,,,,,,,,,,,,,,,,,,,,,,,,,0.4022773410426239,,,,0.009210548895648561
2017-01-06,-0.17335926641435778,,,,,,,,,,,,,,,,,,,,,,,,,0.05123729492808997,,,,0.001713949870131327
2017-01-13,0.16068435087416863,,,,,,,,,,,,,,,,,,,,,,,,,0.4407153065236017,,,,-0.42188229201739536
2017-01-20,-0.13948162821632293,,,,,,,,,,,,,,,,,,,,,,,,,0.26719955177118637,,,,-0.014586981763540965
2017-01-26,-3.6366914661029526,,,,,,,,,,,,,,,,,,,,,,,,,-1.2024676664906517,,,,0.0067720388558278255
2017-02-03,0.0769081795724209,,,,,,,,,0.0007520964618077914,,,,,,,,,,,,,,,,0.561988215978751,,,,0.009129675032620316
2017-02-10,-0.08023178370769843,,,,,,,,,0.40057202081317994,,,,,,,,,,,,,,,,0.12493211574151881,,,,-0.008426832887086263
2017-02-17,0.022300723306199317,,,,,,,,,0.019279650139788086,,,,,,,,,,,,,,,,0.28029568410438094,,,,0.3501567322294342
2017-02-24,-0.5456675381135728,,,,,,,,,0.02723333057507188,,,,,,,,,,,,,,,,0.030494306003239793,,,,0.000750410562058941
2017-03-03,0.0004908001850784643,,,,,,,,,0.19173919913874077,,,,,,,,,,,,,,,,0.17364610565859534,,,,0.20503041351973256
2017-03-10,0.49377624264586195,,,,,,,,,-0.11980502172885946,,,,,,,,,,,,,,,,-0.04665938414636326,,,,-0.6711428038154399
2017-03-17,0.11241820855069776,,,,,,,,,0.45425713260977474,,,,,,,,,,,,,,,,-0.3549845211048005,,,,0.04035783877008832
2017-03-24,0.21051302584218,,,,,,,,,0.0349521388638104,,,,,,,,,,,,,,,,0.6402216234427972,,,,0.003969749775602853
2017-03-31,-0.02012984980915654,,,,,,,,,0.02290951924202075,,,,,,,,,,,,,,,,-2.394831989609619,,,,-0.4155440578545101
2017-04-07,-0.007736299043058948,,,,,,,,,0.004270994753034721,,,,,,,,,,,,,,,,0.027193275280407353,,,,0.23089847441762157
2017-04-14,0.004269699060226758,,,,,,,,,0.0395958800439899,,,,,,,,,,,,,,,,0.0015094829349635523,,,,0.0018749429050858625
2017-04-21,0.03185781366344678,,,,,,,,,0.002377137140626154,,,,,,,,,,,,,,,,-0.6959759789882344,,,,-0.02602669783151928
2017-04-28,0.20360780603891449,,,,,,,,,0.046949882221557396,,,,,,,,,,,,,,,,0.17404114648655133,,,,0.0070005665427399786
2017-05-05,0.4948580126737707,,,,,,,,,0.1277534447975572,,,,,,,,,,,,,,,,-0.0010725975495007372,,,,-0.0097354685601106
2017-05-12,0.17410541932109957,,,,,,,,,-0.3491021655615991,,,,,,,,,,,,,,,,-0.044563903195255744,,,,0.07287521567573373
2017-05-19,0.25518134816110527,,,,,,,,,0.023012179451069592,,,,,,,,,,,,,,,,0.03098425916351323,,,,0.04707752859065112
2017-05-26,-0.24714821875216317,,,,,,,,,0.3937369025716748,,,,,,,,,,,,,,,,-0.0009271748924814891,,,,0.0185942229180154
2017-06-02,0.04251005044845851,,,,,,,,,0.06603851599018147,,,,,,,,,,,,,,,,0.3614509993252123,,,,0.042790488893168756
2017-06-09,0.01718212509649346,,,,,,,,,0.05586263025689952,,,,,,,,,,,,,,,,0.45634638179880627,,,,1.2340813545642164
2017-06-16,-2.59807496970297,,,,,,,,,-0.20583167655577989,,,,,,,,,,,,,,,,-0.2990766721336955,,,,0.008330458012627193
2017-06-23,0.00033554606581760916,,,,,,,,,0.01983473652792133,,,,,,,,,,,,,,,,0.038322064852021914,,,,-0.9406732723028117
2017-06-30,-0.15070435549012248,,,,,,,,,-0.6893118410240928,,,,,,,,,,,,,,,,-0.01237989092792777,,,,0.5411349089055536
2017-07-07,0.08969552589170503,,,,,,,,,0.013529421711907515,,,,,,,,,,,,,,,,-0.06586940896695252,,,,-0.02244050429676486
2017-07-14,0.003462156262752175,,,,,,,,,0.09875783588990109,,,,,,,,,,,,,,,,-0.037644027369758505,,,,0.04281233359124289
2017-07-21,0.001312999644946193,,,,,,,,,0.1126988086370321,,,,,,,,,,,,,,,,0.07119030702223428,,,,0.00239953322382106
2017-07-28,0.05808005720251717,,,,,,,,,0.04378051137802189,,,,,,,,,,,,,,,,-0.12596523416258204,,,,0.012569461677529942
2017-08-04,0.913584907936001,,,,,,,,,0.008905940713991072,,,,,,,,,,,,,,,,-0.06015760314733276,,,,0.04416285990353945
2017-08-11,-0.012015646625972263,,,,,,,,,0.10148664172960589,,,,,,,,,,,,,,,,-0.49744172207306514,,,,0.00045944751606311177
2017-08-18,0.06556103648310983,,,,,,,,,-0.011902200628524748,,,,,,,,,,,,,,,,3.1932387216329086,,,,0.0014507566377005268
2017-08-25,-0.02987834477211395,,,,,,,,,0.5639831159356893,,,,,,,,,,,,-0.02206048204313243,,,,0.6313688606492499,,,,-0.025622318186709764
2017-09-01,-0.011453691272156945,,,,,,,,,0.0029411002074969024,,,,,,,,,,,,-0.290018264220585,,,,0.02134008660106559,,,,0.0026727453299625176
2017-09-08,-0.35733997103435755,,,,,,,,,-0.300588135513484,,,,,,,,,,,,-0.17837408060632934,,,,-0.18072827242100806,,,,0.002381141416464177
2017-09-15,-0.06038124894812559,,,,,,,,,0.011247699082471379,,,,,,,,,,,,0.07430597483551335,,,,-0.22320906044342603,,,,0.5004921710656682
2017-09-22,-0.04175702954581945,,,,,,,,,0.4740116618086425,,,,,,,,,,,,1.1314724067337083,,,,-0.19608160194312416,,,,0.0014174368229696267
2017-09-30,0.0656132981988216,,,,,,,,,-0.07178902330838596,,,,,,,,,,,,0.28449732305398207,,,,-0.11622157073018198,,,,0.00047348558805951867
2017-10-13,-0.07683191471474808,,,,,,,,,-0.008156722462540976,,,,,,,,,,,,-0.11855439458157414,,,,-0.04472446735310592,,,,-0.04790418937992197
2017-10-20,-0.008984871973254437,,,,,,,,,-0.2363431924970838,,,,,,,,,,,,-0.03301105352281649,,,,-0.6886834901474975,,,,-0.014599267218272871
2017-10-27,-0.023913042255800702,,,,,,,,,-0.1678477564111601,,,,,,,,,,,,0.00440019369080705,,,,-0.023493721564825827,,,,0.11632509413981314
2017-11-03,0.08018044054049916,,,,,,,,,-0.002780054692467767,,,,,,,,,,,,-0.2092354436611875,,,,0.4262205597397044,,,,-0.05563418608084644
2017-11-10,0.0021553760039599735,,,,,,,,,0.3320803822878368,,,,,,,,,,,,0.03788760811387552,,,,-0.31870138724820873,,,,0.298932633594653
2017-11-17,0.4855185834008629,,,,,,,,,-0.18427433920399255,,,,,,,,,,,,-0.048200208248195084,,,,-0.19056236109879296,,,,-0.01596312749863143
2017-11-24,0.014291981038119673,,,,,,,,,-0.2694266367311556,,,,,,,,,,,,-0.09009260732923856,,,,-0.5637617162262266,,,,0.01942613711658337
2017-12-01,-0.011879759832776993,,,,,,,,,-0.3672830587044426,,,,,,,,,,,,-0.7171044183436425,,,,-0.297489344347434,,,,0.0019904268760338657
2017-12-08,0.01706515660558978,,,,,,,,,-0.09039193001763658,,,,,,,,,,,,-0.10735888420956899,,,,-0.22514398377078074,,,,-0.009342340597135679
2017-12-15,0.13944847752305686,,,,,,,,,-0.0442873438432743,,,,,,,,,,,,0.1391940257989972,,,,-0.38014728048513174,,,,0.0003198748073451744
2017-12-22,0.006124178246946664,,,,,,,,,-0.10595061033278652,,,,,,,,,,,,0.09481999802834899,,,,0.6118443071132584,,,,0.013682727002778438
2017-12-31,-0.2391325967045364,,,,,,,,,-0.08209053048062684,,,,,,,,,,,,0.026417419791426745,,,,-0.5781779252769528,,,,0.010925158473873516
2018-01-05,-0.33204519410418354,,,,,,,,,0.3403804283151306,,,,,,,,,,,,0.10804480516832154,,,,-0.007715885588099098,,,,-0.0003200241434084842
2018-01-12,0.26043196054948486,,,,,,,,,-0.018252423643439673,,,,,,,,,,,,-0.42413899158420487,,,,0.034886115969462624,,,,-0.005945178538918407
2018-01-19,0.2522108969204167,,,,,,,,,-0.12626626538257874,,,,,,,,,,,,0.019520738225698626,,,,0.0019792492368271948,,,,-0.00015415918218182958
2018-01-26,-0.22186660956541265,,,,,,,,,-0.04014781784688879,,,,,,,,,,,,0.03287477911246901,,,,0.1578817138895948,,,,-4.991694187426511e-05
2018-02-02,-0.10007096769265834,,,,,,,0.0819696485830755,,-0.05029810406244031,,,,,,,,,,,,0.003988590818077395,,,,0.14081867690771657,,,,-0.00047073586420301136
2018-02-09,-0.04298176026816957,,,,,,,0.5726435768367155,,-0.001574178336855652,,,,,,,,,,,,0.004480311702368633,,,,-0.015169054715819644,,,,0.014041124111619105
2018-02-14,0.01118072516396896,,,,,,,0.2641236456130457,,-0.0010881521763852636,,,,,,,,,,,,0.037285541652347334,,,,-0.18910437356694665,,,,-0.00019071430132344873
2018-02-23,-0.5659098757371154,,,,,,,0.02449219500751169,,-0.009384034696902098,,,,,,,,,,,,0.03401980168530652,,,,0.0930938561294908,,,,-5.3167923715174785e-05
2018-03-02,1.918135328188421,,,,,,,0.05763739115872545,,-0.0002421604783290116,,,,,,,,,,,,0.03021304109198917,,,,0.03599284059597911,,,,0.010350995994286606
2018-03-09,0.03368214562182655,,,,,,,0.035236491250785894,,-0.29890280551423043,,,,,,,,,,,,0.10671735501757494,,,,0.13418597935314042,,,,0.045589307520839284
2018-03-16,0.2300638208284463,,,,,,,0.41971257972230736,,-0.007741389344033633,,,,,,,,,,,,-0.003416137142339939,,,,0.26821766261886576,,,,-0.00019819497109841496
2018-03-23,-0.4228415759009284,,,,,,,0.025792626950530063,,0.6521003203478302,,,,,,,,,,,,0.3963552570283039,,,,0.04105119299303534,,,,-0.05043614367535079
2018-03-31,-3.592232593385132,,,,,,,0.02821610531824753,,0.0011193570600864094,,,,,,,,,,,,0.10834009212055909,,,,0.27062763791504435,,,,0.06309367035430523
2018-04-04,0.2758122621200959,,,,,,,0.004282547642049148,,0.26598447666268316,,,,,,,,,,,,-0.17774643272337015,,,,0.08907603758774679,,,,-0.0003262909476632493
2018-04-13,0.20267009394556387,,,,,,,-0.008835610298335744,,-0.0044138440352952165,,,,,,,,,,,,0.03187475505176503,,,,-0.42109310603897376,,,,-0.0004953364684395542
2018-04-20,0.0710082349445744,,,,,,,0.022460323147851406,,-0.03582932610013021,,,,,,,,,,,,0.09309038980136608,,,,-0.024407442707253008,,,,0.01092107240713645
2018-04-27,0.32115928326505655,,,,,,,0.02926815553288411,,0.0036279595616552068,,,,,,,,,,,,-0.026097130567634734,,,,0.09389691860168992,,,,0.011281890610736478
2018-05-04,0.08445777323231737,,,,,,,-0.2122082894590515,,-0.28674433446866576,,,,,,,,,,,,0.3299594706259372,,,,0.056078582873551795,,,,-0.05384426386605091
2018-05-11,0.009176404699015253,,,,,,,0.012744997060327742,,-0.0007035485237854359,,,,,,,,,,,,-0.41891746863252793,,,,0.019273235275945932,,,,-0.00014114515558368
2018-05-18,0.04422251606813403,,,,,,,0.004037148174820693,,-0.03563903385899882,,,,,,,,,,,,0.03801961435530886,,,,0.036548907514456545,,,,-0.000870973079934992
2018-05-25,0.06359927761312041,,,,,,,0.0759418208318274,,-0.599074377548527,,,,,,,,,,,,-0.009083829908477843,,,,0.0813135449056979,,,,-0.008572190772362183
2018-06-01,0.09793914101727316,,,,,,,0.10387120379314739,,-0.014400015800086721,,,,,,,,,,,,-0.05904078627639581,,,,0.04317702818965345,,,,-0.0012988964125345698
2018-06-08,-0.10048341502132183,,,,,,,-0.12432310465486368,,-0.07885817479793528,,,,,,,,,,,,-1.778536056184977,,,,0.0403853105154273,,,,-0.009395794623955029
2018-06-15,0.09977047687584968,,,,,,,0.053984968621557605,,-0.46908572688085814,,,,,,,,,,,,3.38947527572748,,,,0.15083429776267968,,,,0.038527986571075735
2018-06-22,-0.02805997640550774,,,,,,,0.02003545787730669,,-0.0012362574647459626,,,,,,,,,,,,-0.4994344485968576,,,,-0.2172264792203944,,,,0.0001871250497494503
2018-06-30,0.011098895912007814,,,,,,,0.0017760609718492546,,-0.06984139021884932,,,,,,,,,,,,2.3257351586056307,,,,0.26944239924581387,,,,0.12837659018525507
2018-07-06,0.03962918491598155,,,,,,,0.03716518166644442,,0.13087865336378052,,,,,,,,,,,,2.568944022488455,,,,0.04024555448741718,,,,0.0011234134744346354
2018-07-13,-0.15634874825770825,,,,,,,0.02029728529746256,,-0.1363707679372076,,,,,,,,,,,,-0.5656585059165423,,,,-0.09588581525074749,,,,-0.01750765877329086
2018-07-20,0.0023387111218061444,,,,,,,0.04901337015184427,,-0.010426791501678094,,,,,,,,,,,,-2.278362945991408,,,,-0.3367137486376013,,,,0.02257239823957719
2018-07-27,-0.12238594762738417,,,,,,,0.0023498304851249287,,-0.06857310827818516,,,,,,,,,,,,-0.04210417385630212,,,,0.08250678542558695,,,,-0.05937217427510766
2018-08-03,0.04217395043679926,,,,,,,0.035266235310749544,,-0.006592157593221101,,,,,,,,,,,,-0.4316328959257877,,,,-0.057642640141462684,,,,0.040328897139259995
2018-08-10,0.00374791510996199,,,,,,,0.0876679547189124,,-0.21161813060070675,,,,,,,,,,,,-5.135698338470821,,,,-0.1649836735511327,,,,0.004980033691540875
2018-08-17,0.06394195037454298,,,,,,,0.008694710569429548,,-0.07525301870555835,,,,,,,,,,,,-1.6733861252233813,,,,0.9507135853846935,,,,-0.10891653160667014
2018-08-24,0.04227436536533404,,,,,,,-0.04154288993950007,,0.06359867892254753,,,,,,,,,,,,-0.30889764634610284,,,,-0.24396436951217645,,,,-0.02513357096051562
2018-08-31,0.05484915381827898,,,,,,,,,-0.047846513399511875,,,,,,,,,,,,-0.4505284111180872,,,,-0.15504492149918525,,,,-0.0008557675014769583
2018-09-07,0.023312727314281866,,,,,,,,,2.0068737440727937,,,,,,,,,,,,0.03427922209071517,,,,-0.3637143726311808,,,,-0.0005514692188239376
2018-09-14,-0.8492043789087884,,,,,,,,,-1.8224875412176598,,,,,,,,,,,,-0.02449443462342411,,,,-0.03159589494126473,,,,0.040397834555317896
2018-09-21,0.001501439434384991,,,,,,,,,-0.10985566508570979,,,,,,,,,,,,0.3174994256125719,,,,0.4830940498700142,,,,-0.0001369172541813886
2018-09-30,0.017002491123455893,,,,,,,,,-0.22450617467866477,,,,,,,,,,,,-0.05549955648941806,,,,-0.12153494270333107,,,,-0.0010762645098543857
2018-10-12,0.06626905845720148,,,,,,,,,0.009193831088520272,,,,,,,,,,,,0.08735705881290336,,,,-0.39063145121704956,,,,0.2188488628105118
2018-10-19,0.08363537571115541,,,,,,,,,0.015402168259935423,,,,,,,,,,,,-0.2231954102934432,,,,-0.4778102844015592,,,,0.04005514827772763
2018-10-26,0.006256034307098106,,,,,,,,,-0.11567389703270917,,,,,,,,,,,,-0.06444330688143296,,,,0.6944653450275531,,,,0.028067645898336595
2018-11-02,0.1498281081933406,,,,,,,,,-0.27935751007686627,,,,,,,,,,,,-0.021956648184672047,,,,-1.3528178305556051,,,,-0.009854009831146432
2018-11-09,0.08298927073267755,,,,,,,,,-0.015275930641472276,,,,,,,,,,,,0.011172230705387177,,,,3.12681552477846,,,,0.0007181724065918296
2018-11-16,0.02106887210776315,,,,,,,,,-0.06068888845790152,,,,,,,,,,,,-0.018417363111567754,,,,0.24486675113881384,,,,0.015934974135432968
2018-11-23,-0.2105630600664271,,,,,,,,,-0.15982981525916445,,,,,,,,,,,,-0.005315407659571334,,,,-1.6508649335813312,,,,-0.2133580564756725
2018-11-30,0.12379422362085521,,,,,,,,,0.222433559554763,,,,,,,,,,,,0.007488922384560045,,,,0.12721944383701184,,,,-0.3928199540383206
2018-12-07,-0.057571866962312604,,,,,,,,,-0.2611787756647912,,,,,,,,,,,,-0.07830940427852463,,,,0.7332233672504158,,,,0.00011498702011732628
2018-12-14,1.5207903342779507,,,,,,,,,0.009427118253998045,,,,,,,,,,,,-0.2809421138388977,,,,-0.2937769351629976,,,,0.2396412456631793
2018-12-21,-0.0007433940551050877,,,,,,,,,0.002102668587806032,,,,,,,,,,,,-0.22363931507983256,,,,-0.8462157257770353,,,,-0.03355303555451378
2018-12-28,1.0987404684639883,,,,,,,,,0.1761220366073202,,,,,,,,,,,,0.7820012202188148,,,,-0.01811366298446039,,,,-0.0703247704118182
2019-01-04,-0.12528982910694791,,,,,,,,,-0.24626847642725708,,,,,,,,,,,,-0.13653071853570967,,,,0.6592388973928117,,,,-0.018544501205766915
2019-01-11,0.03171776282745566,,,,,,,,,-0.1587221752756415,,,,,,,,,,,,0.01763623236386512,,,,-0.39688773506475694,,,,0.000980724161793016
2019-01-18,0.0194372619220545,,,,,,,,,0.013872519374441257,,,,,,,,,,,,0.04731988781441675,,,,0.18791023352969846,,,,0.00015671843164256395
2019-01-25,0.04608828470201679,,,,,,,,,-0.02547338870375171,,,,,,,,,,,,-0.28179523125279304,,,,-0.13451482963507727,,,,-0.34124081157899105
2019-02-01,-0.028783471710435396,,,,,,,,,0.6943134831719961,,,,,,,,,,,,-0.02241577600602825,,,,0.29443423352706727,,,,0.044066937684038285
2019-02-15,-0.8799112538853555,,,,,,,,,-0.04831493818424049,,,,,,,,,,,,-0.16322021897039016,,,,0.05296204933122656,,,,0.0012371232817380928
2019-02-22,-0.373337595915859,,,,,,,,,0.015184548937347261,,,,,,,,,,,,-0.04008017459331491,,,,0.1170752597621069,,,,0.0004413648655902354
2019-03-01,0.17988112805455728,,,,,,,,,0.0324160802120258,,,,,,,,,,,,-0.04367109737934656,,,,-0.4806713377612695,,,,0.04457907720690829
2019-03-08,0.15059187403733643,,,,,,,,,0.005170164972642495,,,,,,,,,,,,0.11960823947969747,,,,0.13887141137211964,,,,0.12410979371262078
2019-03-15,-0.09222365078123468,,,,,,,,,-1.2241776203046115,,,,,,,,,,,,0.004596925000132808,,,,-0.0037941462483547126,,,,0.0006151721277755457
2019-03-22,-0.0027222118177138523,,,,,,,,,0.06215887639202145,,,,,,,,,,,,-0.3104690637567491,,,,0.7355697794834508,,,,0.05787827243761147
2019-03-31,0.12340765611032416,,,,,,,,,0.04191584499578734,,,,,,,,,,,,0.4810350168262165,,,,0.010089877586047553,,,,0.0035838043638857274
2019-04-04,-0.007833209421780778,,,,,,,,,0.001752394734651594,,,,,,,,,,,,1.165131515329379,,,,0.921918616301235,,,,0.3715821170427556
2019-04-12,0.393132705045324,,,,,,,,,0.06747311292356488,,,,,,,,,,,,-0.10716366134533489,,,,0.03512733512537347,,,,-0.4555257671243671
2019-04-19,-0.2999570192889136,,,,,,,,,0.002951606717588164,,,,,,,,,,,,-0.0002947152736703333,,,,-0.04790394174072633,,,,0.0028492948100080095
2019-04-26,0.14062007075911453,,,,,,,,,0.004837797168062241,,,,,,,,,,,,-0.0013162133930222238,,,,-0.04239562831414568,,-0.0402518479518608,,-0.12823472672637337
2019-04-30,0.038881569103812394,,,,,,,,,-0.010575418087459685,,,,,,,,,,,,-0.016088250318688713,,,,-0.8038892088920508,,-0.006858355624393737,,0.000535886646498435
2019-05-10,0.05462172110583268,,,,,,,,,0.007098382380987932,,,,,,,,,,,,0.011333325667283815,,,,-0.025659340116821746,,-0.21359954420521757,,0.25643588203806256
2019-05-17,0.08839563050330251,,,,,,,,,0.14246853447732538,,,,,,,,,,,,0.030668709655441596,,,,0.5099861656863294,,-0.0006572113996384676,,0.0830371588312272
2019-05-24,0.2806561768044125,,,,,,,,,0.0052285808689429,,,,,,,,,,,,0.9340882925541457,,,,-0.03261318897817087,,0.011052386176083923,,0.05963947710843859
2019-05-31,0.32987200579774384,,,,,,,,,0.09956219603250809,,,,,,,,,,,,-0.011163059135700185,,,,-0.04411918306839247,,-0.000674904219533509,,0.0017954271070689677
2019-06-06,0.03795159889180924,,,,,,,,,-0.43269795357113416,,,,,,,,,,,,-0.01269745732530484,,,,-0.049249308089300434,,0.01594548947688903,,-0.06236656262338015
2019-06-14,-0.14871230918097764,,,,,,,,,0.050376758544697385,,,,,,,,,,,,-0.053725099514272866,,,,0.0010583308474971867,,-0.17896839229451067,,0.0011362991561397508
2019-06-21,0.015711881421974723,,,,,,,,-0.502152222808621,-0.21751741906118324,,,,,,,,,,,,-0.04642797922108714,,,,0.04677163691341417,,-0.0020324801006993166,,0.0451390791641918
2019-06-30,-0.26943830282524517,,,,,,,,-0.014210262011144809,0.025653237744331536,,,,,,,,,,,,-0.0018216437090628514,,,,-0.05525015216019714,,-0.06594450382836543,,-0.19088234576382196
2019-07-05,0.012784072816966833,,,,,,,,1.289655399438715,0.05476196798174808,,,,,,,,,,,,-0.0021177892872707733,,,,-0.136756436752834,,-0.021156415958035232,,0.0018485606806747912
2019-07-12,0.0035752340840613786,,,,,,,,-0.49956369687997665,0.021001833928494286,,,,,,,,,,,,-0.011062241127225874,,,,-0.0027024117782622104,,-0.12861051219039416,,0.6512706567607238
2019-07-19,0.07783619709594236,,,,,,,,0.3534152214285907,0.0010173203969709155,,,,,,,,,,,,-0.00047598364375450475,,,,-0.022567788361598215,,-0.0016177094405441861,,0.00017403330304777986
2019-07-26,0.18666002282236147,,,,,,,,0.26659516125793986,-0.3952000188744024,,,,,,,,,,,,-0.00028126040631344196,,,,-0.0067230670850799285,,0.007353672464382964,,0.02553783555482292
2019-08-02,0.017960308908478467,,,,,,,,0.13167989861577212,0.034821557108051404,,,,,,,,,,,,0.17647175275451313,,,,0.12282450849753987,,-0.1831071936295443,,-0.06916491967021349
2019-08-09,-0.04348250815764584,,,,,,,,-0.39395219857887914,-0.3772027092949417,,,,,,,,,,,,0.07189126479995694,,,,0.06868410220255214,,0.21079967302762678,,0.0034183350702739826
2019-08-16,1.3517896677178842,,,,,,,,1.2628577147641566,0.11568279329141701,,,,,,,,,,,,-0.1472549364188557,,,,-0.013979395999439358,,0.17447321466083526,,-0.008831843168032167
2019-08-23,0.03789179902336108,,,,,,,,0.1308510839893025,,,,,,,,,,,,,-0.004126908902229916,,,,0.013322020825078896,,-0.02073318379316301,,-0.2211052781501271
2019-08-30,0.010034338039426773,,,,,,,,-0.03830441601054553,,,,,,,,,,,,,-0.0001572350092913939,,,,0.424365959920245,,,,-0.026704802835332702
2019-09-06,0.019638960997419325,,,,,,,,-0.1279345059638069,,,,,,,,,,,,,-0.09121714823430976,,,,-0.06475250049125521,,,,0.006843416081859559
2019-09-12,0.1113454864443576,,,,,,,,-0.6976823731452874,,,,,,,,,,,,,0.005847455586009947,,,,-0.13292449685613897,,,,0.11907812386144918
2019-09-20,-0.0017361621307048379,,,,,,,,0.17194289015414166,,,,,,,,,,,,,-0.04951594446009655,,,,-0.017485597847494008,,,,0.2835762034598274
2019-09-27,0.004589384994471934,,,,,,,,-0.3136389841707625,,,,,,,,,,,,,-0.01998143169083293,,,,-0.018299774434432224,,,,0.01788918472339713
2019-09-30,-0.005831275910160914,,,,,,,,-0.20471231669661796,,,,,,,,,,,,,-1.0462265895995466,,,,-0.013180761308979352,,,,0.19048810035949346
2019-10-11,-0.0031092478630271574,,,,,,,,1.2618169786519153,,,,,,,,,,,,,-0.004513788209714606,,,,-0.0768699018613667,,,,-0.00018686878491545078
2019-10-18,-0.05941454734132028,,,,,,,,0.2484005102727718,,,,,,,,,,,,,-0.04332359342624956,,,,-0.0008316200574665716,,,,-0.0533178318142331
2019-10-25,-0.03404944440276506,,,,,,,,0.8460623227297714,,,,,,,,,,,,,0.0228511389858828,,,,0.016468677643913264,,,,-0.0009585777730356141
2019-11-01,-0.12212392056919529,,,,,,,,0.19683947091350967,,,,,,,,,,,,,0.007565596655886808,,,,0.13647348308631108,,,,-0.06286815825607245
2019-11-08,-0.01550128704847736,,,,,,,,1.3796767638484921,,,,,,,,,,,,,0.0009677057317149809,,,,0.008608118243232484,,,,-0.16668357554718247
2019-11-15,0.04780553965834293,,,,,,,,0.22924321946169407,,,,,,,,,,,,,-0.16175566169325412,,,,-0.0021345400202436547,,,,-0.0018045662626990089
2019-11-22,-0.011386101795697393,,,,,,,,-3.783198969939214,,,,,,,,,,,,,0.011596519407448668,,,,0.034506858946942734,,,,0.08044457672701771
2019-11-29,0.1133050050550102,,,,,,,,0.5553067913804052,,,,,,,,,,,,,0.0931396774861046,,,,0.016326949136284158,,,,0.0052294845024672375
2019-12-06,-0.31542003561762466,,,,,,,,1.0239510755431578,,,,,,,,,,,,,0.025054255281953257,,,,0.05422919719679181,,,,-0.0016595520385590465
2019-12-13,-0.07901158341017567,,,,,,,,0.1899621190737933,,,,,,,,,,,,,0.010464818415292574,,,,0.016861404174944736,,,,-0.00039810614055928655
2019-12-20,-0.1933616978272417,,,,,,,,-0.2740777061426816,,,,,,,,,,,,,0.00027023391056390513,,,,-0.1559908491748117,,,,0.1517128525513426
2019-12-27,-0.5250175291500706,,,,,,,,0.8890933538859919,,,,,,,,,,,,,0.010997929797289498,,,,0.2244520292406422,,,,-0.03910961929781015
2020-01-03,-0.06220421150846489,,,,,,,,0.490392807716058,,,,,,,,,,,,,-0.028513751896721222,,,,0.035673169009095104,,,,0.5260596990616326
2020-01-10,-0.3618285330640347,,,,,,,,-0.9856626263967271,,,,,,,,,,,,,-0.07286140777337992,,,,0.01165661736960602,,,,-0.05473721502291917
2020-01-17,-0.003085572163280754,,,,,,,,0.00922380167928843,,,,,,,,,,,,,0.003968289728479751,,,,-0.16301702791895817,,,,-0.19480079002627038
2020-01-23,0.05098340550630377,,,,,,,,0.12666001907839347,0.24437075930338317,0.048509856016732696,,,,,,,,,,,0.002390530679044302,,,,-0.5281284546099532,,,,-0.3673960464986639
2020-02-07,0.45392678049677443,,,,,,,,0.8030889176052562,-0.07661401191416221,0.019872227877949285,,,,,,,,,,,0.0023525325947392557,,,,-0.28533059184266174,,,,-0.20744138533833087
2020-02-14,0.26571666030750635,,,,,,,,1.3151586323343427,-0.2082350228891395,-0.038976123197307797,,,,,,,,,,,0.008122038280371374,,,,-0.3315802064657097,,,,1.286877610369174
2020-02-21,0.030953177954118012,,,,,,,,-3.07671676927091,-0.08570132941049756,-0.038880756159112406,,,,,,,,,,,-0.05894042922537243,,,,-0.05171419412258569,,,,-0.019019358534057552
2020-02-28,0.23322525890453583,,,,,,,,-0.8603170740127071,-0.006138881208448162,0.04798085542449368,,,,,,,,,,,0.02566955879425043,,,,-0.1685393908375969,,,,-0.9640425218693481
2020-03-06,0.027608061057362743,,,,,,,,3.2874392972940476,-0.02977732437875754,-0.014857517876141332,,,,,,,,,,,0.029148429486184377,,,,0.07821928453064193,,,,-0.6792442821970941
2020-03-13,0.043983268140540925,,,,,,,,-0.09009011108042488,-0.8101692215460232,0.8179988377391074,,,,,,,,,,,0.0005350632991607878,,,,0.027725164139354188,,,,-0.38554911397122726
2020-03-20,-0.015546641978616615,,,,,,,,-0.3396936628404262,0.9679014701544987,-0.050584832450961105,,,,,,,,,,,-0.06955252940557625,,,,0.023230762792473898,,,,-0.13024260123281084
2020-03-27,0.16386915427809476,,,,,,,,0.14811004913113957,-0.003304993332618582,0.11099231274997558,,,,,,,,,,,0.061340983022995926,,,,0.6591609718651683,,,,-0.07681529044926147
2020-04-03,0.3684647297117343,,,,,,,,0.03129157416239156,-0.1341733434692159,-0.0008571784076042858,,,,,,,,,,,0.07812218444287797,,,,0.013579994471958356,,,,-0.0006939836529051158
2020-04-10,0.04804692417077671,,,,,,,,-0.49249095380121577,-0.1293447796453017,0.06823325056409213,,,,,,,,,,,-0.005199865282393003,,,,0.10367150751709843,,,,-0.0034122795700996635
2020-04-17,0.04858814319126112,,,,,,,,0.1630299354674442,0.3566474483716933,-0.016691362424349196,,,,,,,,,,,0.0009124079789590961,,,,-0.014320221061047824,,,,0.03674380493233037
2020-04-24,0.27036807757228243,,,,,,,,0.8592679433061218,-0.024695628656746658,-0.9615630454241384,,,,,,,,,,,0.00046141876515254517,,,,0.004080474365878304,,,,-0.010405004649632349
2020-04-30,0.24343207614626836,,,,,,,,0.8881974635510577,-0.05181356733797587,0.06673386072559392,,,,,,,,,,,0.08370169529173979,,,,0.9469278102899518,,,,-0.056457900959534485
2020-05-08,-1.3646991114564915,,,,,,,,-0.12351169467130643,-0.0012951873147070301,0.009441857412803109,,,,,,,,,,,0.0005434442452208663,,,,-0.08100987502653473,,,,0.24680041557478338
2020-05-15,0.11022755699451811,,,,,,,,-0.4011263547373452,-0.04219799830641063,-0.0008986732180271776,,,,,,,,,,,0.017253219356079656,,,,-0.007996192952788733,,,,-0.12175783454134786
2020-05-22,0.21410863140286385,,,,,,,,2.1221921217595563,-0.00655984291898674,-0.0017525631044487977,,,-0.07357536713428407,,,,,,,,0.0530592820903267,,,,0.05415879044250755,,,,-0.19113332507885544
2020-05-29,0.08183013626091082,,,,,,,,-0.031652492217090676,-0.009290669892815323,-0.026562065473024303,,,1.062705981664346,,,,,,,,0.03600272425185126,,,,0.0019329864141548886,,,,-0.048575737164734685
2020-06-05,0.09438553672226824,,,,,,,,0.16170148661406614,-0.1905299351253527,0.3157845444837382,,,12.833155220990045,,,,,,,,0.028436036210044174,,,,-0.010686448125679081,,,,-0.24444576306071245
2020-06-12,-0.5442343233897754,,,,,,,,1.2671567006895603,-0.03284659884052743,-0.021956747257256215,,,-0.17369108680213446,,,,,,,,-0.6728836034947793,,,,0.007150156523590901,,,,0.27321436694474877
2020-06-19,0.12153609354400229,-0.0510037960130046,,,,,,,0.8712506052659423,-0.04198124452306552,0.047610355853971276,,,0.021455930284069138,,,,,,,,0.03279589195487157,,,,0.29251198817708257,,,,-0.3319707928598659
2020-06-24,0.14336466925672348,-0.5476549860002782,,,,,,,0.02957195844329974,-0.023566575665503055,-0.0035010564350005137,,,-0.5345782458934525,,,,,,,,-0.0067873725861194376,,,,-2.4326888819142565,,,,-0.037559500878053806
2020-07-03,0.08636837388853288,0.08141214147433024,,,,,,,0.5061751912311714,2.4923016769924273,0.007259345974209417,,,-0.21950639569488256,,,,,,,,-0.007214889085390295,,,,-0.5376375301142848,,,,-0.019812320789915815
2020-07-10,-0.6154728544523823,0.1855724839356659,,,,,,,0.04262497824045537,1.2195731235743867,-0.08198138520454759,,,10.195747772385442,,,,,,,,0.11289994384050445,,,,-2.2106462056618463,,,,-0.018334191254837158
2020-07-17,0.03587632742968844,0.7333745694264753,,,,,,,-0.03837593438550403,0.5058421079421859,-0.004372893961383557,,,1.4674662225766764,,,,,,,,-1.866430326084213,-0.30158025627748375,,,-3.726983814472939,,,,0.009250415659539686
2020-07-24,-0.0056460313515573745,0.22769045169525376,,,,,,,-0.4289020965709881,2.3443832973282195,0.0056043311904500764,,,-0.6188300760356295,,,,,,,,0.0011938891746681795,0.2842969053843149,,,-0.5581780388245298,,,,0.04759253994427648
2020-07-31,0.07205567483408877,-0.4531133455212029,,,,,,,0.4866802954411409,0.38866292375689315,-0.028038484039140797,,,-0.035285653582789164,,,,,,,,-0.025103389880564014,-0.04248883544929556,,,-3.5399794924482233,,,,-0.002086489615269639
2020-08-07,0.03651716128252867,-0.020717458091184894,,,,,,,0.07652932539078032,0.26992140562855593,-0.0008326670590119648,,,-0.13625536787378242,,,,,,,,0.005051828194965205,-0.024962232842653857,,,0.18796997095694382,,,,-0.009198499653276515
2020-08-14,-0.004247216880927097,-0.5931342098959534,,,,,,,0.15533983993329992,0.17275598399350872,-0.0032383449388897357,,,-0.011499765312608587,,,,,,,,-0.009766299552669173,-0.0013136296988686782,,,-0.11891242736427532,,,,-0.037914864813302356
2020-08-21,-0.007341325352775971,-0.11441190352893836,,,,,,,0.1877969388133994,3.8643076117218382,-0.45090203357461434,,,-0.23536957649729348,,,,,,,,0.014043400890237503,-0.028032669352502038,,,26.718980973978546,,,,0.08143927992680508
2020-08-28,-0.27703155396086976,0.09146401395853891,,,,,,,-0.1374719134871461,0.037975107665312785,0.03972631608769092,,,-0.03275472984136935,,,,,,,,0.00034307338092902454,0.1804910208877833,,,-0.24016828242707766,,,,-0.0004055378949989923
2020-09-04,0.06698423929371114,0.18525440582870073,,,,,,,-1.433372354019678,1.5930218980926047,-0.05804363355738623,,,-0.2989195732330226,,,,,,,,0.0011537709229036863,-0.06614588532123694,,,-4.701022448627224,,,0.03012436174387774,-0.08114460621805998
2020-09-11,-0.1716270564394663,0.06252371044882815,,,,,,,-0.4441215994975276,3.7239113927045975,-0.0010494649222254986,,,0.8961265257845669,,,,,,,,0.21444772399958695,-0.012496191528642743,,,-0.7301852083375474,,,-1.2301787818719965,0.012649243583602011
2020-09-18,0.03859887461423895,0.010076555751419851,,,,,,,-0.8965559150705077,0.17837576595276872,-0.011496140219345315,,,0.1383650725518308,,,,,,,,0.10733734953727174,-0.0037347019681149177,,,-0.03522242547021178,,,-0.012721035380858127,0.0008059030627402721
2020-09-25,0.03493939854530706,0.014571577115852122,,,,,,,0.15658143980817182,0.09546057065333836,0.02280509223534573,,,-0.06320707436970278,,,,,,,,0.07730828728576537,-0.005359298647749614,,,-1.6115715436668754,,,0.1855183725770121,0.09532679624445227
2020-09-30,0.5132247954801662,0.16530051968162376,,,,,,,0.009459882245828603,0.08227553456334388,-0.017548179570454497,,,-0.15228991741562165,,,,,,,,-0.5804079751516327,-0.0011219127197219909,,,-0.24666270671773713,,,0.050080562553845784,0.0002035935312285842
2020-10-09,-0.14560307522716176,-0.4315899631010978,,,,,,,-0.025734423951329355,4.161290295596309,-0.0006862123808706557,,,-0.022699386835987878,,,,,,,,0.0030345176803958304,0.5331555484005038,,,-0.18002960976972024,,,0.015047512475799574,0.009717952175936979
2020-10-16,0.17049658327329573,-0.43204130129329643,,,,,,,-0.030051414972173063,1.3070671683351223,-0.052115374550572635,,,0.13213089509265794,,,,,,,,0.022375464208602685,-0.0037245859228101836,,,-1.1493296500116874,,,-0.0021430160380500577,-0.010231405292021269
2020-10-23,-0.0060335227658369515,0.3356644782825793,,,,,,,-0.023023791613415917,4.196756750322857,-0.07493986056917197,,,-0.14452741187204013,,,,,,,,0.17441010477590044,-0.11980376179600738,,,-3.1013350995457345,,,-0.00032254853417618633,-0.08547043172675274
2020-10-30,-0.0197093271344803,0.10046440126531817,,,,,,,-0.27469994700455885,-26.451835921876274,-0.009471207506929806,,,0.8309131751776189,,,,,,,,0.010338190257731604,0.08505360233377977,,,-0.9940290777957927,,,0.15111286635219792,0.001167026914818597
2020-11-06,-0.00010950680272917162,-0.004608916122006182,,,,,,,0.01650969919178834,0.6867629136919923,-0.06233650587716115,,,0.0903782289447109,,,,,,,,0.030850196955712134,0.0018815721104578319,,,-1.129223520538033,,,-5.7866191615028475e-05,0.026869799459612
2020-11-13,0.38469552918252675,0.09578559921013333,,,,,,,-0.031175897063472333,0.7009532936065381,-0.016842283981911125,,,-0.15482644808228055,,,,,,,,0.009129336334807073,0.28987499063876226,,,-0.37815216387858647,,,0.013381560631571098,0.021470649033455656
2020-11-20,0.6977523263946122,-0.7281662854529216,,,,,,,0.16406521352765238,-0.05362260151342831,-0.034796748822944194,,,-0.012968723366176422,,,,,,,,0.023921608000343948,-0.01643286566292564,,,0.41157906422607227,,,-0.029401755816142728,-0.14592120915719684
2020-11-27,-0.3720823118318586,0.14400666158397002,,,,,,,40.14133150553137,-0.010623188488879918,-0.18758215447336377,,,-0.030713019258808427,,,,,,,,0.0006135420914845246,-0.00503348411933408,,,0.1664292666678599,,,-0.00036105639538895043,-0.2255437904473489
2020-12-04,0.02543931105323806,0.16163342949740833,,,,,,,-2.2147916044472984,-0.8010996355726128,-0.23604720177069,,,0.02154538864330878,,,,,,,,0.036451426148357315,-0.1254846929534627,,,0.062030460074312094,,,-0.0008482752938163664,0.023938513412147686
2020-12-11,-0.06244258662857509,0.0028295241816115703,,,,,,,-3.3755985945901155,-0.009865391836254737,-0.08088013345451073,,,0.507299409275965,,,,,,,,-0.004460694586893445,0.11359900624208218,,,-0.9070398443616468,,,-0.003898522952329126,-2.613782839159613e-05
2020-12-18,0.16762652123523025,0.46189326049565166,,,,,,,0.09105806061201935,-0.08646041205750479,-0.002423462736961054,,,-0.04413423252693907,,,,,,,,0.0006838221027822595,0.03923242729060731,,,0.7055326733333861,,,-3.7054147576942286e-05,0.00046127881915240245
2020-12-25,0.0227762355778462,0.13220352826567713,,,,,,,-0.11416154345501987,-0.07235273639706782,-0.1163818618701096,,,-0.0923595896585494,,,,,,,,0.002988392725251954,0.24000898225232753,,,-1.8319808237472606,,,-0.015010324674094893,0.023753625617488942
2020-12-31,0.021076397995399173,-0.01859149996708179,,,,,,,-2.5633753695385018,-0.4185955937404648,0.04013896440224363,,,-0.1588584268507292,,,,,,,,0.037355789796036064,-0.09550392197243375,,,0.5969883315539664,,,-3.5387620304082336e-05,0.020340925782204915
2021-01-08,-4.4899930909618696e-05,0.17628868153804347,,,,,,,-2.0370330353585544,-0.01772527373249953,-0.00490512303103997,,,-0.14493994545240374,,,,,,,,0.0034776311087838306,0.17081721875306596,,,0.1572063207903981,,,-0.00021180401020778498,0.008734664377992876
2021-01-15,0.042374256354690484,0.017792283464649786,,,,,,,-1.3994275007560575,0.07039184992771796,-0.006575083524906096,,,0.09611272690681924,,,,,,,,0.30230375570642354,-0.0008808985735444126,,,-0.03571836991941776,,,-0.0009405083286600699,0.020560931472305508
2021-01-22,-0.1379181547582975,-0.03613003394928945,,,,,,,-1.1118923448459659,-0.0455990754342831,-0.24732866280926938,,,-0.20268574111789678,,,,,,,,0.0537105003734497,-0.0014002475668967338,,,0.08014579119524934,,,-0.08057315149266038,0.02803365326798651
2021-01-29,-0.6935052097813166,0.7794199804975678,,,,,,,-3.346241094928452,-0.8067985836409106,-0.0157332102377256,,,-0.8487772052476342,,,,,,,,-0.4517425624733077,0.022237198477643532,,,-0.1723819661080192,,,-5.8536005584809575e-05,0.0300370414088688
2021-02-05,0.4465541701575689,-0.09059114881144295,,,,,,,-1.767688279456673,-0.14432087133801524,-0.012643103992703263,,,-0.35401141673546077,,,,,,,,-0.0016909592585265176,0.15772644001746985,,,0.14695588914971267,,,-0.0011787043258970026,0.28135372874161174
2021-02-10,0.19030450947872107,0.08919703539497116,,,,,,,-2.5120010474051506,-0.040384863784601065,-0.18282881004146703,,,-0.08685362723418825,,,,,,,,-0.0013113699714226376,-0.028729491445472998,,,0.0009672593736937962,,,0.08312637945172052,0.23692390934324856
2021-02-19,-0.6272231654773637,0.2380781501482482,,,,,,,-0.035406547356577014,-0.13902481954652798,1.0909105740946141,,,0.8067862484438857,,,,,,,,-0.36897350956608627,0.018813302057109703,,,0.04011845866375752,,,-0.017067596060559118,1.1219662860262036
2021-02-26,0.01818740609874052,0.10289423401919336,,,,,,,-0.28688989639130824,-0.004045443837684641,0.4369144388867862,,,-0.01950904799101387,,,,,,,,0.01151315260886636,-0.0008856320525337329,,,0.00427129914039376,,,-0.00016032921720375573,0.02182959126300383
2021-03-05,0.22105592498880183,-0.006572368518158502,,,,,,,-0.08251419293572754,2.0650112850356366,0.07146822298281316,,,0.738156611171589,,,,,,,,0.15804888332517883,-0.023250151912815886,,,0.2269523544068651,,,0.026901085145243107,1.2421513361988228
2021-03-12,-0.053119134892140304,0.3577138722875993,,,,,,,1.205813923602174,-0.02892298888853044,-0.02176732272716254,,,0.06636338291794326,,,,,,,,-0.0791762934029003,-0.1150185063257809,,,0.2655394506463776,,,0.029362919793387145,-0.015394890887960444
2021-03-19,1.3786802375224287,0.14837879807540938,,,,,,,-0.4530622563289491,-0.41061868736298324,-0.3134385810464321,,,-0.18580112623504158,,,,,,,,-0.026299268277993604,0.021350792501599457,,,0.06459826616373075,,,0.18482915245006393,0.48495673386482624
2021-03-26,0.0011229671046532035,-0.746311035920951,,,,,,,-0.023496359409252196,0.12744173667818798,-0.12409009224205127,,,-0.35094668845693294,,,,,,,,-0.04029228592608286,2.3371762604360176,,,0.04474863297502213,,,0.3266962078106988,-1.4385588963011091
2021-04-02,0.005838261232341799,-0.907899669847487,,,,,,,-0.26459882798309997,-0.10693580623974591,-0.16911183004172647,,,1.3681936715245238,,,,,,,,-0.019177025052960116,0.12360317877088539,,,0.08986646471322784,,,,0.0317473796496348
2021-04-09,0.3435971509126272,-0.026840968199428033,,,,,,,-0.5173734056352133,-0.23421302528080298,-0.17272285321776812,,,-0.22500999971987462,,,,,,,,-0.01926514961001014,-0.03280936878351016,,,-0.116000702281746,,,,1.293953936739422
2021-04-16,-0.03515552471684328,0.09545424330603428,,,,,,,-0.5266049719302177,-0.22084908700973643,-0.07926533493244194,,,-0.4582252943619126,,,,,,,,-0.04508961895211415,0.30412175682750126,,,0.0668449861172399,,,,0.43365867796273516
2021-04-23,-0.007485270613174725,0.662143851036634,,,,,,,0.04280311647353835,-0.00462633428894219,-0.001964082571506187,,,0.7499087416305795,,,,,,,,0.12750660734831754,0.07035724697598628,,,-0.4284573456529772,,,,-1.4139300943321538
2021-04-30,0.2362789480434872,-0.389019127706725,,,,,,,0.18862827549947445,-0.007915868549598056,-0.0026631223601976724,,,-0.10740620340896405,,,,,,,,-0.16537728950978337,0.187102969482069,,,0.03094424460584058,,,,0.061311096206888405
2021-05-07,0.022283552231705167,-0.18405942603608147,,,,,,,0.25195275089171604,-0.22753071505551942,0.006248160116047755,,,0.5604577526156145,,,,,,,,0.01930703262717312,-0.07076895694217114,,,-0.026654879719263044,,,,-1.191925073690619
2021-05-14,0.19604950586839157,-1.3521821612871214,,,,,,,0.0025922586832478767,-0.007612360660846319,-0.009970990979552324,,,-0.5560077306937965,,,,,,,,0.04862264126784999,-0.02372813875342029,,,0.12451047546769559,,,,0.06905613548056287
2021-05-21,0.13645857438704334,0.007850164254879133,,,,,,,0.9970025712182905,-0.06095310297537032,-0.006274576958224965,,,0.3991466215481504,,,,,,,,0.013363098074807025,0.058677256841251496,,,0.19537633790499326,,,,0.42275610720129275
2021-05-28,0.0366742438960656,0.9158352381226964,,,,,,,-0.0969507126960103,1.3090508062616217,-0.0017870501044006777,,,0.03920341142998842,,,,,,,,0.17603767284171487,-0.022245464837834742,,,-0.12107295964102364,,,,1.658194525567033
2021-06-04,-0.06166350182235656,0.4631719559874824,,,,,,,-0.02334782149492555,-0.06731995004465396,-0.02221466751310888,,,0.34335938654745995,,,,,,,,0.17965818764896688,-0.14654890911404245,,,0.030100211438064572,,,,-0.275573738602388
2021-06-11,0.7560631914389535,0.06489117525344522,,,,,,,0.31164549052583895,-0.07231713134401675,-0.01634761562002302,,,-0.48989379091702523,,,,,,,,-0.044283742564958734,-0.2518578483538978,,,-0.032469181123485916,,,,-7.443212457150634e-05
2021-06-18,-0.04436863195035076,0.02111476406878189,,,,,,,0.1849685255995577,-0.027020269353492325,-0.02305044635145519,,,-0.2794821282519588,,,,,,,,0.13900437316128272,-0.049154874973973854,,,1.0062231562242123,,,,-0.00046230292715953626
2021-06-25,-0.45633511303460617,0.030965460420808794,,,,,,,0.02326274530993705,-0.022352852950418098,-0.0021258862755434496,,,0.0771186140820714,,,,,,,,0.49299034741345854,-0.003003915664636338,,,-0.0059655611347269695,,,,-0.04951553314565903
2021-07-02,-0.1250262713524295,0.016439974083205838,,,,,,,-0.03369562995755205,-0.17945550735960136,-0.001419309844262932,,,-0.1568927533309038,,,,,,,,-0.05886681325529722,-0.11589948632525149,,,-0.006445781503553556,,,,0.021355593346162265
2021-07-09,-0.0013536753866039124,0.09750893154786007,,,,,,,-0.5276451811453046,0.45301890085541024,-0.014538371987042532,,,0.0885930431533702,,,,,,,,0.0892502811821523,0.3343046769581172,,,-0.03870028224696111,,,,0.13942305608343478
2021-07-16,1.6054709086642265,-0.047226692858125495,,,,,,,1.68204960895121,-0.21966294747688525,-0.2871826465403223,,,-0.2791288022257665,,,,,,,,-2.005838373215529,-0.014428299118962587,,,0.06194128021001597,,,,0.10529859376630538
2021-07-23,-0.04857366064642164,0.05220748952473476,,,,,,,0.1800893737149552,-1.2764948824622975,0.21006812303268288,,,0.05480729490567102,,,,,,,,0.027361731219667312,-0.0022837402406046246,,,0.005501662573881459,,,,0.03638410851283326
2021-07-30,-0.07301195257609276,-0.24672969493841646,,,,,,,-1.301884134986976,-0.18453231563998018,-0.16240303631774952,,,0.19409500683107378,,,,,,,,0.11468725154738654,-0.002339329445309097,,,-0.0034101013291022338,,,,-0.011523877406869727
2021-08-06,0.011626387176137105,0.0019147130680555653,,,,,,,-2.410619602949205,-0.012986624745773395,-0.21451644699444905,,,1.6551902664807439,,,,,,,,0.7873295529989295,-0.003378256507712197,,,-0.11699279151212238,,,,0.0029198507289206056
2021-08-13,-0.28377541033688436,0.08326285738877576,,,,,,,0.05138653676513273,-0.032557718822205456,-0.06786201635774002,,,0.5762551904902283,,,,,,,,0.9378758135960934,-0.3830324330089928,,,-0.1034436992545952,,,,0.014068420102071454
2021-08-20,0.31211308798708154,-0.20861341946288137,,,,,,,-0.037461279256732136,-0.027659839546746348,-0.03136658650886773,,,0.30712489841646007,,,,,,,,0.042748851093025966,-0.07417708459302323,,,-0.1314539372811796,,,0.04437512452979141,-0.00011087563777775568
2021-08-27,-0.203910804380336,0.6300596229905675,,,,,,,0.07558364241573638,-0.004286922053402673,0.08242271320985245,,,-2.074264704016242,,,,,,,,-0.021363432930872638,0.0019081033384900012,,,1.0557860937508032,,,-0.10863852900189412,-0.030901519758719586
2021-09-03,-0.00367193424322889,0.5057613894446503,,,,,,,0.17102951445192,-0.0004982251750848684,,,,0.11144415466652978,,,,,,,,-0.02176790989841866,0.1792681334369582,,,-0.011604105182369177,,,,-0.1181904168800318
2021-09-10,-0.10683981616258821,0.4827425253985468,,,,,,,0.4462580368290932,0.019968792295920836,,,,-0.02746254691119218,,,,,,,,0.24395464086999682,-0.24553556660425954,,,-0.31533356022897535,,,,0.1388801654361563
2021-09-17,-0.06380690763137757,-0.026719359070397068,,,,,,,0.16700674761498716,-0.048675959926125015,,,,0.07752205950550375,,,,,,,,0.2822401834173536,-0.06774924152852983,,,2.157605300387569,,,,-0.04195602130614787
2021-09-24,-0.11118829821110886,0.20660928783966123,,,,,,,0.06891909967828308,-0.0005315041505636326,,,,0.5327109105488306,,,,,,,,-0.3247442032772434,-0.04078793492279005,,,-0.10478302856996782,,,,-0.0006666805320218013
2021-09-30,-0.020574660423669386,1.5849652307673714,,,,,,,0.09518440519140413,-0.0005170833454810138,,,,-0.025581700806834248,,,,,,-0.1495795702288384,,-0.06941373040917861,-0.014085034830375388,,,-0.6108381258598248,,,,-0.0005235700751457911
2021-10-08,-0.07041192983400014,-0.27157105591620667,,,,,,,0.8693871514546656,-0.01521270220920403,,,,0.3280923242951104,,,,,,0.21213549936168952,,-0.023285030303119666,-0.009482026666106334,,,-0.12773001316340804,,,,0.05634438607067828
2021-10-15,-0.02393131766509012,-0.13021104073095435,,,,,,,0.080158737193768,0.03522045976205823,,,,0.12725854743999704,,,,,,0.025498404467748807,,-0.7480875863445012,0.012338053389025298,,,-0.07330066237038566,,,,0.6721984462080424
2021-10-22,-0.05771783540379437,0.8657148569474267,,,,,,,-0.025941381978097266,-0.08753306740765314,,,,0.37078896806677936,,,,,,0.25051223520248156,,0.0811328938355384,-0.13815274707270728,,,-0.1354348286718038,,,,-0.0201358475085135
2021-10-29,-1.4949354039060077,-0.01586311791937009,,,,,,,-1.2720529750941156,-0.0008815162766944596,,,,-0.07547974920419481,,,,,,0.010916308554027521,,-0.27581294356791647,0.599304936190693,,,-0.2574174618212077,,,,0.012242764245481375
2021-11-05,-0.30680984646950754,0.5300680426421399,,,,,,,-0.6200935747503439,0.01779334519287359,,,,0.12178127328537505,,,,,,0.10428209224517189,,0.19220954903183907,-0.3287816919256827,,,-0.2371535155080946,,,,0.017033236928783623
2021-11-12,-0.04970751443648201,-0.09407339486082568,,,,,,,-0.6550943460271154,-0.001756400381958123,,,,-0.024338843951412913,,,,,,0.10662091440112048,,-0.0826527295800092,-0.0028515339766739295,,,-0.0037278699057131308,,,,-9.967430083019103e-05
2021-11-19,0.0033735245826483004,-0.6333094352864407,,,,,,,-0.051114642600195145,-0.007600712794901823,,,,0.019774572868572093,,,,,,0.0016542437594188602,,-0.013178101646855038,-0.1161799548664777,,,-0.020447422539581917,,,,0.0761716426671456
2021-11-26,0.08240007453571262,-0.09939983236069612,,,,,,,0.3059861132618431,0.01775903915817089,,,,1.9971597052293422,,,,,,0.32144025515880326,,0.001309241945326608,-0.01817265576650385,,,-0.5770847264298579,,,,0.023437270820641357
2021-12-03,-0.0004070269912665052,-0.08389756333522724,,,,,,,0.007194681736966108,0.871102887371347,,,,-0.032669393284498534,,,,,,0.04461032777698125,,-0.22726410871214706,-0.13944326710979987,,,-0.13295804669422878,,,,-0.06554012195316
2021-12-10,1.0705811205044182,-0.49733551309103646,,,,,,,1.6125800101698284,0.04724681589299314,,,,0.5519837494653137,,,,,,0.037272624831302406,,-0.009610485157037382,0.5540044841732427,,,-0.4189901276048023,,,,-0.04498018603428311
2021-12-17,-0.17742832308120948,-0.31938671753070325,,,,,,,-0.28083058753417417,0.024563413313896238,,,,1.0726019310976782,,,,,,0.027367050416376985,,-0.11102724806765532,-0.019442492522535326,,,-0.05993343357658532,,,,-0.0007287274961446099
2021-12-24,0.432208477473203,0.6055143294465055,,,,,,,-0.03371722078335338,-0.843050912558415,,,,-1.434405820998519,,,,,,0.11357713072218538,,-0.20033068877337964,0.5327070567595541,,,-0.42851552878162963,,,,-0.03722637009925982
2021-12-31,-0.4578098060712415,0.7761023161193736,,,,,,,-0.03124428616465192,0.02669962313133409,,,,-0.16851334483068056,,,,,,0.08333714346498418,,-0.001728289509236882,0.029659320100002273,,,-0.02795968923140358,,,,-0.043668924531292334
2022-01-07,-0.03211989849689395,0.26498969048053905,,,,,,,0.0008560763127056798,-0.001965936988130969,,,,-0.149952197837892,,,,,,-0.7520154903503795,,0.04178045800442287,-1.560960817172745,,,0.006092025353183922,,,,-0.022733066768496332
2022-01-14,-0.0782919773237481,0.2520554528366743,,,,,,,0.562942175816005,-0.0009203724197875317,,,,0.7684785055756395,,,,,,0.3690020057023395,,-0.4555492412936002,0.035980131219930454,,,-0.033440051075324856,,,,0.0579268209466187
2022-01-21,-0.006707927964457516,-0.7494755205914777,,,,,,,0.5544981773220281,-0.004177617525508389,,,,-0.876707889860393,,,,,,0.6453221288317987,,0.28166332992858845,-0.2588855328819098,,,-1.9135019831024715,,,,-0.0008994763878934367
2022-01-28,-0.07228409466671391,0.04625769002339701,,,,,,,0.030551333391433948,-0.15784871964850608,,,,1.7757595980015963,,,,,-0.380920633693956,-0.7970063939072183,,0.01624115913572194,0.5402452951115913,,,-0.014730702245252286,-1.6202078342934143,,,-0.00015567946509641303
2022-02-11,-0.025365599823981486,-0.030443824503895947,,,,,,,-1.037252562565169,-0.12988181230422952,,,,-2.144534702277295,,,,,-0.16800850358845223,-1.512553262162571,,0.2933310237306914,-0.368101357367572,,,-0.009627080162123932,-0.48601835485105915,,,-0.025600081191856416
2022-02-18,0.025174018217473858,-0.06142904438976691,,0.07748149060984619,,,,,0.05375079530329467,0.00728167116069222,,,,0.8269884249110907,,,,,0.03641126992772861,0.18374954829704793,,0.7941811057314279,0.7359570496263412,,,0.4194673509913479,-0.14375926028153482,,,0.0002621338511832225
2022-02-25,-0.02480441375165927,-1.0168252140182321,,-0.006592070875478731,,,,,0.10823853729324028,0.13290726035210235,,,,-0.38326815749438,,,,,-0.39616602083824715,0.1925178762049699,,-0.1468113901900095,2.574799200189731,,,0.8882239093317923,-0.14085975546107593,,,0.0743736910108598
2022-03-04,0.0754586012000868,0.16111466088224044,,-6.270446569792663e-05,,,,,0.18406084897595604,0.02580296145551779,,,,-2.295018824097022,,,-0.003203736293116926,,0.013062729607397653,0.020394850117019855,,-0.09755504645126792,1.9953074310357697,,,-0.000832363912686594,-0.5827020294096583,,,0.02569939771766277
2022-03-11,-0.026268941487525038,0.10733524752193015,,0.21770821546085936,,,,,0.612918867273326,-0.02033868336888913,,,,-0.5541401355718963,,,0.05652491948784559,,-0.4666088233585885,0.005850079217232823,,0.22711471725841656,-0.10701910340688166,,,0.4280002253313638,-2.2267084563970014,,,0.0012702594349136222
2022-03-18,-0.23147969199664492,0.01904085409816323,,-0.02145684887857218,,,,,0.276038203206279,-0.18978166978356467,,,,0.08269441920923838,,,-0.0014629812583178041,,0.363891900106348,0.09568836700463906,,-0.038190811578769614,0.09548579296712911,-0.13541133552866996,,-0.0128189393134009,0.01425312522198888,,,0.006271068960869125
2022-03-25,1.7067108336996466,0.19972454266824852,,-0.008235928963872763,,,,,0.10317262586794435,-0.00931416993550122,,,,2.865353904680795,,,-0.1461350906456583,,0.0019926853733975253,0.22521507722475023,,-0.13147124896028028,0.04172354292811101,-0.0001487724506568592,,-0.0025995911382310035,0.24294390190891108,,,-0.03207517986004963
2022-04-01,-0.5979195200178825,0.15052406258880818,,,,,,,0.044458264234836536,0.053892259689849516,,,,0.06249286582681958,,,,,0.002078138983479188,0.010291424303983467,,-0.003456067137883369,-0.055292653731394276,,,-0.0026367058340222827,0.014159789615246518,,,0.0015226233294798042
2022-04-08,-0.025751997337141307,-1.0303538561013983,,,,,,,0.3552256167718253,0.04147724126388646,,,,0.24172634613525198,,,,,-1.599492009854612,0.001437489689818124,,0.4552699081502102,-0.17760126482772862,,,-0.07633543963729594,0.012690056180619852,,,-0.3451234654968399
2022-04-15,-0.25888136993403454,0.4231696760349215,,,,,,,0.08558693793357834,-0.0021271861101140694,,,,-1.0848623872448426,,-0.004820552568500659,,,0.02079083915140338,0.2224528047238737,,-0.08574686989544067,-0.01032526819807447,,,0.1372192532937883,0.0017764802690875738,,,0.0015857810790068003
2022-04-22,-0.17364356779108883,0.005658252255980046,,,,,,,-2.7763847687564973,-0.017754337531786724,,,,-0.482221767689639,,-0.0009894154821478846,,,0.03487230210383362,0.04443283621452006,,0.024927562483531493,-1.422534797202059,,,-0.04024000802050344,-0.37533372524737957,,,-1.265336424456743
2022-04-29,-1.0733640310553645,0.4368232118485016,,,,,,,0.9246528229268839,0.3232887596388848,,,,-0.26330978857396437,,0.004319604851640331,,,0.16191074699942784,0.0011471126602804465,,0.4325452453521778,-0.046971359677393756,,,-0.006311304327171475,0.053797144593156064,,,0.2037518917608193
2022-05-06,0.010135587333207107,-0.006276527199810908,,,,,,,0.5853340070594125,-0.0011938644556643886,,,,-0.35657025300934286,,0.0036875327550783404,,,0.06455935633024451,0.09171238488015356,,0.05801782521746191,-0.12501649907359083,,,-0.006200006577032197,0.033260734989078736,,,0.4944721223004782
2022-05-13,-0.02652082497537211,0.7815386051794782,,,,,,,-0.35278548940361887,-0.0020155624990399793,,,3.3489028394010196e-17,0.7762239921757648,,-0.012321008756225499,,,0.1078110149803406,0.014237428267402267,,-0.10620837838484054,-0.11766649737176715,,,-0.004628989322792594,0.00038088197934252967,,,3.289703748326457
2022-05-20,0.325056080886763,-0.0007248652405849468,,,-0.8042147398433419,,,,0.4735797789509879,0.048524897632060256,,,-3.5059383340070905e-17,-0.606543854292471,,-2.0382022715002274e-17,,,0.031759233296297665,-0.031629349654389204,,-0.007497067196270409,0.12669817775674655,,,-0.047680083127307024,-0.21115569542154478,,,0.15957742390123686
2022-05-27,-0.16031600341906477,0.08380993060062664,,,-0.006098128803652269,,,,0.9058777142586815,-0.05536463158414043,,,0.001399402138243126,4.683103531407099,,1.7902292277314482e-17,,,-0.06319066960022551,0.10757891180289679,,0.0021638750122902894,0.9693575342349865,,,-0.004071415407092365,0.00033868392123585246,,,2.03543695741244
2022-06-02,0.6761322967620133,0.020898330286621032,,,0.0028941801321446274,,,,0.29720116521453027,0.018220102552543645,,,0.002138090573540406,-0.11719330975748662,,-2.2938559778653374e-17,,,-0.09198937963678845,0.09323327847273055,,-0.05104087174402568,-1.4154181110718298,,,-0.020785340639049146,-0.019314264668171592,,,0.034852512686519885
2022-06-10,-0.14884212328725582,-0.12197675268843322,,,-0.06214597353688858,,,,0.49935719502416365,0.06651381928088959,,,-0.012076405263616821,-1.2775211857018796,,-0.017717892156023693,,,0.22802240367050414,0.0010807004475611565,,0.09304396656044123,-0.07541113598585492,,,-0.21617913600899255,0.005770136356247369,,,0.245574671074138
2022-06-17,0.07800296858852107,-0.12165894332847779,,,0.009889612043359704,,,,0.0032481516675464325,0.03399721544398435,,,0.01523587972311239,2.7458177336160685,,-0.02223272851651111,,,0.14116244220673532,0.4664487624295549,,0.024683901604686434,-0.02203270312446367,,,-0.24308109717874152,0.03616705880678907,,,-1.7417920839532055
2022-06-24,-0.5114501060802159,1.1458948676006593,,,0.0331559230504831,,,,0.9215031787354326,0.9823162288215671,,,0.028505442334356344,-0.32687200687364004,,-0.20560136398499493,,,0.03142519143914324,0.016353114305795634,,-0.28825390274382984,-0.247933846566419,,,-0.15048592691302304,0.04944581553992536,,,-0.3392398285044384
2022-07-01,-0.09561678894976836,-0.257420849987398,,,0.0016387797965742266,,,,-0.32146551245036026,0.019559388866519232,,,-0.034175584857750366,0.6541558071822914,,-0.011457587492316337,,,0.00132265765627274,0.0022402591375508866,,-0.010149001764934423,-0.1540537880738702,,,-0.1042892749578228,0.0028397410333191966,,,0.176640436593423
2022-07-08,-0.262031898990146,-0.01452154690873828,,,0.5336649526405945,,,,0.6580398151798775,-0.054786266735467715,,,-0.004865898878185049,0.7579151915019204,,-0.050860896989090194,,,-0.0007254217968306765,-0.13804851162427265,,-0.24241120370076083,0.2649097172555139,,,-0.003380627204064886,-0.17164608260665165,,,-0.00017565327314778828
2022-07-15,0.3805974825972671,-0.19968924008009192,,,0.00112838038330545,,,,-0.01018495609668186,0.1539838155727341,,,-0.003166412641564627,0.2582907580076451,,-0.21815670491390574,,,0.002139503504058701,0.3613748494292756,,0.3018328085776424,-0.11808291779587725,,,0.006949173274876094,0.3641533390334385,,,-0.03867847161011352
2022-07-22,-0.16020430741548042,-0.29669384487376216,,,0.07474811777386857,,,,-0.22334789481928408,0.07318517182620148,,,-0.0006873518232973358,0.29384751220505234,,0.10950778208455117,,,0.0007810421950738139,0.036258433856268396,,0.023546916698695255,-0.5441408940431942,,,-0.4609208568859946,-0.13139615514902717,,,0.17630813496687694
2022-07-29,-0.06329067931686187,-0.24384889218979952,,,0.11612297982695977,,,,1.396115747032956,0.017684167832385807,,,0.006313226822547396,-0.1530253438614491,,0.25398812280083033,,,0.0014292458943635591,-0.004750184195925113,,0.23556814675576793,-2.594821095644269,,,1.6578776021877457,0.0004691554631726819,,,-0.24688713226854944
2022-08-05,-0.30134589917193677,-1.695078193301677,,,0.012719650466243092,,,,0.02668880866512554,0.028527537177699062,,,-0.014069366677873686,1.6375596041100937,,-0.009885971184674474,,,0.005010049722666136,-0.0006311000016894704,,0.08665397346351604,-0.050548304348929526,,,-0.3967825395726391,-0.006832239098623431,,,-0.0010219410395960625
2022-08-12,-0.08384410710190542,-0.21413429678118348,,,-0.0011440530609780105,,,,0.05218119131898018,-1.0182982966065703,,,5.301641712451971e-05,0.26516194975491797,,0.0382809673309662,,,0.03803859387975592,-0.09799110829556391,,0.2594465305628033,-0.7977666909456459,,,-0.38935594744691776,0.21394947058727729,,,-0.039513318197882334
2022-08-19,-0.35020577945778497,0.041194938242030625,,,0.010648722374888168,,,,-0.08195951660010026,-0.07003054277457671,,,0.0007000837196497573,0.5212040063221121,,-0.0028638930627329644,,,0.015716737322330206,-0.04407259102344099,,0.07825416797481746,-0.46552645896537803,,,-0.08344614988667198,-0.24890006584300012,,,0.20978493309620694
2022-08-26,-0.11953218206418352,-0.07108867714904396,,,0.0011113653280535438,,,,-0.5635076344198684,0.10708519135395,0.4047244222154561,,3.492356632911887e-05,0.910468335752055,,-0.012127600862965616,0.007902007168995376,-0.06002137135372821,0.0027211651959213466,-0.0004588983163801178,,-0.0636637911104456,-2.1296374811346066,,,-0.02542286660242906,0.2449345379647853,,,-0.00041090821692934057
2022-09-02,-0.5233894762265779,-0.13989658142647848,,,0.02380159342752036,,,,0.26082290761452315,0.3408306393239825,,,,0.4488546715290284,,,,0.23232638071462264,0.188630027060309,-0.10807796102740765,,-0.07242079573635304,-0.1826853509429751,,,-0.0029743003488210684,-0.16283887677164754,,,-0.0004900944411054149
2022-09-09,-0.400822345889859,-0.0055416236148274605,,,0.0005844272479527245,,,,0.8810826604728736,0.1354919148034058,,,,-3.014776147190057,,,,-0.19923226516381934,0.030322376925806024,-0.013612454834561805,,0.11402785055207441,-2.6315951250449015,,,-0.016647302052252073,0.032316755455071136,,,-0.03564843949409561
2022-09-16,-0.02629025276519001,-0.03995041315953406,,,-0.0653463683375476,,,,-0.042722125786710245,0.07811380919496316,,,,0.18681750685367648,,,,-0.7266714933919765,0.19190980617550848,-0.005842226519346606,,-0.6100960157114254,-0.10135350015395261,,,-0.23295936471213202,0.002452248272464306,,,-0.06482178984468098
2022-09-23,2.365732492333843,-0.5566741556436463,,,-0.015133337696111804,,,,-0.20303208922234267,-0.09248568485693591,,,,0.21570991461405226,,,,0.12632617080967515,0.11821945446580193,0.3925467397211494,,-0.05986635899742961,0.10601676211887677,,,-0.010753891922602078,0.01263788379506224,,,0.07255300085662707
2022-09-30,-0.14627547906822308,0.6731761543311336,,,0.6747242056969839,,,,0.07251209535316347,-0.08852462158604166,,,,1.8024504935658243,,,,0.040174678090350024,-0.16522760890874622,-0.0006541320916779016,,0.03594500410010708,-0.6916990072513374,,,-0.053951941211750974,0.0039744389136033365,,,0.35893636010022156
2022-10-14,-0.09040141879843003,0.09518846332330802,,,0.005428376587018749,,,,-1.8933956626011954,-0.019535907879555434,,,,0.24069820187655278,,,,-0.08035999718545099,-0.08988748672752384,-0.04792044524715994,,-0.16646628734898605,-2.1251890130893956,,,-0.08024173765774151,-0.016895070880790113,,,-0.018988073046848485
2022-10-21,0.05180974109023217,-0.25730520976448684,,,-0.27641121503114313,,,,0.03417432663200405,0.10095136767910166,,,,-0.3569612444368735,,,,0.036445219321609726,0.08410543083232644,-0.08892975192131522,,0.07888955711261607,-0.3057692829938649,,,-0.029522518831370637,0.0003959102120491439,,,-8.234236827509781e-05
2022-10-28,-0.5462597832078225,-0.26083813478159623,,,0.00164842904539453,,,,-0.4103393568217817,-0.5242129818077824,,,,0.41928194487052656,,,,0.1013660205904835,0.08421374562834899,0.14159007106276522,,0.11102008958013111,-0.06977185873866959,,,-0.09990171591364734,0.11634837736264783,,,-0.04847057603851597
2022-11-04,0.06114514252550261,-0.0368246184733212,,,0.0008479439621331616,,0.07602704570153489,,-0.09533321827712957,-0.012479476243007069,,,,-2.0663844332718027,,,,0.16103950649650944,-0.09955702403994669,-0.039421371146173334,,-0.27983882021159495,-0.43949183847270873,,,0.10196007377764726,-0.006826090153081945,,,-0.030941033016068997
2022-11-11,-0.2949451980355894,-0.398576459902131,,,-0.9384743852537768,,-0.026430296851662607,,0.3046951451607582,0.07849220396896302,,,,0.04634113382876624,,,,0.007868718915698856,-0.009088780919418074,-0.03142766480716298,,-0.21852288944533937,11.309290605084923,,,0.14209753265808833,-0.001959674992426158,,,-0.14540625596770154
2022-11-18,-0.8651264891278098,-0.15151021035811144,,,0.15671042902415935,,-0.00033671019837785634,,0.008143169758934043,-0.03036217718796312,,,,-0.018131997280005654,,,,0.09127012812925524,0.05486670408603082,-0.08094743819184441,,0.2069518977402381,0.017552421040337135,,,-0.5680255486944034,-0.012974795249207149,,,0.0001352306016482038
2022-11-25,2.844506792746912,-0.18447876793359122,,,0.06303708603003544,,-0.010761505223061438,,0.27596433119297337,-0.030631669339849895,,,,1.1105908729653533,,,,0.40500481304573743,-0.031301562254819504,-0.7287174361724494,,-0.021337606925081933,-1.5722669376000382,,,-0.00920346826064346,-0.038462970035248276,,,0.04653843894110917
2022-12-02,0.11074879417077854,-0.04931994561395091,,,0.025475079687669752,,-0.028084304924925606,,0.3601768669376919,-0.5724920171500497,,,,0.2917676429326311,,,,0.4050265268435504,-0.0054956097688947814,-0.027029765223186446,,-0.062205154714115155,-2.2094705699322255,,,-0.31533642452215604,0.011282754587540174,,,-0.1425647298233975
2022-12-09,-0.8105194808545294,-0.44661183917043884,,,0.09213703697307178,,-0.09606125892022063,,0.7060481901080833,-0.23725197881228047,,,,-0.8243857399377778,,,,0.9050331082726291,-0.0049179501901699925,0.06844106255742374,,-0.11176100665574161,-1.880661781472541,,,-1.2346769702988352,-0.23342133625237496,,,-0.2102660627454646
2022-12-16,0.09236699453593397,0.01686265280277288,,,0.03434907918664014,,-0.0030518128449933085,,-0.04433360414515862,0.018474883634899616,,,,0.07574974300671634,,,,-0.37717175005926434,0.8796908863158418,-0.07194042326411021,,0.0010368842540127519,-0.6950449532859864,,,0.09951876394382114,-0.002131826322607149,,,0.010432779846355633
2022-12-23,0.17811952216154953,-0.06608521834616793,,,0.005294541719748434,,-0.0003862005886489173,,0.0968381469168659,1.2541245064117288,,,,-1.136248623233243,,,,0.5018807585097654,0.00964304376594962,-0.05066220249557298,,-0.15384564642319004,-1.1159051225789136,,,-0.22652103365763032,-0.1934110772951943,,,2.2484854196420757e-05
2022-12-31,-1.2021458675151242,0.0197624966379479,,,-0.079053726017408,,-0.04040733298669699,,0.17700275393435919,-0.03140162246244861,,,,-0.536327069479302,,,,-0.005348982353547541,0.02846300641055883,-0.017540128637104916,,0.03828732962055905,-3.7243031446787476,,,-0.9160716854091544,-0.15319658471595568,,,0.4089265425973743
2023-01-06,-0.024842362394676257,-0.00028891612773449676,,,1.1447987954166543,,-0.02376045177724416,,0.3640022287105438,-0.05928355464938992,,,,0.29658199906830535,,,,0.11136228903539805,0.007252371444166225,-0.003988074236560985,,-0.011736803436111012,0.06279428964441089,,,-0.044103597919677856,-0.020538771280758004,,,-0.00024484947336732646
2023-01-13,0.39000121154792605,-0.27670639458015217,,,0.0015983229562246913,,-0.010922892160102511,,0.08604505082504728,-1.6141951140463613,,,,0.1923709580291865,,,,0.1547556776841155,0.011169566683882363,-0.02010153450336996,,0.14245293418613206,-0.20173307760633918,,,-0.012267039754388708,-0.00018784831019370184,,,0.015021230493369538
2023-01-20,-0.1728018655363449,-0.11008144163253887,,,-0.006168580307923255,,0.012977133410453964,,-1.0684506919103878,0.03843086633338165,,,,0.08920800213870705,,,,0.2499680757894432,0.0333351184535368,0.2516501897760033,,-0.016050914198010698,-2.853598090270691,,,-0.3150586367482749,-0.01655712272705613,,,0.02268581376168372
2023-02-03,-0.13669709916594686,-0.9556169076107724,,,0.0009068716079980556,,-0.015264140794765822,,-0.035600302260961114,-0.3961730143576913,,,,0.35522590661849013,,,,0.15234641167273894,0.6397040256599236,-0.003760780332528731,,-0.11729528944488685,-0.08563362374857361,,,-1.1328347751296706,0.022333619912008867,,,-0.04919792683685775
2023-02-10,0.2655904418981435,0.006741993517335026,,-0.2940202991387444,-0.0909468341803855,0.9994439537474027,-0.0026072748596897895,,-0.1651212849350568,0.03724569273267076,,,,0.8217969640282606,-0.17067930952269256,-1.672374372952538e-17,,0.02486870348313959,0.044498847232348225,-0.009858953693727142,,-0.8780426665715871,0.01235701689205275,,,-0.13523311261029114,-0.07710018898880142,-0.022801076793291183,0.11236297148481433,0.4438727429869686
2023-02-17,0.44646166085495287,0.003637944372438238,,-0.00441501671002584,0.015790948245001456,3.6835312846202974,-0.07597132115444626,,0.05364961623347616,-0.8752468220551913,,,,-0.08291837936105026,-0.24963537275878905,1.0707591677331457e-17,,0.9410140092989241,0.02236599437938481,-0.01177529657489299,,-0.19325946623137183,-0.09310496992457312,,,-0.15389947964795642,-0.015538955016882464,0.1875069964613069,-0.06499635597827721,-0.05977614600116424
2023-02-24,-0.29349683776310653,0.4285365144844923,,-0.06836517473654857,0.5005346741100963,0.4954400642826228,-0.06834501061381981,,-0.3500926118520619,0.08455995745515801,,,,0.9740088625617916,-1.1650876826480125,0.03838658014748854,,0.3647015711542536,0.08613629888404907,-0.03342831990924865,,0.012470912015816156,-0.4832765970373364,,,-0.029495630469011918,0.06708307739865922,-0.004467962908474242,-0.22921306799816832,-0.05348592031872104
2023-03-03,-0.16761857602434502,0.21706076851081887,,0.0848625512684035,0.036713648247142516,1.8682060871686694e-05,-0.01887428588157333,,0.6422245400200045,-0.5740044904041512,,,,-0.020020443547705685,-0.6632405972329669,-0.012760107107117356,,-1.2077661686894192,-0.1702256781533953,-0.004397611885285859,,0.08280267795247392,-1.270480454946017,,,3.4289686399372497,0.2910785419689193,-0.011477514194760351,-0.06311391215135435,-0.0011552159524859057
2023-03-10,-0.0696028781590617,-0.47365693610442694,,0.29601501431329713,-0.00606834459294889,2.8420715610723174e-05,0.030182938973013752,,-0.13378415905450866,-0.11066892868819883,,,,0.03635062285325444,-0.15453913675698772,-0.009334563380219773,,0.03919098532103926,-0.08233216271524828,-0.2276192791423295,,0.48226504730045777,-0.48588754504014636,,,-0.06880796981502262,0.2330503412835842,-0.029815173152461377,-0.055199881390251046,-0.0471063838964579
2023-03-17,-0.019275719094839248,0.014970449592541128,,0.05791170367207638,0.022913156651666114,0.00036929408604117163,-0.004657188861518549,,0.40219517917533515,-1.5835087080560222,,,,0.5909790301871088,-0.2833070742097259,-0.12806317528501882,,0.0868874884332657,-1.1548581937409161,1.3099398930393629,,-0.11927531631494867,-4.1410859449940505,,,-0.05185200410703533,-0.2932482539765464,-0.01166724434324722,0.005819875202304608,0.4651530971850371
2023-03-24,-0.3670036255152669,-0.07447191204321328,,-0.03918367620449005,0.08249766849968715,0.0014281877840897988,-0.6987490239315658,,1.9164457314476646,-0.08894723929042488,,,,-0.0412582538349356,0.009362367183203721,-0.001039699531591096,,0.0345454861215056,-0.37152227720397013,-0.00043880120684398167,,0.00034398813455469187,1.6453192607605849,,,0.07334556650294952,-0.14737402218997916,-0.0005249586735939527,-0.00014136228376099893,-0.07251967601106268
2023-03-31,-0.6606016858116976,-0.0013505685314537524,,,-0.05383104185891348,,-0.01846761712052483,,0.1954746337103725,-0.0011705129795287704,,,,0.5863448210908352,,-1.5529371513004838e-17,,0.32336347445394065,0.5158106178792817,0.4471473391414837,,0.0824899908508158,0.8562187392784985,,,2.009387912924325,0.07837213876447777,,,-0.015561053185182349
2023-04-07,0.03807435573444724,-0.0042029274706210165,,,-0.36936763599924477,,2.131527654845187,,0.78368504196272,-0.2448366776578165,,,,-0.8673998195388084,,3.184679160077995e-17,,0.5053091277187974,-0.03859267997838746,-0.005272958364621855,,-0.868778789955625,-0.17149137759833524,,,-0.04736417911971151,-0.006400537411226229,,,-0.043122762236596626
2023-04-14,0.34262349919113777,-0.049440550741564074,,,0.05541562789465052,,0.014776768441294188,,-0.8708248707726025,0.03383692874104839,,,,0.6450248509639803,,3.9524315801864635e-17,,0.0027420795441733606,-0.5503183476291678,-0.7410731125075838,,0.032661646692889096,-0.022953929330571457,,,0.6051865634307038,-0.10631881933217205,,,-0.1690824277072129
2023-04-21,-0.027409009819918673,0.16990851807230523,,,0.027680521985188906,,0.03799783118810553,,0.34973223581473684,-0.0588152716713208,,,,-0.12539225470422596,,-2.474689216076129e-17,,-1.0160495490824384,-0.03147604092796649,-0.1290654169827133,,0.972667310546396,0.13217334225558333,,,-0.21890711848768737,-0.016103109836921342,,,-0.04691392746905408
2023-04-28,-0.24827158037903924,-0.04435539341816901,,,-0.016273111741338466,,0.003519068538934136,,1.269394740018507,0.49235540373380204,,,,0.04680102306521218,,1.4232675199039126e-17,,0.06866639051493945,-0.24228115306277015,-0.000602434630108682,,-0.02207616820311776,0.559582084179729,,,-0.16309808006437507,0.383178373645127,,,0.09623329377729137
2023-05-05,0.2571849731894168,-0.28881680346648614,,,-0.022084088559278903,,-0.040172539279167245,,-0.942757621753867,-0.7830124976274526,,,,0.18753812999402447,,0.0007966696941632418,,0.30158049161510037,-0.010629414937763168,-0.017317933237217493,,0.13036957622459325,0.03960099089962024,,,-0.004284725193761347,0.10630362426974449,,,-0.0007760969089077662
2023-05-12,0.44313543372523895,-0.08357561833644624,,,-3.849650984969977e-05,,-0.009100917331159128,,-0.8954355643637333,-0.058632115718723225,,,,1.2780121113712173,,0.0009896952250350404,,0.004364238141171194,-0.08773287934603638,0.0019483273992976539,,-0.699967166581442,1.181523598126357,,,1.4459195878935482,-0.056462472403027764,,,-0.09206439251499822
2023-05-19,-0.009617263595994185,-0.009375962977892203,,,-0.00047135729852001165,,-0.023994680192775206,,-0.19155415647080726,0.011875329096257364,,,,0.4779032544357808,,0.006811211259176508,,0.23280829464511077,-0.01612191941840292,-0.19831395948154895,,1.1206171586743081,-0.06400376068047632,,,-0.09919486672725006,-0.13423064407377144,,,0.011779788361248327
2023-05-26,0.01677732436628998,-0.01780528924269959,,,0.601974279082269,,0.06466801196650096,,2.682119220144279,1.6174762015691586,,,,-0.04587025018042226,,-0.004954824598935356,,-0.68189910443707,0.13582234513392988,0.03479127198047489,,0.4088291815385787,0.7927322261991968,,,-0.004377735228357334,-0.01084148994329757,,,-0.2846560324430913
2023-06-02,0.6304433172725497,-0.128227637693636,,,-0.004370339049972642,,0.0008942531663911258,,-0.25264152291081454,-0.06767208623878412,,,,-0.5078700991320906,,0.013908724002569013,,0.2257029255046693,-0.09078430150329977,0.2724405143620785,,-0.0888234596648292,0.3108949871753032,,,-0.1587458192463958,0.1396694742390843,,,0.1031875222372525
2023-06-09,0.37050626914908663,0.5200911016946868,,,-0.0011157243665621062,,0.0009537160450917606,,-0.18076495629100664,-0.3077425437303905,,,,0.9575101761886708,,-0.020423251943901592,,-0.8300087785564796,0.05320231893322216,0.14833081371539586,,0.11882707338094624,-0.17481122425448897,,,-0.5310170733795235,0.011317919819708379,,,-0.0016681009114032667
2023-06-16,0.11825898187586958,-0.2592380780715405,,,-0.012399107519709384,,0.028261665347812215,,0.1612092681339121,0.3703276170651207,,,,0.08638961062441851,,-0.04177278811555689,,-0.3320137072332726,-0.35652254759674845,0.1327481894119797,,-0.16231573983210038,-0.3250118626670273,,,0.1519333059498459,0.011194916363157064,,,-0.00012941592962177967
2023-06-21,-1.2087261569797232,0.02242318610359148,,,-0.013755063050359529,,0.010703249108459757,,-0.9075665872072299,0.5812629262898924,,,,-1.0046307516311361,,0.03551843836098634,,-0.05556338737892836,0.005697677477427765,0.02921333694595827,,-0.0069921905125571344,0.02545001708659894,,,-0.006470427397925897,2.0922906516565063,,,0.05210991752752222
2023-06-30,0.03558035448801368,-0.14471014255940845,,,-0.655236722673457,,0.11345010260588208,,-1.0960709583484396,-0.10091918383571657,,,,-1.031975605814642,,-0.00296193453758658,,0.024656421323848637,0.03383269269890481,0.020957807033071554,,-0.2529404737539749,-0.1730385679987519,,,-0.010465845059345665,0.15216714407052684,,,-0.01061305652026628
2023-07-07,0.1198786462733016,-0.013492303716467181,,,-0.09641245165322035,,-0.017503645450292024,,0.8776146241914593,0.04788905428361352,,,,-0.06624692436577764,,-0.0023751790562928977,,-0.01423284694174377,0.46427008865365826,0.007129137910155341,,-0.08715404390227144,-0.05806296346681472,,,-0.03465762670402372,0.09307613890524549,,,0.023368455959582642
2023-07-14,0.2098140885372519,0.1707196213613733,,,-0.00014847026976349547,,0.1289397754320748,,-0.7391460457156939,-0.11293768063320186,,,,-0.062294968690227014,,-0.14501344165136296,,0.013729589491190611,-0.07299044483944393,0.0018722383469971264,,-0.066505895980269,-0.008433793641256446,,,-0.03450667781436409,0.024057155916871846,,,-0.028170910271775523
2023-07-21,0.6143472552929952,-0.03257249294268758,,,-0.18536377909811005,,0.006473978901185229,,-0.023401184605554945,-0.07291985399687298,,,,0.23538887415532506,,0.012306604173037694,,0.054876313927733025,0.003836731518938024,-1.3719978887639022,,-0.07541292867261984,-0.12092450966619933,,,-0.03161196364487829,-0.006797075984227546,,,0.008380397465513032
2023-07-28,-0.1612874033600421,0.009933354794779308,,,-4.561349021804931e-05,,0.0006497559619529092,,0.13732795509560888,-0.03041179793517157,,,,0.08823599134291038,,0.0017803459155160807,,0.1457657651349219,0.2741149857807388,0.0013651877981919992,,-0.043340301298405,0.3726670473359698,,,0.009467799082288446,-0.6237542510431054,,,0.02097344960663329
2023-08-04,-0.00571633271868599,-1.0295263908874575,,,-4.51062292846626e-05,,0.20290474296196714,,0.03009589057785212,-0.09894384096666671,,,,-0.16369051710882895,,0.025128254486129018,,-0.007118011320888049,0.063234331675004,0.15028522509815995,,-0.2839346582189785,-0.34181763004378657,,,-0.04947624355706044,0.20533637723298587,,,0.25858570762301547
2023-08-11,0.01988500884005778,-0.13819272855489168,,,-0.111246809964456,,-0.00910748151212568,,-0.03716814817554212,-0.3635034623992488,,,,4.288871870096475,,0.08692243896187728,,0.011549641540348366,0.07087437101211003,0.04147019471972592,,0.5984834150259396,-0.3363942512021002,,,-0.0019154131137930214,0.06657653539040655,,,-0.022019473024187754
2023-08-18,-0.011787132487602384,0.047553814064041224,,,-0.015263608345913431,,0.026519122525025925,,0.2976015986254529,0.011511310362515311,,,,-0.0011827345742619136,,0.001385917370997608,,0.007784445806739463,0.22072663613070548,0.0653256760975175,,0.31914574568230847,0.042611507723504034,,,-0.0956947612074369,0.031096205290598117,,,-0.31819008369154334
2023-08-25,0.05807207878070067,-0.7596821152048094,0.019286748997155677,-0.02611755872663674,-0.028930143699101577,,0.026880323073097623,,0.7166939091876843,-0.6369557948067714,,,-0.25286062109764795,-0.0611830525243806,,0.020868879349914195,,0.20979404450283556,0.11899856607119412,0.01958719020715688,,-0.052533744328953184,0.20426263845850126,-0.0003902489969919579,,-0.04007135637830441,-0.03600741645298408,,-0.00029950991083380665,0.037432555522137353
2023-09-01,0.16300444792878616,0.22641667656998007,,-0.1387618505672713,,,-0.040684049115630214,,-0.23749301439673878,-0.3953535750253808,,,0.01368077351193264,0.08771688966137983,,0.004847116327894666,,-0.05199821882032231,,0.2568876760949408,,0.40703122032703204,0.34230954619690207,0.00018063132080508787,,0.10837237278241461,-0.6445403999458734,,,-0.0015383121240016755
2023-09-08,0.005300560902102042,-0.14007041130692424,,0.05153467872573339,,,0.007769198364866039,,-0.1347906507469272,0.0031069878026390245,,,-0.5389314167808307,0.046660228376056115,,0.0007073983121987101,,-0.15462986555564134,,0.4484545480714965,,-0.266043082186331,-0.2764508044883488,0.007982073269175959,,-0.44990184271733696,0.029118158548612008,,,0.005098767730777395
2023-09-15,0.34086020259572447,0.01794829269711395,,0.6577858599859153,,,0.0008221011901453943,,-0.17468712181441393,-0.4571685460378817,,,0.03290328572600343,0.16372665122102023,,0.04809362997631178,,0.03260441460125219,,0.7897883556709653,,-0.06659881858458261,-0.0763085268014371,0.0003861102150339813,,0.2608678845526323,0.055264484870178654,,,-0.002200968363105883
2023-09-22,0.12199127530663213,0.10387085394349782,,-0.0005253132634026237,,,0.025599961673520407,,0.026094581608711087,-0.5217961381516942,,,0.003774091668012112,-0.0022833583985694093,,-0.18084030096087753,,-0.14319924050247615,,0.13335311786291154,,-0.0905027729583533,0.262776111363802,0.0006100536027086957,,0.16299961412470754,0.01910180448477507,,,-0.041534468485617045
2023-09-30,0.08456684858394652,0.03185088673088941,,-0.00400621198044265,,,0.02712880662302563,,0.09929246405485115,0.22534999913060494,,,0.16854207902168783,0.2040125653948851,,0.0005500157093845159,,0.7027627303562034,,0.11445950081817263,,-0.3106615628762596,0.9999195445349643,0.003849082902521913,,0.05074388302808616,-0.05247885163014469,,,-0.15485530219360238
2023-10-13,0.019262992361129418,0.21471219926370003,,-0.10398475634399619,,,0.0791350587430746,,-0.004484187829642617,0.02853125930335981,,,7.24729006820006e-17,-0.5474120074725963,,-0.16876504040635426,,-0.18627148633256013,,0.0638350141198204,,-0.33543544158219685,-1.5425618310029914,0.029415886592827633,,0.0014686113076438517,-0.029921989835523223,,,0.21636222144698602
2023-10-20,0.030145235022151648,-0.2153424578623833,,-0.005705933866015298,,,-0.007483544651773035,,0.40188464536502083,-0.07753820659187066,,,3.996023866616282e-17,0.048599852425259604,,0.047880811451057395,,-0.08690089918931346,,0.001815370117985092,,-0.2680228853268486,-0.07278981210636659,-0.007919745627144759,,0.021061041985061577,-0.23210441538064014,,,-0.14526356355964526
2023-10-27,0.0182637741747747,-0.05287323430052789,,0.11000867811203247,,,0.12913872529194864,,-0.009471857899479075,0.019846528236153335,,,-3.005901236699373e-17,-0.052912605179731995,,0.021231368089998117,,-0.012347074227090738,,0.002317507480356047,,-0.0041074483891919335,0.45002496763537075,0.0010582942266570098,,-1.0556644828979567,-0.08469019094265791,,,0.002541891810506656
2023-11-03,0.31274923722256864,-0.5683416753505196,,0.0012419907966700495,,,0.0008744831976723855,,-0.2691454288357425,0.03775786877176121,,,2.603575645590689e-18,0.017757928229305348,,0.013602292456575174,,0.042070064760319256,,0.010880244373249796,,-0.17067291580306054,0.037663034297417436,-0.012093513849393217,,0.06260408823384109,-0.035168828166074424,,,-0.07446171926218136
2023-11-10,0.0175004802968865,0.003376244737445279,,-0.030916872114100317,,,-1.1762705237266469,,0.7011229752870645,0.19500422149933758,,,-2.4013758382971613e-17,0.3960961342253285,,0.0007545285146066837,,-0.007548601674635245,,0.05306659735922421,,-0.02095875515561603,0.9152391515381768,0.016497379371831742,,0.004487466129158202,-0.8380737692405106,,,0.0425469837288082
2023-11-17,0.011624309285039219,-0.09603067913814081,,-0.0338643341330693,,,0.3467732280950086,,0.5899899998931882,0.529941201579391,,,-0.050451902248233434,0.059322099979329794,,-0.012325453702739408,,-0.0068976757498517005,,0.0013107738089781383,,-0.19491757526807024,-3.18998766986144,-0.005861225711389036,,0.004437982523087449,0.0700496203314883,,,0.00021020817033942998
2023-11-24,-0.010807887620474261,0.7445830458311073,,-0.0444481031212606,,,0.20459457929096728,,-0.09280483698200807,-0.0806336171271409,,,0.0010345382504138416,0.8175056620393377,,0.0009689122920555997,,-0.005187675854349585,,0.16119486045489334,,-0.9059789996827109,0.6759249224265416,8.06438507367716e-05,,-0.310894453123151,0.18056200527841337,,,-0.008195053035310922
2023-12-01,0.5874939249963878,-0.032814027134104494,,-0.000644966180118139,,,0.4006075387954232,,-0.23687312018480514,-0.10439211097048735,,,0.0016281819064704244,0.0365781469497883,,0.000415934485009207,,0.155901828560562,,0.6310685007593386,,-0.3223242333795222,0.29256590288333206,-0.004105570908061008,,0.10524624623041749,-0.1684391865435638,,,0.06360932687265554
2023-12-08,0.15187328190050003,-0.16274695253650373,,-0.026313404496958213,,,-1.9424303915550218,,-0.12618434379154334,-0.20520512910783828,,,0.011271519273939176,-0.1665629282726529,,0.00568652188592234,,-0.039084522318314725,,0.11430881886562846,,0.2971555949607618,0.31170251815466204,0.0005685080411057676,,0.1792113648425875,1.6675857165746653,,,0.3309299324510834
2023-12-15,0.06859337375069345,-0.20227004169160892,,-0.02641635333514684,,,-0.00809235645937097,,-0.25708334990758747,0.6571576355521365,,,0.014376385609786227,0.0050622940954626475,,0.006830042332842399,,0.10673970793455276,,0.29779166968484505,,0.06865471975067935,-0.35091892760867727,0.0011916239029413228,,0.16750736065502314,0.02221840198894956,,,-0.14835686781339275
2023-12-22,0.00842954028104036,-0.2768196886496741,,-0.000882796616258075,,,-0.01017386241274287,,0.1469609286393241,-0.02645273762768796,,,0.0006185290764117099,-0.14106909514590477,,-0.0017873090203240488,,0.18622367470452597,,-0.0773774715624103,,-0.07135945477368107,-0.897577909501411,-0.001290140424723949,,0.03304205276700245,0.13847615160103252,,,-0.22257772915407165
2023-12-31,0.3163777683876583,-0.036864786088611545,,-0.14396382827163406,,,0.001637377738239798,,-0.0019404885447322322,0.10610380202885167,,,-0.06533290804006396,-0.05223366313838373,,0.004596341046968634,,0.14911398905595236,,-0.0620493167997407,,-0.028915673815741977,0.036998425990319134,5.9261097884264666e-05,,0.04864715509882931,0.29715578544660026,,,0.009151549295714519
2024-01-05,-0.12029617335345445,-0.3999102147819131,,-0.0008644500771289277,,,-0.12892023554159,,-0.16696559418185047,-0.08425754762438983,,,0.004275900090059115,0.22481749628599323,,-0.003818464331018421,,0.011295314291630748,,0.25150856864505966,,0.3993712961960916,-1.2794790016411428,0.004683261199700858,,0.0459856232803385,-0.2197748094273177,,,-0.029941972421770786
2024-01-12,1.0936265993479404,-0.258563041077694,,0.005225398232909622,,,-0.759119432677293,,0.2543946950426953,-0.08446597980757098,,,0.00038551916429556616,-0.2483841668220052,,-0.10336170378814168,,-0.5313945857065777,,0.017365193897683217,0.06080764041268525,-0.2088670872291576,-0.6738644673503922,9.203754414831451e-05,,0.006673231858539694,-0.027325029422042124,,,-0.06609669640447823
2024-01-19,0.754670744956168,-0.0034832582712230574,,0.005578559998938415,,,-0.01998918646706497,,2.893755631499452,-0.08486618555227393,,,0.02068682725734267,0.04108197778962934,,-0.3615559841458449,,0.021825747578532166,,0.05227275706434272,0.003239990536448438,0.12982180505725022,-0.10757134984621067,0.14627718744346385,,-0.3078915158992939,0.7122630679638349,,,-0.034771927863953785
2024-01-26,0.029521241354303316,-0.06394107249308295,,-0.02705549973537973,,,-0.4439897476336928,,-0.37318614430017927,0.11795809032250505,,,0.0013716827207758656,0.030932427607487357,,-0.07955764560341894,,0.05062157852404785,,0.010591458245152206,-0.09558388248311113,0.15687655350472138,0.340003737086977,-0.045916392358259506,,-2.3723193291103617,-0.042032660014215815,,,1.0986319764549917
2024-02-02,0.10626902612263686,-0.07697951531693778,,-0.07663153649150767,,,-0.7134065587673432,,-0.09202049651910682,0.1603563982743473,,0.015386600135121874,0.0001023743188299057,-0.5891702252513611,-0.43555786910318867,0.09019821202692158,-0.004841413668979215,-0.5572920355075166,0.028771500757760603,0.04235431925401111,0.4206379619050224,0.34551690855964456,0.024110305011036025,-0.012080401873828552,,-0.38749224315759884,-0.05483214029971192,,,0.020171466836731284
2024-02-08,0.02414944444385289,-0.23201748750695528,,-0.00845679201089661,,,0.00027374123092267083,,0.11924442976885871,1.0840651968617918,,0.2646144310901821,6.4408102871648e-05,-0.1001940961093505,-0.03265114831256183,-0.005033245170368285,-0.000449562761222455,-0.1608829106050897,-0.10331196339319834,0.21159329770644908,-0.0717535034902283,0.6500607229917755,0.013002884695866468,0.4030453653512167,,0.14012637676385936,0.0945423100469047,,,-0.6493758279853692
2024-02-23,0.042873427520442604,-0.2898385806094723,,0.010864251840058113,,,-1.6550591013330556,,0.2782079884601299,0.03156108124024957,,-0.14853424827858017,-0.028393062334206586,0.35378955410909485,0.022796227998848624,-0.007495668395362864,-0.00338736995106262,-0.13379225383904897,0.022074690998899252,-2.515902726785316,0.25420227252839656,0.12183031848677522,-0.25710635341551846,0.24451235603526122,,1.1643134865935763,0.04182440015940464,,,0.11485892940658535
2024-03-01,-0.08782290375244578,-1.0858754638844716,,-0.0008805159051372017,,,-0.02190183855565258,,-0.034282170710481286,0.05720356804995935,,0.15768232511687025,0.004243303482655701,-0.11235541126222441,-1.7600425807090685,0.0055707430842648065,0.05483947990710968,0.15513587711320342,0.01149753661784788,-0.1645616493704483,-0.07019574642508948,0.5215213027528687,-0.26104695286043467,0.24270110486642657,,-0.049583272682065166,0.01313586207407637,,,-0.044749911113814184
2024-03-08,0.01532627995093059,-5.314689143633318e-05,,-0.0011172864662809265,,0.2641169094945951,-1.0931592706504687,,-0.053700383444389134,0.10528996337620405,,0.03361342405940827,-2.4315890380534526e-17,0.32927144072507497,0.4610551073998385,-0.046659774775856366,-0.00045128996934578973,0.10733619093314845,-0.0018221752814265822,0.0014330630227437657,-0.01051097911371742,-3.8281391769906183,-0.04466757051543215,0.17155637664441767,,-0.0024395802993839233,0.05096737541132366,,,-0.63606579781787
2024-03-15,-0.05566152821606847,0.03759901171378507,,-0.00337184985729664,,0.07374459073544348,-0.6425320303425004,,-0.5830175013273013,-0.019061702197995023,,0.04607464214123913,6.810112521587136e-17,0.2752403115733862,-0.22764080056695835,-0.00048354879282344203,-0.000580623119646143,0.07027588765791129,-0.00483244955146935,0.013098807508868066,0.058644135634265626,1.2393875829341778,-0.5717105352919889,0.03785973757395663,,-0.0894102398959648,0.4973154467517919,,,0.2055727316612416
2024-03-22,-1.2203802744604715,0.02259324819656003,,-0.014032990360591737,,-0.018204384860321682,-0.040320964650873314,,-0.0808180653705862,0.4600197086411933,,0.09714748022280596,-2.667622982847574e-17,0.28756526308741376,-0.11597930412765772,-0.0007219657122332778,-0.000363842259474879,-0.23474515192649975,-0.0039030444325664393,0.021212158493665322,0.036526892546054165,-1.8768921683640511,-0.390363015378557,-0.17919748830787982,,-0.09784125633539194,0.00552829835006616,,,-0.19308349492149873
2024-03-31,0.023617843843159785,-0.20624624678866393,,,,,-2.1065447077762007,,0.3787328367959474,0.05345634408223479,,,3.5322704692626166e-17,0.13157539570631402,2.106682041072573,-0.03572590994194655,,0.0388437469908223,,0.00019252845607156416,0.003039960579531878,0.16294110987240895,0.1515716105264666,-0.05053471231084752,,-0.08840790861121436,-0.023072132060355636,,,-0.021443817232458008
2024-04-03,0.24501136608590618,0.2046657905822702,,,,,-1.0825769044810132,,0.2839186430592257,0.04372040313842569,,,2.3147682442417274e-18,-0.16914098060257526,-0.035451014901304895,0.06209148181316745,,0.12056158846513261,,0.036611393555346206,0.08377857099713198,0.17453302589165015,-1.0318665249747556,0.016629601244029655,,-0.018735284155747534,0.025920099906372528,,,-0.008612152264982532
2024-04-12,-1.8560920542314343,-0.2755879666522268,,,,,-0.18144820661514777,,0.17227658445092225,0.18808402649376205,,,-0.0015222494202638754,-0.28292112174265827,0.09743836211236431,0.018289892130638086,,0.11186397788411377,,-0.37486982150697673,-0.1576626263238471,-0.10404216527613794,-1.9453035774750786,0.05995250787765748,,0.7196359759991303,0.07140718489787547,,,-0.1502835989609692
2024-04-19,0.027073979010999637,1.0965216605392845,,,,,-0.23738368846257923,,-0.02244272068009377,0.06345880381998775,,,0.19115425170038536,0.08889210316543726,0.1517470842690844,-0.03574564772095319,,0.014936797411822357,,-0.4804404771115067,0.12056098497922267,0.00020662809005626837,1.7512761942318056,-0.10612762633312808,,-0.013500598687132225,-2.669685695079014,,,0.17548865050328882
2024-04-26,0.00899862913717564,1.1339519225977441,,,,,-0.0002463755023653447,,0.07102592282646153,0.06359074678276763,,,0.0667597472564471,-0.008379426041223229,-1.048242362243598,-0.0012298932588357982,,0.14875250998633274,,-0.02837028773266491,0.017232248564141482,-0.33738226215731437,-0.1195641526798759,-0.020038227876215058,,-0.04593481984076536,0.019019337834561906,,,-0.19007823441722593
2024-04-30,-0.20832714914437483,0.5494414735901832,,,,,-0.12496857396523631,,0.015795632781146155,0.00300968169909347,,,-0.05078439195193248,0.1853171804869232,0.721363898926104,-0.012844255864740119,,-0.05997667851907673,,0.009782448616563022,-0.054748970650754444,1.2782791608973856,0.07092472873709295,0.07415274707083468,,-0.3072952295760637,0.627322558678659,,,-0.34491072138978557
2024-05-10,-0.3768890854765567,-0.19135311783222675,,,,,-0.113198721522372,,0.41287461108267404,0.10844392514665682,,,-0.0023114896239084582,0.02808583398690092,-0.26550752870030214,-0.15506775892170474,,-0.06795832718885328,,-0.3769026011937192,0.6809630368999926,0.022988993504432686,-0.08695641948193333,0.24390183233360618,,-0.09661736006285741,0.3461385681271428,,,0.06072840500784752
2024-05-17,0.2042096278843275,-0.25235779910314093,,,,,-0.6154471354846307,,-0.558320063769207,-0.03839450676278239,,,-1.8841768616076074e-05,0.12187219909548277,3.2684267977641284,-0.0018827074827905375,,-0.2838552034495893,,0.10301155202131858,-0.007959212840494815,0.11503332859013649,-0.6482205272118675,0.08448892443923936,,-0.011787406657061548,0.18859953840092342,,,-0.06301391322808839
2024-05-24,-0.2684015057653336,0.03197836610548888,,,,,-0.01213619321595724,,-0.5484321497717546,-0.5146675424580803,,,-0.0008328971601233709,0.06723361439418862,-0.7270494320509723,0.00019749571103582593,,-0.05408968713281338,,1.3084868405597523,-0.549260018003666,-2.7628539841679336,0.3753070098721528,0.5299786128965096,,-0.021599556145732855,-0.6707118016122348,,,-0.0067343023731714375
2024-05-31,-0.7459444266603298,-0.185563922228722,,,,,-0.01149337307643552,,0.39994147254776713,0.160541704469706,,,0.053409559525882944,0.011509776279254931,-0.039111715846405916,-0.005839660549172986,,0.02563453511719502,,0.24863495057344748,-0.0067611517371341115,0.5107014565523121,0.9611053735263171,-0.16872738048143085,,-0.02625755956561254,0.017168177307836093,,,0.2649593785664591
2024-06-07,0.013047069790515058,-0.12971496188563628,,,,,-0.010926050090160937,,0.1212588274870743,0.08286842046164929,,,-0.00012754517254704952,0.5815958274566269,-0.16594582262943178,-0.26773061325978686,,0.5197947855774596,,-0.04543950889422087,0.006131945395388224,0.4709643136162216,-0.8077199367930898,-0.06814332523086318,,-0.2933989119851468,0.020843596315328703,,,-0.09945574931278958
2024-06-14,1.2236100910889438,0.06913308030369197,,,,,-0.010894389003473445,,0.274347841485429,0.008248431451140587,,,-0.0002468175425509192,-0.4280666551225639,-0.0006302802566970625,-0.0768007463183499,,0.4040830023445575,,0.313256670441818,0.01565498104643997,1.0348864954814356,-0.02178707141918991,-0.022992426785617106,,0.20566374562597498,-0.1624183355084505,,,0.015313835937198133
2024-06-21,-0.0007801827753210443,0.13270374834184462,,,,,-0.15704003541399025,,0.3219405940306902,-0.36546922179739777,,,-0.0026289660055307034,-0.25183565617997766,-0.05293320680940902,-0.010513352905766243,,0.1357286046493512,,-0.002279055844958344,0.22073094757928022,0.1885396039370993,-0.13222050105380134,-0.06155326132222218,,0.07707770954535934,-0.1507658254174201,,,0.3273448079295858
2024-06-30,4.457783780607168,0.002448168601599825,,,,,-1.1205224281832717,,-0.00032627132856529503,0.059622071095836705,,,-0.010665819302582608,1.5844646744584578,0.7366920966196395,0.06637007479899149,,-0.16602643003959983,,0.0007835053909173592,-0.32306459061755277,0.29062754913035277,-0.11734903158739644,-0.20228999184643748,,0.18725418015588657,0.05037616449616618,,,0.04297105715580374
2024-07-05,0.44732029474256535,0.01784657846448094,,,,,-0.053484350995094805,,0.1514237525185915,-0.40808557091896946,,,0.04510740208683287,0.019227686103441437,-0.08016404112512988,0.10400427131425387,,0.12286650414397234,,0.014297956136342509,-0.09490208331551382,0.06826391547112397,0.010314649898490957,-0.04087163420023614,,0.08351837616748133,-0.15215219336841393,,,0.34619754001479475
2024-07-12,-0.8558978756224045,-1.0772213691006995,,,,,-0.08520848036615111,,0.2116854679610733,0.09032825728872146,,,0.01289709081192589,0.6958724509643085,-0.17373818063624055,0.05359422260117182,,0.2539007550633987,,-0.034080296964546765,-0.02550822497755466,-1.1455473744567655,0.12028660510579901,0.011525972874017403,,0.034623091153988816,0.009967764144717771,,,0.034152158945355796
2024-07-19,-0.8095118205612863,0.02337969842193159,,,,,-0.4465115156142665,,0.04489553483494315,-0.04306226077460927,,,-0.16082605440729605,-0.00210678029458905,2.064417408886465,0.007979084728208049,,0.28125158689296803,,-0.04403406160391295,-0.01753759429792291,0.7405329364297252,0.15267898744609334,-0.019640806302908972,,0.1287385632944366,-0.01961239065306413,,,0.06577756184446465
2024-07-26,0.03708882197775782,-0.08204960016979654,,,,,-0.29552803701376035,,0.05760795154527406,-0.3957263627841459,,,-0.017792784039622627,0.29382206887573015,-0.12095294918200711,0.3792441483174257,,-2.0844114425050844,,0.0018855161154309062,0.031577145196002326,-0.05344677038514258,0.5730642806128511,0.1465538323159957,,2.620235146841085,-0.0671764620027093,,,-0.007140517050818492
2024-08-02,0.06081400891187041,0.05990751299878374,,,,,0.06340267288339341,,-0.5562009596795832,-0.16020152278207606,,,-0.000412925794986128,-0.10911791034944993,-0.11602896316380994,-0.09510759625861254,,0.0012544821332323604,,0.00819083391837177,-0.039301127630162455,0.09674900882408513,-0.3694397269260835,0.05301770620012718,,0.039686161345085263,-0.6399762982211485,,,0.08519666493844542
2024-08-09,-0.08448786229555882,-0.18121447953923875,,,,,-0.073116874547419,,-0.6866249036300568,-1.1715116469359488,,,0.06734415266217465,-0.15664223196603033,0.0016621612354868612,0.005090142649834429,,0.08479028307495326,,-0.042486609170193146,0.010634148268118596,-1.0547024423451605,-0.8101514885073815,0.19953519115069007,,-0.019253791477242516,-0.11170065833121613,,,0.10344671009346454
2024-08-16,0.06057214007926678,0.029767803083691147,,,,,-0.012830681076501706,,0.32696718352548537,0.19505791712572396,,,-0.018896533865955578,1.0835082740350646,1.3683373334564763,-0.029307524516714145,,0.004978326314901284,,-0.0383444132012548,0.24165767198830432,0.01017963080141945,-0.1393514603382854,0.1288113897035716,,0.4257901127563955,0.18801446858583012,,,-0.14248878203118992
2024-08-23,-0.9083593262434104,0.0991944775025969,,,,,3.9144281803856193,,0.009786949506255664,-0.2933514407746811,,,-0.002845412872326644,0.44844989035084404,-0.151953646724032,0.002284711627166865,,0.26118366326814124,-0.9441273643000787,-0.04237241086003729,-0.17573695285494112,0.036934908721065994,0.25035388010823895,-0.037558684008211635,0.01066949433266658,0.6736211151216203,0.006921207165692797,,,0.12896595731775515
2024-08-30,-0.0722569442895099,0.025701435801353416,,,,,-0.5513252742042232,,-0.7800808202676132,0.09910780506015796,,,0.20731263377575113,0.21934812477397247,-0.7564016403745718,0.014837231194674854,,0.002570926826740049,-0.018413465755744835,-0.07753621019068893,-0.00328754102081339,-1.9143830402247977,-0.05690304337838316,0.0014250503521127562,-0.026490106895060393,-0.16286803096858948,-0.31770107003910164,,,-0.19016340023770648
2024-09-06,1.1364492980920835,0.0057727211109035795,,,,,-0.1534462816767263,,0.19086001818388634,-0.0982208199574782,,,-0.06046801923140928,0.1880400815157906,-0.09115146543071953,0.0014759408857065,,0.3502936065910836,0.0007788522562544448,-0.04145952607757232,-0.04776654383250377,-0.1580363731152368,-0.11666450540174049,-0.007352610746200681,-0.004740711677095423,0.656925769921648,0.6545264915281105,,,-0.004996456354658363
2024-09-13,0.02582050655700789,-0.01013823416442213,,,,,-0.31115464450160035,,-0.05593757873515669,0.1349977153048364,,,-0.0013125118837405889,-0.46065506483007823,1.1947677227622555,-0.13063626442659962,,0.07219481184396453,0.06424726073585664,0.053418676472060084,-0.06418506888088614,0.39418914457627385,-0.028624575130396956,0.03453796132843338,-0.009508725733261923,-1.3134233811382896,-0.017025427814619118,,,-0.012848989541218388
2024-09-20,-1.204155844164338,-0.03630777134858229,,,,,-0.00981394105182577,,-0.15788283826037078,-0.36363481012354587,,,-0.009076720247499889,-0.3378332707551174,0.6501870452890282,0.16103886078553395,,0.23265599687343141,0.00017053723931548037,-0.05566849992329345,-0.2151067095186129,0.042230021044122525,-0.054496567262324234,-0.018655283075939534,0.020389576118937065,-0.045213757966699686,0.12515567762067104,,,0.6998268457772695
2024-09-27,-0.8847365175241153,-0.027855239677560692,,,,,-0.0195477509913137,,0.24050951520687097,-0.23614595570663607,,,-0.0009778225801042619,0.2528189077061156,-2.6106657002074307,0.29587836680995216,,0.9225747474277812,0.008935018289249424,-0.006905449543408696,-0.07755026962807639,0.3333937019061377,0.10005499544519532,-0.017113633619976594,0.010720181926588388,0.0550694150139901,0.00266392987608962,,,-0.0057251387008149255
2024-09-30,-0.1310869038834243,-0.015366432232273915,,,,,-0.16181857899659965,,0.43110581622022826,-0.13751568099486894,,,-2.4500557609229455e-17,0.0025468999133951703,-0.4763783067174824,2.189729674323936,,-0.1373577546353488,0.029927174293492204,0.005829477141697483,0.00253913438567524,0.15282653339529745,0.47853396325593145,0.024491492441223898,0.013069187657490705,0.4032720432804396,-0.08762787766057267,,,-0.08863859771268737
2024-10-11,-0.46727944197987903,-0.08977863795778313,,,,,-0.6616242638927625,,7.750320060745048,0.043958048834331256,,,3.450783853147262e-17,0.027016705173080087,0.028119225926934735,-0.02402704557653658,,0.20221579016610514,-0.014829668522343544,0.006607962242541344,-0.005811132385820329,-0.006337112947697503,0.197702599083632,0.039061314928959374,-0.008539099814453978,-0.286046387530963,-0.1312179771226719,,,-0.000765167497926308
2024-10-18,0.026416698066460076,0.02040988271530482,,,,,-0.1164306248154364,,-0.25704109596033414,2.2716833419679343,,,4.0563932187390774e-17,0.36663399381348694,5.89820563211817,0.045916857041724435,,-0.35276010608365665,0.0052313309379805875,-0.05532157482443303,-0.3364196084913305,0.1726948239192106,0.44363910113766564,0.026171328696100428,-0.000913417471988843,-1.9397486486860853,0.06113611363123681,,,0.16079922264702004
2024-10-25,-0.049261966223252816,0.016999026083490656,,,,,-0.008873233540168533,,-0.5718743365801586,-0.7906444521751095,,,-1.7046122732748045e-17,-0.566600195044312,0.19113681820708722,-0.549259640441699,,-0.2990171228845441,0.06203269125569253,0.13313443277735268,-0.43451867898959873,0.03191620193247766,0.5820562301838209,-0.055329559796359125,0.04653091350054445,0.005332399133249753,0.024316509781214628,,,-0.13274016944334585
2024-11-01,-0.8611197903490276,-0.34251646772512717,,,,,1.9995272462066642,,0.41829579497119046,-0.31210727519160436,,,1.0613186671939364e-17,-0.027569541140891843,0.254625941068641,0.6153022990722299,,-0.5430529357545129,0.23002955531309793,0.07710579688487867,0.0055757119630191095,-1.018398198576553,0.4250379951659053,0.059776885292370546,-0.018873443912795815,1.7726888703575572,-0.3570022329624515,,,0.12542007312751657
2024-11-08,0.04766489050997018,-0.28025350822936007,,,,,-0.03604544193353805,,-0.11316971521371132,0.2506049028291257,,,0.012313155200862541,0.3265606225940249,4.1208870670273585,-2.5287505093616147,,-0.053675925567008044,-0.06348023477802714,-0.15498426003034368,0.2017526094437155,0.02821342911084048,0.21502677359184497,1.1727635383426e-05,-0.0032283820447974246,-0.47926499356062163,0.2391344537510452,,,-0.04853084669056316
2024-11-15,0.025896044384490745,-0.21486435177775373,,,,,0.0060759150640665605,,0.0665042475426215,-0.3249648640080987,,,0.007861575909687672,-0.48136509850822795,0.130328539342896,-0.034430982747134034,,-0.3845237273005231,0.0015533666864852584,-0.34462665390744235,-0.022679727329210364,0.6246620857260626,0.25764123534040134,-0.08058246236969342,-0.021354850120330428,0.12056931704481577,-1.123257362514628,,,-0.7615579047947839
2024-11-22,0.05754883417013568,-0.16567936305386785,,,,,-0.011080600996478337,,0.013684048257920009,-0.3616181105076085,,,-0.0022437379078977977,-1.2213299630934262,2.9313478679930434,0.6368077266361318,,-0.15718962446486234,0.0006526734553572608,0.0038167587042517034,-0.05619992814107985,-0.08562378606636348,-0.1584904274468931,0.03533308856191066,0.06818990494948046,0.03900346230474565,-0.769274510896471,,,2.175070641538766
2024-11-29,0.019627302432016012,0.38564965363702886,,,,,-0.02001472026278027,,-0.009021791449340122,-0.029466413972855356,,,0.00021795500355145715,-0.09927577816377335,0.3909392543963391,-0.5239954699629931,,-0.2580789727917516,0.0011597454195755273,0.022675114727555422,-0.19574630504176996,-1.2714667675311517,0.7752110893406196,-0.13183303097807045,-0.02799867790866698,0.0020183919689452656,-0.01619403684617339,,,-0.8982253052642339
2024-12-06,-0.10955730018142365,0.030922425526653318,,,,,-0.08421968161312987,,-0.29478715443416964,0.2307615702223315,,,0.0029703333314767193,0.2768613112242116,0.43778330471051424,-0.04179586283498033,,-1.3068233508464477,-0.03761130139498197,0.05016960752352741,0.9494926041014043,-0.8988069550656792,-0.11558185571689839,0.0957970853405252,0.013816587001072128,0.10173764027183951,0.10374303237297626,,,-0.5541978303640784
2024-12-13,-0.02762551580260083,0.028620703201896493,,,,,-0.1519243834195781,,0.32254492815868885,-0.04600035288090424,,,4.0559170545107004e-17,1.1319651020602028,3.174095152469742,-0.3470215491559952,,0.18064236274985873,0.021863909866508192,0.47899899997452966,0.026934796149201787,0.31499522532799085,0.011369429036848813,-0.03952710245725348,0.05372553149136411,-0.4692539912436413,-0.1377324694271719,,,-1.0872499133233349
2024-12-20,-0.011044668231855754,-0.13828549256308884,,,,,0.029692273047172476,,-0.35580357740954066,-0.3920603955133998,,,3.305056804720922e-17,0.7067084988839742,3.5572643430609667,0.07789976499031603,,-0.4433029162348404,0.009118399867251345,0.023521750071598634,-0.02259103535748909,0.003312358454422649,0.3927572342178777,-0.009488087302829035,0.011221607320950656,0.06201408997244981,0.0023185715672307695,,,0.015704219909314147
2024-12-27,-0.17566370674818713,-0.13896446742511986,,,,,-0.17661561856329738,,-0.2797096142700122,-0.4852991508039041,,,-2.455059994895852e-17,-0.0697828917689598,-38.62459153076146,0.06630765685321885,,0.10543466799817451,0.1558160228786262,0.017265373949414423,-0.14611533346322522,0.11635119503295094,-4.284419161450463,0.054809249755513115,-0.013035072124534537,0.07596361826105208,2.4420279080017275,,,0.09177786056761231
