TradingDay,TMT,一带一路,中药,交通运输,传媒,光伏,养殖,农业综合,医疗,医药,医药医疗,半导体,国央企综合,国防军工,基建,基础化工,央企创新,家用电器,新能源汽车,新能源综合,旅游,有色,机械设备,游戏,生物科技,电力,电子,石油石化,种植,绿色/ESG,计算机,通信,金融综合,钢铁煤炭,银行,非银,食品饮料
2015-12-25,,,,,,,,,,,,,,,,,,,,,,,,,,,,,,0.013425521290238388,,,,,,,
2015-12-31,,,,,,,,,,,,,0.018769504184518948,,,,,,,,,,,,,,,,,0.10045645561579522,,,,,,,
2016-01-08,,,,,,,,,,,,,0.041239415067109444,,,,,,,,,,,,,,,,,0.14903638895886687,,,,,,,
2016-01-15,,,,,,,,,,,,,0.00339379106907796,,,,,,,,,,,,,,,,,-0.05111550085050909,,,,,,,
2016-01-22,,,,,,,,,,,,,0.0041378719882268844,,,,,,,,,,,,,,,,,-0.14691877955203703,,,,,,,
2016-01-29,,,,,,,,,,,,,0.005242131879077495,,,,,,,,,,,,,,0.17485139862628626,,,0.2904637168278522,,,,,,,
2016-02-05,,,,,,,,,,,,,-0.36390000560608043,,,,,,,,,,,,,,0.18428837100420492,,,0.028498112288073765,,,,,,,
2016-02-19,,,,,,,,,,,,,0.00625789871574611,,,,,,,,,,,,,,0.00928787283749578,,,-0.023648762074668803,,,,,,,
2016-02-26,,,,,,,,,,,,,0.6393788635148162,,,,,,,,,,,,,,0.004244101199880919,,,1.1657880194494017,,,,,,,
2016-03-04,,,,,,,,,,,,,0.013744384939102435,,,,,,,,,,,,,,0.09215451643571798,,,0.040427950761326235,,,,,,,
2016-03-11,,,,,,,,,,,,,0.32223930536168155,,,,,,,,,,,,,,0.007161183007778006,,,0.004094790516033582,,,,,,,
2016-03-18,,,,,,,,,,,,,-0.02258356532070542,,,,,,,,,,,,,,-0.08322293764868438,,,2.14924780355547,,,,,,,
2016-03-25,,,,,,,,,,,,,0.00029947996002414184,,,,,,,,,,,,,,-0.2090280636459197,,,0.14476188208786736,,,,,,,
2016-04-01,,,,,,,,,,,,,-0.31500252256129524,,,,,,,,,,,,,,,,,-0.2692531035712273,,,,,,,
2016-04-08,,,,,,,,,,,,,-0.01779512426117939,,,,,,,,,,,,,,,,,0.2816509663492367,,,,,,,
2016-04-15,,,,,,,,,,,,,0.0033094961036474893,,,,,,,,,,,,,,,,,0.008796736891974312,,,-0.7432982474796221,,,,
2016-04-22,,,,,,,,,,,,,0.10628448625974372,,,,,,,,,,,,,,,,,0.901702625725696,,,0.045419953702466556,,,,
2016-04-29,,,,,,,,,,,,,-0.017147136415409426,,,,,,,,,,,,,,,,,-0.9317096243318814,,,0.014677454572881013,,,,
2016-05-06,,,,,,,,,,,,,0.036731058045124894,,,,,,,,,,,,,,,,,0.014754822994804524,,,-0.05758457368547398,,,,
2016-05-13,,,,,,,,,,,,,-0.0004835893397817659,,,,,,,,,,,,,,,,,0.027970263079237973,,,0.03160671489064729,,,,
2016-05-20,,,,,,,,,,,,,-0.6763178407371181,,,,,,,,,,,,,,,,,0.1722733833414304,,,0.031141215572177666,,,,
2016-05-27,,,,,,,,,,,,,2.111359484306428,,,,,,,,,,,,,,,,,0.2187298075106455,,,0.005097409273195753,,,,
2016-06-03,,,,,,,,,,,,,-0.00015086393707107836,,,,,,,,,,,,,,,,,-0.02933468939032175,,,0.022877899630988567,,,,
2016-06-08,,,,,,,,,,,,,-0.02624617667131521,,,,,,,,,,,,,,,,,-0.030999292572645595,,,0.027416340324094766,,,,
2016-06-17,,,,,,,,,,,,,-0.022345817880346383,,,,,,,,,,,,,,,,,0.3548486372433032,,,0.3740097833778804,,,,
2016-06-24,,,,,,,,,,,,,0.15946388885393895,,,,,,,,,,,,,,,,,2.4664953540434458,,,0.03791513092981476,,,,
2016-07-01,,,,,,,,,,,,,0.03196916194866771,,,,,,,,,,,,,,,,,-0.0074288890232863496,,,0.003633415233043159,,,,
2016-07-08,,,,,,,,,,,,,0.03133448870058233,,,,,,,,,,,,,,,,,0.0065577018482320115,,,-0.07899239047498074,,,,
2016-07-15,,,,,,,,,,,,,-0.0005613742665986977,,,,,,,,,,,,,,,,,0.020656885615475927,,,0.15158965286014547,,,,
2016-07-22,,,,,,,,,,,,,-0.022467718921648963,,,,,,,,,,,,,,,,,0.056193337475602324,,,-0.07145043586427155,,,,
2016-07-29,,,,,,,,,,,,,-0.0015002459482472653,,,,,,,,,,,,,,,,,0.0008871881331888425,,,0.07191205822548156,,,,
2016-08-05,,,,,,,,,,,,,0.07159353495629397,,,,,,,,,,,,,,,,,-0.05574937728910062,,,1.0889659492213415,,,,
2016-08-12,,,,,,,,,,,,,0.060406089088800116,,,,,,,,,,,,,,,,,0.3809904340142507,,,0.011791385714341296,,,,
2016-08-19,,,,,,,,,,,,,-0.002105590965182053,,,,,,,,,,,,,,,,,0.05964983193589413,,,0.014636341752260787,,,,
2016-08-26,,,,,,,,,,,,,-0.11951912455144047,,,,,,,,,,,,,,,,,1.002677458241983,,,0.04401170674949584,,,0.006167857631572777,
2016-09-02,,,,,,,,,,,,,0.19479522153827905,,,,,,,,,,,,,,,,,-0.024878284513282348,,,0.02899020472881036,,,0.018437814932485766,
2016-09-09,,,,,,,,,,,,,-0.038055176181092415,,,,,,,,,,,,,,,,,0.26354280283464404,,,-0.0079598386035766,,,0.01136910735368421,
2016-09-14,,,,,,,,,,,,,0.0017344338651476172,,,,,,,,,,,,,,,,,0.004468655297600384,,,0.5120828400323564,,,0.04895715315811912,
2016-09-23,,,,,,,,,,,,,-0.1432503884504614,,,,,,,,,,,,,,,,,0.539978331474366,,,0.08938479189084991,,,0.01666245960104239,
2016-09-30,,,,,,,,,,,,,0.8826038974165188,,,,,,,,,,,,,,,,,-0.011820868333206471,,,0.027798444402060293,,,-0.00610805026042807,
2016-10-14,,,,,,,,,,,,,-0.015361493246557749,,,,,,,,,,,,,,,,,0.025648257977580934,,,0.3811398623307747,,,-0.21808308256833803,
2016-10-21,,,,,,,,,,,,,-2.043736089327283,,,,,,,,,,,,,,,,,0.02763421178099553,,,0.0228055177404701,,,-0.001292178753082108,
2016-10-28,,,,,,,,,,,,,-0.02148709158367096,,,,,,,,,,,,,,,,,0.016698734641065242,,,1.1369524819014283,,,-0.0010349185055432027,
2016-11-04,,,,,,,,,,,,,0.01913356648905514,,,,,,,,,,,,,,,,,-0.20799771535589423,,,0.01635334181389203,,,-0.06543249115253796,
2016-11-11,,,,,,,,,,,,,-0.17571383628088913,,,,,,,,,,,,,,,,,-0.6213501834406496,,,0.5377614514925447,,,-0.014881724598666313,
2016-11-18,,,,,,,,,,,,,-0.04655981737217793,,,,,,,,,,,,,,,,,0.13825858888913564,,,0.21084033744157116,,,-0.051143135260743,
2016-11-25,,,,,,,,,,,,,0.18179125829867585,,,,,,,,,,,,,,,,,0.03402566329562449,,,0.14289272875219303,,,-0.0016256968902776884,
2016-12-02,,,,,,,,,,,,,0.03620564931751078,,,,,,,,,,,,,,,,,-0.007354910145127569,,,-0.03328820033109688,,,0.006614866331814828,
2016-12-09,,,,,,,,,,,,,-0.01807342379212381,,,,,,,,,,,,,,,,,-0.00890422714947409,,,-0.32519501188423233,,,-4.457533763070268,
2016-12-16,,,,,,,,,,,,,0.04320796153544237,,,,,,,,,,,,,,,,,-3.183091581274066,,,0.5503308652974807,,,-0.0007493414971503521,
2016-12-23,,,,,,,,,,,,,0.030249270714002748,,,,,,,,,,,,,,,,,-0.06503379858080102,,,0.1176695462882695,,,-0.0024132574789944485,
2016-12-31,,,,,,,,,,,,,0.13108161745351607,,,,,,,,,,,,,,,,,-0.20559316597482868,,,0.004623815671020479,,,-0.004833683921277247,
2017-01-06,,,,,,,,,,,,,-0.4082177996362183,,,,,,,,,,,,,,,,,0.028806036585253422,,,-1.810408741117436,,,0.00968983180616526,
2017-01-13,,,,,,,,,,,,,-0.03255650464538691,,,,,,,,,,,,,,,,,-0.02254845388164197,,,0.018928766922417253,,,-0.006701201732043894,
2017-01-20,,,,,,,,,,,,,-0.01415371807520247,,,,,,,,,,,,,,,,,-0.19674075227769494,,,0.030907778046791342,,,-0.0010378069082189385,
2017-01-26,,,,,,,,,,,,,-0.02611023671687979,,,,,,,,,,,,,,,,,0.270903012722595,,,0.1320127009426124,,,0.24254686542206752,
2017-02-03,,,,,,,,,,,,,0.03680764767054584,,,,,,,,,,,,,,,,,-0.8748241640290193,,,-3.313251687434608,,,0.09306968350278531,
2017-02-10,,,,,,,,,,,,,0.35017895054602033,,,,,,,,,,,,,,,,,-0.012186055321812762,,,0.1203247241326929,,,0.43085293121882007,
2017-02-17,,,,,,,,,,,,,-0.09457073024344015,,,,,,,,,,,,,,,,,-0.059684456995841045,,,-0.006577183045976875,,,-0.05987530571630448,
2017-02-24,,,,,,,,,,,,,0.0335773115436096,,,,,,,,,,,,,,,,,0.011849173409325628,,,0.6589329381872806,,,0.006361603188933133,
2017-03-03,,,,,,,,,,,,,-0.24778767673991592,,,,,,,,,,,,,,,,,0.018821455975164336,,,0.10694596703202702,,,-0.19854869841284664,
2017-03-10,,,,,,,,,,,,,0.06528003586897857,,,,,,,,,,,,,,,,,0.07960018941966261,,,-0.04064653714667212,,,-0.0013732792879743753,
2017-03-17,,,,,,,,,,,,,-0.005471192466226526,,,,,,,,,,,,,,,,,0.014206051625433105,,,-0.09281031315489091,,,-0.020244524697571296,
2017-03-24,,,,,,,,,,,-9.514895867016183,,-0.014785608548072884,,,,,,,,,,,,,,,,,0.0026510879644901786,,,0.1537723392863398,,,-0.06277541002707443,
2017-03-31,,,,,,,,,,,0.08304931411412364,,0.15267033095410712,,,,,,,,,,,,,,,,,-0.0008372584858619206,,,0.07459442640725644,,,-0.005119447530720798,
2017-04-07,,,,,,,,,,,-0.06243042326236833,,-0.21453101063499178,,,,,,,,,,,,,,,,,0.08461830826321731,,,0.17167068011440337,,,-0.4103606636378209,
2017-04-14,,,,,,,,,,,0.08311344025950555,,-0.006545325334598909,,,,,,,,,,,,,,,,,0.3599237880653419,,,0.15814132446740148,,,-0.002279734771555861,
2017-04-21,,,,,,,,,,,-0.07680620560770215,,-0.08382131911190667,,,,,,,,,,,,,,,,,-0.24028072252054425,,,0.6738759880633378,,,-0.08357031612934515,
2017-04-28,,,,,,,,,,,-0.07535065807237286,,-1.3419632316802264,,,,,,,,,,,,,,,,,-0.03364947855503159,,,-0.14846669388605965,,,-0.0024208259395623968,
2017-05-05,,,,,,,,,,,-0.0793373880526992,,0.24592747579311852,,,,,,,,,,,,,,,,,0.00307175194139212,,,0.020839176981941442,,,0.7011637744263671,
2017-05-12,,,,,,,,,,,-1.2502788737801567,,-2.4787254520218402,,,,,,,,,,,,,,,,,0.10832219522309065,,,0.09076463453002206,,,-0.08081046593979756,
2017-05-19,,,,,,,,,,,-0.3138679851601973,,0.0890115933096819,,,,,,,,,,,,,,,,,0.11657228173090596,,,0.5394372899225622,,,-0.0034500354853404373,
2017-05-26,,,,,,,,,,,-0.23679351521149974,,1.3818550783119785,,,,,,,,,,,,,,,,,0.11028527826002521,,,-0.02342136978724691,,,0.005394357098935496,
2017-06-02,,,,,,,,,,,-2.4890625136028204,,-0.7296323478024095,,,,,,,,,,,,,,,,,-0.38302174919550785,,,0.17429544302148162,,,-0.22495705619816098,
2017-06-09,,,,,,,,,,,-0.36831243961431,,0.0658545636392912,,,,,,,,,,,,,,,,,-0.6825647169910836,,,-0.017958095247110957,,,-0.011416999261745095,
2017-06-16,,,,,,,,,,,-0.005819360049782292,,-0.019821879055545014,,,,,,,,,,,,,,,,,0.028948637727440905,,,0.35694336228541373,,,-0.050542608056416645,
2017-06-23,,,,,,,,,,,-0.4858952041063026,,-0.004739293557094286,,,,,,,,,,,,,,,,,0.17908506006212355,,,0.05425165918587441,,,0.006787179237123124,
2017-06-30,,,,,,,,,,,0.014324865010604138,,-0.14892593857034475,,,,,,,,,,,,,,,,,0.4058761217867879,,,-0.6780507879975172,,,0.012688998407988141,
2017-07-07,,,,,,,,,,,-0.2579529887494692,,-0.05854261677079963,,,,,,,,,,,,,,,,,0.12379809014266016,,,0.09875802242395895,,,0.012755878420356012,
2017-07-14,,,,,,,,,,,0.06303413389277956,,0.3147806407104267,,,,,,,,,,,,,,,,,-0.022223360487646053,,,0.3491726549027548,,,0.5529904363908502,
2017-07-21,,,,,,,,,,,-3.1175279199269874,,0.006196404785261567,,,,,,,,,,,,,,,,,0.1638920081236754,,,0.023463567719203687,,,0.0015572388753869286,
2017-07-28,,,,,,,,,,,-0.07167228613418178,,-0.02238300756246171,,,,,,,,,,,,,,,,,-0.05853285045978185,,,-0.2479186150109176,,,0.05740032384618965,
2017-08-04,,,,,,,,,,,-0.3163936738978125,,0.11217185032707219,,,,,,,,,,,,,,,,,-1.139982974426168,,,0.2582265673814579,,,-0.05141900497091493,
2017-08-11,,,,,,,,,,,-0.16253844185770278,,-2.9920818397898334,0.172956129724242,,,,,,,,,,,,,,,,0.2524709428000944,,,0.12646714274994883,,,0.08904058287995986,
2017-08-18,,,,,,,,,,,0.08077720139701458,,-0.15651611359028902,0.009101186804637847,,,,,,,,,,,,,,,,-0.0900079833784862,,,0.617018615175163,,,0.053490141871919555,
2017-08-25,,,,,,,,,,,-0.4578884629414188,,-0.05771585193901519,0.021107025167068486,,,,,,,,,,,,,,,,-0.8222307381070451,,,-0.859205306338173,,,0.2803739541803043,
2017-09-01,,,,,,,,,,,-0.1397225306077661,,0.059354573288038524,0.08879571491423567,,,,,,,,,,,,,,,,-0.03773340107760195,,,0.02911093384624637,,,0.11236421072749624,
2017-09-08,,,,,,,,,,,0.178948981497444,,0.07534660416094623,-0.001417642990115652,,,,,,,,,,,,,,,,0.15400695251721114,,,0.21290264368532205,,,-0.009271751313921058,
2017-09-15,,,,,,,,,,,-0.029011791630557636,,0.09484522052911927,-0.11070547360118212,,,,,,,,,,,,,,,,0.0017145458014002435,,,0.1824267384540669,,,-1.826820799768549,
2017-09-22,,,,,,,,,,,0.046885826554186015,,-0.019963788231195684,-0.10033745414281522,,,,,,,,,,,,,,,,-0.08437430527146851,,,-0.037385290062348586,,,-0.07190035374321194,
2017-09-30,,,,,,,,,,,-0.041048665910471904,,-0.012875797894427292,-0.014265742159004002,,,,,,,,,,,,,,,,0.0008553005361779786,,,-2.0743554045054458,,,-0.017361785371906562,
2017-10-13,,,,,,,,,,,0.22849708659858986,,1.1433464599006211,-0.2219718871892059,,,,,,,,,,,,,,,,-0.644484291263901,,,0.2860131525069821,,,-0.7759255161455036,
2017-10-20,,,,,,,,,,,0.05381809677355916,,0.054202172625904425,0.10485455051869944,,,,,,,,,,,,,,,,0.06854301825705311,,,0.028001439537928288,,,-5.0827322868574925,
2017-10-27,,,,,,,,,,,0.8525185748456457,,-0.05884133488408638,-0.0630257912924568,,,,,,,,,,,,,,,,0.15681335554713474,,,1.279657219195722,,,0.04262819936513518,
2017-11-03,,,,,,,,,,,0.5571298114417714,,-0.15066106446961236,-0.12571879348918324,,,,,,,,,,,,,,,,-0.005770572337252435,,,0.7067185417362454,,,0.4756079887762247,
2017-11-10,,,,,,,,,,,-0.2938366955609993,,-0.6158689821931534,0.06235053204264546,,,,,,,,,,,,,,,,-0.2157740014858246,,,0.11709055329199605,,,-0.038977285892338294,
2017-11-17,,,,,,,,,,,0.07793637374850541,,-0.20866675988539624,-0.005832098812427021,,,,,,,,,,,,,,,,0.00725460297631912,,,-0.06198093798424196,,,-0.3639928201166307,
2017-11-24,,,,,,,,,,,-0.4453543716010491,,-0.05105463515336249,-0.43296001383130195,,,,,,,,,,,,,,,,-0.06900423715343532,,,0.05334650165131556,,,0.01752613983679311,
2017-12-01,,,,,,,,,,,0.04151118294656885,,1.6444870516284456,0.19016917058997113,,,,,,,,,,,,,,,,-0.022392382544237747,,,2.649359719315117,,,-0.018709685727895393,
2017-12-08,,,,,,,,,,,-0.01822055077007923,,0.0028583569371851544,-0.4017109703186203,,,,,,,,,,,,,,,,-0.33622649323653747,,,-0.4732590653564429,,,0.0191934052305419,
2017-12-15,,,,,,,,,,,0.05540401848595586,,0.9373255214319418,-0.09439107621277662,,,,,,,,,,,,,,,,1.126415085563137,,,0.009666208772056168,,,-0.02550385999383718,
2017-12-22,,,,,,,,,,,-0.03796478357262918,,-0.1803612616738825,0.40915470556916983,,,,,,,,,,,,,,,,-0.07885926790833896,,,-0.060176436771502896,,,-0.029165378222306512,
2017-12-31,,,,,,,,,,,-0.011020034537462906,,0.015876449272667376,1.258598130499239,,,,,,,,,,,,,,,,-0.1865809578756323,,,0.6107100143758647,,,0.04037210056405202,
2018-01-05,,,,,,,,,,,0.15016001434047863,,-0.10861476783637794,0.05989526332355795,,,,,,,,,,,,,,,,-0.12329922638216162,,,1.8983120787010028,,,-0.7269490957220505,
2018-01-12,,,,,,,,,,,0.0027641344052489678,,-1.1464616041249394,-0.05378875537315919,,,,,,,,,,,,,,,,-0.15180810445216375,,,-0.7609626470424488,,,-0.01935622202276492,
2018-01-19,,,,,,,,,,,0.11973195078587573,,0.0002167329827358846,-0.05162938955867465,,,,,,,,,,,,,,,,0.032816017701295094,,,0.012546173385745998,,,-0.06957439006362878,
2018-01-26,,,,,,,,,,,-3.1178334767166795,,0.28988455211919173,-0.002278876124541182,,,,,,,,,,,,,,,,0.0951562359017109,,,1.6606643255728204,,,-0.08573744436514366,
2018-02-02,,,,,,,,,,,-0.0338861980345161,,-0.5249931377633412,0.14925669173252223,,,,,,,,,,,,,,,,-2.1738599299617882,,,0.13643774279855095,,,-0.39391882272516,
2018-02-09,,,,,,,,,,,-0.025552709059979542,,0.4811580609661326,1.1665376356729265,,,,,,,,,,,,,,,,0.026465024554294444,,,0.13033004963680586,,,-1.2390115447330488,
2018-02-14,,,,,,,,,,,-0.08272811011015715,,-0.2285812910651502,-0.17702836120994264,,,,,,,,,,,,,,,,-0.07028029017466575,,,4.599925619649328,,,-0.046971263803481836,
2018-02-23,,,,,,,,,,,0.09559335369671937,,-0.0004988973343708495,-1.1652766985539778,,,,,,,,,,,,,,,,-0.4265374321491504,,,0.6812844612973855,,,1.8323990747485814,
2018-03-02,,,,,,,,,,,-0.27143395677106447,,3.486165916018176,-0.008687449077213645,,,,,,,,,,,,,,,,-1.8988465272119128,,,2.500345235947258,,,-0.012928902206258069,
2018-03-09,,,,,,,,,,,0.050039965063967136,,3.329581260078401,-0.030709902206463847,,,,,,,,,,,,,,,,0.0898581728322147,,,0.8418234531822285,,,-0.015291762090202932,
2018-03-16,,,,,,,,,,,-0.3869156371146617,,0.05926121079559836,-0.3611647380357947,,,,,,,,,,,,,,,,-0.12456780594482088,,,-0.1343192943749082,,,0.0313678547446734,
2018-03-23,,,,,,,,,,,0.020509412137050077,,0.009163723687228937,0.9443926799392663,,,,,,,,,,,,,,,,-0.05063197639232341,,,-0.046868419488977735,,,0.3629185739108451,
2018-03-31,,,,,,,,,,,0.14669504621871612,,-0.20614122021224016,0.019961856381805025,,,,,,,,,,,,,,,,-0.0477881711130199,,,0.04596964716993164,,,-0.05154902219853949,
2018-04-04,,,,,,,,,,,-0.07788885078477518,,-0.0038812762641127507,0.10283848095917453,,,,,,,,,,,,,,,,-1.5596170419545268,,,0.012554062005810048,,,-0.09284222676436654,
2018-04-13,,,,,,,,,,,-0.74548361995037,,-0.022536479543593474,0.01971721104541955,,,,,,,,,,,,,,,,-0.09244425439837398,,,-0.5270397932200642,,,-0.2298691950174413,
2018-04-20,,,,,,,,,,,-0.27609422666749844,,0.01889612282389927,-0.7990234975650862,,,,,,,,,,,,,,,,0.26229165823944606,,,-0.5885786837895196,,,-0.06376701968930995,
2018-04-27,,,,,,,,,,,-0.82027011076967,,-0.0025577704306949806,-0.03576879991725475,,,,,,,,,,,,,,,,-0.5983981089076114,,,0.0070202456848558175,,,0.1962660859487278,
2018-05-04,,,,,,,,,,,-0.3573132180181656,,-0.0014402929832434722,-0.2068718400247718,,,,,,,,,,,,,,,,-0.2879386152327823,,,-0.175863735810858,,,5.505253294735454,
2018-05-11,,,,,,,,,,,0.16753636461538612,,-0.15822446229232845,-0.07067058450305667,,,,,,,,,,,,,,,,-0.2147066448949025,,,0.02387660826516106,,,-0.190498585043344,
2018-05-18,,,,,,,,,,,0.007417046438259019,,-0.15981974513734826,-0.1261147006911466,,,,,,,,,,,,,,,,0.08845116900548931,,,0.3536412005097158,,,-0.29202965930310676,
2018-05-25,,,,,,,,,,,-0.01694915114824916,,0.05082666579567423,0.013417168226531872,,,,,,,,,,,,,,,,-1.8668871363503736,,,0.16151631542885095,,,0.1610906375524103,
2018-06-01,,,,,,,,,,,-0.03167688189240231,,-0.21783975647788204,0.3447183559167867,,,,,,,,,,,,,,,,-0.029599018521700354,,,0.07027240509205715,,,-0.06511977283424641,
2018-06-08,,,,,,,,,,,1.0433351986625907,,-1.115584493705382,0.2187502444857204,,,,,,,,,,,,,,,,-3.2705449826410056,,,0.8488677535306887,,,0.00772921733826557,
2018-06-15,,,,,,,,,,,-0.013823125177281754,,0.5757055357916936,-0.8325168991942894,,,,,,,,,,,,,,,,4.749424330022213,,,1.192473925629252,,,0.02389087392117539,
2018-06-22,,,,,,,,,,,-0.30997711575744624,,0.03646614355008557,0.0012755184959028307,,,,,,,,,,,,,,,,-0.2978622339622656,,,0.20476817596550514,,,-0.37765002341210197,
2018-06-30,,,,,,,,,,,0.005372208678179243,,0.03405591859347821,-0.03621391641476197,,,,,,,,,,,,,,,,-1.2327820723819474,,,0.023073604611205695,,,-1.370424599778627,
2018-07-06,,,,,,,,,,,-0.06207204092944671,,-0.3660296141906211,0.03148044850674937,,,,,,,,,,,,,,,,-0.020598819975302274,,,0.7029357713674479,,,-0.11797996446177764,
2018-07-13,,,,,,,,,,,-0.48476563897718533,,0.033072454366983986,-0.021578898497447742,,,,,,,,,,,,,,,,-0.7981601288961837,,,0.1421264168913406,,,-0.05262762455181011,
2018-07-20,,,,,,,,,,,0.8901737226726852,,0.02864096798378745,-0.010913818100805764,,,,,,,,,,,,,,,,-0.6615295735799624,,,-0.015841415990598313,,,0.057511644453868895,
2018-07-27,,,,,,,,,,,-0.29495405245066686,,0.25016001758692247,0.7214626457881506,,,,,,,,,,,,,,,,-0.37292407096643726,,,0.02473542417685776,,0.4364512790674175,0.3089438982622417,
2018-08-03,,,,,,,,,,,1.5758170869969206,,0.011202371521332494,-0.035542253937262736,,,,,,,,,,,,,,,,0.13807310459415598,,,-0.24437018362993274,,0.0017678347406575176,-0.07645697412689878,
2018-08-10,,,,,,,,,,,0.06356638286007044,,0.003621536961904929,-0.1476636759727134,,,,,,,,,,,,,,,,-0.3740444486980987,,,0.0995133573178962,,-0.10022587183977655,-0.14768661502541236,
2018-08-17,,,,,,,,,,,-0.053510573798749565,,-0.017270711702555872,4.85380326471285,,,,,,,,,,,,,,,,-0.8505927555388978,,,-0.012792006223397663,,-0.015740123877331844,1.2950312197952911,
2018-08-24,,,,,,,,,,,-0.3788763183691804,,-0.0016396708630427477,-0.1525323991142411,,,,,,,,,,,,,,,,-0.0480902184024046,,,0.20467692251377426,,0.18359837328933476,0.36773754859464874,
2018-08-31,,,,,,,,,,,-0.2483806558068574,,-0.0015838832743576108,-0.06615474167909616,,,,,,,,,,,,,,,,-0.03361041672264036,,,3.8972998639051113,,-0.052134080471650315,0.051103425259113294,
2018-09-07,,,,,,,,,,,-0.7273495550043698,,0.03820367175280553,-0.07468229122670435,,,,,,,,,,,,,,,,-0.006325795295833811,,,0.05334899899622529,,0.0673151686899901,0.02116423099945039,
2018-09-14,,,,,,,,,,,-0.773516938255868,,0.6901780494470359,-0.5517123893547758,,,,,,,,,,,,,,,,-0.45163519581971756,,,-0.14971824490446617,,0.03914907169095652,0.6888418765179456,
2018-09-21,,,,,,,,,,,-3.657658195543492,,-0.05665431460376513,-0.5886250830108493,,,,,,,,,,,,,,,,0.05101909651637378,,,-0.48818686402413297,,-0.00091111063998673,-0.0748032468250039,
2018-09-30,,,,,,,,,,,-0.058875587345303494,,0.10371964027263494,-0.11543559145501957,,,,,,,,0.46455973050054855,,,,,,,,-0.023345711202010698,,,0.42679920174998465,,-0.030398925397262022,0.1420521699934246,
2018-10-12,,,,,,,,,,,-0.11427106902281436,,-0.20485848814939164,-0.03221083020359267,,,,,,,,0.04855521213667963,,,,,,,,1.4054138833229717,,,-2.6463442494867517,,0.6194138989723206,0.007237041352097507,
2018-10-19,,,,,,,,,,,0.012001224688396657,,-0.05399867014812639,0.08903531452625883,,,,,,,,-0.36596692823186366,,,,,,,,-1.525632805869954,,,0.07434896616833882,,0.003043129699997204,-4.6726523271896525,
2018-10-26,,,,,,,,,,,0.16015508111909108,,-0.008642796070485008,-0.10253854703640056,,,,,,,,0.009307009307944591,,,,,,,,-0.02847627274528609,,,1.9868166765538482,,0.03259507771750125,0.0751004248204199,
2018-11-02,,,,,,,,,,,-1.6724498054474233,,0.041245545790940016,-0.6088120307283804,,,,,,,,-0.19090209792338764,,,,,,,,-0.7409331789756631,,,-2.590511523639851,,0.0037583696122645317,-1.9186492797549746,
2018-11-09,,,,,,,,,,,3.5424804800341416,,-0.0106661045516217,-0.1521943580155974,,,,,,,,0.013989126100215955,,,,,,,,0.030623484042749952,,,-0.0006677267833193751,,0.004731266301136862,-0.14315375224231555,
2018-11-16,,,,,,,,,,,-0.2688640321349821,,0.5101375232388069,-0.2798813430153898,,,,,,,,0.0005449144547368614,,,,,,,,-0.9040360867718579,,,-0.7262132245873641,,-0.006575164021780743,0.015788429338897153,
2018-11-23,,,,,,,,,,,-0.09256430684700642,,0.01213828029940967,-0.132635902770672,,,,,,,,0.03292627373830133,,,,,,,,0.13379193009761242,,,-0.20925549824992926,,0.0021643089827837535,0.025300670744561028,
2018-11-30,,,,,,,,,,,-0.50852888082832,,0.007961638929949857,0.3986281154841771,,,,,,,,0.49468353697318196,,,,,,,,0.005431047727810646,,,-0.05444183318415676,,0.0015438974021961286,-0.32494351890642226,
2018-12-07,,,,,,,,,,,-0.23736998123586825,,-0.13767103714416468,-0.10269430089332787,,,,,,,,0.02368747818022814,,,,,,,,-0.07932913712065706,,,0.08528950102103618,,0.01649481414200612,-1.2390531343391378,
2018-12-14,,,,,,,,,,,-0.2502205697728504,,-0.38015132394322,0.20838434701622716,,,,,,,,0.14425559463891682,,,,,,,,-0.09259894342276499,,,-0.7927036767875799,,-0.061602871885791444,0.5346692832514525,
2018-12-21,,,,,,,,,,,-0.04227764101629318,,-0.19380133207011313,0.6434343656825458,,,,,,,,0.00598022709029771,,,,,,,,-0.6240602857988169,,,0.10493503071418854,,-0.061093960425499805,-0.05799874754062055,
2018-12-28,,,,,,,,,,,-0.24762046152340633,,0.5510697940055111,-0.1307126877833699,,,,,,,,0.028771318258722832,,,,,,,,-0.1268021099803932,,,-0.05430157632670453,,0.04006692504729122,-0.08592502093174074,
2019-01-04,,,,,,,,,,,-0.10698352769148133,,-2.013678976636101,0.06394140952755094,,,,,,,,0.00810510805335549,,,,,,,,-0.014058405683820264,,,0.04268996297308793,,0.23821697895832983,0.002008356900720265,
2019-01-11,,,,,,,,,,,0.21357802727528138,,0.09040672254337222,0.2605658042363541,,,,,,,,-0.00100951351841344,,,,,,,,4.402110732274949,,,0.14185288525618578,,-0.022559624692463913,-1.3070255690771393,
2019-01-18,,,,,0.019199731409702825,,,,,,0.0016612092570520692,,-0.044134674987320724,0.057076473092561274,,,,,,,,0.758003038408804,,,,,,,,-0.07692339224574302,,,0.7201199841461547,,0.023537624255726135,1.639732237467764,
2019-01-25,,,,,0.009563609572487287,,,,,,0.8738917423803079,,-0.009210221135668757,0.009553053853404853,,,,,,,,-0.0010725776331669211,,,,,,,,-1.2475101986715535,,,-0.10983215044307965,,0.0005166903099932497,-0.8793486092789357,
2019-02-01,,,,,-0.029124814903463254,,,,,,-0.7817751296335713,,-0.07254821799705354,0.0618454453270552,,,,,,,,-0.14587317940694539,,,,,,,,-0.1467358673204765,,,1.3879299544919266,,-0.000730749426831075,0.013886129450049498,
2019-02-15,,,,,-0.0463443799728318,,,,,,0.18124496633139026,,-0.10604016906070055,-0.06861017583182155,,,,,,,,0.009304412961375354,,,,,,,,1.4639600043259011,,,-0.9505362439972784,,0.0013181564402374995,-0.09821915430269894,
2019-02-22,,,,,0.011160263687197813,,,,,,2.3505981152067474,,0.0247152099791957,-1.04506506913563,,,,,,,,0.5692565735375488,,,,,,,,4.599955816160043,,,0.1426799164461896,,0.0016803647263624218,0.5489879230568702,
2019-03-01,,,,,-0.0024847251214748615,,,,,,0.00025845384220576223,,0.1148270832264876,-0.8493670554533254,,,,,,,,0.017428980016123596,,,,,,,,-0.039252236798080875,,,0.2249810725282167,,-0.13139289096800272,-0.02510853960576437,
2019-03-08,,,,,0.008421977907282255,,,,,,-0.04591275280212573,,-0.022366351126273464,0.06055723567775341,,,,,,,,-0.0008533753297053657,,,,,,,,-0.8161508733012918,,,0.36103656307354254,,0.022703325637695268,-0.06371128437766678,
2019-03-15,,,,,-0.00403657926056558,,,,,,-0.15075665949791428,,0.07289578163520047,-0.27703636919268604,,,,,,,,0.022856386043054792,,,,,,,,-0.04385857087093944,,,0.0864873467200892,,0.001418850889121952,-0.4564766507349625,
2019-03-22,,,,,-0.06721618317588104,,,,,,-0.8608027529542271,,0.8908792836241195,0.012051178509026922,,,,,,,,-0.001052237331837446,,,,,,,,0.25795390693413534,,,-0.004484015432541132,,0.06213213858762073,2.0830671916443606,
2019-03-31,,,,,-0.03073589260336651,,,,,,0.4224232238983001,,1.1852666865708605,-0.07621578648909663,,,,,,,,0.0026227943883269725,,,,,,,,-0.07160287456814857,,,1.0771078916389696,,0.0009964888390065457,1.4579939117994323,
2019-04-04,,,,,0.02786701411714556,,,,,-0.007197801217271978,-0.10957359396070444,,0.7799022091502744,-0.006005689180907894,,,,,,,,-0.005695570243250996,,,,,,,,0.01988007878160656,,,0.0883958172252204,,-0.004695145282802077,-0.32576752698389616,
2019-04-12,,,,,0.1090888109353074,,,,,0.8123245570368928,0.023650879616250522,,0.12010370037617457,0.6757321136394383,,,,,,,,0.010557364522216216,,,,,,,,-1.4028393297134862,,,0.25744060758560133,,0.014081900188248678,1.1400774197681616,
2019-04-19,,,,,0.00413752801016146,,,,,0.07175954180194109,-0.04205946650581966,,-0.15856696855101712,-0.037444723803939,,,,,,,,-0.0008537779212714974,,,,,,,,-1.710690007821591,,,-0.11006010920073145,,-0.02222398988058398,0.5722757822240587,
2019-04-26,,,,,-0.0034066941050750307,,,,,0.023197629734165146,-0.2786409352333435,,0.16544580282502458,0.0611508359140852,,,,,,,,0.38893586701002203,,,,,,,,-1.2099331502251016,,,0.005518843445502663,,0.002492453237530605,0.02068664839149013,
2019-04-30,,,,,-0.0021680875947413794,,,,,0.012843724223309934,0.010763435915442881,,0.019693909863950525,-0.09421980531314832,,,,,,,,-0.010921742190184939,,,,,,,,0.25218035741559436,,,0.02027767199875567,,0.001354260161032722,-0.022884835413491213,
2019-05-10,,,,,-0.005065164597601534,,,,,0.009046599792511684,-0.02990004553147039,,0.47966895912765023,-0.4540581111924193,,,,,,,,0.35841307821446283,,,,,,,,-0.44312172753058626,,,0.2761132745910595,,-1.3912433678571157,-0.031095225091575356,
2019-05-17,,,,,-0.009426927552661973,,,,,-0.00024097865969621018,-0.7421592178712113,,0.129200088516431,-0.03237117556023854,,,,,,,,-0.0014137557333623928,,,,,,,,2.3320974965378816,,,0.058159718350221656,,0.0032223218362223325,0.26927632130416634,
2019-05-24,,,,,-0.004854156543591692,,,,,0.019119967977082635,-0.22729682120127354,,-0.00023834603502246449,-0.019188967254711305,,,,,,,,0.004779508258920956,,,,,,,,0.03206198307730508,,,-0.010701032861456794,,-0.06730199622733096,0.09013440634627894,
2019-05-31,,,,,-0.0024578861222008253,,,,,0.16616141088154807,-0.02363426561063696,,0.0879842378323668,0.04937046514248457,,,,,,,,-0.013841116875878991,,,,,,,,-0.42142140990952104,,,-0.06788681650820286,,-0.15804035220339435,0.035132369187087245,
2019-06-06,,,,,0.03617533327453297,,,,,0.0033809799338285528,-0.18381339526010967,,0.018372160381119322,0.16585292945859423,,,,,,,,-0.0004354254451892963,,,,,,,,-0.627125296140026,,,0.4192379069443871,,-0.0016596407671703763,0.16594230922547548,
2019-06-14,,,,,0.5149012012460684,,,,,0.03769403949154106,-0.09848700262363577,,-0.07436774172465821,0.025749940824587092,,,,,,,,0.10361782241284777,,,,,,,,-0.3178308985126851,,,0.03513705207803771,,0.009782824385813786,-0.6092239936302176,
2019-06-21,,,,,-0.08950437948818377,,,,,-0.030549342751255624,0.07272000704273274,,0.006505940695331185,-0.3911492310844322,,,,,,,,0.10552161913132593,,,,,,,,1.5154006478054767,,,-0.006752492848208348,,-0.03319871648342497,-0.16141725450823893,
2019-06-30,,,,,-0.017145262931284322,,,,,0.03745515078503316,3.006092580357141,,0.041662072621986915,0.0066379251806129875,,,,,,,,-0.0004934861526155305,,,,,,,,-0.11139104680537938,,,-0.012013554356672788,,0.004529084016582543,1.7542429046206056,
2019-07-05,,,,,-0.006996937257151062,,,,,0.0012319923071272623,-0.053514593355112376,,4.773197959565332,0.1605748216014375,,,,,,,,-0.008772242342544416,,,,,,,,0.45931873533757245,,,-0.1063796056893349,,-0.0032022613262183896,0.08237879968883091,
2019-07-12,,,,,-6.078515637318767e-05,,,,,-0.001060652936413697,-0.020910096399195808,,-0.057613834441532806,-0.013776854854502633,,,,,,,,-0.002363238350821972,,,,,,,,0.02325965329113669,,,-0.6397225423418043,,-0.03569437628683576,-1.8272203956907773,
2019-07-19,,,,,0.038943163484391974,,,,,0.0017868485580924958,-0.25533863536411616,,0.007499763976980482,0.01810129095214018,,,,,,,,-0.000734135969578663,,,,,,,,-0.274783639047661,,,0.25805095172926057,,0.016046440835367316,-0.017811489070799522,
2019-07-26,,,,,-0.0011973902226787355,,,,,-0.002466804261024411,-0.3274702595957508,,0.025148304067996397,-0.4382122225792578,,,,,,,,-0.000322937711910471,,,,,,,,-0.0706964496509343,,,0.5031450682424903,,0.002172523351026925,-0.9760641031875535,
2019-08-02,,,,,0.008949853488614296,,,,,-0.060823645219913236,-0.7984964392126812,,-0.14792985817683252,-0.17961235176763515,,,,,,,,-0.00475378068772103,,,,,,,,-0.01938071739664084,,,-0.008093306409040442,,0.0012904074044713084,-0.885036703344446,
2019-08-09,,,,,-0.005611077946054845,,,,,-0.23634834943746327,-3.192075403372312,,-3.8456043342432924,-0.20661531662721888,,,,,,,,-0.04979148548145004,,,,,,,,-0.12016929555501431,,,0.2033425059886028,,-0.002699875372212014,0.021641975987255126,
2019-08-16,,,,,-0.00910322341031074,,,,,0.3028158834126612,-3.2514772814080772,,-0.06667317476042986,-0.2774288083147667,,,,,,,,-0.5612287150459649,,,,,,,,-0.07885938422142037,,,-2.864749782467753,,0.0016807106573712997,-0.6317685151201055,
2019-08-23,,,,,-0.002974316848419857,,,,,-0.0056232200903320465,2.7382496948260666,,0.055272406522472076,0.030442299111954445,,,,,,,,,,,,,,,,-0.10581626302486397,,,1.5126033219252442,,-0.024309522578845735,-0.14113844542213141,
2019-08-30,,,,,-0.0027672661685755446,,,,,-0.013598342157951493,0.45974563464612395,,0.006972223617371123,-0.04096996823428534,,,,,,,,,,,,,,,,-0.9704653786158293,,,0.14986557904360798,,-0.01306341566657149,0.22514814758606946,
2019-09-06,,,,,0.026623003596588042,,,,,0.20450232160425744,0.06766667600851647,,0.2507346509588948,0.14416503324563953,,,,,,,,,,,,,,,,-0.35371599534144915,,,0.07068856491457766,,-0.6355086364008071,-0.6833104699258139,
2019-09-12,,,,,-1.7386857333286185,,,,,0.006498892352052846,-0.8366727281660336,,0.06301735488347908,-0.0036794917176778477,,,,,,,,,,,,,,,,-0.09857090644556171,,,-0.5939666409480185,,0.0015811317165579184,-0.3838845958426707,
2019-09-20,,,,,-0.02932795024635008,,,,,0.01657947853117989,4.273238950055942,,0.038457791653764374,0.002412968646854083,,,,,,,,,,,,,,,,-0.16808671809385325,,,0.0032446158400125697,,-0.002532742285406964,0.10311720864120383,
2019-09-27,,,,,6.782736402984046e-05,,,,,-0.0015726476404976904,-0.11576923401356946,,-0.0109829385044306,-0.38886764530489293,,,,,,,,,,,,,,,,-0.38190833306561045,,,0.042829322980780626,,-0.03460915708836033,-0.4068242218509912,
2019-09-30,,,,,-0.005852247840397466,,,,,0.005860823789511921,4.026810233831995,,0.028438230390173458,0.09759931173550074,,,,,,,,,,,,,,,,-0.24058383733034133,,,-0.5826473461058611,,-0.00766598912788393,-0.14608420936147987,
2019-10-11,,,,,-1.1018759596116339,,,,,-0.012977609987235211,0.4712525946964521,,0.9793985928982445,2.7872748649695307,,,,,,,,,,,,,,,,1.2165706433344787,,,0.07056815872567462,,0.0069756625379684715,-0.3276962158592828,
2019-10-18,,,,,-0.06556713051459315,,,,,-0.005158775282274646,0.012164793400712321,,0.34545052131304343,-0.6682545595452961,,,,,,,,,,,,,,,,-0.31179529897516034,,,0.05742164521243783,,0.07899182673410161,1.1517785391522382,
2019-10-25,,,,,-0.002958352908418125,,,,,0.26799142255138353,0.11563656090599832,,0.14010053577469067,0.2227109696476961,,,,,,,,,,,,,,,,0.11505702289289516,,,7.220852498687857,,-0.2833744142987955,-0.23304911490526448,
2019-11-01,,,,,0.10941366564100767,,,,,0.16168523277308278,1.6806853137730318,,-0.003555363203971663,0.08370434633502206,,,,,,,,,,,,,,,,-0.025254315424770475,,,0.021503767551052995,,0.0016058289656434733,-0.6848186207577518,
2019-11-08,,,,,0.011532934573418608,,,,,0.04271607593194779,1.0042947731311072,,0.0231016439768715,-0.13164978240236688,,,,,,,,,,,,,,,,0.06325970825061276,,,-0.012953238363276264,,-0.0033988915106770664,-0.07852796193951954,
2019-11-15,,,,,-0.019577380611819326,,,,,-0.017692017477601005,0.14070883519020635,,-0.007296590212151221,-0.5060354425346718,,,,,,,,,,,,,,,,-0.10589796576092911,,,2.584980289368124,,0.0006830234977557764,0.10062912875181222,
2019-11-22,,,,,-0.06092484241541451,,,,,-0.006839145405322666,-1.512383308812027,,1.7384212835523138,-0.66735363660066,,,,,,,,,,,,,,,,-0.04950354565239405,,,0.03352073114573943,,0.00130116184138894,0.049415713573542255,
2019-11-29,,,,,0.004186192539570853,,,,,0.06047810567461747,-0.17552912360747058,,-0.012892626646007837,-0.627919824333687,,,,,,,,,,,,,,,,-0.05051288587309812,,,-0.11636788272501153,,-0.5028899354826977,0.31728198157659554,
2019-12-06,,,,,-2.1026336008751403,,,,,0.6792424675650836,-0.2538804598180262,,0.035097423353207965,0.04986357947347625,,,,,,,,,,,,,,,,-0.7267135825054171,,,0.041345462857553306,,0.009209056875944819,2.8472074709504,
2019-12-13,,,,,-0.0031389174648651765,,,,,0.1549610731802704,0.6287550893646461,,0.26087847739121817,-4.0411855364522316,,,,,,,,,,,,,,,,-0.29977536233607477,,,0.053218761012213976,,0.0018490714127423994,-0.7550055145871918,
2019-12-20,,,,,-0.004913207294584555,,,,,0.0023282308389103567,-0.6450640774816915,,0.2501238308223001,0.11608127267848363,,,,,,,,,,,,,,,,-0.0028595293159635864,,,-11.215068759519513,,0.0041025516892605205,0.09578543053045849,
2019-12-27,,,,,-0.00271064346041773,,,,,0.004741152129194419,-0.0347970883463591,,-0.0661999257251003,-0.2720886409771279,,,,,,,,,,,,,,,,1.3931053356003464,,,-0.6065422705570258,,0.0014415309629933013,-0.6979804301752125,
2020-01-03,,,,,-0.025523832926199773,,,,,2.107800951773256,-0.4967245986869655,,-0.20601394301335005,0.015285334693458847,,,,,,,,,,,,,,,,-0.24286826802375835,,,0.5675748063607311,,0.0025171685023730353,0.47783244589655594,
2020-01-10,,,,,0.09105087429706224,,,,,0.01738613966486177,-0.2153955422907965,,0.910720353009108,-1.9379117343548025,,,,,,,,,,,,,,,,-1.045944691432716,,,0.0531505051815355,,0.01381206510993022,1.88691870881,
2020-01-17,,,,,0.010780861696007893,,,,,0.0006093126539778132,3.78146327630527,,-0.12559256490798806,0.024704302682719337,,,,,,,,,,,,,,,,-0.1538384437694786,,,-1.0327092632200947,,0.024888668196357343,-0.0659062680834304,
2020-01-23,,,,,-0.007145462871519341,,,,,-1.1231218918673105,-1.6524022423091598,,0.006272710605838594,0.021924248668813248,,,,,,,,,,,,,,,,-0.14990498011108014,,,0.07618432415104678,,0.0018016524042405294,-1.266065895144404,
2020-02-07,,,,,-0.035279481020985784,,,,,0.025779451264042297,-0.046338744857592234,,0.027568922665697174,-0.22065397069707,,,,,,,,,,,,,,,,-0.029928358842567032,,,0.17010529176347816,,0.0020440315822153,-0.09294261821610211,
2020-02-14,,,,,0.3130675500099262,,,,,-0.023812385566380278,8.33545074602143,,0.2046051023623141,-1.1815652472430946,,,,,,,,,,,,,,,,-0.3965290717739598,,,0.41896600386225313,,0.0201742100141387,-0.12345876965934714,
2020-02-21,,,,,0.020251387554775745,,,,,0.0034618910123113684,0.5639508478278139,,0.03738199638174046,-0.26734204853279203,,,,,,,,,,,,,,,,-0.037916829657628714,,,0.1691954355633779,,-0.015283350044832524,-0.0465986721182361,
2020-02-28,,,,,-0.055856874600267635,,,,,-0.02127786256594156,0.29378288530113644,,0.039411006591023943,-3.9099043992568783,,,,,,,,,,,,,,,,-0.749788921251488,,,0.4257129574152883,,-0.00271035080716564,-0.42699599914469094,
2020-03-06,,,,,0.06493170035172653,,,,,0.0030429165620071,0.9958769822585556,,-1.7024583917842389,-0.02238737376871549,,,,,,,,,,,,,,,,-0.7303404249977745,,,0.3477764691030584,,0.00999747178574942,1.6427353150681008,
2020-03-13,,,,,-0.00268583255494934,,,,,0.04528457648750251,-0.4226401435666933,,-0.23284964911715844,-2.8944387958801703,,,,,,,,,,,,,,,,-0.15487712241398402,,,0.03519336179593866,,0.16930032366111075,-2.5340702692746366,
2020-03-20,,,,,-0.022599310992766443,,,,,-0.07051518679802526,0.16826628868220708,,-0.025219008246658386,0.002977285709904562,,,,,,,,,,,,,,,,-0.04057488257482662,,,0.15238458282302003,,-0.07815398203306372,-0.7887888137026475,
2020-03-27,,,,,-0.0036939825425063777,,,,,-2.7472703341104405,-1.2679442335659672,,0.10400954832498481,-0.08239370649342241,,,,,,,,,,,,,,,,-0.1714882732778867,,,-0.04272520806690071,,0.11711728276930149,0.05214444872256848,
2020-04-03,,,,,-0.6033280695031833,,,,,0.0035336888378151845,-1.9304813996174575,,-0.35230253971764625,0.018093719389774998,,,,,,,,,,,,,,,,-0.0867697584646543,,,-0.34768325598341226,,0.013946377321336946,0.5700450424574499,
2020-04-10,,,,,0.011240617296908863,,,,,-0.006483474311938922,-1.6502287277301495,,0.02149454158948443,-0.05052407690888151,,,,,,,,,,,,,,,,-0.046972855901290356,,,-0.0026950570345817357,,-0.004803171044713982,-0.9805607077236618,
2020-04-17,,,,,0.0025676622387000945,,,,,0.13784633521211254,0.036605569040234376,,0.1055286628227221,0.005777531802087678,,,,,,,,,,,,,,,,-0.06842388011159499,,,0.948747485524341,,0.0064562966984012945,-1.0271962492779168,
2020-04-24,,,,,0.09825082999230236,,,,,-0.010146722982017764,0.3937704957513388,,-0.5134333139255944,0.20664417945464642,,,,,,,,,,,,,,,,-0.0835977510804785,,,0.0933546714333234,,-0.21707364526474487,0.07217500862285528,
2020-04-30,,,,,0.06255393994913568,,,,,0.18986949470992376,-0.6460306407929037,,0.2706523726636134,1.2151003774861735,,,,,,,,,,,,,,,,0.28365374614764577,,,-0.011718017785492776,,-0.10610194903748228,-0.04174807419627906,
2020-05-08,,,,,-0.8545410399964558,,,,,0.0032214144793840526,-0.09123480329575377,,0.31974567682332133,-0.10499106266852089,,,,,,,,,,,,,,,,-0.5192624094998936,,,-0.11381379303654948,,0.20204565734130814,-1.4791770466717962,
2020-05-15,,,,,-0.004549898766979946,,,,,0.04105889822767346,1.0292548480189065,,-0.7011347039574687,-2.352936452479648,,,,,,,,,,,,,,,,-1.610662742319184,,,-0.14842753104798856,,-0.0915430994338319,-0.45998132031808847,
2020-05-22,,,,,0.05753483668988321,,,,,0.12511318413600764,-1.4009782663214958,,-0.05058010936720399,0.10782169634491007,,,,,,,,,,,-0.00357704357402715,,,,,-0.08578806188912239,,,0.18511281955468362,,-0.9822348469075877,0.16560015197522,
2020-05-29,,,,,-0.02610937813412996,,,,,-0.007349699538114518,-0.967517546634267,,-0.05865496549862048,0.24659327402409514,,,,,,,,,,,0.11234008246115813,,,,,-0.4269121287575009,,,-0.5348279323187685,,0.009596638972608835,0.19786027791265562,
2020-06-05,,,,,-0.045287505350789174,,,,,0.024529913006023106,-1.0696499052009403,,0.6704369943708598,-0.15915851269104594,,,,,,,,,,,2.937297133454041,,,,,-0.15728285275742798,,,-0.06662243995329728,,0.0009683983585783906,-0.011620520400798154,
2020-06-12,,,,,-0.004529654097667919,,,,,0.02795230048568394,1.3378246656200774,0.31792736409306177,2.281116579520899,0.010385598738963655,,,,,,,,,,,0.009253926067479434,,,,,0.24259996860135763,,,-0.18998347947688152,,0.013747750578853113,0.4264736507129501,
2020-06-19,,,,,-0.21700071090055312,,,,-0.011202089745656328,0.012995104282643135,-0.02311762014343582,0.03764614350079402,0.01395465616720366,0.05001298193626628,,,,,,,,,,,-0.03939684284048155,,,,,0.06701115881324138,,,-0.1274286839331487,,0.003112995100169075,0.07488809739681904,
2020-06-24,,,,,-2.8259288741118254,,,,-0.005699971466311474,-0.10138272730090647,0.1698075302186199,0.8624093775908162,-0.007983393126137758,0.7626749471524504,,,,,,,,,,,-0.009171017642064329,,,,,0.1417126330329994,,,0.15439712828138985,,-0.5204237248219816,-0.9215804885676537,
2020-07-03,,,,,-0.007244359099384591,,,,-0.08778485061774702,0.0055854814231250955,0.2478425756619999,-0.05225532411664633,0.006385775061330176,3.375461359356899,,,,,,,,,,,-0.061090196022235595,,,,,0.24944999398123058,,,0.006753836509513492,,0.02902286056081486,-0.8979755606035689,
2020-07-10,,,,,0.32868048061135924,,,,0.03554779537185841,0.003639858603176959,-0.6748893289894046,0.031336763583544695,2.356893251288083,0.3197816126969389,,,,,,,,,,,0.08442708581655729,,,,,0.05723076525124826,,,-0.30618947065975305,,0.17944915005182852,-0.56074337610629,
2020-07-17,,,,,-0.0104273434257428,,,,-0.0031376396000548914,0.07017018319336425,0.06523153082257314,0.17389006603961274,1.3516296231234246,0.022503221227314685,,,,,,,,,,,1.1624306479222444,,,,,0.17007971486322987,,,-0.045267159789691466,,0.000622063903060452,1.8056891093272982,
2020-07-24,,,,,0.1038670290721638,,,,-0.14145783902942458,0.007576534160342696,0.31806074726953304,0.013349547817295379,1.437152441840105,1.0202745716133503,,,,,,,,,,,-0.10853251164026959,,,,,0.06743440549872015,,,0.18267415461682246,,0.017681916181969615,0.3056833547120993,
2020-07-31,,,,,-0.020449350102800603,,,,-0.06968600217502213,-0.2150249438099754,0.02125585960935275,0.9220356575614843,0.08954585085304334,-0.03517744680994226,,,,,,,,,,,-0.005085914455537386,,,,,-0.04657258903270034,,,-9.369615435926782,,-0.0453631382406208,1.2853428462976961,
2020-08-07,,,,,-0.0027529980099202833,,,,-0.009599696898971093,0.005710266510421811,-0.7787450233458518,0.32736151232708105,-0.16275892550692794,0.08294699437027188,,,,,,,,,,,-0.02624231129603717,,,,,0.8334889219829104,,,0.061418126125284966,,0.16469864892046596,-0.4029262893979209,
2020-08-14,,,,,-0.40835414175767415,,,,-0.024223743201448888,0.01332476996562562,0.36982198699685026,0.0019235223284058455,0.005161264641721817,0.219176941629239,,,,,,,,,,,-0.006615840369498761,,,,,-0.025920051086589065,,,-0.19049963540662543,,0.0011817271632802958,0.013494673628708036,
2020-08-21,,,,,-0.01454004261234582,,,,0.013840322435046092,0.12130559548238162,-0.009527794810192553,-0.030188816002675326,0.005219965618596498,0.050355956268921975,,,,,,,,,,,0.013765836357022861,,,,,-0.06605942654553824,,,-0.7846517151115593,,-0.11856066049402036,-0.5299532278075925,
2020-08-28,,,,,,,,,0.015676553123069273,-0.009815987013159921,0.10754192529929135,0.0259981753000917,-0.35476401170489513,0.9316142229204625,,,,,,,,,,,0.377291738271026,,,,,-0.014030174864980916,,,-1.0365497267027153,,-0.35892674691151316,-0.42018809597481066,
2020-09-04,,,,,,,,,0.0003628149994757044,0.001517616319786066,0.44565911242406386,-0.00729107073978853,0.5057425271214276,-0.12427570110438535,,,,,,,,,,,,,,,,-2.0170401625435366,,-0.012079317220542734,0.31849916112808274,,0.004482917247557122,1.774866887801467,
2020-09-11,,,,,,,,,-0.003154810104696295,-0.6526109664043666,0.3878234959238029,-0.007481681219689625,1.0077272973712017,-1.092781811389075,,,,,,,,,,,,,,,,0.0007768553436739104,,0.0041649636897339234,0.024752506049163896,,-0.003925422081842754,-0.0972257133391467,
2020-09-18,,,,,,,,,-0.08040819784376703,0.09702312972203775,-0.027075272003588446,0.35685525121611006,0.006049853881551007,-0.19846159616803832,,,,,,,,,,,,,,,,0.27962412066389847,,0.000527200215770515,-0.04012442958200491,,-0.006358168458572691,2.1721636036160876,
2020-09-25,,,,,,,,,-0.002957003485623538,0.005651520566363225,-0.09969893481654521,0.22279360465847664,-0.003842306114393345,0.05537844827727502,,,,,,,,,,,,,,,,-0.14687007131073435,,-0.00507923100478287,0.36138915545645295,,-1.095586290629545,0.09813477985674537,
2020-09-30,,,,,,,,,-0.06012737075827841,0.10589077305222208,0.33722032744636676,0.020019654648080396,0.4144318597516846,-0.038002402462911034,,,,,,,,,,,,,,,,-0.492154325283496,,0.004291325391272151,-0.016209661495207982,,0.0025959490333589395,0.035251118941435816,
2020-10-09,,,,,,,,,-0.14456517328368085,0.06194872963982295,0.1019250535651064,0.06105780455802647,-2.0506614670299403,-4.144786366582931,,,,,,,,,,,,,,,,-0.13366517931806654,,0.0007246357245915291,-0.131574100148874,,0.022939643381643025,0.08868091444427215,
2020-10-16,,,,,,,,,-0.03441130620527021,0.6023314970935693,0.162695425992255,-0.032392512336550834,0.001441762063530329,1.7135874738238235,,,,,,,,,,,,,,,,-0.17016581082234308,,-0.0548718683896956,-2.337919236095831,,0.013129202913561563,-0.31430225945560564,
2020-10-23,,,,,,,,,-0.0023876684746694837,0.03668617709551389,0.2860827704405319,0.1764572489240694,0.9224915507013907,0.013669894935774436,,,,,,,,,,,,,,,,0.22502814834709559,,-0.8480682621124019,-0.32233699648372377,,-0.2855774937588907,0.2727494708263504,
2020-10-30,,,,,,,,,-0.002091275172356229,0.011685931606962532,-1.393299894900827,-0.011512184168949734,0.01720717524646104,0.03966446581140411,,,,,,,,,,,,,,,,-0.08130010045059757,,0.010593401446777033,-0.056117215930323025,,0.03183041731425595,-0.09227298642392043,
2020-11-06,,,,,,,,,0.02701691749673605,-0.03515545868224946,0.09430573827683217,0.059124556481070095,-1.5471459575419302,0.43608237678944406,,,,,,,,,,,,,,,,-0.15160393724548943,,0.0007109588871470417,0.6781491400727528,,0.002814757094337345,-0.7546265070549825,
2020-11-13,,,,,,,,,-0.024784484837119224,-0.06656405106226589,-0.06063572620955733,0.0017991305881429323,0.006898492617303914,0.6271398315001273,,,,,,,,,,,,,,,,-0.09221739793514881,,-0.18337384818223132,-0.029046062903296983,,0.016584843690752502,-0.15232069128913192,
2020-11-20,,,,,,,,,-0.001162915782432151,0.0200414197805302,0.08252885924965254,0.0010275865853177904,0.02938316322678687,0.2714738824377766,,,,,,,,,,,,,,,,-0.3570148323722586,,0.018433621028164655,-0.21977282719409066,,0.0011158512368942206,-0.17229801903686354,
2020-11-27,,,,,,,,,0.0028691285525831826,0.03995132992445048,-1.162918633436969,-0.013743585154732618,-0.008120510765941705,-0.6259422407422119,,,,,,,,,,,,,,,,0.0003934219087342941,,0.0002918212674100125,0.06142777062441566,,-0.0014659633211291266,2.937810575552567,
2020-12-04,,,,,,,,,1.8651001844128672,-0.4808329438396014,-0.07965108896769096,0.048391253031862265,-0.021158164718590444,0.41044913715927184,,,,,,,,,,,,,,,,-0.03932323520556976,,0.06726903941555115,-0.1193550126016306,,0.1560108740768293,-1.5334208580129143,
2020-12-11,,,,,,,,,-0.006542680632994389,0.002813653609314403,-0.019828377483894377,0.018739895952397844,-0.10293410842474081,0.8154788348980103,,,,,,,,,,,,,,,,-0.06272201160270052,,0.055050171943355736,-0.232032349635083,,-0.009715221516144592,0.09238272088470327,
2020-12-18,,,,,,,,,2.4170503214939414,-0.39619983788003965,-0.6535433632794697,-0.0049210359548291244,-6.618409508348821,-1.4717451677206541,,,,,,,,,,,,,,,,-0.3526290724901152,,-0.049060381868103325,0.2735190269008738,,0.000574505537024728,-0.9934360927493121,
2020-12-25,-0.10136510577223057,,,,,,,,-0.0581790977656578,0.05452157874131276,0.3367470266522641,-0.3915845736424337,-0.05142414209748622,-0.016898007879386057,,,,,,,,,,,,,,,,-0.0022365145492649757,,0.0008102399895020248,0.0068315388233732965,,-0.7948835237148246,0.40496449889812525,
2020-12-31,-0.0008942581416208206,,,,,,,,-0.05953145219149195,-11.747588802462525,-1.0002613514653615,0.14117799173470963,-0.4880967356538449,0.8045348510155175,,,,,,,,,,,,,,,,-0.4314830712573181,,0.045532122585028964,1.2828346618506614,,1.1635167653782066,-0.39606670153680573,
2021-01-08,-0.012665518748207696,,,,,,,,-0.1358354191119844,-0.20882059440598474,0.11116257681788272,0.0164061806276094,0.09519669314583729,0.4264695766084656,,,,,,,,,,,,,,,,-1.0870831517018804,,-0.09716255064384602,1.4391137967032441,,0.045452499129916196,-0.10365585627910753,
2021-01-15,-0.010173086929450546,,,,,,,,-0.0025984418567348527,0.00033505139085754365,2.0108799806675712,-0.0019717469508102325,0.5126064867035112,0.11095551076717439,,,,,,,,,,,,,,,,-0.47092854674534534,,-0.5762292606645607,-0.08750809719956523,,-0.13445492370919304,0.5822090315621771,
2021-01-22,-0.03929106564068365,,,,,,,,-0.40447733831546684,0.007064786005357319,0.5797900530877558,-0.25874784494791225,0.01650159585567227,-4.237026731631941,,,,,,,,,,,,,,,,-0.061934833624384844,,-0.17479446514692365,0.2756936292170922,,0.37798908504654793,-1.076916894183694,
2021-01-29,-0.0010546835214769949,,,,,,,,-0.22090645082916152,-0.16354853934810362,1.255020692401859,-0.6009073166631427,0.08097135244194326,0.2222569534142863,,,,,0.007097891492080723,,,,,,,,,,,-1.4710884321067033,,0.00172489685280469,-0.12678486767024916,,-0.21162436367326967,0.041005255752744274,
2021-02-05,-0.0267927453862228,,,,,,,,0.1308549520054411,-0.1825133870313622,-2.566336127997374,-0.041373593109805554,-0.008400635633086547,0.07764120008838686,,,,,-0.018426711806984818,,,,,,,,,,,-0.05450595567340073,,-0.1397895098200038,-0.04269638999458552,,0.0611025956255227,0.02991166564890378,
2021-02-10,-0.11050659984054287,,,,,,,,0.06418167635874289,-0.010117250285310716,0.28311464786297746,-2.421655506799488,-0.12552625505179185,0.7824264177453588,,,,,0.0045810823166292924,,,,,,,,,,,-0.11712292825138952,,0.006624731058279651,-0.3684939251868323,,-0.03532428128069234,-0.4517152592874754,
2021-02-19,0.4039561882236755,,,,,,,,-0.005368329977452459,0.0859358512387863,-0.013706256772318251,-1.8565951525324538,-0.052139313456175874,0.030699058972323903,,,,,0.11389718072718603,,,,,,,,,,,-0.41556800120796455,,-0.08449151943806185,-0.047430814845683,,-0.015506623458750767,-0.5681922043693599,
2021-02-26,-0.001640416442627253,,,,,,,,-0.0027313989276473074,-0.005081957093942036,0.7982986079795735,-0.05528842864281676,0.09616593335929283,-0.14688975108441038,,,,,0.018765923652195118,,,,,,,,,,,-0.2694632098594511,,0.07224594427285014,-0.20019583870831253,-0.4761037396447818,0.3303613010080973,-1.319597873850913,
2021-03-05,-0.03167234714930994,,,,,,,,-0.1136245280090228,-0.005031492734042929,-6.779899737626894,-0.12163633618464897,0.008744781717538543,-0.08083900167611582,,,,,0.13948451146033108,,,,,,,,,,,-0.7561866532955677,,-0.20886344815639055,0.048636328480089766,0.1939089557438131,0.03458413080833857,-3.695635552777373,
2021-03-12,0.0009112688156041129,,,,,,,,-0.007146267989851741,-0.13743384674151832,0.7403325551807253,0.20030483347074504,0.060556937442279954,0.1283464618769955,,,,-0.005552553296919232,0.34181776745176723,,,,,,,,-0.05588471076193408,,,-0.010601313735300544,,-0.26835225394155854,0.052836849642314956,-0.940656245139858,-0.1947577097068339,0.5829137235506217,
2021-03-19,-2.5957797329460206,,,,,,,,-1.6548176436699502,-0.01744476984340355,0.30706849125738206,0.18604333203887014,0.02637133465045349,1.9397404653827577,,,,-0.016230304066579205,0.2193774658709887,,,,,,,,-0.03347439069069379,,,-0.12025847466989038,,-0.061975744240761355,-0.027352585363134743,-0.0034778671331455015,0.13469905163371246,0.06012428263133024,
2021-03-26,-0.0028859881049406854,,,,,,,,-0.39348502444961087,-0.020388585462631042,-1.3054120996506684,-0.14441469986279928,1.9181797856146467,0.20113181663614146,,,,0.07051513222770878,-0.06929554071349778,,,,,,,,0.0023426355965375407,,,-1.8603356968375637,,-0.23732021656086336,-0.01623086390695898,-0.00916596496614544,0.30894649900677673,-0.19115627483631603,
2021-04-02,-0.003205093037818192,,,,,,,,-0.18321368804034865,-0.42196199147307023,-0.30714765773745195,0.17470690456977978,-0.058160717694664604,-0.025270355307856013,,,,,-0.014071322137382776,,,,,,,,-0.011997481956437092,,,-0.18190136057384962,,-0.7608383421734731,0.01078290831601833,,-0.11222942539557386,-1.5547602167581867,
2021-04-09,0.5915192352128863,,,,0.03726910995774945,,,,0.012610681943560678,0.12653134926105336,0.0038299656617826784,0.27987806813281424,0.06279718629535389,-1.0002613495485018,,,,,1.5297041245807468,,,,,,,,-0.00999547107129241,,,0.008852563832309712,0.251909704700444,0.1614123818796848,0.0029897307412756775,,0.19553483324084994,-0.11489828850647774,
2021-04-16,-2.9979627103115587,,,,0.041512440805714576,,,,-0.8951970650264514,0.28023798468869404,0.058092043817589235,0.806190937518931,0.02867494672688621,0.21835686012782923,,,,,-6.441811237619192,,,,,,,,-0.20705112363878853,,,-0.8474455690647918,0.15501717987807923,-0.47178949822360905,-1.3091230887133873,,-0.0010973261084978557,1.1849850690877999,
2021-04-23,0.023308448373994078,,,,-0.40402402610372107,,,,-0.01021136782360617,-0.10382513194142136,-0.808007180525955,-0.19465593238953394,0.00521076611395974,0.007393867358535353,,,,,-0.9588149728019348,,,,,,,,-0.01832758563891391,,,-0.08396217365937939,0.04391075972102276,0.8750489388556336,0.049366996385375596,,0.059543472595732505,0.6098282057305456,
2021-04-30,0.5611544946260844,,,,0.6416346370650408,,,,0.7192486883784323,-0.056460927752786626,1.0107211365784359,0.22753197501212316,0.018322427512848384,-0.15469900862436375,,,,,0.007401825192316587,,,,,,,,-0.05270193971933046,,,-0.20578244873108306,0.0021412565626654613,1.6900851282039924,-0.41962333033871857,,0.0075983441153993974,0.38249484635717507,
2021-05-07,-0.02001418048135343,,,,0.011696724979868055,,,,-0.8723542281594644,0.01631479977358348,1.2951556705149678,-0.2413949026159474,0.00554260129485651,1.0844036028344288,,,,,-0.7832850844097069,,,,,,,,0.02085876618047547,,,-0.019330719267774243,3.1900587976594235,-0.18348743926312727,-0.026130200714225574,,-2.3052686615981965,-0.9145850590254452,
2021-05-14,0.0064023314376996585,,,,1.3924714908112659,,,,0.036861814105227125,0.014445460886643323,-0.7564246517591345,-0.1277536044568411,0.05501966746634629,0.42009380940833696,,,,,-0.02325466753937209,,,,,,,,-0.2751666329338942,,,0.15916153682549902,0.0020579142417799603,-0.1654191196203671,-0.004284040170937502,,0.2385571318086476,-0.2700705443964218,
2021-05-21,0.0022943711118896776,,,,0.10298747940569411,,,,-1.9064369967349424,0.42213906420991953,-0.009028161143635915,-0.5832203971317516,-0.0018701163447181236,0.14229646924397754,,,,,-0.3770695122547658,,,,,,,,-0.2781927191790371,,,0.13515757686568225,0.02448927812990029,0.012275405671753037,0.05435774081437896,,0.19207419583279597,0.6663890309672568,
2021-05-28,-0.24968917093879128,,,,0.5264302581078435,,,,-0.005331102521400572,0.23812443025718336,0.007236719314065279,-0.6658879085859079,-0.009503045277910075,0.011235738941941341,,,,,-0.1624596756616216,,,,,,,,-0.23427613839143438,,,-1.721718700766193,0.0012141045656618027,0.7176518713739471,-0.009248057139175073,,0.679069298457027,-0.3558489160523425,
2021-06-04,0.0018963981003536317,,,,0.02927779520748685,,,,-0.0700163475657356,-0.02681778694812145,0.6822038646637633,0.5601601592319833,-0.3619105323264624,-0.06761661298542895,,,,,-0.4456307948993431,,,,,,,,0.09384323318293376,,,-0.12128315299621055,0.15829131112548359,0.18944677496285553,-0.0037904444785619392,,-0.025802819871003555,3.435227938393306,
2021-06-11,0.02942233152758421,,,,-0.09683337309554041,,,,0.006229734489614039,0.020906529215467106,0.1508264835343731,-0.5883305985230993,-0.040603177293117104,0.3113304540800689,,,,,0.320621629089632,,,,,,,,0.16687866448695016,,,-0.0832825001033212,0.008174795112036693,1.128524056632461,0.3969001787273258,,-0.030139719878165508,-0.8080171293058163,
2021-06-18,0.000921443559021327,,,,0.33825330831928013,,,,-0.0016964832501239924,0.01169626869501533,1.0349265340195504,-0.11474796608297806,-0.03755956720187529,0.004715972301647081,,,,,-0.040426980678978874,,,,,,,,-0.2488660100180207,,,-0.0063922770512191435,0.03075231544343865,-2.6223141762335036,-0.0334892359236167,,-0.3566607229977322,0.0002922464732359742,
2021-06-25,0.006894242547516162,,,,5.524700478263765,,,,-0.024560034371000725,0.41842088869348065,3.2506306284886923,2.1930591505498107,0.49323694611646146,1.8557261543969066,,,,,-0.30291279897044393,,,,,,,,-0.5044571548378038,,,0.051322238385996706,0.011990393911468177,-2.751727797706172,0.4059634912941037,,-0.0019471467816335308,-0.08510391879038355,
2021-07-02,1.3828841718479195,,,,0.010729417269132794,,,,-0.03990277229732802,0.0358107039247461,0.29555403327227026,-0.09426100554386085,0.3041092540380518,1.2827649028339434,,,,,0.09847457425567888,,,,,,,,-0.006203969165093087,,,-0.028616055077949815,0.0452189685132984,0.010257410542216374,0.005356700938295487,,-2.8807380161928418,-0.3416086451530063,
2021-07-09,0.009921340688198162,,,,0.050710345347748875,,,,-0.2048368657692629,-1.2398845708042665,0.6380137080098413,-1.1892944523618794,-0.020581020444263257,-0.08842804630824719,,,,,0.9226605100460865,,,,,,,,-0.282854106691145,,,-0.23510395553467103,-0.011303619105434308,0.5378967119472274,-0.002386417277900143,,-0.005975695740051553,-0.15181124592952366,
2021-07-16,-0.0207156159277272,,,,1.005729609046704,,,,-0.048382335818539776,-0.01535178444782769,-0.051686885806438154,-0.056426902816406534,0.22144849763179952,0.06096983261166665,,,,,-0.10490370756412463,,,,,,,,-0.5861050900894191,,,-0.8865128170293137,0.011477629046433487,3.571942332369825,-0.01295155185900275,,-0.055419089891702,-0.08061034331932532,
2021-07-23,-0.07931179905318449,,,,0.24725505601779177,,,,0.1657320621867911,0.46926403691966256,0.029883146666643205,0.42661656994035635,0.08117638283253119,-0.06399065375846592,,,,,-0.5226075736399882,,,,,,,,0.06892888166824401,,,0.12992397169961584,0.7695155122383606,0.8756610068337711,-0.17276764477410056,,-2.00110523355875,-0.16523234628733985,
2021-07-30,0.05776012296895354,,,,0.020886023789401853,,,,-0.05329643969568141,1.8921550646658905,-0.006734268719368296,0.7740210055373903,1.4554630539782405,0.7268013041219201,,,,,3.2086584033227226,,,,,,,,0.04982135469580217,,,-0.01693919621600171,0.04013244720458258,0.09012649547103954,0.08248050961640217,,-0.12015203589220046,0.45255174660232006,
2021-08-06,-0.005739878158926355,,,,0.007495895539727292,,,,-0.015033907075433684,0.07086883071653491,0.010466365904150426,-0.0921231873650024,0.2833330215590105,0.22667385803250395,,,,,2.5368827643521237,,,,,,,,-0.05620114418202349,,,1.3355890712123626,0.017816784339082743,1.957192935115819,-0.0027309605617508374,,-0.005799527491077048,-0.29246383218927446,
2021-08-13,0.0012475419552700818,,,,0.0009373330204691135,,,,-0.17698562099896747,-0.5774405020308038,-0.8812963096413469,0.42641720140259565,-0.25357102385236113,0.7859577393606034,,,,,-1.8321231718696214,,,,,,,,-6.512548922669482e-05,,,-0.6508862826995284,0.023621729788911965,-0.015834624241238285,-0.0032552222169398015,,-0.029812208470545422,-0.9635628639783979,
2021-08-20,-0.06565786225942935,,,,0.506959620304724,,,,0.1961543012882454,0.0010839354090299022,-0.09313195102826721,0.07627004803066535,-0.00995490605390879,0.14846076618943924,,,,,-0.7019757253164379,,,,,,,,0.03175084664192461,,,-0.8788818032556361,0.0005890609502670458,0.002532243868046403,-0.7948617686482328,,0.004327748744066303,0.5038667016717794,0.0015289726308311603
2021-08-27,-0.019282694981909373,,,,0.031216211569059404,,,,-0.005282476249125721,-0.11284712947200568,0.5041919051553577,0.17471146384908204,-0.536550673186132,-0.10763592229811136,,,,,-0.7223555620415484,,,,,,,,-0.027107536544990346,,,-0.012831385191497659,1.570361705866887,-3.021526549642205,-0.11332169973557145,,-0.2748996074635841,0.11917382623767961,0.002463724297743235
2021-09-03,-0.003208330540588028,,,,0.005327989471482352,,,,-0.01256907354766202,-0.08258364288387289,0.24315517101636921,0.1332926954021415,0.02785862865280786,0.17168968130301734,,,,,0.4682846916741454,,,,,,,,1.0813378483657474,,,-0.0819478004693151,0.25119374879710393,-2.2455358738845845,-0.29483851059918315,,-0.13233392927412532,0.2392985739227131,-0.004255535554271306
2021-09-10,0.00170168187421127,,,,-3.043009607131711,,,,-1.15484237011838,-0.1997022971501251,-0.781955642256318,-0.010308898036043977,0.07082928732455991,-0.1898017469145437,,,,,0.036507868000741746,,,,,,,,0.007829931193841445,,,0.012642843543039711,0.013132386337041294,-0.010301873966560814,0.34528289751479957,,0.21509539351345602,-0.6635971288977021,-0.014442252695450505
2021-09-17,0.06663548474540507,,,,0.04483347138546171,,,,0.2401080684817844,-0.01720806212721794,0.04087329303393915,0.12089654146803902,-0.19420551253484364,0.25455055111362057,,,,,0.032689172207291985,,,,,,,,-0.07144283021644533,,,-0.2504039457387231,-0.011312633616687447,-4.155132006206702,0.8566049307511978,,-0.014081217283820599,0.0012096389261163389,0.004948413200039031
2021-09-24,0.18135837362420432,,,,-0.6877568851547339,,,,-1.6473696336709298,0.018312010008938475,0.23949902361900968,-0.04006097433932238,0.36956344796086327,0.5281591780010495,,,,,0.39878263648468026,,,,,,,,-0.5882801657184881,,,-0.12843670524992637,1.6275615448729173,1.7743002535199275,0.10132741784640442,,0.03319069875643198,0.11287288352319443,0.002036926009815887
2021-09-30,-1.299852297272201,,,,-1.4196055627833388,,,,-0.16491272225520415,0.002520481960272304,-0.1630404554320205,-0.563826207654725,0.003365422150766082,0.3078948755284632,,,,,0.31172046282894794,,,,,,,,0.1090162196546625,,,-0.37042621442744195,0.020002777968930276,-0.051521805966820856,0.06333460057627702,,0.05983032114080468,-0.08982226357617767,0.0038004281572722033
2021-10-08,0.1447571029715955,,,,1.028979908359222,,,,-0.4096959272185391,-0.03016956947206835,0.119287531432337,0.2623522301653325,0.06476142673991012,0.010642262517020204,,,,,0.6682133318683758,,,,,,,,0.039329363700144795,,,0.04159922074845867,0.020411263479014268,0.22391214868302586,-0.06434040506033607,,-0.12208398567865075,-0.31084189864316264,0.18568845809366302
2021-10-15,0.13758926225714205,,,,-0.9992504821561923,,,,-0.023999081771901618,0.06769783113217634,-0.05406562093787597,2.0605112107272925,-0.4235571632681395,0.0794339092859749,,,,,0.3240317627278805,,,,,,,,-0.08195410000440284,,,0.0760775738153916,0.006446828386916085,0.5782088799424336,-0.3013910764296325,,-0.011511998349326244,0.4594729404126633,0.004197701033586136
2021-10-22,-0.37679944829074025,,,,0.006863484010337864,,,,-0.01610660917375983,-0.04455157263519525,0.5536517163619606,-1.283972180261575,-0.1770403989844033,0.10320922748425379,,,,,0.2945137677294914,,,,,,,,-0.44356473393474705,,,-0.2420162070993731,0.06086628096120362,0.0108050037393208,-0.7390837990064651,,0.03201165131771439,-1.9701172565834357,0.010303545425904214
2021-10-29,0.3435817571038898,,,,0.0077037618938231986,,,,-0.0011302437102846926,0.8093644016763077,0.05970307487076759,0.17407844364716832,0.6775828703973579,0.4694443068520484,,,,,0.024236795657898585,,,,,,,,-0.025570733595354278,,,0.6744272922227746,0.021718553184517417,0.03851849600554055,1.1394428298393535,,-0.022196959668371718,0.2665225898579277,0.08220851800755684
2021-11-05,0.09811718433943964,,,,0.019150765186440412,,,,-0.019334055144548962,-0.004756383899644344,1.4650552311276548,-0.07727133312371531,1.530926048762789,0.22601466593134856,,,,,0.10125248253525447,,,,,,,,-0.2464930158365507,,,-0.08738743941317297,0.02313013064480362,0.01002977037007596,0.10241150560719695,,0.03140077118076059,-3.189682752712594,0.0007862098128622107
2021-11-12,1.2024725788761004,,,,0.0023151955554746775,,,,-0.0017829818657021275,0.1030544767232136,-0.0038358792862355634,-0.37003014303977505,0.06264342299815494,-0.16352400736302963,,,,,-0.0483610547717789,,,,,,,,-0.0606613627722487,,,0.16873220903143668,0.03215851845896412,0.39705338149588476,1.518225289751642,,0.5530264111109635,0.04592710614115286,0.017939639385956607
2021-11-19,7.1800947335784855,,,,-0.13187784951695913,,,,0.050701707372193636,-0.013571484956909696,0.38442711830830467,-0.9659528290667211,2.088792547505707,4.620684257809784,,,,,0.8694521983245362,,,,,,,,-0.025431760466602473,,,1.4146102997833894,-0.01309723699459284,1.9438335763253836,0.6851905768427745,,0.008357217441070671,-0.017131477322920613,-0.014784801259583008
2021-11-26,0.013939850661477543,,,,0.00217347332073337,,,,-0.30738459228981385,-0.01926168003714349,0.06966139159781569,-0.08961380791388596,0.0214770905701865,0.05900965601910237,,,,,0.07017961907990268,,,,,,,,0.08828612390633765,,,0.10268396820040052,0.014610874557165277,0.8751167316660315,-4.264927279006765,,-0.13405571976082262,0.19366250059345289,0.06285932088720253
2021-12-03,-0.03577593479299868,,,,0.0017294247429471901,,,,-0.016441562398581577,0.0040138312477874735,0.17968940820542323,0.2525191899031708,0.6161426908947973,-0.30241477608263356,,,,,0.17251879976138754,,,,,,,,-0.06224252713075738,,,-0.5802797121474876,0.15837786402932505,-0.041705847882020856,-0.40989367394505444,,-0.021032149014629152,-1.1181094590171299,0.022960351430119215
2021-12-10,0.6555611214058735,,,,0.002035261773986794,0.007347191972470849,,-0.36026751004821456,-0.0026579234649415206,-0.6911516889845416,0.23947112754915112,0.03429329694956568,-0.23048551437794682,-0.42229824729883214,,,,,-0.004898226586263517,,,,,,,,0.18334765859068067,,,1.2098684967237805,0.39349774226804907,0.34415421336178886,-0.35446519413928146,,-0.0004215640385816242,-0.6476649625604769,-0.01833348208800919
2021-12-17,10.014798642218329,,,,0.02132108177489199,0.0029111034034863363,,1.022957604564627,-0.11119394599870781,-0.07717619982852009,0.0765225090386108,0.2219111857632431,0.040688292503292756,0.04968466213038335,,,,,0.07711681078967425,,,,,,,,3.2982788516036647,,,0.5129035286571393,0.00692813150233127,-0.21419244116020628,0.17227110383088529,,0.11995141092680518,1.9842150198727377,-0.0184979274055085
2021-12-24,0.23082792753013226,,,,0.003664599553977525,0.026900482939213856,,2.3875959534404503,2.396050318024532,0.30324882467527664,1.075008334048566,0.3602000858220627,2.5698916997267447,1.0027642898002536,,,,,0.31329064139291934,,,,,,,,0.02304652380977775,,,0.16638130335350762,-4.5635681680935996,-0.058230061747942534,0.19650418229068806,,0.6547536462974868,1.479015241803991,0.013183409592920638
2021-12-31,1.9414968119961749,,,,0.9601634944015234,-0.02314330981790958,,0.6034575321467363,-0.002777293583809842,0.008424789280687189,1.5115187427486065,1.4084878572664383,0.06544880452578868,-0.07497859081013111,,,,,0.05210571634347193,,,,,,,,0.4995942487403932,,,0.030221593453793542,-0.0768655475598987,0.0017899528573121215,-0.07712873138912475,,-0.5524022365204591,0.4012713793346734,0.039977467245422005
2022-01-07,-5.971234566054382,,,,0.0017113113383403723,0.010024496476371563,,0.2964847613156406,-2.5448815838547056,0.029772554862384892,0.7667949016887906,0.12484815781453218,0.02053238669752514,-0.09722116373126355,,,,,0.055822459371634214,,,,,,,,0.03353658160160461,,,-0.3363820786545757,0.5150979461718049,0.03902460910355857,0.2699290954554047,,0.033897571203457266,-0.2188708570521513,-0.0784169412039168
2022-01-14,2.1881625821993222,,,,-0.19745364536608853,-0.007497330663662037,,0.3937929386941116,2.419279094627682,0.2854071875790554,0.36497272042013806,0.372986656605038,0.019342188654384123,-0.0974445981197311,,,,,0.5908889529743468,,,,,,,,-0.3019747561764613,,,0.0027252470414601236,0.07002676129297064,-0.19211831943834823,-0.06920062438755387,,0.2052084572981727,0.6565277649034633,-2.019238915121816
2022-01-21,1.4550632071838399,,,,-0.0874295888456654,-0.10714716406934074,,-1.8989035182037435,-0.03263709431594733,-0.05144333590502591,-0.21176838225277175,-3.316380914790782,-0.03767524940110907,-2.072356017023912,,,,,-0.9902566682448349,,,,,,-0.0072843297137408294,,0.09919754691836466,,,-0.15739448180575186,-0.015295625513077313,-0.0050367032690122404,0.13902809982168712,,0.03570848101796634,0.13722681186404836,0.005652629856082495
2022-01-28,1.9096788758140257,,,,-0.0013798709399280202,0.7035570831269538,,1.1214476506304392,-0.10291049298018579,0.07547183900274128,-0.11384733754090115,-1.9580508588414764,0.039802135509532995,0.1558422973406197,,,,,0.0016412413174692678,-0.1568965197055125,,,,,0.0028419446444383364,,0.09029657992042293,,,-1.387508350863262,0.38433642236955895,2.5877357983986604,-0.04335518089364662,,0.05649794973927017,1.2973196062314618,1.916355473214836
2022-02-11,1.3314590887680804,,,,0.050908594545153625,0.0071269393113109515,,1.6807107881432297,-0.15561974806170573,-0.35455839220903823,0.04516628315366219,-0.4386533306924517,0.10668453890124954,0.46899887261881645,,,,,5.141148039410644,-3.876908111962522,,,,,-0.04016272550274656,,0.20842600991011437,,,0.18196246492969947,-1.1758595617600838,-0.11095737918857794,-0.10119408382047186,,0.33807688182366913,-0.07596862797853766,0.2214848076648841
2022-02-18,-0.13331369333655757,,,,-0.02301685134101875,0.11767187556318401,,-3.750951814422267,0.04531547853900026,-0.07617775225535953,-1.2924029016228842,-0.11601581399130122,0.07999608946024125,0.020609304492589676,,,,,-0.11993132713680098,-0.008482901119144116,,,,,0.00550844644664266,,0.020581882583601656,,,-0.1636239878312019,0.8245241898503199,0.3623040095328448,0.038603996778219546,,0.01732030412526798,-0.005866821163044635,-0.07483521752712732
2022-02-25,0.22805300281466553,,,,0.0768504043383934,3.3971684490662883,,0.5749758126245417,0.10732046912039028,-0.003552541603425904,-0.18064498860419398,0.06207105040932029,0.451779907422025,-0.037945635187454675,,,,,-0.8271326146693943,0.4377927599014521,,,,,6.277449731389642,,0.07993174702852261,,,-0.209174229910134,-0.5283105511451497,0.00849087466431495,-0.5381648975717074,,0.07951510746861248,-0.33064520106588435,0.015104778115944933
2022-03-04,2.6727522979124445,,,,0.05512810738395539,1.8436360614921687,0.10770750502606492,1.7331492918666473,-0.14424719886738824,-0.10252852244478214,-2.340505264043651,0.9325359453795918,-0.09830627345111753,0.3584412054440246,,0.05234766251783139,,,0.1635988704179735,-0.5377538540002439,,,,0.043403732384000124,0.46508746024599323,,0.5555779927106312,,,0.2653249359956023,0.019020774602653168,0.271156844918909,-1.125698292177892,,-0.03092198302366609,2.1495276672920225,0.019300199104261517
2022-03-11,1.3205289776919085,,,,-0.1697967572585224,-2.385235819373658,4.768077914050949,-5.340848132319865,1.1039128854597489,0.030841095871482652,-0.054161424951632293,0.8118070276288785,-0.15508228344317107,0.23940412818051493,,0.27958974633540407,,,-0.5871337291371079,-0.042541483364969886,,0.022502176698267238,,0.017504261646869777,-1.925046462411813,,0.09855356037828623,,,-0.007089918172003389,2.1261144260311444,-0.012713506895755664,-2.246536612474733,,-0.010406808718884443,0.617560898532759,0.09954923285958348
2022-03-18,-0.12582546895514968,,,,0.12106045827208606,2.114896797173492,0.2766823273744532,1.8775697650248406,-2.193633031851489,-0.05029490201561209,-0.6607736953859925,0.12836826969683796,-1.9864347539126215,-0.0104776894510845,,0.6841550654531893,,,-0.22529997064824123,-0.004889720644222129,,-0.08373966235157897,,1.0131099429575638,-0.43616184717823986,,0.09542128876919327,,,0.004684766212046576,0.8875210929725899,-0.01152399728686772,-0.03559273778545543,,-0.3914429151345188,-0.32222074579558635,0.5624355298988143
2022-03-25,-0.26200252577312766,,,,0.011351277807424497,0.09693829677307954,1.734643177118051,1.703203601285627,-0.043150721698340624,0.276489444042081,0.4732576564170876,0.5774154293724001,-0.6114180772987405,-6.025517663800054,,-0.09765436926531443,,,-0.3275575020808852,-0.30493257568508103,,-0.15298481079047668,,-0.016493974863947124,-0.8238693319568037,,0.5907901208497307,,,-0.04845964829892385,-0.36223887495568846,0.031044550326573703,0.9669354507653202,,0.014673256322034096,-0.828541763644015,-4.948978446261378
2022-04-01,-0.5953071495853761,,,,-0.9425458785759147,0.8618853101843744,0.013173967015688216,0.49155498095332495,-0.3465451185376114,-0.540155024934785,0.5180072747045943,0.6483241248287955,-0.23480197025514823,0.1313587257950607,,-0.02024149446020726,,,-0.2170516863007074,0.23016225566263818,,0.07452953472462583,,1.5118456244618712,-0.4167451220653452,,0.1642687012013889,,,-0.30446885508053123,6.442937748249208,0.03475297195779502,-1.1766245705964253,,0.2371629772567795,-0.5041355884868289,0.27609884328545586
2022-04-08,-2.645959445549119,,,,-0.656501568145617,-0.21671879910749983,-0.14190675972792344,0.37830740580905686,4.269383740949036,11.18155817196454,-1.6474754297467011,-0.2153455880845082,0.11140637356897766,0.03836202003626932,,-0.011192071005797246,,,-0.02963252089560113,-0.009490542485622611,,0.26359407099988647,,-0.8280920161515544,-12.584392046119305,,6.175195560742842,,,-0.6443450913518871,0.18083073554304246,-0.04829447501378259,-0.057992429377760654,,-0.023841252327894108,0.008033120436113619,-0.25638650737137175
2022-04-15,2.3707458560558945,,,,-0.14611673386509658,0.37152065309711857,2.1325632241939165,-0.02822621541965324,-0.09263958535926309,2.0145945431068157,1.8385575736294246,-0.053863870397614595,0.07442203063018094,0.40095371861252854,,0.08798477025823004,,,-1.1923412172208567,-0.10780411865841122,,0.9726991492795578,,-0.3877278586593809,-4.976736218756848,,0.3132151541511009,,,0.24663644947506658,-0.1645195668868559,0.05898525514303595,1.5657176048000878,,0.00047273505420175827,0.24931641336408286,0.1097571551613916
2022-04-22,0.04511960525729626,,,,-0.14960172076800124,1.59340849399639,-0.0025222786324675533,0.7602051252539045,0.009165135811829584,-3.0357239397106768,-0.1606228244403647,-1.5631850724684733,0.458526036587793,-1.6668640043345921,,0.01071206586158609,,,-0.05180769534293759,-0.07733797526665974,,0.6844830717700103,,-0.6400208835413063,-2.216167653415231,,-0.6883331472601315,,,-0.2571847978498748,-2.1765772613715337,-0.27886529493738016,0.09856306173727963,,0.13378035783456277,5.122515538521081,0.04166062182055041
2022-04-29,-0.037760258939485744,,,,-0.2935955708132736,-0.24699736650640905,1.4595994007463675,-3.8835853441769546,0.006058307945359574,-0.1331113968255058,-0.21284503459451262,1.4087410181334672,0.8291310302545991,-0.02694863690442892,,-2.788243650071227,,,0.7587989452153436,-0.04138886478839347,,-0.1060331460495663,,0.2486332849953184,0.3101762984085614,,0.00885984234623148,,,-0.09536730359453427,0.01919797194434522,0.03118385997407841,-0.11197010120317291,,-0.2322342586099441,2.418997598185184,0.21233168147644235
2022-05-06,-0.123973373639703,,,,-2.0944518694041254,-0.2050287918756988,0.3377703558787418,-2.9689115580147134,0.5536381892970874,-0.03098954950127034,-0.3300641899768736,-0.33846167719150244,-0.25873602798399953,0.4229548254040908,,-0.18097589968987907,,,-0.7480830773029664,-0.25223414208480516,,2.685097958337153,,0.2603807299281935,-0.7573102576619275,,0.21323232205363074,,,-0.28059629211895876,0.19647305473631232,0.036677640560976825,-0.12648378080908707,,0.056052322563349584,-0.34406350033684874,0.9975824365755557
2022-05-13,1.0423683230985135,,,,-3.225086378149499,0.7509472041394076,0.009938656116050411,0.2020690526393101,0.7988885659614329,1.3112447244348657,1.2982899927532157,0.222787982707373,0.23861711071119968,0.012673583534031687,,0.006396896531421766,,,-1.0398917760495958,-0.03229094486814553,,-0.007127993767088025,,0.02951878416686128,-0.0479279558720004,,0.13144237112061205,,,-1.6014738066085812,0.21409708377263054,0.18451590456402567,-0.0715658213754487,,0.1834512801094489,-2.2417266082564664,0.05419809274686006
2022-05-20,0.14492265023634668,,,,1.3268921142698833,-0.02126861808312048,1.145781186205244,0.5106788008462919,0.18197407660158757,-0.4133563404839226,0.12399083478683151,-0.09710839593381457,0.056255537709091516,0.07927092119754117,,0.05324769818521591,,,0.014898880103552864,-0.035197924326329254,,0.1364064668150136,,0.04950875341676908,-0.5380728427499324,,-2.014838077313628,,,0.17236189544513375,0.16189752173446625,0.05309208422221588,-0.27050951299218623,,0.003744998931597322,-0.737706545333392,-0.034203693869666235
2022-05-27,0.01807872457119931,,,,-0.2580930242898443,-0.11363798319696075,0.7223740874443659,0.12396615778716426,-0.04181852793398713,-0.1612217125450805,0.13760495564261244,-0.11097735631863893,0.0820671536133342,-0.20447398285189702,,0.08653767332353468,,,-0.7790622278169795,-0.016464322502385786,,1.2786036769262987,,-0.19197596471858472,1.1233615820879101,,0.33032989409851843,,,0.31828935760376365,-0.18448314653491296,-2.8565510792706768,-0.7701503243898256,,0.6348618989919157,1.5897239962068537,-0.13464538971181716
2022-06-02,-0.039569356371190904,,,,-1.0389635375741668,-0.06260738478045066,-0.058087134477570086,0.04096409889424241,0.4639832857963656,0.19334538011884259,-0.027029271320188862,-0.4079054498178579,-0.6309980073127753,0.15772807226268395,,-0.004554520818931429,,,2.0716144886861043,-0.8139825001701786,,1.1110880289239335,,-0.7149385421876957,-0.3249906820037462,,-0.6106252805101046,,,-0.9177774656185742,0.12220631263291273,-0.17750861800929754,-0.0172075413020346,,0.0873829441145284,-0.4425161389014469,-0.05181491289234638
2022-06-10,-0.32468937790451985,,,,-0.5090015550627798,-1.2507527487830987,0.6776794435869494,0.0360905039293788,2.4531997495776037,-0.0284924544252501,-0.5874537389769896,-2.4007496301824798,0.04374367496237822,0.12638952264784878,,0.045912027241394086,,,0.03588670864773257,-0.027204703551661796,,0.10525941202828165,,-0.01793388708740984,1.2887532795821708,,-0.011512557982260294,,,0.12351001063099748,-0.017022344062495497,1.6370842415525795,0.4755661972045935,,1.3545945146487373,0.4813225939198846,0.01089180873441961
2022-06-17,-1.8826934142333716,,,,0.2229540996022747,0.4963082094106246,4.551214071316952,0.2622687066945314,-3.353156307734779,0.045549506842658474,-0.028211269920428442,-0.7851929577941192,0.5549291882424484,0.008737698253372164,,0.05802887835028258,,,-1.0075729684676826,-0.006310736831540997,,0.18371332067736645,,-2.2216644774564704,0.21668579584329908,,0.4836126470054139,,,-0.3112214906607054,-0.04051081217321963,0.6302362099350073,0.03359140580030894,,0.12242453578517723,-0.15938336425220054,-0.24069431697922444
2022-06-24,1.2158097952917102,,,,-1.8188173593934085,0.4554146215951561,0.4010585007880017,0.026494242037792316,-1.8086561824897898,0.47845340601610586,-0.6033102719557891,-0.01280550491138693,0.002889574933634037,0.03215582457037244,,0.002174900923790475,,,0.4610876785160324,-0.011316797653639653,,0.4207993036958232,,0.042430497096304816,-2.7073934695858153,,0.1073172994314352,,,-0.5606183363665317,1.7705304102305521,-0.27114470909262,0.39600838287043816,,-0.2964901062028272,0.7505912320300697,-0.01856633797326957
2022-07-01,0.006171566497096409,,,,1.1257795867825502,4.769911690363259,0.2273635266310066,0.02978775112970019,8.19080683050448,0.4114657721602699,-3.3682996738451623,-2.68337576865244,-0.19926846989839736,0.07061731786106398,,-0.007494154233470594,,,-0.19251067277675019,-0.008890819031943106,,0.28946744081228337,,0.15588250683489638,0.038917690356013696,,1.141628733721798,,,2.032804585673208,0.24914445250921322,0.1926547200277008,4.4153334693104105,,-0.1593206002205188,0.6536211619607686,0.059891501804489565
2022-07-08,-0.32698279292315946,,,,-1.2779278577729927,9.859033083949378e-05,-0.08601891950467248,8.508984308961928,0.023966178374005383,0.2847096972109403,0.011938472944184006,0.8863463469622572,0.27463740944260717,-0.04026116536303735,,-0.009485802591651365,,,0.10632596573295866,-2.335556308525442,,0.06537116263050079,,-0.001954475158834272,1.5094125445098083,,0.002362570202412925,,,-0.041112600735636586,1.0836207925468804,0.4945136364092799,-0.07980695000237609,,-0.24981506915352655,-3.6242347007084197,1.6225643986704636
2022-07-15,-0.2622742451483226,,,,0.6709278088700166,0.4130449454981235,-5.802481021418112,-0.010043087452622034,0.07999256707655195,-0.23491915344004607,0.8791778345981089,-2.08482286113487,0.342680401167354,1.6328430377532512,,-0.004141500297263078,,,0.07447134624994076,-0.12565319485113227,,0.6984022752040073,,0.0710779219644389,8.165862163057358,,0.2305267681127813,,,0.17561018064780637,-0.8023290313631256,-0.2820983373595597,-0.007579335098414313,,0.06313785151447476,-0.31120952805497165,1.7582684139238285
2022-07-22,-0.02285592878881564,,,,15.488798395128896,2.3853778763586866,1.0161646708274825,0.13368609406286314,0.1481044327460517,-0.6054100703202433,0.20869699468215117,-0.015240004177246927,0.023462229467119722,0.4633586626113494,,-0.13942707007539967,,,0.28801128036783435,-0.05059945358213206,,-0.09321463541986516,,-3.345724392013909,-5.411297935090307,,-0.2057682947648699,,,0.12993064431278847,-0.13611910569642302,0.13362287952060756,-0.43912638302673274,,0.004339917782845662,-0.7168411999082013,-0.18693875696099743
2022-07-29,-0.223902971771311,,,,0.301968385884232,-0.12088840846706203,0.23091007216548393,0.02347629343057775,-2.1118104950302357,-2.902554154700811,-5.062006781438362,0.04348425424510465,-0.2283922882682322,0.2080049897328714,,-0.005703676514510673,,,0.26951291316887954,0.8804437815837383,,0.03433389427215831,,-0.842376887901088,1.0447450581290414,,0.03203762312842795,,,0.6763318471083603,0.11431681840872021,-1.2716916050584244,0.14938611069380986,,-0.18629235658656362,2.3059727542071182,1.562339760931436
2022-08-05,-0.15494308427001524,,,,-4.149403680301092,1.270142957334201,1.3278733957866558,0.00707114182155251,0.2361208761730719,0.43764158316720175,0.5410068677293489,-0.19320761931288802,0.003583676016982543,0.00360044253488959,,-0.01622457289602473,,,-2.687931230536362,1.371528618433847,,-0.2482955865367487,,-0.012577274025544014,0.06168848021900376,,0.051052645920305555,,,0.055082074407793793,-7.507593388235804,1.7003100536868518,0.06851470086646691,,0.374968550362652,-0.1289477959790713,1.6885451718187556
2022-08-12,0.3162598138297723,,,,-0.4030450362493827,-3.0579278072821414,1.0708615570637192,0.0683192709855634,-1.584214366360006,-0.12217338619103155,-1.502497802641611,1.5290022677006199,0.010739125939953959,0.0013557813490168331,,0.006637568782203937,,,-0.190652059480367,4.450143585268427,,0.17121923599764155,,0.15442522241079382,-0.042914533063987625,,0.4729734545002515,,,-0.11130133376999404,0.17402329849811127,-0.03225093694469498,-0.4614075126057532,,0.4759040226879225,-0.3331959945133357,0.005514036421195191
2022-08-19,-0.026202549781915805,,,,-5.959559775093658,-0.17458685628553744,0.7216079221391611,0.01710203177977689,-1.0044096015654118,0.022864458632517792,-0.10150008671422017,-0.031164822952235664,-0.006503498318430827,0.091665037752276,,-0.022237142559283808,,,-1.1473885804434334,-0.05396229113275888,,0.15284995119364636,,-0.032099979935210514,-0.1958861510911451,,0.53913341801385,,,0.2894719941009243,0.07586642562165781,1.4323019116840428,0.14808142683008485,,0.3077701748717113,0.8918231668395502,0.45095824261679146
2022-08-26,-1.3457257982447377,,,,1.842321655519731,-1.0194940506483465,0.5340401219789908,3.1823296266641967,1.8142010821968575,0.045896116033577544,1.0326239323637731,1.0548461142432115,0.22695046860523427,-0.22053717286368424,,-0.020279017248099405,,,1.5275320931126923,-1.943422462501408,,0.4805585830250498,,0.39412538686904147,-0.39459815037629303,,0.0365127002094005,,,0.22878841473105624,0.4945033495721697,0.060716799123722236,-0.3037472871810524,,0.23996407102733855,-1.048401213674745,-0.01380399390613484
2022-09-02,0.04688954863909937,,,,0.5030960604932919,0.6124887584775768,0.3910394714900484,0.6088671998977064,2.5470065767389567,1.4797043842627273,4.1989105742485355,-0.18301567404524555,0.006293205720846053,1.079156395590511,,-0.5555993961220118,,,-0.8848779743850513,-1.7603478233244614,,0.411025536772388,,0.13501820058359548,-0.06655050920484365,,0.5007533021589022,,,0.24863854657832263,-0.2692138192314588,-1.6454889475969832,-0.07058410680209252,,0.07896766729653792,-1.5285748667505046,0.0005864654337895507
2022-09-09,-0.5259713848411963,,,,-1.778171030250263,0.11729188846101267,-0.05386571563852399,0.08411827906786976,0.021850979546635677,-0.913457178841497,0.39212040742357074,-1.0768937344839054,1.4187351896599738,1.1853233078563392,,-0.08447868961209272,,,-0.1770248408445729,0.14584740376842995,,0.8423353913072404,,-0.3249321760048537,0.4895215382528427,,0.06221130073874275,,,0.09879922491122343,-0.22981855058130454,-1.7182326197853506,-0.12663013437995183,,-0.20586245683645052,0.20828469184831708,0.6787237372806737
2022-09-16,-0.19061549764180896,,,,-0.33794877274152973,0.6779436548849979,3.6420943590463093,0.009653671526292996,-0.016596713605020796,0.6233185774601252,3.015760571934742,0.6797692070656659,0.5387351205371396,0.026591708022592708,,-1.6320689017407857,,,1.2980340187129569,-0.01951893309023064,,-0.11490870148664015,,-0.0396713924766786,-0.22844378763695755,,0.3241341735132897,,,-0.12627315842652959,0.24221070537544725,-0.5492661586133496,-0.3517821097453592,,-1.4714698903625616,1.0578036560798199,0.018205361704763764
2022-09-23,0.05348073433404295,,,,-0.6475941504766469,-1.0614892132295857,3.361584245272309,0.4761353024424772,0.3721514468178803,-3.6271674633696027,0.04831631969804491,-0.4818512952315709,0.01729737949354935,0.14250746388586147,,-0.019270066922472143,,,-0.25178565825631316,-1.3549451215576656,,0.36555898017336175,,0.017934932714193018,0.9935447004233651,,0.2274999694757977,,,0.4063891231575907,0.02132312043236857,-0.3666518607604132,0.2335488419134008,,-0.09098527637007638,0.8857801369001169,0.08353543499032676
2022-09-30,0.03152961104270599,,,,-2.2267080420950873,0.018578055151257808,0.7745232598865378,-0.16204258233192634,-1.5054813249280694,0.004573010611834737,0.06465214756310722,0.013394422996650467,-0.18422886162208282,-0.1896551972468032,,-4.670156318434009,,,-1.636754066035699,0.4000681756197055,,0.09278608965275437,,0.0987590199102299,-0.07909298584830632,,0.4532106792562372,,,0.4652230775564995,3.1375170240634063,0.043065314771978155,-0.04495796526157948,,0.027851249010697465,-1.2968032768277862,-0.030765076961041162
2022-10-14,0.2350060200075981,,,,-1.3318437889508472,0.42106897450659436,0.27172890315372966,-0.019527801636869332,-9.179340090479311,4.223696600923105,-0.3592606351619642,-0.947893823781772,0.9548815902154756,0.08233684719371986,,-0.0071207026456997,,,-0.5697560853632986,-5.335839347853693,,0.5100014010149572,,0.10403827615416535,-0.23524684954971298,,0.08057975877515264,,,0.07017248495825076,-0.5418248425877183,0.08091698976032699,-0.16719446168518515,,-0.23473335172746668,-3.451275188264914,1.2955238210869886
2022-10-21,3.6394824498753438,,,,-0.03774042329948839,7.594813604148323,0.043090102687421764,0.025736857855906934,1.1968205711106483,0.13743619073602362,0.04432604330415191,0.35182112611663274,0.07264430751634018,5.782175062051475,,-0.01168204941437509,,,-0.2772588259581854,0.15027996043619601,,1.1724866695366065,0.0023927206913973717,0.1411493229812918,6.020780392375842,,0.009414846297979666,,,-0.31717705807949914,0.4657038292045502,0.17136752540104405,-0.42249278188446776,,-0.03385488680641644,0.18086991178840908,-1.338633763255865
2022-10-28,-1.0913163898761524,,,,2.16336692080086,-0.05149240451108063,-0.08825349134247917,0.03221488875352239,-0.47628976930957273,-0.18722795542616785,0.29603905974635086,-0.31635346144649545,0.4086618846387275,-0.09549641858076882,,-0.006073804008172085,,,-0.5200548932446596,0.6147552346971857,,0.07431624009054705,-0.027796572630462604,0.40313271571260867,7.103756693000379,,1.2020252830112306,,,-2.3294222986603113,-0.7194169505774787,-0.1425534019264127,0.4275384975774333,,-0.008792354182189342,-3.3641341005265404,-0.057486270676451616
2022-11-04,-0.003366482281686671,,,,0.023000659788880107,0.32352400756183236,1.0857308833382022,0.16475134834501495,1.884148408593629,1.980077845963681,0.5243503078992295,0.37098712260481626,0.07234681617994859,0.005041144733143075,,-0.012807088029523898,,,-0.3480597190824046,-0.0912955917362302,,0.15876798138799758,0.0068251371466203845,-0.006030774728205995,5.2296505900329775,,-1.939889525312567,,,-1.6805294896770064,0.5449461962153389,-2.007685430628283,0.3106774479403197,,-0.44486785048034605,0.35768498676686233,-0.06701466623289848
2022-11-11,0.3144226188408182,,,,6.235247384323434,1.9207280931771953,0.07747007261580352,0.26438189274738433,0.2345704903710074,-0.17483789249625753,0.11740465657545086,1.13886144889315,0.8200924285747655,-5.609449900146555,,-0.018609721363988904,,,-0.9808057533094201,4.46541854862385,,0.32645016985556086,0.11916269090139289,0.12130667351843698,-3.132683143295475,,0.1735317702574585,,,2.9127603859915205,-0.6578703827164591,0.1644317128924963,5.773598371164185,,0.14622849769472943,6.506018124905693,0.007926016328310618
2022-11-18,0.0033603310711216986,,,,1.1152324934114624,-0.24730475905065546,-0.17511756015857752,0.02586936266588866,-0.627161679902574,-2.7326139078725538,6.971210016286102,-0.3979155458773763,0.9482131061575654,-0.231762029693059,,-0.008431056641879294,,,-1.2038313754767864,0.6879689750028493,,-0.09822818410795042,0.05187259766125489,0.004753704724139881,1.0810413648104955,,0.022292359996536615,,,2.285454421194649,0.08094798428300126,0.3643336380576832,0.10540095136794497,,0.1742049079433165,-0.6544100032575472,1.6895506455218796
2022-11-25,-0.1393228186733359,,,,-4.952259680254613,0.5360505052474375,0.27288678272054484,1.034888262428277,0.9852648486346388,4.302195774194704,0.10807053476595821,0.6741601570687338,0.282464829694025,0.21799213710316426,,-0.07009927548547755,,,4.204139595393656,-0.3003040005552887,,0.1930820173072511,0.002430739648871742,0.25871599360736236,-0.28502243367511815,,0.12589472758406783,,,0.6805428538149447,-0.07762589369686139,-0.03386448515526945,-0.001874084393969288,,-0.0511938651741943,-0.05864849784631537,-0.7163044179776867
2022-12-02,-0.19465047072617753,,,,0.5195451713389602,-0.5870940087375582,2.399550581397211,0.39442549542792865,-0.37736933489994945,0.257358472849183,-1.1295901965941293,1.0103480956589639,-0.04490046705217516,0.10073906870026907,,-0.28974735121035955,,,-0.16915383279887158,1.035928566528749,,0.9757252238138461,-1.3666082993624484,0.04815496873404993,0.04878560976905027,,0.8327636900329134,,,0.3574922486541493,0.6544682084901868,-0.07397044107927112,-0.04242840386225119,,-0.6054179881152513,-0.0503114667849706,-0.005101511625318712
2022-12-09,0.5161891574539917,,,,-1.1878631720000254,0.16123259535175766,0.09379732143331532,-0.20029822448164097,0.6748190797913117,-0.22500817352303257,-1.981654945812513,0.09874837097890019,-0.056496735006923614,-0.0032781263077048895,,-0.03245712986231013,,,-5.705348025024645,-0.25937110512214456,,-0.0813046989390176,-0.3543657578219292,0.2913136153292404,2.4552308538100442,,-0.8039936601753422,,,0.7441243776375255,1.6398809618715768,0.00798226058125424,-0.7812193555323931,,-3.4430666343787912,3.753886099735966,-0.25221819295048775
2022-12-16,0.5683855028849998,,,,-7.661159760996306,0.020327940020800933,0.21844006978764613,0.7996678153962855,-101.29087949176102,0.024821013059173856,0.04075754673073447,0.17681885757355487,0.019026602834823533,0.6078644615481928,,-0.02176764785813192,,,-1.2989176967909934,-0.1372871938837021,,0.6842642987636857,0.0026024238556890543,-0.09990115336169443,8.529396752504727,,1.0410497604332325,,,-1.680622048116295,1.7430532722034118,0.017822258192334267,-0.26705327971486825,,0.07651513737943723,0.20663645219570473,-0.04226122902426072
2022-12-23,-0.7848396039663471,,,,-1.0732266566750475,-0.856159490746817,0.36434020467002004,0.4682764852526392,-4.2073283358697235,0.00046748732348267374,-0.3454637020788097,-0.0985066253350494,1.3508772438009444,0.02109194193760224,,-0.02755354664172307,,,-4.5085613425685445,-1.2801502682008634,,-0.11666021984114432,0.03505495789122151,0.10662903867113317,0.08145420241802798,,0.3979402896371096,,,0.9486984754696461,-0.19729880784168224,0.07757219567691509,0.17079591102880134,,-0.250294470802407,-0.026208587396129926,-0.7476834674479971
2022-12-31,-2.0887237976338575,,,,-8.5700974289509,2.005950814847112,0.2700498520667128,0.002682830226120342,3.0816993357573135,-1.4192579649355854,1.5901879650572255,5.382747794133774,0.02030030395648045,0.6075756511142648,,0.025790458737164425,,,2.07554112127287,0.41490249275990015,,-0.3676732602793053,0.01664499196813533,0.11501704706014146,0.4458324784128392,,0.11685314831402231,,,-0.12222302171400491,7.052040375772862,-0.322510086568419,0.7541905085402718,,-0.07050590922321973,1.9575214061642805,1.1507524008003043
2023-01-06,-2.141986644081227,,,,1.0696231323720717,0.1390149061799053,-0.18362990503194498,0.144383948919122,-0.4612754183087178,0.2062346075695563,1.6048168110886896,0.15822345406113747,0.5773654481261541,0.05039181550085712,,-0.34629556071368506,,,-1.4378922757027248,0.743404027117389,,-0.32483703469361536,-0.08755846129953712,0.06933894349971725,-0.8483235617066384,,-3.5141605308617674,,,-0.0500571413617202,-1.6075295172647621,-0.629958494450805,2.6018370909322917,,0.9816991164123621,-2.972982021758145,0.036068138660087685
2023-01-13,-0.23343142471784997,,,,-1.8259178012796362,0.5795521369951836,0.8435290759312716,0.09392967257287194,-0.9443535256353688,0.2767704073987658,-0.5889388791197421,1.5428719785990013,0.05362341370327639,0.9653092052473984,,-0.019536290727674956,,,1.5895421204456608,-0.12801195149269295,,-0.09738208772171654,0.010292396498794775,-0.623099148828202,1.8381815509850377,0.10303103977829556,1.5031860517021898,,,0.4273971526940196,0.255107083191622,0.0072211839102160995,0.32600691654222136,,0.009596243834538744,1.733653402535641,0.06702843748778897
2023-01-20,-3.007021551393197,,,,-0.11202458270099437,0.41372683775177715,0.5885408814075475,0.2145955537970466,-1.2925766399733205,-0.03735443590558439,0.13637181823328526,-14.094293875681075,3.2139798167389633,0.008034737786473012,,-0.14378499410322423,,,-3.861473151979605,1.2805323895361373,,-2.8939014135697123,-0.4265687611082732,-0.017930590613139178,-0.5495013915858509,-0.08352132593463168,0.6059609337527043,,,-1.8962772984031346,0.07184190429464071,-0.04697739020556417,0.3420170867845885,,-0.11944897727911576,2.869983418627673,-0.39624392845279066
2023-02-03,-0.8097818160826196,,,,-0.31625777529359184,-4.574885909368341,0.25788868750105076,0.1888738000925134,-1.0202455573400917,-0.186017040514369,0.2741339000546924,-0.19997016345185142,0.5586013757012126,0.14836696269697802,,0.3584448751632616,,,3.8293337885553247,-0.8999466139228217,,0.0823849711932178,0.024583874600789382,-0.01285791672575389,0.22205523250125977,0.020531282778181524,2.678502802003114,,,-1.4817004637849054,0.5743439287871398,-0.06384428555336359,-0.5028770659162884,,-0.20261983507660597,-1.3088563273186307,-0.3404260313387588
2023-02-10,0.2908373005439379,,,,-4.999928202941433,-2.3776673005561197,0.9462682386797467,1.179201067761069,0.07372020387544383,-0.8817613559273704,-0.10087704254395437,-0.5446356556255068,0.008331087397343978,0.0007315684014826927,,-0.11871711743791766,,,-0.35109486433864034,0.10442926500603467,,0.6653019327028317,-0.004300186499915521,0.4559622988807788,1.1676727800070825,0.06399069091018597,0.09665456096039957,,,0.923766797993858,-0.8304184370666469,0.008873852896353672,0.008160106673195817,,-1.335853271996159,-1.4523157838410061,-0.1589985979371833
2023-02-17,0.10670479228873125,,,,0.31715561612327425,-0.0004867242961617956,10.368736960199598,1.7477075721613033,1.8293437696688284,1.5002669045187333,-10.725262680530449,1.3448746414235033,0.04603147842536182,-0.011580367584152039,,-0.4443382814308769,,,-1.1522196915353087,-0.3322219112009938,,0.12031407318708204,0.17444024184837462,-0.05595167295354704,2.101230377756006,0.014589822000131347,-0.15894636786878907,,,-2.1375919078367667,0.501321549315979,0.12543587753567165,5.760579424986433,,0.6901485869622987,2.4241791429911554,-0.2172671687152806
2023-02-24,0.060480395934297625,,,,-7.807147695640288,0.03595142173146522,5.230696504439868,0.5155792152960755,0.12724684599131783,1.7213436815745922,0.6669543047851403,-0.985881454077663,0.49678482994920337,2.617245481659924,0.009003649278247637,-0.08962079462071505,,,0.20118396602936223,0.8241858931216397,,-0.45179598175772745,-12.897613616880417,-0.17965418393054927,0.29939032439128094,0.07850390425693382,-2.337828120492681,,,-0.1691282057270227,0.5628441695232612,-0.27571723314581276,-0.37969923050353477,,0.0347826220010352,-0.28929323621460373,0.12100652371958989
2023-03-03,0.015816771493630657,,,,-0.7500388883707827,1.050491369549386,0.5073144718351768,-1.3755464373361597,1.3132713117479724,-0.11846885719154612,0.23787789553236366,-1.1439320666865374,0.04280655515422132,0.06921329583480203,0.00639633701713938,0.09252058200021838,,,-0.3112936089789926,0.02540921427273353,,0.21251548426225483,0.02229896981890074,0.033400834928502765,3.408066622845201,0.009488512827864448,-0.2096426154516623,,,2.2841520796481385,-0.23445474272494388,-0.17447169222907566,0.09755845984855285,,0.009445799190469256,0.47410202702681226,-0.050324735619466536
2023-03-10,2.1842379987015765,,,,-0.016853321142036897,-0.9186319779791154,0.27386796039456524,-0.8097625545520575,-3.4914433051015203,0.007974461098184477,0.2911046771883939,0.7059520308802893,-0.705702778640876,0.012060189511770786,-0.0027988823878801264,-0.08063542398962548,,,0.11237061495399178,-3.4794885245286515,,0.6302870266732037,0.0137461101255215,0.037429972948472556,0.8525036112436214,0.00016746452968360655,-1.0880726745550149,,,-0.7352633098117698,0.21303757274273116,-0.016122479706845425,1.2664147547706448,,-0.116876445057085,2.170823199326037,-0.2579946035153923
2023-03-17,0.20704366874358945,,,,-4.713611980813802,-0.8561539968872298,0.23273710398823746,0.06067053223078608,4.6373694727009,-0.2908926061707495,-0.014203425796014246,6.206489744483013,0.24904388136977434,-0.017385679896395674,0.12686038911047323,-0.01446029135283099,,,-0.8735837604604229,-0.5030469676555885,,-0.03071673482674818,0.06590296697687426,0.026753303199025507,-0.06662943485455083,-0.03193103607838728,-0.5604903175000371,,,-0.9342487498935732,0.9149946786775834,-0.6864334401604985,-0.019840214064007336,,0.10593470875567723,1.366862337447294,-0.173851808920032
2023-03-24,2.5928004267217566,,,,-1.1975658687880792,-0.5272859827625672,0.7497234603629271,0.07151309838602492,0.12390770057961695,-0.1592706205670792,-0.001760556428693643,-1.037892056816776,0.1323845102714312,0.1054456948703128,0.019033844936478556,-0.1207222174836177,,,1.3950185243676532,-4.624942191174775,,0.34269863579720977,0.01927466146057351,3.1892624662319133,3.7160244671523905,-0.02997620246073556,-0.7298335678991436,,,0.12596676874617643,0.06378223905087513,-1.4388716349808546,-2.3527785675724378,,-0.02991148314380412,-5.312779464774997,-0.17742868991540148
2023-03-31,-13.544858941749702,,,,-4.32178167750164,0.0524442245093124,0.0033210763674871753,0.11127107300039228,0.07487930062306038,-0.0861363540931892,-1.9782051789656747,5.54270544749032,0.6514564023646381,0.2485955801506544,,,,,-3.853465260790698,0.6976868082723676,,0.3478658954053606,1.8517974640501937,0.20107046478166904,4.734990710666279,,-0.054122125066776224,,,0.3401601452297788,0.3531477321711214,0.015551488011608331,-0.25360795594809693,,3.114398925414477,10.589132954331447,0.031038422895914523
2023-04-07,0.23058861659343954,-0.2918519293494211,,,-5.641820227725071,1.984957653459624,0.5460751124325338,0.025060690089934216,-0.5579124946929227,-4.288243285363272,-0.23853758782487988,2.1578602628375085,0.006629566083218026,-0.028257913379910855,,,,,-0.2099282811725087,0.30154616239161364,,0.06546761520677416,0.00721698450228709,0.2975668695466037,1.8423161509043924,,-0.11322859511071075,,,-0.3651635543393913,-2.093924006383843,1.320072926457635,-1.999447273594703,,-0.10291078286019756,-1.6134784447795854,-1.6503144292944034
2023-04-14,-0.8134231150184276,-0.002832123691474642,,,-0.48348447433128916,-0.16798296524184886,-0.43459681513693155,0.2845634210697642,0.591138827587359,-0.27710682772694883,-0.08609055699177091,-1.9030764410336283,0.4791516872535132,0.005597709621424325,,,,,-4.052063518744843,-0.008148202809698378,,0.14895972194979257,-2.78592175401889,-0.8726044108790152,0.933816346302466,,0.20373096519481154,,,-1.1576380664493193,0.5558706045980543,-0.3027228581024182,-0.04593411180266751,,0.008534674768054536,-1.2522944454130303,1.216259805238693
2023-04-21,-0.8768623843940058,-0.07768271932889786,,,5.53216370676185,0.38993390711750076,0.9517919840740117,0.014384829253522902,-1.3556518320776552,0.09176673083834275,-0.800512102064583,0.43537758496694456,0.02429253656439406,0.10342067113866257,,,,-0.18434723451559515,0.64286581988353,0.05388304162477504,,-0.05962597518955009,0.04132858433412566,0.04931232012534878,-0.3240298002984665,,0.1862652426533978,,,-0.5091350761248697,-0.5994111934378281,-0.6749278989807,-1.4759091513420126,,-0.045193581243261845,1.1764517026979338,-0.6720488196195935
2023-04-28,0.013543787492679314,-0.006621534636634686,,,-1.4663513549594807,0.4185549809447245,-0.5818427062423136,1.9821573060418296,19.357003161514996,2.1209412642819245,0.975397733237837,-0.6788904860640766,-0.04030816624618493,0.05007721618989354,,,,-0.02222994124158354,5.6668736333602014,-2.0331471303692075,,0.15930175518678072,1.357724250122081,0.33328693903697354,0.7104769954801552,,-0.11852659733709667,,,-0.34527640061477494,-1.1414912571824427,-0.2307222093355515,-0.04474331852876684,,-1.0201297512884469,-1.4835741905445572,-0.05462336841576543
2023-05-05,11.538299728366665,-0.017946788074846204,,,-0.4513887407929471,0.11441282886129786,-0.3292601998912704,0.05624723846858817,2.234680205264155,-0.11011514678129511,1.5767623485469802,-0.24669642807664016,-0.046951048736798444,0.2502121841933138,,,,-0.003114032140359017,-0.9289697595869443,9.251929013765128,,-0.008582044019457566,0.46792621425654635,0.16440931817787288,-0.015788204876579948,,1.269544795591477,,,-3.8534611838296042,1.0977416028794538,0.017584267145449625,-0.27141359305525165,,0.4919958423763716,0.2795469131066648,-0.01803655626942349
2023-05-12,-0.24956533011736864,0.10929642646327564,,,-0.06825988325501936,-2.232363958528896,-0.15513750256770803,-1.199054769388712,0.7797921584718442,-3.2537003721740363,0.9955646218214509,-0.09169121874720364,-0.34366333019763357,0.2329991824267931,,,,-0.12378720425238152,2.905075414865632,0.628028377638095,,0.03326060151151547,0.8568098711655587,0.06027991465540284,0.9255624305889167,,0.21117998391819517,,,0.049673390571586026,0.33080048234787995,0.22665344351604633,0.33733725461141373,,0.013604757809508313,0.8679018956988563,-1.4966587426252975
2023-05-19,-1.0522994104739514,0.005015965769548399,,,-3.4223687338952167,0.1715260137062335,-0.5806977539318408,0.14279242425076444,2.8990997993895298,-4.478041315752698,-1.9396997151708568,1.161967374910962,-0.12516915755863167,0.053493476729026684,,,,-0.022005744593918422,0.028136517826916185,-0.19493830322170363,,0.06694727357537907,0.018447458497181,-0.10916649321104112,0.9541116445304951,,0.021346463924678122,,,-0.889049799283438,-8.768350785267295,-0.49772785722198043,0.07068582718608078,,3.762535771708041,6.846150422663858,-2.1944374077401685
2023-05-26,-0.7779995475524258,-0.002020039453038844,,,0.5603407753973434,0.003925444278954353,7.584793308019081,0.018923480431576815,2.5356100553971634,-3.5280826314467855,0.7133581629483775,-0.2699921598421535,0.2675800632219195,0.048530304614781826,,,,-0.03332646775979075,-0.09706506050196215,1.061803805627051,,1.2990663116080814,0.13079763645643228,0.06627919372031488,-0.12263601499410967,,0.08913887441152946,,,4.435220931803914,8.887485024181208,0.37301025687946715,0.009317256817663244,,-0.004843991068081482,4.0113770425543445,0.013699243967402408
2023-06-02,-0.11494201615469256,-0.002791791601914472,,,3.979910112406393,-1.032829030896061,-0.800861716312648,-1.9272506403187868,-1.7934730072399148,-0.21089185437209454,3.3754499881225057,0.2906272924240007,-0.18538116126777265,0.04990333385659864,,,,-0.016105313022633145,-0.749000940103298,-6.285320634789648,,-0.06307476097841194,0.45330706596158404,0.31066786719677075,-0.08672310937108337,,-0.07612725761787331,,,0.8642237576675895,-0.07169454596852678,-0.12288623406963628,-0.8192946228805513,,-1.2469904456541558,-0.2281776974225861,-1.3875094952995848
2023-06-09,-0.043879748554452785,-0.6060638494603889,,,-0.1969365731125063,0.00299840119565278,-0.21749117928309816,0.0013637416251115649,7.189771516339661,-7.767036772877707,1.5198522098700538,-0.631270164347882,0.03768224289152023,0.0020518203913281463,,,,0.24393455548736004,-0.2721119397834313,0.42216522711561566,,-0.03110829821932926,0.016679356746030882,0.04078963486826359,-0.540593883351774,,0.6001749041018402,,,-0.894003960785702,-0.3500431569164466,-0.41277807168956127,0.15684586569231718,,-0.05218560702212341,-0.2496800727825711,0.10475606091974368
2023-06-16,0.712378078021876,-0.000981061363094955,,,0.23505236950344782,0.6574031550151768,0.04444334986317669,-0.4324979251915185,-0.25898739876627913,0.2992300909478153,1.5774381866202274,0.6550787749412754,0.5128517082065429,0.1101674489555659,,,,-0.20141941541177924,-0.49997312515315173,-0.8446635980571247,,-0.6686017049604975,0.09459587848931197,0.3297400275416862,-0.467968696731938,,-0.10589478655809215,,,0.11969608362118622,0.02453942732331202,1.270162075233711,0.022706694295808433,,0.032999892955156776,-0.5508107473923247,-0.6768220178136151
2023-06-21,-1.0034676064479315,-0.0340507970780462,,,1.707203016649971,-0.03456317529006449,-0.7981856965325332,0.06508136052872095,2.0200066741700704,-0.628160101965605,5.750205751586316,0.10509928175156294,0.018293730676966855,0.5630680102545316,,,,-1.5194592961371185,1.0869117329409925,0.9794797025989442,,-0.13303053919724578,0.23121798471778932,-0.0021728335807190205,0.18520890632750076,,0.2679202607598969,,,-0.5140381342589739,4.196652567793449,-0.764608698540699,0.2694520423986104,,-0.3978219213904504,-1.349972612617751,0.2577985888197489
2023-06-30,0.09770477575616049,0.8177222872504097,,,-0.14589322074997935,-0.10896432931348103,-4.127422761279456,-0.7365656424199073,0.5539105915747056,-0.2775050427059358,0.6343362752151825,-0.08801953191453955,0.27804425252966297,-0.04977222882047237,,,,-0.12114994121625691,0.3408730731781464,0.24966168719621024,,-0.07583643456741042,-0.08063189914834676,0.35163636865046755,-0.31792476450955065,,0.5091737108113451,,,0.15483621281276366,0.5450580963722067,0.007219031250017679,-0.7538128592367068,,0.2395751707956856,3.4319971766393724,0.12978630971163146
2023-07-07,1.8050200397952108,0.014800022382262811,,,-0.05219259722657668,0.6474578579695377,0.22946785549929904,-0.0005739279990416902,-1.6185999765210208,0.21970351626927767,-0.25345583776573505,1.6368721060359501,-0.5455468507643269,-1.0455055743239359,,,,-0.30398448402959943,-0.7444906961371247,1.7378444543090474,,0.13852435953884215,-0.06054839376740148,-0.39687871360910815,-0.03170522047449763,,0.8264799019977305,,,1.6371775250547627,-0.8433057387300426,0.00242522848791953,-0.28721021627943033,,0.011680153747549205,1.4941342825408601,0.02111549462654003
2023-07-14,-0.7702022484757978,-0.0013604628548809154,,,-2.680803973480321,-0.8914661777035663,-0.58594819844138,0.9995302345080376,-0.4820240292144503,0.48993565489438906,1.4352427181331682,-3.9536417220568203,0.05011195246867154,-0.03961173688883079,,,,-0.0814290789955858,-0.2738278289870354,-0.09959347804156202,,-0.006824988300387115,0.04963130374896949,0.02176987649968106,0.34038052527637025,,0.1349329015788605,,,2.6815341266208095,0.8898885604033593,0.1675432622533173,-0.28095887668466424,,0.009430103710324286,-0.6362389059047326,1.0435578611538288
2023-07-21,-0.10479096536494457,-0.1611493432858621,,,3.2919702838718665,0.08800136472576245,-0.06800482818114449,-0.007902321755016343,-0.7552188134846908,-1.0384158107146282,1.440504876816805,0.07266378475645384,-0.6765173071979356,0.5344389822498141,-4.614002005735001e-17,,,0.26683582726826155,1.4449340234489985,0.09988664256280277,,-0.09338306759685808,-0.054025750632594856,-0.07843679994214728,1.3711279217929047,-0.033860372053250695,0.11972455222358411,,,-0.08692965899589576,-0.07568742764050218,-0.2919905285213876,-0.9007681024619824,,-0.06073289347246152,-4.2708044772328755,0.31165613313013896
2023-07-28,-0.14932514722734758,-0.04969401458384793,,,-0.10470342203402916,-1.0079639879548283,0.14870727259258223,-0.23743169595321753,0.24099334686587093,-0.1374322670127886,1.8250911913298091,0.5691174558825735,0.6166827601311509,-0.012822119974009,0.14151715193794767,,,0.028080219923408645,-0.7710449142750951,-0.11169628458474917,,0.006006921475584741,0.11046050668826207,0.4202574094734267,0.2117178827890681,0.006172873142517604,0.2664767352103439,,,2.592844956025559,1.291714762671605,0.019690947260380873,-0.023357807364718375,,-0.04491858083376462,-0.5954178572968285,1.1486764997556078
2023-08-04,-0.0250564307013195,-0.06329946243697149,0.0065820198513665135,,-3.372345268540955,-2.7847757684929237,-0.24591128167298265,0.030900051549566793,-0.3280729338586564,0.2955672254377585,0.1320388961127591,-0.3076529216774127,-0.006790451854380949,0.0056641450743568625,-0.1156223153507761,,,-0.011009690507985429,4.095980800173777,0.9469336121793848,,0.05999192264289947,0.09959354229132579,0.06675869653432132,1.375612425154619,-0.025448102372906477,-0.11880379013799937,,,1.0748991004167923,3.0335767627492767,0.024250551009310242,0.07250135519900022,,0.07375863240757152,0.08199540594827942,-1.2136466767792526
2023-08-11,1.1309017921291091,-2.130499526896501,1.0820003119098112,,-0.8247072809406849,0.10414820824475313,-0.005519773668874648,0.007625551689628481,-0.2958209262613067,3.7750065543147864,-0.4745062492393314,-0.681205213346372,0.01371968725134693,0.7225877750953377,-0.038972143475297504,,,-1.856312033847309,-0.280687750094764,-0.48728439827937897,,0.906854925421837,0.0589215128667337,0.19029953053598164,-0.13443496901431487,-0.004147625557429935,-3.8257936277457887,,,-6.449785853859304,-3.1113053450853894,-0.15247471260134923,-1.7426999584530563,,0.15805478631778075,-0.2657009642180979,0.09662837221363342
2023-08-18,3.774755704235713,-0.0025151473288315884,-0.010220725578316884,,3.292252136715803,-1.0032257326695315,0.15404053003742102,0.010146612253217318,1.4371803109504457,-0.19903087105781753,0.008026903715503816,-0.5368165474969029,-0.12217516483291893,-0.04822405999638411,-0.08263566580004603,,,0.0018861962020859666,-2.411308998759161,-3.236299054956128,,-0.07468474334200964,0.09849475901949857,-1.3617275672862013,0.35172174086623864,-0.02553780926381811,-1.2065970674719382,,,1.6781038814462834,1.0340122297059327,-0.05027904192683524,-1.9538993702239242,,0.020202566740568605,-3.671412927942858,0.12494342600227093
2023-08-25,-0.9829747600375565,0.6226530366935992,0.09156267545856533,,1.7248811120703658,0.3400029356464116,0.050890885877167544,-0.4833621465561886,-0.9205998937189854,1.2972392147030738,7.082447655427615,0.7872366339983139,-0.056130911573981125,-0.0870805046533352,-0.004486788623767557,,,-0.10879237249546678,-1.0469401458396157,0.17308510288591425,,-0.44053331160932047,-0.5091514985412635,0.14079168970708045,-0.7787297871633115,-0.9127119401219032,0.1948505710348608,,,-0.9559537150791036,0.08366053030067391,-0.2292314322132359,-0.604741228377316,,0.2258775891540313,0.05196168566967396,0.24405151694199215
2023-09-01,-0.9173626543015995,-0.010540823357898334,0.004814568263486225,,-1.2189939874116782,0.16911811594387616,-0.043457787789972085,-0.004700875677272677,-0.21644976040824812,-0.15100400351728216,0.7808649921795454,0.05839164816784251,2.0963525822053026,-0.1862943368147268,,,,-0.11528777159333495,1.8883007823761817,0.5069385176281064,,0.12117069783768282,-0.022260376648200016,0.03943619947124071,-0.039206747149204524,,0.8055302288171713,,,2.394958364894885,7.79265191898412,-0.20030177070107005,-0.5251453258620168,,1.5631756803905053,-2.8129810874174073,0.003849865213735218
2023-09-08,-0.07425056103220759,0.017410685927858015,0.3284476486793714,,0.36479860861248037,0.3465905621250738,-0.07291340053466307,-0.02033845489596665,1.3674178263780548,0.5958053063942325,5.35899879408321,-0.02985302850052056,-0.3201598537226207,-0.07921473331247222,,,,0.0034264113796012782,-5.295299909327444,-0.2779202207853474,0.05902436381477172,-0.014176975304624646,-0.01811101007438415,0.21044631690874496,0.13328224299157657,,-0.7768677725773232,,,-0.8745773583719093,0.03576134246737028,0.43975506631258154,0.0021094661154272363,,0.045057824021225976,-0.45365265234155105,-1.1580819007335892
2023-09-15,0.16299817908164732,0.02662870671804344,0.016014790825019963,,0.026369881761123377,-0.20140040124105277,0.17534124526450698,0.03092523793946015,2.635137190449861,-0.8267186037007976,0.4926521277892155,0.3375141444075895,-7.288665197209445,0.25788554480567627,,,,-0.00226833386511041,-0.6688565172256645,1.4921929014875188,0.021133191838638845,0.08505174696350604,-0.0732620735076285,-0.41761182072816583,1.2421500644950967,,-0.6952219079373814,,,-1.2508147896933082,-3.169710945674492,0.399041329307056,0.057389246823292314,,0.021420281490936194,0.6087929699674186,-0.2981673674826651
2023-09-22,-0.2723171606199735,-0.18424809821057717,0.006014984275529228,,0.4516143607516485,0.5075976783848588,0.04050099533738333,-0.07222100698808634,1.2568549430081433,-1.0447558235017103,0.051004177269164896,-1.0132894373271737,2.0107765699012203,0.9182765054987669,,,,0.7325152810504076,0.46472342277269146,-0.01314894152177204,0.07923717112195694,0.17579953673348647,0.11227975642199038,-0.017994747757797358,2.1614707431232105,,-0.12892363236481186,,,-1.5024357491871803,-2.3071019650816647,0.08293783277991107,0.711296370675521,,1.1543145708372915,-4.485678673435792,-1.956416985119643
2023-09-30,-0.18249790879114658,-0.7097571916735638,-0.0027913409813078304,,0.3905726077738277,-0.1620383592959749,0.006710602659030281,1.19086814825166,0.1777460854135116,0.20818766601945574,-0.2774014900835503,2.610981910831492,0.5854721574883904,0.08682394534594552,,,,-0.07069737513952476,7.7571713795522355,-0.002698950745980592,0.04255917454698063,0.04313212333044488,-0.27241021682308597,0.24603540869580617,0.9521124113329432,,-0.04862178768477241,,,1.7611255188421862,-0.2214263838040575,-0.002699318507811344,-1.832270636574221,,0.24493143611929213,2.1237475222613402,-1.8759670515026896
2023-10-13,0.10693933534214392,-0.004927112001283327,0.00011212004384469204,,0.24541210938230626,0.16268022773399066,-5.042212252853007,-0.1841307116803785,0.6018402085280302,-2.445478711672054,2.0118776101689693,2.1707430053960692,0.026777716392907547,-0.02086896461955081,,,,-0.0038799999128025855,-1.9887734346667327,0.0075999719771130715,0.03767049201264382,0.08746368450615265,0.2232321451756591,0.5152298850726135,-5.3868532521914645,,-0.29923601471199557,,,5.160420180285518,0.45892019361857417,-0.03069123075076726,-0.09263495779739458,,-0.09327134656350773,-1.5833969796703316,-0.7794897431552391
2023-10-20,0.16031068334816076,-0.039158214419042325,0.017323019205486387,,0.019953637193972362,-0.07964646341797181,0.44763110203424006,0.714293504335615,-1.1999357182648815,0.031118345093505848,-0.1714074775931501,0.0900867337517908,2.8776431294010685,0.5357492698959629,,,,0.06911920637646012,-2.39270195953875,1.521661973498444,-0.0006406396987237561,-0.38870548052995846,-0.231187892209221,-0.1628749071205636,0.030682134282811337,,-0.35688093145956273,,,0.31816393063581005,-0.23876934647781484,-0.011276445151483464,-0.08123952113895731,,-1.8021886735165649,2.709459135983783,-0.7370810635450296
2023-10-27,-0.09019440558584496,-0.005284433009684773,0.27516902989096526,,0.30710188506776837,0.6167549679526434,-0.08092819869026599,-0.13619106460186853,-1.4779547043333756,-0.40770374563863887,0.560804374132517,-0.5925130396015484,-0.02557288705944174,0.3112528017438872,,,,-0.025884653276198294,2.853146006624759,-0.014685127376460154,0.013462490198145587,-0.14958333399544563,-0.439974990949937,-0.18528197962593,0.8749958465849303,,-0.6863530322102214,,,1.0843109797220771,0.740933669976867,0.6651263757003518,0.15447557993292982,,-2.6512796125502036,1.4597769811878547,0.27197593738631276
2023-11-03,-0.3486372643632796,1.9150935810558505,-0.00713198201102485,,0.01029447728817713,0.3316452822713027,0.07658636252742526,-0.3344893035406452,1.3436851563665024,-0.2752416531238377,0.5830359453008611,-1.8577875190556012,-0.04443194996811337,0.17907152014035832,,,,-0.17091548764136794,0.6621043750573108,-0.3358352793350254,-0.04937813648513307,-0.12098585933407405,-0.042358758721167795,0.30930203147570334,-2.1969357703229524,,0.7273748246337418,,,0.9099236854205721,0.13051002031116046,0.013347484038825557,0.35862330695886974,,-0.09841346107847138,0.32839371390743316,-0.15691875320077847
2023-11-10,-0.16316166469086354,-0.14102495468582427,0.46436721978256146,,0.4023780186868737,0.270600312241639,0.07481131334756846,-1.723303343302762,0.09024812239401826,-1.5443655798514313,2.382574751252027,-0.1769401998024936,0.03544210131380354,-0.12032504395977511,,,,-0.09741307129176825,0.28170443739565504,-2.8871971405178884,0.009840086898295328,-0.004548496885202043,0.628728560209362,0.6747819637582069,0.8768510467637496,,-0.02352348659658199,,,0.35198889491392144,-0.8926233154103866,0.033105338095374824,0.534507069624838,,0.0083447890228718,-4.536224624357414,-0.21057155654830306
2023-11-17,-0.17508934105588714,0.0006594101235364528,1.1313506889196954,,2.333790821121179,1.218847716537197,-0.055959351167127774,-2.7335559427719907,-0.6663749697397245,1.178765411089938,1.5082932572365493,-0.47029257538702435,-0.007838877960202934,0.06416360707581195,,,,-0.46761238649353903,-0.7408695958774576,0.11749748241261716,0.13061643489632166,-0.03770791238189053,-0.07820114670663032,0.053520992014644685,0.3677360214178183,,1.400629311226222,,,-2.9300322730932806,1.798075953133578,0.24084557285265693,-0.023675111829204735,,0.01823121516568172,1.8893744367166496,-0.23231879241986614
2023-11-24,0.21042282235933044,-0.029350163392288246,-0.08713259396721967,,-0.055262119950990674,6.270922981074434,0.1081834723810371,-0.37619875280847226,0.6067945712091927,0.9313497628185048,1.1156079391507523,-0.5471336651357228,0.3310002133028391,1.1216058277049255,,,,0.13412626462686394,0.6639441530455468,0.23187024463630307,0.06974867192636355,-0.06736816716283844,-0.35519747239563293,-0.848581313571119,0.579145672055665,,0.17313447449251623,,,-2.771640119093164,0.3540902672896435,1.5976847294775849,0.4233336209907156,,-1.189633099282961,1.079681984502077,1.0358965332668912
2023-12-01,1.0426878984577586,-0.018018606754830614,0.05875018874803266,,-1.9131925535972885,1.0921451011601913,0.06293093976561048,-0.1394475884133956,1.6793168153700708,0.007314085266385988,1.4129906618251278,1.7188609422806744,-0.6844922909041704,-0.01665649247450813,,,,-0.017484668397308323,-1.3020779002528298,0.01872425215542788,0.023119478389810186,0.11630588230923052,-0.29107572226897777,0.38299245311393115,6.2734474723313856,,-0.20470688530995804,,,-2.4906122616212394,-0.32416578163414705,0.7398800810015177,0.3710378070603691,,-0.11733788112110591,-0.6967676824564282,-0.4480102399520021
2023-12-08,0.5495238507405692,0.045753954563779946,0.07056787716777332,,-0.04510476046655788,0.14109799597428058,1.5463677658451824,0.10560189389428717,0.532529973963415,-0.4075301295990767,1.833946207733216,1.9337311541844628,-0.16198067847654485,0.0009371483009457136,,,,-0.6336114674815223,-3.896865260375553,-0.1637572533365687,0.07262250690503455,0.48764235033161263,-0.006646872052415666,-1.1166553987342769,2.381810627925391,,0.4063723175146246,,,0.6091361266019464,-1.3422121782099128,0.15643828405342736,2.678866571739888,,0.022189031840491334,-0.2911732760930526,0.1771426063792626
2023-12-15,0.09078659303173119,-0.04253097025488833,0.08712534013871148,,-0.25462233222745845,-2.8637209870577953,0.21300454161801496,0.19479359078019332,1.150348073396812,0.08400773365309788,1.4353352014712208,0.7271058269358511,-0.02244425981546956,0.028922066825803328,,,,0.12266257712590013,1.5212197569330435,0.7818997952053917,-0.22548518424452868,0.034009928094792044,-0.20077330323334247,0.1576870817193443,2.101370074866819,,0.4876077919777727,,,0.32135701577577774,-3.5666391366467813,-2.217804239732885,0.03634197745468884,,0.1357260383929594,1.988784372293734,0.01181058408758216
2023-12-22,-0.06462523369568182,0.00350337258572345,0.7172843618152809,,0.22992115401161742,-0.42703874187577545,-5.972918257200863,-0.38387357595892746,-5.686398656583947,-5.778548626266249,0.9028950876466223,-0.6977120037863144,-0.02563731732885304,5.480836693860039,,,,0.06769180336428382,-0.12982545751412133,0.3966325356391663,0.028066267317374407,-0.021471651432020327,-0.03442105872162322,-0.30251219085499237,-0.389701786044496,,1.0532671080894633,,,-3.85520273325822,0.4099803861290751,-0.20397440665194408,-0.014720538832434342,,0.11877305650759765,-3.7096551090019574,-0.9955701514747216
2023-12-31,0.05211561982758893,-0.009390068262873573,0.8673575126965091,,0.7762345842472483,1.0002769465042254,-0.057523590431533766,0.49180818739588045,1.5312457133376047,10.110686149519916,1.1504452337287918,0.052603832692600314,-0.0396682249134715,0.017673718444963904,,,,-0.012359625022612921,1.0725109142562803,-0.0964264879657035,0.10153164878771485,0.01540114956830815,-0.09385117781665646,0.04948401015017246,3.3298707490512363,,-0.5810441526730723,,,-0.12040033169024497,1.5603933163700296,-0.050586386286695234,-0.09045484357573777,,-0.04461796632979503,0.13980499916626254,-0.014857094430644497
2024-01-05,0.07852872731525039,-0.8591903164958473,0.22660557634749032,,0.07361805008009113,3.3199742871953957,-1.6784791310208915,-0.3551059905603985,2.056854905205157,8.663781820689389,-0.05807190296862586,-0.5431000311252455,-1.4144722108164354,0.04184442210030833,,,,-0.004770560192147543,0.21141452882495593,0.2541742541324306,0.012731339468962734,0.033579409192157156,-0.09625658291261573,0.6022713917848228,-0.05810881192023963,,0.3747334798950445,,,-0.4902017466877518,3.228539769406604,0.041592242213988016,4.686233655054802,,-0.04893130629621053,-0.26453319954635485,0.23492838275710157
2024-01-12,0.5901131242178367,-0.08539433605518529,0.34092434829356305,,0.06330652245722761,-0.9111197525433578,0.29433860370969755,-4.523194430038705,4.810979450400055,3.3853211133999204,-0.00915120379664544,-0.5206250059648205,0.40421813080690333,-0.1393459672845192,,,,-0.10723505034569679,-2.6594608969664373,-0.8461753993108557,0.002647803763808863,0.08917985466066565,-0.32813082124379345,-1.3631154825435856,2.6332184296203347,,0.1391666253438963,,,-5.166538920538152,-2.1236375965221743,0.240295609515741,-1.9855066935494237,,0.07363256694058397,-5.026913194718546,-0.6931068818452175
2024-01-19,-0.11066764513354621,-0.00661769396010188,0.06491011749011012,-0.07730519189732084,-0.8338709012227659,1.5099042710013173,0.09938708849658832,0.0924625513132386,-11.816556240947092,0.3008581698519186,-0.0439469188942972,-0.014696833722649292,0.42813484585714817,0.05081956299022884,,,,-1.1182639500812257,0.9626942200531995,-0.8028556609733798,0.030486126058243787,-0.08011283816137144,-0.2507768775151963,0.3994132369905104,0.6012157435866722,,-1.75147804885784,,,-3.4690101106571007,3.342076953389881,0.031760405000933585,0.4474392819349944,,0.12042391717791529,0.6847468088984202,-0.30957958703283883
2024-01-26,-1.0173282090301445,-0.20466699091730445,0.01788973655722167,0.20809173106623724,0.11579869407841327,-0.5757622083586061,0.63408335293113,-0.1668101160272896,0.06493775362571003,0.14895586696131202,1.2714601868863116,-0.09694747136904469,0.18006154248299552,-0.23011505957544995,,,,0.018419949318731272,1.7198777655276387,0.5577748757417516,0.0830899438762052,-0.37426857190255913,0.15040693207826428,0.39517269419529244,-0.4342601250463406,,0.050673915153443674,,,0.00016726023467501794,-2.684493383663511,0.014348818093998194,-0.010810432014097877,,-0.001283491802839645,0.37072818119524853,0.05185911354940567
2024-02-02,-0.10305861116338813,-0.015868739300587183,0.7047126062272837,-0.005799933391438944,-0.7955660422823388,-1.3911137121075994,0.47005642046847973,0.01946720082278499,-18.770284006065552,0.08715573351751928,-0.5061261557525177,0.1355172060642188,-0.1814382164441789,0.020064097082027058,,,,-0.04465218091752708,-0.2844571558140135,0.7977784086606344,0.0728350007635615,-0.19998583682810558,-0.36391199785709333,0.0876921646182993,1.0599673181834786,,-0.33857721511777616,,,0.7923701535158577,-0.7737114444924701,0.779134423959214,-0.0978686187024421,,-0.35498229286489513,0.23854951040183706,-0.21606339702225658
2024-02-08,0.04818550156840855,-0.008923640444371222,-0.020686407507576,0.0419065189129354,0.08501818430030511,-1.7369518379168505,0.5177230464609578,0.01763576545080638,0.9307200205452577,-9.994644432973718,0.20548562729225514,1.545551898484627,0.00640362110723806,0.6398864960390688,,,,0.0024419977587249175,0.17220064220222667,0.10780590674821657,-0.008120690198433431,-0.007529346830964165,0.3320159117488737,-0.13984237356309806,1.31884440271721,,-0.14053904281005763,,,2.5063457519167787,-0.05581745150463178,-0.9405749725450445,0.9370093089452436,,-0.48311760124739067,-0.4391101665358127,-0.6163867403437538
2024-02-23,-0.06956398910704734,0.17344100297623283,0.33894400685277504,-0.03537734245826549,-11.33051286127909,-0.18407329695509728,-0.21446943323096757,-0.06753657850087885,-1.5773939248505062,0.8052104101241324,3.0744670171353166,-0.8147252539069229,-0.7823264652880301,0.16375110950707777,,,,0.0757030774690679,2.5752968639686555,0.39129009717564495,0.6393785057277505,-0.2335862347049057,0.08813954226859746,0.058154804200160934,0.44764342504239685,,0.12171595346860672,,,0.49882335071755357,0.07587623151156533,0.00550859074268868,0.21288112168050888,,-0.12131470265219844,1.3246022173121679,-4.1480378723244975
2024-03-01,-0.02833055491610026,-0.6469549282485787,0.6156971563777448,-0.003814622796990047,0.4738437577444714,4.143162853638287,0.1681884168318652,0.07209139704374781,0.3520399223470495,2.1879782408753212,-5.9295559537254094,2.069468054640703,-0.0399169722444615,0.04596167611352041,,,,-0.3628319174585434,0.0436096929075627,-0.05223517713288941,0.010227065427552758,-0.01748772810647177,-0.06227342602589991,-0.01051255426888123,1.3874874411930154,,-3.9265193708152015,,,1.3422756275760104,1.0062416493523503,0.042659314257182855,-0.6554601424518823,,3.5359838955556384,2.8367643690661937,-0.22882243495898408
2024-03-08,0.09344822621059642,-0.015107252318247482,-0.0185100926989045,-0.11543216037083745,-0.04280762963702929,0.1304889475926044,0.03299260230124884,0.03255266529832568,0.24252042784372788,0.13375392333702785,-0.12737003407224495,0.5036498485445217,0.022383692658802863,-0.14763429543493628,,,,-0.02193211512914002,-0.032079015748643636,0.47710327265336094,0.040366712739186295,0.04075975486128911,-0.21448096873885014,0.1866469927080777,-1.057088178390096,,0.008143749039785708,,,-2.2030124822046147,0.891929393777615,0.4457745383980103,0.024136039410620244,,0.03895146021981888,-0.21185525910603684,-1.1908464674791954
2024-03-15,0.6768927561702691,0.053877977659051,0.18767190453570104,-0.008884394247560006,-0.2221540636392149,5.7606426106088335,0.7245868799439135,-0.22770757779382006,0.13078347362819248,0.6252628281116013,0.41178139684172393,0.0343461508299994,1.0432781723993876,1.306516468782066,,,,1.3836564666799178,0.15207939223949163,0.9891214263851443,0.02082281864854638,-0.10306927215279961,0.2594601974535205,0.10797325422412263,1.902916022377699,,0.13596849275713685,,,-0.47585540272357774,1.309495354430861,0.033467340339814966,0.022131899270724176,,-0.144128856601956,-0.4229384355617841,0.7356531928002064
2024-03-22,-0.9040344704703488,-0.0353377777303651,1.471311350670505,-0.018632022906818473,1.0606660006532698,0.0979774491925823,0.016331158455913593,-0.9351008119289491,1.7582323529647403,0.050620717750347044,1.5217855717778193,0.11219549802542486,-0.14552901569446677,0.016319379054498418,,,,0.25662075247840815,-0.22843952205299942,8.03144849545437,0.17130118432135222,-0.01757459926371375,-0.034286218495654025,0.10217800287297481,1.2640746325088033,,0.6117707982897883,,,-2.395510007802242,0.20506392218240738,0.3911736921910006,0.0072774296244633024,,0.6215243836283397,1.2297141916237528,-0.08367348568156807
2024-03-31,-1.184820529593826,0.004781986023122235,0.04887855365797035,,0.02237289570934526,-1.3062489446355259,-0.005377083498374083,0.012455795702511211,-0.025991541135113174,0.34790447163802524,2.1020998248249256,1.7644315754650124,-0.06283976903082251,0.045495029454684845,,,,-0.005001794666041669,-0.8980540104006195,1.2804964956013847,0.019368354060077187,-0.20912023412682057,-0.01826227985829135,0.11622032850924047,0.6285399225746697,,-1.424156895174286,,,1.0854455826375624,0.6318409144238061,-0.035794889056867056,-0.039605663748168554,,0.27220598270451263,0.687067550421494,0.15390609725143944
2024-04-03,-0.4529432612845352,-0.003102843862913717,-0.03265887194601057,,1.8649294233864315,0.24190026489022604,-0.5822023922602142,-0.19536187243542286,-3.0115025216683877,5.295923781666011,0.3943391678901415,-0.5740524132305248,0.039235806553599976,-1.5224732192312116,,,,-0.006526809248504464,-3.0800512637820074,0.03888847623887634,0.015401177168518012,-0.027884210069320927,0.0018542659581323778,0.6895463489166336,0.9787785497889956,,-0.31709065984987117,,,1.6274068481853783,-0.2317110229666769,0.16032000460462437,0.016381125246396025,,0.05368408307010161,0.10895331980463341,-0.02226124716502771
2024-04-12,-0.19676044261592238,-0.002488506450857519,-0.08394101597751308,,-0.01667906056164442,0.14563645954138937,0.13032913620685363,0.04111332549978868,0.5545199849577152,1.082061744846582,2.310915127540277,-1.6419981813223932,-0.17150353409852748,-0.007852172703049172,,,,-0.03361416223817049,-0.25418302705277723,0.04275498758821817,0.12877764911905293,-0.01019007340508541,0.15072679928131694,0.03240362084833776,-3.349867172878196,,0.08432352853641406,,,7.094446103392568,0.6975766958612417,-2.935326159094559,0.2655001775866165,,0.04655765781673912,-1.1392901075248414,-0.3088591283562113
2024-04-19,-0.026410243509463586,-0.007507455315884359,0.1728958328213297,,1.1880406670240626,-0.1538630480225551,-1.1909737786451726,-0.241987187366527,0.46619077501543726,0.5964376199603332,-0.35895361732333536,0.8216644522676503,-0.30408666349697444,0.006310194093193345,,,,-0.03609472043079626,0.7783745728462883,-0.2630631828229858,0.00681756730913341,-0.49639435938558396,0.00307513959111564,0.2417923907478387,-0.9606656539729566,,0.8591439407589592,,,0.7527694653260317,-0.17831786109772924,-0.01868216529090107,0.03334457765849275,,1.5644949216609032,6.801622855703574,0.3807825367711544
2024-04-26,-0.31593503028676917,-0.0265572730221513,0.0421985947885981,,-6.889844881406251,0.41431337301023113,0.31739811938752993,-3.1413144449209414,-0.4498404713873324,-0.36402117718055443,-0.23600872544910442,3.5481445285345443,0.025803406782707112,-0.08109513352060052,,,,-0.09867079393185438,3.689315438444236,-3.002153326162759,0.033068983672743614,-0.035883169589227285,0.04403646074165825,1.1280295645190228,0.24116044637394377,,0.640769054905234,,,1.1401693065506147,-1.7533969304529424,0.01314217965331592,0.5626494858607481,,-0.022406679973786175,1.125058975003128,-7.120149484267838
2024-04-30,-0.3101266731185921,-0.5571423573718627,0.05459985581820635,,0.2202738090903143,-4.16902713647735,-2.3244451147859335,-7.606514523121111,-0.9467186626571387,-0.005849088248263155,-1.3096282857582529,-1.9420126744548754,0.11269264550584376,-0.617351670161495,,,,-0.6850148294857754,-1.6032137798041852,-0.05707759904524615,0.019921191335992988,-0.23324574040664298,0.016159645055864914,-2.098231392348715e-07,0.38816978611700226,,0.7086771227855027,,,-0.5942074074820789,0.5432421622639513,1.08748224071324,-0.3262123047170444,,-0.057109216343746494,1.177293447109402,2.1686183681053857
2024-05-10,0.3111156585004593,-0.02435827252351236,0.6831516523444672,,0.001438409356814968,0.5044787098080468,-0.0008641786608429465,-1.7018636591540128,0.12066118312830044,-6.016190894116438,0.1357911374861111,-0.057491688970209356,-0.05709560654963611,0.19459367605373354,,,,-0.030387786238192965,2.286877741950873,0.7602468621559912,0.1524748991964227,-0.2095345266774251,0.056181068470949586,-0.01835365521134398,3.5631371448919333,,-0.0056295528834371805,0.0030504195496570486,,0.007217813716871172,5.853366914916261,0.11194260606471264,3.4290060388208805,,0.8120076576276215,1.3610471382746556,-0.4616927294333231
2024-05-17,-0.2847721586340354,-0.01258084749624355,0.03176687081823286,,0.030207095668262015,0.9572431874507592,0.1458717714155273,-0.10525605899602145,-0.14603133268753016,3.521171387510469,-0.1686406050579569,8.76343945619897,0.007199308999345025,1.8279483907661207,,,,-0.9251346783379982,3.2016136722270643,0.3697760576943613,0.14389894978021506,-0.5667738387295631,0.015607743286039569,0.057014654025960725,-3.0791939384147327,,-0.08763756383210008,0.003911737842322908,,-4.681706817248131,-0.7715295983923989,0.09625520254925991,-1.4219042186532527,,-2.1519014846323437,3.832183346908864,0.4977910398516579
2024-05-24,-0.27066269028532564,-0.012972137248337623,0.026128398381322936,,1.8091477636034292,3.1628332833064183,0.022684970650081654,-0.3102527252374479,0.39080721118861816,0.24602737464309757,-0.44115840344690865,0.8471751110521971,-0.5455473054788338,-0.11287219505006423,,,,0.09193053949013424,1.5355717213647757,-1.265007568497021,0.3109384220863723,-0.04327389393973277,0.007412991042274574,0.021900404454186,-2.869172680508293,,-0.554999813338116,0.0005929965813741295,,-0.6352610188627771,0.3446221611161862,-0.04109326016334185,-0.034583597433019704,,0.005913266432559141,-0.222077559546981,0.0802163731889266
2024-05-31,-0.09258125483786223,-0.003570800326432598,1.2520953624982576,,1.8949637660213448,-0.24433976150829784,-0.38510995182592483,-0.03246597416204615,0.7809844220311377,1.2525292453997416,-3.555559815009787,-0.11429764387709374,-0.0010934092999619186,0.1475746910640053,,,,0.15455723544393365,-3.3024536253815224,0.1870484206351968,-0.004400947667985764,-0.34277630213998694,-0.3838297136853523,0.220036896356102,3.3477379874386917,,0.4136519620741281,-0.017356808706202292,,-0.2619898069949562,0.30159784243362736,0.05832360781858838,0.14064541072330083,,0.12288576224565124,-0.07222930150888113,9.575213175039073
2024-06-07,0.04844688628852623,-0.018799148805933273,0.004426858133372692,,0.03454552927293569,1.061732707839557,0.47990048358701975,0.20872209194340238,0.08397720118432699,1.2558768879585192,-0.016079205277004474,-0.5147593648051915,-0.09021084789945143,0.0020061739192006067,,,,-0.007932145814992048,-5.127822752362006,0.18232564976975055,0.009373479299152655,-0.27024760680955007,-0.003070457154680131,0.022602925373099464,-0.5454502648463463,,0.05839715699605297,0.06438515175171369,,-0.998855847941627,-0.46755165764021345,0.09339173241870066,1.294118982800519,,0.15863718193106507,-0.3419221824325039,1.4298114468757956
2024-06-14,-0.3314500016214059,-2.1830654443070125,0.12554179565156842,,-0.027954683024709034,1.9040260218525604,0.17185252366328438,-0.9609625469091594,-0.0012096892736015996,0.8807093581369877,0.8762665603784985,-1.4018387632546934,-1.3927457599394366,0.20835717634324583,,,,-0.009138048989958507,0.42643669564078246,0.5629146866933369,0.005035268572796676,0.15756064238972306,0.004106870271818313,0.4139585032924793,3.113833829304381,,-0.13289843794022,0.008639075258031773,,0.47881276392418753,0.015204040639310787,-3.109308542733826,0.27119624765353284,,-0.5414563645943533,2.133559425830286,0.46296434301989525
2024-06-21,-0.3173964364527906,-0.47888606230017383,0.10594459452671676,,0.7442658384156415,-2.8846309560234955,-0.34798603337454864,0.011688973075220939,-2.131480590415779,1.1457509376573414,-0.4452182424834638,-0.515250771108354,-0.04722911103695854,-0.0005903752205942685,,,,0.006955339476286806,0.2718703390313873,-0.0833151737887183,0.005084464649767492,-0.005464933776436464,0.011650446680960502,-0.013022725024796991,0.6859363400392823,,0.024280903538938765,-0.025212038332170006,,1.7667721672681282,-1.2985695151762096,0.012808607827563667,0.018873114378451964,,0.3864566508506261,3.936578279626766,-4.1846291040058485
2024-06-30,0.5164760653311008,0.01994731092306993,0.4993141296038691,,0.8619611451650677,0.36505629646839727,0.027162497225637836,-0.33254721650135,6.110555720529652,3.7756118181304528,-0.07660710993048951,0.2406797347179974,1.0841215264409592,-0.23432974768764378,,,,-0.5970541775138254,2.0180789486526436,-1.3044129032687803,-0.2745893161941869,0.09086607107730164,0.021400111937197062,0.2906419564370343,-5.078427213022349,,-0.07945439311856879,-0.01808923141467931,,0.23738332198921833,0.16215976280852346,2.105590415284629,-0.5879596113118722,,0.19594146121626937,1.8350446651723353,1.6047242116012483
2024-07-05,-0.3160134353399034,-0.0024028569865155794,0.0977896135403974,,-0.5126715065863787,0.019599577081324704,-0.5055907855190529,-0.4632180745247384,6.140046215256971,0.7279802517140395,-0.3212120531880269,3.3193530754783382,0.0030639300276072423,-0.31848580013236794,,,,0.012725209186374646,3.7600129277883205,0.39963074913045743,0.01811650662142988,-0.2540822707487887,0.012121913446177005,-0.29252305887360425,3.4203545514461244,,0.18029149686195195,-0.02493814244531841,,0.2696532983499658,-5.6160584805267195,0.07905969752021051,-0.09271874467152577,,0.5752827504347061,0.5260545464577997,-3.846323222375292
2024-07-12,-0.017788937176487947,-0.011755992197074579,0.03850526160799766,,-1.6894730560864692,0.769700891246565,-0.1895766219785294,4.284814569291857,-2.8854158785915662,0.3914678858406286,0.14483527732503007,1.9459084706575722,-0.0964375789872299,0.02796786410950681,,,-0.0649954416692955,-0.0014323032023219296,-1.7514107246250163,0.16776033546459476,0.0169544504160528,-0.01677386599022363,-0.029361133603267225,0.27209033397306304,0.06482072384275563,,-0.04210403343034365,0.04682814049360552,,5.288743432645349,1.2815659985902081,0.051019818078453676,-0.09762671577455656,,0.32074060924029124,0.19197863611534782,-0.0058729214129174655
2024-07-19,-0.10645774323272163,0.0069858325241022095,0.04047302747584809,,-0.04332957302314488,-45.977906224063524,-0.10734647913874837,1.9017006486002708,-1.1752454459962522,3.650444643870132,3.9497498616897455,0.414700602230125,-0.3204116648784864,0.24505949355290574,,,-0.4857745719877112,0.047108852650461684,-0.2933172674203283,-0.4113636984571614,0.15135688246792178,-0.12806248132817674,0.008606865770488697,0.01664112807728393,-0.8112584547742372,,0.5574766323619742,-0.0024600907629667764,,3.2035219035529523,-0.9511107009602856,0.27960549879144664,-0.3738483859173917,,-0.24629945321681496,1.2287518711794942,-2.430324402733367
2024-07-26,-0.03647373251502144,0.0008149430350805264,0.2441855229243574,,1.453533933061943,0.3775423307324116,2.456529015799449,-0.12654767362469918,1.9514959542862498,11.05695772025302,-0.02702930735932982,-0.055921590030549605,-0.008846672678512454,-0.003629807239516645,,,0.07502645064918154,-0.05082845715114499,-1.420882489055177,2.6674354951454444,0.015919679339761593,-0.033269601920011334,0.009142466223083836,-0.04051363379002562,2.1128372043025676,,-1.4898601122444222,-0.0063655234075418185,,1.1946955002967163,-1.3732283256869442,-0.4574918566893879,-0.0569535469028597,,0.3129857682000454,-2.5341237341930585,-1.2278874239901039
2024-08-02,-0.2639650354999805,0.01563802435520242,-0.2766080677942249,,-3.2602158768364844,0.5975689891761103,0.06079687588841434,-0.3713953282099661,0.649956074525549,0.40975752658680387,-0.1573303820492234,0.5711816892822237,0.26783299474021405,-0.18914994093110624,,,0.019634389114538933,-0.012866417827931425,0.21206333279129108,-0.4232587421198545,0.046264379528093647,-0.01526172812891595,0.24574144682993904,-0.18438680524610662,0.6104970180236842,,-0.20440311693330301,-0.02531527768252391,,-1.8359113573336618,-0.13343699643993112,-0.581219634816004,-0.04130038873491962,,-0.20648039186442166,-0.2918149000959736,-0.29630721375404545
2024-08-09,-0.06943072584402754,-0.07205653057001671,-1.621378604107802,,-3.8686229856362293,-2.08290303952366,0.21833762301366022,-0.3427825964169071,-0.382775960339095,1.818558337074929,-1.0348169149174866,-0.5960578197145954,-0.21905417077393047,0.007684312003377966,,,-0.00487428238266711,0.016980968471947376,-3.5982361543370285,-0.11526196350464163,0.00881700216679317,-0.15332683069202818,0.00317633515693174,0.4138721631832552,-4.967105222261065,,-0.6884026297230329,0.015855699035027038,,0.23590584727579794,3.040389444721249,-0.22567820355292234,-0.2805722447986149,,0.13176243935697649,1.5271733149827762,0.26730068265020873
2024-08-16,-2.0272366133617394,-0.0054358891396369124,0.23704387088574683,,0.010456875827802026,-2.147812487293982,-0.3413685024287153,-0.40930723142872816,-0.5854430802639824,3.0123828697511708,-2.828648152511124,0.12021577878241972,0.4168885885971478,1.1225721221138338,,,-0.004309818631609487,-0.00019722149942041564,0.09140470884594581,0.23740210708386653,0.04016771218687943,-2.1866946665341196,-0.0002991031224490754,0.1194004125891201,-0.6561117269612804,,-0.20913774871449625,-0.013685470295734393,,-0.5431038516468257,0.10627337479764369,0.15949365927279657,-0.2648515567110887,,-0.00795367637334414,0.0485424072964905,0.14090017270397936
2024-08-23,0.3142635836336421,-0.0017879204457737113,0.14304527102485987,,-0.016171671618013615,-1.627816364572916,-0.26365369676699124,1.7994158972007193,1.8483442167158857,2.5685245880884975,-1.5594189862391594,-2.3131447913867746,-0.013263626914446797,0.002276294151568124,,,0.5963318202299184,-0.08500007139304357,-2.1385020664300645,-0.32107903173135005,0.006943713949795144,-0.08174833601242922,-1.4596845447078226,0.09115135586009179,-0.5319368408647467,,-0.12046548621819418,-0.023865352650569216,-0.0008273517160331431,-0.6883258487459122,0.18522444574611316,-0.3566284112444987,-0.19839115212976496,,0.061620608962982104,-0.6479343250106381,0.22352258584040496
2024-08-30,0.22485569702337338,0.6096220864886972,-11.318139122139456,,0.022376547755563046,-0.6422239773709215,1.3459530301772598,0.02176489602503237,0.16985929842874403,0.2652773619233424,-0.39407031183678176,1.44802158842358,0.04077553996307626,0.014203068236922571,,,0.00191015139854329,-0.0074565056439490065,1.9160895311043622,0.027113566022333883,0.009825100210161987,0.024550277601216208,0.005607959419965301,0.10976215074303823,0.8711431841257639,,0.11889711812730255,,-0.056634980711418974,0.22320618307836124,1.263539678454883,-0.4146857051538141,-0.7417683932587753,,0.05581121117206477,0.8648120347404543,-0.13221082612647883
2024-09-06,-1.8646340000885706,-0.06080662500780317,-0.0020943099351127736,,-0.01597335117104414,-0.10923828981315281,0.28819245537451194,-0.05553851009091395,-0.2694306397451836,0.9684766812069485,0.222889308431096,0.53277907920093,0.2321503154079672,-0.0018796250237978832,,-0.012842081241402672,0.32990118180260986,-0.06109456169423583,-1.3626100373197998,-0.2319336629030696,-0.0006006186063043373,0.2841142174381026,0.008535285941858654,-0.4252029445100566,2.7682500619118215,-0.08966532524365131,-0.053975849378538575,,-0.005818772489499825,7.21046217294737,0.052666544698704354,0.01489071020158646,2.8657401662839614,,0.10264415563010021,0.49248175586083043,0.23234261738177792
2024-09-13,-1.9404352467092996,0.43384615184188463,0.01940830139914019,,0.008903436103804332,-0.3034441114637886,0.3849952190775689,-0.5854514551783228,2.6598452181797874,-0.5342916581189137,0.8452863543226815,0.5405511589546576,0.8575556462129473,0.05697200477846305,,-0.001938626861871633,0.003965252808194853,-0.06661009668638637,-0.43607967704938494,0.6361568408397237,-0.33542120854467966,0.4939117354867106,0.003220443337403966,0.2654632227745865,3.62426993546146,-0.37995131031959206,-0.241903147454329,,0.01840512139701705,2.2760549661308778,-0.155026027315613,-0.18349808615978627,1.2246465694710411,,-0.06077910915249636,5.7374454005378634,1.1451699801186677
2024-09-20,-0.20330826306590088,-0.003398069195748222,-0.08758743410322872,,-0.00597291397770891,-1.208414542968511,0.5756364472704109,-0.19753825251835253,0.8770774673875079,1.9400273079831545,0.4819566979436546,0.585239929248143,0.06687261464840571,0.5631506362096066,,0.04370010894005121,0.0076029102437533925,0.5577767807400995,3.477423833901874,-0.17523216710542738,0.03187979692296184,0.49332189437031737,0.029707365372756867,-0.008806927186494286,0.3484403844880476,-0.0907966142634159,-0.1699268180602782,,0.0030875324987204526,-2.1038018057552104,3.8130733872913214,-0.1868740017122204,-0.28307581584519537,,-1.2969547178569396,0.18903678510738575,-2.9325863330569377
2024-09-27,0.04650456585191057,-0.0030617858068668793,0.04311163486688359,,-0.5655324636353931,-1.6548649460996279,0.08720461354740769,45.256817799526715,-2.4215790102657606,-1.3394277401811145,-1.0656392477975247,-0.878120046881845,0.052913408962355496,-0.036278735440716886,,-0.006390744306485033,0.14056374661653614,0.008113496387072297,-0.09625063893470145,-0.7875141320228591,0.026604576372653857,0.2701086260360395,0.004260865899457883,0.04512626262871905,-1.9968707392878227,-0.06164095833097483,0.037935622923026296,,-0.002045426304413749,-5.295056622265324,-5.696490734426105,-0.9743591361882197,0.018777169750369777,,0.09966015801601606,-1.2485167016375978,-0.1038613168477754
2024-09-30,-0.2126592949217514,0.0058791599184071395,0.2666511081792009,,-1.8294981654037934,0.7421735608865175,-0.1261208613919545,-0.15870711444129193,-0.7710916401563226,0.25361654128679906,2.036826688006053,-4.62296811890702,0.0750253460252168,0.2383882917057027,,-0.06677693613884764,-0.07508133137902191,-0.04043633114535808,-4.267073050806505,0.4001386992767069,0.011340338611432613,0.01686838407519098,0.0031702114297496725,-0.10608689490503073,-0.13545796027243412,-0.02620865970115743,-0.0009240756666160487,,-0.003121434342483419,0.10526177298554917,1.309720873027856,0.3251857081627457,-0.23365620055737024,,-0.3840080570704658,-1.5670797811941624,-0.14521672693101023
2024-10-11,1.3512447995655334,-0.010040270337052947,0.493575255201665,,0.01956089850934591,0.6804120642479825,0.17583373683339537,-0.43248041028791606,0.2800689372084873,3.299500510214521,-2.0669717301396986,0.23114158714983712,0.38894404225352,0.35364183969340723,,-2.557387008383686,0.0028929675432484672,2.285775189031003,1.0001124986110457,0.11738395755928757,0.0341498896900266,0.012629711063775952,-0.018263645084026146,0.01631595449034323,-0.23065876308373592,-0.026883093133920233,-0.8629864674008217,,-0.1204701922998855,-1.0340343689076241,0.33075201160214185,0.5061618693929089,0.012629447104081645,,0.12680953497084876,0.34920796196491183,-0.19657132760853327
2024-10-18,1.8101875985412221,-0.03139572300744591,-0.027746660639338533,,0.5294918940217062,0.5882146881246325,-0.3272872303036245,-0.02440105047387092,0.6371784239943551,-0.0037305908169112945,-2.2670651687857917,2.73056211559953,0.009718591792568577,0.3763305628943819,,-0.002654018889201738,0.011808006982542975,-0.1571478068339871,0.5038121761122845,-0.025353378226161516,0.010276741792455914,1.489441657630169,-0.0035238872122933286,-0.011165181839292031,6.70009741118658,-0.5091642484972099,0.2783789238081029,,0.07836190672804132,-1.101099352120657,-0.4411126439115894,0.28637570452535205,0.06278897839995821,,-0.49811075691202045,1.6693047405087147,-2.9481246369427674
2024-10-25,-0.058188594026565635,0.23191592050078297,0.3721018929392504,,-0.12635402584986777,-0.6185718277541404,-0.008842444253227931,-0.2566410761851379,3.114953310137696,-0.08229337300161603,1.2409551412651347,0.29602902433454487,-0.07993698905665148,0.01450420936505522,,-0.02101972240681646,-0.001947671046815514,0.9697207711801087,-1.8920715665301584,-1.0010591662253339,-1.4819552578954243,0.020639985821658036,-1.5558747490189155,0.011378740657614511,-1.0615582376638324,-0.03210996956410914,2.10676146012822,,-0.0014750006767313356,-2.2687267991392397,-0.2263174776991861,0.038172027816443785,-0.8604163497949225,,0.058906648217140305,1.6493967948820687,-0.060798762691252645
2024-11-01,0.096603902341038,0.20463326245671662,0.007251737990967809,,0.1695537306840158,1.7096895107865604,0.03202871956441442,-1.4781945799618545,0.8414913895426455,-0.5553072036193464,-0.36576728905051614,-4.500786387290703,0.2767232609287133,-0.007487258812458729,,-0.303778605761033,0.01873597914369143,-0.3400475149085561,-0.49477374028543625,0.11092421408013384,0.19520646555619525,0.3904865847714913,0.09003691143344239,0.0007276110889602935,0.03172894605671894,-0.0022720807020969497,1.5667049331515315,,0.178655633742977,4.865294136861163,-0.6004125232938293,-0.34257475332393805,0.07011537331211082,,0.6758559838386061,4.106320306829754,-0.14213802687638258
2024-11-08,1.2943994588215768,-0.003009136515788248,0.15537846131915994,,0.06888683492173099,7.944877963562895,0.2704031607569816,-0.0721499065030081,-2.536263516648361,-0.4483553859527054,-1.2963953089362652,1.395934131185597,-0.18008545762608444,-0.26335903319306303,,-0.005354217701431112,0.09870358306627602,-0.015438380370071256,1.100682324857549,-2.4601800970891903,0.1381115373784605,0.03025963516179353,0.011175231114468666,-0.11876912798538047,3.127502321019446,-0.03193282467150464,0.078689841681291,,-0.000573276365217132,0.5527326507882437,-1.5915278661586472,0.08159067810128709,-0.04807112387256773,,0.12869458168660017,3.6803704148623644,0.11467034309050153
2024-11-15,-0.11667382770976953,0.008270596700797642,-0.0288505039315721,,0.008148763347063945,0.8485211568983979,0.035690701656784465,-0.00442750873465602,-1.7029751029982958,-0.2895181883270632,-0.8917029928079461,-1.1137527704272934,0.078355595614025,-0.05654028282528644,,-0.0032480244191402364,0.004218361463173515,-0.019897944559097117,-0.7206701760390753,-0.3965580417304918,1.2862752631562289,0.054930887155923626,-0.005416883863005123,0.020605876199028195,-0.6250448064293697,-0.00477875415259668,-0.23160160454565343,,0.14972962845856266,3.282380913900122,0.40175348419088164,0.0418212513424657,-0.5701958666439998,,-0.08271274730204815,2.3733680213030546,0.45884388100422474
2024-11-22,-0.06790654675266457,0.15043765419535918,0.11181078478487493,,0.0033178383212998167,2.3040060140373013,-0.16998282493942402,0.006236447637137869,-0.36187813628944004,-2.1508453290719634,-0.038065254783808414,-2.0982553663069083,-0.27290654060964564,0.026964157054690525,,0.18516979781653548,0.007405183078525478,-0.04569590118475631,-0.178729936310277,0.5651514905475963,0.01783797293310832,-1.1368908051595406,0.019645656639312253,-4.531309706799769e-05,-1.0033090863998053,-0.04373318121489048,0.05381013593307214,,-0.012677248779750721,-0.548014957114767,-0.23197595360363715,0.0747101354088693,2.776474136121106,,0.6264280378864071,1.3235400898850675,2.804838827022466
2024-11-29,-0.20454538979097797,-0.002027099320457178,0.02649922098451475,,0.098943514741367,0.19749350668329577,0.08293583821443684,-0.02023784537146248,1.0254489729184832,2.528893292451795,1.1002967034774114,0.8682011978456852,-0.1358653998995623,0.07368709447629604,,-0.0034042572296742474,-0.08113002323319574,-1.5376311349187177,0.743099093275993,0.5725586009056455,0.8087981723112974,0.04408742316824789,0.0038087017145106913,0.20401500848428353,-0.1011676198513367,-0.03530622236747118,-0.4334123098712988,,0.023615281317869715,0.9382388619227174,-1.4579057480581914,0.2901033266194216,0.1503942432802079,,0.01272172064020928,1.1620087717175942,-0.1359708777836075
2024-12-06,0.08506343270776645,0.007175590507608291,0.19855454237830478,,0.0028864010532657853,1.17066837886811,1.116513055373963,-0.09821135604672399,3.5089274463957136,0.5368031010902083,-0.8876000077113517,-0.06626253103097404,0.3570947609033304,-0.22986996752453565,,-0.37882291867079254,0.005553278493219447,0.017491873803316137,0.32017457885661504,0.16818339617349704,0.018539666844426254,-0.13700743158346454,-0.018528372265615125,0.12519268290975494,-0.7037651709396636,-0.06818860256833192,0.8745565415495109,,-0.02437781276198593,3.87515895088069,1.722324163132963,0.9041791463053344,0.2090717056984538,,0.2788932993323611,0.45819061558838803,-0.12233186327641478
2024-12-13,0.8116020711886358,0.022788593644028722,0.5489014662655992,,-0.2977488476415378,5.414839320891383,0.15068749109646462,-7.309634604298365,-0.5854177115221881,0.44845339860051575,-0.14939214948071358,-0.6463915591303923,0.0022513662754995198,0.05288771976452563,,-0.013086251527737472,0.013417980015456306,-0.13090128382398192,-0.30358678922254223,1.5198813890314427,0.14515072270711776,0.5739022758750213,-0.19524279630888397,-0.013907303964196028,-0.037521526411428495,-0.0017292144104911439,0.5029957554624805,,-0.1708301342784036,0.7890052904381091,-2.8378264655342953,0.06527914869711056,-0.09285962974042827,,0.12674792239974975,1.7829513506393648,-0.015426003138230653
2024-12-20,-0.5055156364990878,-0.0007120962960375701,-0.06178343185198515,,-0.21044065107658452,0.034149153460283424,-0.17613089974670515,-0.08790688158373322,3.14684133734691,0.10898611295038835,-0.08063045787214006,0.5248781146942374,-0.10374406583452761,0.585327562800398,,-0.011780949376753076,0.0025247388149957873,-0.016992088099207547,-1.6236375738303817,0.7229562370567904,0.023663979475657522,-0.24602952588877258,0.03426673018701162,-0.014014003701233072,-2.053603470515649,0.17208636652933124,0.06501651942743533,,0.007870175622145547,-2.556170622107821,-0.09780855671671664,0.03861046679292265,-0.14405310604873783,,-0.03710979835594979,-0.4646916691422022,-1.7398992144682477
2024-12-27,-0.7989280354195665,0.022065806962194682,1.9562697483948628,,0.4285860117332821,1.2953776417479017,0.0493264983789104,-0.693687197102138,0.5029674023940294,3.297928699898711,0.5035597889559428,1.23258374042677,-1.8909486739212236,-0.1673462081334097,,-0.0033144782979483292,-0.013834928183491753,-0.014982356552915986,-0.0933798382432615,1.3694992513807414,0.44134659418951516,-0.09215663832614561,0.047504701888072334,0.0924031221258107,-0.2478246937410445,-0.01376257533283833,0.0867312703681073,,-0.02588725023392998,-2.5134120439683247,-0.43216404797813573,0.1793582189160551,-0.1639600456174161,,-5.106067625550264,-1.111894311504848,-0.211292433154465
