TradingDay,TMT,一带一路,中药,交通运输,传媒,光伏,养殖,农业综合,医疗,医药,医药医疗,半导体,国企改革,国央企综合,国防军工,基建,基础化工,央企创新,家用电器,房地产,新能源汽车,新能源综合,旅游,有色,机械设备,汽车,游戏,生物科技,电力,电子,石油石化,种植,绿色/ESG,计算机,通信,金融综合,钢铁煤炭,银行,非银,食品饮料
2015-02-13,,,,,,,,,,,,,,-0.00043025219268684527,,,,,,,,,,,,,,,,,,,0.07794677510811261,,,,,,,
2015-02-17,-0.06747221422205603,,,,,,,,,,0.017239060662194786,,,0.03952589744419379,,,,,,,,,,,,,,,,,,,-0.49731079822236035,,,0.07754882235570436,,,-0.00716064313951468,
2015-02-27,-0.03926631334206756,,,,,,,,,,-0.0455050213004286,,,-0.17446364704416029,,,,,,,,,,,,,,,,,,,-0.08074804625535964,,,0.0596802673636978,,,-0.009970079287510637,
2015-03-06,-0.04369708225964555,,,,,,,,,,-0.0649931946635601,,,0.13026844816002012,,,,,,,,,,,,,,,,,,,-0.08508826258272666,,,-0.0128066887718499,,,-0.0010588935451063958,
2015-03-13,0.22281934415945456,,,,,,,,,,0.004788453942512168,,,-0.04101257348687574,,,,,,,,,,,,,,,,,,,-0.0017083887095368181,,,0.01980860435365807,,,-0.01636555198246177,
2015-03-20,-0.41679359743943495,,,,,,,,,,-0.20946873412625677,,,0.021044791904207997,,,,,,,,,,,,,,,,0.054009134156156366,,,0.10336903974090911,,,0.02500101839094041,,,-0.1752620500265015,
2015-03-27,0.15211722148061024,,,,,,,,,,-0.3460168452801018,,,-0.21951983623828694,,,,,,,,,,,,,,,,-0.030054758881453276,,,2.325210564096748,,,0.014377631942847207,,,,
2015-04-03,,,,,,,,,,,0.01225086642592466,,,-0.04086191057721371,,,,,,,,,,,,,,,,-0.0006560360207135646,,,0.37791481375901026,,,,,,,
2015-04-10,,,,,,,,,,,0.060112091125450934,,,0.015116442608083463,,,,,,,,,,,,,,,,-0.00024877489869664645,,,0.15410918104523358,,,,,,,
2015-04-17,,,,,,,,,,,0.03453295255103394,,,0.04101838341663313,,,,,,,,,,,,,,,,-0.028240638373049482,,,-0.7135701408209085,,,,,,,
2015-04-24,,,,,,,,,,,-0.001836274433996986,,,0.02845844496695002,,,,,,,,,,,,,,,,-0.3273235868219656,,,-0.005509717903856702,,,,,,,
2015-04-30,,,,,,,,,,,0.002075250879497338,,,0.2632177414215138,,,,,,,,,,,,,,,,-0.00022550792279014725,,,0.015129238746136017,,,,,,,
2015-05-08,,,,,,,,,,,0.07462032599947839,,,0.009922707031365222,,,,,,,,,,,,,,,,0.9278608046903761,,,-0.14047477005452663,,,,,,,
2015-05-15,,,,,,,,,,,1.0641120242320639,,,0.024411268302832717,,,,,,,,,,,,,,,,-0.00022361999923857013,,,0.003383147231621665,,,,,,,
2015-05-22,,,,,,,,,,,0.007507036620990927,,,0.0074040598469885645,,,,,,,,,,,,,,,,-0.000879231624067244,,,0.045193930520020985,,,,,,,
2015-05-29,,,,,,,,,,,-0.058786294783574465,,,0.004920608757323297,,,,,,,,,,,,,,,,0.10782884799332457,,,-0.03100644159939713,,,-0.00015859880550675445,,,,
2015-06-05,,,,,,,,,,,0.10164203044103932,,,-0.01758857710750961,,,,,,,,,,,,,,,,0.006978814702217748,,,0.08833355640056684,,,-0.0006474392591443749,,,,
2015-06-12,,,,,,,,,,,-0.06957470936404231,,,0.005404673317531316,,,,,,,,,,,,,,,,-0.00022711637181058433,,,-0.01105792830611859,,,0.020196188715626878,,,,
2015-06-19,,,,,,,,,,,-0.08692098177187739,,,-2.1020707092047637,,,,,,,,,,,,,,,,-0.00017128987034305856,,,-0.28153905243835126,,,-0.0005472954857679949,,,,
2015-06-26,,,,,,,,,,,-0.2001893356293963,,,0.02156642895831091,,,,,,,,,,,,,,,,0.7260970445649352,,,0.07486398038247014,,,0.022448866615357863,,,,
2015-07-03,,,,,,,,,,,0.22128720695041582,,,-0.0024917200401425657,,,,,,,,,,,,,,,,0.051464709547922545,,,0.02037631754204975,,,-0.0005507670670646639,,,,
2015-07-10,,,,,,,,,,,0.011342761321746522,,,0.006873609681763381,,,,,,,,,,,,,,,,-0.0002559625488847268,,,0.3106783827653838,,,12.161330004670626,,,,
2015-07-17,,,,,,,,,,,0.0207403837040646,,,-0.41917938265284427,,,,,,,,,,,,,,,,-0.0022291812104598143,,,0.020817063040255532,,,-0.0010048192582641753,,,,
2015-07-24,,,,,,,,,,,-0.06532987695423384,,,0.2298304771838549,,,,,,,,,,,,,,,,-1.912333191785558,,,0.3587991936019501,,,0.3611930703342043,,,,
2015-07-31,,,,,,,,,,,-0.5141320411711902,,,-0.17467790780020398,,,,,,,,,,,,,,,,0.0067102504952301755,,,0.36247944120832687,,,-0.007389281485890969,,,,
2015-08-07,,,,,,,,,,,0.046088488087261,,,0.2242305020367371,,,,,,,,,,,,,,,,-0.008094121497706108,,,0.009010901150400583,,,-0.807915822896103,,,,
2015-08-14,,,,,,,,,,,0.255790523592514,,,-0.027242009019521916,,,,,,,,,,,,,,,,-1.0878553031426998,,,0.24329987541661316,,,-0.007111990829442269,,,,
2015-08-21,,,,,,,,,,,0.06562603661835655,,,0.0036834998303693057,,,,,,,,,,,,,,,,-0.01609979539473879,,,0.03190971112846546,,,-0.013695022423638542,,,,
2015-08-28,,,,,,,,,,,,,,0.0932042163249879,,,,,,,,,,,,,,,,-0.02970223869254869,,,0.1764384204428751,,,0.13101638922824607,,,,
2015-09-02,,,,,,,,,,,,,,0.04113235145055327,,,,,,,,,,,,,,,,-0.16280608638748084,,,0.16923256480445126,,,-0.0024370339927076022,,,,
2015-09-11,,,,,,,,,,,,,,-0.02584431139639369,,,,,,,,,,,,,,,,-0.22756656883834045,,,-0.1791396319529004,,,-7.060659533064454e-05,,,,
2015-09-18,,,,,,,,,,,,,,0.008842628338559361,,,,,,,,,,,,,,,,-0.027904389056215687,,,0.16362880300861654,,,0.02081252171748717,,,,
2015-09-25,,,,,,,,,,,,,,0.060483759504530415,,,,,,,,,,,,,,,,-0.013066360445436707,,,0.2899468507481116,,,0.007265903488820016,,,,
2015-09-30,,,,,,,,,,,,,,0.006046210614726587,,,,,,,,,,,,,,,,-0.10150606051821914,,,0.49082814084428766,,,-0.0057760373313177895,,,,
2015-10-09,,,,,,,,,,,,,,0.08929996784829479,,,,,,,,,,,,,,,,-0.07101855708272853,,,-0.16473931737313144,,,0.28082512475927723,,,-0.09056451468310667,
2015-10-16,,,,,,,,,,,,,,0.2847036126327563,,,,,,,,,,,,,,,,0.01050228912292692,,,0.33039856226939873,,,1.7029020521894873,,,0.01729675619987768,
2015-10-23,,,,,,,,,,,,,,-0.31816418422598625,,,,,,,,,,,,,,,,-0.0566407961076064,,,0.5123364896968116,,,0.09524783563993375,,,0.025148484784340806,
2015-10-30,,,,,,,,,,,,,,0.8041429658326353,,,,,,,,,,,,,,,,-0.25267697593379007,,,0.3585808649528615,,,-1.013479780413064,,,-0.5607110444314135,
2015-11-06,,,,,,,,,,,,,,-0.2655942612924,,,,,,,,,,,,,,,,-0.07177957051021579,,,-3.040915353637701,,,0.004906998516300001,,,-0.005315318080481112,
2015-11-13,,,,,,,,,,,,,,-0.018620095502113576,,,,,,,,,,,,,,,,-0.02727689189672952,,,0.2891636930921132,,,0.48970659120896387,,,-0.03242260213545024,
2015-11-20,,,,,,,,,,,,,,-0.045350672105172976,,,,,,,,,,,,,,,,0.1531266744310523,,,0.2084283927217347,,,0.06213676316629061,,,-0.8559370278106839,
2015-11-27,,,,,,,,,,,,,,0.01443501631285778,,,,,,,,,,,,,,,,0.0940640076029326,,,1.3953501607763004,,,0.01525252513528898,,,-0.4789204445579729,
2015-12-04,,,,,,,,,,,,,,0.00324100074351941,,,,,,,,,,,,,,,,0.057795964418002,,,1.2331008053477412,,,0.04470692115898597,,,-0.02400437611062611,
2015-12-11,,,,,,,,,,,,,,-0.0580235265405041,,,,,,,,,,,,,,,,-0.005905810145865632,,,0.09726710725616014,,,0.6477343651242577,,,-0.03237437258576584,
2015-12-18,,,,,,,,,,,,,,-0.07623140091047205,,,,,,,,,,,,,,,,0.020905430065117,,,0.02550790901712401,,,-0.0031282703033833625,,,-0.050884640202212415,
2015-12-25,,,,,,,,,,,,,,-0.02503311243759362,,,,,,,,,,,,,,,,-0.02015424262548951,,,0.034084770521101516,,,-0.1686924168571935,,,0.007888087164841004,
2015-12-31,,,,,,,,,,,,,,0.018198776444215855,,,,,,,,,,,,,,,,-0.01097210959732747,,,0.038663069398067254,,,-0.015100061158125651,,,-0.006873179796119687,
2016-01-08,,,,,,,,,,,,,,0.08704002427837414,,,,,,,,,,,,,,,,0.032735959534946873,,,0.4135168144722165,,,0.1269021128681957,,,0.13252387237340593,
2016-01-15,,,,,,,,,,,,,,-0.13459610887735027,,,,,,,,,,,,,,,,0.0759606752697941,,,-0.004096394223996838,,,-0.6387572327995608,,,0.00018152393980828269,
2016-01-22,,,,,,,,,,,,,,0.027377315203785998,,,,,,,,,,,,,,,,-0.015561591225328367,,,0.22739089177650626,,,0.01041524215276321,,,-0.00851935504588145,
2016-01-29,,,,,,,,,,,,,,0.6847719557297118,,,,,,,,,,,,,,,,0.6591585085534392,,,0.062274113759863095,,,-0.057232118313395336,,,-0.18160616322741785,
2016-02-05,,,,,,,,,,,,,,-0.14496725491618265,,,,,,,,,,,,,,,,0.01430255990274954,,,0.07397708831319391,,,0.05168012533769475,,,-0.0032868689412859794,
2016-02-19,,,,,,,,,,,,,,0.009144018881202632,,,,,,,,,,,,,,,,0.01855051653514847,,,-0.1428022891497469,,,0.25632495701203306,,,-0.003562481776652523,
2016-02-26,,,,,,,,,,,,,,-0.023785715379796454,,,,,,,,,,,,,,,,-0.39612549784737316,,,0.07779718221593468,,,0.030191516269906016,,,-0.005697090783780216,
2016-03-04,,,,,,,,,,,,,,0.057657563733436314,,,,,,,,,,,,,,,,-0.30591280357384854,,,-1.1796177136362713,,,0.5414444478931578,,,0.003719106673101675,
2016-03-11,,,,,,,,,,,,,,0.2075972540481759,,,,,,,,,,,,,,,,-0.4489910053605274,,,0.03647399020721126,,,0.10758817377394582,,,0.0026058615195007698,
2016-03-18,,,,,,,,,,,,,,0.23266275589256918,,,,,,,,,,,,,,,,-0.06824326732961221,,,0.0785009948789844,,,0.004743207108377661,,,-0.024089759217216872,
2016-03-25,,,,,,,,,,,,,,0.19191606196103667,,,,,,,,,,,,,,,,-0.06908248604686562,,,0.5998060233966995,,,-0.019151511566094712,,,-0.03405740451771988,
2016-04-01,,,,,,,,,,,,,,0.022199905470484067,,,,,,,,,,,,,,,,,,,0.10256519282331632,,,-0.08356992063780955,,,-0.0022772254906092645,
2016-04-08,,,,,,,,,,,,,,0.00477904360499222,,,,,,,,,,,,,,,,,,,-0.005130696770841058,,,-0.034394688228654546,,,-0.021235576167396752,
2016-04-15,,,,,,,,,,,,,,-0.16449238685804757,,,,,,,,,,,,,,,,,,,0.3430935292363907,,,-0.060244431860802965,,,-0.8407369091966557,
2016-04-22,,,,,,,,,,,,,,-0.5086128051399919,,,,,,,,,,,,,,,,,,,0.12403030608841789,,,-0.04688361235875922,,,0.041723997826235655,
2016-04-29,,,,,,,,,,,,,,0.012905754771032337,,,,,,,,,,,,,,,,,,,-0.40045742262532497,,,1.4384380938086667,,,-0.13474168735939346,
2016-05-06,,,,,,,,,,,0.4553208163863377,,,0.015305480232773967,,,,,,,,,,,,,,,,,,,-0.08508340484861224,,,-0.00416614331794681,,,-0.012578844128301589,
2016-05-13,,,,,,,,,,,-0.17779769129860645,,,-1.865652794711557,,,,,,,,,,,,,,,,,,,0.09998683480816331,,,0.03822964090530212,,,-0.18832797791688732,
2016-05-20,,,,,,,,,,,2.0043075509852253,,,0.046937351817237564,,,,,,,,,,,,,,,,,,,-0.026962587024036717,,,-0.16910875116687776,,,-0.005773670351048846,
2016-05-27,,,,,,,,,,,3.1276350005893705,,,-0.019313075322269675,,,,,,,,,,,,,,,,,,,-0.02124349370800345,,,0.1175096519381125,,,-0.008989307971643677,
2016-06-03,,,,,,,,,,,-0.35160525382385927,,,-0.2732897919624615,,,,,,,,,,,,,,,,,,,0.0316401422737345,,,-0.08515351758642709,,,-0.05341838038754246,
2016-06-08,,,,,,,,,,,0.2516058855941715,,,-0.05581485351581279,,,,,,,,,,,,,,,,,,,-0.8959847081444133,,,-0.9272240003994435,,,0.00910094880323921,
2016-06-17,,,,,,,,,,,0.8000354746391078,,,0.2885426174279141,,,,,,,,,,,,,,,,,,,-0.023942543388331315,,,0.02523813999526786,,,-0.0027776317087779855,
2016-06-24,,,,,,,,,,,-0.02407626571451238,,,0.04298823297494634,,,,,,,,,,,,,,,,,,,1.5682057021472986,,,0.28692194756524825,,,-0.7284007057876427,
2016-07-01,,,,,,,,,,,-0.32178586636757134,,,0.3512532200747179,,,,,,,,,,,,,,,,,,,-0.026674585385909055,,,0.07677002506869025,,,-0.00010536530402694474,
2016-07-08,,,,,,,,,,,1.0762670284787426,,,0.023417892464069067,,,,,,,,,,,,,,,,,,,-0.23912133337365907,,,-0.370041409060203,,,0.021198303007412107,
2016-07-15,,,,,,,,,,,-0.32715624204055826,,,-0.6470310454661949,,,,,,,,,,,,,,,,,,,-0.09383669614074389,,,0.03489311286075823,,,-0.007883427918435708,
2016-07-22,,,,,,,,,,,1.1949002213700293,,,-0.012675632493757688,,,,,,,,,,,,,,,,,,,-0.04553612850844189,,,-0.11980892070004899,,,-0.01181862436677044,
2016-07-29,,,,,,,,,,,0.014467113005592908,,,-0.07410268267114208,,,,,,,,,,,,,,,,,,,-0.2482527127678984,,,-0.0010223398933666807,,,-0.03842388295855729,
2016-08-05,,,,,,,,,,,2.0164814724209155,,,-0.09834042343032569,,,,,,,,,,,,,,,,,,,-0.019266235446495847,,,-0.09398444371594479,,,0.03573587398777496,
2016-08-12,,,,,,,,,,,-0.07370641672507357,,,0.33992044031243174,,,,,,,,,,,,,,,,,,,0.7944582379472402,,,-1.068600194723016,,,-0.0014905938547056978,
2016-08-19,,,,,,,,,,,-0.1385158476643364,,,-0.004504317018689159,,,,,,,,,,,,,,,,,,,-0.11853283727681449,,,0.23084258064829508,,,-0.17130566888602303,
2016-08-26,,,,,,,,,,,-0.22847629290238988,,,-0.01170567231387661,,,,,,,,,,,,,,,,,,,0.07644126364025032,,,-0.015123623794473465,,,-0.06809438887133978,
2016-09-02,,,,,,,,,,,0.8445843369349877,,,-0.07278982263503617,,,,,,,,,,,,,,,,,,,0.08725879205762863,,,0.7161876613981637,,,-1.1411862323649031,
2016-09-09,,,,,,,,,,,-0.9381210073058218,,,0.07250137737003699,,,,,,,,,,,,,,,,,,,-0.014931989676332531,,,-0.04828082331027704,,,-0.003912546657270754,
2016-09-14,,,,,,,,,,,-0.126173280141061,,,0.3427262922691226,,,,,,,,,,,,,,,,,,,-0.01904662684689351,,,-0.00484213576676708,,,-0.004068373582334766,
2016-09-23,,,,,,,,,,,-0.5701973762478019,,,-0.12181202100777584,0.006817256695513702,,,,,,,,,,,,,,,,,,-0.1520612774726053,,,-0.10674732619247082,,,-0.00734151947202234,
2016-09-30,,,,,,,,,,,-0.0477632450040191,,,0.04280775778594983,0.01789512325086138,,,,,,,,,,,,,,,,,,-0.3393943847100993,,,0.08392901647379797,,,-0.03133910538841753,
2016-10-14,,,,,,,,,,,0.44534939215496655,,,0.1799619427856201,0.116991934154899,,,,,,,,,,,,,,,-0.0032052939851996,,,-0.08111970159356956,,,0.6802528530366432,,,-0.13979836780049296,
2016-10-21,,,,,,,,,,,0.2397079273464886,,,-0.008194532694215263,0.47798458520328474,,,,,,,,,,,,,,,0.016658291475378416,,,0.0953383613604864,,,-0.4500454411538693,,,-0.4473998741551512,
2016-10-28,,,,,,,,,,,-0.2967988501219565,,,0.6463169341961676,0.02799071514101219,,,,,,,,,,,,,,,0.03736873209026894,,,-0.5568771519368838,,,0.12467892138593187,,,0.0842571775664097,
2016-11-04,,,,,,,,,,,0.04816689302931163,,,0.006232128120341835,0.1329175333415745,,,,,,,,,,,,,,,-0.013270499973512706,,,0.3403114348974172,,,0.0029105524776811345,,,2.1230829190403457,
2016-11-11,,,,,,,,,,,-0.05797746251218385,,,0.6417042905620015,0.013734010557002168,,,,,,,,,,,,,,,0.007025976480489327,,,0.05173459714318613,,,0.03485677010892198,,,-1.309360879398446,
2016-11-18,,,,,,,,,,,0.6694261119956099,,,0.0002295961196163163,0.05191033246229058,,,,,,,,,,,,,,,-0.008588474972791766,,,0.13502928397609873,,,0.17382136697586165,,,0.07483256582793041,
2016-11-25,,,,,,,,,,,1.9971452325764671,,,-0.02866094973818125,0.5208115262109162,,,,,,,,,,,,,,,-0.0012811289126207824,,,-0.003218486588074901,,,-1.6794145672568461,,,-0.021388612163680924,
2016-12-02,,,,,,,,,,,0.5946549503684291,,,0.10610766089654519,-0.4030058365218848,,,,,,,,,,,,,,,0.10976539921205401,,,-2.6408985471925863,,,0.014672425244224222,,,0.008272382746865831,
2016-12-09,,,,,,,,,,,-0.041934489218724266,,,-0.02241892971321808,-0.2833777917929005,,,,,,,,,,,,,,,-0.10370908876788007,,,0.7376042862151498,,,0.2196038362023432,,,-0.2622186290324453,
2016-12-16,,,,,,,,,,,-0.11019289129009494,,,0.221535503761924,0.1726613957257838,,,,,,,,,,,,,,,-0.001574251436466979,,,-0.010128621527022175,,,0.4939730553343795,,,-0.02275796166485101,
2016-12-23,,,,,,,,,,,0.03219629994843838,,,0.008417058756931484,-0.10105438523746746,,,,,,,,,,,,,,,-0.0009147154720840915,,,0.694680929966163,,,-0.29615748483167026,,,-0.11982971905243953,
2016-12-31,,,,,,,,,,,0.029920145060453058,,,-0.08425259634703848,-0.02105172332300557,,,,,,,,,,,,,,,-0.0008102492197272676,,,0.22491817344152196,,,1.589479896246196,,,0.00997931052482571,
2017-01-06,,,,,,,,,,,-0.08522299280740778,,,0.03494525603653595,-0.23873230098597398,,,,,,,,,,,,,,,0.006878027865405311,,,0.005098691455498336,,,-0.4975265936271852,,,-4.661007545728512,
2017-01-13,,,,,,,,,,,1.323812011129612,,,0.0007524780789571186,1.1447123078172634,,,,,,,,,,,,,,,-4.014956481798746,,,0.594834110050104,,,0.23561442522674977,,,-0.0696654906521495,
2017-01-20,,,,,,,,,,,0.01126238084773704,,,0.007406741420883033,-0.010642097197880708,,,,,,,,,,,,,,,-0.5156610636607941,,,-0.03259599992655808,,,0.00881187275155889,,,-5.5961100637318895,
2017-01-26,,,,,,,,,,,-0.023930208473195644,,,0.010408542101115997,1.874003084955621,,,,,,,,,,,,,,,0.07636080466901146,,,0.17300646877432352,,,0.056466354649887265,,,0.06637880704383818,
2017-02-03,,,,,,,,,,,0.1048244300954742,,,0.010586231668797448,-0.12435871989428397,,,,,,,,,,,,,,,-0.09457123150431557,,,-0.46685217244293736,,,-0.42841134184282337,,,-0.03920639228969838,
2017-02-10,,,,,,,,,,,0.007229085693501436,,,-0.22618276680572066,-2.9425241284255597,,,,,,,,,,,,,,,-0.002158738967874192,,,-0.011684321203912175,,,0.24391642051807366,,,-0.7334625488021831,
2017-02-17,,,,,,,,,,,-0.058045770691744394,,,-0.5893235754121129,-0.03458463219525828,,,,,,,,,,,,,,,-0.015822152742960557,,,0.018032308800355553,,,0.014463005312486815,,,0.1790586539136799,
2017-02-24,,,,,,,,,,,-0.24896208945046552,,,-1.9780020628156918,-0.017523859632130313,,,,,,,,,,,,,,,0.016631176829659103,,,-1.0989623936787962,,,0.02344447349286225,,,0.13493648492247545,
2017-03-03,,,,,,,,,,,0.03073461080349555,,,0.023239190923425225,0.030006092410213986,,,,,,,,,,,,,,,-0.09858131591992986,,,1.2702372748526245,,,-0.3795230810927856,,,-0.04521718414682381,
2017-03-10,,,,,,,,,,,1.000409176784752,,,-0.2881379510126805,1.645950670341006,,,,,,,,,,,,,,,-0.008150832779422381,,,0.7013874226032952,,,0.19991047482907656,,,-0.008202862056696377,
2017-03-17,,,,,,,,,,,0.0692669296925478,,,0.007691212505035817,0.29289293877024924,,,,,,,,,,,,,,,0.13064465726684474,,,-0.20825486553704783,,,-0.14197215929319806,,,0.33411967762341105,
2017-03-24,,,,,,,,,,,-2.18926161748012,,,-0.014571939202602937,0.38691080996781446,,,,,,,,,,,,,,,-0.002764238029168801,,,-0.3050859954846397,,,-0.3470024337289791,,,0.05045943063656718,
2017-03-31,,,,,,,,,,,-0.4003133546476813,,,0.06917765783241117,-0.00022950509455798955,,,,,,,,,,,,,,,,,,-0.046858528839764185,,,0.2885323452763886,,,-0.24598807619366583,
2017-04-07,,,,,,,,,,,-0.27932074594213296,,,0.001250043468519811,-0.5180712868379277,,,,,,,,,,,,,,,,,,-0.02335822250648502,,,3.8348513281628582,,,-0.06737383130690971,
2017-04-14,,,,,,,,,,,0.09489413352773217,,,0.047711075109283047,0.38526574397592384,,,,,,,,,,,,,,,,,,0.0906534657588679,,,1.8067516717824486,,,-0.291431927159129,
2017-04-21,,,,,,,,,,,-0.1233247434617214,,,0.08497871675472415,0.21896714139554632,,,,,,,,,,,,,,,,,,-0.05017713013745331,,,0.07534778670510109,,,-0.05189791124931579,
2017-04-28,,,,,,,,,,,-0.012321669849039478,,,-0.39762022475177666,-2.8776447055953502,,,,,,,,,,,,,,,,,,-0.01756897777859321,,,-0.8813433570230974,,,-0.12074194508116314,
2017-05-05,,,,,,,,,,,0.3744683643793202,,,0.2640116418293927,3.6777934234607352,,,,,,,,,,,,,,,,,,-1.4236041405222326,,,-1.6045186815283632,,,-0.0063540198755330565,
2017-05-12,,,,,,,,,,,-0.016100095502658656,,,0.02181865121071295,-0.10456491895295451,,,,,,,,,,,,,,,,,,4.762990991959467,,,0.39703739514146824,,,-0.43542564782782506,
2017-05-19,,,,,,,,,,,0.01649194793058552,,,-0.05024731723157454,-0.0047139159792283745,,,,,,,,,,,,,,,,,,-2.173267439558527,,,0.49851787303419837,,,-0.5274580574750196,
2017-05-26,,,,,,,,,,,-0.02127995296139555,,,0.40104150108950376,2.3832683185324752,,,,,,,,,,,,,,,,,,1.1940042472431855,,,0.25533911162276157,,,-0.023334462424326935,
2017-06-02,,,,,,,,,,,0.5025154024609395,,,-0.0348500488874032,-0.9099805410019918,,,,,,,,,,,,,,,,,,-0.0013494116745566718,,,0.8649406747037397,,,-0.5309591668215139,
2017-06-09,,,,,,,,,,,0.06411948474171154,,,0.06195345131640426,-0.051716135877663896,,,,,,,,,,,,,,,,,,0.14087858234227493,,,-0.07429015703405767,,,-1.0273179727465664,
2017-06-16,,,,,,,,,,,-0.30798063740151344,,,0.13227246974346984,0.041771334326415464,,,,,,,,,,,,,,,,,,-0.22930518007597234,,,0.05381870793448196,,,-2.3909592387605882,
2017-06-23,,,,,,,,,,,-1.0058223300412292,,,-0.531251477783854,0.1057140733769737,,,,,,,,,,,,,,,,,,-0.16717702378191673,,,0.07292361192635964,,,-1.4742733337759493,
2017-06-30,,,,,,,,,,,2.6345446157147565,,,0.08712437462676595,-0.22962436152933213,,,,,,,,,,,,,,,,,,0.32895390324561674,,,0.7609900400676867,,,0.039304207307841885,
2017-07-07,,,,,,,,,,,0.059174289646201896,,,0.036259777676277805,2.487078167932376,,,,,,,,,,,,,,,,,,0.1650947248564521,,,0.6965641126633595,,,-0.03214419486740572,
2017-07-14,,,,,,,,,,,-0.056546942279108295,,,0.06350951937869247,1.1070421461686177,,,,,,,,,,,,,,,,,,0.0055545452634561295,,,-0.19235530988757218,,,-0.12042263215591258,
2017-07-21,,,,,,,,,,,-0.0627032799501108,,,0.416327378953369,0.6845461498247802,,,,,,,,,,,,,,,,,,-0.006385568799971433,,,0.016760802469527547,,,-0.016536329884810574,
2017-07-28,,,,,,,,,,,0.0599991709038181,,,0.074749616755101,-0.23399301287749313,,,,,,,,,,,,,,,,,,0.04386553025055466,,,0.18849135633827518,,,-0.12614313402363672,
2017-08-04,,,,,,,,,,,0.4136946922999389,,,-0.046131743079364004,0.36034046411112935,,,,,,,,,,,,,,,,,,-0.06145266264064845,,,-1.486499095372299,,,-0.11407749518989087,
2017-08-11,,,,,,,,,,,0.8730057988643896,,,4.870983090536005,1.014878794762144,,,,,,,,,,,,,,,,,,0.0016483001069522718,,,-0.007509076311854435,,,3.836172269894647e-05,
2017-08-18,,,,,,,,,,,-0.24083060927790206,,,0.017459111342821014,0.120330061606083,,,,,,,,,,,,,,,,,,0.0023232172190240583,,,0.04032065460314936,,,-0.23411242366875562,
2017-08-25,,,,,,,,,,,0.2046422887896606,,,-0.023098561704754376,0.3228089644786345,,,,,,,,,,,,,,,,,,0.03886854776616295,,,0.6136804933127518,,,-1.0572834549653591,
2017-09-01,,,,,,,,,,,0.061719462917878706,,,-0.9258614336045393,0.17059315749296133,,,,,,,,,,,,,,,,,,-0.015667062806621137,,,2.0428151285087663,,,0.0002658808297988976,
2017-09-08,,,,,,,,,,,0.4992313440814851,,,0.14919758782779888,0.32317610942278163,,,,,,,,,,,,,,,,,,-0.19585340825062467,,,-0.005065675500252387,,0.007807085551430975,-1.031668999260411,
2017-09-15,,,,,,,,,,,0.8109937319630718,,,1.5293559284212093,-0.2669772262700371,,,,,,,,,,,,,,,,,,-0.4275336520003148,,,0.11530051759752244,,0.026247618421163375,-0.40140292766329366,
2017-09-22,,,,,,,,,,,-0.00858705424678654,,,0.003443606078578719,0.15862125380754866,,,,,,,,,,,,,,,,,,-0.008880654661674852,,,0.45976289500924167,,0.2458564717328302,-1.5233125735921265,
2017-09-30,,,,,,,,,,,-0.07535718510581442,,,-0.02802768630064945,-0.12993268967594548,,,,,,,,,,,,,,,,,,-1.0392434768714627,,,0.8022628851838454,,0.09426369193196499,0.020578885280241516,
2017-10-13,,,,,,,,,,,-0.06475794747476793,,,0.08553739759557255,0.22678192236230038,,,,,,,,,,,,,,,,,,0.1138132904273358,,,-0.05343904499290335,,-0.040977771333298114,-0.15436255403513816,
2017-10-20,,,,,,,,,,,-0.06443061404839402,,,-0.005320772409477318,-0.4069243693576665,,,,,,,,,,,,,,,,,,0.1383284367171909,,,0.2755915975610909,,0.014643969393523394,0.13618664408495104,
2017-10-27,,,,,,,,,,,0.4426083912397789,,,0.033900385708162575,0.11371286664595451,,,,,,,,,,,,,,,,,,-0.23045624790357663,,,-0.5119380146256007,,0.07176874889577184,-0.6567229645724149,
2017-11-03,,,,,,,,,,,0.07344002080893236,,,0.24201796364591793,-0.1561824501169669,,,,,,,,,,,,,,,,,,0.012070036193137219,,,0.10642462040281198,,-0.07382315187685615,-5.287546155076797,
2017-11-10,,,,,,,,,,,0.017969024875333247,,,0.0011372332123595061,-0.5367111443398169,,,,,,,,,,,,,,,,,,0.1311385098546471,,,0.017767193140090277,,0.19654691517740602,0.06728831654922204,
2017-11-17,,,,,,,,,,,1.045622616455389,,,-0.02453349196812082,0.045671466015192695,,,,,,,,,-0.0006361608051520178,,,,,,,,,-0.14385489170332227,,,0.04374751822805396,,0.4484563030598182,-0.20795685182226145,
2017-11-24,,,,,,,,,,,-0.24894810453779204,,,-0.21773079550504726,-0.04382140982022364,,,,,,,,,-0.0013602847940484334,,,,,,,,,-0.32161523633213995,,,-0.0011446967886277783,,0.9065259228877602,-0.5330084167933464,
2017-12-01,,,,,,,,,,,0.011990373283288754,,,0.0227794518745992,0.08097896208243394,,,,,,,,,-0.0014648811738876544,,,,,,,,,0.015217777211467075,,,-0.04630776375739913,,0.02801285625893684,-0.33200342619005213,
2017-12-08,,,,,,,,,,,-0.005786992368444649,,,0.06652326494065808,-0.32375703869191136,,,,,,,,,0.007631134127075237,,,,,,,,,3.4219668710853206,,,-0.6480164302076278,,1.4056081452844167,2.986777178293556,
2017-12-15,,,,,,,,,,,0.008000199931509903,,,-0.0639162829704954,-1.1311827399654921,,,,,,,,,-0.16244203836829205,,,,,,,,,6.078863808556441e-05,,,0.08689095676761027,,-0.20759643011441825,0.012490741322405786,
2017-12-22,,,,,,,,,,,-0.20664465021029155,,,0.7783169807179554,-0.10532498741321378,,,,,,,,,0.02980796512883653,,,,,,,,,-0.03829555854350079,,,0.2125667602859792,,0.2957083857990149,-0.19396891501876348,
2017-12-31,,,,,,,,,,,0.07463962390087855,,,-0.003783946527732958,-0.038932461772541,,,,,,,,,-0.030890925758765682,,,,,,,,,0.3498100203980217,,,-5.140555252033111,,-0.15750211876316741,-0.8926286884411844,
2018-01-05,,,,,,,,,,,-0.05776315800371156,,,-0.0027602787998694976,-0.0628176656908297,,,,,,,,,-0.0055512296807726695,,,,,,,,,0.5557766255074746,,,0.641376657360209,,-0.0034204711266939128,-0.024478893637622953,
2018-01-12,,,,,,,,,,,0.3688390424965278,,,0.24553352766235848,0.05862175024378859,,,,,,,,,0.623291970730728,,,,,,,,,-0.39408122292297365,,,-1.2190968831838833,,-1.221922686275107,-0.05287235008301553,
2018-01-19,,,,,,,,,,,-2.077982802526704,,,0.052384990415377246,2.4594006463567593,,,,,,,,,-0.0009052325243560699,,,,,,,,,0.6565287304470109,,,0.34904766151203404,,0.048937935820959164,-0.3551366101414598,
2018-01-26,,,,,,,,,,,-0.07259140651767029,,,0.005719549745520285,0.028900638776877957,,,,,,,,,0.5812337068533299,,,,,,,,,-0.0825349450564466,,,-0.1980390464894161,,-0.051895312482045985,0.020970933915736824,
2018-02-02,,,,,,,,,,,-1.2894923408182635,,,0.2219128000118351,-0.0020776518783660377,,,,,,,,,-0.0006806035188935529,,,,,,,,,-0.1145205615446625,,,0.2869652299053366,,0.02018308215598838,0.22579671565021195,
2018-02-09,,,,,,,,,,,-0.26684801838953104,,,-0.004612246686297387,-4.195863591687854,,,,,,,,,-0.002942481633695895,,,,,,,,,0.10175295516766378,,,1.4810108185425335,,0.10113444940494293,-1.2599722303780858,
2018-02-14,,,,,,,,,,,-0.03996366821001893,,,-0.00512851036032257,0.7032178027822548,,,,,,,,,-0.008946313717748542,,,,,,,,,0.056155028509256945,,,0.6947595210684293,,0.8901491031615925,-0.011766389925798051,
2018-02-23,,,,,,,,,,,-0.012653160100852705,,,0.34468288302986483,-0.24041854955273506,,,,,,,,,0.0061134545347113385,,,,,,,,,0.05243593391304706,,,0.29261736277937633,,2.179029532876489,0.27326791635069914,
2018-03-02,,,,,0.0007944997653229797,,,,,,-0.02118055392903306,,,-0.016096704447281934,-0.00169271128348452,,,,,,,,,-0.007154700996647263,,,,,,,,,-0.007025512291030352,,,0.5136560238720769,,0.14246975688582855,-0.02665961611451963,
2018-03-09,,,,,-0.013697283298329827,,,,,,-0.5726803451773665,,,0.261247285367548,-0.02495087895884735,,,,,,,,,0.017132349178984763,,,,,,,,,-0.017115505707061846,,,0.43662781513189486,,0.024073818409238616,0.5520547316316256,
2018-03-16,,,,,0.004007405305404527,,,,,,-0.0449364087676785,,,-0.18317437152754731,0.017305446490854557,,,,,,,,,0.021810630531572162,,,,,,,,,0.3350117783792956,,,-1.4881736652365956,,0.11180249425600162,0.056250980523177445,
2018-03-23,,,,,-0.06399357697543186,,,,,,0.4491937769479277,,,0.80852493234144,-0.47772641800830024,,,,,,,,,-0.013709970819563214,,,,,,,,,-0.7386806893053314,,,0.5712537649829799,,0.020394243796089784,0.0771126405300619,
2018-03-31,,,,,-0.08337351912177711,,,,,,-0.15680534993703354,,,-0.18708156253234845,0.6036203988351404,,,,,,,,,0.06398636619250454,,,,,,,,,0.15383650498873455,,,0.08982252359522924,,0.3692663376206659,-0.28033566637859497,
2018-04-04,,,,,-0.03753029849605897,,,,,,-0.0033336002204040482,,,0.043625187268415404,-0.16603546754437198,,,,,,,,,-0.005746784500230298,,,,,,,,,0.49668407468530845,,,-0.07148127426321449,,0.04354600316973822,0.09559389015129345,
2018-04-13,,,,,0.0477634440288933,,,,,,0.05866772432461917,,,-0.09641560585761662,0.051396642590315754,,,,,,,,,0.013148699762869037,,,,,,,,,-0.3041843630886481,,,0.09591093163274803,,0.010377967271323304,-0.03570138903138854,
2018-04-20,,,,,0.0028729374739983604,,,,,,-0.07357950406362292,,,0.013090006355972858,-0.1097944117961425,,,,,,,,,-0.0008033999948495393,,,,,,,,,0.023919277259814006,,,0.024487875244921534,,0.0012779720421075603,-0.18133258933486607,
2018-04-27,,,,,0.012181296571896783,,,,,,0.24153875910477135,,,-0.15813077162835112,5.034923950890281,,,,,,,,,-0.07699094658987216,,,,,,,,,0.30635043511502547,,,0.4129111733559737,,-0.007210885848409317,-0.5416292562474093,
2018-05-04,,,,,-0.11860102885766621,,,,,,-0.029706902830923868,,,-0.05598872349921999,-0.015150066422126747,,,,,,,,,-0.0031178855582237397,,,,,,,,,-0.009175028112372044,,,0.3847921154312715,,0.11828414074013632,0.21147529060286224,
2018-05-11,,,,,0.0014903031458727127,,,,,3.0942779004417786e-05,-0.002374973360050936,,,0.5528679310892696,0.20160105805378184,,,,,-0.1083448210410805,,,,-0.12915008706435518,,,,,,,,,0.581672337173725,,,0.8546249046101948,,0.06844148678352288,0.6686454825222445,
2018-05-18,,,,,0.062210586802526766,,,,,0.09898564454611657,-0.008773760422128844,,,0.03952469653771385,-0.014598372683755967,,,,,-0.05136651277703104,,,,-0.04587886507948269,,,,,,,,,0.039629481995758,,,-0.015810845112678135,,0.001288768396460118,0.07490822451290789,
2018-05-25,,,,,0.4375720704044795,,,,,0.0070715782474440715,-0.05850686974003303,,,-0.492588664479465,0.016328042052376895,,,,,-0.014926953129918567,,,,-0.2291508857267519,,,,,,,,,0.19002246407298623,,,-0.006669167975525053,,0.0022847956529231488,0.21212832864608,
2018-06-01,,,,,0.003336119462454226,,,,,3.0283923921937107e-05,0.027216120657418578,,,-0.010497633928019055,0.12101655081336249,,,,,-0.004249159194356314,,,,-0.17006415290857257,,,,,,,,,3.0976958424219267,,,0.04827205917057291,,0.0009351676142673342,0.2232411072223301,
2018-06-08,,,,,1.088569792186188,,,,,2.9374966361559835e-05,-0.008575266614282945,,,0.04880940525205978,-0.08427707375369514,,,,,-0.0436028665315106,,,,-0.091351366238589,,,,,,,,,0.1297340703090066,,,0.06575861491384728,,0.1095380853103077,0.5714381564754782,
2018-06-15,,,,,-0.0385013682353649,,,,,-0.6685322703797763,0.0012038394960385418,,,1.3324930776583397,-0.24475571490708847,,,,,0.011565135361406742,,,,-0.025399392379635184,,,,,,,,,-0.1742097038755305,,,-0.2971665817158052,,0.03389200994025538,0.07024215322932108,
2018-06-22,,,,,0.03870824618939109,,,,,0.07851777344078824,0.42766246489158816,,,0.005540893181602695,-0.025803799936737856,,,,,0.0007634220379112797,,,,-0.11141955708231374,,,,,,,,,0.11701857769162131,,,0.02867192891668567,,0.0017011791195665224,-0.057554239732566265,
2018-06-30,,,,,-0.05651513638516665,,,,,4.1724188435112554e-05,0.01450817990638282,,,0.004483998728643185,0.24800203281930183,,,,,-0.0034043015698054,,,,-0.31739959085865815,,,,,,,,,0.04745362628004104,,,0.2208668484442882,,0.07360246194226723,-0.5142286383848127,
2018-07-06,,,,,-0.02700617271024753,,,,,7.055524956369389e-05,0.7403423360870661,,,0.4214267194165937,-0.6497183041062655,,,,,-0.010194660948143362,,,,-0.0005303404027782978,,,,,,,,,1.2692591919736178,,,-0.025075371047566016,,0.11427880522508109,0.09426078130651594,
2018-07-13,,,,,-0.2320531872623608,,,,,0.6397031880041215,-2.3032059982501867,,,0.3045655632710215,0.3777253393300623,,,,,-0.27103266312456087,,,,-0.17562089677854958,,,,,,,,,-0.19374824181655445,,,0.6665222002275984,,0.04108602839702779,-0.006490887649277165,
2018-07-20,,,,,0.24478852547898883,,,,,0.004356449464970652,0.9387599045417072,,,-3.5587940530573037,-0.3076760193047056,,,,,-0.00473293778667625,,,,-0.0028902666604689164,,,,,,,,,0.03126416912832927,,,0.15291744501072768,,-0.5867004590752927,0.4470886468394482,
2018-07-27,,,,,0.016074245264895204,,,,,0.007177493405763374,-0.012775178485440498,,,-0.10733552817684865,-0.10837675008407302,,,,,-0.018536921915448146,,,,0.05190453898003638,,,,,,,,,0.0778458081923121,,,-0.011445599619305876,,0.00212608525926357,-0.2168444808414556,
2018-08-03,,,,,-0.003030119255479297,,,,,-0.06173137405673282,0.04679135919138551,,,0.11955567742188893,0.29312688468813525,,,,,0.001500600271138769,,,,0.13525782108652584,,,,,,,,,-0.022541252833346584,,,-0.06811713508020614,,-0.848613467477028,-0.022753866316094985,
2018-08-10,,,,,0.0023099372814487404,,,,,0.8892955184106757,-0.31286697141167075,,,0.0351869543930845,-0.08377426815996182,,,,,-0.011453727856798605,,,,-0.030209383882182108,,,,,,,,,0.1574943575736119,,,0.060462401637819296,,1.0113955576496934,-0.5157817494569573,
2018-08-17,,,,,0.007774271437189385,,,,,0.0696284070245303,-0.05686009018183549,,,0.05943711957860112,2.0721874267876794,,,,,-0.09574186056598905,,,,-0.00861073248476707,,,,,,,,,0.026861415711292753,,,0.06078967841885967,,-0.00981249656025236,0.8614170262623922,
2018-08-24,,,,,-0.07114601634851173,,,,,-0.07898164208431013,-0.08584601245577361,,,-0.05006378037508584,-0.07711389862054409,,,,,-0.004272316386056314,,,,-0.00896466288866633,,,,,,,,,-2.3707491859384655,,,-0.03416015019427113,,0.0005402087400019277,-0.6387025192766518,
2018-08-31,,,,,1.552061503379261,,,,,1.6329164708087487,-0.0059129515576379355,,,-0.005735187598435625,-1.3610136000201367,,,,,,,,,-0.0030421573944226102,,,,,,,,,0.2573666810738358,,,0.03630970013521586,,0.19587204021496715,-0.13223276680835447,
2018-09-07,,,,,-0.012443386297869733,,,,,0.00012185556428305747,0.6930417999866856,,,0.0017492741030814057,-0.07656217831253419,,,,,,,,,0.20809982053439866,,,,,,,,,-0.376033762686224,,,0.7587782673182474,,-0.10486756829842607,0.5008595252562925,
2018-09-14,,,,,0.003373204262827053,,,,,0.022948007077129327,0.0338468199464561,,,0.006662744850897958,0.017361658839808163,,,,,,,,,-0.0022649600808072132,,,,,,,,,-0.028309804958846982,,,0.09707348190788273,,0.08516927548786998,-0.015144874310940564,
2018-09-21,,,,,0.0227346648265491,,,,,3.066480312361897e-05,0.42207267801486575,,,0.0002963677401695134,-0.8003792692913864,,,,,,,,,-0.0012003297284581805,,,,,,,,,0.01635049745535972,,,-0.8236259460895953,,-0.01392343370581511,0.12038293928775284,
2018-09-30,,,,,0.0016717859949738985,,,,,2.4942688213506247e-05,-0.08608784532850088,,,0.24833138664576299,0.07475151661266702,,,,,,,,,0.6804230021413482,,,,,,,,,0.043154378835761634,,,-0.7390914723106284,,-0.0563514388893099,-0.288013979816526,
2018-10-12,,,,,-0.015644372887908015,,,,,6.50381645229265e-05,-0.39917067145007185,,,0.07188376976218559,-0.14233019005034245,,,,,,,,,-0.0033743059104870653,,,,,,,,,0.07890732785063012,,,0.14017386670351312,,0.016357197239259158,-0.9980321976818612,
2018-10-19,,,,,-0.01737045245371471,,,,,7.146805295939337e-05,-0.22333288120595238,,,-0.3852683124887758,0.5514617485434925,,,,,,,,,-0.020340044002742422,,,,,,,,,0.09843992536431885,,,0.46741545105154153,,0.07247032053338098,-0.06275313723034354,
2018-10-26,,,,,-0.03711517936160412,,,,,0.003161098446472718,-0.0975443200407573,,,-0.22951775330594315,0.1806692419399949,,,,,,,,,-0.009180015353967346,,,,,,,,,-2.0647398156753827,,,0.19221192391532665,,0.010187055948250279,-3.3326468593000795,
2018-11-02,,,,,-0.0028922351305294804,,,,,2.7760089768838456e-05,-0.252929942829061,,,-0.18990425495494462,-0.003568170797772213,,,,,,,,,-0.015966391463007146,,,,,,,,,-0.2243158068668334,,,-0.012720133605311826,,2.990194635081931,0.05607976057768483,
2018-11-09,,,,,0.01773818691889627,,,,,0.20868093217490805,0.011968610033318668,,,0.07244703547853668,5.873324826829583,,,,,,,,,0.009867091926529892,,,,,,,,,-0.034311229831276865,,,-0.0896876573869735,,0.0008793524900639407,-0.2821115618741538,
2018-11-16,,,,,-1.266952197681828,,,,,-0.007954041970134872,-0.17111519716034906,,,-0.028501897759971428,0.03375557050804355,,,,,,,,,0.47379168433425095,,,,,,,,,-0.4066756008677401,,,0.9683607973373861,,-0.06488256989932492,-0.3018225797203947,
2018-11-23,,,,,0.02453441156737824,,,,,8.221268082092685e-05,0.003596307695309502,,,-1.3786579389659652,0.17416157455769724,,,,,,,,,0.21599925435724046,,,,,,,,,-0.6614341679348104,,,0.12743498959023453,,-5.789679378181219,-0.24392644211693032,
2018-11-30,,,,,-0.008380606649174144,,,,,6.994200590487041e-06,3.3018681943321013,,,-0.4408807650343683,-0.03682305681687148,,,,,,,,,-0.0003560118545203828,,,,,,,,,-0.02315545489618813,,,-0.08438011844670631,,-0.02809708853037972,-0.326344174091416,
2018-12-07,,,,,0.005587909634328078,,,,,0.01055248704887865,-0.033242356995958906,,,0.14798184527457556,0.020729884948769116,,,,,,,,,-0.016337637556792847,,,,,,,,,0.2741319962695842,,,0.0011644433361738468,,0.001557241233748724,-0.5820823086603729,
2018-12-14,,,,,-0.470167338702123,,,,,4.0835130026820885e-05,0.008530448966100532,,,0.0011678153929367112,-0.1455128222401028,,,,,,,,,-0.002054086776204072,,,,,,,,,-1.9676611056301334,,,0.10253018836416186,,1.465370559348306,-0.14758304853756632,
2018-12-21,,,,,0.006838813322072228,,,,,-0.04156824910976396,-0.06085529728460247,,,0.09379783840682501,-0.5542964351980845,,,,,,,,,-0.04841397541565396,,,,,,,,,-1.1570812531778982,,,1.1425398068477883,,0.002252050775678861,-0.06630778077662904,
2018-12-28,,,,,0.0020407395186010256,,,,,-0.009053561160011306,-1.67065402506273,,,0.01621645175733946,0.3194625522485502,,,,,,,,,-0.0323376454885964,,,,,,,,,-0.29254369174791467,,,1.6708344819789294,,0.001748477915343542,-0.16790815542651844,
2019-01-04,,,,,-0.10232317645731664,,,,,4.62323437638316,-0.068495800328355,,,0.0534001800899691,0.019961296568308307,,,,,,,,,-0.01794405525675144,,,,,,,,,-0.061292419532446824,,,0.05260806940505709,,-0.08054864522224015,-0.14482993983232767,
2019-01-11,,,,,-0.8239320026272074,,,,,0.02246198116180523,0.4810257036681073,,,0.0026665378330917974,-2.0929190240368714,,,,,,,,,-0.01325070206175423,,,,,,,,,0.346252124509265,,,-0.07677376717998372,,0.07415708376030704,-0.44234911998413573,
2019-01-18,,,,,0.0013384723290123305,,,,,-0.27635910867882846,-0.9359757659274996,,,-0.16672402012335363,-0.020065442916288777,,,,,,,,,-0.02648731995948484,,,,,,,,,-0.03703415406730764,,,-0.1133441917533348,,0.05165193829744677,-0.2795927227213656,
2019-01-25,,,,,0.0022485068733594134,,,,,-0.03632599915962501,0.008852961819457793,,,-0.006060280894665064,1.1007404449957636,,,,,,,,,0.0056988123108770465,,,,,,,,,-0.04824793827354091,,,-0.17920493493837053,,0.03478746631750441,-1.668551885972704,
2019-02-01,,,,,0.0017331298865855052,,,,,-0.04631646650411317,0.04239760155072586,,,0.008445530482473724,0.05064763772182729,,,,,,,,,-0.0032629572811273093,,,,,,,,,-0.008771031650065715,,,0.9450623327110312,,0.0020055897653215022,-0.5798384287472008,
2019-02-15,,,,,0.002018144656145035,,,,,0.012565702307652282,0.15034280294035787,,,0.022004842879998796,-3.5461913491504857,,,,,,,,,-0.20986155150522706,,,,,,,,,0.01967649068310095,,,-0.3264450302926344,,-0.20448892815367614,2.077735889195757,
2019-02-22,,,,,-0.01749617203709096,,,,,0.03333318519778889,-0.13342188723949935,,,0.0003494266972665658,0.3095953496344487,,,,,,,,,-0.01002755904409151,,,,,,,,,0.23074602284264947,,,0.1497811650665543,,-0.658172557668383,0.6872301324610074,
2019-03-01,,,,,0.0013895942992436716,,,,,-0.011612003770876995,0.050663942211760606,,,-0.0009805349496121163,0.5556737503225845,,,,,,,,,-0.019396231905864,,,,,,,,,-0.2299574426798058,,,0.14849950856759603,,0.017957650045271157,0.043701114292923615,
2019-03-08,,,,,0.013137875217357431,,,,,0.2597238037461466,-2.524572633804266,,,-1.814821955614636,0.07603068923218405,,,,,,,,,-0.0444901539895554,,,,,,,,,0.10166797135486522,,,0.16062537654590375,,-0.03520697876900709,0.5883535605779058,
2019-03-15,,,,,-0.015363302626690695,,,,,0.07281523907867565,-1.3138526844295204,,,0.1196395578326572,-0.23107218469458723,,,,,,,,,3.06997960993669,,,,,,,,,0.007348229129460149,,,-0.2579032603122884,,0.35851231888149143,2.6606499935936214,
2019-03-22,,,,,-0.135968918725044,,,,,9.432604178617193e-05,0.17175455351972818,,,0.16726904388717342,-0.5480056513968622,,,,,,,,,-0.5545227821915762,,,,,,,,,0.15336607710958705,,,2.005450572957873,,0.18083484229193522,-0.43798678946694575,
2019-03-31,,,,,-0.07772026558910411,,,,,-0.08317924273980334,0.37265967393644056,,,0.06074936697477057,-0.6410388793102603,,,,,,,,,0.2076623172346962,,,,,,,,,0.9210431672536215,,,-0.5168328650593631,,-0.34994817167771575,-0.22562024391202926,
2019-04-04,,,,,-0.34663713494130954,,,,,4.3623282011785275e-05,-2.8480313260014642,,,-0.01022613138496142,-0.15689479845347942,,,,,,,,,-0.0017022355891522292,,,,,,,,,0.021938281787212934,,,5.727528767087886,,-0.016575464267204396,0.26106137886136194,
2019-04-12,,,,,0.007547464193592729,,,,,4.194644930319798e-05,0.2253828178184042,,,-0.031024750217761257,0.07688268829611422,,,,,,,,,-0.11863808029328621,,,,,,,,,-0.009319676566993009,,,1.611604369630208,,0.08752917302667951,-0.6923251978370666,
2019-04-19,,,,,0.04319975351417157,,,,,0.0024785833102195847,-0.02386849012334453,,,0.0006289927671417096,0.16080438307176478,,,,,,,,,0.014001545174865307,,,,,,,,,-0.022238083911997174,,,0.24586487960711217,,0.00111758612190678,-2.158299914132563,
2019-04-26,,,,,0.20700656511229498,,,,,-0.19909029114860988,-0.06024352950832454,,,-0.20554915261154033,-0.7572622178502499,,,,,,,,,0.046781512697413666,,,,,,,,,-0.03455438246701759,,,-0.10041055767877857,,-0.01610637815142344,-0.3875840234457183,
2019-04-30,,,,,0.0014522435181557277,,,,,0.0033174561990749903,-0.09982887002559293,,,-0.0773729159412667,0.27929368647651254,,,,,,,,,-0.0015466290795384712,,,,,,,,,-0.17388145643774364,,,0.09176511836073051,,0.004599177895289177,-2.6599971155000706,
2019-05-10,,,,,0.04238975196363709,,,,,0.0005418669285752426,1.7607504475582392,,,-0.045840033347169844,-0.2419994544450377,,,,,,,,,-0.002311773045686248,,,,,,,,,0.049327260931606894,,,0.2869723140088605,,0.004923021877624121,0.284910961471884,
2019-05-17,,,,,0.0029849272804803755,,,,,2.1345009524139442e-05,-1.280200583934808,,,0.21725002525179632,-0.2916493331572012,,,,,,,,,-0.006302155283418241,,,,,,,,,0.24362248754761018,,,-0.017406480290645163,,0.025409464718368732,-2.95333687912979,
2019-05-24,,,,,0.00040347905276834486,,,,,-2.4583314758201653,0.012873727791981194,,,0.053955845908819945,0.04908903232208406,,,,,,,,,-0.001755993497591809,,,,,,,,,0.28969123787457707,,,0.016467064848733684,,0.03130731114397743,-0.47636907499207637,
2019-05-31,,,,,0.009001860623805629,,,,,-0.007681433480603045,-0.010139405978738912,,,0.011831464113821917,-0.5775893973730132,,,,,,,,,-0.012193415201508427,,,,,,,,,0.16719215877516458,,,0.30875671201847105,,0.10250051045905754,1.3532083553793233,
2019-06-06,,,,,-0.0035353142679066998,,,,,-0.021532605088913345,0.04473025431335784,,,1.115246318749758,0.17096367737725862,,,,,,,,,-0.027029055348174243,,,,,,,,,0.05559778176218855,,,0.33595451847710983,,0.2921304954425428,-0.27528522489502744,
2019-06-14,,,,,0.00035007007808903075,,,,,5.5191004145201876e-05,-0.023653418589921416,,,0.009977791405720584,0.2977633485889298,,,,,,,,,-0.1314984393522753,,,,,,,,,0.011298804329938076,,,-2.0191198092873086,,-0.2238680027644071,0.42405397063382627,
2019-06-21,,,,,0.06985329335012344,,,,,-0.009691092964345439,1.0454956883083133,,,0.0003603531163727733,-1.3429111443277413,,,,,,,,,-0.5032500534151948,,,,,,,,,0.0012846516972425106,,,0.19146093378062104,,1.188581822777475,-3.4697150231678715,-0.006278133570172769
2019-06-30,,,,,0.8262297091785228,,,,,0.007214048702603949,1.4178930743744786,,,-0.022269704528062456,0.134689037187678,,,,,,,,,-0.05490028815418843,,,,,,,,,0.16040038522471273,,,0.22997931181668388,,0.027142489525882545,1.9408139277328693,0.06985440470196903
2019-07-05,,,,,-0.010063872617139646,,,,,-0.13677989181541303,0.04054714962310698,,,0.11314004514652003,0.3515793103893747,,,,,,,,,-0.024530675805986286,,,,-0.424800029825396,,,,,0.08286079710792588,,,-0.016296965557240486,,0.049664315222721855,-1.5996816486234322,-0.16781794563174962
2019-07-12,,,,,0.0013568176069495177,,,,,0.00014902243311747614,-0.04271119943230667,,,2.3758821794136677,0.5570127569142562,,,,,,,,,-0.0018772067171995788,,,,-0.0327325206747926,,,,,-0.060648992013429145,,,0.5926237896664416,,0.005029274459790653,-0.11342736400325391,-0.019230602403328897
2019-07-19,,,,,0.3776600556515621,,,,,0.044352097979085965,0.07897646273024776,,,0.02025242614162264,1.2761352615668873,,,,,,,,,-0.0029943484996896395,,,,-0.16602680416346677,,,,,0.7455422890637068,,,-0.07098807266852694,,0.36847837295569685,-0.6501089799471942,-0.008656379041907514
2019-07-26,,,,,-0.008884484348050399,,,,,-0.023423469865801936,-2.621947332204141,0.013697398027233269,,0.10187893322299653,1.290042712191149,,,,,,,,,-0.0013569926817269644,,,,-0.029139278010760224,,,,,0.26588918498268843,,,0.0583999457446606,,0.004148039071903014,1.735570938844911,-0.3074837850538576
2019-08-02,,,,,0.0007692930675430076,,,,-0.008665751009188531,0.00021011967875369736,0.19904416961279314,0.016444594872150876,,-0.18782975265492696,0.5690949614202149,,,,,,,,,0.21237289570543363,,,,-0.015291001394924586,,,,,-2.911437077516169,,,0.07279779163351947,,0.010655875334216495,-0.10961957703893138,-0.018418019905439245
2019-08-09,,,,,-0.0993981813476039,,,,-0.005739250267055607,0.00012325980379578717,-0.02967605789310826,0.06263497588234315,,-0.004433140255584842,0.08632057750764172,,,,,,,,,-0.003365290536574782,,,,-0.022311799494808965,,,,,-1.3296078432864797,,,0.51393289622886,,0.27370195518302143,-1.0070878128877485,0.4491556769791266
2019-08-16,,,,,-0.162795537701748,,,,-0.004160652906656823,2.738169820052594e-05,0.12980900662212036,-0.013699050478841401,,-0.0031961781877054736,0.1753790959711824,,,,,,,,,-0.004165725716426764,,,,-0.9087230587271377,,,,,0.11129731281921426,,,-0.07825592690016706,,-0.11061050567194838,0.018411895692707767,-0.07447423896657254
2019-08-23,,,,,0.06396063678401087,,,,-0.10827595808286422,3.2658966800457025e-05,0.4366977851443634,0.012718033445584868,,0.05109973332152938,-0.19485327225458043,,,,,,,,,,,,,3.9638118998088183,,,,,-0.590247239709025,,,-0.09912494840519281,,0.02455847446064484,-1.254082185969755,-0.0014363005704390933
2019-08-30,,,,,-0.002352191669338801,,,,-0.34047869001361614,4.6048601762980764e-05,-0.27344253780546984,-0.013705367327597407,,0.2749934989223066,0.791370453962019,,,,,,,,,,,,,-0.09993737282716396,,,,,0.2522652291788915,,,0.021992781483588682,,-0.0022766513612345997,0.030002288386254048,-0.006355932338657968
2019-09-06,,,,,-0.0008374344807568724,,,,-0.013179927930691959,0.016721709781164266,-0.15229697827760436,0.012180936479637439,,-0.16838857166341184,-1.2129724493326168,,,,,,,,,,,,,0.02844604940517568,,,,,-0.03448255970792321,,,0.028994275220456858,,0.005489613219073436,-0.10048386267726865,-0.05658244545298019
2019-09-12,,,,,0.00195851822671014,,,,-0.636914643507499,2.4825054888659617e-05,0.11590047581130604,-0.10001962542024817,,-0.03616230609151466,1.0880129457600072,,,,,,,,,,,,,-0.018238938613212394,,,,,-0.012121858984419956,,,-0.0008870801689813031,,0.007695197657449088,-0.3670365464722942,-0.30029402397342586
2019-09-20,,,,,-0.03789191087860335,,,,-0.21545667373387617,2.6360571293753452e-05,-0.8784259047781687,0.19004287314647736,,-0.007754638642239337,0.6204680970821238,,,,,,,,,,,,,-0.26166675735421274,,,,,0.43673098754430295,,,0.8361656756193052,,0.022959011768132472,0.5270457333102564,-0.013599776184757589
2019-09-27,0.024401876224283053,,,,0.002295796430228804,,,,-0.009967122834132015,0.01410122057045154,0.15471164170288784,0.14286735691734667,,0.20527667799221902,1.3848016284671938,,,,,,,,,,,,,-0.007900411072431736,,,,,-0.06827986054990783,-0.04573038719482584,,0.2300542046354812,,0.003544008313543635,0.6305340274178555,-0.027256500088331942
2019-09-30,0.001116775185731818,,,,-0.11785420375913719,,,,-0.006522370012008304,-0.024081026031133112,0.3308032491578472,-0.04117581174438859,,0.0029499426009279087,-0.16308917596963923,,,,,-0.006013857557031175,,,,,,,,-0.01910805904418072,,,,,-1.5691834598345644,0.024361370592036677,,0.539867054899057,,0.10605003444187891,1.0677676191388465,-0.08500964501295939
2019-10-11,0.0011660533475112951,,,,0.1529310884753694,,,,-0.02818298672330092,-0.07167250062396771,-0.1709531790208551,0.004451588661962224,,0.04584960598169949,-0.32029405689748164,,,,,-0.0072694651004819545,,,,,,,,-0.02626385780883722,,,,,0.0332777849183382,0.19943639754128722,,0.06118741171095204,,-9.018920323308702,-0.3379001469323823,-0.011400171809697159
2019-10-18,-0.015067223387139369,,,,0.01601701386046691,,,,-0.012617643534543244,-0.07262854429064025,-0.01573947620557543,-6.498401354365624,,-0.13417422205057994,6.195560776582727,,,,,0.22760767875965096,,,,,,,,1.7100795603083343,,,,,-0.004695548222838599,-0.008263407507952484,-0.006907701944285537,0.19864196138784676,,0.0015990800823274581,1.0638177010477763,-0.028177200954940376
2019-10-25,0.10780238021355187,,,,-0.06379574299246991,,,,4.035561736463873,4.503869096866318e-05,-0.6324187393009368,-0.6654600438086266,,-0.196154153187534,0.00012254425329993705,,,,,-0.013853047267124767,,,,,,,,-0.0036046339172231094,,,,,0.7097938158107869,-0.1886659550253845,0.051060170356172024,-0.014869654906125402,,0.051046911094159146,-0.2225087852240043,0.048584333534783586
2019-11-01,0.04664391620220969,,,,0.0006586234397520968,,,,-0.19325480151307406,-0.01714567573316285,-0.5234548007695787,0.4800522848347928,,0.08007446710150164,0.16404391075341743,,,,,0.016163230642476243,,,,,,,,-0.32158880954843067,,,,,-0.3059907787370093,-0.0278406013575962,-0.027807845686523013,0.03995444015199828,,0.0011202854298130523,0.6281852249675803,0.0884028887864175
2019-11-08,0.01691858318586642,,,,0.004735093006729375,,,,-0.019962165702864076,-0.8773020436004115,0.20705464542474866,-0.05877559827561432,,-0.44265926320954335,-0.036079161753978725,,,,,-0.007349124107569455,,,,,,,,-0.005327678456542014,,,,,-1.269192918638551,0.0043510473244364484,0.008894286547361047,-0.18262015538213766,,0.036011140117031215,0.1556086271200064,-1.34960601282451
2019-11-15,0.010825447940804506,,,,-0.07530584800932509,,,,-0.2881853848450549,-0.008077558614597928,-0.07278892632794332,0.07419956889772623,,-0.024669249962307602,-0.07611540659665203,,,,,-0.05191844547938693,,,,,,,,-0.004618596966026868,,,,,-0.021509715295754694,-0.5048730490745683,-5.1708977864663456e-05,-0.16715589293315802,,-0.32784520108314014,-1.5488312916587943,-0.010983443185467288
2019-11-22,0.06908793986807774,,,,0.00645670749410352,,,,-0.07137729664657802,0.0054316007893857364,-0.0017719022287955369,-0.03522263131602774,,0.003971781060062376,-11.86077610939694,,,,,0.014562867985060568,,,,,,,,-0.0378711409171335,,,,,-0.43369610331020325,-0.006196604824510052,-6.994043708570381e-05,-0.7328847039104995,,-0.008873062252235685,0.38263353248698134,-0.006448070656931472
2019-11-29,0.006442533469602631,,,,-0.008190727440957805,,,,0.665481623332516,0.047350616631508746,0.013799024075663927,-0.23164346448207057,,0.2685440234906075,0.1469370562501021,,,,,-0.013485482781958531,,,,,,,,-0.5520255476478717,,,,,-0.9418017408269213,-0.0050593151691745,-0.2152534700058979,-0.011378506824879647,,0.09180673064204078,-0.33458855142215527,-0.011484556159250805
2019-12-06,0.008889408086311236,,,,-0.08817849494428977,,,,-0.030574042220557183,0.017826864921380962,-0.010902034534222156,-0.015201320561097017,,-0.5534524912878016,0.10425485748237101,,,,,0.03388961500956687,,,,,,,,0.0040829992797926954,,,,,-0.14684876666536006,-0.4502412843394871,0.006967158125592245,0.02091869236606937,,-0.04968251107331796,0.5130363575882811,-0.6444463836491456
2019-12-13,0.011670108926330433,,,,-0.060321974330944786,,,,-0.0017361621433745079,0.00021319794990486707,-0.6365800841695715,-0.006906300197665492,,0.12726807188464348,-0.05084917095254171,,,,,-0.043020886147949904,,,,,,,,-0.03485952635103144,,,,,-0.0876569296458553,0.11506362139563676,-0.04112514383542683,1.989673005194922,,-0.22591882434304783,-0.0070898844588134224,0.8577659073593247
2019-12-20,-0.0008435662654478794,,,,0.035278639371169714,,,,0.011077227346348504,0.05762762421897254,-2.8881417377297214,0.05024910716256268,,1.0259995554960966,0.08270176018426398,,,,,-0.042563309550770194,,,,,,,,-0.1521814351194386,,,,,0.006829917719896655,-0.09062750705901748,-0.11679698213069703,0.16994520620187825,,-0.026588159959872425,-1.7132398722449733,-0.010252039445095
2019-12-27,0.029436994136158027,,,,1.3029096019945912,,,,-0.10876805443695213,-0.04944342045056383,0.2773910088280297,-0.04666413540549877,,-0.055514748375321735,2.006615407581039,,,,,0.008276085176000848,,,,,,,,-0.002885918952882667,,,,,0.5036247162006587,-0.030981622589289177,-0.04549682059902861,0.0312954509770976,,-0.007564060443069537,-0.050014692877113236,-0.11144304867394839
2020-01-03,-0.018164153756775082,,,,0.0007218634454357386,,,,-1.5516245014579217,0.04907006813953446,-1.399411855288081,0.04327965929338098,,0.09358052333497827,-0.19885439481530265,,,,,-0.08808508792719583,,,,,,,,-0.027398233467044435,,,,,0.16124735660331035,-0.014473939301869122,-0.004453832419357471,0.616599938274384,,-0.9416125871847651,-0.03960720631393718,-0.008135410795249648
2020-01-10,-0.0006347430733264986,,,,-0.005428366806749796,,,,-0.004476826577820838,-0.05012993092459938,0.12846514684353288,-0.29044851856182735,,0.04750747901809093,0.1437469583556922,,,,,0.05651069573368528,,,,,,,,-0.024113818726062414,,,,,0.2767877206984592,-0.1153440995307105,-0.049282166220242674,0.0003210759918250705,,0.0594548011978753,0.01090525763622531,-0.011291514788373732
2020-01-17,0.02886635127477325,,,,0.022145863066038517,,,,-0.38063237835848096,0.013118136845356001,-2.3577910933024175,-1.218114911331429,,1.9801540756725533,6.983232450737543,,,,,-0.02620918178562903,,,,,,,,-0.07461132253689054,,,,,-0.012095067111413782,-0.010198278320074826,0.22637306008691632,0.4090401511791241,,-0.032379774998297646,0.12538336386569615,-0.17758870861058937
2020-01-23,0.004548722073814432,,,,0.013965061724398998,,,,-0.2153101541910936,-0.034300058427254934,0.09147595110909786,0.5260634821063471,,-0.31045990594176626,0.0705260725646284,,,,,-0.0053524332441074,,,,,,,,-0.16715072974013587,,,,,0.021194253040229233,-0.025975015708548394,-1.3068379760823492,-0.4869037416751364,,-0.9842637814618498,10.063262640918376,0.04700775235940771
2020-02-07,0.015468137955315639,,,,-0.00458887075444506,,,,-0.004006354920404636,0.031978716063826025,-0.11523188870758741,0.008681643994897056,,-3.4348499441837803,-0.9977773679514002,,,,,0.08658673449841378,,,,,,,,-0.020963628108892917,,,,,2.764178113848793,-0.04326228914502598,0.18410883123818478,0.3018104582594653,,0.1220088029081139,-1.0878291558338689,0.03789086746092922
2020-02-14,-0.018158662748969715,,,,0.03828314104237516,,,,-0.6481448200965986,-0.012701083850244195,3.1785839993534957,0.011207083738149144,,-0.09065702840910644,-1.5413221858754176,,,,,-0.0069224618153606535,,,,,,,,0.2844964078396822,,,,,-0.033140833904846276,0.1979445188286919,5.383549679268632e-05,0.020287741785841862,,0.07010296929650277,-0.12496386613889426,-0.015785495608886216
2020-02-21,-0.0016713923489437132,,,,0.0012694607894588458,,,,-0.002712127463122102,0.010641792160014778,-1.6370928352058371,0.05063756527244394,,-0.40593844638208754,0.06927292557404285,,,,,-0.2623179331508158,,,,,,,,0.017026449197433992,,,,,-0.5253853704278586,-0.021623080911365524,-0.30461463271085365,0.009147743964873676,,-0.003119423929287766,1.3057447238165307,0.0006523395316804664
2020-02-28,-0.2140243418152936,,,,-0.01429617050586339,,,,-0.013427319538209866,-0.024029602858504112,0.03592704388668297,-0.4860382817865706,,-0.6818971792513719,0.04074471041924177,,,,,-0.0003011638858753697,,,,,,,,-0.020793889232619857,,,,,-0.19211232255540264,-0.12046759013260869,0.051534889839013984,0.11927498425200213,,0.027575118434020933,-0.1444140828327127,4.391693222716231
2020-03-06,-0.7908989592535433,,,,0.001309970455505832,,,,-0.006549577946387445,-0.01818553149960266,-0.0645731918492739,-0.11188691778924217,,-0.48601134569096865,1.5393842279711694,,,,,-0.04413140655482458,,,,,,,,-0.03580571357914719,,,,,0.028951820044391348,0.12999262903442943,-0.015051662808372654,0.0723981673463725,,0.2682592186572328,-0.551065454584416,-0.0036063135861021736
2020-03-13,-0.0024257491071970278,,,,0.026361847667478622,,,,-0.452136959453451,-0.010416068717005879,0.05166027655672501,-0.6547953740701887,,-0.10853531174156565,0.2737227842170912,,,,,-0.11843123524159535,,,,,,,,-0.02286504180821693,,,,,0.37440475188452077,0.05145825794531591,0.03435819459514413,0.01947500245791027,,-0.05546706781021202,0.029003855640150594,0.01915681375120171
2020-03-20,-0.10180192898974147,,,,-0.26112550819092933,,,,0.15761887279852202,3.980699393836813e-05,-0.12418582006431111,2.0451466761910204,,0.00012024817871628297,-0.012799994119311766,,,,,-0.00437101042515868,0.08399901845189853,,,,,,,-0.009597045934947555,,,,,-0.24318234817069648,-0.023210117400094803,0.22809328961186745,-0.3448143359670593,,-0.05881939607152957,-0.052095963353988736,0.004121053022206392
2020-03-27,-0.2934609546834053,,,,0.005795693996744518,,,,-0.055927664975347235,1.5324835366814596e-05,-0.08200306631477726,-0.20730180821995084,,-0.026498358897242356,-0.7619478180323302,,,,,0.008905624640392146,0.0013655511196412923,,,,,,,-0.026286035985017126,,,,,-0.08350924945458434,,0.07431877888669623,0.019919293224508524,,0.42910854371757395,0.2598360576212879,0.023485834294348883
2020-04-03,-0.12872874608130766,,,,-0.05741461645498937,,,,-0.024483958371648254,0.00477431743037093,-0.4022722991642254,-0.01928317892573561,,-0.025486469543394688,0.2452228582211919,,,,,-0.49368094931767437,0.009280908160809929,,,,,,,-0.004418499327467803,,,,,0.4888154278985749,,0.02516772766234941,0.4736509887323785,,-0.610282002087837,0.08583873632937747,0.01732764338363538
2020-04-10,0.010233638502890847,,,,0.007817324791286266,,,,-0.010904568477579786,-0.08523113240097041,-1.6353811300403667,0.2979180679438219,,-0.03794979477343316,0.08099220939512364,,,,,-0.7954131913127634,-0.1627966715598618,,,,,,,-0.010761942088240363,,,,,0.007999192994962443,,-0.24068684723414033,-0.005257232801491044,,0.017581349538417015,-1.3251819758436787,0.006692853631062282
2020-04-17,-0.06264458602393284,,,,0.023851086408991577,,,,-0.02825288286101283,0.01785805713582976,0.013886663209831923,1.2664224358855014,,-1.3255529243170439,5.376871094813346,,,,,0.3018001576319822,0.006618329024322975,,,,,,,-0.3535575288042925,,,,,-0.026499960703215815,,-0.24781228138970632,-0.7158854644871754,0.016971704078397227,0.05194763855825699,-0.0868726225078569,
2020-04-24,-0.44872945992870533,,,,0.14993053245425267,,,,-0.024409552196302354,-0.1747496436328478,-1.8625822569673947,0.6617852240360207,,-0.03780592436380453,0.6030046128388552,,,,,-0.41651991167113406,-0.005874847155615166,,,,,,,-0.035159269176757275,,,,,0.07559748224526841,,-0.6786585206395697,0.12295920906090232,-0.018391799988739306,0.3969078703666758,0.4664164080308244,
2020-04-30,-0.22875788994261717,,,,0.02856912583464538,,,,0.08701012769341138,0.21357059829923783,0.3625894304939765,0.3154749483609904,,-0.20703666509133162,0.44197976023303587,,,,-4.4444100272836993e-05,0.036900544687333496,0.08841804578238527,,,,,,,-0.03022605544972743,,-0.8955021831583998,,,1.8952284199500726,,-0.004785447185611331,0.06223307351770692,-0.8046035088906772,0.0863494347265078,0.37727120951512005,
2020-05-08,-0.07710022180431284,,,,0.06669525376757635,,,,0.0018273649707351743,-0.15367090159220623,-0.015095580651250336,0.004425715367178548,,0.013025492169112383,0.10796462257085235,,,,-7.748486318052534e-05,0.5069017386601642,0.1836212844783944,,,,,,,0.0038688951320572313,,-0.009475724896226669,,,0.1427028592022132,,0.005334917070402685,0.2030213213911085,0.026620227568870596,0.06542134342360686,-0.33971437703998775,
2020-05-15,-0.04868136361014759,,,,-5.766038337565692e-05,,,,-0.030198265018433125,3.328219645637091e-05,-1.8199157820945326,-0.009880239553217691,,-0.13609897540602872,-0.009102358046729486,,,,0.030256367158351637,-0.010325604464059914,0.023360195358734626,,,,,,,2.211434069418872,,-0.014211724018491377,,,0.06447222171935191,,-0.06330073754708727,0.45646871525367,0.017182480166744465,-0.02739948239229336,1.142299148331858,
2020-05-22,-0.7142734933487032,,,,0.002293191094031536,,,,0.23295025946437212,-0.00949139757777545,0.19883190787060656,0.25881902795367245,,0.02301893206663874,1.6221977543928034,,,,0.027300439184538377,-0.0020708357532404427,0.4084414241243425,,,,,,,-0.004269204922999936,,-4.029041709711157e-05,,,-0.36519021252030287,,-0.008480982263333225,0.13418158034507832,-0.00835859285525576,-3.4094297562947022,0.5855057913306208,
2020-05-29,-0.23112487968972462,,,,-0.1679961008326782,,,,0.006840197274024636,0.577997122094943,-0.3798093334936637,0.09064994639703858,,0.8672343037709169,0.2890305233974689,,,,-0.13507492190746082,0.0824373275057573,2.3069261647572303,,,,,,,-0.09557522322651457,,0.1459788122724744,,,0.5120494902019957,0.024331297503320637,-0.003526723759831361,0.06702037086495496,-1.9840785372199967,0.20105449085882302,-5.3894194279890675,
2020-06-05,-0.03976336556954169,,,,-0.034729194998188585,,,,-0.015780703619094952,-0.23098990272227915,-0.16820963548134157,-1.6649898817221334,,-0.06198339745619255,0.7880482928982013,,,,0.026153713115427604,0.015077627159282368,0.060027227448359526,,,,,,,0.023209194173469862,,-0.09720069229830025,,,0.06631156164435746,0.00894590899263926,3.4796536533160176,0.041428081671974454,0.07166585948614718,-0.46391644304231006,-0.1254540447850426,
2020-06-12,-0.004065562664386254,,,,-0.9864696348139974,,,,0.5032097383375644,-0.015779570903179038,0.2696521548508415,0.367093723890333,,0.3581756208960013,0.01377225732339208,,,,1.897802624272613,-0.013443180280490807,0.2620914680141405,,,,,,,-0.0035544943241620597,,0.008900385787486446,,,1.0517958176299074,0.7094404921751719,1.666754614159906,0.010661786804144896,-0.0046205188970989824,-0.3270511559617997,0.36433607924552064,
2020-06-19,-0.016474838377086704,,,,-0.005604660048986021,,,,0.3304260970611103,-0.053387283248827154,-0.14923341410331206,-1.2564673016909391,,-0.5827745671935137,0.0727952680177189,,,,-1.6235535828674955e-05,-0.004730476185119872,6.73656672502533,,,,,,,-0.05447716082557838,,0.027293440419333737,,,0.09853652037302382,-0.17432204200743284,-0.5795615730844416,-0.06602012008012687,0.34051476227353034,-0.3757367400441218,-0.025742614872713274,
2020-06-24,-0.05421665233748808,,,,-0.27149900718352676,,,,0.05240586086153055,0.04153281550897618,-0.2536648640240937,1.1298825361968778,,-0.09114252890534337,0.7103042650673778,,,,-6.229773755518413e-05,-0.1851244376716308,1.1159680690890446,,,,,,,-0.0015950890862524373,,0.4579407233504738,,,0.015862249450131913,-0.028646242316562494,0.10275762511650656,-0.6153679720225128,0.08659440345081668,0.058308896819163236,0.2599908176721286,
2020-07-03,-0.024570336391325016,,,,-0.4773083373142243,,,,-0.01651433492600632,-0.12827642004711928,0.12634231725091682,-0.46407915400445643,,0.5113982440338922,0.39739804105019355,,,,-0.14068013075060518,-0.5266212586826969,1.9063723650991566,,,,,,,0.03523550597910406,,-0.1410462201803705,,,-0.06162046779261656,0.027415933135993036,0.07321673254798744,0.1548768133436149,-0.03741560317128244,-0.848677975608177,-0.010951109022777763,
2020-07-10,-0.03897941072608915,,,,0.05075092384220825,,,,0.0037189013334343484,0.062326330560133356,0.03711582653260752,0.06115111392698475,,-0.07516964487814977,0.7173059027927794,,,,-3.3956369353558877e-06,1.0559693287046579,-5.85338266666551,,,,,,,-0.09242898553675122,,-0.10792892740079474,,,-0.3842887009983676,-0.017803818573610672,-0.01114970884968667,-0.14332647150564587,0.17460156608627384,-0.09976103852509012,-0.6341019369235812,
2020-07-17,0.29697852821235027,,,,-0.1329879961447631,,,,0.00283916081211081,-0.025532605298961602,-0.2779745106395697,-2.133751802354313,,-0.013100897123973991,-0.07717575966131279,,,,-0.014263122381823524,-1.4218224678611342,-0.04158831000829646,,,,,,,-0.01575205337325411,,0.37386966097400764,,,0.6698003590410102,-0.1678937928959967,-0.24105929273477492,0.00012656216806388853,-0.05036340982909137,-0.47184389944000327,0.12451449869869524,
2020-07-24,-0.8164007107785581,,,,-2.587106394830408,,,,-0.04851920643675348,0.12011979077264667,-0.0174156179367829,0.004025440148180261,,-0.28898958711263123,0.37229461137099984,,,,-4.332352606533834e-05,-2.237528651289077,-0.0305754262608501,,,,,,,-0.005748001956659487,,0.0412010703480376,,,-0.03871567595540222,-0.000716747307481833,-0.10571509983782783,0.016786956850662362,0.9844936198435927,-1.0733540178044259,-0.17098830391858963,
2020-07-31,-0.08857144245157274,,,,-2.6342125332091855,,,,0.0019935994125889235,-0.029445028981888034,0.45560171941395566,2.2899228491807784,,-0.9904827811924262,0.2853183874559363,,,,-0.007856812402165798,-0.3441806927324141,2.238064076618319,,,,,,,-0.031650465919170534,,0.027341266498991622,,,-0.0379201251724023,0.02025025508389221,-0.8147935984504935,-0.9755537119639017,-0.04298878277458515,-0.602025741326331,0.6990382909680122,
2020-08-07,0.018531534367496112,,,,0.05358568971144691,,,,0.00342066969441567,0.0639290898679936,1.517285046058342,0.1994866461315747,,-0.3272215122646978,-0.20781651130115986,,,,-0.08228635481779702,0.019137599453781226,-0.05716222651219726,,,,,,,-0.1655928754240989,,-1.245651046447556e-05,,,0.25632309343043036,-0.00040530317127052357,0.6156905251438352,1.0948745495306311,-0.28429004134919655,0.037808349679076966,-0.5549180118757118,
2020-08-14,0.008128568124488216,,,,-0.051806772278444185,,,,-0.013831490301884585,-0.02236977048671129,0.037757874800231024,1.250528752638679,,-0.008368313841920773,-0.03708513297796816,,,,0.006238006686468433,-0.05369153129376337,0.8718712005826662,,,,,,,-0.0050136664540812335,,0.0181363424612099,,,-0.018873552914444477,0.05573071784190294,-0.34624077912644735,0.8346704921725565,-0.21502440864576644,2.285230492421033,0.02225127597180597,
2020-08-21,-0.1276969457200174,,,,-0.05083502824139591,,,,0.00978866552597451,-0.1950986251594991,-0.28061395005042966,-0.024526753420918507,,-0.2799445565820964,0.17637491720796086,,,,-0.05751275523471243,0.21926744952229138,2.5885168268468366,,,,,,,-0.024132289849298987,,-0.004653586874657063,,,-0.0261601204253889,-0.029603558878966412,5.713278194491886,0.08106975524850467,-0.2855364876900393,-0.37329052429864745,-1.5720802120326118,
2020-08-28,-0.049015260491054105,,,,-0.14279511591686334,,,,0.016825967341605214,0.052662175262636744,0.18909990803226795,0.8150622460257648,,0.5028071111327018,-0.23651116840323608,,,,0.013029065217692582,,0.33484793212883535,,,,,,,-0.014259123612503873,,-8.063197193683877e-05,,,-0.23869496474143148,0.3295931894175472,0.11751477046841673,-0.0006154918852800863,-0.4141840842673301,0.3193064894117957,0.0214573682532606,
2020-09-04,0.06799924047188655,,,,-0.17105561052687973,,,,-0.015795352956133143,-0.005890466660975209,0.07276200001652275,-0.09878397542903604,,-0.018923223529340526,-0.8660454032986511,,,,0.05172861059032017,,-0.04782612093997682,,,,,,,,,0.017800115784179626,,,0.040247287695247914,0.07210694894491163,-0.38679057863484345,0.010023184954093536,-0.0009565013920149793,-0.20407383706047597,0.42646240296109394,
2020-09-11,-0.007118759177264022,,,,-0.2748650386806545,,,,0.018695479782721715,-0.025240065663209826,-0.1886232604878319,-0.4541755523763062,,-0.050452031753903274,0.08412971845607888,,,,-0.04943515979334198,,0.5534050939576394,,,,,,,,,-4.822134874139177,,,-0.2551797664032213,0.02809033176685208,0.5426769379176407,0.6823360409111398,0.007169767982482643,-0.013619906145575695,-0.46390343296693415,
2020-09-18,-0.04611720257832615,,,,-0.027841352464318812,,,,-0.0016762746299586063,0.01392567559485582,-0.017007301384037186,-0.15823084708390794,,-0.024599238437151408,0.10166098212351003,,,,-1.953064941935123e-05,,-0.06854573326282923,,,,,,,,,1.29003144747646,,,-0.3553996433348081,-0.01058547964842539,0.04721653551255495,0.09230127480855871,-0.43847993560812415,0.11229307588841095,-0.4214734026429289,
2020-09-25,-0.05221951205049004,,,,3.4199441018895707,,,,0.07851102092859494,0.15168434978940304,-0.14058470747034785,1.2941507761243571,,0.0170428395504805,1.7397539107940592,,,,0.01299910234733939,,-0.39281800034256403,,,,,,,,,0.2176894053345561,,,0.3869651554192306,-4.566222610194435e-05,-0.3495282448712089,0.044032423762624624,-0.01585769493185852,-0.4037389796117056,1.2403058614215452,
2020-09-30,0.5113366777244781,,,,-0.14429395628748906,,,,0.029097036835300464,0.17607267537666874,-0.15199282148905954,-0.8144235190801088,,-1.1234135843437616,0.04655741487339449,,,,1.8273303120899214,,-0.13200098479806416,,,,,,,,,-0.011002506989691076,,,0.34132311560855716,0.06604647162476378,-0.04131135102222003,0.03534609626229196,0.004728580706364822,0.06493327220568545,-0.2986652787698862,
2020-10-09,-7.041820783331683,,,,-0.08333059644222646,,,,-0.012449601782041401,0.02418044644616067,-0.7410937795632728,0.7142415924438875,,-0.05618741267658334,0.04820218045041059,,,,0.018939873870930882,,0.1255531984540153,,,,,,,,,0.012903337634743637,,,0.08428334247389538,0.015445189479824884,-3.3791465060005184,0.4736852083292536,-0.0012324267293660747,-0.010953753552285575,0.19143759520868567,1.3908568243634776
2020-10-16,-0.13077357444237042,,,,-0.0028959267531585443,,,,0.0077278468966296915,0.11555946235556173,-0.6292864516058545,-0.5014407670779165,,-0.15983266644007943,7.096311035939117,,,,-4.9163347801537445e-05,,1.9773321314660208,,,,,,,,,-0.03433731946550331,,,0.059199790679221286,-9.914540263205709e-05,-0.5575330704645796,0.00938122440363012,2.823033746027501,0.15710609446814275,-0.0032503407401378182,0.012499498531473432
2020-10-23,-0.5011928666290483,,,,-0.20181442805246497,,,,0.0023533361354273878,-1.4084450805968065,-0.337671757459442,0.3234771717299537,,0.6899884044795549,0.22715955416734512,,,,0.03034994735430424,,-0.015565729217448268,,,,,,,,,0.27131662177913685,,,0.03542194067692516,0.9347276240245477,0.009581972481889517,0.3603925845763209,-0.030816072601527023,5.706835108854798,-0.5809489426358515,0.05744606817154227
2020-10-30,-0.5612945174801953,,,,-0.026097127783743422,,,,0.007323471832488982,-0.002762586010875356,-0.03704461058044929,-0.9629303665288059,,-0.0845946675322831,1.453095633457973,,,,-1.7815644519517094e-05,,3.1450671560743992,,,,,,,,,-0.005891995268300088,,,0.029546514594735757,0.3984383805331458,-0.31921221844987074,1.425895413242023,-0.0035101919236867796,2.4596609946263452,0.2804472501772273,-0.012603361456133425
2020-11-06,-0.6207450144175559,,,,0.006425507090826468,,,,0.00670413728444708,0.20339561556485444,-0.09479245874316453,-1.0209817886329047,,-1.0113701083267443,0.13199352701311584,,,,-4.424801432492803e-05,,1.5746526491249968,,,,,,,,,0.03756491854242168,,,0.14308335684098417,-0.00012828446768684554,-1.2681530232105473,-0.309204653088815,-0.07475441419402185,0.27027021136968105,0.5826869579190114,0.001303411349215728
2020-11-13,-0.21716010836587837,,,,1.4066919876240822,,,,0.001781227403378298,-0.008066517342713485,0.23535513190517054,-0.8232828974507959,,-0.016548486629065495,0.5144410440183111,,,,0.007493736650782118,,1.0286792699376042,,,,,,,,,-0.007700500038065557,,,-0.34882164490717893,-0.0008712336459344495,-0.11730934690241057,1.033521201864044,0.017839177610928854,-2.3613934655278217,0.14708783904769732,0.17098482596244702
2020-11-20,0.242353583835481,,,,-0.010139404047211512,,,,0.13337060367265965,-0.061002284873007184,-0.13204552431402933,2.95626350898437,,-0.021177622687514264,0.020336633982869553,,,,0.02648031497870639,,0.5354991164489098,,,,,,,,,0.006371857106771656,,,1.0434247976068776,0.572916172976261,0.37550715034141896,0.04738661873848439,0.028897345485352513,0.6566534926410038,0.655848594493544,0.002528453586204021
2020-11-27,1.1882705108424123,,,,-0.014446518544839868,,,,-0.012461079069829017,0.0614380582539491,-0.08004182836441404,0.702939750747188,,-0.04031591120379776,1.5220046564618075,,,,-8.655208603254766e-06,,11.802646052149166,,,,,,,,,0.07826423102991724,,,0.11327590960213699,-0.14876885031859827,-1.7442889467551865,0.16802980624083264,0.06681438060188143,0.40842319658075266,0.22977432071003281,0.0017073813221402947
2020-12-04,0.7430540935481311,,,,-0.09068812394095013,,,,0.0013794563150031475,-0.03577580950810313,0.10346059822823973,1.6871620212329377,,-0.11923808833294175,0.045114937453152495,,,,-1.99659123470369e-05,,0.18872500037010814,,,,,,,,,-0.07312818460319342,,,-1.6778676534737857,0.024223825622344073,-0.6419501090150723,0.12871716120301882,0.028167365547909325,0.0714482766791281,-0.6314143662412576,0.014489424671399572
2020-12-11,0.1953845551652287,,,,0.2960520985444581,,,,-0.006681389749653044,-0.02598723104848782,0.530914243626329,3.052724876484242,,-0.0016553013091740562,0.13785546729509673,,,,0.01888425269820997,,-0.0847385106929536,,,,,,,,,0.0020081198923919998,,,-0.0126334301211814,0.029068295527414943,0.22093353100837532,-0.04858658360511333,0.005515123086204289,-0.5283087433128598,0.8792571671142725,0.0020442795172508133
2020-12-18,-0.795811396077011,,,,-0.025698431586257408,,,,0.002536697235682876,0.009969189916546339,-0.6062993632303625,0.38090353869599336,,-0.5087205033610958,0.30576656185127105,,,,0.00013421796962586057,,0.3671045699441222,,,,,,,,,0.03413769556007711,,,0.011067166819006422,0.009960782920619691,-0.9223686874122354,0.20706695369458936,-0.0012551384822980412,1.9571155332928343,1.9611131791890306,0.003144123482059819
2020-12-25,-1.5769238527612448,,,,-0.12800109385119945,,,,0.016227165736330533,0.13581062114750814,0.13600749730861098,-0.29213679503167655,,0.3520343791559095,-0.32165576402022916,,,,0.026805290405504535,,0.08685398629737645,,,,,,,,,-0.04149579875299221,,,-0.4294879976714294,-0.21276887702562486,1.296479245725836,-0.6889325541601972,-0.006103178631830969,0.31784628438974133,0.019943621457213352,0.20758059827541964
2020-12-31,-0.08847309471105984,,,,0.0048656192769691575,,,,0.001054488037271163,-0.09762972940638118,0.004132162732986926,-0.3509678361757929,,-0.06207665842735044,-0.039209204462240084,,,,0.022715339411161467,,0.3263367820173362,,,,,,,,,0.3922163046539211,,,-1.2356493910579667,0.007388955555489841,-0.47647235250473113,0.028569054858834812,0.22913383446958016,0.28107350372548895,0.11698504103346125,0.0858049223785418
2021-01-08,0.15557144042847984,,,,1.36743477736543,,,,0.003487507924651422,0.01996700058484014,0.09161278967752341,-1.6527725224014282,,-0.044690786820901066,0.9952926810960337,,,,-0.03265788577978757,,0.4694714046476161,,,,,,,,,-0.08659861560812718,,,0.30509252205425275,-0.02080980812192708,-0.4496072248842024,0.1606858778596637,0.018614186367839007,-0.0791180731287385,-0.07900770073997282,-0.9772062149919709
2021-01-15,0.39785985491090875,,,,0.46942147247710364,,,,0.06985553702387647,2.3766956097199845,-1.43736443577699,-0.05536599303014137,,-0.095371557127196,0.23407588564250503,,,,-0.6340643997357273,,0.01848621769657454,,,,,,,,,0.04332479223908529,,,-0.013296514970398299,0.197281853976474,0.05831763933942938,0.10793855106450145,0.26864357284373996,-1.83229602084361,0.4181397007776689,0.06127717000778992
2021-01-22,0.040939929123649244,,,,-0.08888001271833137,,,,0.04940710196139291,-0.05799345756637911,0.03795822036255102,1.2042648371234175,,-0.03191773686032425,0.521952610994991,,,,0.17085640977887068,,2.064768597789434,,,,,,,,,-0.0014926211334641384,,,0.14563816831344412,-0.0001023981014821866,-0.1084779806264627,-0.13432267508222684,-0.0007303251795170242,5.259806272355369,0.14167517795658116,-0.0316357116673387
2021-01-29,-0.5527019264094402,,,,-4.593293173898143,-0.0118929348820061,,-0.007869536952466193,0.05762001558529014,-0.069290256393466,-0.07155895484208129,-2.7385936161907836,,-0.10598240297779117,-1.4533755646066482,,,,-0.020948423719734884,,-0.4341232149461176,,,,,,,,,-0.001253716751901264,,,0.4277526335154708,0.019721316526119803,-0.9385620397284705,0.10320834513807899,0.7509231022607407,-0.06006463318655336,0.5881343748275064,0.0026819355491689663
2021-02-05,-0.5174025494588149,,,,-0.15379695299699314,-0.27443088551962797,,-2.124588990967008,0.010788520172458956,-0.13375230295689136,0.43456694991371975,-2.5640946638358213,,-0.05025285237656833,0.20252862527952584,,,,-7.047978980823714e-06,,0.8245288133892765,,,,,,,,,-0.029680055905587196,,,0.5996704878359889,-0.00024727224261864006,-0.8777139430086993,0.0716568393554233,-0.07772420186695941,0.5763328691031216,0.04023021278366745,0.00039138314737503874
2021-02-10,3.240891262631679,,,,0.0029727561709777355,-0.037468295379329934,,-0.6537531630951758,0.0013783770235471513,0.17924296583264085,1.0428982719735544,-0.2441239826777858,,-0.06100368420853265,-0.26687873094382775,,,,-2.2380215390128336e-05,,-1.3990607392355392,,,,,,,,,0.01903657878306282,,,0.12744600063255374,0.01060374048654899,-0.12607306087101636,0.04917559494301451,-0.0062432463492908975,0.31715281425594316,-0.0062539443045224186,0.0017421024314263405
2021-02-19,-1.9998425419722343,,,,0.7295000096520917,-0.05569796872384684,,-0.21390495386777006,0.005062974339858997,-0.11308173522292271,-0.05752353055351901,2.1848143675648024,,-0.035723011692533585,0.1539331722167614,,,,-3.751896221706726e-05,,3.237554588020013,,,,,,,,,0.37280487349339597,,,-0.3728352151176485,-0.00010467849631147261,2.907942617931661,-0.48252355149948467,-0.001053413910871317,4.652320889132968,2.0344734466788528,0.0014595660732981824
2021-02-26,0.20951617337608647,,,,0.04598936315007824,0.002181661488785596,,2.874298687075037,0.03020036867024383,-1.8459661454758443,-0.995939635700018,-0.019504648011640827,,-0.23258633929579534,0.719649382346258,,,,-0.005968639828987044,,0.5593823847848154,,,,,,,,,-0.06951055507140978,,,-1.514000643394415,-7.969759608277122e-05,1.0697321768360961,-0.1575159875894189,0.28194256567316783,0.8165455210558654,0.5703043497222688,-0.03436827457805143
2021-03-05,-0.3337759056841372,,,,0.8182820317087361,0.20016511472253984,,-1.9302264456429676,0.0050358818751353755,-0.9522190974210815,0.1925469610672912,-0.5928553749846047,,-0.016808464158700832,-0.01862672128501712,,,,-0.019905360455176154,,0.131973638061534,,,,,,,,,0.0029089229884581838,,,0.0367739984674919,-0.009634199942395387,-0.014571935930069217,0.617961303728236,-0.022823306769352507,-0.028014046072045752,-0.08363513491614136,1.2932976312447066
2021-03-12,-0.022990082602821302,,,,-0.6167707223004489,0.09451150139357473,,-0.18052036418066464,0.736745450659466,-0.827504889885333,-0.024364547684273034,2.431375578962729,,-0.01370604142916475,0.0747709888156302,,,,-3.674163925253335e-05,,2.831786294467098,,,,,,,0.045004448540672454,,0.001954927065505714,,,0.3199162422881601,-0.008868336923677281,1.448111175272301,0.2344028022609112,-0.008003929816245238,-0.0032043945455605943,-0.6515708570901009,-0.5463615854809943
2021-03-19,-5.485424613184921,,,,-0.007457125363950029,0.017496273263911746,,-0.20276355947873645,-0.11022586695176939,-1.1768507165904498,0.011103477940641402,0.22549057996672672,,-0.009629972096581415,-0.08716593750741636,,,,0.029890208772034865,,0.6066272308620626,0.0636050973646346,,,,,,0.04336914979407176,,0.26114624843516393,,,0.3069511582204461,0.35938284960963374,-0.003198253443153401,0.4027783800388605,0.011354407912124052,0.33390702638502756,1.9130048522817962,4.056946252489566
2021-03-26,-0.050877566534905154,,,,-0.6347237417171074,0.012549502116396896,,-0.03960448711254467,-0.520287420587754,-0.30984627659015923,-0.7525008297176221,1.2239281926317116,,-0.23429447426374375,0.28838623756159143,,,,0.19518497394588574,,-3.7147670099773715,0.27220304186208,,,,,,0.026613656134137523,,-0.40838763424426056,,,0.03879437879325348,0.06007389044554898,-0.010866891420807104,0.9347804106231234,0.01884445106851166,1.2911928555000076,-0.5005231862155497,0.1305550936962793
2021-04-02,-3.048701862751638,,,,-0.03133440420623461,-0.3421098363561756,,-1.4626031242763837,0.41502976445058165,-0.035694635304390196,0.011158288952732819,0.24801520573755412,,-0.06169394609816031,0.0017434480220368935,,,,,,-0.1414959887779326,0.027784463894312418,,,,,,0.11481981737571913,,0.6713720348296119,,,-0.16254711824609763,0.4381759812720194,-0.14847877326743594,0.01269965982159698,,0.00840859529120903,0.37626844336550597,-0.04006132282158207
2021-04-09,-1.812955012400148,,,,-0.128718747159121,0.158615131494994,,-0.028413341648671944,18.577237935861802,-0.17064719897754146,0.025287702255002834,1.1840467928747826,,0.47542568151684156,0.0655072867734045,,,,,,0.25816499668682397,0.009551755530980484,,,,,,0.24905168395632754,,1.2245385127320956,,,-0.01865924815301219,0.12350708112445055,-0.6013905386120968,-0.01704493086037217,,-0.08950062817289149,0.2909914111948002,0.8639409595755885
2021-04-16,0.048216412251291425,,,,-0.030632308109327783,0.16864731901356106,-1.9257393451559195,-0.08745633488047053,0.1879974862430628,0.19281779557931805,-0.1717018340403229,0.25882521193027846,,-0.0732211868343246,0.5029040976448914,,-0.020865609689963392,,,,-0.9796755191624629,0.0019884680331196825,,,,,0.003999204323018548,-0.2456458264119944,,0.06912463992797352,,,-0.015023965634169158,0.018264070379474327,1.4403916223421471,-0.09156706210048128,,0.05303141141987443,0.5924561906690977,-0.22878979110136177
2021-04-23,0.012947444851350182,,,,-0.3021386533004869,-0.004822479896417223,-0.7219721873080505,-0.036898493753669916,0.11520225848839996,-0.50015780066392,1.3968618930077068,0.4393716297908276,,1.922083525291527,0.5167725061125608,,-0.35834119633024386,,,,-0.22302658545757037,0.21170970737466172,,0.0007867434976763858,,,0.26259840537830087,-0.20736955154759693,,0.14462460419216716,,,-0.9247857035319852,0.3914631781597262,-0.05386685665975765,0.011400771180414757,,0.4478355899221661,-0.9107606411706186,-0.43765487846392115
2021-04-30,0.034018024736130956,,,,2.085805473785987,-0.022222510723099338,-1.5866853461107402,-3.062902122884637,0.024689559631493604,0.26750703742435106,-0.06422078290609302,0.22773562176738107,,-0.1852903044252842,0.04866964180251568,,0.1501531277464218,,,,-0.19424400245648218,0.07802568507651036,,0.0014333693165196407,,,-0.055829711708732264,0.5256809173575299,,-0.37005049850238353,,,-2.553161750559066,-0.14937355847968325,-0.2840767676792281,0.03161150380182772,,1.34823754664689,-0.8070645453958536,-0.38366444450623893
2021-05-07,-0.22925470084694646,,,,-0.2668497371900419,0.16664925380022788,-1.3560137129379333,0.15708692552970563,0.19854690653412746,0.15837222143074353,-0.17593219188623213,2.9357738162249136,,0.02181419483451656,0.07590734951136101,,0.39266672847174516,,,,-3.1570049243421456,0.004269163078545504,,0.15788243261263948,,,-1.485118896783297,-0.8815548277868479,,0.0067283409127084325,,,0.026119922216162657,0.5000699430219133,-0.5455269627760269,0.03200038772594052,,-0.08030880751124685,-2.3644217830199574,-0.11055984410294062
2021-05-14,0.07287563967968591,,,,0.14278442565266664,1.6599305246881222,-0.032509146602855046,-0.08317047072781325,-17.038071060532943,-0.023032798145012603,0.004287147653853678,-0.17336218410811843,,-0.017882203970669322,0.3520762637442322,,0.3301748113913407,,,,0.44509554039617305,-0.04474025335282483,,0.3653203532283392,,,-0.2578902945794832,-1.9262789893923327,,0.013968419158041687,,,-0.08810866137704998,2.5205285143252807,0.40938652471902104,0.014398670785878281,,-0.004206402860279734,-0.4572262038946493,0.9263016588461904
2021-05-21,-0.2512390810357846,,,,0.8000019412005636,1.6376956693156555,-0.008836075780395544,-0.1145336602840921,0.41975958982846584,-0.5499624505338804,0.01657618706432913,-0.8695535457045797,,-0.012086565494303932,-1.4290025810874816,,-0.0943005270377121,,,,0.2898224895828009,-0.2664201342029845,,0.1282327878299344,,,0.0236623766293659,-0.8477161923882378,,0.10030395666978893,,,0.38914759088193807,-2.3783974629543936,-0.046873360253866285,-0.03109116120423585,,-0.09525285697524769,-2.600757532827533,-0.6903732676862767
2021-05-28,-0.4416078586133494,,,,-0.0638626656997502,2.043768575282076,1.6881376918519706,-0.1061086303841417,0.1845861438787124,-0.9035560328291947,0.10303315346725153,7.822484511846758,,-0.047635902464151614,-0.6903350811527692,,0.1232200173828826,,,,-1.1651509932860475,0.7683478233818624,,0.43492698139957037,,,0.34993789692044525,0.9767985640316835,,-0.008844640172726197,,,0.0642415087506242,0.09862893682190071,0.7306067720557483,0.03219220402674007,,0.8729450649254338,-0.40492866486843515,1.7797104479835668
2021-06-04,-0.25135987970568946,,,,-0.010463448256019466,-0.08606186241477062,0.25460062831445507,-0.05745764001220665,0.06379025638166716,-0.07869176764702143,0.308789044889711,4.240096992263212,,-0.11109890071434733,-0.8579582241981071,,0.15694143660791288,,,,-0.502403670738293,0.015935056689707724,,-0.07525373492011464,,,-0.3207294179927547,1.4680160829990905,,0.16660037338762082,,,-2.1615192330318744,0.04824400876133904,-0.2318258704756388,-0.0036828979890309614,,4.250004213261214,-0.03357037331736444,-0.8054984511007581
2021-06-11,45.81847528041519,,,,-0.17342373869643748,0.5528758297439742,0.022449868047622723,-0.08042683299045372,0.1854887556965732,0.14408991139221275,-0.09640803501163035,-0.1383526257909701,,0.8031233091402029,0.7839543930810521,,-0.03196142468612818,,,,0.24460058875028318,0.014192126560870441,,0.4298282620077978,1.005467446945677,,-0.006814136534514622,-0.7718041017806418,,1.722664458412795,,,0.36788879340806135,-4.2267141355016395,-0.5332463624570065,0.18533888298862697,,-0.48436477760623886,2.344321499626404,-0.07362286165683954
2021-06-18,-0.22147857418717998,,,,0.017771475080182023,0.05298216727876128,0.6799185787175627,-3.2288631121661266,0.00042042569032484794,0.28337357580552286,-0.018979519482208516,0.906132026191745,,0.019002287051874955,-0.27172723385534164,,-0.1527064487123233,,,,-4.670338319350413,0.004656087702979022,,0.24813991375420724,-5.428949483805118,,0.10351471229097271,1.8159610172310008,,0.6109665398733325,,,-0.5135956211234529,0.7430525658956915,4.021385198231505,-0.008457455804023344,,-0.02348311764153599,-0.3521792639935997,0.07440807128040947
2021-06-25,-0.049249005523747454,,,,-0.10435702800092832,0.05218439606622283,0.012091425530578279,-0.45270467244383383,0.02826301721461042,0.08604180939145553,-0.24293054122374783,0.27858391847158714,,-0.3086260483332905,0.06291271558385622,-0.0732114936240375,0.010561542437838824,,,,-0.5255854181174534,1.6176186963141628,,-2.7571641633358865,0.04230730545434401,,-0.1288629972626194,-4.242290028569586,,-0.6208245098515802,,,-0.8851569094941378,-1.3522884246870834,0.20078665181199712,0.12926808316610738,,-0.43769752303257037,-1.3860258231176168,-0.7996349353615768
2021-07-02,0.33094403737217637,,,,-0.1600263112090104,-0.2007857112152834,0.04037695999970975,-1.0044807766601662,1.790649331444651,-0.38066865356093293,-0.005112665128005655,0.3658454069942994,,-1.71327144292533,-0.11868070753846557,0.35967391370944884,-0.10008758088780609,,,,-1.8468426215479308,0.007968285467334552,,1.8050552296219922,-0.07079486211664121,,0.49725199684097915,-3.931064059659948,,-0.2544667702699428,,,-0.3348781573244132,-1.0106589520031708,-1.0311973976477733,-0.014045178405198672,,-0.20252731021562592,0.6201510778586529,-0.40879433895357975
2021-07-09,-0.7815689408084766,,,,0.5828013193258692,0.6029960655999399,-0.05021029380095149,-0.3697710533936793,-0.005123211582111733,0.2441286362218899,-0.34788699958926517,0.17214431730236165,,-0.21704138198422473,0.8940810347272115,-3.5826565807001524e-05,0.01905093695675554,,,,0.16027044416137895,-1.3981664894142907,,3.0308299853672227,-0.010332325950563966,,0.22998811462998103,-22.78750311346542,,0.42510286166423605,,,-0.30679328568506903,-0.7610838958296373,-0.1968510082438263,1.0556899810970346,,-0.614436079497307,0.06166561431597132,-0.1273865808783521
2021-07-16,-1.9767193615149106,,,,0.3230921015716909,-0.04488344423635156,0.17386108677705897,-0.73694221535245,9.65993691113015,-0.0715320374035588,0.45156114796788455,2.495343408754339,,-0.02683818782565822,-0.3581943739260134,0.025670613067073116,-1.0179007650689054,,,,-0.3485119470374154,0.014018645920602972,,0.7821883884510562,0.014622182971568273,,0.031490229346765805,-0.6011117194091118,,0.027230383732262265,,,1.2923501938896305,0.6051552608314497,0.16869689913049316,0.3439740400316317,,0.1998751234981168,1.461780234968797,-0.00525443387911131
2021-07-23,-0.4121402850228087,,,,-0.16879649880222405,0.11570293881569092,-0.4506025477538622,0.031188802444641776,-0.0693620699617104,2.412018286456967,1.850143542691382,0.06021517203251537,,-0.05628987420770652,0.02364702119678721,-1.1885646719701721e-05,-0.270043458889283,,,,0.29159824230797604,0.017704522081167243,,0.5201376311837884,-0.005150007730199811,,-0.03124751757024016,2.2788369259467727,,-0.1124428439731866,,,0.0957017267664149,0.766934904107188,-8.313951597284667,-0.050204428464211186,,0.3312041147479171,-1.8676003940613017,-0.35640029122264205
2021-07-30,0.07113944850833041,,,,0.0007015560269791675,0.19471233533309518,-0.14591622331478032,-0.4391560760300679,0.8815777521302306,0.015277681989181866,1.48162105243317,-1.8559713545988887,,0.2071954518417216,-1.8332252605756616,-4.802082461211532e-05,0.17776669210671334,,,-0.5579445848171594,4.972391835460385,0.019640791504602108,,0.7770461048981767,0.5790271446706255,,-0.0671082283858526,0.06883235982188034,,-0.21433047178644987,,,0.0427746619313997,0.0763905220682385,0.2903426729968836,1.1812399734617482,,1.5832911139408035,2.3687242731673663,0.10803464469172541
2021-08-06,0.07361564111039898,,,,-0.07802643878408418,0.2410964582406867,-0.03476973281239511,0.057826679793914676,1.0992678723138956,-0.8826094552564727,-0.8582690141417904,1.2429884619263523,,-0.6052171675649728,-0.6595534246673114,-0.09438090457942769,-1.0402537824941174,,,-0.006764563315319599,1.9484085180591586,0.003966519606968029,,1.1029384631078587,-0.3831157313692748,,0.01885903660592843,-0.8703820514308,,0.4599033319022809,,,0.13891186885904405,3.163356595600308,0.3619795367573182,-0.803083921518949,,-0.4284749764297943,-1.0002800668894405,0.034779278629819124
2021-08-13,-0.052689242146962974,,,,0.201981879206544,0.4795600618937925,-1.9276806548922172,0.0120738726049254,6.20507017691188,0.8057545755800487,0.04092418336062226,0.9189548568612053,,0.038076273468779835,2.5037848400427776,0.17207346092093162,0.0491572871102982,,,0.01728234617494337,-0.8281447561622975,0.38875701769610443,,0.036151521244692356,-0.4882119645197153,,0.06028970091118677,-0.5460406327963041,,0.050057257590691545,,,-0.4624011550022099,-0.6321639388627855,7.17314652069812,0.056767967258415125,,0.6192036432643299,0.850163980354514,-0.20780805050761028
2021-08-20,0.5530004406468298,,,,0.29978125511184556,-0.14745217890430687,1.027121168215336,2.281680086093115,0.2556727492611791,-0.013107053274695375,0.06954023879647095,2.651445434274861,,-0.036077726172931854,0.5111777702227127,-0.012616346102642326,-0.16900881503318477,,,0.0012259948085760748,0.1980377575671834,0.012814859472639172,,0.7956522863944154,0.015407862799887335,,-0.11862805758234378,-0.0383635445160349,,0.8770891856770047,,,-3.2373634567353102,-0.721844064686128,-0.7686432324152133,0.08055940444454487,,0.04676512869067094,-0.12299588968483038,3.5887710521942564
2021-08-27,-2.393190425272978,,,,0.965022198347145,0.06541683819072619,-0.9639779169028617,2.1920519453913045,1.5338716400066033,0.1677175310138022,-0.09001078693076907,0.25974492557096157,,-0.8000152129295728,-2.3715346849649754,-3.6039250441455184e-05,-0.08215244173182147,,,-0.16476301904027696,-3.774815547757103,0.0038495610816408525,,-0.17530110574119792,0.0375131316014515,,0.2992196694770369,-0.7921514575272103,,0.08464335336553164,,,0.5126284624290405,0.43310273917988,0.045745919835976825,-0.0559988590642647,,-0.03047252723356441,-0.1172539629181992,-1.9887852109442226
2021-09-03,-0.6537089682645609,,,,0.5189922588946994,1.1038001392425458,0.13854936870023143,0.05041227448230076,-5.338228031151741,-0.3833985884691663,0.7139939433383654,-2.541127133228855,,-0.007265474614809957,0.9407883499414099,-0.5321566712186053,-0.09374358976670623,,,0.1668931773201753,0.45320516096433167,0.02238669992230887,0.051611782423985716,-3.852822571997386,0.019253427081993776,,0.08653102413840083,-1.776092744129923,,-0.03324859628861707,,,-0.46464656725161224,0.08831785756663395,-0.05440781082235978,0.10347785674537674,,-0.3731328504122307,0.9203990463581637,0.36843742195697304
2021-09-10,-0.06398905859156517,,,,0.5949433542636879,0.7128144735310283,0.8006868426076559,-0.06438146403726075,0.9002096866784299,-1.1666870161679543,-2.757491257070566,0.20794755626708047,,0.5569670799026738,-0.19823771234157644,-8.305446913453349e-05,0.015251676024123362,,,0.038303894643491404,2.3423652226049856,-0.1310712001184302,0.6954460881920499,0.40121503013533283,0.045417525588993875,,1.5245946387186227,-0.1338737646427515,,-0.03958446292176938,,,0.13681687909451173,-0.7472829053662936,0.033823484134106914,-0.6303410591013243,,-0.07584250457430555,-0.38864113429399766,-0.371028576478583
2021-09-17,-0.4465981042240824,,,,0.2345672365404858,0.014383810791384927,-0.2681841141394678,-0.36801900397292486,0.09465782336350977,-0.12765524896537445,0.6858015439057124,2.4277844310322614,,-0.06669458229377251,0.11146575400601165,0.00018809724677877347,-0.11332614389303962,,,-0.2683457269694011,1.7869675958165998,0.01192818669953721,0.004592793758674183,0.05985152779385962,0.01742858553174701,,-0.010631409631782591,-3.923997682631424,,0.009435449824314254,,,0.11079381104946708,1.3735773753745564,-0.486995421898613,0.08248739133255377,,2.4453351438900826,-0.17219351090662946,0.5426926626516978
2021-09-24,-0.3503620242657612,,,,-0.40799942434309405,1.1166885289016817,0.07561967466051517,-0.221894259434153,-1.6325355943665398,0.3127897585819562,0.7624505177115719,16.784693728237926,,0.7897491301286013,0.1601115370699053,-3.453387801371552e-05,-0.025457037337460544,,,0.12149822393509843,-0.03829402819790945,0.06465467602998107,0.7023263184465391,-0.139471126755289,0.011300048494375624,,0.0967827769464753,-9.223179479321777,,1.5394693771763224,,,3.0342723946614933,3.0511259424555894,-0.13159853038849068,0.026085312781790645,,0.17585144893004415,-1.2822876553449707,-0.4123835399257567
2021-09-30,2.9335437499950876,,,,-0.25682299661071334,-0.03081455238946406,-0.2975240600560312,-1.8640230731410703,0.9183206339128546,2.540328087108898,-0.2295922675478358,0.16666572473969463,,0.0393119694317714,-2.5248498543641578,-0.00010978604392442987,-0.026504564313693982,,,0.010823729283933188,-1.082136374140181,0.17143518159096607,0.28853929315661647,0.22127745478533395,1.4471485529748633,,0.012249318949168687,-0.2461814462632909,,0.11644278461873087,,,-0.03147407758626075,1.2465854438348167,-0.08291549039862847,-0.2157982636398575,,0.3523770611266206,0.6966784802088741,-0.03795474666631806
2021-10-08,0.11933750874050464,,,,0.31387064364560796,0.2615878833670922,0.010112715052074221,0.14214688108455742,0.3392644106441344,-0.3674437175069823,2.1619146671090355,-0.016444935207103755,,-0.11705039690929561,0.018615207737741796,0.06984505973508601,-0.08396544182254942,,,0.030033622155424617,0.08128045315222024,0.405061443874208,0.6959712791245194,0.8257239043380852,0.008792556547816573,,-1.2298863261683943,-0.9515074276087194,,0.0968478882628821,,,0.3881672689252694,0.07104293548794867,-0.8988144663704355,-0.015931757488323622,,0.15288770025458664,1.2678464350276257,1.7445975065122463
2021-10-15,1.3664295730785032,,,,1.663751815084615,0.4109259146854767,0.09728476496081326,-0.09540793900132895,0.3047623530438337,-0.1695248721143864,0.42855127452526687,0.6336632591553467,,-0.1313335670456703,-1.6415592720247894,-0.9882205526841829,0.22896788364744303,,,2.987545781522935,2.4698287292793917,0.017458112409439952,1.5647297751962608,-0.1330286660192521,0.026557695292267827,,-0.05313570553311153,-1.4798424258569658,,-1.3332695255284295,,,-0.8499207545084991,0.6619493206369481,-0.08158191511032963,0.1029172566447463,,0.0781395989872672,0.7325877486353116,1.9477174510582185
2021-10-22,-0.4140052330109392,,,,-0.050566800020072106,-0.7416444588315568,3.256526267781067,-0.019187759198488672,0.8228429831035285,-0.07862690110948346,0.33341845544543924,-0.13179819029594647,,-0.08221487197022415,0.4090314590113055,0.04921884437282731,-2.2990911810224213,,,-0.01915088654425718,8.586355324340476,-2.549742702190779,0.041275852231759495,0.9383563070051828,-0.004543576023390129,,-0.12192006476893083,-0.18485572234121653,,-4.524352430463934,,,-0.4046687559625953,1.2030096633319591,-0.03137421087008439,-0.453310354944534,,-3.8515026251651836,2.159398926096826,-0.24209271950780442
2021-10-29,-0.9592274294022167,,,,-4.530153499279311,0.2558478965020028,0.40810698040493243,-0.26528536960206167,-0.459482889198451,-0.03498603198707812,-0.3246300704285353,-1.6929698855811421,,1.5755730161453259,1.3979956184217122,-5.8653098495876124e-05,-0.20460738756807537,,,-0.9215550525932023,2.5886347989365914,-0.4061833629220658,0.004743533972564547,-1.339275470717699,0.15081258349361162,,-0.06281056059130824,-2.1083500491228913,,-0.03900175410247748,,,-0.28314212201244815,0.4670376708956045,0.2590415066766717,-0.00824300781766818,,0.5150083780002128,3.0167687466983466,1.1056885476343048
2021-11-05,-0.5048353645945775,,,,-0.7908069671101233,1.5350888290017588,0.03076879667293113,-0.33737819369566463,-0.4228657271198441,2.533597528686146,-0.004660483955745864,-1.8073628399854906,,-0.1622000908469669,0.2671010786101245,-0.13938312045198437,0.03581159023174505,,,1.4711653408666774,1.484031564381142,-0.3956123759888952,-4.151343528385159,0.10247764998213729,0.002085385967253187,,-4.083019051733146,-0.03544556315219266,,1.707164507255986,,,0.933542625503237,-0.3413509807729307,-1.0226421113054438,-0.3793460736915998,,0.3104949765728062,-0.2463034828276168,1.1937955608731192
2021-11-12,-0.8452971173492789,,,,-0.16924535300670168,0.30972028029008775,0.5902040104142733,-0.35038880743992007,0.42760616744602986,-0.24045845750085934,-0.1493883306204871,-7.423727095789063,,-0.07679852209179054,0.19316623694909713,-6.753494415364637e-05,0.1345577919928197,,,0.009306378813866936,0.6264279646939911,2.9688394897086163,-2.8136121144273223,7.015747805053189,0.05570233297513758,,-0.02755613963435183,-3.474323206962629,,0.32065910895257743,,,-2.485079301231327,1.3229794107474067,0.24453774973314613,-0.21058084511644584,,-1.448364042887873,2.017320625478126,-1.697224105938321
2021-11-19,0.09949859902964228,,,,-3.2742257764794425,-0.14821997477923163,-0.03887187729019494,-0.03656656885694433,0.21053727814655238,0.009893443790284881,0.1195275244243206,0.8311894763486963,,-0.13633167394802229,0.4644839720216456,-0.12166359322632196,0.33828615254061756,,,-0.1796165360755146,0.631893990870039,-0.22232634074561214,0.3040598456603774,0.08114209650440168,0.05419755651463475,,-0.04251592964470773,-0.6718151194313189,,-0.40982262829956845,,,2.8558478303051715,0.45287905381506893,0.03861495439116758,-0.8398060226052038,,-0.14208932956094034,1.6745328587218016,0.5697346036584964
2021-11-26,0.6349971481420106,,,,3.9981083272857587,-0.2108898545327821,-0.8971074297467523,-0.20582772585136966,-0.32652749926335267,0.06523848535607304,0.013159913418512227,0.32079741255615,,0.047133336553075986,-0.9523498084216565,0.18872935806782562,0.6421362749592457,,,-3.230377655402359,-2.944250881399687,0.23232283311928106,0.017238779811930928,0.24807253935011378,-3.492700600594625,,-0.11588481406325826,-0.3773581824118789,,-0.22037527039304244,,,0.22481971259953437,1.0979908996465022,-0.014525632226034993,-0.07173629729432421,,-1.7456228731120882,-0.7693975755865191,-0.10816548050018633
2021-12-03,0.20769959152174217,,,,-1.73576169614874,1.366064883749637,0.30283109816682263,-0.05858303131301082,0.10463557012285057,-2.025456100082733,-2.195788272584356,0.43330997327310605,,-0.06887191491435221,-2.1161933812222102,0.04824668517337365,-0.9880860841090294,,,0.012864866377583113,2.26567564175479,-0.4315143919423807,0.09435515819500634,2.5602777411276514,0.07418153456759602,,0.0012507524183603133,-1.4556239176631134,,-1.8784941093405092,,,0.2641622035223741,-1.504171407593687,0.1399840373513082,0.1246850317263196,,0.14107372681085834,-0.5982722330506183,0.008068720280998282
2021-12-10,-0.9008690329239872,,,,-0.0001613375682637296,0.30357686063296846,0.023214988357817656,-0.19842333270572188,0.5603329337651214,-0.32519216595295375,-0.33222908534423834,2.58513233049925,,-0.023837129277797103,-8.218039064769608,0.028031947152055283,-0.04253840698776827,,,-0.08093461129495766,1.8191231908760948,-0.30487542235418746,0.018939469846689545,-1.2678971290741157,-0.06521054428442441,,0.09145618916830929,0.7544233687201474,,1.2477473624827895,,,-0.9141086273946796,-0.553029435650974,-2.1615618425455754,0.7713774916721952,,-0.44743229248403155,0.5472973621660178,5.094241523224445
2021-12-17,0.2704908450167155,,,,-0.6976853638154575,1.5876578560419952,-0.1362943564678158,-0.056965061901732894,0.3058219257613681,0.24320812015779647,-1.197183327715888,-0.6037137127476722,,0.014211406866799014,0.33434503339554683,-0.06186929603434356,0.587959745695457,,,-0.7595520020920894,-1.1018939130565375,0.42096676434056624,0.1527837082330159,0.35746908665140786,-0.17661569516275827,,1.1898052217905084,0.08509034494900236,,0.7742504861005082,,,-1.1007554934385304,-0.40481066216911904,-0.4660235063514859,0.13082704589188898,,-6.075957695477369,-0.9082536561707875,2.13022309670291
2021-12-24,-0.057730877295253544,,,,-0.2494063663435562,-0.3482534853285898,0.1687812555280807,-0.3447543106373034,2.483022815463641,-0.3881015558765911,-0.021246251402927546,1.3026239799984016,,0.05455824506760894,0.27662754504839165,0.0017255633256925635,-0.028849710631876548,,,-0.19221237947341643,-1.2454500774031736,0.5113758105790067,0.2010663705554866,0.25895251855277474,0.29799610669593907,,-0.425808731973473,-2.0538425286354305,,-5.012428461460631,,,-2.931600430669355,4.809405825604885,-0.16684176728323297,-0.04094745765802666,,0.07436966555281102,-1.546810758089068,1.7434815382989834
2021-12-31,0.2403551869719991,,,,-0.0901248837438436,-0.025728947415410087,-0.14195490902746138,-0.16438773197523807,0.40995355868669886,-0.1260125113170932,-0.11513279827563153,3.4118754850880366,,-0.7703388748009549,0.20592256652885263,-0.004850150530636605,-0.4820241089216742,,,0.08367755233641405,-1.126554162564509,-0.13693264857658305,0.03004297847791257,4.1936663224866795,0.09207627450363759,,2.719848480255998,0.08303453041342802,,2.1240210902313676,,,0.08763013087509883,-0.017525526360334463,-0.03245263954385169,0.6045278029691269,,1.5969612270375846,-0.7361134530764174,0.008905920282110218
2022-01-07,-0.039490107719843986,,,,-0.3110630414556312,-3.616030146131674,0.3051184379641648,-0.34099685454631395,0.28241872462801404,0.2083166009877961,0.1298195129356721,2.9391361396752824,,0.09913218374195816,-0.1345405301353586,-0.13428174680082297,0.2569445199919344,,,-0.007317088179833913,-0.8072334083191434,0.241941215154182,1.0450157971005605,-1.2155156025727223,-0.028053149048505845,,-0.16396201302135532,0.0061666416483893835,,-0.33585737298460316,,,0.23541624105433498,-1.027042143236863,-1.188986694996392,-0.2290991760695264,,0.40441708797854825,-2.070905656452722,-2.4865225832387403
2022-01-14,-3.6617319008833453,,,,-0.25245229294767796,0.19239553123833036,0.5282247271843435,0.406008335443785,0.5168820709568571,-0.17912961681294828,0.5034500651709454,0.1681266358168281,,1.2601204732798796,0.04080610409356269,-3.950233882696216e-05,-0.12193691084614675,,,-0.5371104753981933,-4.902026561297553,-0.009219151767166367,0.10192014081509423,0.09789301739663078,0.0312997705806005,,0.021269641757739065,-0.5453928616407663,,2.423669655546226,,,0.026906616008757586,-2.5674224545777706,-0.2801579113943376,0.22880403418937734,,0.008136167025215456,0.3020295822648881,-0.6185071808872775
2022-01-21,0.10260002853507519,,,,-0.4594987266680292,-0.030011083003063432,0.05305156817176006,-0.6175278319377395,0.7365968424363173,-1.1841309306092902,-0.24645416757497335,-0.3170634163172579,,-0.17016033357117105,0.11018289518308641,-1.3012266924138798,-0.3661107569946564,,,0.048225919458485006,-1.3874626784818886,0.4350305828249484,0.023546600435400723,-1.7241365721478354,0.14097839893552744,,-0.03336047714963212,-3.8531358666983753,,-0.23622764191534235,,,-0.8381892232281384,-0.7070822708342844,-3.612598196515133,-0.08506334944013559,,0.6621807232504041,-0.020979842171900985,-0.02484063025887576
2022-01-28,-0.48365278186002614,,,,-1.4208410093187127,1.2991044848276172,3.818091351651455,-0.4020391155988732,1.0637665098181976,-0.08027094738238087,-0.03671730680828847,0.19633649775441928,,0.06654690275624114,1.0513369195794686,-0.00691072964616364,0.14176975106767106,,,-0.2772657707225399,0.9646039016758544,1.3333611838740125,0.19343876347686456,0.17810664336248042,0.6658400071057525,,-0.17089682294318673,0.13316999165760518,,0.5283805147687344,,,0.25901147492407306,0.3111538659396722,-1.7359717908797427,-2.3083618891359787,,-0.707326623965604,-2.5138485958627106,0.274782817828786
2022-02-11,-0.7651940816833902,,,,-0.25130616631423497,4.245759365010594,0.08764459186729763,0.16922081480633244,1.4026707487801449,1.451944422689147,-0.0487931373345988,0.8374937641415992,,-0.1335954178082394,-0.19984870265646193,-0.0033671213114897167,0.09392793423041187,,,0.35217489638234467,9.13117594419094,-0.1644575108328073,0.007926534278590332,0.7414600110566654,-0.02116981304045125,,0.057918107687411985,0.1788456380193818,,-0.32831127999553633,,,1.1090911701617814,-5.599998394681685,-3.881206547041925,0.032477451463632595,,-1.2359628506419793,0.2423734961235576,-0.23267644522848843
2022-02-18,-0.20479493288161993,,,,0.15353929745331812,-0.8798397905255675,0.04249760296751749,-0.061366881768384896,-0.07186756703390604,0.003674181008025555,-1.1694012360008397,-0.4816682252877056,,-0.051701388861392604,0.5123359276153583,0.006118301378050199,0.0014032921521233647,,,0.0466894454436695,-2.6725532456318644,0.768083877178563,2.2097430924457298,-1.3328833863740286,-0.8100759663453074,,-0.840646547950401,-5.587330758708229,,2.3064496797926983,,,-6.355401825372863,-5.664719078392033,0.9519696610322539,-0.31007397514160995,,0.013623980354802622,-2.050063478167809,0.062315152083769636
2022-02-25,-3.5100321123831018,,,,-0.029444552215454688,-0.5448586020600119,0.2736249182034441,-0.14586946301574916,1.0480274864281018,-0.8575645558913243,0.054744803218122084,0.7901562766012004,,-1.885647475380892,-0.08534414452556696,-3.018333236255898e-05,-1.5686563178743849,,,0.1997613365373726,2.415295419977026,1.3696447132706613,0.0039243730464223695,-1.4357143994577506,-0.027086559299148993,,0.31949252333259226,1.7544820243480654,0.017081054159960873,-0.16339931906897265,,,-2.614175531401287,0.35621220696063327,-2.5271979707615557,2.1950469663897096,,2.842943057727806,-0.006681199363634677,10.71905361622844
2022-03-04,-0.043733667426444085,,,,-0.6242146231205066,-3.5652817146394296,-0.012453298538518311,-0.053325363102549775,0.3370786912222612,-2.1985281078938335,4.1865437023530605,8.635798123129373,,1.1109225300073062,-0.016957875529973868,-3.41519727166003e-05,0.021990420796859794,,,-0.4915657584121727,-8.273972212087317,-0.48214633205396235,0.1704312418540549,-0.05696085496732593,0.42033157022257395,,0.06765066198255695,-0.08980971747430364,-0.0003999988021588125,0.4607630832984049,,,-0.516757835495199,0.18400276149141143,-0.9194106355231012,0.01209034835604747,,-0.7233758679785661,0.3066051151444091,-0.17451801764236363
2022-03-11,-0.46410486644841115,,,,1.124473196260194,0.051055990207834856,-0.23485679703770124,-0.5321863937999775,0.35596488655030717,1.2877033985262953,-1.0383920138926124,-0.3830335778642227,,-0.6467293559466165,0.19941003629111334,-0.0001131901367104274,0.0035468399408374145,,,-0.4995284765466741,-1.071975426479338,0.14434342873712863,-0.4786839233569882,0.5151190476629116,0.011243478257073423,,0.017797783943550912,-0.2912665343738462,-0.00032610085066734273,3.9471555423611777,,,-0.8078343609747558,0.9647620268553776,-0.802860097618322,0.8994766235995787,,1.8905544482396919,2.7310741053311793,-0.04228658590657408
2022-03-18,0.03128598563087475,,,,0.03976521371696211,-0.25820717399770593,6.337375207168231,-0.1836484250542481,1.218358760584314,-0.06188282974673618,0.09920040527637543,0.8529337938621228,,-0.03945629831331078,6.618973140605602,-0.005949273898134651,0.05745806400234968,,,-0.005151087634027378,-7.775400687501396,0.01696072692641228,0.025752040686523987,0.24265270924040086,-1.2056030990474274,,-0.23263215614903032,-0.012110958089566345,-0.029996099143842558,-0.20544529386718427,,,0.9535967108458645,-0.0695374725555775,-0.108238152425874,-0.08938335131939824,,0.2788143110676435,1.0528389553268889,0.374982351683475
2022-03-25,-0.9131193702114182,,,,1.1629674182864767,0.05427673948888872,-0.7204403894418906,-0.7705923763510671,0.3555269611390195,-0.15473269406871304,-0.07092437412852585,0.026091238952453483,,1.6155279475456639,2.2149065313483467,-0.0225035985104628,-0.004206279237785899,,,0.008769730428216974,-4.104110564942628,0.10404379744433338,1.3956473917102534,0.6676187676441679,-0.6007894193038712,,-0.2983828880494877,-0.03801138173829972,-0.0006004912828007644,0.5954979908318934,,,0.2576832051417097,-0.040460243424230866,-1.8685001469679465,0.008099693051230206,,1.0971824998691846,2.387003779957192,-0.26268072467539055
2022-04-01,-0.07523851027122329,,,,-1.0457928306416164,-5.006142978189027,-0.17048139001737184,-0.0481776862981346,-0.3733940306762274,-0.17577845830902167,0.08902702445388412,-2.6502080077299013,,0.09372341653851976,0.2936913418131438,-0.003161975887360491,0.040219198183634515,,-0.006856070502229233,,-0.24844417564873006,0.21726981734049933,,-0.26054487881683375,-0.7953209102122171,,0.13240572744924953,0.271119687114996,-0.006012843729842781,-0.141532303092414,,,-0.8043182819936188,0.0003461587256758398,-3.5622346384859984,1.0967535448288894,,1.241102096446873,-1.882409993792259,0.00391408823125057
2022-04-08,-0.6333200564876245,,,,-0.08089294863202731,0.10733109046348212,0.510371854906199,-0.06807263393741637,-0.16726489791661436,-0.013618877902056126,0.25625246074890706,0.610033141169206,,-0.4094292258370942,-0.016368476379973386,-0.12910964988097143,0.007459628403850475,,-0.341286674131268,,1.966572414592265,-0.07589623043214828,,0.5976230301699167,0.0463362216135864,,2.73869459059532,2.4160462354080554,-0.008249494673272755,-0.16237632895903448,,,0.3803148314299765,0.2557748505203119,-0.8224278963424603,0.00957543837076924,,-0.099261358690057,-0.3281047188049387,0.18661817210169196
2022-04-15,-2.0649074847794506,,,,0.10299015032381818,-0.030195696683386557,-0.6252424557261851,-0.19408120433104054,-0.1295083783219374,-0.11808386144165404,0.11028007263092461,-13.576790908046867,,0.05685474424074201,0.7392053994865648,-0.08148254884201675,0.03341659634483256,,-0.007984826598878773,,-1.116495738136901,-0.20134574029733318,,3.9614413637159416,0.43645231710114646,,0.3475735624649469,-0.34425226137833725,-0.13558001241035783,-1.522988349311999,,,-0.6551646272842176,-1.71893736923139,-8.781058021523043,-0.42515195180844195,,0.2405027017448886,-1.5768207240224326,0.3596207298106443
2022-04-22,-0.43783429710478644,,,,-1.3427536238492115,0.20601134216998146,0.16829619079052077,-0.014394805815378898,-0.9922645531062068,0.75927970478844,0.1249412053204728,0.06702763076031426,,-0.18327616361300741,-0.027333991081529282,-0.007379168279908041,0.020003033952436914,,0.011205537953027919,,0.4314748691488665,-0.39809935145600683,,-0.08593210989763243,-0.04594157751448427,,0.04187390444812349,0.2725986094416677,-0.0013436431596920355,0.5648327406435512,,,4.534005185983241,-0.7534664330465213,-0.3467560247457931,0.5004815715523055,,-0.43354583308712363,-0.32532419423672343,0.7347875647543887
2022-04-29,0.986854810343705,,,,-3.067136985315028,-0.10763472552087366,0.4387055516567756,-0.024215710941998928,-0.3073552530953562,0.41961767702656727,0.2632007644255164,0.7510720896374419,,2.8956968091549204,0.04086361508999477,0.021796567365761216,1.5465631126243102,,-0.442611315819062,0.02890303878580658,2.318568468680697,-1.3231052526866582,,1.3079721614114472,-3.0309462004542107,,0.10502209964032325,0.23687616392154265,0.05072263555047461,2.7342816705129405,,,-0.027013155797608705,-2.7751183989590653,-6.152741336461674,0.018675099168648478,,0.32416041207082485,0.4579462103383724,0.3359839350649598
2022-05-06,1.696935947755474,,,,-0.6957277769930693,0.17010962248714107,0.18034882823307208,-0.02621490114966387,5.4760356678326065,-1.191590879321973,0.3159159848657545,0.3532366977570308,,0.03275709204169782,-0.01889376503426842,0.05508617061268647,0.002885944170613941,,0.0038219363615908386,-0.3885554742237145,3.846385811798318,-0.017236453992420676,,-0.36883750000561144,0.08619663527355637,,1.8148518668944087,0.07396903255356377,-0.0012627497430898313,-1.091967829035946,,,0.0665382140090961,-1.9758195452682576,-1.0722473420486966,-0.02535522661134687,,-0.00435373093916544,1.9613667670047188,-0.11090164536684956
2022-05-13,0.7099276626228181,0.004034843105014501,,,1.2870282771906438,1.0286757766137424,0.05149045512864546,-0.053659420943315064,-1.7355451765829484,3.4190978061099524,-1.8244897181668351,0.5692165308432957,,-0.026922609483744378,-0.05049670499483131,0.1738853362184146,0.003797237961902719,,0.004588314108269903,0.010889167802320462,2.212935992686997,-1.1636550490345543,,-2.9437881192575976,0.28244691977331376,,3.5664096474343223,0.4891641572227917,-0.011553626913097052,0.34472292430628493,,,-0.11945619821072524,2.831453619371124,-0.3551005793762733,-0.07120245891052872,,-0.23041959674036339,-2.1510406146118823,0.5388052482799762
2022-05-20,-0.6949705370137854,-0.002631944766231401,,,-0.2894843930439664,0.01675227406729135,-0.14419460936602205,0.08072416400470726,1.081003242276894,0.22189994361300416,4.296164504936869,0.48055888751914716,,2.2520864011804256,-0.04840241300405572,0.09452059395413814,0.00656024583718423,,-0.014213386203473555,-0.011583060488075928,1.5097880472131344,0.017465419935732474,,-1.6647076014644462,-0.3296826178634543,,-0.06918477090606392,-0.03730847659029864,0.0006687528851357384,0.18380404388124022,,,2.0727462023132888,0.6487031354939023,-1.5300151755164682,-4.18330374066103,,0.23451193882516583,-1.4315823723245418,0.07928295980059158
2022-05-27,0.7694372758529057,0.0018778487620577774,,,0.11497401673190258,0.08770480513350123,0.09300608182170846,0.006998129835121048,7.635424789316276,-0.45009226928616286,0.4907924736200045,-0.1324845939055314,,-0.11459816411166782,0.11176589369760269,0.34445198595239956,0.04577391274073606,,0.009508678166932806,0.20188771273578562,2.7567715078145603,-0.02950207260253596,,-5.676884597515481,-0.15533406505345687,,-0.0815844258262149,2.2023292191891763,-0.005427537868107953,-0.957674362523546,,,2.085157186724634,1.7406217249055533,-3.7846776869972762,3.601732839714105,,-0.23706753914448686,0.2691457243026589,-0.040563587197641235
2022-06-02,0.014404106317120986,0.0023590387934895284,,,-1.2216518872051743,0.2640409048667511,-0.9628354822176644,0.3242068089911007,5.22812215699417,-0.13129503397315478,-1.1529650134653928,-5.612835587138828,,-0.03611972230411023,0.1322620647519575,0.025382195406546824,0.006207589591377072,,0.06413417684719494,-4.022090639324119,-0.8644848906774524,-3.547008727180464,,-0.08411246687476251,-0.6198551719983644,,-0.10906799423543898,0.6676536315379943,0.0030084138558832147,4.870513209075878,,,-0.09427064053748391,0.36264236184462817,-0.026681531857462776,0.17762466787363648,,-0.6152328223338868,-0.1299136115867868,0.20807533556521574
2022-06-10,3.160723620613634,0.027815034949312395,,,-1.5285529753028761,-0.03260967561796699,0.2757498621744745,-0.18841121710584327,-12.215637358121478,0.3499647365125383,-0.5943313479008465,1.0874981734822302,,0.006300055226455692,-4.523335341035139,-1.706848713191552,-0.02554396999199983,,0.0008237187654670979,-0.08996482697782324,0.6649974516947811,0.566112142830381,,-1.5901760168296677,-0.16325300125207687,,-0.09957643085020858,1.326873756854183,0.000825369435373105,-0.021106886951511646,,,0.05876493908076855,0.6611470783427268,-0.44663604743297314,-0.034031357673570586,,-0.07153363144094672,-1.388853812796942,1.3921907731853935
2022-06-17,-0.050734357190591134,-0.016942480056689184,,,-0.2327492896267086,-0.34932253898102456,0.35206376881840523,0.05754793988819483,-0.2340912381540836,-2.2697967036138387,1.6438744879153833,0.5399532727983355,,-0.04744894392671939,-0.09669070218741355,0.6357010159936419,0.04260093621460193,,0.02721143775213552,-0.14613455870965122,-1.5323206087068226,0.2935298531337419,,-0.5537172265011329,-0.11235762345095729,,-1.0645217365388593,-3.686500853247463,-0.0081766088800694,-0.06191233637603056,,,0.4747252051628784,-2.738249542847792,-0.15744240129093748,-0.0017681039395597755,,0.021363827748638438,-0.17141401643969,-1.1538901813221358
2022-06-24,0.8565428361033889,-0.01952141960985332,,,-0.37914295053927144,0.07616982910149164,-0.033705753786262865,-0.04104388555097464,0.19011673779267235,-0.23886239300522255,1.4229896107641669,-0.22290930482346244,,-0.0311436793939721,-0.5040405075623448,1.01815483691663,0.16385810836356052,,0.0020680087188048374,-0.13895552290896096,-2.5484470901645206,-0.014363762852935849,,0.5834759739754192,-0.12174090190992884,,-0.20271435284506684,-0.2281950214463458,0.03655507937337416,0.25793748917570464,,,-0.44207127638272736,0.0683214628104778,-0.6651505241864137,0.07805423571033834,,0.48411231066672267,-0.9375523334539195,-0.13667969014302223
2022-07-01,0.2750475974230852,0.005360256493285581,,,-0.020263043764716084,1.9156542563868784,0.4983931148542368,0.020836155160010826,2.6539666188838456,-0.131543376488194,3.519599872707502,1.1620460675550923,,-0.03349228855921216,-0.15158697729762194,3.4897389388890567,0.0017269066477399904,,0.011825840910833173,0.37994404847585506,3.171202138011812,-0.469092906264133,,0.0584504525350481,1.242982777384672,,-0.1290827447210871,-0.35851497585390973,0.02101382816306019,0.18577044527662867,,,0.11808970798221141,-5.284373452915512,-2.8000573930001655,-0.1808282086862195,,0.7001348893245345,0.4436317025487916,0.28840812331802185
2022-07-08,-0.5828498834565071,-2.972854921530394,,,1.021783910893672,2.9618702707853752,0.27255269676064475,0.033909392454022344,0.6124710156359675,0.035871856820786384,0.5191008136732753,8.959124195762977,,0.022375796230621525,1.0593652587847846,0.3956353610136285,0.017041188934677577,,1.2588207075164553,0.004083665106012863,1.2418940197294626,-0.005026227121387981,,0.018876879884871602,-0.69118645815206,,-0.03724419123596025,-0.3740794831031954,-0.0028637282059170623,-1.5973986899159187,,,-0.4817814874451233,0.47679549379937686,0.35253755987167806,0.060222357101920254,,0.21152168553498174,0.39445785364520786,-0.9204113105721361
2022-07-15,0.5853360673368833,0.05838383084126598,,,-0.03624315761587412,-0.011690290462667438,-0.0753866091331689,1.9573047353519646,-3.0199513484716913,0.9726289482646667,-0.25175496405618925,-1.0263042996956242,,-0.03339644853550777,0.27436860526086804,0.4257374588187418,0.003789240274343205,,0.05293418873539958,-0.8813572005671728,-2.0095163809532894,-0.20176073385869303,,-3.134425273864448,-0.8777566937924665,,-0.06471553173171714,0.4590457773728852,0.0017885104930346271,-1.7744559737872614,,,0.060742178353727985,10.150461388016419,6.437592956130142,-0.06631440320171046,,-0.11336795622366289,1.433316132842465,1.2037337376036799
2022-07-22,0.2896793339496525,0.023223358530230425,,,-0.3296457677340863,-0.6528794631957867,-3.5512204458950967,-0.1788618815149023,0.8021195940165695,-0.7369512055646794,2.018474697143339,-0.19125203282718717,,-0.17349789655873615,0.6510872982015536,0.2786650971767062,0.003774131769671425,,0.06203100338519982,0.25231567650936826,-3.03801217684916,-0.21512579381413255,,-1.8907463244505813,-0.2613714035851392,,-0.3530973709910054,0.25908985081991404,-0.03245949407568164,3.289642534210258,,,-0.14610367360000165,1.1431903044489318,-0.6390438310735093,0.021041290112545394,,-0.30165958884864835,1.2777043203412821,0.14858421696846888
2022-07-29,1.4746340726716909,-0.04119823748241684,,,0.16958448522549624,-0.21824382093591377,-0.06808401079548516,-0.22544845891052726,0.24479106272191842,-0.3674549179243039,0.8000119872847659,1.7484462551329418,,-0.04025481028493763,0.19659892681815894,0.1371884945517578,0.005428835501019149,,-0.00734205869841254,-1.0795319276194728,-0.37861045942062277,-1.0647891027283407,,-0.08853953979001684,-0.0953720697430897,,-0.025585774666568195,0.014029754064756575,0.022087435216727107,-1.8372948795442965,,,0.4326308372626594,0.02099140736032326,-0.8906617468201642,0.10890869313469258,,-0.42048286037899785,0.514746479648712,0.18276871664778113
2022-08-05,-3.213175243241156,0.0046108349331436815,,,-0.12745928269849746,0.28328989626266055,0.04374535002103643,-0.021990468209423242,0.07369761163553303,-0.5753794800964557,0.7320887416297607,0.07488732612953242,,-0.7551367643762159,0.001395795610084502,0.38718987044749453,0.03594086420851954,,0.014735806298760019,-0.1650015659336975,2.3872210355840315,-0.25043115744568056,,-6.20822407222426,-0.10873761345842471,,-0.10975587495391563,-0.054317832176629485,-0.05372814890817737,-0.05557146619049051,,,0.20010249516543832,0.07938219532771529,0.09398897575180801,-0.11588779493924,,2.448644135538155,0.5103221365096235,0.1342461037478556
2022-08-12,1.0470310290242222,0.018395124566304127,,,-0.46614948889114366,-0.1802821552212994,-2.8261265817946883,0.11489290194551446,0.559689169524412,0.07248866505161793,0.4331577952204775,0.6940136856174459,,-0.021301388927913743,-0.07696504958008066,0.19048927995976628,0.007568314283044222,,0.00018358388481591817,0.0026022629012858083,-3.7228905257275926,0.07572149283069257,,-0.6967748878819071,0.5690281235379998,,-0.03368050663121226,0.6495394834759198,0.020613383828873993,-3.721938262544697,,,-2.084289893064741,0.5586015560779599,3.5595378252739263,2.761312180945257,,0.1225922675683066,0.3550824065750276,2.4509599584212514
2022-08-19,-2.3007234968435997,0.05851767580092464,,,-2.2217976267146153,-0.5446217541507289,1.228663055623484,0.00906939251613268,14.874669978150608,2.3276140245913015,-0.29447171391863586,-4.087303086337605,,-0.029152425583139904,-0.8222311816279183,0.06639830291818291,0.02682238711719404,,-0.023757750030713037,-0.10424608351435918,-0.8724309756098785,1.200929033025693,,-1.668107318475983,-0.19701928158306378,,-0.171412593199869,0.31031135782204333,-0.006407158323883905,-2.3751709079635113,,,1.0624835011413858,5.669680074367302,0.7723248046820128,-0.4108515779090174,,0.01661477656506676,0.15461136398209085,-0.7763558136048591
2022-08-26,5.787688051663385,0.010201159568347825,,,-0.6756784647931764,3.5624169946693227,-0.2342775632559237,-0.011912703203073513,0.652928985451685,0.08260813155808175,-0.06710452415327618,2.0900251858335923,,0.15075847276470283,0.06914874659765208,0.09600687981735458,0.014648755769325988,,-0.03103249729813981,-0.17918162895109382,0.6279814689906262,1.2599843464181526,,-0.568996972092372,-0.09117389779821339,,-1.0645327317375644,1.507900113242684,-0.3759551502393871,-1.9141276185667997,,,-2.9628673181165857,-0.10608501837523626,-0.07153686209346147,0.039800050771950785,,-3.1442321697931734,-0.12640034082229482,-3.3054167817436357
2022-09-02,3.3202088523337427,-0.008569342845404088,,,-1.0631825581144483,0.30041712575835045,-0.3541582086241503,0.0243452405564933,0.39453498817351607,5.61139922893912,-0.022006391457623557,0.7979584568952724,,-0.3334218420586451,-0.5163707347106143,0.11605113350543428,0.02499304355813417,,0.005151112443835159,,-2.5040572050784116,-0.4717885406143311,,-0.4091186863642411,-2.4106063756883724,,-0.001346696922400996,-0.07992138269251493,0.002200400786819448,1.366440042467193,,,-1.353224056423039,1.4661193470518092,-2.9621674129606586,-3.8092209666739008,,-0.04139014072497466,-3.7323498675394426,2.2003854918788495
2022-09-09,-9.768075568721155,0.0204747031619313,-0.4336734444456647,,-0.0835603130155761,-0.44667734662552655,0.5226415644775444,-0.07891157734265725,1.250579826878612,-0.4159802858038627,-4.559990957381902,1.7556750721021612,,0.017187030401540643,-1.7141029223848225,-0.0019800497802334865,0.003554533322246422,,0.0008459021840364244,,-1.0110595308603487,1.7279525374514288,,-0.03219716700992253,-0.1279487445205285,,0.14869829367951337,-1.8453294474747697,41.65397461588486,-4.495752784030907,,,15.868031684743857,0.7185950857527917,-0.00018392018701878041,-0.03673381348886186,,2.1488751771322985,1.6898150818981403,0.28346028479165003
2022-09-16,0.17661149849327523,-0.0020443566039932415,1.0244606209172595,,1.8187283602270745,0.14210113435852834,0.2465579030147067,0.06753244956339918,0.21873687828729918,-0.0747068295718715,1.0491510622921378,0.21714492331460106,,-0.007820625955716398,-0.3368929655820009,-0.09106836445362129,0.06913835988288919,,1.8465457003974906e-05,,3.5738157101196326,0.18341533776569638,,-0.045174500654058834,1.5715399443840605,,-1.5632715042772418,-0.3264924206469388,-0.10734058530235464,-1.624770209497806,,,-9.336196077009156,-0.11925022537622605,-0.04324647283446925,-0.9706832186621299,,0.04725094585960801,1.9536711865396263,-0.36155251261665633
2022-09-23,0.3875635795459602,2.5434074779651565,-0.10862255758237452,,-0.3532828488127766,0.013484943354204203,0.021022020509778982,0.4965255079552197,2.9054090658837914,-0.7841894038930319,0.07516246706206822,-3.2158325373214063,,0.8220129803644771,-0.017938090136931026,0.003265117930627173,-0.050341404082025074,,-0.014765840808289502,,4.779594883815647,0.4134071211303389,,-0.11934386315684375,-1.0143115442238153,,-1.5628715070415713,1.0802357173587234,-0.018410654012282743,2.549364533388272,,,-6.18059451243129,0.22000434945636943,-0.10273227620779711,0.13195682322451485,,-0.15629062178223152,-0.15107745235005587,0.6376169472309087
2022-09-30,0.17814164493255377,0.014937366678376699,0.11098802645021039,,-0.12926794871369937,0.2357294683443268,-0.007388645454262288,-0.1728607454054215,0.7289391401545632,-0.9097317740785831,1.165294555542077,1.6674670762324704,,-0.057750600698710214,-0.42876152955103525,-0.003825189840359766,0.01234502355220676,,-0.05758487742807067,,-0.40558146738653994,2.4969950960834426,,-1.081928896465845,-0.003127396640150812,,-0.8744531040356175,-0.6951231611375303,-0.07801549823349971,-2.6241194217376185,,,0.7407961201085096,-1.8096673986066512,0.8722088480733704,0.4114428497259506,,0.37967392562990687,-0.33126972319933407,0.08104102399627554
2022-10-14,1.0233434149851723,0.023351729985878197,0.028164031281496152,,0.774227949844038,-0.2080830729159398,0.05745856575811535,-0.7998159480779221,-0.7976115956340208,-0.5620162700630804,-0.14452667007563674,5.672116786611453,,-0.01755495012747026,1.1011289517343887,-0.008980209739500963,-0.02729624970843593,,0.04692285114106488,,-0.16018892880934862,0.13884353665216045,,0.20114882865141243,-2.696266174186494,,-0.03215862943716775,0.9743949264737664,-0.0015366728796719553,-2.307970942727311,,,-7.49934542548069,0.5193170187565224,-0.4221876432881838,-0.10238371345928084,,-0.789761515511567,-3.9544759920151518,-0.374533394394706
2022-10-21,0.745685524573521,0.028169508671308897,3.226983588066635,,0.13815770074879227,0.4531243340234076,-0.30339886476451666,-0.6301359448909397,-0.36298627319781385,3.892190379751521,0.663965027299621,-1.1367412271955923,,-0.030591800308601057,0.05130673452310508,0.07752939690605613,-0.05104433957434043,,-0.007355457897554628,-0.05136185227024572,-2.277167872354006,0.016185024910593725,0.03247458574943606,-0.027052661578144205,-0.09905950971992299,,-0.1233402488717611,1.0857829121745255,-0.21134388083302424,2.4152168848529025,,,0.026746103090060286,1.1420082225554975,-0.37377032162875795,0.13596797340322436,,-0.8280684416022576,1.2875722159383824,-1.2482092426605464
2022-10-28,-6.280133400863057,0.0045576095896779825,-0.15994121883555068,,-0.04912286833185335,0.8673540624307027,0.1764486274758712,0.031335424904881636,-1.15129079906474,-0.18277145644609255,0.5872818736470296,-0.9006327533855986,,0.2259701097416667,0.1829239072554076,-0.09523763296134746,0.015537799001953602,,-0.014166937904544987,0.22706223850649673,1.8087226221197186,-0.10075935309861477,0.05997259123680786,-0.6214752483758101,-0.3298505211107121,,0.13924396618620333,-0.5935095913490268,0.010561627960893015,-0.5634963271714201,,,-2.0924510350242893,0.11208855158001817,0.3352371449956325,1.1715992427579411,,-1.0811109767388754,1.4677238552997338,1.8805205169885446
2022-11-04,5.149919404820097,-0.0398561665655458,-0.06315364019968901,,-0.034602737162710714,-0.027793391071975874,-1.0140282299278747,0.08574100631288892,2.8433687120438496,-0.040006297380475335,1.7192595526052386,-0.3017319271370374,,0.11279668294543205,0.10203015366503856,-0.01255266890007359,0.12278525557251549,,0.00018403893339729812,-0.002424330108074784,-2.5608081533790075,-0.24055405635366298,0.0037920042255919066,0.44813696510737044,-0.23302422357793334,,-0.05968232490527493,-3.7719899818078364,-0.21704670597209125,2.815774013698419,,,0.17318848611779972,3.1302262563313374,1.056135178608224,-1.1050637822484883,,10.928083392842538,-3.676551418309401,0.9486175993717787
2022-11-11,0.3701321384779683,-0.002990729230801307,-0.3542844528970378,,0.17063112591581614,-0.5120090645821656,0.1524498293645064,0.3194297177058379,0.5254277069296505,0.23846333516449011,-6.572698065471693,0.3240862047414294,,-0.03280463004796706,-0.017739058033534642,0.08930320517469789,0.006784278324875795,,0.0001008492430152131,-0.033157582319272176,1.2265767026906105,-4.309750376578049,0.09977641153286756,-0.7368524039762941,-0.5278737634854519,,-0.05939570810815123,-0.019140002171084913,-0.016946097335968323,-1.6981483235009602,,,0.151862196117103,1.799458662329095,-0.7451479832274777,-0.15166616862259005,,-0.2544624084234549,-0.8566828158557116,1.2087375495600137
2022-11-18,0.07757037930152592,-0.0028452318577512777,-0.014979791636789154,,0.09097408480200839,1.1445710440487842,-0.005060719149283584,0.1442733716905248,-2.3071481924832855,-0.007949560877498422,0.9574352759606032,-0.7964149317211286,,0.16305456842012434,0.827763289157115,0.1605334225778009,0.013937957677365343,,0.00020045194187315272,0.008851270115348383,-1.4856657108789573,-0.06093579176993368,0.09890433206438709,-0.1298039923562879,-0.3504491878275458,,0.06613027018392358,0.2277982084963718,0.04515491550571056,-0.5969104779938473,,,2.4112288597389098,0.23687509608315072,-9.255084999356733,0.29117040730750043,,0.13955916788597086,9.106628387083573,-0.3472452416676592
2022-11-25,0.33159590689038454,0.02293857428573568,0.44065432229302676,,1.5313071055395577,-0.41800504842723557,0.07543350106762321,0.18195955965760374,0.3564983051178049,-0.7686815968180404,0.8979081462536093,-1.2722284614053687,,-0.05933594469600415,-0.7163135884177133,0.05356916546248146,0.5437646647745492,,0.00010678974374987036,0.46671318341770424,0.10507577329158578,0.010871386660928031,-0.0039834803526819255,0.28479762388760305,-0.265239016624771,,-0.009975538819434885,1.6929902144831455,-0.02953529860084389,0.9015092895452119,,,1.2809874487904338,-0.052500525262971456,-1.9772127146288379,0.29406084299311736,,0.019215464535966845,1.2720365987245332,-0.4077746504708681
2022-12-02,-0.7977442838564835,0.0016694526405375215,0.040909791097874584,,0.5805583564335842,0.7474654152535973,0.13209010476487384,0.43060247957452213,9.821232975322607,1.5731747940342418,5.010567551952981,0.6045251771308633,,-0.10678745049510108,-0.020181435619813056,-0.01338336986943002,0.11176064916787963,,0.00011901972845054765,-0.3434568420886338,0.30764025494407593,1.0001126853075872,0.004365783267613939,5.012874078437047,-0.1547551734429678,,-0.9159524616580625,0.28635374357063664,0.029215582915157787,-2.12438125370254,,,1.546912216846747,-0.1830799291206081,-0.9902795967535966,-0.04265251692565608,,-0.3928928805533153,2.0208938982824267,5.344515776850934
2022-12-09,3.0770527204329197,0.02874246199724917,0.08878933609452028,,0.14053790736303953,0.09448009927135231,1.3173774914218284,0.05694985350902873,-0.8725334218926166,-0.6868392506424627,-2.7169622324971416,-2.1246786738064247,,-1.0378265485389018,-0.647339647318,-0.01338158556768358,-0.2196589782428086,,-0.1869043978947253,2.43552671240174,-0.9006625043394498,0.45116577334071367,0.0006946630010790922,-0.39173778467336584,1.8243645982113856,,-2.6028348432111112,0.9703881345725685,-0.12081597509128622,-0.5745937676430495,,,0.36835598587682883,-0.7415962169636338,-1.2129380176359577,-0.1631153253310535,,0.5522519712992691,1.8849332348621486,-0.06675733323085817
2022-12-16,1.0297109304716872,-1.815109718961546,-0.04884077176619579,,1.324197085174386,0.13364643365764542,-1.5204647083411367,1.5976655140988567,8.754070014498765,-1.2985773464051173,4.387838578176368,0.37729470007699506,,-0.12818719318623334,-0.5809998837951803,-0.0010874074041515005,0.040673104099132946,,-0.008409024113083216,0.05684308756097161,0.6100222711128328,-0.7812581200549159,0.004548974185338352,3.172876646870797,-0.6410070124954624,,-3.0170519942785434,0.21679352746444358,-0.2918720171891292,-0.7508683434673771,,,0.8147568135621739,-5.529043865187053,1.0757809117804367,0.7209338114503325,,0.7591234921285654,0.18827812222969137,-0.03272676124311951
2022-12-23,3.557607365420526,0.0007366637328400937,0.7031109365037734,,0.004154044913819167,-0.8096593913356719,0.08873333736889646,0.11880695906915202,0.2744224596747824,0.011847764081589595,0.019811036872100174,-0.22728363065222315,,-0.13661983893468907,-0.005904973805759595,-0.029879478914412387,0.040094679144494424,,-0.005610034880169045,-0.020058801525344176,0.2620136760130616,-0.11426950074182429,0.006557591331789783,-0.027368584458504874,3.0703929979549605,,-0.3683832026137361,-0.042733521357508755,-0.07723003512410201,0.3996367029153397,,,2.592700319781127,-0.6344594879095393,11.4704660973791,-2.023600981227635,,-0.033950092932014876,-1.5609161613750113,0.16613874500452425
2022-12-31,-1.099347524303949,0.007582065877471705,0.12020565067001843,,-1.7683332834211702,-0.07323679992334965,-0.18162721818640093,0.02814568169719313,0.5174765806126004,0.515544396798066,-0.0305877773927114,-0.37674702243135144,,-0.04978271840266604,0.06458399207748511,0.01391047671712246,0.06977648719319762,,0.02838634180099209,-0.01566732186434065,-1.578660395371175,-0.2644790308932616,0.057677968608924435,0.6619592126022565,-0.10454390711013929,,-0.3323416380421921,1.2365899039870745,-0.004377622828262017,-5.691345612301234,,,0.16788530390219591,0.15532640064871162,-0.06463688264961191,0.07092359730580078,,0.08022964401912505,0.8363932899385554,1.0875228005728064
2023-01-06,-3.861107113084665,0.012477238420972876,-0.4245067803291516,,1.740689670543787,1.4500957765287226,0.14688189463926904,1.8600724336291075,2.606183845899829,-0.05342284903824553,0.9666835460047338,0.10912385157035429,,0.15941699598125203,0.1089702592451674,0.0009338621947904049,0.037207176922037774,,-0.020411146999542676,-1.2926217177415604,-1.2347304688970762,-0.1916316721566678,3.3116751650030523,-0.28658515340509083,-0.16484224556738172,,-0.043200220722154,-0.023849065194290146,-0.07933442522378605,0.8022023833304911,,,-12.389194069399492,-0.6165828723769958,-0.12367454166362553,-0.43130244416257835,,-0.37622549490518187,0.3956211520170168,0.6833150804304707
2023-01-13,-0.7058916163541155,-0.0051257835429045166,-0.022892223560515845,,-0.26463307398538816,0.025305655608753995,-0.014661092814270919,-1.9925757668754267,-0.05201000441752783,0.2797425057177763,-0.27661829538095245,-0.037823512010510506,,0.0017268255147498603,-0.39045615509592313,-0.00411886960771342,0.011424494174902027,,5.9468945770160234e-05,-0.02125582285734686,0.5290179218172617,0.08230668471346618,-0.016779637475642158,-0.5998185287810502,0.19971244736263868,,-0.05366265005339948,-0.02129333706753493,0.0076934875453850944,-8.993523431716207,,,0.5430132297753145,0.6926320041421895,-0.07770632695200179,-0.02633223403057503,,0.0985956525314327,0.6348955455998854,0.16358382517348458
2023-01-20,1.2450513753221888,0.19852369016170168,-0.7547817860282385,,-0.03160770259821227,-0.04126391901213416,0.03182530698537938,0.046192660424078484,-0.10131972814524223,-1.7366283265723768,0.31476391044599816,2.0784003750542532,,0.0074704614440779735,-0.033834382922769406,0.0045349127126017375,0.028040909117161568,,4.134430653861276e-05,-0.046158927133037174,-1.4045743083039657,-0.5688986479343713,0.05062073061177011,0.134738771735197,-0.24731175650682016,,-0.175385744848977,0.0902001427134505,-0.9007062990684096,0.12080305612987383,,,1.3043946015249033,-0.2089059535097496,-0.14552902202405116,0.12832476430398648,,0.42385050218864995,-0.33829227029926223,0.4513871642037252
2023-02-03,2.102344571240276,0.07533393358121485,0.14612629767379057,,-1.0415308462204482,0.9996558459398666,0.035637308865402964,-0.43983499976123913,0.7071669946550351,0.35946666094711266,-3.846984757843442,0.16482487391633702,,0.037708653835328024,0.13987133149355027,-0.0447654259800588,0.011175885384082335,,2.9004073248471964e-05,-0.2097018697851858,-4.066162171142498,-0.050539545075352785,0.22752034929508502,1.721227872017417,-6.241521192864763,,-0.28724832726093197,-0.18716651162564107,-0.05304000785213698,-1.5310784462071894,,,1.0379609070618974,-0.3290175578620399,-0.15674970656108023,0.8414905268236803,,-0.07467306968922875,0.5861352204745157,-0.09542880326579467
2023-02-10,2.11057655009594,0.0008779286175909233,0.03297201474419416,,-2.8213248698978615,0.040723646421402776,0.28405505279607346,0.3569309225568532,0.1798107899206554,0.6333556272547383,-0.18848751704007183,1.3952874537648425,,-2.999792728999299,0.08801721431053032,-0.05556388418843666,0.020075698837431637,,0.005517488974589201,-0.022541794419727496,-2.922857154835683,-0.40199843848514705,0.022573294672214868,0.08829405801965785,0.9925278048714601,,-1.0279971944065345,4.183526801630423,-0.05012407746437923,-2.457395285294836,,,0.8068854605731031,0.2138577106925089,0.15775394726383118,0.0010375902841834247,,0.5026819971639538,7.940938563339262,-0.07862831076497254
2023-02-17,-0.21154606212737986,-0.06246785720846962,0.003265433819614111,-0.1556814644083908,1.143951809412139,-1.5818682825861607,-0.628832778008799,0.31141203184019606,2.910633760614509,0.5167287570032134,0.23095369348956007,0.4704228640998982,,-1.0917373565398993,-0.4065921541384979,-0.02584094123364774,-0.038260930867808206,,0.00455383955157307,-0.014653113165880484,8.971384638452617,4.4675360379089275,0.01674010827690481,0.16380075591627996,-0.48944580931569737,,0.41485373136248554,-0.10830192870151212,-0.11833241963716067,-0.2145196297699281,,,-2.2541745597021623,-1.8065310184944994,-0.49235847730763216,-1.130850343008355,,-0.910755412956334,0.4281885203361272,0.7375982164705707
2023-02-24,0.10789590850430922,-0.025890492420241988,0.2854720779661021,0.16847898626876773,-0.250036579287931,0.42759498052540323,0.30925125119315117,-0.17807124805139646,0.6303767904962171,0.16095949559726086,2.8315756939695254,-2.3691697450090654,,-0.29537842830815847,0.06680306380122349,0.21234975816300883,0.004919553689687572,,-0.012334619981173007,-0.14334002897160109,0.5175573877178468,-0.4256448990589349,0.28213521484816334,-0.13176057998999313,-1.2696981354241963,,-0.40589314580139174,1.3746195707292965,-0.06339494640615086,0.94306576095889,,,2.513633584152294,-2.9804773877166864,-8.098789505044769,0.22513524144883967,,0.4866801494714488,9.290310251894647,0.17967885907432615
2023-03-03,-5.286419445123624,0.0030456952649680234,-0.10194076554046472,0.7335343705298483,-0.04461069646279463,-0.7018509956380413,0.4406576471977028,0.1656215293029341,0.4602570103980659,-1.2176006979254337,0.49843358617301414,0.15787068714586489,,0.01241722846644798,-0.15442643468294837,-0.12834714301663103,0.012776277300421742,,-0.00396088439824847,-0.295040635662038,0.4303211589357979,-0.04728612055512932,6.52713647018029,-0.2799401342763555,-1.2290122340760934,,-0.08504401974952823,-1.2108602544896956,-0.04000219702230537,8.372060866153133,,,0.981854026030573,-0.3622164521725311,0.1873366179391789,-0.16373768681090276,,1.429594170869933,0.2684589677220041,-1.4978905425986508
2023-03-10,1.3563254552180612,-0.003233880242213733,-0.07071230144767901,0.01713031627030336,0.2729933936899428,0.003871895734837128,-0.33221466437149805,-0.044121184500306186,2.4121006838187347,1.7034394707826244,0.1011559809028659,1.1703475113430415,,-0.0013297957264992583,0.0062403247434200705,-0.043007729122889714,-2.742062336977769,,-0.00603230620294719,-0.01675572315081896,1.012595950131053,-0.9139678536898379,0.5743526433576278,3.0670115215303153,0.1418696408744648,,0.06505546125909302,-0.9056850274088551,-0.15034743575544848,0.32081839805784407,,,0.5524159855934052,-0.09035226837909294,0.03697649695171004,0.2666537656780345,,0.4296446912467583,-0.13434073652845255,-0.07489439421951394
2023-03-17,-1.3148681191081038,0.030287681687090905,-0.1741319002681166,0.27966947482509597,0.6009612602116248,0.18831751056290846,-0.679535592557202,-0.028706104990854853,0.4649078303304188,-1.4893946008730563,0.9867820192454133,-1.5556757638000946,,0.5167689262895524,3.345499434253292,-0.06145981091191679,0.00397860038942236,,-0.01769107696706134,-0.6196960869912224,-4.567185323306554,-0.15756103300718632,0.003930201273339303,-0.9064982693257803,0.22270884227523957,,-0.041154521619359244,-0.6959916551918197,-0.14464101501605367,2.452645372984216,,,0.8098327240751699,-1.9125770184998176,-0.008729999023152982,0.00828706512018327,,-0.031494520481353316,0.655548109244101,-0.38091471497940316
2023-03-24,1.8448908992402566,-0.006869337611433546,-0.1922151639807863,-0.07095859676855176,-0.39131835483934374,-0.23991719193780559,0.10095954036932778,-0.017250545192377995,2.1196985851048913,0.048735393644584374,0.9322465648566606,2.857232055206177,,-0.06694268265556147,-0.06732340978367103,-0.01359501299179194,0.007044173771747339,,0.0070416686421682344,-0.2959710534302042,-6.6413338340633885,5.302913288654589,0.0608980615922531,-0.7244094230921102,1.546833932743101,,3.0323566080166007,0.7858475567290532,0.025032161675491646,-4.26254585867167,,,0.27245947898916967,-0.17540152047436014,0.01719240071091865,-0.05583596410944186,,-0.24760286006787047,-2.4311484140862083,-0.058823571472114915
2023-03-31,1.1934387189828841,0.002531360189611934,-1.220896794080174,0.10242257911356298,0.01740224590943882,4.182958194497133,-0.16619065130698873,0.04363392332154177,0.4184974581276316,-2.8361050659995772,0.49223859255054736,-3.4261086022611145,,-0.004605490376037899,-0.002373680708594057,-0.05393738426284295,,,-0.004641466030530895,,0.9679601942610104,-1.5231255016335334,-0.03641258524150491,-0.04437384863933352,0.3985205138713188,,-0.1857863254961162,0.2943197018772452,-0.0015286164976313701,-1.4892308961993928,,,-0.8223330861690723,-0.4265028018789065,-0.15035269766647383,-0.04907000399979249,,0.006357508880842785,3.272234690049513,-0.12287738852600355
2023-04-07,-2.8205537085082866,0.008226095980028393,-0.08850923455764866,0.03267565905657802,0.13614104697154683,-0.0698750621509426,-0.1448645766559604,0.052137649951908754,2.877667959419776,0.0016118422853860735,-5.187594914936291,0.8016800732670745,,0.2927644705882443,1.208156816951137,0.1287108694030209,,,0.43087631095242285,,-1.3291398825283323,3.388603301897851,0.06320863985473138,0.5547747750705365,-0.11097468597849601,,-0.11677478519047463,5.515010041826342,-0.007977655214546908,2.959026496137523,,,0.3751374939463624,1.904623921711118,-0.09518933139301164,0.33128812295422916,,0.6814113454532639,1.2780949198150302,0.6756887413130879
2023-04-14,5.387920247998462,0.019787225445553648,0.4585471473252643,-0.20471370835532496,0.04946789256662091,-0.36563707780680976,1.1328611454421103,-0.017747915972239438,2.4380888064246826,-2.431308071575366,-8.542632487203996,0.31060975601472546,,1.150617497383593,-0.009090488418942054,0.0772574826865677,,,-0.009160893677767037,,0.01863525829160326,0.19465479194728547,0.00781846764775893,-0.014210632052697642,0.04834554811989422,,-0.3961615877471742,0.7385081518097457,-0.01732668259941378,-3.8706448822220905,,,-3.583638654846328,2.688703647330939,-0.09770355219359528,-0.1752514475627375,,1.3306042796617352,1.871214793912975,-0.5675092810155347
2023-04-21,0.6346543138978307,0.004924412236540544,-3.5528489565956,-0.020512693216981633,-1.1493792919248893,2.557494091352403,1.8032413677795038,-0.06666123286157252,0.050807716597155855,-0.008097128733212236,0.3484779408368858,-0.10099555605138777,,-0.27286414981298635,-0.6634467740140256,0.019207428006951615,,,-0.010708623832175608,,-6.049498143346563,-0.7565571754463605,0.30216346618347883,0.08898645992626115,0.24767047799357733,,-0.010279887127612585,0.9803289985416541,-0.1043296937942923,-0.3597814544423434,,,1.0019610847129334,0.21400547491250355,-0.17593803239143557,-0.05111065169175405,,-0.1582316886816117,0.16664882188063868,-1.5311979568368372
2023-04-28,-2.114165020126695,-0.011673030443694105,-0.8465490551077695,0.05056231584298308,0.5585131360035867,-0.32347792475742887,0.3146571345971381,0.02652203438214567,-0.9783744058887802,0.27950158773079703,0.49921985064340574,0.019329507914145463,,-0.11640965173395333,0.18135647410561062,-0.02058357022869015,,,0.002332323499896043,,-1.7750577996088457,-1.6901654454372088,0.03136798985457866,-0.2173928222635067,0.025752695160273394,,-0.36388300212734986,0.9627933705455053,-0.038697504827539315,3.2393650946351493,,,0.5824236127109413,0.2636164983619576,3.6138630368780977,0.42258634565405373,,0.03454716030688939,2.8312365045432806,-1.7396660073618204
2023-05-05,-1.0858718406389736,-0.6594171728714128,2.7025509214981036,0.14502922873103868,-0.6507316123904415,1.4506347490069096,0.7638241276451704,-0.08477217399564577,0.7055098124945579,-1.0347363840143076,0.46171630886513576,-1.6453142179860527,,-0.18788013382505478,1.0083347633089716,-0.019393595321415717,,,0.0789160032150951,,2.779576263284706,0.3139897425448571,-0.023382566835720497,0.864994462007493,-0.694707559439437,,-0.01336194681237328,-0.03364949576308314,0.08318854349421365,-2.4212002294772867,,,3.8217588961078675,-4.000952850643222,0.025734306121976983,0.0010502268705234888,,0.4099879270732263,0.2404658172020987,0.17135777382087694
2023-05-12,3.178951405831046,0.007781138081353518,-0.022984681924180704,0.11854777542851459,-0.054258171827587215,1.9469499796912626,0.014841804564397494,-0.11140510631336753,-0.25884641566153976,-0.36488405119387946,0.13200376632422978,0.8091036715211837,,-0.15688853609851766,-0.021293069507831434,-0.018756849250428805,,,0.01713257566284275,,0.6791413108146859,-0.109802901252856,-0.1406739841026288,-0.06769993838310191,0.25707717753131554,,-0.10174791118249825,0.13095780990983982,-0.01307036309674341,-2.438565930999324,,,0.697309635338701,-0.4260684915625462,-0.1073041923956379,0.4927866386479932,,0.04659748063303695,-0.9240004401069213,0.0632674266714089
2023-05-19,0.6565759431580065,0.000992683532734678,-0.07369529825964483,-0.005225774805323226,0.7902573711301738,2.659511402154745,-3.3577088881088697,0.7053194261287187,-0.18399962514485546,1.615394696384729,1.072151689242228,0.06854384485672425,,0.01751884376740391,-7.4826352501391495,-0.022396176144779525,,,0.04768801279177111,,2.037149756807687,-0.9200144168774065,0.04535057808905963,0.02820691169954047,0.223278191254746,,-3.0150098328136767,-0.12695381784747872,0.3509779870029724,1.6544243465514434,,,2.668693206557326,-0.20273524519584515,1.1561799498646796,0.007496449686639291,,3.336003205641282,1.0092204848034212,0.8143861195843297
2023-05-26,-0.32651196237019026,-0.003173046070188784,-0.40620235810220634,0.7375883978629407,-0.06251264242851368,-0.019765556199815792,0.013478136454485007,0.36737812943672565,-2.052089966354854,3.395622880854408,-0.4231034721505292,-0.7484711882130852,,-0.00010914267313571341,-0.010757819417906237,-0.025224444941428174,,,8.871825051774121e-05,,7.904881912600328,1.0479124375854654,0.06794339230577719,-0.41720696675927293,-4.736057316958977,,-0.15588164116668096,1.8581202321464412,0.049036865651651045,-0.42404730640299476,,,-12.48546973827573,-1.1236573777038883,0.035224344142482364,0.016618054925141134,,-12.483270939625683,0.09140402688938762,-1.6230793854277727
2023-06-02,0.5532229190101088,0.015038607247278412,-0.7031817918927201,-0.040213068645684025,0.4652451115442429,1.0558596174623998,-0.08882304664677769,0.04625728404756919,3.800955934689277,-0.5282578667978647,0.6628054014805931,0.5352007594034393,,0.022438492314228568,-0.033061524606218355,0.02857720310375263,,,0.0005935417017759529,,-0.9367604732855986,-0.020714482168817078,0.004699622144310001,-0.17166674055623968,1.3343878759023158,,-0.2819686633291496,4.032555739024269,0.015161638855023217,3.639681254193461,,,-0.10985269831334316,-0.816923130098696,0.030964635587294165,0.09521010952675386,,0.13496595734345987,0.052140673830033644,5.8447114251014325
2023-06-09,-0.8066812768640381,-0.008707024176689206,-0.02025460263337052,0.07812363852516555,-0.09414519516431305,1.825411361094241,0.37511589246543875,0.05361549159925825,-1.4863966988083706,2.9923464579707435,-1.3702823510648328,0.2467353200582251,,-0.02339903003942522,-0.02122703965879821,0.012036897431483562,,,-0.007790682727835369,,0.1432458421519578,0.9808961891040938,0.018750627147892093,0.22807385001185299,0.07753170045940068,,-0.7262261539983708,-1.9337457917315664,-0.1273234610653538,-1.4995334068735018,,,-2.909748752165208,0.3602486512353347,2.3266796506519833,0.059550358416258824,,0.09372884004308103,0.02141534033642665,-1.7840674066829894
2023-06-16,0.6701718680115684,0.009592995475496349,1.0111274988356527,0.22246168613592238,-9.002655498839964,0.921110429257067,-0.4059537194583354,-0.10958395998645394,3.5311626595522583,-0.9755510627696108,-1.127659192253467,0.24554604662152696,,1.3023388393572783,0.41577930334738317,-0.02310892254973084,,,0.006668684412671267,,4.6846778476636395,-0.04266940162001305,-0.008116132260437376,0.06938732830727146,0.22960263836874933,,-0.19986970880978455,-0.3535337422751804,-0.21145975522414395,-0.13938682237840838,0.022233619025352796,,-1.4820161967925238,0.4980447476141311,-0.07321066061201614,-2.2497296814655003,,4.120810103695897,-4.550103964177397,0.07468270341858967
2023-06-21,-0.5634849417297243,0.018154525171104288,0.05617406310488252,0.109180210935047,5.214065564679878,-0.1853095917725394,-0.7876855666044068,0.0044015014402428885,0.02163424400156726,0.01865141146828233,0.10156382116526994,-3.2083256075968976,,0.0032402801074023387,-0.013935276473436259,0.03664451349692625,,,0.00020466465689489099,,-0.5670384661826328,-0.3659310474933311,-0.03229046457480574,0.4340779378598521,0.24916049440083526,,1.4936246822684254,-0.17930261423326826,-3.3043261100372097,-0.13835107576597833,0.09749640254515782,,0.1222166126145034,-0.21744978925501293,0.19181954713257862,0.027489949309874383,,0.8540402263135711,0.5649733176343925,-0.08203137170554993
2023-06-30,1.261106812224667,0.005222913201228379,0.09705760138990907,-0.03132883893201781,-1.8079690848640682,-2.6283700903083598,0.3597672608727181,0.006147809664184836,-0.12900107506795563,0.6576118743571294,1.4924722202907679,1.2231676135376088,,-0.006059089954277449,0.7011858770545945,0.44435711098812714,,,0.00015252339432877875,,-5.026629752762217,0.4344051647705459,0.006891477223036357,-0.07882266741675387,-0.1125608746324972,,-0.5236856050169063,-0.7273691674069374,0.7956243802391247,-0.5969778597474638,-0.013954782851653535,,7.74807674542267,-0.6888741392407948,-0.2531537218565477,0.7431891879073791,,0.46973017633347597,0.5580826204586534,-0.4246656235189344
2023-07-07,-0.89027654611449,0.013370446373607134,-0.07582740533913562,-0.045635627754002525,-0.38475361845453293,1.4044709835062121,0.6142650876125832,0.20359023609076188,0.6969143765796141,-3.3752016171885084,-0.01672008831352329,0.16187849783025374,,0.12073325679292354,0.0005355697535833828,-0.20359711833074884,,,-0.5613549933267418,,-0.07607587336235591,0.17738412546708415,0.01217256358827781,1.905910695124426,-0.1035917132396801,,-0.9674793027500695,2.174382812165547,0.05454024195489027,0.5495361133860912,-0.0011454162332671207,,-1.3344940920635937,-0.22965335896873088,-0.38458009645651553,-0.15294923496568583,,-4.475205700881696,-1.809986781611383,0.34163361889452465
2023-07-14,0.19195572519759235,0.008253104883596245,-0.0519790918230639,0.016658219750954054,-0.3318314554940844,0.10442487096922373,-0.8776032913148633,-0.30152866647108295,-2.041555951446171,0.3397692966465481,-0.5622475687486674,2.408204179442572,,-0.04784980362973714,-0.07486275261618297,-0.0018535104616147788,,,0.16659258588910517,,-0.18827077498725528,2.124272524627677,0.00533374861458691,0.0566204577209353,2.314841566042274,,-0.05780026385545277,-0.35758904082602155,-0.7243592324890346,1.630167621333966,-0.004253223628722287,,0.3838293686875871,-1.240449747321924,-0.2734877557994913,0.23066824911391637,,0.0557476804286394,-2.5834626965815906,-0.31533078999997044
2023-07-21,0.3115127568942067,0.0014167064080909115,-1.116551160728088,0.03192587923044779,-5.365584274366426,-2.0444302306555837,-2.478442005250574,0.02782247553462479,0.7118584442770011,-0.08258255491576992,-1.5493021247573526,1.6946072021293508,,0.06535388690025347,-1.3242627343376678,-0.07846976216325653,,,0.0001516188412645391,,-3.36295818938397,0.7443550888141517,-0.48102019908127924,1.4014013442223592,-0.37788706015355433,,-0.03885031219398051,-0.7683342159110499,0.6516918309810895,0.7354676896985968,-0.011739419041672614,,2.042288149804265,3.931026808058348,-3.6732423985212423,2.5921099992712806,,0.063653940544069,-0.7895865458806685,0.03395654082519467
2023-07-28,-2.0960600546674337,0.03534572759427284,0.11040848978676276,0.0033819978075930127,-0.1996363378110764,-0.028478847100618657,-0.5324098740094869,0.025411822309038518,-3.7084409641584135,0.6782088453729961,-0.012535576129412543,1.2153767140525007,,0.013614369166784449,0.5599781557695179,-0.014753191788159935,,,0.009531849405557779,,-0.11668271558628357,0.5209539314689262,0.04290271783518307,-0.5700539262330249,0.26339536991920676,,-0.0034961329014496015,-1.2511367612046294,-0.2830086235219871,5.465928801157158,-0.0003142570060339121,,3.6222347655689555,0.003875245447817449,0.1495559304953823,0.02071451152231541,,0.30935421776334654,0.27170223827255324,0.2871376918261753
2023-08-04,-100.93580325046422,0.003412572985530727,0.2782234544247744,0.010533756581433976,1.1692685655538928,0.714899952608591,-0.5174601002538461,0.11299517157518997,0.7832190892445924,-0.38256177567013055,-1.5335331461176458,0.6997731172093029,,-0.015528946595243159,-0.479290251023954,0.0038734155498517248,,,0.0004379342402515394,,0.2885821966590471,0.18639763021947484,0.008315796271505789,1.6588731145631148,0.03720749089047266,,3.4242375511834777,0.4262511842463567,1.1554402067884642,0.8348714263356906,-0.0013229679951454183,,-0.5527026498444167,-0.011727914411178653,1.0317127680493352,0.15900028792375537,,0.4917330381469375,-1.4956117390895265,-4.139954076562887
2023-08-11,-2.061384764118758,0.0012748289360522424,-0.03256833710470232,-0.06141771885699961,0.3129974006485324,1.689135619798621,-0.2653303474222134,-0.004113292524912622,-1.8153518777982838,-0.004720261702475304,0.5993958339659836,-1.0733833077881885,,0.0038242290453932293,0.6993851194203938,-0.00925982616694153,,,9.926749081019657e-05,,0.3274893867078589,0.10961558971017288,0.5154313216878155,-0.333049176460675,-0.010261657835412528,,-0.1137936665324262,-1.4483802483384847,4.526440077150129,-1.2218146847035447,-0.0003213487057676626,,2.33693606675515,1.213741181699124,0.11785093010496503,0.06518080558093357,,0.20205107864393163,-1.7881550917657532,0.3330988505154364
2023-08-18,0.46947096647269315,0.041690398398727596,-0.894956332586706,0.030154631035331246,0.041661806613060105,-1.8346853743387268,0.020112900085974342,0.06789227667055962,0.2765205022583654,0.5426585785879738,-0.12360187453566389,1.369705841170956,,0.01020102547627966,-0.07878620359684588,0.046666195081497094,,0.031362091107251654,0.000388749520190555,,-4.921227193005591,0.2894749059828418,-0.030607750860873435,-0.04354549283016257,2.098267977627958,,-0.0671977741021004,4.453877961386709,-0.10971793304117865,-2.9900622106712955,0.010187656744647063,,4.965720895181266,-7.024603458969491,1.0660296268123348,0.688339774744393,,1.069883004697197,0.6503169358094266,-0.20840261085806885
2023-08-25,-0.8295579345030352,0.00046990813189791935,0.07813438327607511,0.9586927779796117,-0.15126296492548982,0.5998748769924889,-0.11580692593386259,1.8864452076183644,-2.093211537779073,-0.4429540156594645,-1.1889619376232927,0.5274080458461516,,0.010369791453967471,-0.055844065956520354,-0.08339591807376132,,-0.013049274814505104,0.0003345050723746202,,-2.2974889262558342,1.0560282004192967,0.2778484495173721,-0.04422831577406247,-0.9291566325535754,,0.021929099940141188,-0.2978985197047171,-0.5119081150243057,0.20804320797923792,-0.00040690932479939165,,0.11917777273451254,-0.6459250880714983,-0.702686065579436,0.03576090121195677,,-0.10123408080132175,-1.0023736730101664,-0.3575151436610809
2023-09-01,5.952924281370927,0.010122187247070494,-0.1576178169612258,-0.3387087733004137,0.014349959110005053,-0.4527217017784628,0.21729731896690946,-0.015263147891150181,1.0041895694973333,-1.4337729978509712,2.701653056324099,0.37275858111425436,,0.007038582364604237,1.5466711980820567,,,-0.00712623912539952,-0.008271672828503444,,-0.1491112318546791,-1.8987501075854185,-0.0014198765480077937,-0.3476207066396393,-0.2707295059449947,,-0.18996898179141208,-0.3223888119176947,1.4176462981359768,3.882277329357107,-0.1258050657412529,,-0.18847812049597604,-0.03829995457553201,0.27453930023575635,-0.282002163036535,,-12.242670647745928,0.2702163045907357,-2.3707720808820243
2023-09-08,0.3023805450729957,0.00214046507335407,-0.13538717488347177,0.0023355023502229302,4.49825692769873,0.2676997330333773,-0.9813737233444477,-0.16766859495533815,-3.101588161650909,-0.288208092385577,-0.05064253579532853,-1.5039371576886982,,-0.007768702857894466,-0.01099877258228024,,,0.011218412526544886,9.870277396740589e-05,,-4.066545962043076,-0.6511380552505202,-0.046810561362562626,-0.04974908890816501,-2.4227149814901283,-0.002007431869637783,0.008629380365353942,0.49085903390979524,0.007194408675414462,-0.4414053421885212,-0.0006334085799335884,,2.380546747595589,-0.2883252150360779,1.0600837737845805,-0.4341457744261179,,0.19345096300545828,-0.03180836133175721,0.3652119592381132
2023-09-15,0.21857233202508047,0.029113648855290504,-0.03980362467827356,0.19233988239791638,-0.7316878239008886,0.5883545851239594,-0.09114904094937717,0.2373569228836995,2.9578730172294594,0.16672277428947901,-5.873661251028574,-0.24510701446648586,,-0.26380814989523466,5.961062909887802,,,-0.055349542920513764,-0.021404110232699565,,0.624300942050148,0.14267395125607285,0.04558758480539377,-0.06631492506095092,-0.01694859725602362,-0.010685826645059486,0.0074932372377239575,1.1794051929666765,0.3982064950501628,-0.36830888912825605,-0.0020951309688119943,,-1.4030278380258825,-1.8535910472369512,0.778658701396549,1.0898607484506788,,-0.034508221006036954,-2.8140346624498584,0.03602854916692618
2023-09-22,-0.8923327347508836,0.3205929109659602,-1.0110379390984103,-0.0714835089040459,0.005441464188955051,2.6658518685180246,-0.09560138299792802,-46.648581707360435,-0.3267851787039017,0.523169846858062,-0.7471180679390232,0.8749829544230109,,0.22017451564007234,0.05240850614815413,,,0.07940537145341628,0.00017818371693826562,,-5.743342905592684,0.47503237799664216,0.02472386970913615,-0.09546617002663332,-0.4603442835502464,0.0044346910026338655,-0.4302831658777933,0.22122438798573052,0.1417484743444443,-0.2957526756448572,0.0018637391627737993,,0.32143212980259367,0.1623838641790643,0.0777436061261597,0.9385177712896579,,-0.45148163369644007,-0.24791516999178898,0.18905310491423488
2023-09-30,-0.3429578794721436,0.0008610666091259605,-0.025948887959882948,0.007180837057358995,-1.0231442007401563,0.4151990763713986,-0.34596466742650006,0.08500101160109001,-0.16286594143083916,0.47771841420554356,-0.06559036750668958,1.5134723066356792,,-0.24878993221343773,-0.4838596810766509,,,0.08784085035708056,0.0005771967031756245,,-0.5796289855836402,0.3711094760001647,0.0003247777334544552,0.07580324762820555,0.03175901959006919,-0.020742059774863666,-0.0029184227454522823,0.4594309437473165,0.24039366337025447,-1.6294133323767959,-0.00020941603497257787,-0.0067041217170173166,-1.7204764822592333,4.177343905728039,0.7807037529594458,0.9233257244550943,,1.3436536682662255,0.9407356198078767,0.5212219484128097
2023-10-13,-1.439867591292364,-0.04201362342284573,0.2631136183886248,-0.02474165116624645,0.12977947983508054,-0.08155863988306661,0.24844681052959552,0.08412551958637252,-0.5657646918202122,-0.33330659719978245,-0.8966849272141053,-0.620391010342395,,0.0200610042664108,0.12269594451830272,,,0.013545484239237862,-0.052599045928140915,,-0.7125691453726061,0.04393852226698575,0.015869999139086318,0.06286459638075782,-0.18027954344853042,0.000733899044641644,-0.0019965440465936042,1.0006643455219777,0.3942923945720789,-0.6290329292827654,-0.009109008425039845,-0.11832069116617333,0.006211095714484232,0.31092554541205597,-7.727947998668391,-1.0105585611545596,,-0.03069224091091216,0.7757688855066673,-0.14311006219671074
2023-10-20,0.3511866291466937,0.004971832912582889,-0.10842919078271673,-0.001113197730391853,-0.025585806698612497,0.6597396802925175,1.0440526960880598,0.13776270335243815,0.588002241530882,0.22071661333943965,-0.07379954806425024,-0.6232593027747491,,-0.6522735665978712,-0.02034500106548636,,0.0053172747379413455,0.021919139330188957,3.875373918082125e-05,,0.2577511403861419,-0.5531346932320844,-0.035351952986853806,0.163040382845212,1.330742286571623,-5.7336426248999484e-05,-0.12611779552101315,-1.404474689192949,-0.37323624293973773,0.9775410571916905,0.012615151470196456,-0.005166256715582384,4.203241675306132,0.5467262160910169,0.09845199913548594,0.5724898283106168,,-0.4697846204711425,0.16760636667812556,2.8550663865961106
2023-10-27,-3.282860938966796,0.04521581736916694,-0.02061622734524264,0.004894121160057082,0.018790404748386554,1.9022978282779974,-0.10563658641966354,0.0072813622997737505,-3.043426027687357,1.0547416022058036,-2.572204502785064,3.8177495079218886,,-0.022214807493609157,-0.12150404779867784,,0.10578385826350764,0.010372540534416368,-0.016486703330674056,,2.211449954701431,2.7509731018386203,2.5532144671058603,-0.2932117725016344,1.4008915785946168,0.0017219877895973382,-0.06738899955340563,0.1519488665270526,0.11808753154985571,2.0216064973872583,-0.068725987460606,-0.03138149626246337,0.522648310544959,-1.414616488198652,-0.9187425675646548,-0.056513808246053426,,-0.17048129265420908,1.7215689003263954,-0.44864974019882964
2023-11-03,0.36293313625268553,0.043149429961610995,-0.02945382950944984,-0.0076690669712144105,0.031546859977734557,-4.451666584642628,0.33827896249130773,5.938226781905727,0.6750030931805888,-0.19331859339526467,-0.14863780984068414,1.3740745431242403,,1.0054644893103246,-0.41291256526444836,,0.0083705154432879,0.021922437010812618,0.07994048126413317,,-0.3372301079899148,-0.01833060965303457,0.004438902343019968,-0.11768104098431097,0.06781963868873533,-0.05934367909686668,0.3821969960948791,0.08072805174808857,-0.12350530933946309,3.722471331437022,0.007864517444656455,-0.00477803907558104,-0.3211161878577148,-1.080787970532944,1.6974235811806122,0.9141045412183418,,0.0013083922187117983,0.6628349657939928,-0.23719161598720273
2023-11-10,0.41183014404844864,-0.022953406619401786,-0.005513528371623486,-0.0009310388193237719,-0.037327998568681894,0.2161437162572361,-0.5778510459850866,0.2448080503141719,1.0254926999342557,-1.3045808848043274,0.44264811682566674,-5.7125018041429145,,-0.027174257985941752,-0.373121513748512,,0.007909850854483081,-0.1740138515100509,-0.00522067998265772,,-2.214590799690573,0.054994177714863465,1.5722570606445598,0.15475687765723178,-3.0147559556694024,-0.0009108128784622934,-0.02385776950393238,5.034213992003457,-6.734270467392941,-0.03263463229422867,-0.0369981396534439,-0.009187377946869357,-1.3078488577305623,0.3135659929442691,0.19018264001049917,-0.07777711784139037,,-4.532739661500479,-0.8189323646529684,-0.0327908030178653
2023-11-17,-1.0606611280714944,0.0012468458877606676,0.025597076985477828,-0.003855293604204226,-0.00987456388499371,0.22495473982946698,0.5507235096977122,0.12145156039934943,0.5987177445883126,-0.8502218443129761,1.1353056959594574,0.985879326612125,,-0.10855104560053731,0.02329359894799276,,0.04179485850913624,0.2711729088420589,-0.005672599830539467,,0.13675299826009732,-6.26598215640974,0.1921082654930707,-0.7293914112436045,-0.030785371664036967,-0.004339540316377603,-0.09064306063929915,6.2358350960612094,-0.07084248891275119,0.11309681068643185,-0.0034960848804646187,-0.07018068366139195,1.9822115816309447,-3.042161451287715,0.9301702049526659,-0.13154345826891478,,-0.29651157937879546,-1.2254812829097204,0.14096394919492936
2023-11-24,0.22012412854714275,0.0010306037227790442,-0.13863586596537028,-0.026110015003075495,-3.46816750269864,0.16329204558543076,-0.10637518833518667,-0.023583864540197397,0.17903690009199177,-1.0263211701490862,0.2943067110800766,-2.7958453266641325,,-0.13916668890490302,0.11150972800752793,,-0.007182774524529433,0.03980086137490201,0.00020152783295068673,,2.8832400996938974,1.5435766847788954,-0.08892722852497759,-0.74415706229886,-1.4848057196494149,-0.0010536949952094444,0.1473986587879933,5.223362602030959,-0.0283626587594749,2.3736078327190824,0.015985921955480955,-0.0050188710676157145,0.5120765859671744,0.27969429039101407,0.3466095442503863,1.3681313044219605,,-0.5504648170594619,1.1225751800066759,-0.010165542695050968
2023-12-01,-3.4776780193530215,0.0018285430130112726,-0.1978803236803043,-0.0017524825136147944,0.006152148941598544,0.10389870192705489,0.0713112701782376,0.6074043419862605,1.0994244769097106,-0.3420217384508296,-1.588115100125465,0.37248181767127586,,-0.0018457716834729757,-0.012578334450723183,,-0.0008695998114508791,-0.0720995912019111,0.00032546063539443235,,-3.9479473722702383,-2.0720823318612918,-0.20898769330646078,-0.37102474577444144,-0.03156769307503348,0.03910621245653054,0.32660781814595047,-0.48561028838471915,0.13783222933199446,0.7603980654366547,0.0021257126399703567,-0.015902248013677452,-0.46687415204758054,0.1864709800691156,0.3118480023555046,-0.04932510845186577,,-0.81799919931828,0.7698823516905275,-0.024664143554727094
2023-12-08,0.45250738561507015,0.0021831867944800683,-0.2288231330043403,-0.008488200609258428,-0.014351936782285598,-0.054479250395862114,0.0813711396855562,0.008410634822301685,-1.6087345336084147,-1.2978882940874579,-3.4853320799334626,-1.2653296586763123,,0.3787767231116398,0.0179058318096152,,0.007324559356769091,2.051894533109771,0.7017437496912071,,-0.07927564452192128,0.2585122659057143,0.07302604081933056,-0.29292861996088726,0.04114202216277181,-0.0003901844207035347,-0.4937311910882117,0.8500544849910161,-0.6178971078315165,-0.9511665783089239,0.00035022736756026076,-0.18498293952960831,-0.28740577153986224,1.0509323478967556,0.49142110888578344,-1.411267137211111,,0.6782697254695024,-3.6994141013780655,0.01312710586379126
2023-12-15,0.5624367412015553,0.005453071799532851,-0.040634486137818074,-0.1279349054178334,-0.05760680031652012,2.15648120526265,0.2475814977775844,-1.063534779930769,0.15071083137094635,-0.11847933401055648,10.122048567561109,-0.15195629112018602,,-0.0035078081588026007,0.47517765274143164,,0.026015842566387115,-0.15050009206790022,0.01668615652910788,,-4.112539202317492,-0.148777564574142,-0.01594892428866164,-0.6298125291432324,0.4367555923172419,-0.010705880960590723,0.04130294493498131,-0.4890150463307531,-34.37531706077726,-0.4156751477408567,0.39489797935532617,-0.01571820504399924,-0.004277047951977454,0.17655206768314055,-6.787504479521558,-0.31446356963900507,,-0.31163438369849095,0.24966659902337407,-0.019790083301533645
2023-12-22,1.3705182575451234,0.018388395031655916,-0.0910088018920365,0.007387152125307621,0.015877365001014263,0.5187304809731363,-0.21921725153134944,-0.1552139960493414,3.302450043792363,-0.24283460563251802,-0.09243515635593097,0.11648571229108617,,0.024510608397048352,0.04758024423147805,,-0.7418985783960059,-0.32376928533937566,0.00017234919407323453,,-0.8233509736705297,0.7633525207584603,0.0021740539925330987,-0.3511623928973134,-0.010920305190621028,-0.00021436274655414587,-0.07804455800135983,0.20491882538930786,-0.009579799955945809,-1.6579238435080341,-0.0011346221997166916,-0.0032593452388920557,0.8917815048887118,-1.2152211326629345,0.21312906629049255,0.008562695736029375,,0.5696925156260396,-2.278859750870711,0.23168281138431074
2023-12-31,0.11821702613155831,0.01191869888411266,-0.07198756933994917,-0.03951426484383657,-0.016903306394856314,-0.0992746283979738,-0.14778316513907658,-0.13362640211593838,-2.570801656474681,0.42897261593620484,0.6886232157838942,0.29580734284553306,,0.04680825101555484,-0.046925966186684515,,0.06700019685632758,0.030788042412560845,0.00014593995555475515,,0.21898469038699508,0.121829021473524,0.04489040891846133,-0.4517877052159215,0.1538619639639332,-0.05235721458380218,-0.005042789247486655,2.106195557474922,-0.7874093116740043,0.6658144693488006,0.009841309234513207,-0.07393241234307257,-0.4486418290698919,0.3174278450373348,1.9115402512578064,0.3527733728208281,,-0.5724096810462721,1.4051734521777934,-0.01772243096113013
2024-01-05,0.28563656293231043,0.003723382130163631,-0.029151224375431942,0.16996254236396613,-0.0807012176546886,0.7946881997026227,2.7127435862857396,-0.048712212618777624,0.30411773438082845,0.3898400650017576,1.6382113520128105,-0.1591543847537766,,0.4260136039057483,-0.029247058239097318,,0.010164455897269858,0.5504178740540778,-0.0031473231234920903,,2.018830608113881,4.23001205959276,14.312840924097902,-0.35791849492106137,-2.0072234981089805,-0.06284615298921556,2.264671523793394,0.43224379014265135,0.06305588631583295,1.923381884875508,0.028102316143627452,0.010328430117854573,-0.9347331964771124,-0.24857750346356883,2.3108436640239,0.02750253158568773,,-0.12277910339866786,-2.9959792866263735,0.4124721752175241
2024-01-12,0.6560784709971431,0.00844610324153277,0.08720271753322642,-0.003080427153373977,0.6120345704995998,-0.18630122019203188,-3.224003400533073,-0.16252705440469153,-2.021529536185644,-1.1177389881068727,-6.0094337128305275,-0.11081034537152089,,-0.3073879386636845,8.558965544149371,,-0.13176810367123043,-0.6509709944126798,0.0001397845655710396,,0.30185669414421346,-1.3675107062848895,0.006697523691891756,-0.43466903053613043,1.1705244616478119,-0.03981649862953242,0.05109527645903156,-0.15164043645796876,-0.029947726442406467,-1.4307405986196116,0.022546191855788697,-0.05389810535321191,3.8696480104110034,1.0401703968298357,0.09507156319450326,0.3898565592689748,,0.26892296323657827,1.8136964319996853,-0.44153350694828913
2024-01-19,0.5459659685662198,0.0031876921217346746,-0.017671986594994655,-0.17038724394376378,0.27548471071853775,-1.9752746935080694,0.5550284988255555,-0.17386459015983524,-0.19981172906902145,-0.13987094547562035,0.10420618906647221,-0.5301962438098605,,0.016431377795850993,-0.34220457111805763,,0.0034024181352422466,0.026695069145444044,0.9738103011682747,,-0.28128765084171237,0.36104346836963747,0.009639235112657409,0.1037558266234167,-0.04954327364867015,-0.038337756157629105,-0.06189112114178287,-0.8729987319534879,0.33497995879310616,3.7955537501498853,0.09574113038857517,-0.002960311451681629,0.9432446540174592,0.4683875021438891,0.9753245825425351,1.46904335479693,,-0.21981732119540548,-3.1169132704160103,2.2455474365635375
2024-01-26,-0.4369019236332276,-0.3919334830579071,-0.5729574678617149,-0.0935204453118439,-0.0661700021606577,0.5265944452954766,-0.4601933569158064,-0.20538974584117617,-2.068134835761047,-0.6293213358321895,1.0626316111100962,2.232891223012398,,1.8301991896272427,-0.800843779747539,,0.001468342782741093,0.050611685698794776,-0.00605790444582901,,-1.6987133322318935,3.2383203802956513,0.2698588788779137,-1.758569602076028,-0.0819807549057198,-0.013940646691340234,-0.05707017844691849,2.2763122504971767,-0.06967471878803282,2.0344678047889495,5.327088512877068,-0.256742257842298,-1.1042014832058036,-2.696615252299906,-2.073394110906028,3.0353931282661666,,0.7815042899748336,-0.7965711654080112,-0.0312069826095082
2024-02-02,0.625176463099258,0.19719684781434277,-0.03125891183459381,0.03793743480632855,-0.01796624381161899,0.02035003057667572,1.1490156106665832,0.2827141223949091,-0.8308432078727116,0.5954306424853176,-0.19731601965405596,-0.986628617937177,,0.01106753266826294,-0.07700892092434301,,0.0013724903007595146,0.30532743078334706,0.00034677915718355043,,-0.12561639103006111,0.06617636496509774,0.19279180092977036,-0.9359323239616748,-0.3012842693817192,-0.017315711349152677,-1.0587921558094733,0.11057697316131324,3.250516937375273,0.05814508055905446,0.8990413482564961,-0.006224716336571024,2.142566094521777,0.9035654182942059,2.1237011487063744,-0.18876470823269856,,0.23410614265823215,-0.5488709956372851,-0.5459055628052905
2024-02-08,-1.0173306739557693,0.00601992397090481,-0.08484318339764725,-0.020446827701905264,0.002127640965104259,0.5368975578396643,-0.27894370701277865,-0.022439903892689274,-1.4804809846036775,-0.04451237453375323,-0.06188255925755024,-7.456299588716384,,0.1496731045831057,0.2364675333588181,,0.014115644618963105,0.048802240781483486,0.006975353108044092,,2.37627898420333,-2.1014767605693296,0.092900434471861,-0.1271621727088095,0.33330703217808433,0.1747707889476804,-0.029608964730791207,1.7802531105455301,0.11440475999603922,3.1633948531109133,0.293914757316222,-0.02926135403167373,2.904977858716468,0.30050401125638726,0.4994780279233629,-0.1168807159112889,,0.040770319593840594,0.9605129915108318,0.5290692484079766
2024-02-23,0.5087837924730174,0.011549816153612223,-0.9499544775990298,-0.021872392060866327,-2.1279630843237682,-3.9326216410954022,0.020400171090769248,-0.06872419779995398,0.30945587100743394,0.5927710544162629,17.074154292582367,4.1757200750438646,,0.08452902391891422,2.874258402524701,,0.01401967759249182,0.06206099325124346,0.004967855759241585,,-3.396643491347395,-2.882718178145489,0.10202392675829548,-0.9759254834850569,0.007409720284462821,-0.18346383928115623,0.25926317357504974,-0.5797976012283148,0.17695814988702793,-5.637062222358457,0.05947924154282308,-0.02847553754846085,-2.2436439803692645,0.021891543943865558,0.8456811643704409,0.2654436747348543,,0.30864818525443377,-16.85109818524408,-0.1423859717542322
2024-03-01,-0.9428481689476435,-0.0026367717489838866,0.48286460777582774,-0.02028799995055805,0.0054224348208273265,0.03877983363724481,-0.4109060749893762,0.11190722073794575,-0.17473881299982924,0.10168641014959223,-0.10832442597929762,-1.589402097548992,,0.2755213168894306,-0.01964020425083336,,0.04330669055111783,0.1545038484838689,0.007791772298180501,,-1.632812517440132,0.7053653628151797,-0.37280834283857206,-0.3828231405708432,-0.36906114022865166,-0.18771916285150916,0.08220794112964831,-4.756932990241372,-0.07776397633808162,1.4772513302776578,0.06162090940497282,-0.09678452203491962,-1.6495149052221936,-0.04248558079154119,0.5913249473420578,0.013984987875115793,,-0.024217405582958998,0.10282627578024375,0.32488647121752073
2024-03-08,0.03757292456335118,0.0021136100029321148,-0.06554252405689048,-0.0030085307052503192,-1.0234721659461625,-0.3160802517895396,-0.30213670658588054,-0.025993152850411278,-3.2196377405819168,-1.0611243667855597,-0.03334543392786974,0.5753597948051339,,0.07905981089088959,-0.20024058259843444,,0.022661645317211397,0.01002775317553218,0.013098622262800723,,-2.4691337367141575,-0.04891820002878061,-0.004561193719555603,-0.25238935564462733,-1.0184284447961263,-0.009297467724628925,-0.03790710490498893,0.864148763858577,-0.03759516767290563,-1.763533885459558,-0.059074681808812424,-0.3250878221093508,-0.4475957195675311,-3.9505852390272356,0.04812095126630336,-1.1972829734793131,,-0.579516159555575,-2.443158226482481,0.9920282637908925
2024-03-15,0.5456245055665315,0.006317127120337981,-0.016512280364328454,-0.006205231418125979,-0.30327961178303775,0.45078085830160636,-0.2513422264723682,-0.14464859997708937,-1.2354222997289894,0.2934681545471884,0.9884204758606376,-0.5798876106331525,,-0.02425134138970483,0.08209554034528427,,1.0072056161994012,-0.07695435340998757,0.00018379260895301145,,-0.9232277176795449,0.512052564627813,0.0019175228356007152,2.186137455904519,0.32226747807948,-0.01334780892790937,-0.0039687839279461375,0.1822029243721621,0.005294204298778395,-1.5599816487306661,0.06353580177253826,-0.24927471716404614,0.5794868762059786,-0.5542081621551426,0.9994473709905614,0.14275031198529795,,0.1695104837737941,-0.42421704070825633,0.22548329417875318
2024-03-22,0.9711404842871266,0.04554552253541852,-0.42620006120815873,-0.02944894016984278,-0.05615023530679121,0.09347953369507421,0.18336505971503442,4.317971245964904,1.6505462369649635,-0.1615437874946305,1.3339976817558834,2.0871461906069673,,0.037544174671190554,2.814008691996042,,0.004878054675091412,0.2564729761836892,0.004087720991857768,,-3.801621819544766,-0.31305351742674276,0.4532145228322216,-2.15251092759267,0.6682958045596918,-0.0239299837401721,0.0004943949686046005,1.0141397367459342,-0.24026321444753768,-1.1419027392544359,-0.03214572294811774,0.39285402438474637,-1.7160635195712288,-3.847736320297587,5.313944201708245,-0.05477324771478201,,0.12259737381431247,0.012881455339809382,-0.8910309218920967
2024-03-31,0.14385038164802422,0.02279333793252375,-0.2649220914540597,,0.007375287637056034,-0.17581060576887164,-0.8682879512694067,-0.2887048961915315,-0.17974277096696803,-1.5310735672230325,-1.456003929127766,-0.4758813035990389,,0.13378820935898578,-0.29213312185090407,,0.05660895332506226,0.04863367339290907,0.009196342489189753,,1.3472949209104468,-0.09743103255451917,0.015459227185398765,0.009560433053838677,0.08806827964759367,,-0.12433076259287837,0.8673573702407263,-0.0074997943693660765,-0.31586338241687467,0.0016819059156902537,-0.014004815939830785,0.11492301169112001,2.4691893684611497,0.03027745263265978,-0.056856039699787406,,-0.1153846631966956,1.5346286953348132,-0.16430254094690655
2024-04-03,0.21433696713173464,0.0013759439941510199,-0.014499191796942966,,-0.014403350702952534,1.9895118746628326,0.4986655227159604,-0.22191168372805076,2.846609752678463,2.2084380679286144,-0.6035792476111731,-0.06448172704946353,,0.016591818006987488,0.00663449163639275,,0.011632862204996656,0.0202652874125231,0.02594722076119596,,-1.3378127887837898,-0.3542791232020148,0.011331567421394469,0.2054748128459706,0.03520371511616603,,0.05724600494137366,-0.3573207660751695,-0.04257073250339541,-0.020715714309876843,0.004658885370030391,0.18068251557445286,0.7384474891340551,-0.3603388310882331,0.2053199872753705,0.00029442634181484073,,-1.6718649719253418,-2.8529171791711483,-0.01691376411973453
2024-04-12,-3.2393572906480728,0.013633680116049905,0.5246706115881647,,-0.22057597716759805,3.1082301660633784,0.31855890194697317,0.3434973113173349,0.1978870344527817,-0.39321699383291087,-0.8644209914398053,0.5212998159192855,,0.06677754856499055,-0.2980185865595555,,0.004729299915423473,0.03365323112965281,-0.6758150546824144,,0.9964666132006815,0.12596733875441046,0.030595429936589924,0.09584638320652597,-0.028508553967598903,,-0.06538869252498589,1.2189800835815428,-0.018728715195972277,-0.31174776733551357,-0.0005191643555247281,-0.01778747760833844,6.172408503239456,0.06412776363488126,-0.26455007093173216,-0.07291920715467015,,-0.05665382608738516,1.2892197865378152,1.792061671043099
2024-04-19,2.219816863348738,0.003072047690643369,-0.8586736784694352,,-0.012921148567413592,-0.17392604427671918,-0.0593463665359448,-0.3017864154550303,-0.25546833496434784,0.3713277806709112,0.4536039407135851,-1.8451198577868568,,0.20914020339095696,-0.6813205029529645,,-0.7955812541986462,0.05344512525153511,0.005913790687713631,,1.365442446489248,0.21908978524833575,-0.11914298791150839,-0.41957307898994867,-0.11675757472308332,,-0.0472988349886035,0.7158635607622554,-0.026889706460002653,-2.338228566471457,-0.004948027870550261,-0.05716972066725372,8.026737283537052,0.006060902318156845,-0.6613808546709582,-0.19847150317387785,,-2.073719579203912,0.22060339212102373,0.0435083102809296
2024-04-26,0.699678368076195,0.017911155302773624,-0.013709151727722333,,0.04631016080637272,1.0044500888587868,0.9840885117499202,0.1981708963417894,2.4541247190246174,-0.03826180100563379,0.006016909911068513,0.4401933221221698,,0.055255721292436645,-0.0910063590817936,,0.02614929227465808,0.02057601888440712,-0.003111390531160365,,2.019054246985068,0.1852855558041326,0.015118822182325308,-0.13458823109705526,-0.008309389967120565,,-2.9689544014329012,-2.1797451657436655,-0.25228433403135764,0.4044244423739616,-0.012311487568702007,0.019248985626661847,5.322104427443178,-0.3833999701551465,-3.2116195614603718,0.28565623566647036,,-0.01610949758593612,0.3710771987644522,0.8790732493528588
2024-04-30,-2.88357769601426,0.5511597931617263,-0.009664146313243905,,0.027453193780619774,-1.6173711086152454,0.09466882192476718,1.0818999990249942,-0.8109776171397579,-1.6866063587058153,-0.41552285392344573,-1.2675514486503907,,0.05765907762745297,-0.07125022851397561,,0.011285214973382555,0.00705121131242086,-0.19535212734118698,,-7.17068873103373,0.7283425453124619,0.005521279323265208,-0.3119053057716472,-0.10577776803315718,,-0.21112351062518092,-5.113940781846881,-0.13716702866136365,0.8824005582925176,-0.01602356903175353,0.023548392793527786,0.41426415948837386,-1.1097002153151196,-0.2840563883806149,0.15318649128879683,,0.1668579043645544,0.37905892916915007,0.12344959909345188
2024-05-10,-0.12686071825260078,0.005785132803628866,0.09132578280535415,0.06568745486087617,0.007688756293320095,0.20948980976687043,-0.2957170872124992,0.39714972905981677,0.1752460457246164,-0.3115841841934575,0.18514691562059332,-4.366892908519145,,0.14982086847727283,-0.113452017474389,,0.022358735065105148,-0.24149666083435967,0.00014272536591349453,-0.004217603996266289,1.198734455748761,-5.467347549566225,2.762877926884976,-0.42835025996682685,-0.8869227529384736,,-0.9296562410575553,0.37896373326258453,-0.038744534661248844,-0.03407004757169699,-0.00976924444159646,0.00041840800036833063,8.072242402665179,0.030872553569887995,0.45919977338753076,0.473217826746143,,-0.2637072811589594,-1.071585002089442,0.018563184286250624
2024-05-17,0.6869237807906377,0.010151956075677596,9.701646548882746,0.013904658383015089,1.0389645118651565,-0.041273171470935247,-0.004077382497344672,0.017224103500251522,-0.9200209289861012,-0.1684000131964293,-3.1228800609953646,0.19030707505114694,,0.04069605249962299,1.5814892604830688,,0.030074441142232226,0.21495135572916702,-0.08126156432792998,-1.1008161305671837,-2.3083745753741938,0.38022925135131214,0.08569356542016048,0.1590467101415041,0.046040999163349805,,-1.207193060684276,-1.1144066994601025,0.4510645690067527,-0.040886594823416396,0.2380810251812091,0.00025372901273654794,-10.001078080588641,-1.5517350935432526,-0.7358175811025284,0.45793460453784596,,0.4986353275308232,5.125284945876536,-0.271500026859943
2024-05-24,0.8938537300982754,-0.0077542444030179805,0.9808796606442264,0.19522271891287923,-0.17940252611911056,-1.2141859120807617,-0.47671993505724947,0.2541158402731292,-0.8533215173109068,-1.0284445261344084,4.666521386498417,-0.1743201580086364,,0.37826047699477244,3.427009528928633,,-0.003866275575734415,0.012786754442743492,3.814222648652069e-05,-0.5045831377107333,-4.435759613153024,1.7312385304605609,0.06473319595160935,-0.14870785185730703,-0.15345237840765433,,-0.07787719302344534,1.8145641570465567,0.1194350921753211,1.9638740515451945,-0.020309463471378696,0.007072080890050122,-3.2510270554199536,-0.7268311681091647,-1.7371416824513521,-0.15969213455428105,,0.2089682401980443,-0.6903321432949,1.2013978890536805
2024-05-31,0.3436571903488955,0.023310928013395894,-0.15211591279919956,0.008826323096468872,0.0401700567930913,0.21816860441547103,0.25359823451310004,0.10729246548449835,0.535498841044462,-0.11250746320700214,-0.8768273955419348,-0.1117692967917759,,0.007598235406791087,-0.010717952991308682,,0.0009992799291679393,0.27419956440632537,-0.009023922335750228,-0.05315192380875859,-0.42202175429060224,0.7756106544123254,0.8621749497344976,-0.6056076896256608,-0.03131116214141411,,0.007410999010154157,2.8684236028266765,-0.0511685461461709,-2.368541455105005,-0.0011365092948835073,-0.007363131502650446,2.063447868441634,3.119878730349893,0.28121228816523697,-0.10114091208087758,,0.6306841982530587,3.1351140474864763,-0.10277518683561437
2024-06-07,0.048134814096772324,0.0029187985867851016,0.0938690802808355,0.04974480191581071,0.2622328145122785,0.06313882471735871,-0.15899203382343913,-0.07410698754844912,-2.4653461753273214,-0.2558828175554663,1.8615459410864093,-0.640778108453259,,-0.15223323788362905,-0.5273408909569156,,0.010705311556536293,0.013859641258633901,-0.009060855561196204,-0.10435294087803193,0.5836316359489254,1.4145951729127155,-0.3547329557974453,-0.03214593186329359,0.0044465606677970525,,0.04892008818580953,-0.1458704096518059,-0.269639870621022,-0.7390019940158746,-0.06677806240066009,0.23091682360406374,1.9461003528371765,0.06827517120213154,0.3665559961527045,0.18834051949906183,,0.20222051994937362,-1.0322911714947176,4.8690976919277675
2024-06-14,0.9984076907176961,0.001234048548148986,-1.4324473906281372,0.1543419946285136,5.751059770587467,-0.1497710984254744,-0.16379952661620917,-0.04106641012746508,-2.5271439623701926,-0.6083643191244527,-0.5042099891746696,-1.0280280906862245,,-0.07646107983245146,0.7483651572714445,,0.5107534506156522,0.16388583919156774,-0.008196542759861805,-0.00476389913496026,-1.8288932489567444,0.34240867919035944,0.06526231002405626,-0.6850876867896416,-0.2936641520944938,,-0.327985801198791,-0.21377515770531705,-19.139735385239863,-2.493922110624538,-0.0008620403821035721,0.018147559079054097,-2.806291070150753,-3.158665167310608,0.2061330723584849,0.046212851704311365,,10.622165036105706,-0.38233331668829834,-0.1614101627378111
2024-06-21,0.28880706909041404,0.0018651505562138633,-0.05909716554979583,-0.2212701345735594,1.2645902118589911,1.9187768180084113,-0.04384839344692652,0.07868994472249506,-0.4237904940608289,-0.3421177490072029,2.912287585184574,0.7736644850674312,,0.025833845897560465,3.850111543287835,,0.002403212700919112,0.03365407918700478,0.004959625446390802,-0.01661952390092477,-8.092837477372333,2.1910719685706272,0.06191383111389976,0.1687245048295908,-1.0239810530450513,-0.03218815062910925,-0.6751015932530169,0.1462190003390547,-0.02849396099480942,0.09834816041929728,-0.0008453273265231675,0.014901446647544189,4.844975126305708,-0.4742149754223269,0.8952250467234993,0.11279365613541334,,-0.2217576921629346,-3.4902559434206437,-1.9152779042036503
2024-06-30,0.5453532452945223,0.07618346782805967,0.014560744083849428,0.012505721849553165,0.17049217071248587,-1.90978400394455,-0.043248547605409755,0.24294656767659673,0.14496863197800916,0.649995205361904,0.511793437194842,-1.8247366848173785,,0.9147484099120574,0.4733653033294819,,0.035417434381432494,0.12463246294151847,6.778280013977366e-05,-2.088087728870635,-0.053066831833858186,-0.035376065276210386,0.6123347301058023,-0.6119989292421568,-0.0343854217600518,-0.6171089496062463,-0.0006792714855080811,-3.8109071285223726,-0.3609896892756707,0.05835430421253267,-0.011425773978833159,0.005179871328185621,0.29453962516850096,-0.28482499678255135,-2.9492618741661647,-0.2400097573542734,,-0.1425963169223853,1.82610168975096,-0.22922577134802874
2024-07-05,1.2923310849992002,0.00240361704395627,-0.1397540693480425,0.3777511733134919,0.015068606673799285,0.5104338606865405,-0.08229434367125764,2.5479805194368548,0.4936319923913101,-1.2190880050516393,1.7423374056797516,-0.2756662306561041,,0.009598360433979347,0.05831461910933916,,0.032457733582687914,0.22794442316533553,0.0003422305157777979,1.5231530632626695,0.9901797449415431,-1.401442966187147,-2.049364151907629,0.45169586601983763,-0.01373994391165443,0.5166202610322684,0.005496993423407182,-0.3297467385582346,-0.2779358593693435,-0.26092244867882997,-0.00011409798481887756,-0.4914147830439412,2.2165077181912145,-0.29340551312594293,-2.186737824955599,0.03419175564941279,,-0.4439049292171341,0.6272988779143484,0.4319723279832492
2024-07-12,-0.08291168488800324,0.011350698379649223,-0.5856272299676462,0.2416721497136817,0.05928095314911486,0.39823106427110644,0.07419949843560764,3.1968882167194317,0.0835911238358583,0.028962437839256817,-5.96115723015243,0.5304598417615487,,0.020004393053789548,5.484847185580208,,0.7018496252127864,0.11810010274588656,0.0012499643554946462,1.4568149535700041,-0.9444779609052194,-0.6234285053819012,-1.5661627034771035,-1.2368853271472953,-0.2795098162316119,-0.032893035351095216,0.09241859381664863,1.4757533490183141,-0.42417154584270994,7.215807469725987,-0.003158637669467233,-0.013900813544640192,-0.013602313116506398,-1.086683739878207,2.9980906054193843,0.5795584478756729,,-2.3253235127535903,-0.44922645953999407,-0.2568150564628494
2024-07-19,-0.01996178414363897,1.1877894603881547,0.06001124845917426,-0.05214221344322573,0.22593806740805364,0.7581947815345035,-0.26118397354160805,0.037959353400007466,-1.035286539330039,-0.2146049321754864,0.3892103126528324,-1.585834899454317,,-2.7981412174136415,0.07415933472895175,,0.031243256506048124,0.16764479359771534,0.00013995448882976483,-0.04914314684670898,-0.26427469979818774,0.6822743896475819,-0.06495790470129324,-0.5309293224207348,-0.18794403812993887,-0.05153068572249805,-0.24954009094919116,0.21378570432780886,-0.01166299509394459,-0.08485999127332763,-0.033581710629006487,0.0021108533757254176,-3.594733516901239,-0.7814218826586193,0.7745036320666553,0.013643651993200199,,1.525510525394546,1.1849284117974017,-0.5707886148842936
2024-07-26,1.5825565886041817,-0.08463058578332222,-6.3669874822606225,0.34002265995058223,-0.01784669744249559,0.6614015185790187,-0.29958212463478257,5.18096079443693,0.7319373990916079,-0.12440329659981263,-0.1844149938250545,0.38547041331692816,,0.014940992119963359,0.14764265760531411,,0.14952452916085668,0.014741866875829769,-0.1897884477665578,-0.005943407836807118,0.9423325209018913,0.4159207250731932,0.2370261733755299,0.09388910747072024,-0.08591313917457079,0.7358720856895965,-3.041859087288778,3.6295496784984564,0.09815685697643767,-1.9220743773002882,-0.005760236339270277,0.10969882353183934,0.4594521707965408,-0.043084314803002344,0.4177160678002926,0.07162596858918924,,1.7099252945499706,-0.7242198584657217,0.28475913893730026
2024-08-02,-0.08275861162097964,0.015524703898248681,-0.07387307831493867,0.03149571751923018,-0.01841388016177064,2.2421852507203894,0.8253286715423376,-0.7198770253704943,-0.1815842221363216,0.033950830507551766,0.5171698814942597,1.265447831635402,,0.18590037351799402,0.5577352268435801,,-3.148647186623863e-05,0.018955857396818546,0.0050967931629766535,-0.04189890609293034,-0.0293880674199012,0.13713508851705264,0.07999562572073257,-4.100877737582875,-0.1520111184605603,0.4527146823611341,1.2001445656296177,0.21112929610082132,-0.06920613793100112,-0.37856046397708965,-0.05301132732316698,-0.04202339129353886,1.7733960590434412,-0.9073824538944671,0.4738730965525507,-0.0040202167961420525,,-0.6503044691384385,-0.6460860837648115,0.10750904369004638
2024-08-09,1.0912909634777432,0.003096852636033538,-0.47253452300677323,0.07595005805823182,4.1515202666021995,0.3436892201316697,0.443674251204558,0.18430817387046058,-0.03486901327853909,-0.47589531789409917,-1.5637195274061666,0.37232507226198036,-0.052614055682749544,-0.04919974703588508,-0.007988408151910768,,0.06567504415021284,0.018399585655679923,0.00016444355050807688,-0.28888589725556846,-0.3739343594674079,0.893883237514262,0.05339416139618185,-0.07422852449644707,-0.8458205326649354,1.1242501220742485,-0.04934974537233647,3.0456152270563157,-0.09400585090750714,-0.06960267258121287,0.1858700800554339,0.01198216488514346,0.6365582414178541,0.3131346368616037,-0.8838791534383381,-0.03242337294864751,,-4.6242714351458885,0.1822126957685067,-0.08605919694842248
2024-08-16,-0.17391964839434274,0.00824262945367338,-0.07552762726808426,-0.10003105560362971,0.16612731531577488,-0.8136948823794585,0.023642817523648912,0.21629042744462584,0.19290986209643995,-0.01706950380250999,1.253849193533737,-0.9603754478042792,0.00296175610024404,0.7598280375531595,1.1649915930203139,,0.11297562300689686,-0.003258316668761505,0.002274024171113431,-0.005495063822768686,-0.3641389892552674,-0.06503454745698864,-0.043400927029237674,0.21213899063476332,-0.007949763708712209,0.09672061319204478,2.0116623656845305,3.040545916894437,-0.058689733454652476,0.06945526010762262,0.013701425949068431,0.00035086542901467075,-2.913938346105555,2.2258643183311815,-12.15426609914649,-0.07026078175935084,,8.283692681326071,-1.1215484939937916,-2.084262296699268
2024-08-23,-0.19026421475596422,0.0017610845378705068,-0.12355090823959392,1.5728300313108394,0.1757175418618569,-2.0406386827233436,0.08988867884014501,0.13400837901420942,-1.3693412593989847,-0.08925115980782075,1.1099228591739643,-1.6802921636223513,0.008061022828765483,0.05030428393069328,-0.0382579574095963,,0.00645604570135131,0.02718105258171629,0.00019784049558302155,-0.003555857465089399,-1.9679241092924487,0.5529659625932747,0.23981903421064837,-0.5031650446235103,-0.05127634132251568,-0.08698026212258686,-0.022087113616457352,-0.47114987077351106,-0.22506984719381684,0.3220490960863754,-0.19909609895707062,-0.01154926138407672,-0.25989052744464947,-1.1273976808990467,-0.4873041149139583,0.1590557528499686,,-0.4732564287335823,0.30850598746893043,-0.033379355330142024
2024-08-30,1.5831129979743095,0.001534043130065316,-1.4180293913393356,0.7018039534845976,0.8932021019621177,3.5265821067148755,0.1147822218901749,0.04924825900881194,-0.2966771473855297,-0.08705483296462371,0.012166969875675483,-1.0002282948662395,0.0018095766001943315,0.3012540543918676,0.18595105879035925,,0.004948921542046275,0.0208793797858743,0.08173413173797035,-0.019336902000926928,-1.9281312291868307,0.3711926836066873,0.019227222866885836,-0.4107452511345773,-0.015530997695257419,-0.49584930270119215,0.00649469021027616,0.6604071588378047,-0.2733044408535617,-0.4512737806216607,-0.2383098245229787,0.0013104847854179943,-5.1800322328277675,-0.435836138057318,0.03634658417813451,-0.39660595478144745,,0.3110259655981432,0.3495087481316719,-0.09669544612228499
2024-09-06,0.8224693479337291,0.011764420295437991,-0.07650337374754748,0.7913859463767097,-13.44954469100766,0.3756842332235835,0.13953703761799646,1.0613576851340036,0.33276045795736164,0.19722594318474335,8.369584995125576,2.0262782777032107,-0.0032200050589960647,0.8708651431118756,-0.012335607894785548,,-0.0032230311136175784,-1.1444974156312517,0.00023434835512099302,0.08196073831078667,-4.339279131126275,2.3406314719135257,0.04150762873630518,0.1784076427545035,-4.768537704851899,0.6545503254300133,0.0015478695364737223,0.5677497547947128,-0.3041907810416909,0.2756557159480406,0.6509898084328851,-0.04730552579396573,-1.3816777427824682,-0.8517076817196303,0.061374322063662584,-0.2567397884986069,,-1.3604078491649239,-4.153414769849777,0.07497582190291825
2024-09-13,-1.90339086668266,0.06311392342419729,-1.0332386900108093,0.46589334145562544,0.019185863069704885,0.3143558153095755,0.10321624860375458,-0.005604813674093302,-0.4671183863272137,-3.1867839576628407,0.5406750795346394,0.7185270020025524,-0.0940369370232638,0.1498905047327313,0.016871189154551235,,0.12772978910942817,0.2961247799989163,0.00031373231552695363,-0.0013976523412411804,-1.425913475176257,0.17140202270665,0.0029812811568263433,-0.47431137341037616,0.2180336064170688,-0.03836242361606587,-0.01984211691608602,-0.32343320681850074,-0.015631039144386943,-3.5232374458229443,0.12869636832423845,-0.07927339825292806,-1.0619010201212222,2.851245221969201,-0.09090852487568217,0.14279023078107306,,-0.012379910536754688,-0.07068693275350231,0.45483486150029495
2024-09-20,-0.7623172486686695,0.002283647206724452,-0.3332929357952897,0.8759076683743681,1.157219013018698,0.49979110448232283,0.45379625580392197,-0.17271126153388797,-0.5880928019965794,-0.9875429930428788,0.9882875937769532,-0.5452468470247746,0.04318607620644547,0.02625860495323941,0.05562262635681273,,0.0556080669638271,0.07963162233614438,0.10239555454539617,-0.035358181185253246,-0.9592107382464592,0.6432849692506948,0.013597655654728523,-1.0834448518106097,-0.8638756288331496,0.0033924381196101736,-0.27615820498936916,0.2087930280515658,-0.18327629255666578,1.725580786937029,0.0624251016644409,0.00021874363171196212,-1.2356263598290171,0.08621191806771689,-0.26634177856847624,-0.19649350391627354,,5.716383762571372,5.3327948798195335,1.1506578103123164
2024-09-27,0.038705862441311245,-0.279276569129662,-0.12146179816503566,0.09681791694329447,0.2809843250844114,0.9276343338801369,-0.19424717759521973,0.05961042255296748,5.408483370447413,-0.2706445997902902,-0.6324487803816644,-0.5468887169595817,-0.007347219010672832,0.31171054128089776,-0.9978342330058021,,0.01759768896400303,0.03161142783061524,4.3160090227742785e-05,-0.14882042761713254,-0.06547633998525659,0.2823190872986257,-0.005445864686632567,-0.026368025631054115,-0.19848249212287933,-0.09705580979797906,0.0008221012058326153,0.07646011762114546,-0.07588907329275975,0.03446458622514503,-0.009180765638448662,-0.011303186567584797,10.370217908792467,-0.8980178625825805,-0.1768701327456078,0.05768700997094959,,-0.6014206274417548,1.1081131947870584,1.3999544967656146
2024-09-30,0.014018304286502388,-0.07154758368967509,-0.04250224950105172,0.12764313571160954,0.6128765438951904,0.32133140286470446,-0.21060227712939142,0.723953862001083,-0.11575449037516644,-0.4917988870626199,-2.7106470743298594,1.1942449509070252,0.013213136956026102,1.0421776343267484,-0.9506113583597212,,0.5122101213103067,0.017040758029417104,0.0015837198272767117,0.815011486976402,-5.438596238444552,0.6332764262544319,0.008849471418400921,-0.3377916163912493,0.1875766563814402,0.18594064917585093,0.059220737545686325,-0.5190728917994587,-0.040991453042582435,1.0510431617918459,-0.6596868890643236,-0.2339913707455955,-8.5686297670091,0.7029919239625839,-0.24922624179693625,0.11873746515135387,,0.3988431681296721,0.06007180869599055,0.031239422989726887
2024-10-11,1.7524460859413726,0.05717481389993421,-0.07485399997593303,0.24293719640180467,0.17527504325254945,0.2997586314858289,-0.14279948408079712,-0.00026065078874332875,1.7757609950403164,-0.3774279517181847,0.7562966676630881,0.9207976647439439,-0.0005774703809562263,0.35031739947404583,-1.0133258031120498,-5.775453078456508e-05,0.022967291385715717,-0.041588847308850034,0.0001328408714578761,7.61696161207945,2.7085037871494504,-0.15850657675592483,0.24009091923340728,-0.5400652091566273,-1.3237209403436192,0.19805184236008688,0.0517331846698099,0.48930654390826833,-0.10781724869480186,-0.2197132099260415,-0.02363709805957808,0.008596611990729329,-2.6757938894894395,-0.22333267264777518,-0.0718999654621794,-6.594096813258698,,0.06082369319920552,6.121952689548323,0.12053020171877643
2024-10-18,-7.512385113755202,0.15962482160489846,-0.0740415581765228,-0.11557389735676754,5.580818433630559,-0.18270852638732002,-2.220248947824973,-0.008370087596529824,-5.7348477741904995,-0.36355461735563,0.0070004304312762874,5.216174921610804,-0.0001419772780595742,0.04006832051042102,-0.10722336646036826,0.05993504556553399,-0.03588643279957515,-0.09125815551670845,0.00015403014513986133,-2.377068415104112,-2.2961504587839143,-0.09019168993052228,0.23283188237083707,1.0145893336516403,0.3565092175290786,-0.06303745933983207,2.027092449191263,-2.8111932670461806,-0.7864467765653027,0.27129160993325807,-0.05290686594679707,0.5468844123350075,2.248501684954889,0.0769364014550422,-0.4149053620317489,-0.02739314976536729,,-0.16968788880403446,-0.7310629984049237,3.5820681634181684
2024-10-25,1.8292953760074377,0.011228382527427225,-0.3101431367910962,-0.05761587527861038,0.03194348033793654,-4.1802527599845,0.15467632234990927,-0.04253603737075481,-1.475804762576237,0.8218682435557122,0.4014412794860456,0.3659835842562717,0.019906384300138844,0.0488711392596996,-0.9712107966077874,0.007037968463509311,-0.03817925213947168,0.0447754865217084,-0.0223706850224359,-0.003587847603306777,0.6839831984669903,0.5526777871716739,0.04052149582846238,99.58375237295026,0.9522271309012605,-0.13898883498714973,2.909399249032338,1.2456884661961032,-0.020985816890566236,0.2725034949080834,-0.1370506484401606,0.09999294120397063,0.052486768764198916,-0.9312783575469744,0.15606404393902315,0.501300493033632,,-0.18480385509539238,-0.015594276606203106,0.15555783744701054
2024-11-01,4.302068523006145,0.0014463148571855272,-0.1533625551667907,-0.17539386483601416,0.9174033066462189,-1.775511122115915,0.021599561210914706,-0.01310732834085926,-1.6401805801368852,-2.1937559827511843,0.45493563294125755,-0.6176705501629167,-0.008517267826915385,0.018898423823459326,0.29202880744469933,-3.302973760035439e-05,0.01586359129410705,0.0031450474885759278,-0.021574434067494107,-0.008841132515774374,0.8270765842491993,0.38762205499404445,0.3979474968565517,-0.21264234575305443,0.01218433159309071,-1.1357099906932049,0.0465911628030415,0.8689244708405199,6.597453981146557,0.9869335733431229,0.09966189799732061,0.05402652897584651,9.070710130335444,-0.46284034890696346,-0.24163028854677357,0.1285181437234977,,0.04890201985588882,-1.0241523073764975,0.6084798997397759
2024-11-08,-0.18007610567915308,0.07527208546658151,-0.13704023692930695,0.26069638674822376,0.20843890019735573,-0.26266473056359785,-0.40222300226223695,0.07702948913513204,-0.8058069676812891,-0.6337695983046939,0.10110767706463097,-2.761557824514547,0.1358492653086913,0.23345150878760593,-0.22143005287783699,1.872876550711816,0.011956113267951419,-0.11383037163728743,-0.02345926784732369,-0.052499950928765846,-0.4182075646737044,0.37633245667167137,0.004586776022855772,-3.1183620850654834,-0.007664024728409331,-0.3889977560820836,0.02981258630534557,-3.59689876571883,-2.1719174303198057,0.7172036203717301,0.4179362388242379,-0.07680116179288685,-1.1518838665437925,0.4841204729206505,1.8854871541777087,-0.12264531227322054,,1.0383121780873403,-2.0062082125143306,0.7127974179294174
2024-11-15,-0.13649372221338163,0.0015288146825708643,-0.01937414139022553,-0.024900682121006327,0.21387849311916685,0.8477815556366932,0.04992182624084453,-0.03135431250397788,0.5827649767856241,-0.009301216627105171,-0.2449806247251447,-1.4563724652776189,0.006959980328944529,-0.3091689803700597,-4.490592279001239,-0.11043172955799627,-0.1410653786951805,-0.031712158690372805,0.010662082840580286,-0.2368020146961434,1.9891049370356744,2.5382596391987033,-0.009240808889606602,-1.2117880798852223,0.029781435414196204,-0.007861890195384216,0.008430821224745373,2.56954860536864,0.02207924076733933,-2.087250474545354,0.46630735385325406,0.0853652162905972,1.0669445849629515,2.1916355457953713,0.9684076409259998,0.265731644328376,,0.5910906209935939,0.7599992899839687,-0.8327568352026238
2024-11-22,0.42387551967015635,0.008679741121259913,-0.8305566185943909,0.056592877997173024,9.615531349028105,0.21826807076519433,-0.8125600293833102,-0.05400603329306723,0.27074137296856443,-0.04792250513461975,0.8394675907861155,0.07618660787235669,0.05203340071361811,0.041356987988444026,-2.1559824589423697,-4.2425188737491254e-05,0.019746131133465534,-0.22005804445683283,-0.0028747398502639407,-2.2432090931883235,0.7776136832118355,-1.1762885575773472,0.14486766726759148,-1.5719429891746743,1.2427615758700692,-0.197095281195947,-0.01685027942529267,2.3290209711877075,-0.17220197003658577,2.3270531566850634,-0.1629048218434452,0.023189647389219088,1.3164698742130683,-3.7616332324466666,-0.13790658496292882,-0.23855471659824445,,0.09932893013826156,0.3639075400621629,1.3547324286639497
2024-11-29,-0.31833706039086374,-0.002839781423375033,0.30774907224476344,0.08042533255862329,0.5442705228607259,-0.963001042215535,-0.0202471064110602,0.2853637496315607,-0.1881777065068032,-1.4519170924402338,0.4140446191841802,0.030229534164751347,0.03203408204923922,0.046390307183600474,1.6746897083268497,0.2391184108835175,-0.07832669571096279,-0.19677570091727173,0.00010673721213574647,0.24048134285446643,3.2201892608682856,0.6123754631760892,0.05913130023031628,-3.79247144820535,-0.03245505796960552,-0.05617058828891,-0.06289519048873621,0.527557067952966,-0.8075893344269933,-2.9017244608675137,-0.20858330814567305,0.022463723502561123,5.8435621175102614,0.46721456069939726,-0.2070496270740029,-1.283172881086845,,0.8721209725899457,-1.2115375399948765,-0.026459642443160576
2024-12-06,1.3936507756161622,-0.0005647365999142742,-0.0682548907518341,0.025180596166552306,3.7029704289879724,0.6026225966220494,-0.12620148244455323,-0.10042379516646865,-1.054904964187372,-0.8189255104067066,0.09715356659207479,-0.6837181071361054,-0.20942602927178539,0.0937030301790788,-0.12598643318306255,-0.010680774810062707,-0.025629114327838,-1.0033781435142795,0.0002229591832213245,-0.6450402366856464,0.16172561297038232,-0.6904927745197103,-0.10884339712566143,-0.7814416656867608,-0.06435083240681694,0.4261313253217079,-0.08032330818020039,0.03331628285456018,0.04527340590164633,1.2630388748869068,-0.0010054019579762256,-0.24776070253227123,0.6330663822031259,0.131266098767911,0.1832517967243314,0.43970785389516504,,0.06387220007072689,-1.7610842513841742,-0.31273947528253065
2024-12-13,-0.5773268505724342,-0.06692109326091669,-0.3447495841231466,-0.20866501593958975,5.026366491569345,0.5688533711378542,-0.15211357550155188,0.4890418133462117,-0.3070643048730484,-1.8757430917368167,-6.271295761457849,0.6830075181043185,-0.09321455152454769,-0.46021427624009104,-0.35339222678816806,-2.0362783116550146e-05,-0.002053133519614715,0.541257014777498,0.00015407669417016065,-0.7286387792480862,-4.087022220537393,-2.385000323143045,0.09577654142782752,0.27111450843863616,-0.20738139869260272,0.9490718680246699,-0.040740452365277464,-4.235866864009997,0.007875371219733945,-0.03493318776474964,-0.22099848063742558,0.0376201646615702,0.13750096374665327,1.2455828360010686,-0.2595375461359457,-0.14829219160113544,,-0.06693287251872641,0.24590426361186032,2.6252743179253613
2024-12-20,-1.6928266507441507,-0.006084950950120812,-0.25675503797519916,0.03102502080936704,0.16657991906823305,0.016782379074858345,-0.44628872796898694,-0.16512724168882725,-0.7416000717815595,-0.20161204344408362,-0.8321426775062375,5.07966559197182,0.02092841024612163,0.4272577715529389,-1.7024493429472447,-0.009139656067032036,0.08361044418342511,0.2540969653931144,3.331676542486576e-05,-0.17781244050870676,3.666337847826908,-0.011216926745778542,0.010953019771133842,4.288289071143944,-0.24775151434891307,-0.5549547686488209,4.845709206483962,0.46495144708405167,-0.03499596906695365,-0.730964984935825,0.07120328932303181,0.0016716207574975664,0.6189908190773515,1.3797095482471993,-1.3834673244206188,0.5054354233011474,,-3.750881501938817,-2.2356557608286884,-0.3664015687957499
2024-12-27,1.4225287961989035,0.0014652371454293438,-1.794156975827235,0.2812433887540509,0.7369671916455819,-0.3517783181540886,-0.0085400430427304,-1.1452595060856692,0.3416287816910488,-0.5609185801893551,0.1229012375839689,2.2833360186898424,-0.0030935943763387304,0.0765592548527077,2.1231982053203913,-0.6825814914002173,0.006463494613252117,0.0022726134022776744,0.00011023958053502915,-0.72081798373405,4.661148475140512,-1.1067604661059156,0.24567002296565976,1.8926680994871532,-0.05099344709524618,0.08553683702718193,-0.032092723988032035,-2.2987478150336926,-1.0626222084296213,7.494860783727726,-0.262136008996603,0.17437150519081435,-1.1329523349688195,9.990047904518605,-1.0589657047822423,0.2017372809024941,,-0.1453878769511912,1.9842264003419798,-1.3342186745089883
