TradingDay,TMT,一带一路,中药,交通运输,传媒,光伏,养殖,农业综合,医疗,医药,医药医疗,半导体,国央企综合,国防军工,基建,基础化工,央企创新,家用电器,房地产,新能源汽车,新能源综合,旅游,有色,机械设备,汽车,游戏,生物科技,电力,电子,石油石化,绿色/ESG,计算机,通信,金融综合,钢铁煤炭,银行,非银,食品饮料
2015-03-13,,,,,,,,,,,-0.49719867936553797,,,,,,,,,,,,,,,,,,,,,,,-0.07933849060558534,,,,0.007840288352614608
2015-03-20,,,,,,,,,,,0.8125187058510261,,,,,,,,,,,,,,,,,,,,,,,0.30665726245309505,,,,-0.006710027821585924
2015-03-27,,,,,,,,,,,0.0009074879386912942,,,,,,,,,,,,,,,,,,,,,,,0.5204149775668262,,,,-0.002521382127002648
2015-04-03,,,,,,,,,,,0.0006492307973859734,,,,,,,,,,,,,,,,,,,,,,,0.11145323566451676,,,,-0.005459864739202399
2015-04-10,,,,,,,,,,,0.10783941367696112,,,,,,,,,,,,,,,,,,,,,,,0.07098343712896836,,,,0.004441737438809795
2015-04-17,,,,,,,,,,,0.029474056129235638,,,,,,,,,,,,,,,,,,,,,,,1.5300370378812795,,,,-0.10479989853765548
2015-04-24,,,,,,,,,,,0.0008560064119441799,,,,,,,,,,,,,,,,,,,,,,,-0.0842482295875589,,,,-0.017309233689837118
2015-04-30,,,,,,,,,,,0.03275920978330886,,,,,,,,,,,,,,,,,,,,,,,-0.08675965016841655,,,,-0.35757313605390684
2015-05-08,,,,,,,,,,,0.01722424921210615,,,,,,,,,,,,,,,,,,,,,,,0.15165410439420068,,,,0.0007048124195003573
2015-05-15,,,,,,,,,,,0.20513451417883644,,,,,,,,,,,,,,,,,,,,,,,-0.32370089346754577,,,,-0.01249743089936537
2015-05-22,,,,,,,,,,,-0.004022301467188465,,,,,,,,,,,,,,,,,,,,,,,0.42322395734067714,,,,-0.05834914534901203
2015-05-29,,,,,,,,,,,-0.23125632285100792,,0.3796059933293078,,,,,,,,,,,,,,,,,,,,,-0.06087930405614917,,,0.23186893471312311,0.014143125829714161
2015-06-05,-0.4912167346958156,,,,,,,,,,0.011369680997798403,,0.18156473824348313,,,,,,,,,,,,,,,,,,,,,0.1201204103266393,,,0.04414919899447001,-0.03467268834244721
2015-06-12,-0.004887680753637149,,,,,,,,,,-0.0023862708830897023,,-0.05123577455050888,,,,,,,,,,,,,,,,,,,,,-0.5074206487481421,,,0.9948504177676105,0.012945984394455212
2015-06-19,-0.022471706271912955,,,,,,,,,,0.08135841913349129,,-0.009399929829125407,,,,,,,,,,,,,,,,,,,,,-0.07697865021324604,,,-5.1366482893074786e-05,0.024529852880750755
2015-06-26,-0.0015938326203292549,,,,,,,,,,0.07945887309477662,,-0.10183963482454593,,,,,,,,,,,,,,,,,,,,,0.17181547748521564,,,-0.010955949422652137,0.5971442056127085
2015-07-03,-0.6424390869306305,,,,,,,,,,0.14209172150393298,,0.00476420191925932,,,,,,,,,,,,,,,,,,,,,-1.219612335803192,,,-0.10461717286788096,0.07317914395543829
2015-07-10,-0.011150934644906754,,,,,,,,,,-0.027145149625506612,,0.0002156818983697378,,,,,,,,,,,,,,,,,,,,,-0.13871995666896228,,,0.01148974111300963,0.01922852803600858
2015-07-17,-0.015765947969932283,,,,,,,,,,-0.20259382535102166,,0.0010044444907590826,,,,,,,,,,,,,,,,,,,,,-0.5296437625711318,,,0.280295047085103,-0.009217037373827086
2015-07-24,0.341841348130484,,,,,,,,,,-0.09274578178122943,,0.0002925372237180433,,,,,,,,,,,,,,,,,,,,,0.010106235661075338,,,-4.2821766656944406e-05,-0.027043112454813077
2015-07-31,0.7317994190669393,,,,,,,,,,-0.44103207859101623,,0.00019827976535355401,,,,,,,,,,,,,,,,,,,,,0.2592714534358874,,,0.05883404729087259,0.0004661607732648079
2015-08-07,0.004421862013610794,,,,,,,,,,-0.000907306259347119,,0.0005780739110882276,,,,,,,,,,,,,,,,,,,,,-0.6792829431429865,,,-0.10955721707141591,-0.11627921808613442
2015-08-14,-0.24416878352992577,,,,,,,,,,-0.0015997634255047702,,-0.011295900077677605,,,,,,,,,,,,,,,,,,,,,-0.12754446908598419,,,0.05296587733089372,0.0515533970950797
2015-08-21,-0.10352786972228872,,,,,,,,,,-0.0014358025618204373,,0.00041444078768875176,,,,,,,,,,,,,,,,,,,,,4.8303179716102465,,,0.0740143283669628,-0.05398996104204212
2015-08-28,,,,,,,,,,,0.07020931239075133,,,,,,,,,,,,,,,,,,,,,,,0.042471468230380935,,,,
2015-09-02,,,,,,,,,,,0.4127743444445493,,,,,,,,,,,,,,,,,,,,,,,0.041270428788035135,,,,
2015-09-11,,,,,,,,,,,-0.5700380670684959,,,,,,,,,,,,,,,,,,,,,,,0.01675184088442289,,,,
2015-09-18,,,,,,,,,,,0.721889220721154,,,,,,,,,,,,,,,,,,,,,,,0.022651446766053938,,,,
2015-09-25,,,,,,,,,,,0.015909205509577022,,,,,,,,,,,,,,,,,,,,,,,0.012220180533743692,,,,
2015-09-30,,,,,,,,,,,-0.0013654110283362812,,,,,,,,,,,,,,,,,,,,,,,0.5325764525682988,,,,
2015-10-09,,,,,,,,,,,-0.13321056653190938,,,,,,,,,,,,,,,,,,,,,,,0.19118769652532927,,,,
2015-10-16,,,,,,,,,,,-0.33098459100875116,,,,,,,,,,,,,,,,,,,,,,,-0.5736493997208862,,,,
2015-10-23,,,,,,,,,,,-0.001768210444741262,,,,,,,,,,,,,,,,,,,,,,,0.020788915967352536,,,,
2015-10-30,,,,,,,,,,,-0.0010498772457142142,,,,,,,,,,,,,,,,,,,,,,,0.7703380225090687,,,,
2015-11-06,,,,,,,,,,,0.14593778293786114,,,,,,,,,,,,,,,,,,,,,,,0.019616657400030862,,,,
2015-11-13,,,,,,,,,,,0.44704114536014633,,,,,,,,,,,,,,,,,,,,,,,2.6860238075658502,,,,
2015-11-20,,,,,,,,,,,-0.6103672354472688,,,,,,,,,,,,,,,,,,,,,,,-0.256067130391083,,,,
2015-11-27,,,,,,,,,,,-0.3542969326419348,,,,,,,,,,,,,,,,,,,,,,,-0.18435842758752444,,,,
2015-12-04,,,,,,,,,,,-0.007131001923238629,,,,,,,,,,,,,,,,,,,,,,,-0.13755652168632804,,,,
2015-12-11,,,,,,,,,,,-0.0027371296758688006,,,,,,,,,,,,,,,,,,,,,,,0.10961243180040325,,,,
2015-12-18,,,,,,,,,,,-0.006586462868675751,,,,,,,,,,,,,,,,,,,,,,,-3.3177839801375986,,,,
2015-12-25,,,,,,,,,,,-0.009743084457788168,,,,,,,,,,,,,,,,,,,,,,,-0.04917542760541035,,,,
2015-12-31,,,,,,,,,,,0.29048746282605714,,,,,,,,,,,,,,,,,,,,,,,0.20111283004643016,,,,
2016-01-08,,,,,,,,,,,0.010885864120361237,,,,,,,,,,,,,,,,,,,,,,,1.1273856391459094,,,,
2016-01-15,,,,,,,,,,,-0.1282038887908861,,,,,,,,,,,,,,,,,,,,,,,-0.038845519683060374,,,,
2016-01-22,,,,,,,,,,,-0.06797121047604043,,,,,,,,,,,,,,,,,,,,,,,-0.03324172368913102,,,,
2016-01-29,,,,,,,,,,,-0.024385634997832223,,,,,,,,,,,,,,,,,,,,,,,0.01263292512266223,,,,
2016-02-05,,,,,,,,,,,-0.005017564319059331,,,,,,,,,,,,,,,,,,,,,,,0.48070135516045026,,,,
2016-02-19,,,,,,,,,,,-0.06060992514133359,,,,,,,,,,,,,,,,,,,,,,,-0.16534568008467,,,,
2016-02-26,,,,,,,,,,,0.027576763900010126,,,,,,,,,,,,,,,,,,,,,,,0.041637720183313104,,,,
2016-03-04,,,,,,,,,,,-0.00812328165668329,,,,,,,,,,,,,,,,,,,,,,,0.060146590934736996,,,,
2016-03-11,,,,,,,,,,,-0.013345355550012563,,,,,,,,,,,,,,,,,,,,,,,-0.0018726532203072674,,,,
2016-03-18,,,,,,,,,,,-0.07381555107397708,,,,,,,,,,,,,,,,,,,,,,,1.0922283742662287,,,,
2016-03-25,,,,,,,,,,,0.08199028284383805,,,,,,,,,,,,,,,,,,,,,,,0.150171205218808,,,,
2016-05-27,,,,,,,,,,0.13451583782444798,,,,,,,,,,,,,,,,,,,-0.03323683416951161,,,,,,,,,
2016-06-03,,,,,,,,,,0.03595810024540241,-0.0007712211708521644,,,,,,,,,,,,,,,,,,4.311983869776492,,,,,-0.052939040727673914,,,,
2016-06-08,,,,,,,,,,0.34103821019109354,-0.4401514169467502,,,,,,,,,,,,,,,,,,-0.16048385903351778,,,,,-0.28833475583882917,,,,
2016-06-17,,,,,,,,,,-0.03418876204223502,-0.0007753710066435007,,,,,,,,,,,,,,,,,,-1.941342606973102,,,,,-0.15049214510555456,,,,
2016-06-24,,,,,,,,,,0.02109356430128848,0.010992253167258874,,,,,,,,,,,,,,,,,,0.7848261407866206,,,,,-0.016979279942306406,,,,
2016-07-01,,,,,,,,,,-1.1682949962111895,0.493130184606534,,,,,,,,,,,,,,,,,,0.35130729622349927,,,,,-0.02157638439421756,,,,
2016-07-08,,,,,,,,,,-0.002419951503252735,0.024813814857948573,,,,,,,,,,,,,,,,,,0.3453625087481834,,,,,0.009594374952065717,,,,
2016-07-15,,,,,,,,,,-0.4129244856420958,-0.03462452393216865,,,,,,,,,,,,,,,,,,-0.37998034077762016,,,,,-1.6423334507710945,,,,
2016-07-22,,,,,,,,,,0.0465418830356424,-0.987454612133808,,,,,,,,,,,,,,,,,,-0.3056028820801512,,,,,-0.1908388276675714,,,,
2016-07-29,,,,,,,,,,-0.0269935606665353,-0.5716735557111121,,,,,,,,,,,,,,,,,,-0.7453078951176259,,,,,-0.0397604235646983,,,,
2016-08-05,,,,,,,,,,0.0017262360021785279,0.01765460373215773,,,,,,,,,,,,,,,,,,0.003563084602026363,,,,,-0.010001936940332107,,,,
2016-08-12,,,,,,,,,,-0.009337451694665527,-0.0017532262454220406,,,,,,,,,,,,,,,,,,-0.00863307959305993,,,,,0.2570971252586629,,,,
2016-08-19,,,,,,,,,,0.005926804963449006,-0.0032223646589447847,,,,,,,,,,,,,,,,,,0.2945260482820196,,,,,-1.489469861620196,,,,
2016-08-26,,,,,,,,,,-0.0072761251410577085,-0.4104167206618595,,,,,,,,,,,,,,,,,,1.2940592519838303,,,,,,,,,
2016-09-02,,,,,,,,,,-0.0011082150542123751,0.23139511265386062,,,,,,,,,,,,,,,,,,1.2489128426937448,,,,,,,,,
2016-09-09,,,,,,,,,,0.008955979519242027,-0.18648534269219758,,,,,,,,,,,,,,,,,,-1.5377337141545189,,,,,,,,,
2016-09-14,,,,,,,,,,0.0015424536382520615,0.095359310628096,,,,,,,,,,,,,,,,,,-0.012616794300473008,,,,,,,,,
2016-09-23,,,,,,,,,,0.2066793024007409,-0.0006863333942812636,,,,,,,,,,,,,,,,,,-0.002709563447564961,,,,,,,,,
2016-09-30,,,,,,,,,,0.003856699853985833,-0.0007745810170917911,,,,,,,,,,,,,,,,,,-0.0013479491941557147,,,,,,,,,
2016-10-14,,,,,,,,,,-0.2727938692509799,-0.010961306717580246,,,,,,,,,,,,,,,,,,0.342270504939245,,,,,,,,,
2016-10-21,,,,,,,,,,0.002909966540629731,-0.048905071664174675,,,,,,,,,,,,,,,,,,-0.016783582082331303,,,,,,,,,
2016-10-28,,,,,,,,,,0.010385811596643016,-0.02328372322620563,,,,,,,,,,,,,,,,,,-0.02458889192229284,,,,,,,,,
2016-11-04,,,,,,,,,,0.17048973792101335,-0.01412086194225698,,,,,,,,,,,,,,,,,,-0.004934676482981793,,,,,,,,,
2016-11-11,,,,,,,,,,-0.025706988048249738,-0.07527171889291089,,,,,,,,,,,,,,,,,,-0.013578007399560239,,,,,,,,,
2016-11-18,,,,,,,,,,-0.8720356327452661,-0.10660289145535358,,,,,,,,,,,,,,,,,,-0.05864255811920127,,,,,,,,,
2016-11-25,,,,,,,,,,0.0010337463254394587,-0.004251593581687688,,,,,,,,,,,,,,,,,,-0.057441118366259786,,,,,,,,,
2016-12-02,,,,,,,,,,0.02926863409895644,0.05872416896647275,,,,,,,,,,,,,,,,,,-0.0111276897077573,,,,,,,,,
2016-12-09,,,,,,,,,,0.551591421423618,0.6632587417234113,,,,,,,,,,,,,,,,,,0.031221535126334896,,,,,,,,,
2016-12-16,,,,,,,,,,0.005516105412673495,0.06289888204033024,,,,,,,,,,,,,,,,,,-0.001466153890777156,,,,,,,,,
2016-12-23,,,,,,,,,,0.08547443369488475,-0.07873096618994542,,,,,,,,,,,,,,,,,,-0.004279002414968057,,,,,,,,,
2016-12-31,,,,,,,,,,0.000845510885769037,2.8800986493907943,,,,,,,,,,,,,,,,,,-0.0005391786106697361,,,,,,,,,
2017-01-06,,,,,,,,,,-0.0011357620962555758,-0.0007820575725292438,,,,,,,,,,,,,,,,,,0.40767151044873795,,,,,,,,,
2017-01-13,,,,,,,,,,-0.0032339150417430036,-0.004378557278971615,,,,,,,,,,,,,,,,,,-0.000788171819128077,,,,,,,,,
2017-01-20,,,,,,,,,,0.0017669479853774884,0.0002921249824606627,,,,,,,,,,,,,,,,,,-0.009033386338038244,,,,,,,,,
2017-01-26,,,,,,,,,,0.014466775030087453,-0.10198848908722878,,,,,,,,,,,,,,,,,,0.06449251546338751,,,,,,,,,
2017-02-03,,,,,,,,,,0.008645103549017114,-0.07135005577841241,,,,,,,,,,,,,,,,,,0.17157246032374002,,,,,,,,,
2017-02-10,,,,,,,,,,0.1443110960701062,-0.0008216946848994216,,,,,,,,,,,,,,,,,,-0.2826665308337917,,,,,,,,,
2017-02-17,,,,,,,,,,-0.16552955216827492,-0.02910145628740969,,,,,,,,,,,,,,,,,,-0.012580976915025598,,,,,,,,,
2017-02-24,,,,,,,,,,0.12489924123169657,0.08370028991277881,,,,,,,,,,,,,,,,,,-0.034171171976091985,,,,,,,,,
2017-03-03,,,,,,,,,,0.479830284467147,-0.01751705515848776,,,,,,,,,,,,,,,,,,-0.0013368004853751567,,,,,,,,,
2017-03-10,,,,,,,,,,0.24823524485909382,-0.0425518536508147,,,,,,,,,,,,,,,,,,-0.4720830871535934,,,,,,,,,
2017-03-17,,,,,,,,,,-0.11607772820341249,0.004645450493444088,,,,,,,,,,,,,,,,,,-0.02263114760706892,,,,,,,,,
2017-03-24,,,,,,,,,,0.1295446115532326,-1.3814832953934602,,,,,,,,,,,,,,,,,,-0.0006417669413166802,,,,,,,,,
2017-03-31,,,,,,,,,,-0.7448653361715675,,,,,,,,,,,,,,,,,,,,,,,,,,,,
2017-04-07,,,,,,,,,,0.23237778578847448,,,,,,,,,,,,,,,,,,,,,,,,,,,,
2017-04-14,,,,,,,,,,-0.08368508722154991,,,,,,,,,,,,,,,,,,,,,,,,,,,,
2017-04-21,,,,,,,,,,0.3363061715401632,,,,,,,,,,,,,,,,,,,,,,,,,,,,
2017-04-28,,,,,,,,,,-2.144920151924916,,,,,,,,,,,,,,,,,,,,,,,,,,,,
2017-05-05,,,,,,,,,,0.047056214648570446,,,,,,,,,,,,,,,,,,,,,,,,,,,,
2017-05-12,,,,,,,,,,0.056500135211848324,,,,,,,,,,,,,,,,,,,,,,,,,,,,
2017-05-19,,,,,,,,,,1.813123857041931,,,,,,,,,,,,,,,,,,,,,,,,,,,,
2017-05-26,,,,,,,,,,0.1988770619656471,,,,,,,,,,,,,,,,,,,,,,,,,,,,
2017-06-02,,,,,,,,,,0.042439526376688665,0.020957416234739734,,,,,,,,,,,,,,,,,,,,,,,,,,,
2017-06-09,,,,,,,,,,1.085202739832254,-0.03979234863377198,,,,,,,,,,,,,,,,,,,,,,,,,,,
2017-06-16,,,,,,,,,,-0.6653085962540246,0.3904875016134751,,,,,,,,,,,,,,,,,,,,,,,,,,,
2017-06-23,,,,,,,,,,0.8336468153406298,-0.00046551344698291257,,,,,,,,,,,,,,,,,,,,,,,,,,,
2017-06-30,,,,,,,,,,-0.0074947650270827705,0.007885239971654402,,,,,,,,,,,,,,,,,,,,,,,,,,,
2017-07-07,,,,,,,,,,-2.3713446055313883,0.05989462139897127,,,,,,,,,,,,,,,,,,,,,,,,,,,
2017-07-14,,,,,,,,,,0.00939270486930051,-0.3011798230692534,,,,,,,,,,,,,,,,,,,,,,,,,,,
2017-07-21,,,,,,,,,,-2.7671436423981772,0.6190944013463769,,,,,,,,,,,,,,,,,,,,,,,,,,,
2017-07-28,,,,,,,,,,1.4224112834336962,0.4312972613461403,,,,,,,,,,,,,,,,,,,,,,,,,,,
2017-08-04,,,,,,,,,,-0.0009239287222034907,-0.1980570741925102,,,,,,,,,,,,,,,,,,,,,,,,,,,
2017-08-11,,,,,,,,,,0.006700766334944751,-8.670645323360663e-05,,,,,,,,,,,,,,,,,,,,,,,,,,,
2017-08-18,,,,,,,,,,0.043173610250137794,0.00733815261066464,,,,,,,,,,,,,,,,,,,,,,,,,,,
2017-08-25,,,,,,,,,,4.049262139146341,-0.3040910874150798,,,,,,,,,,,,,,,,,,,,,,,,,,,
2017-09-01,,,,,,,,,,0.009114236729812337,,,,,,,,,,,,,,,,,,,,,,,,,,,,
2017-09-08,,,,,,,,,,0.009452465277403923,,,,,,,,,,,,,,,,,,,,,,,,,,,,
2017-09-15,,,,,,,,,,0.012756212978419841,,,,,,,,,,,,,,,,,,,,,,,,,,,,
2017-09-22,,,,,,,,,,0.012168718644563401,,,,,,,,,,,,,,,,,,,,,,,,,,,,
2017-09-30,,,,,,,,,,0.2948060223019635,,,,,,,,,,,,,,,,,,,,,,,,,,,,
2017-10-13,,,,,,,,,,0.008322783048059695,,,,,,,,,,,,,,,,,,,,,,,,,,,,
2017-10-20,,,,,,,,,,0.03269923618308506,,,,,,,,,,,,,,,,,,,,,,,,,,,,
2017-10-27,,,,,,,,,,0.441483432363343,,,,,,,,,,,,,,,,,,,,,,,,,,,,
2017-11-03,,,,,,,,,,0.15140156722433362,,,,,,,,,,,,,,,,,,,,,,,,,,,,
2017-11-10,,,,,,,,,,-0.04303649720018793,,,,,,,,,,,,,,,,,,,,,,,,,,,-0.084649410724485,
2017-11-17,,,,,,,,,,-1.15999055601881,,,,,,,,,,,,,,,,,,,,,,,,,,,-0.0047984291250903165,
2017-11-24,,,,,,,,,,0.017941939016200628,,,,,,,,,,,,,,,,,,,,,,,,,,,-8.394402890207791e-05,
2017-12-01,,,,,,,,,,0.2710592019915565,,,,,,,,,,,,,,,,,,,,,,,,,,,-0.00011325831070807765,
2017-12-08,,,,,,,,,,-1.695190144641325,,,,,,,,,0.073824049016391,,,,,,,,,,,,,,,,,,-9.830658392833959e-05,
2017-12-15,,,,,,,,,,0.023430716040723415,,,,,,,,,-0.03548775268500197,,,,,,,,,,,,,,,,,,-0.00021158367278575695,
2017-12-22,,,,,,,,,,0.021771559587740456,,,,,,,,,-0.15426239162082286,,,,,,,,,,,,,,,,,,-0.021594106705688246,
2017-12-31,,,,,,,,,,0.013477768205702387,,,,,,,,,-0.0004922578833488163,,,,,,,,,,,,,,,,,,0.11242115027617133,
2018-01-05,,,,,,,,,,-1.351861058831054,,,,,,,,,-0.0007189451223034459,,,,,,,,,,,,,,,,,,-0.0004758959954182796,
2018-01-12,,,,,,,,,,-0.5743983759751936,,,,,,,,,0.1364792507503797,,,,,,,,,,,,,,,,,,-0.032991323387375746,
2018-01-19,,,,,,,,,,0.2645270323070258,,,,,,,,,0.5975372254351801,,,,,,,,,,,,,,,,,,-0.00014178227234138598,
2018-01-26,,,,,,,,,,0.0014327390323924652,,,,,,,,,0.005680642450677677,,,,,,,,,,,,,,,,,,0.02644574259124367,
2018-02-02,,,,,,,,,,0.03795656722950682,,,,,,,,,0.06893924103608326,,,,,,,,,,,,,,,,,,0.0057987572997148995,
2018-02-09,,,,,,,,,,0.019478695392843394,,,,,,,,,-0.11524496187502915,,,,,,,,,,,,,,,,,,-1.0220167230391082,
2018-02-14,,,,,,,,,,0.01618185845726451,,,,,,,,,-0.21276035796886986,,,,,,,,,,,,,,,,,,0.06977690174902247,
2018-02-23,,,,,,,,,,0.05600419994088907,,,,,,,,,0.0006734425083458938,,,,,,,,,,,,,,,,,,0.11754929115922227,
2018-03-02,,,,,,,,,,0.02742092123404053,,,,,,,,,-0.006596907640692727,,,,,,,,,,,,,,,,,,-4.648536300556146e-05,
2018-03-09,,,,,,,,,,0.02753447331867711,,,,,,,,,-0.043472881913055164,,,,,,,,,,,,,,,,,,-0.3968348904502728,
2018-03-16,,,,,,,,,,0.02326352213652058,,,,,,,,,0.7505311711926068,,,,,,,,,,,,,,,,,,-1.1724099536792,
2018-03-23,,,,,,,,,,0.10625609982848655,,,,,,,,,-0.06496628022900688,,,,,,,,,,,,,,,,,,0.016112741628224056,
2018-06-01,,,,,,,,,,,,,,,,,,,,,,,,,,,,,,,,,,,,0.022324638524678444,,
2018-06-08,,,,,,,,,,,,,,,,,,,,,,,,,,,,,,,,,,,,-0.33272798147075333,,
2018-06-15,,,,,,,,,,,,,,,,,,,,,,,,,,,,,,,,,,,,0.08364351555453962,,
2018-06-22,,,,,,,,,,,,,,,,,,,,,,,,,,,,,,,,,,,,0.6181709621619008,,
2018-06-30,,,,,,,,,,,,,,,,,,,,,,,,,,,,,,,,,,,,-1.4073176950436233,,
2018-07-06,,,,,,,,,,,,,,,,,,,,,,,,,,,,,,,,,,,,-0.005166437909616579,,
2018-07-13,,,,,,,,,,,,,,,,,,,,,,,,,,,,,,,,,,,,-0.16677947970458504,,
2018-07-20,,,,,,,,,,,,,,,,,,,,,,,,,,,,,,,,,,,,-0.2862836001756985,,
2018-07-27,,,,,,,,,,,,,,,,,,,,,,,,,,,,,,,,,,,,0.0029980029180353435,,
2018-08-03,,,,,,,,,,,,,,,,,,,,,,,,,,,,,,,,,,,,0.14365463058565814,,
2018-08-10,,,,,,,,,,,,,,,,,,,,,,,,,,,,,,,,,,,,0.2253616843282644,,
2018-08-17,,,,,,,,,,,,,,,,,,,,,,,,,,,,,,,,,,,,0.17349042857034483,,
2018-08-24,,,,,,,,,,,,,,,,,,,,,,,,,,,,,,,,,,,,0.4451462222382546,,
2018-08-31,,,,,,,,,,,,,,,,,,,,,,,,,,,,,,,,,,,,-0.024521932882481015,,
2018-09-07,,,,,,,,,,,,,,,,,,,,,,,,,,,,,,,,,,,,0.014379684620452887,,
2018-09-14,,,,,,,,,,,,,,,,,,,,,,,,,,,,,,,,,,,,0.006437471425371964,,
2018-09-21,,,,,,,,,,,,,,,,,,,,,,,,,,,,,,,,,,,,-0.3754835908476299,,
2018-09-30,,,,,,,,,,,,,,,,,,,,,,,,,,,,,,,,,,,,-0.11821405457875055,,
2018-10-12,,,,,,,,,,,,,,,,,,,,,,,,,,,,,,,,,,,,0.0030473311513164285,,
2018-10-19,,,,,,,,,,,,,,,,,,,,,,,,,,,,,,,,,,,,0.0037566054359038045,,
2018-10-26,,,,,,,,,,,,,,,,,,,,,,,,,,,,,,,,,,,,-0.01728810694086909,,
2018-11-02,,,,,,,,,,,,,,-0.0027437323056118974,,,,,0.030392767982787786,,,,,,,,,,,,,,,,,-0.062283859695295374,,
2018-11-09,,,,,,,,,,,,,,0.32256901409909816,,,,,-0.00850300406885636,,,,,,,,,,,,,,,,,-0.10242534800475281,,
2018-11-16,,,,,,,,,,,,,,-0.8125850405629664,,,,,-3.2093114860780565,,,,,,,,,,,,,,,,,-0.24364219616471416,,
2018-11-23,,,,,,,,,,,,,,0.08456568384099439,,,,,-0.00046767961614043916,,,,,,,,,,,,,,,,,0.0056548185219534135,,
2018-11-30,,,,,,,,,,,,,,1.1161679931490414,,,,,0.026323750548278794,,,,,,,,,,,,,,,,,-0.004381805308293014,,
2018-12-07,,,,,,,,,,,,,,-0.020441169048469807,,,,,-0.00045639019862739376,,,,,,,,,,,,,,,,,-0.23498917125646537,,
2018-12-14,,,,,,,,,,,,,,0.001694076189696003,,,,,0.01638255448897818,,,,,,,,,,,,,,,,,0.0013316526282423184,,
2018-12-21,,,,,,,,,,,,,,0.5259571079492227,,,,,-0.02362928622215144,,,,,,,,,,,,,,,,,-0.01122342336800929,,
2018-12-28,,,,,,,,,,,,,,0.017394833229533224,,,,,-0.0004447291715490407,,,,,,,,,,,,,,,,,1.2093221244754822,,
2019-01-04,,,,,,,,,,,,,,0.0021383541189065004,,,,,-0.0024054776147337895,,,,,,,,,,,,,,,,,0.08622334528355213,,
2019-01-11,,,,,,,,,,,,,,0.08106592216597738,,,,,0.15542089558367217,,,,,,,,,,,,,,,,,0.3587982522651213,,
2019-01-18,,,,,,,,,,,,,,0.08543134537038755,,,,,0.04881870924933384,,,,,,,,,,,,,,,,,0.011543542658058459,,
2019-01-25,,,,,,,,,,,,,,0.11880007635593959,,,,,-0.0006416028142031404,,,,,,,,,,,,,,,,,0.0019072808759963054,,
2019-02-01,,,,,,,,,,,,,,0.18170620326246234,,,,,0.003503508261039738,,,,,,,,,,,,,,,,,0.01897141350190719,,
2019-02-15,,,,,,,,,,,,,,-0.13204151775431816,,,,,0.912683475648154,,,,,,,,,,,,,,,,,0.12617890490785277,,
2019-02-22,,,,,,,,,,,,,,-0.4787136854054477,,,,,0.00968649743676992,,,,,,,,,,,,,,,,,-0.00814055312467267,,
2019-03-01,,,,,,,,,,,,,,0.007240436593123118,,,,,-0.4045316287336488,,,,,,,,,,,,,,,,,-0.008801730867708624,,
2019-03-08,,,,,,,,,,,,,,0.3312450648246207,,,,,-1.0844660050593766,,,,,,,,,,,,,,,,,0.27340665118540813,,
2019-03-15,,,,,,,,,,,,,,0.0023258014836444983,,,,,0.5501643048529503,,,,,,,,,,,,,,,,,0.0933959924341537,,
2019-03-22,,,,,,,,,,,,,,0.42311421443453723,,,,,1.3573281040282472,,,,,,,,,,,,,,,,,0.0024550662283030424,,
2019-03-31,,,,,,,,,,,,,,,,,,,-0.1089013062283978,,,,,,,,,,,,,,,,,,,
2019-04-04,,,,,,,,,,,,,,,,,,,0.5132271377400967,,,,,,,,,,,,,,,,,,,
2019-04-12,,,,,,,,,,,,,,,,,,,-0.47302266901614953,,,,,,,,,,,,,,,,,,,
2019-04-19,,,,,,,,,,,,,,,,,,,-0.08457088735141821,,,,,,,,,,,,,,,,,,,
2019-04-26,,,,,,,,,,,,,,,,,,,0.10248947731244054,,,,,,,,,,,,,,,,,,,
2019-04-30,,,,,,,,,,,,,,,,,,,0.00767023022364979,,,,,,,,,,,,,,,,,,,
2019-05-10,,,,,,,,,,,,,,,,,,,-0.3139681436900758,,,,,,,,,,,,,,,,,,,
2019-05-17,,,,,,,,,,,,,,,,,,,-0.0116871567774219,,,,,,,,,,,,,,,,,,,
2019-05-24,,,,,,,,,,,,,,,,,,,0.07525502734373177,,,,,,,,,,,,,,,,,,,
2019-05-31,,,,,,,,,,,,,,,,,,,0.00843183551000943,,,,,,,,,,1.1962621784430603,,,,,0.5424711121942168,,,,
2019-06-06,,,,,,,,,,,,,,,,,,,0.008233251089180597,,,,,,,,,,0.057310935965532245,,,,,0.021822505451573673,,,,
2019-06-14,,,,,,,,,,,,,,,,,,,-0.0004269237765786653,,,,,,,,,,-0.00046798366360991474,,,,,0.002209954144161968,,,,
2019-06-21,,,,,,,,,,,,,,,,,,,0.15975966714770062,,,,,,,,,,-0.11621713676226647,,,,,0.7335897668561024,,,,
2019-06-30,,,,,,,,,,,,,,,,,,,-0.0023200087714655235,,,,,,,,,,0.008658173060086583,,,,,-0.014325171194325192,,,,
2019-07-05,,,,,,,,,,,,,,,,,,,0.027272020737878128,,,,,,,,,,-0.0005831505729595367,,,,,0.015392251266895567,,,,
2019-07-12,,,,,,,,,,,,,,,,,,,-0.6544463562050032,,,,,,,,,,-1.4744066609015343,,,,,-1.816584694796305,,,,
2019-07-19,,,,,,,,,,,,,,,,,,,-0.0009968025405713843,,,,,,,,,,0.23669797848361576,,,,,0.0009967512783833072,,,,
2019-07-26,,,,,,,,,,,,,,,,,,,0.014940285337445174,,,,,,,,,,-0.15280182551611848,,,,,0.10245307854294221,,,,
2019-08-02,,,,,,,,,,,,,,,,,,,-0.000962934533672798,,,,,,,,,,-0.4777024955040675,,,,,-0.014857336325643643,,,,
2019-08-09,,,,,,,,,,,,,,,,,,,-0.17140471014545136,,,,,,,,,,0.017260861640961682,,,,,-0.41065704915115464,,,,
2019-08-16,,,,,,,,,,,,,,,,,,,0.22287737380840428,,,,,,,,,,-0.00412841462304136,,,,,0.31558762884603075,,,,
2019-08-23,,,,,,,,,,,,,,,,,,,,,,,,,,,,,0.6466336053955837,,,,,0.010180154825349414,,,,
2019-08-30,,,,,,,,,,,,,,,,,,,,,,,,,,,,,0.05432021739710133,,,,,0.03309061181164438,,,,
2019-09-06,,,,,,,,,,,,,,,,,,,,,,,,,,,,,-0.0002506601364947281,,,,,0.6217305620938696,,,,
2019-09-12,,,,,,,,,,,,,,,,,,,,,,,,,,,,,-0.012818750478038148,,,,,0.0019376403048440628,,,,
2019-09-20,,,,,,,,,,,,,,,,,,,,,,,,,,,,,-0.9515613873068658,,,,,1.7283906909132667,,,,
2019-09-27,,,,,,,,,,,,,,,,,,,,,,,,,,,,,0.03546752853185845,,,,,-0.0067418935888575405,,,,
2019-09-30,,,,,,,,,,,,,,,,,,,,,,,,,,,,,0.056577294063568866,,,,,-0.017936415941740738,,,,
2019-10-11,,,,,,,,,,,,,,,,,,,,,,,,,,,,,0.058383056968389656,,,,,-0.029382234658876277,,,,
2019-10-18,,,,,,,,,,,,,,,,,,,,,,,,,,,,,-0.1900542790923768,,,,,0.003222770135576031,,,,
2019-10-25,,,,,,,,,,,,,,,,,,,,,,,0.25636263071965637,,,,,,-0.28548110904669316,,,,,-0.0327617700261815,,,,
2019-11-01,,,,,,,,,,,,,,0.15644798364673945,,,,,,,,,0.01594670363694541,,,,,,-0.003684869551303775,,,,,0.017044603495477394,,-0.1859557569291603,,
2019-11-08,,,,,,,,,,,,,,-1.9017847482084054,,,,,,,,,0.0014117037190464958,,,,,,0.024817149578303357,,,,,-0.06651111537191956,,0.10085629414296463,,
2019-11-15,,,,,,,,,,,,,,0.006786986656395634,,,,,,,,,-0.017273407057498084,,,,,,-0.02533783918947871,,,,,0.0034159304978575895,,0.4291875239494698,,
2019-11-22,,,,,,,,,,,,,,0.00250470159650302,,,,,,,,,-0.019334546179610907,,,,,,0.023849572969439202,,,,,-0.062440456590067306,,-0.10909546806405257,,
2019-11-29,,,,,,,,,,,,,,0.0016425829553371176,,,,,,,,,-0.05184102855697441,,,,,,-0.003411116662018242,,,,,-0.009671541111315404,,0.0019978232574889903,,
2019-12-06,,,,,,,,,,,,,,0.0034418365859973576,,,,,,,,,0.0012149372360237838,,,,,,-0.0008839558755241694,,,,,-0.033593683176381714,,0.6409900340518244,,
2019-12-13,,,,,,,,,,,,,,-0.05509847496699734,,,,,,,,,1.276661797659826,,,,,,-0.003228536305207703,,,,,-0.0006416660265490488,,-2.033164164484502,,
2019-12-20,,,,,,,,,,,,,,-0.01678678664780604,,,,,,,,,2.74534713329391,,,,,,-0.009449847484193433,,,,,0.16141017745709185,,-0.1802186552489606,,
2019-12-27,,,,,,,,,,,,,,0.010617512850547819,,,,,,,,,0.004517541128250171,,,,,,0.023757621612581957,,,,,0.009398641306501785,,-0.40761335262627546,,
2020-01-03,,,,,,,,,,,,,,0.8619348639391939,,,,,,,,,-1.8824538826779813,,,,,,-0.00945275574741585,,,,,0.055713326957030344,,0.610588113508782,,
2020-01-10,,,,,,,,,,,,,,-0.23251879491541216,,,,,,,,,-0.023110923824740302,,,,,,-0.0012876072423133123,,,,,-0.009940574289424079,,0.12481415350845329,0.13532856649191294,
2020-01-17,,,,,,,,,,,,,,0.097737829549611,,,,,,,,,1.7759511471293026,,,,,,-0.003321893162979969,,,,,-0.0018852562773906945,,-0.36873833021562685,-0.004089072766960432,
2020-01-23,,,,,,,,,,,,,,0.2167804505116609,,,,,,,,,0.0017221136135736463,,,,,,0.015059711761285718,,,,,0.05315116829612513,,-0.3865824289223398,0.004453019149142975,
2020-02-07,,,,,,,,,,,,,,-0.03210275551977999,,,,,,,,,-0.09154711087230855,,,,,,0.5170735737566547,,,,,-0.03847634197716925,,-0.15383443121077345,0.0023069906787616654,
2020-02-14,,,,,,,,,,,,,,0.6770162536632269,,,,,,,,,-0.0031194677775077486,,,,,,-0.0007385549230701385,,,,,-0.01384892651140264,,0.24405691757018041,0.15651668476199795,
2020-02-21,,,,,,,,,,,,,,0.024897117749355983,,,,,,,,,0.12254411561157004,,,,,,0.08407205547753774,,,,,-0.21725057868890565,,0.10715745799564999,-2.7534496155776504,
2020-02-28,,,,,,,,,,,,,,0.11534785117776261,,,,,,,,,0.006737455721589966,,,,,,0.004351770056756701,,,,,-0.16032109032873754,,-0.17082789894243214,-0.43267122078697706,
2020-03-06,,,,,,,,,,,,,,0.04675005195907428,,,,,,,,,1.9397802410950216,,,,,,-0.045553922900805295,,,,,1.49589256364998,,0.19919462776064384,-0.6647298217434852,
2020-03-13,,,,,,,,,,,,,,0.0263401006209359,,,,,,,,,-0.17573647782333712,,,,,,-1.514679458177266,,,,,0.01763512764304939,,-0.1308762150252818,-0.013643297053561682,
2020-03-20,,,,,,,,,,,,,,-0.003430132239604705,,,,,,,,,0.000891406694022071,,,,,,-0.0011485089447410349,,,,,-0.0014037210336087375,,-0.003604628358307061,0.0038025702290312696,
2020-03-27,,,,,,,,,,,,,,-0.3750211406091275,,,,,,,,,-0.021725078387726228,,,,,,-0.05136651249722801,,,,,-0.05492228564536773,,-2.2999298689204863,0.6008641048919436,
2020-04-03,,,,,,,,,,,,,,0.002849312459635884,,,,,,,,,0.0041526707359072984,,,,,,0.021726875476717075,,,,,-0.01450712809443493,,0.2530547722345948,0.954551597690923,
2020-04-10,,,,,,,,,,,,,,0.5593021530843801,,,,,,,,,-6.477366538817919e-06,,,,,,0.014793817288294861,,,,,-0.10917006423102196,,-0.012637187425994612,,
2020-04-17,,,,,,,,,,,,,,0.0015923787347471114,,,,,,,,,0.38976593513457614,,,,,,-0.0025314248648430067,,,,,0.06760475812168801,,0.0021944915494430403,,
2020-04-24,,,,,,,,,,,,,,1.0239192571199862,,,,,,,,,0.16438062839374318,,,,,,0.004224801046305217,,,,,-0.06782253270832715,,-0.613197790222082,,
2020-04-30,,,,,,,,,,,,,,0.09969964484501519,,,,,,,,,0.010420211716697115,,,,,,-0.008919608734189479,,,,,-0.0007824894175974627,,1.1520187655285565,,
2020-05-08,,,,,,,,,,,,,,0.12069282214340288,,,,,,,,,1.121484922868251,,,,,,0.053316223494951825,,,,,0.00858072868163543,,-0.003027917277488528,,
2020-05-15,,,,,,,,,,,,,,0.0023139529756322753,,,,,,,,,0.04687804359799079,,,,,,0.8487514753596307,,,,,-0.05359523435900958,,-0.19672112120903004,,
2020-05-22,,,,,,,,,,,,,,-0.7985313453133767,,,,,,,,,0.09903114809493266,,,,,,0.20100404209734715,,,,,-0.0011143093862696729,,0.146910737316035,,
2020-05-29,0.3334525073889738,,,,,,,,,,,,,-0.20542922826082546,,,,,,,,,-1.2994434844293998,,,,,,-0.070091414117509,,,-0.0005775629731205998,,0.046386196858929155,,0.010136084017990103,,
2020-06-05,0.1359499622469393,,,,,,,,,,,,,-0.0005519314259033303,,,,,-0.21912585977671703,,,,1.1434889665549335,,,,,,0.3146369627858322,,,-0.00036009131649729093,,0.00012471944135090756,,-1.2300984517040863,,
2020-06-12,0.2516136891184852,,,,,,,,,,,,,-0.20651282425125833,,,,,-0.0033739461990719213,,,,-0.36364909140086515,,,,,,0.03371054382089658,,,-1.0888219071563319,-0.07788748529140904,0.002686893678752292,,-0.0037785309544874418,,
2020-06-19,-1.032857113557538,,,,,,,,,,,,,0.08023083758868102,,,,,0.0075791660577130895,,,,-0.8045079230089557,,,,,,0.19448953970972332,,,-0.016597894373309385,0.18901703007366705,0.3084491225851272,,-0.1839093947885919,,0.3717119401004791
2020-06-24,-0.29495125287875484,,,,,,,,,,,,,0.14680961698494616,,,,,-0.021935426001317936,,,,0.012101213855064893,,,,,,0.002370367866435996,,,-0.18372387090916956,-0.01990466372861004,0.1467561176093751,,0.01154391203015985,,0.0015395433794920402
2020-07-03,0.0009853653818522427,,,,,,,,,,,,,0.0348636115363412,,,,,-0.016543603155727372,,,,-0.13076016554190031,,,,,,0.27344947606296177,,,0.027922793538669582,-0.023064795378188317,-0.35799015284976926,,-0.0035973413792560974,,-0.08005150786839896
2020-07-10,0.24160086352543744,,,,,,,,,,,,,-0.07961325918783464,,,,,0.00264400082512151,,,,0.0027086226180744284,,,,,,0.0008208267371331922,,,-0.0004431186632801074,-0.00794920351743227,0.00519610416265345,,-0.11637233793775048,,0.18454292131501437
2020-07-17,0.22772759003759463,,,,,,,,,,,,,0.023050131486118026,,,,,0.3053449856391755,,,,0.03481326274592761,,,,,,-0.006388471379927126,,,1.9999309690556575,-0.001217621697479654,-0.739272490770594,,-0.010834723594548484,,-0.003747588451656384
2020-07-24,-1.1270698476665473,,,,,,,,,,,,,0.21089327124420007,,,,,-0.0006807279694486195,,,,2.353185746920733,,,,,,0.002848173456780403,,,-1.331339194917621,0.035928449251813196,0.33666549053341366,,-0.004682394099672813,,-0.057220994974083894
2020-07-31,0.019801843486959382,,,,,,,,,,,,,0.8560314721073011,,,,,-1.052987330588952,,,,0.16580932495193695,,,,,,0.5391942941413483,,,-0.000375608432878158,-0.017871098863565853,0.00970268945475573,,0.02210640828965521,,-0.023083011247117514
2020-08-07,0.021631610672100232,,,,,,,,,,,,,-1.1492695020060943,,,,,0.04829818418173705,,,,0.014885199531318807,,,,,,0.01450762001636783,,,-0.00026468934024686483,0.05054552946078347,-0.08217931620541266,,-0.0035656142234571754,,-0.1652937738400577
2020-08-14,-0.01152754998076908,,,,,,,,,,,,,-0.769799813708257,,,,,0.020450253195914946,,,,0.0327723548356574,,,,,,0.2927790981956012,,,-0.35688677458301593,0.028402124056652104,0.10658713604580748,,-0.030016419997964103,,0.035260415011267206
2020-08-21,0.05287685058875084,,,,,,,,,,,,,-0.0219529928916255,,,,,-1.4304470061615393,,,,-1.5213745018277929,,,,,,-0.5436192155817019,,,-0.00043527165106886374,0.07235866445131504,-0.006812574347234097,,-0.02705061000461591,,2.1619120729766865
2020-08-28,4.050974619865082,,,,,,,,,,,,,0.7845767005042227,,,,,0.061406505612593795,,,,0.14572074024551876,,,,,,,,,-0.031131836178566352,,,,-0.001790093792763344,,0.0015915263616685387
2020-09-04,0.001707436711087048,,,,,,,,,,,,,0.0017974714152810035,,,,,-0.4654620466051681,,,,0.06328013539795724,,,,,,,,,0.028559686428760132,,,,-0.3970795138842453,,
2020-09-11,0.1027829639588376,,,,,,,,,,,,,0.012400789667177363,,,,,-0.03295363082252276,,,,0.13823149505224144,,,,,,,,,-0.07480295362966304,,,,-0.39637107483942574,,
2020-09-18,-0.2901222084424266,,,,,,,,,,,,,0.0012959651249116171,,,,,-0.21935454649042976,,,,-2.5280153126591904,,,,,,,,,-0.040277502353827335,,,,-0.7116231720889964,,
2020-09-25,0.0013136034334220261,,,,,,,,,,,,,0.0011820104471759094,,,,,1.6979861026604204,,,,-0.014496837025590334,,,,,,,,,-0.016624977254908246,,,,0.06220610812737233,,
2020-09-30,-0.046863960976286145,,,,,,,,,,,,,-0.014914482014049772,,,,,0.5047580204161405,,,,0.44899116458524124,,,,,,,,,-0.0008273832602579984,,,,-0.10253713606015316,,
2020-10-09,0.001960569607318125,,,,,,,,,,,,,0.340393176268291,,,,,0.0131253031540068,,,,0.011269530629393874,,,,,,,,,-0.044620664149921746,,,,-0.2633737192026488,,
2020-10-16,0.02790092521580093,,,,,,,,,,,,,0.001505478316276089,,,,,-0.04039959982780976,,,,-0.0019356058850738141,,,,,,,,,-0.00022091113835969662,,,,-0.00989996270524128,,
2020-10-23,-0.004814220543515082,,,,,,,,,,,,,0.011089956151136813,,,,,-0.29487650801494336,,,,-0.002422554681755652,,,,,,,,,1.6727889607480992,,,,0.07535827684123528,,
2020-10-30,0.08490817250218816,-0.008398435097983714,,,-0.00010443882579044857,,,,,,-0.00020287400650192288,,,0.004149678806396232,,,,,0.22066156907474135,,,,-1.4338323188990647,,,,-0.007393974475526115,,,,,-0.0005212502191954834,,,-0.10757788125494881,-0.10087127038908136,-0.37835976620726763,
2020-11-06,-0.04080290281575707,0.0012928073128187815,,,-0.18822202833950927,,,,,,-0.0966582143956793,,,0.7145348192327854,,,,,0.5294966976522629,,,,-0.0007792782225984526,,,,-0.013654964109346612,,,,,0.002977148404303806,,,2.3619413319041046e-05,0.024369991985993655,-0.06254396923237063,
2020-11-13,-0.629847463671057,0.0034591005744904297,,,-0.015297020779864797,,,,,,0.09532860507975227,,,-0.009155014115769628,,,,,-0.5838020181206737,,,,0.04310440454742114,,,,-0.017947758270881103,,,,,-0.174869797046031,,,-0.027296281421745235,-0.07508765308118136,0.08364722974638865,
2020-11-20,0.006527192907181456,0.05128455298155003,,,1.2636839260893415,,,,,,-0.0376942345571327,,,-0.0821871277855759,,,,,0.028577317493821336,,,,-0.05981744165527707,,,,0.06514476874263962,,,,,-0.04593101556930537,,,-0.14501836208272104,-0.18275586598146648,0.015229341804124372,
2020-11-27,0.0021378219992045735,-0.2528319585399448,,,-0.07394241256228118,,,,,,0.10481329192569945,,,0.5148442270661884,,,,,-0.04388282574495989,,,,0.13209784728281682,,,,-1.881141058037622,,,,,0.058760364045566574,,,-0.03525860389648899,-0.05276290632555268,0.010590801881062324,
2020-12-04,0.12479579538729617,0.0004562549139148889,,,-0.0034833354511437514,,,,,,-0.3340630103260051,,,-0.003173837196544928,,,,,-0.8523242448538658,,,,0.05234791558189142,,,,0.9315800996343895,,,,,-0.013843323620444324,,,2.720428020410379e-05,0.14282899550078948,0.02036789955520085,
2020-12-11,0.0020778122715895374,0.016425955032117988,,,-0.8445906455229019,,,,,,-0.060905624789102795,,,0.9323347834146513,,,,,-1.4981912507126325,,,,0.0036571452977030754,,,,-0.0637543730119594,,,,,1.4539047339856483,,,0.009516132097429264,-0.0021431504714161326,0.01965256391511172,
2020-12-18,0.0023574657789500707,0.00029643191495540424,,,0.15204534525979013,,,,,,-0.5698588413668286,,,0.025549495497174265,,,,,0.0065584075865980935,,,,-0.01984899045552449,,,,-1.403380648047468,,,,,0.07813896598360778,,,0.011424243026177713,-0.4127703103868563,-0.002181746155065774,
2020-12-25,-0.007412361362476323,-0.08244392335103705,,,-0.0009003442663963736,,,,,,0.2276209607877472,,,0.0008073879737746098,,,,,-0.6650902472588948,,,,-0.004690595983061191,,,,-0.07641210913456799,,,,,0.0066133658952062645,,,0.011768026339254509,0.6180453769780485,0.022853583469741215,
2020-12-31,0.06221420936270474,0.02752974298000093,,,-0.00011611057618358392,,,,,,-0.0002688548335199343,,,0.663554899636823,,,,,0.015110554019443053,,,,0.003966295355612267,,,,0.04426364724841136,,,,,-2.5718895368739605,,,0.026787646797418994,3.053218480637725,0.006928856745618123,
2021-01-08,0.0019724733068654946,-0.05082632434310155,,,0.48847130401166117,,,,,,0.04779707503024415,,,-0.2407844785140037,,,,,-0.00046479956942663405,,,,0.19588356705138515,,,,-0.030909941571551122,,,,,0.8139872788101231,,,0.018510760076931053,0.0995431009291637,-0.2108471691252062,
2021-01-15,0.013190345471444886,0.0033647374157963037,,,-9.150845832641896e-05,,,,,,0.22829382055555913,,,-0.027111175575410144,,,,,0.0740503998385097,,,,0.02635620254649204,,,,-0.009707486098474943,,,,,0.034300739410708894,,,-0.32853405341224856,0.01032734134482224,0.24560430765694663,
2021-01-22,0.30818211356352687,-0.24513991928154533,,,-2.006911210764564,,,,,,-0.04132177702831332,,,0.001512154852430594,,,,,-1.0012569781828833,,,,-0.025812882203418996,,,,0.0035006533517022223,,,,,-0.022049845572215024,,,-0.09893309658927303,-0.00792185949257733,0.003803621860766425,
2021-01-29,0.06788147373425407,0.0030050485514586792,,,0.35409021949947816,,,,,,-0.0001505770787608059,,,0.014660402779758552,,,,,1.2708694061961117,,,,-0.09367582492508461,,,,0.0018408045655799138,,,,,-0.059545080448165776,,,0.9231102531461023,0.142304718730286,0.1658190091050496,
2021-02-05,0.010991233690999233,-0.2660059452321729,,,0.06938468321062959,,,,,,0.01669573261480605,,,-0.04219544025872016,,,,,-0.28222637061639927,,,,-0.0007075098377160289,,,,-0.12710095036836488,,,,,-0.3482394696765321,,,1.4930061608159966e-05,-0.6356260408612115,0.14202003352223583,
2021-02-10,0.04389040411682481,0.008700811646187788,,,0.007466387523733124,,,,,,-0.09998344439095931,,,0.016641339335373942,,,,,-1.2737972722499016,,,,0.15423887785536355,,,,-0.12183597495182097,,,,,0.3885393526571736,,,6.781693596207739e-05,-0.05139775708667688,0.0030968993121838467,
2021-02-19,0.02959014514312805,0.010736192681569293,,,-0.0011209376392983814,,,,,,-0.0004204414219552285,,,0.15444840492019452,,,,,0.6757414037788669,,,,0.9986203806726799,,,,-0.012178586493471952,,,,,-0.0003431165720214185,,,1.2070917927630873e-05,0.4753282479343849,0.006810822406843399,
2021-02-26,0.009633293476109556,-0.06757748156623856,,,-0.0006009104953966161,,,,,,-0.020330312119429754,,,-0.03782809780950282,,,,,0.08915088472536342,,,,0.3825207182775789,,,,0.9765120184750725,,,,,-1.746281763308849,,,-0.0009752035105241825,-0.5979141523688514,-0.20729392913253455,
2021-03-05,-0.055886711005197744,-0.09341660306176218,,,-7.623267754254147e-05,,,,,,-0.009691233891746746,,,0.11947985047754549,,,,,-0.015616446823398225,,,,0.03815608004051882,,,,-0.0064250564446016924,,,,,0.019062191091469137,,,0.0647625744269861,0.3788489569784154,-0.005386499814923968,
2021-03-12,0.004509635304614275,0.010890755730171805,,,-1.2646871008265772,,,,,,-0.00013854952806174376,,,0.1570899617794016,,,,,-0.007714400212621181,,,,0.020675506713831518,,,,-0.005724828990156695,,,,,-0.00014675924253942815,,,0.00033668330911818694,1.5809663765360633,0.24270570221446983,
2021-03-19,-0.0033120972712229173,-0.06937690633328215,,,0.04791492322770029,,,,,,-0.008044663343473231,,,0.0020202791992480792,,,,,0.07883208375120838,,,,-0.027940482244287104,,,,-0.011282342225630092,,,,,0.13986458890722742,,,0.008981255664921705,0.2555922936366506,0.015630141909416036,
2021-03-26,0.35224238851513956,0.0006128573383226556,,,-0.00023654149895145413,,,,,,0.5499855506164578,,,1.179830300308287,,,,,-0.04092264382398757,,,,0.019149012015232895,,,,0.1315046290110129,,,,,-0.00030690662432572325,,,1.2525792483308832e-05,-0.9026853555936261,0.060018774709791556,
2021-04-02,,,,,,,,,,,,,,0.36517037175904576,,,,,0.018229082089095225,,,,0.004543271822007121,,,,,,,,,,,,4.250201316725311e-05,-0.0063975060783635915,-0.007293548582987346,
2021-04-09,,,,,,,,,,,,,,0.5925233092949596,,,,,0.02215735538729354,,,,0.03771469909123923,,,,,,,,,,,,0.07656507565210482,-0.010327086516500501,-0.1565975697208903,
2021-04-16,,,,,,,,,,,,,,-0.007143424904632941,,,,,-0.20304879995692626,,,,0.007432453869497487,,,,,,,,,,,,8.541823829767368e-06,0.001280402806708117,0.004624692114995212,
2021-04-23,,,,,,,,,,,,,,0.827364470360559,,,,,-0.006787143566257995,,,,0.025958656065166744,,,,,,,,,,,,9.813399782289102e-06,-0.03415625023476533,0.0047515337472234685,
2021-04-30,,,,,,,,,,,,,,-0.00028277088992386974,,,,,0.0018358700418197682,,,,0.01764904575026476,,,,,,,,,,,,-0.19392891222259,0.04223057438719066,0.007027376225408919,
2021-05-07,,,,,,,,,,,,,,0.04609917751220827,,,,,-0.01087939281960893,,,,-0.0005626516137767916,,,,,,,,,,,,5.585299350285665e-05,-0.002172958293265037,0.057284547113947266,
2021-05-14,,,,,,,,,,,,,,-1.518362045941581,,,,,-0.05834002643176879,,,,-0.08344448327877897,,,,,,,,,,,,-0.22391405498864345,0.05235095721915959,0.010996946894724762,
2021-05-21,,,,,,,,,,,,,,0.0052237096273761155,,,,,-0.018643616482629778,,0.01230172874116299,,0.012041485282296795,,,,,,,,,,,,0.000932300725765009,0.0006294766215098141,0.052381503086786456,
2021-05-28,,,,,,,0.0007460578983013893,,,0.03879834447533742,,,,-0.02216777081193369,,,,,-0.0014781625934582475,,0.16123284109370584,,0.012013644719317217,,,,,,,,,,,,-0.0440768528123919,0.02681126703914324,-0.005653582850572698,
2021-06-04,0.10865653799720333,,,,,,0.012571698244637464,,-0.008677061780318317,-0.06942893070677467,,,,-0.08463205292005413,,,,-0.0027328139623866723,0.17384151854094318,-0.02546266024103704,0.004844319552588027,,0.9703357932812188,,,,,,,,,,,-0.2957324591685274,0.1540550929922186,-0.5588041270464914,0.023728676016194005,
2021-06-11,-0.00015478715675959354,,,,,,0.0021571934531231214,,-0.010960026790197754,-0.01764496855385068,,,,0.10583870397993292,,,,-0.09863972126053883,-0.04059807072107252,-0.0005573141540086759,0.12845075326893884,,-2.0057362037405375,,,,,,,,,,,-0.49382620001978733,0.42764449067164617,-2.2559607970989153,0.040107884522582495,
2021-06-18,-0.9866672294767922,,,,,,0.003277558002484487,,0.0012153692546507764,0.011513853021369865,,,,0.1682334019620589,,,,0.007356928738799803,-0.40726982115884647,-0.0006149652475714365,0.6984380859663848,,0.21782692455841907,,,,,,,,,,,-0.015973995438893093,-0.0062567095934139205,0.530762116385526,-0.012398768277186955,
2021-06-25,0.005927676765357904,,,,,,-0.010129544499631687,,-0.08371449065451994,-0.06541607849696973,,,,0.029019107881018455,,,,1.5037502382184058,-0.06610507040119762,-0.001954524042656551,0.3101370750071509,,-0.043810793424704154,,,,,,,,,,,-0.3311440248826492,-0.012050874971910843,2.8031029734205144,1.3048029381448458,
2021-07-02,-0.0001061516786215456,,,,,,0.0008223662032958195,,-1.932027176906182,0.029146701498047305,,,,0.1254370121509943,,,,-0.01641884336430166,0.09418817191912733,-0.000684473690774211,-0.22110754546847713,,-5.2374758873131455,,,,,,,,,,,-0.2347677924707181,-0.2021995509464092,0.022901129115539782,0.023392021421637273,0.00973540150367731
2021-07-09,-0.020503852502846014,,,,,,-0.10414397451582857,,0.030388735137801347,-0.008096789189411504,,,,0.014373958258093155,,,,-0.7343990107213976,0.08156675669011758,-1.7082695014605946,-0.247802863938834,,1.5482857320764727,0.00018451039749720416,,,,,,,,,,0.39754562752084394,-0.151553336221652,-0.0768433520863685,1.2823111572815484,-0.01195950019275624
2021-07-16,-0.013573722978922712,,,,,,0.041158630215540046,,-0.08990922259019785,-0.002628101816466069,,,,0.002252095573394603,,,,-0.06580980872025384,0.04149561364674454,0.018980197427940736,0.024809846158121363,,0.464601169081661,-1.4183597415981843,,,,,,,,,,2.312385207694752,0.04141714439328714,-0.38998067861789754,0.865465766400153,-0.4615740303935374
2021-07-23,-0.46837428678859966,,,,,,0.0006004224388859503,,-2.049354560843538,-0.007762007343374379,,,,-0.054454584229994246,,,,-0.0022788112310887696,0.10831502058463938,0.7887068566090972,0.0009506920234880674,,-0.0034224028585395482,0.01245157581580259,,,,,,,,0.011465781631403507,,-0.021467866053631234,0.009452110497254577,-1.35181527236285,1.534915014846553,0.009227476590938236
2021-07-30,-0.00013935512150739987,,,,,,0.0018285679210599275,,0.008468825402146146,-1.321535380655217,,,,0.0047377977837838635,,,,0.11128423539337204,0.2608199543806419,-0.00018649794263369426,0.04500679942927845,,-0.37787171495236577,-1.3329899563478746,,,,,,,,0.013966345740798055,,-0.051857408498816385,-0.0030635040277227354,0.30979086404966005,-0.0017528585322190591,0.00680391745474937
2021-08-06,0.11106288273662972,,,,,,0.14810108200138106,,3.798828298131762,-0.021908622504529168,,,,-3.169388642551677,,,,0.004498874205949764,0.3919965216538463,2.0548024602176946,-0.03692635354682848,,-0.04999822810319714,0.00027099347405456164,,,,,,,,-0.008940551224618443,,-0.03976454292537846,-0.006214313606297823,0.4474612569481827,0.04856648906275962,0.023733273959165753
2021-08-13,-0.0652300900484982,,,-0.5041486996515472,,,0.018740147136649947,,0.0032426042731700196,-1.282708112483528,,,,0.37416786657595613,,,,-0.012068335117853185,0.0754651570230405,0.24171821954778588,-0.022336673384804544,,-0.02004545487683071,-1.6247923651698046,,,,,,,,-0.001573994962172337,,-0.5344722603169633,0.12961162287010886,1.0170224826080854,0.11040654696218409,0.004889291944621531
2021-08-20,-0.03881369464211989,,,0.01957504464909647,,,-0.043843386320502,,0.06906466625093377,-0.03649371983573576,,,,0.0313110114228229,,0.1041645437354848,,-0.1829034875492746,0.7190968317792226,-0.011078693445970294,-0.3722165101247986,,0.30465806203229373,0.47990086277635424,,,,,,,,0.007532747072055099,,-0.5691282896069408,0.017528641691448188,-0.4305812486961612,-0.5368340249724848,0.010399099980057332
2021-08-27,-0.028778071345057565,,,0.00907223431491932,,,0.0003109770771719717,,-0.011779828960801986,-0.01033164835780955,,,,0.03903014215303767,,0.0025088549160431966,,-0.14533081420816157,1.6434774782355719,-0.4657667445679899,0.013138773490667903,,0.021770713761318408,0.05149045717704716,,,,,,,,-0.13885601671582623,,-0.029550437735503282,2.6731901449460795e-05,0.056904754141009935,0.2628965993696412,0.001965227153680131
2021-09-03,0.03866209381087673,,,0.05676330257645108,,,,,-1.5985503748043774,-0.022873880681870466,,,,,,0.021847707691468713,,-0.05259376444563535,0.023888878381586154,-0.0011257412876487399,,,0.5483711999674691,,,,,,,,,-0.04012964789675102,,-0.009774875309578088,,0.009279344936724734,0.4119446056200977,0.11697296367776974
2021-09-10,0.03087291252778133,,,-0.1746223289098387,,,,,1.6192117034725615,-0.004193973476923383,,,,,0.45092411823669865,-0.00664469269874342,,-2.1818776200743533,-0.019122743652107758,-0.0495179139561065,,,0.820875064774141,,,,0.017104327981216628,,,,,0.014156776655509483,,-3.755947455544834,,-0.3222763285105549,0.029379671082972143,-0.707355726598835
2021-09-17,-0.01206651198018022,,,-0.012538190537098926,,,,,-0.06494535369608676,-0.042664888105569426,,,,,-0.1666971028842511,-0.27635887302992135,,-0.10495430879950977,-0.009558005590198038,0.06258793720198559,,,-2.057195812976722,,,,0.016597611390334374,,,,,-0.06524111718201574,,-0.0030993056892963614,,0.4451456874317361,0.6144985776256736,-0.05693337336550047
2021-09-24,0.060586380722170236,,,-3.2677277011854784,,,,,0.020419883873041084,-0.010878632330674046,,,,,0.30046352106233937,-0.2445724824535888,,-0.0010675420768763695,0.08529441381877882,0.3807127629855497,,,0.14703440301806664,,,,0.019256460806722563,,,,,0.0020657992023181424,,-0.2687016363814698,,0.1067851132050211,0.07273820046871687,-0.27174771554498534
2021-09-30,-0.003211765504841201,,,-0.011574971388608097,,,,,-0.2967900922972936,-0.08605147395583411,,,,,0.008394207587574688,-0.0030130831561647987,,-0.3465841565315312,-0.030304092186639292,0.05228354340400193,,,-0.0261935489894526,,,,0.015251812161068811,,,,,0.02319737309718762,,1.4236754217746859,,0.209086420605997,0.4281513985739424,0.0027911452242048032
2021-10-08,0.006739532163067593,,,0.07249301370023617,,,,,4.693917333938031,0.5766567559888633,,,,,0.033101445447149526,-0.011307092574688055,,-0.0082727086749459,0.38333949723447064,0.04129128183982696,,,0.767329392388171,,,,0.033880907540553264,,,,,0.574895871258472,,-1.4109888915997835,,0.011438468318394287,0.18897616539105438,0.004601951288044134
2021-10-15,-0.5681221194984941,,,0.01192825694790821,,,,,0.03776362711279873,1.9377496967555803,,,,,0.6187131107665474,-0.01189497215849733,,0.8016986163696587,0.00016819139968812533,-0.009476536751021555,,,0.0011087760681473464,,,,0.04956701921720492,,,,0.0006969536396816105,0.0010703422952416247,,-0.07708736751666755,,-0.06073807840261434,0.12857253281479325,-0.003345950046587353
2021-10-22,0.06676546614204106,,,1.1421417381052053,,,,,0.12015049161875235,-0.008882208098042209,,,,,0.030813492485146046,-0.0018134103904520486,,-0.07879725062147577,0.13591605354216768,-0.1903194517840225,,,0.15084079671352513,,,,0.009364567442766224,,,,0.016203687041362946,0.14228411960235546,,-0.005085268790968882,,-0.007015368158349408,-2.249882043197368,0.000934948196121728
2021-10-29,-0.0007540917254283571,,,-0.010364253847883967,,,,,0.5868617486067802,0.0037497908800094917,0.000211093521432457,,,,-0.036694876080672144,-0.0013054213995861244,,-0.08717195905006206,-0.01272255978440927,-1.0830774320792589,,,0.06457918610083,,,,-0.0010277233104437193,,,,0.0007278476137322269,-0.026008380606721625,,1.6381296326949046,,1.7103129729253785,0.5272145084806318,0.027841496158497084
2021-11-05,-0.03908399929401454,,,0.0024176453338269517,,,,,0.027732801567145214,-0.006605069375254406,-0.053170566079280904,,,-0.0409933691159592,1.788799981403654,-0.010068835925582366,,0.009477921215660677,-0.03169666748833064,-0.0014705066604807585,,,0.17708378050086393,,,,-1.0869565678761126,,,,-0.33915346134582536,-0.015398600174572362,,-0.008922593732471836,,-0.8549254031279416,0.7821163692057154,0.002488708413681174
2021-11-12,0.04050004552520087,,,1.3305033121549696,,,,,-0.09825059177249593,0.2482092393282529,-0.007165625770988844,,,0.01990799328611907,1.0531241825900401,0.005555224245510683,,-0.0040218401086382395,-0.018816394868068718,0.009181040739388573,,,0.21626069297764064,,,,0.023074088844658225,,,,0.06837662148741838,-2.7378631861493936,,-0.012326842239621898,,3.5095847919143637,0.44622312698305566,0.008398358098406515
2021-11-19,-0.22843363074944162,,,0.013448694279538233,,,,,-2.5755683999665733,0.9866425215049505,-0.005139130481933428,,,-0.002024902149170718,0.4499815369860383,3.350079506887929,,0.0702878111867143,0.08408231813363846,0.08558495275334826,,,-0.2100367161166287,,,,-1.1825827773457276,,,,0.0835907356152663,-0.08815734073621043,,-0.07884498832351429,,-0.278674133410826,-1.010354695921089,0.08977820378960191
2021-11-26,-0.11970109685051761,,,0.10361840581242632,,,,,-0.32382906815740853,-0.029447805016604038,-0.03373816581499679,,,-0.05011890938876463,0.023095256947015023,-0.02321191464463128,,0.001898110658849159,0.05149518602088876,0.02801733471909301,,,0.24983934201925295,,,,0.6348246892956826,,,,0.0019805620343413036,0.056015816472143556,,-0.062317662572081475,,-0.18190750285333337,0.719315388603377,0.00884481292193402
2021-12-03,-0.5762500724341983,,,0.4845234304355951,,,,,-0.5518241052146513,0.02654282555823803,0.32849207088329546,,,-0.3597630769421603,0.0847684109526571,-0.0011242720742321815,,0.034475357178981536,0.00022859839525569088,-0.019354855160790434,,,0.1342534965192734,,,,0.013536334906633331,,,,0.6456428018713194,-0.0019913090489691973,,-0.06005155507375193,,-0.3258350656318052,0.01215943515129734,0.08912705241407358
2021-12-10,0.12520447622386807,,,-0.47907946016355285,,,,,-0.005723783784837847,0.03671678965034844,0.024806472811349966,,,-0.008791073796899224,0.026629317864576122,-0.04695062683540477,,-0.014513460566601256,0.12041056322734317,0.03366770815111675,,,-1.1133930341489977,,,,-0.006739060476573067,,,,0.0014003517887982012,-0.00856271922199977,,0.021755556393900144,,-0.4023996324842741,-0.12878352186464928,-0.007479517433496147
2021-12-17,-0.015928327951719827,,,-0.005095140369889941,,,,,0.07481057883793424,0.33012427627210195,0.006785596174450285,,,-0.00143127790491834,0.06377758351276194,-0.025501562765289233,,0.00130548460382074,-0.007124002003962401,2.406440540322208,,,-0.7129231670477844,,,,-0.0017665413138666045,,,,0.0009277524117364056,0.5796997462491997,,-0.2780983855914215,,3.3848862501280377,0.24926970297192405,-0.04457583240832772
2021-12-24,0.5898424258316347,,,0.02678328134623047,,,,,0.34863099411806636,1.0478515061225304,0.15379315872603286,,,-0.024735684465916622,0.29053299738969446,-0.002524036693280541,,0.12420125576277119,0.0006404716435642954,1.5143677140476943,,,0.05254761550904448,,,,0.013061491228527131,,,,-0.13413681594676455,-0.016937564112913334,,-0.31182352534375546,,-0.032678209372479984,0.29696909309624203,0.9417932154998688
2021-12-31,0.007561342825267719,,,0.02442464324043664,,,,,4.068959374249476,0.1781237495447278,-0.006529645929366861,,,-0.04688722251593268,0.01633619356272763,0.23451234981388344,,-1.9785168923310805,-0.0390243080691174,-0.26592319174419604,,,0.10587755686252849,,,,-0.006514000856002443,,,,0.0027594261995758443,1.2630704970537954,,-0.05470426057755277,,-0.844646631560972,0.15121399641793526,-0.2709568306227664
2022-01-07,-0.0007836664070270593,,,0.004161189635550609,-0.0011910936466321062,,,,0.016254989529752184,0.18170461426564904,0.10627338167575369,,,-0.0006400242254272516,4.0633743149356505,-1.1311124464604456,,0.09900445528286438,0.023708299192961274,-0.031702524211698016,,,0.05763756515363859,,,,0.010102906419738504,,,,0.011039630863645155,-0.1964790892156522,,-0.029165390881818597,,-0.13868547897832897,0.02644342515071713,0.06715364342357741
2022-01-14,0.7978338787445302,,,0.01306217723177915,-0.456527979342572,,,,-0.1437876506530655,0.01787717118422321,-0.12267903343929104,,,-0.02318413298065191,0.022654321710213886,0.009418129006014256,,0.00830441481124988,0.4434228349621828,0.08318301322283082,,,0.21263247233986235,0.4324523703906692,,,-0.4770786425759835,,,,-0.07908433632904444,-0.5591334286028398,,-0.19269368549702248,,1.1782774132698877,-0.31592629447549725,0.005598133664502589
2022-01-21,-0.662667242564567,,,0.009710574753484497,-0.022503724278076627,,,,-0.027097571372966218,0.023005001649027162,0.0018050411657220171,,,0.0676039232080503,0.0099322244846262,-0.24180744542666,,-0.32630677022620846,0.025212554705488218,-0.05082766162755857,,,2.4072582119158343,-0.10027788277728275,,,0.018326039904057477,,,,0.717121370856775,0.1076570196825023,,-0.024426608271677044,,-0.047794378276120944,0.26042099243199235,0.16724930088969797
2022-01-28,-0.1761629548623894,,,0.08260457009874701,-0.008370536740167939,,,,-0.11379249442845375,0.004359676296546926,0.008923348610267674,,,0.1186015468370977,-0.01590984360276481,0.565361395660151,,0.003995341259979691,0.0004301175632723907,-0.02879441278224564,,,-1.1436841365613792,0.30312507205909917,,,0.0280619900426545,,0.0002472209177950199,,-0.00039620076075712156,-0.009731920754748597,,-0.014952659290023842,,-0.2629290797406851,0.0023013223273293942,-0.43267985717675533
2022-02-11,-0.7247323963126894,,,0.007991283197197751,0.0656717387749497,,,,0.08701620515034994,0.11595558832334685,0.00035965679736723694,,,-0.00046470658848960737,0.33450228482700767,-0.0013516988810211062,,0.010745836672427355,0.07483319865714753,-0.02292842754776709,,,-0.8495218337785699,0.006490430744355148,,,-0.1253930104698472,,-0.05306025618933226,,0.026271280880292732,-0.20511247742535327,,-0.04091845913711469,,1.0825498445762483,-0.4747515001460178,0.00848161992232497
2022-02-18,0.3907108671859064,,,-0.004914832013446517,-0.008752088913827897,,,,2.8025554700577797,0.016375063784962816,-0.02532588899134952,,,-0.04454126237294578,0.2759377746155124,-0.5509906228209344,,-0.0032679203630433364,0.14251237863022248,-1.9626009868523357,,,-0.46680118212216504,0.023914723838561774,,,-0.21695385780429757,,0.01562842426711053,,0.001378424865436192,-0.5477196848481383,,-0.07004872624537316,,-0.02380532871545735,-1.56106572025444,0.7887014963358717
2022-02-25,-0.006314786461535635,,,0.008565987765411315,0.007269664336651114,,,,-1.0540843061181433,0.023786591827125288,0.8762602288617327,,,0.08075213341504019,0.0607689404705757,-0.14610541723278836,,-0.20756001382788075,0.000296311130664686,0.051235027452696535,,,-2.016373666620962,0.038448512620978814,,,-0.01364326027938663,,-0.028570389024522466,,0.02572477411944386,-0.9226197387919054,,0.11082228478457506,,-3.1034594301337717,-0.04559612558296507,-0.14858634043944002
2022-03-04,0.10469555403121018,,,0.004446692985024242,-0.34167889084028646,,,,0.35758180673851747,0.16854615583068022,-0.5873415474669295,,,0.07938457186357091,0.24655429169899845,0.06645914077434283,,1.507560681351713,-0.009120829895795332,0.030397409802421005,,,0.43731193463012935,0.0024395794278425273,,,0.516586650595316,,-0.07540580498392785,,0.44773358820682585,-0.0013929798415671414,,-0.6122942373934063,,-0.1557937614202781,0.4812028760711408,0.4783825851907576
2022-03-11,0.012302862618101701,,,0.0018222658812647938,-0.0006857083171226474,,,,1.490195357480725,0.21317233978923522,0.005377750712788454,,,-0.02994963532531202,0.04199960952408888,-0.0320729075601664,,0.30269781644145716,0.0005967047422309993,-0.026405510914800222,,0.036893818094399296,1.5374757298865032,0.012690497678998729,,,0.7177513529862358,,-0.09038107717416734,,0.028185038615903456,-0.22356605989258369,,-0.13453721671807012,,-0.13561277877714298,0.27438804899916,0.3037281994517808
2022-03-18,0.26830921921431017,,,0.007399514059195229,-0.0010527823288904853,,,,-0.032079358875920685,-2.0941448928699176,-0.01566807749297175,,,-0.16482827216222543,0.036831005635921905,0.08506663730728534,,0.05754337368282178,0.00043984935896760973,1.5367974654352712,,-3.9765311978784386,0.32195808856198593,-0.1425385584692196,,,0.13767000320437747,,-0.0011897732133491128,,0.09808868246212574,0.14406431735640857,,-0.017745544104851105,,0.011667896378027657,-0.08875365583155675,0.03729873195023467
2022-03-25,0.7188127818410376,,,-0.09022702718074216,-0.0027021255872767373,,,0.005233668083817663,-0.012644968544968438,2.0350334444632203,-0.02114325403293264,,,0.1716541712108857,0.11943492978261895,-0.002677917865299723,,-0.13535704304390236,0.01637278191269869,0.49162226156255817,,-0.00028522674734085193,-0.7759728486977726,1.9400810969966158,,,0.04466856437946836,,-0.002216090153442728,,-0.0731689689765402,0.23747547669857982,,-0.16823081221495106,,0.29565542450832777,0.03401571734904825,0.03522942094808845
2022-04-01,0.1722570845315139,,,0.06108880700040664,,,,-0.09245325648495659,-0.13788411957030222,,,,,,,0.015519958974771052,,-0.08484651157611156,0.024674428273682887,-0.4591136996457361,,0.049787206731710214,,,,,,,0.008109128483971913,,,,,-0.09047704917187334,,-1.25627745212102,0.00795408586601777,
2022-04-08,3.237709132237988,,,0.0070662485631213835,,,,0.09812407287378193,-0.4884603186152951,,,,,,,-1.2866471182793928,,0.42014350514981946,0.000188765830418696,0.03409834747607204,,0.12065610787080283,,,,,,,-0.02424184290193048,,,,,-0.008523949635852197,,-0.34747693245017236,-0.023833452454892153,
2022-04-15,1.1002567352145864,,,0.24883876595668952,,,,0.029523732649547663,0.24884465689886007,,,,,,,-0.1833462391052751,,0.18100193009108112,-0.008734635119058538,0.48234842635391856,,0.0034488516821497128,,,,,,,-0.0006783870025151713,,,,,-0.010872828448484041,,-1.3981449166340758,-0.11861808563155464,
2022-04-22,0.3399394095341114,,,-0.32662409414614857,,,,0.0018654170410096916,-0.05748825110296696,,,,,,,-0.0024588981820858405,,0.056403279454426386,3.8191597539408124,1.382337188163083,,0.006666561381743375,,,,,,,-0.02158757009158746,,,,,1.1538590172426362,,-0.004266416080005307,-0.13780084173175267,
2022-04-29,0.23384063841280184,,,0.008635942209385662,,,,0.00025923835866399733,-0.09862905017055218,,,,,,,-0.16335133796572832,,0.6380962670481694,-0.07128220427637608,0.00749565787078876,,-0.08667438133572788,,,,,,,0.007596011164858077,,,,,-0.023353030223833893,,-2.7614087300687884,-0.10152510987405784,
2022-05-06,0.3190299970281906,,,0.00582213043194579,,,,-0.09100674911946632,-0.03816936393294912,,,,,,,0.0028261919242465383,,-0.557553707057288,0.060908816580082056,0.17589090561329002,,-0.644516826010407,,,,,,,-0.021040747091642824,,,,,-1.0915543592070003,,1.7884220661330559,-2.1121468861807173,
2022-05-13,-2.9858247147084738,,,0.023322009660167602,,,,0.001193974565817755,-0.022242467166830645,,,,,,,0.008445029413753182,,-0.32930980793190767,-0.12133531088015947,0.2774438829029472,,-0.23465247642429304,,,,,,,-0.09560540843716592,,0.0030018019063990436,,,-0.014608407564263575,,0.023818338388563516,0.01686376734095147,
2022-05-20,-0.03417864650951333,,,0.31428419719495077,,,,-1.4469295763654006,-0.002252758104897239,,,,,,,-0.001397939308078634,,-0.10823891380093238,0.864635243276417,0.0402628774900462,,-0.007747780863393665,,,,,,,0.025868717281602293,,0.01482199762409634,,,-0.2428926683417144,,0.0369155210477304,0.06335180603180697,
2022-05-27,1.455130478833243,,,0.10708570464003526,,,,0.00700501157008211,-0.010049125240450452,,,,,,,-0.0031571779524399426,,-0.08818561613364617,-0.8106137189516988,-0.11702949866335859,,-0.03546879069823191,,,,,,,1.300048175879261,,-0.25547119771997995,,,-0.0028777237176678245,,-0.5826522458411036,-0.09591348335309516,
2022-06-02,-1.1593252365928597,,,-2.9754691606984336,,0.1919071963182239,,0.08273725861527077,0.474630653329813,,,,,0.02606609878090102,-0.003193019971440641,0.377945161059112,,0.003200904971799156,0.8756613362757102,-5.818363665790667,,0.1574399913367567,,,,,,,0.057672092935814566,,0.20827819969835284,0.09170551364458926,,-0.6949372453887047,0.2150743472563069,-0.009344198897031267,0.21028858592807087,-0.023109736685460142
2022-06-10,0.3141321679792049,,,0.005995510752424779,,-0.032070807781273795,,-0.8434817358377785,-0.006634110441217965,,,,,-0.36291343056518366,0.030755310773712404,-0.731314656344376,,0.5654254803928196,0.21557885485829364,1.05736916296014,,0.013349598816158369,,,,,,,0.02121157244362015,,0.0028050586780841015,0.027862385321154117,,-0.5447218822037543,1.2950629555444563e-05,1.056694022248827,0.030859556258747492,0.026667718558561048
2022-06-17,1.5906785330936948,,,0.12871953190142305,,0.023132789215529945,,0.35626963494598296,-0.03268840898754738,,,,,-0.09465023651944612,-0.22922744952867952,0.05462732005569026,,0.41204590577233774,0.5202183638530797,-0.2116411462935098,,-0.02586136822767823,,,,,,,8.1505931695119e-05,,0.22680412586056675,0.042905704509522406,,0.014566134349851555,-0.0073012604130420645,2.763606046657353,0.2791929983441461,0.024219675641650475
2022-06-24,0.05300868879466292,,,-0.08204326446902956,,-0.36597265675977564,,0.01974177135230431,-0.9898528981637624,,,,,1.5303648941641719,-0.08204055154344575,-0.006288079935227366,,-0.1736801198788513,1.1203862603845727,1.3781292914235368,,-0.02109988368826496,,,,,,,1.220846040844912,,1.1470196255049976,-1.2254223403792959,,-0.4217511234021251,-0.2000994673335,-1.1899155826115688,0.05982806055541037,0.0007118733468139211
2022-07-01,-0.20321306186899574,,,0.010784420383682046,,0.006437548644912136,,-0.05154638074343822,-0.12539056251707148,,,,,-0.2648466276521713,-0.02896646339192624,-0.11502301945792652,,0.6909071021408155,0.5047616238669518,1.908485547829521,,0.10481089820865366,,,,,,,0.008559158291898548,,0.025724090402374458,-0.2012115474236517,,-0.00341993929749673,0.0008960985746395452,-2.0679723805074515,0.17005053511201268,0.9970920177487821
2022-07-08,-0.4883472788769145,,,-0.009636759463667603,,-0.8021828832571356,,1.1303569139330825,0.26545317804921587,,,,,-0.03409323123734349,-0.0011442751626188049,0.5356005757449619,,0.47924143490835314,1.033676877096494,-0.20894270057445152,,0.02843565288333147,,,,,,,0.01681166887886024,,-1.4750565579335195,-0.18849543708769823,,-0.003085226094916845,5.702366227645341e-06,0.41988392256568713,0.5717473880241943,0.1131442355692112
2022-07-15,0.6015432584221402,,,1.440891208341859,,0.14455926064412758,,-0.006500249524774946,-0.0045975563466227965,,,,,0.1481818375844155,0.17341898380672333,-0.020851970985872985,,0.9728301016655373,0.17077196140272652,-0.04698324299612998,,0.01785451243214784,,,,,,,-1.950871668815021,,0.012120254209074168,-1.151073583748809,,-0.22809004089151574,0.05905723780255263,1.0636322471490667,1.0165525807380502,-0.4497617562060395
2022-07-22,0.4887059624789152,,,0.010460655702537234,,-0.4829421509368075,,-0.12416220905738731,0.07575424648600429,,,,,0.06729156980956746,0.02111481185467675,-0.034461728632607276,,0.14667929449415468,0.2262069236615552,-0.12697304828101186,,0.22781511107375807,,,,,,-0.018301049993605344,0.0002554777632454014,,-0.011378761899900981,0.10966188752284516,,-0.006980558659830448,0.14704754452969684,-0.8174554386435446,0.2502189092685041,0.0013614126956772127
2022-07-29,-1.0496449078366803,,,0.1274672590586422,,0.09125034666561875,,0.0955668662724397,0.0532618091648428,,,,,-0.5924151353222672,-0.011472079805271233,0.2346920778509256,,0.04925543317187686,0.2136720664564036,0.6533725751915712,,0.048567474820110985,,,,,,-0.1177273456940345,0.0015143152528966015,,0.779503994459861,0.3029421369878755,,-0.2005519390479547,0.0076136064327434905,-0.18612413882618462,0.0716875562931457,-0.39674401687363536
2022-08-05,0.16332324594391553,,,0.017403474848303242,,0.02020697399352882,,-0.08056195774320696,0.8653267954880055,,,,,-0.26316550834314784,-0.015715307898662996,-0.005555334588266294,,0.7876914125656959,0.006474424515345989,-0.24222209152719515,,-0.41798303235127,,,,,,-0.73370655042472,-0.38365735327768796,,-0.016586258255699673,-0.02905277288233335,,-0.0025712623318215186,-0.0057488672210433975,-0.11791159895596745,-1.333569265778832,-0.04068282614856342
2022-08-12,0.8806232941116048,,,-0.16330527432129133,,-0.03042266015432296,,0.5571848313027702,-0.0033758443804101784,,,,,-0.03462270585122536,-0.04747378468022308,-0.5183277751510625,,-0.426656769861981,0.11461158149302644,2.306497342709577,,0.5450794716171959,,,,,,0.0005685467652586026,0.18515723887776647,,0.1088320767383933,0.906640469685737,,-0.013779092107143577,-0.8560374148122124,-0.3711046251514953,0.6766155582172673,-0.02590038938032385
2022-08-19,-0.019106394439142027,,,-0.8274013258586232,,0.053865564010327695,,0.15201058432601056,-7.524726580751722,,,,,-0.3190306560082974,0.07711664500297935,-0.12949269686869253,,0.3627933236702171,0.15887561925672508,-1.1159053965114423,,0.42268496015246015,,,,,,-0.028036712339886086,0.1329231663116198,,-0.4270836068219461,0.13686283505864316,,0.0011755388782809526,-0.30449203286641874,0.6946018131716788,1.2907652033078343,0.04592850510925676
2022-08-26,-0.028059887806020877,,,0.18646953470590333,,0.48164291724771774,,-1.0915667164940517,0.014373819772085291,,,,,-0.08261922034319402,-0.013492928720400792,0.69060333374821,,0.6947492175549055,-2.417148224116808,-0.013613137457731215,,-0.014097480233678182,,,,,,-0.11272055416265926,-0.21742368521061128,,0.4743801477371831,0.10143749951612731,,0.1481376035920956,0.009664031648318054,-0.1941242923135712,0.6956701961068064,-0.13097361131660198
2022-09-02,0.15458441447325147,,,0.02894504813021422,,0.010516963135891552,,-0.14596793432149432,0.09811773805679896,,,,,-1.7912398004964851,-0.0006695438593709024,0.5043678399523974,,-0.07063115622918709,-0.8228194498359446,-0.0006881303145718487,,0.012625965752287749,,,,,,-0.052503156851699276,,,,-0.03909524876867115,,-0.048386779133264717,,-0.1302345702305352,-0.00693208591397018,0.7495650868729193
2022-09-09,0.006601455128839209,,,0.005055808217267794,,-0.28336917381992066,,0.0006549112658716831,-0.8680380488700254,,,,,-0.1586267178709421,-0.04233077314333665,1.0035505761500287,,0.05292191528848361,-0.017233973510539517,0.06674705490809145,,0.05395721965147567,,,,,,-0.058609149573290546,,,,0.41306990501027624,,-0.02761388077184755,,-1.9946299840652504,0.2834644185964974,-1.063342639216643
2022-09-16,-0.00927830461167156,,,-0.43892487973220395,,-0.010309860627217084,,0.06824811770722108,-1.3415245373234714,,,,,1.5987636695677725,-0.010674099394713856,0.08692867654741297,,-0.030071837522257856,-0.1287463164833107,-0.14358864261701695,,-0.00013213645137570765,,,,,,0.0886479350469566,,,,0.008067392534625167,,-0.14963702881446433,,-0.03336360515179508,0.8033579495873006,0.2806472422482805
2022-09-23,0.16021686716185085,,,-2.1194797030187527,,0.0029041632294834327,,0.01794009530513284,-0.3322523496591434,,,,,-0.048020747154205214,0.040269384812224966,0.01310960735630591,,0.04642485033675948,-0.2894279712802472,-0.7000577010985303,,-0.02026223100747278,,,,,,0.06259166193543772,,,,0.4395722984278705,,-0.00045944368354640386,,-0.057870372905190474,0.7544363153434056,0.01195949312691239
2022-09-30,0.4125360908847766,,,1.0238491315783287,,0.002100085574562889,,0.02445603803633483,-0.18416476270394952,,,,,-3.6411747523299947,-0.6755086772620812,-1.2092632361721045,,-0.007406325971000831,-0.0030132032408046704,0.5792100793198863,,0.4913027858317535,,,,,,7.978626416554176,,,,0.9176111671277366,,-0.026327944400458835,,-0.15955835045545455,-2.032041123654411,0.18265596031894593
2022-10-14,-0.007976433934852367,,,-0.0633283742669121,,-0.0026059087109732075,,-0.16300536956593845,-0.9726347126248815,,,,,0.016656437483948926,0.00030165983246843356,-0.14153954258235144,,0.050236513862715826,0.12235510948053116,0.035123685232495615,,-0.026310337571459598,,,,,,-0.013095793150649727,,,,0.2265748413752835,,0.007551417927278441,,2.0326384345770414,0.21808008675798876,-0.000493525049684064
2022-10-21,-0.017304743837256935,,,-0.005154215393278679,,0.0025156268086986445,,-0.010989855480266354,-0.6681695622193926,,,,,0.29754693429472684,0.004728713159374875,0.03171705390633303,,1.0645425370310275,0.13897705700047722,-0.210871164447098,,-0.11428163191067156,,,,,,-1.5612827360149675,,,,0.6855211787869369,,-0.0787481969907733,,0.005573071450352662,-0.14455931154639062,0.020280506729848612
2022-10-28,-0.20120690129351176,,,-0.0035900741217800404,,0.0008500163245911546,,0.30415589953248623,0.652026249588183,,,,,0.01029026303612825,0.11115124554552926,0.04357220640522478,,0.18253785574355003,0.06083407353025326,0.5687739846257515,,-0.5959735463460004,,,,,,-0.004122960617212694,,,,0.12693047111603545,,-0.03785736821809669,,-0.009300358438545929,0.05181335857929094,0.21203049063481078
2022-11-04,-0.0011622543989531242,,,0.5485809617282732,,-0.25153322075716444,,0.5166821065199982,-0.008983529018554464,,,,,0.04825605914201594,-0.006901740978676841,0.016388608016336598,,0.06186567866297328,-0.3956729476382752,-0.36719336240753814,,0.030977482388638487,-1.6538511709122938,,,,,0.01794235600018915,,,,0.40663417762688703,,-0.009181669179860939,,-0.12144790490685821,-0.05394825624289708,0.0013181274583721398
2022-11-11,-0.5012658427902144,,,-0.2471463589120969,0.025780134446464587,-0.005951568147104339,,0.05237365961595657,-0.08071478633866636,,,,,-0.8731285429686265,0.022824614093376383,-0.5545573550205489,,-0.012186845973704528,0.07710903829171342,1.0529572683991215,,0.05725842404469401,-5.131986193225211e-05,,,,-0.013208689671414796,-0.2703932241569811,-0.4131133413671923,,-0.3233048157090751,1.068439571118324,,-0.013822406260559144,,-0.25322967309958505,-0.060452272218867786,0.005016242869754526
2022-11-18,-0.005105698747418234,,,-1.2917555594816863,-0.008988356427063093,-0.06470562531054205,,-0.018930642929532313,0.004884906885513974,,,,,-0.11112697708972252,1.7352704638947294,0.0821867018458661,,-0.12044852439976544,0.6091119105646724,-2.572622445726554,,-0.0259091464653512,0.08418957125647372,,,,0.5497986195633978,-0.29993602265261954,0.026807092912032014,,0.007424405759747173,1.4357304777315254,,1.142645504595599,,0.1976482285445293,-0.004752872061210649,-0.47181692286937627
2022-11-25,0.050411319304768165,,,0.05188401422196572,0.007125843438288567,0.11336912030096442,,-0.009017619891728092,-0.8936265686680186,,,,,0.05657733975937306,1.1820943861554853,-0.38873000133333757,,-0.3641646910098054,0.06387716479886088,0.0034305312346221157,,-0.0967352998450388,-0.05900547000892202,,,,-0.11525514477505669,-0.044582521769959464,0.013627888918677215,,-0.0410892704541468,-0.25810307058182413,,0.03283648061216228,,-2.0705150255223823,-0.03902379335036461,0.041108314846479414
2022-12-02,0.05021273207901476,,,0.6740130156949592,-0.01383507496654593,0.02893276522640748,,-0.014232803236125007,-0.10902510612364974,,,,,-0.11264241427582464,0.07482129139134312,-1.8277616259778287,,-0.26395769527075835,0.06356331999380684,0.12288779557687321,,0.03709639137821004,0.025169272536043653,,,,-0.4169008599775724,4.359057941020178,0.009761948862480793,,-1.284106762710882,-0.3545611508517633,,0.18646550350526458,,0.4674698406237865,0.0015181597246972786,0.043407704126717905
2022-12-09,0.05243017136330555,,,-0.02924547734380938,-1.4944877173126676,-0.326302663840934,,0.0707142572408402,-0.17322258236610064,,,,,-0.07482044525911086,3.234560908126564,-0.6444785061721886,,-0.39333871166572393,0.45097443355082345,0.2720802861505845,,0.0710236545805526,-0.9288137746021575,,,,-0.017608576814617402,0.09856776725607586,0.019209176554151424,,0.580470568770296,0.12513507356552797,,-0.3911191976880411,,0.06653134107040645,0.6567272486515906,0.4826313440357371
2022-12-16,0.473779830280115,,,-0.5665601723944798,-0.0003818252949512787,-0.015249261051894107,,0.4041352259216665,-0.3557995918609237,,,,,1.8757280867813166,-0.002581062511445305,2.366904270469888,,0.1585521841016593,1.6862946119368714,-0.019405111354885988,,-0.08637601120346056,-0.05610065327520131,,,,0.3790171949291391,-6.2501057249989e-05,0.2802252190914436,,-0.00508725680420717,0.46244094865103796,,3.0083378432210086,,0.8231887387537838,0.12353138923156498,3.5074559753233205
2022-12-23,-1.9951210053915636,,,-0.7369055803535706,-0.007619809386484829,0.0018029362477216626,,0.50385475433647,-0.7704624225607487,,,,,-0.9384195572249767,4.734283318196595,-0.4519094246392411,,0.013825363547620519,0.21518792347893012,-0.1490946461848101,,-0.2747903175787115,0.4666622753759793,,,,-0.000865695358725464,-0.14521780879798019,-0.0787803027327737,,-0.005815992887989755,-0.16565844715361502,,-0.0025849196329477014,,-0.14674510433540336,-0.06237595826654591,-1.0374078893802652
2022-12-31,0.11796011375083632,,,-0.0012411675512386997,-0.0007469319833966385,-0.01901492698262363,,0.028046796864217335,-0.00869302106403721,,,0.20173187004076015,,0.02171894674249885,0.012914690028558818,0.09743642643632554,,-0.02098939319819903,-0.08034429071002247,0.1695381777158754,,0.11887865260066453,-0.12996179362199303,-0.14819719124094088,,,-0.0037777388833441206,-0.10507040439698812,-0.09424420230141603,,-0.5407657441759994,0.051432083496650405,,-0.012211534026924358,,-0.28650902445891013,0.45022040341836744,-1.411210084841692
2023-01-06,-0.3251344993889087,,,-0.6622551960548066,-0.017952093350818397,0.09645646762880428,,-0.39806020819303056,0.15737600083888387,,,0.17044336155921963,,-0.3673383777663548,0.015837672143431764,-0.2902561520480882,,-0.15587667149505485,-1.3095067097242616,-0.13499758846294718,,0.022158216288604066,0.00017054510320724638,-0.10800091369239202,,,-0.2529635669825697,-0.03568774700588896,0.09065699746637483,,-0.21340374525782904,0.06615239290453437,,-0.0005832724504072698,,0.026413889333939386,0.03248528045368991,-0.027399563677531172
2023-01-13,0.32476679448088874,,,0.010628321137652701,0.05579098010441574,0.0025343028619945057,,-0.7749203941380701,0.13313485210637724,,,0.20184101310639402,,0.23126668243558918,0.8458027330484548,-0.0589213917877649,,-0.05547363765481087,-0.17427665299637074,-0.45612253506487055,,-0.04542437013862777,-0.05020874162168831,-0.3679046902757654,,,-0.10607536685390265,-0.04079939150215087,-0.007666266041333202,,0.08702615042336098,0.9333915261539015,,-0.3030373100588873,,-0.11875180493991126,-0.07214776445359987,0.30143310841051657
2023-01-20,0.03570191537095541,,,0.013543618951198513,-9.625120584884492e-05,-0.2627982414263206,,-0.8490735994477058,0.05723573843385017,,,0.15081882705097574,,-0.2993330663953024,3.64499457775582,0.10255463831024399,,0.04319870858849458,-1.795947768721173,-0.36310837012221264,,-0.0008343531668994278,-0.3949604789833947,0.03086216484293474,,,0.006907143303907282,-0.07480536936394534,-0.014342411426166721,,-0.04929145217011204,0.003782512904193701,,0.03278850102728438,,0.987455810489423,-0.0004403561381825082,0.10708586641449595
2023-02-03,0.43029127252249627,,,0.07734582885024906,0.006189708145719189,0.019086334054650947,,0.0018722371264385156,-0.4746018429851299,,,0.07232287562650529,,-0.6552706834799839,2.954079697741015,1.0985558579040882,,0.024036853215966398,-0.9264882913583067,-0.09591253506658914,,0.054063820923176284,0.047556053656014764,-0.32314462545665584,,,-0.032366414723847936,-0.17334659598315694,-0.16490739695469547,,-0.001965818081749772,0.4118566728868186,,-0.023934397902555096,,-0.6275882681083307,1.571543917298543,-0.2639168169701403
2023-02-10,-0.6119150035154147,,,0.0001915839717689721,0.006572809633950113,-0.001140406846036797,,0.012455711360560277,-0.34544349430124754,,,0.3207153779093629,,-0.2678064346479321,0.009116241176657014,-1.1560515522051185,,0.053215504447233455,0.3926230863114124,0.22955096374921502,,0.03483919594024185,0.01907039396481813,-0.8094036818564202,,,-0.22474426398481195,0.17158097270966974,-9.904470475136325,,0.4695714868527069,0.430190179497275,,-0.002191721528287824,,-0.5699369609060977,-0.10940932832798167,-0.14566031609255667
2023-02-17,-0.9619721171317348,,,0.13426686896852835,0.00661508861724469,-0.6456875225922394,,0.039268095521774536,0.011830716351343506,,,0.0039111012488825675,,0.03465702210830271,0.25773762972961783,0.0944031667388356,,0.015551167885044914,0.0932453291920852,0.6472186542291967,,-0.3691887310440365,0.39790477713310446,-0.028970375607198638,,,-0.0016214746258325086,-0.1136637149531424,0.6593695862042348,,-0.017396360202531075,-0.10884630910303117,,-0.03151253210487208,,-1.2260181551191474,1.73934014524528,-0.0044569102923373086
2023-02-24,0.19990519824367567,,,-0.1516032956219913,0.09972788525111928,-0.00852129060350912,,0.3256314976173177,-0.025439885648226943,,,-0.0037006756757168064,,-0.16793596202269287,6.965381460011612,0.21075535697372266,,0.0009305514155829914,0.1564000537301498,-0.0620339089198065,,-0.014890079754021766,-0.33594259664745674,-0.3790113481736336,,,-0.007822592504899938,-0.1154329963970015,0.2884536121120882,,-0.0012456749151300295,-0.4656544577334363,,0.06073097168460341,,1.5188711276872207,0.31725176157998425,0.16961819874274506
2023-03-03,0.6167856963808616,,,0.029550592847972172,-0.00012607590869652483,-0.003275944574891637,,1.3789667836694686,0.9229174605911256,,,-0.009709192318084304,,2.9202695887573373,2.106785568390866,-1.4487198050916192,,0.2022705328791998,-0.29884873631640413,1.7747413326170192,,0.0029540178862501355,2.093781934267,0.00969669965529703,,,-0.000994821406676269,0.07778302321029767,0.13392517170354087,,-0.0018649272845935717,1.5571608262349075,,-0.02407082328349817,,0.092958137304683,-0.11099011080616927,-0.6919787942167286
2023-03-10,-0.3684654964803927,,,0.1468151783663177,-0.01095789510315567,0.0017655927404283324,,0.214522906836855,7.025367076885952,,,0.009998355864259633,,-0.662217367562686,2.0351920098891005,0.42064902041565355,,0.007412920725363969,0.0039278651061224225,0.4548573292645105,,-0.001959250763625958,1.4377048439120703,-0.12745767697000648,,,-0.01431587461582178,-2.7368070993797358,0.017557266643774303,,-0.0005002927522060953,-0.2628605310269708,,0.041857967708229964,,-0.3883070337876947,0.05240921217863023,0.002227611299924373
2023-03-17,-0.2440346986682574,,,0.11305869803799196,0.15212833886292942,-0.01894562236995688,,0.10924693343164693,0.06409866659843785,,,0.008709602521853339,,-0.032871586302026794,-74.67850463695181,3.3229908058890625,,-0.3249341170650852,0.8633080200847325,0.046948125518521996,,0.015905870738434948,0.014402604925812959,-0.20748411295173452,,,0.020624488191762772,-0.1877638391440159,0.0658926299275375,,-0.053952475058759684,0.025109045453571836,,-1.512275102469999,,-0.20026448907163982,0.12231922192917605,0.22791974187746045
2023-03-24,0.07459309603322199,,,1.096414682158591,-0.002970098546212124,-0.042394078609938414,,0.15033893420935027,-0.250445417551171,,,-0.008693110045019527,,-0.04375136241345617,0.027726876506796005,-0.09825124406754857,,0.008471453956279289,-0.6736973154780167,-0.29092339196396655,,-0.003350165640498161,0.007516317277456314,0.9694006342114158,,,0.01976649255084227,0.18003558151965,0.7263169944882311,,-0.001208140500761447,-0.26472484266853813,,-0.00719178727521144,,-0.06836310925444819,0.09710160848019654,0.08886531996837428
2023-03-31,0.4329406281550231,,,-0.026448660084840148,,-0.6631100556036313,,-0.3161506382776399,-0.0663447195260994,,,-0.006907890344078787,,-0.13417826903243568,2.3623175962666574,0.0412101985270593,,0.0066797142560757646,0.010135034113379609,-0.0018910309435719239,,-0.03143446047468756,-1.6731432775177473,,,,,-0.010616858805421878,2.1243630626705365,,-0.002345285286633844,0.0401334215451827,,-0.014637929155994885,,-0.09842565123774467,-0.18822997137817027,0.1455976794636872
2023-04-07,-0.03105896294659782,,,0.016930292643272914,,0.19453476505521552,,0.029295429252110615,0.0035539088045500357,,,-0.01300017933669406,,-0.30239312685736386,0.0625996546473378,1.2570173599893426,,0.11062817029299343,-0.7613973025789115,-0.012295820786197119,,0.6196077733137434,-0.09674746304841596,,,,,-0.385601148367412,1.3020571974019017,,-0.00655047640063911,-0.04736239093511686,,-0.23544930906040687,,-0.1687877723347141,-0.00018123881545881114,0.6879737543259747
2023-04-14,0.005844555525083425,,,0.011216037067260029,,0.0025650596295321193,,0.2693310194489914,-0.0026338211389440513,,,0.5446133463932101,,-0.034867513510355656,0.009454725414566436,0.056610608564334,,-0.07078662894063803,-0.00621836194027077,3.0430918933193873,,-0.69382345479268,-1.213751892933215,,,,,1.3573855912382573,0.016536490462452508,,-0.0046595579783879,0.3801030356804049,,0.8299274576112969,,0.21737427273989607,-0.4654770271157642,-0.14509892512472444
2023-04-21,0.8990383385013451,,,-0.19886624084610713,,-0.017784402915834135,,-0.006476367608479359,-0.02406512902506347,,,-0.16998776133270962,,0.06452146506504922,0.03183693713404615,-0.2359031738729917,,0.01696854182219048,-0.3953850312199884,-0.6229782263463024,,-0.003228596582034607,-0.8363459516456563,,,,,-2.5290074105009737,0.3200021193879666,,-0.0131517396939049,0.003233141054324379,,-0.002100947453423068,,-1.024923480603964,-0.05093953009640858,0.03193709358467638
2023-04-28,-0.023929561843189402,,,0.1072668475575361,,0.00916848405784806,,0.06728739649910231,0.0018591373083105128,,,0.02523019907125089,,-1.0628859282800671,0.018632877410443206,-0.03378391271748115,,-0.0313496997152115,0.035507397217124224,-0.06623926064903164,,-0.5281961808166333,0.198193090715053,,,,,-1.1862683489555428,0.20293064295389038,,-0.03620696164152711,0.06457590368175153,,-0.04910426415387076,,0.020371989441395497,-0.0017044366276381094,0.5040021830582839
2023-05-05,0.283746975540896,,,0.027268757893010497,,-0.26550898212671814,,-0.19814609677660266,-0.1818376164615521,,,-0.21879569722203646,,-0.18252224085871946,0.014045299987286968,0.5774974666939147,,-0.007184558435144102,0.2089473690598876,-0.8132227998765361,,-0.03541918110450391,1.6330261087550237,,,,,0.06617143680247546,-0.1320292459327031,,-0.009064450579697887,-0.04285509773055911,,-0.1549069745726241,,-0.1795386610142058,-0.00032639510964411686,0.046655424144611546
2023-05-12,0.005803882614683993,,,0.11656616424903393,,-0.023050354731628822,,1.5347236380355274,-0.12065019898697216,,,0.8082557357127349,,-1.235965577301493,0.47805658951343244,0.3287474981897401,,-0.07807131496214825,0.05625242589685898,-0.05056222779394735,,-0.006118709504643653,-0.5140895367036679,,,,,-9.035726803295404,0.06347474974877985,,0.07766604389676703,-0.013394164921680126,,-0.18600626464587555,,-3.216369138615602,-0.0004988811107814027,0.09351278620600618
2023-05-19,0.0837133829141737,,,0.01151773329504942,,0.01671760625748949,,0.3328359225985971,-0.011414995613488497,,,-0.03310996275087728,,-0.1297005543437073,0.4952981701570248,-0.09086327504526963,,0.2142123545591771,3.5052864702310025,-0.028113877611180414,,0.348166772181583,0.059329950103001176,,,,,1.3131394960286755,1.6739939482396184,,-0.49301688334287563,1.8932093725287247,,-0.024535770190645075,,-0.4076321383420265,-0.00034086814264250797,-0.3666822801644361
2023-05-26,0.022650900512919313,,,0.10184650824588258,,0.09920880637747918,,0.05411713298863051,-0.012917273117501862,,,-0.036564042247918656,,0.022328903983197954,0.1984245610068795,0.15850229781418632,,0.11299081839045426,0.10352564204588814,-0.9552317529916942,,-0.018203648843396224,-0.1131737786367685,,,,,0.09812436829585588,-0.027016248039600566,,-0.1058200781223079,0.07696661590399982,,0.03220015085208179,,-0.5470761496100878,-0.00240009733378814,-0.40498147561463094
2023-06-02,0.31994955828259297,,0.6870286746756595,0.09421257973211888,0.014252277270028577,0.001210448305649857,,-0.043842910299501374,0.37310574311554784,,0.10956124830612513,-0.3261643733470411,,-1.4522718273542137,0.023324190697262465,-0.03535285444875549,,0.010869496252898372,0.13965202265114296,-1.5780493725671194,,-0.11998124011345439,-0.37770099350596775,0.22942921829221197,,,0.1500158240365843,-0.16501774933744306,0.06486657094810101,,-0.06758076725992396,0.41302683285092345,,-0.019700378038513856,,0.43786414861309036,0.0413438263430146,0.02754708173114354
2023-06-09,-0.0054510331650761985,,1.9245923200613095,0.028696217487618025,-0.010669669394763099,-0.018521589723628818,,0.09863708639457752,1.8702314965877156,,-0.002271246095669785,-0.0045010128815820396,,-0.6998804134971902,0.031905228648865976,0.5130573908664694,,-0.2519686056359005,-0.5357743245831859,0.052191906116517625,,0.013883754469609747,0.16086760927502186,-0.12192732539124923,,,-0.48677127283771393,-2.016159365121115,0.24637599537290877,,-0.18755239905245213,0.4060504654153656,,-0.11105172466617691,,-0.7990787255411502,-0.3005140840791548,0.28025284206636014
2023-06-16,0.9031256816505826,,0.9116932530014538,0.0664248669095216,0.2509454923761925,0.000698018596404952,,0.024153764582294457,-1.7920569987207682,,0.011752994473829794,3.271688376686059,,-0.08386292985686536,0.30093719809024516,-0.00900193442476118,,0.1825929691301892,2.173434107577993,0.9214918515485837,,0.10783831601559968,0.23237996184372856,-2.5338671648544158,,,0.6754180721078753,0.12669706544782894,0.3078637756871555,,0.03935080417114309,1.2291592881172044,,0.02805936920332519,,-0.5284439641470972,-0.3952154067944258,-0.017614536739316757
2023-06-21,-1.067516683414848,,-1.3165966095547272,0.3914191947032436,-0.02102154125597237,0.016847730367275528,,0.15143130056714665,-1.1481287716562503,,-0.013794293434862962,-0.10855364932144904,,0.040876155103272346,3.590932323826992,-0.013588667748773485,,1.087563271061613,-0.07643832256900063,1.446880636110324,,-0.003384985830483994,-0.21273763209141927,0.11871916519987616,,,-0.01641097620491372,-0.005450183933906172,-2.679175748581691,,0.02586650375142742,0.601379178888783,,-0.0018885893261120154,,0.05270828731433368,0.06470693570867977,0.44186112062499394
2023-06-30,-1.4728315517931616,,0.10200963221280718,-0.06806090457900452,0.14966929756820552,0.0006126941199093293,,0.01585382858239335,0.10024934129401739,,-0.007172515460724589,-0.7323101486424377,,0.26389514744557074,0.017076637318222607,-0.2893000944369103,,0.13695983821119745,0.1620926276248726,1.4283927675860266,,-0.006889012841565282,-0.08738264032483495,0.9847300019437073,,,1.2578991526815442,-0.15718846389039254,-0.016737719293786445,,-0.4717782723397035,0.056345106036293426,,-0.01037664554569717,,-0.5398752071383188,0.09009353100920174,0.5540158666909734
2023-07-07,-0.006544472007424458,,0.031144095607996886,0.04224551439403723,-0.004529573073791953,-0.07682406070007339,,-1.146630876567004,-0.2719237473624074,,0.3138186323982055,0.14246614825091108,,-0.676598309879019,0.03839457771035176,-0.008542787782646171,,-0.2663980695245153,0.19860275698419116,0.1456298126183092,,0.011465945326024806,-2.2653186289563236,0.02542548395158531,,,-0.21589880178259557,-0.017366672305072436,-0.703478779371728,,1.609175587179363,-1.029726720263246,,-0.02355563935273214,,2.0765866041404992,-0.01632709467081211,0.02158688023789697
2023-07-14,-4.105238192278092,,0.3708540590814061,0.1982242083478601,-0.1106735101943402,-0.1621140748006641,,-2.0693694551614983,-0.42891790605441976,,-0.010402457334885555,-2.2050803556232443,,-0.7932679123482038,0.28930564272888765,0.8180509138379154,,0.504031700848067,0.19084165317871032,0.5980092399848195,,0.018361151127453373,-0.765825029834953,2.5189114365479486,,,-0.28837139583400967,-0.424193231921395,1.27599655606053,,0.02786599159073347,-0.7109237477194439,,-0.0057343044751905145,,-0.4914544886796975,-0.029489888545072698,-0.010479338871365089
2023-07-21,0.09639512650168791,,0.9860003698688828,0.007061132187985804,-0.0019535694814367087,-0.23190480913408523,,0.0502819867945085,-0.0031103304850324393,,-0.0003958147800140012,0.8582064539546921,,1.9189613106770285,0.12408806065532992,-0.202490621201331,,-0.9013358734279291,1.3935319624802698,0.2741807730485914,,0.10267389277851412,-0.27209698433229773,-1.1679022927305225,,,-0.2152708378610489,-0.16553311651340966,1.6026337563673994,,0.038147388777905855,-0.045968371383605884,,-0.014860933614794281,,0.361127832638278,0.1390696516643024,-0.005878040039148958
2023-07-28,0.5341444282916609,,-0.4600697853036384,0.1024759156528012,-0.012580261862666389,0.2249218734128001,,-0.024383007610151705,0.02695277251365038,,0.22135604657678126,0.6528482663393489,,-0.040688289704243256,0.9031955721686648,0.19330919135945135,,-0.3795337880514996,1.0405438967125393,-0.059666225123789475,,-0.0011081358461884627,-0.3260471059081534,0.3432051261165887,,,0.2385180682729007,0.6032846151092517,-1.0450665061719004,,-0.3796570107480433,-0.6333050131205635,,-0.0012841687426936458,,0.2036714089152648,0.109102392520424,-0.27299140459853727
2023-08-04,0.4277568457613321,,-0.2954810597033869,1.2554470949902234,-0.0003800888418643828,-0.0003889944169620657,,0.10509651863931196,0.03611214837540938,,-0.025942332580798047,-1.5615186856737036,,-0.20519652626505397,0.057567733156589314,-0.5435733360020234,,-0.06660556806950149,-0.07203853293899816,0.08439582926116508,,-1.0609551705462195,0.8131506311965799,-0.03994880552425423,,,-0.8063802930210024,-0.3181070254410253,0.04225455060077152,,0.10161571589329962,-0.9444989349091525,,-0.000769489175440267,,-3.277580314007096,0.047247514897526426,0.10703770883046992
2023-08-11,-0.35457081997715545,,-1.096394308480241,0.26756037383403053,-0.01924219934090543,0.6286425303196642,,0.03274247771945613,0.014499889488554615,,0.05728921773396817,-0.003652731072628848,,-0.013004093038280208,0.017708549205694472,0.23307475220135407,,0.14950971640230915,0.2920622783805749,0.05992762586869859,,0.006237589588991594,-2.7427993830176307,0.003478961624197474,,,1.325948787519161,-11.403421789604565,-2.1372370742001467,,0.009296435055390415,-0.008181476791220192,,-0.000768844507347653,,-1.1362591456911997,-0.030817577739144942,0.7118606105233696
2023-08-18,-0.058936481930236755,,-0.45938034012717155,-0.1514919957392246,-0.0009736627669598957,0.001108864182495194,,0.008855844575860366,0.0014026657601871263,,-0.0014237735114847254,-0.006662774749908512,,-0.7570826940833567,-0.010814568872288632,1.594329512919523,,0.1091150874779506,-0.4746215358863844,0.46159106963050694,,0.6859959564502917,1.156379484081447,0.4442115869600162,,,0.23516447296273885,0.5851760227280142,0.5518758633461307,,-1.4038634181600553,2.3723577562184643,,-0.0010312678282986413,,0.803198203249555,0.12706904378188202,0.006659059691243506
2023-08-25,7.746487963146547,,-0.9372183435681603,0.2814244495772906,-0.0024057734050971684,-0.13314320296447094,,0.10182281063466,0.8966962948464465,,0.006697705962175433,0.9880547864871793,,-0.1653135356719965,1.5950393089996928,0.7207643841529946,,0.06657877958537792,-1.3101411292739007,1.2781496123405787,,-0.671164302873062,0.5276525614507525,0.8936743383260431,,,-0.5864927484283425,-0.566094189957421,0.14162281682262434,,0.04232867072132428,1.0214154875712578,,-0.08213219159416692,,3.34415782790276,-0.7791432425926809,1.2068679351144442
2023-09-01,0.01634647030802939,,-0.3729730915837861,-0.06024141045708101,0.4943449976556439,0.0009300610353045353,,0.044079167031791856,-0.37413017501046486,,-0.0012941467264952588,-0.04712829100240142,,-1.0341356942824926,0.1148206356317876,-0.749030069383787,,-0.28329123691409763,-0.0835430381367353,-0.2823722984712882,,-0.6826097694550062,-0.008199101246792947,,,,0.3089046585230544,0.1503121547062768,-0.111934357862199,,-2.651959018125232,,,-0.0006654316216078778,,1.0366173463230495,-0.04491810316309178,-0.0024610832233912545
2023-09-08,-1.0826967939121999,,-0.6751400818945638,-0.050264723926523744,0.004315108776675368,0.04156190776699211,,0.002526697966461499,0.015151569075974355,,-0.04520766512514749,-0.08131418903354981,,0.07088529868362248,1.3024154908354315,-1.1015021282395265,0.008597038107682468,-0.05701495683526901,-1.1466781196402118,-0.3542433470432372,,0.3653992156145009,-0.8932669759880685,,,,0.2908440757634486,-0.08932956377025714,0.011541723038727643,,0.002149322032940629,,,-0.07238777607145724,,2.0143193350490716,-1.6648316387627173,0.022803807575222823
2023-09-15,0.41625027207892284,,-2.245382521556638,-0.8469018234112731,-0.0037108686704365418,-0.006239272248323114,,-0.06752413436174808,0.7019619592544496,,-1.1305366947112714,0.025585828670993033,,-1.0163237368833036,-0.0005030145221568139,-0.007887533577591529,0.015805075688025822,-0.018978492966888062,-0.5595660644313687,-0.2225453249361454,,-0.007192926842529028,-0.5972316156526536,,,,-0.35500250889011936,-0.9846550093167971,-0.16189441566407664,,0.04425335563759672,,,-0.033754535006432246,,0.08675025103611327,-0.09695189446562161,0.4051786036398084
2023-09-22,0.5038016923627178,,0.16918492328214318,0.07552875675097305,-0.0013996564935616967,0.6173920461909813,,-0.5896457333432485,0.03237546026157227,,-0.03986589407498498,0.4247031544717556,,0.09631973182754636,0.6764093192630936,-0.0024419779346416615,-0.21867461083139078,-0.04389342830994377,-0.17098342187919374,-0.012997450193566202,,-0.03729210302848305,0.858761760465673,,,,-0.004609483072759453,0.4090807430193934,71.78368294716405,,-0.13248268923084594,,,-0.005452061429128602,,-0.09439816751432262,-1.0852745759702882,-0.0178685808137675
2023-09-30,-0.0028311673363702597,,-0.1565221505147411,0.022526601865611354,-0.001593617846836525,0.0030326327234730505,,0.34739784128907086,0.09333121822169879,,-0.01968372366741384,0.031420602858159424,,1.128001719215897,0.006152411413459905,-0.025783721020490268,0.25894031853507316,1.9164999792093789,-1.0411410799404603,0.06422059613518807,,-0.02138604364004572,-0.7363845321697489,,,,-0.13078954582904834,0.0015097883057391612,1.8612641520429745,,-0.04992925846927378,,,0.005335030489687556,,1.4905628106573212,-0.32805437606627685,0.040422795353586144
2023-10-13,0.6351786777990204,,3.1794602659697646,0.08590920773959568,-0.011941970429726478,0.01931308017476681,,0.019500610977405568,0.07236278084482241,,-0.009384615045936968,-0.07722050272901096,,-0.35495017273882,0.04428688855926653,0.23770738792140228,0.03593580675653991,-0.1697151478157775,1.1274687325023927,0.19788402049184398,,0.010908612495040928,0.09344573871503586,,,,0.021831266038900524,-0.11743595150737704,-0.310160183935056,,0.024877981273484062,,,-0.004136480835091813,,-2.088433414562247,-1.104912909263692,0.002490789209862684
2023-10-20,-1.9349331339834528,,0.38491375952742674,0.02005751108335277,-0.5516632430345706,-0.1060004446966594,,-0.12041976094579163,-0.16027603025472148,,-0.0004818229992270346,-0.0022867091518019825,,-0.6529076398511731,0.05306020854420491,-0.08102130388218381,-0.1026505209905175,-0.0781134356716057,1.3636897509440782,-0.009708043921489832,,0.1451352914913597,-0.4891615084699146,,,,-0.7204301789416485,-0.08112532274926808,-9.531361087904925,,-1.7908337331694975,,,-0.9861803611762914,,-1.3568888948376756,-0.14341554608295384,0.02609701012063436
2023-10-27,0.040355226785259074,,0.18296168182092334,-0.003567698568525044,0.08399702993310118,-0.0632581686370187,,-0.6938884970109207,-3.256399522953939,,-0.27550157569883205,-0.006710411090461324,,0.020246447684203486,0.03717930679282773,0.09318300752876706,-0.006025175073492857,-0.00816445013172534,-0.10351450675395978,0.12369727841904557,,0.014766751624108704,-1.8659763303701111,,,,0.5893019827842618,-1.0913179964941608,-4.918737733010001,,1.0499287671507582,,,-0.06669670369458784,,-0.13438333952289752,0.306397771695716,-0.5765187080675551
2023-11-03,-0.02786736071713605,,0.26601298552474684,0.2552026771107438,0.09387271614136423,-0.040724112821712614,,1.62841495525257,0.011708405042177046,,0.13336031135758875,-0.006410982084254583,,0.10400375170264178,0.006129986037222502,0.042673598521663685,-0.06798532118695474,2.7324985737275496,0.42449778633676016,-0.11297922599339418,,0.028184449655847592,1.3958222120130157,,,,-0.21736664566221775,0.21924812884115702,1.22087853575355,,-0.2780342440219841,,,-0.0030388368612400507,,-3.008587742136012,-2.1136470372140166,-0.009276593600335186
2023-11-10,-0.01085305964194646,,0.3813488421687812,-0.9317350389270735,0.5465055292795098,-0.2968512183904499,,-0.683790464601509,-6.782652642501142,-0.035374171689191235,0.04628664418724367,-3.146202048304495,,-0.31184545226252114,0.1882362339303306,2.4248410195448917,0.0438699633618853,-0.03661431795564643,0.8067630483601205,0.20624782098663622,,0.0072064583294400505,1.6316707098547052,-0.12185503181036506,,-0.007064749872789453,0.9584665326177629,0.2073291262455067,0.1853691122374717,,0.059431668652503496,-0.4912000384572779,-0.07549841203172225,-1.4909344126673585,,1.4785682967431144,-0.12187994314151349,0.012375291822516676
2023-11-17,-0.6198653225724517,,0.6575987342117091,1.2283172423322688,0.04757209691957679,0.0015967664434475232,,-0.7259580192293718,-0.28587747550964104,0.039446423238342056,-0.00046112737300811515,0.6070374386015712,,-0.5303392863239083,0.006705013106393362,-0.6090031058270479,-0.0004357500828450229,0.09564422721239882,0.9231795847433396,2.2815156250037782,,0.03383013818259559,0.06427033990197745,0.19866915000383856,,-0.019814863452007874,-0.11945289018152004,0.1401139224397108,-4.471318143943123,,-1.1023852952695425,-0.1514892028583961,-0.10945508076329846,-0.002482453291493686,,-0.3575107474419142,0.010206489648558225,-1.936384078637651
2023-11-24,0.03073656787085302,,-1.3358962360785296,-0.21863366763077166,-0.06858957516345622,0.019832688629192678,,-0.3037754619979294,-5.188694897673866,0.10865818293638696,0.0038449725675221503,0.05580541299917961,,-0.0371223858490191,0.25779934049098097,-0.11706164973209915,-0.349838181358033,-0.9299062426925613,-1.095844336760709,0.09913034576794845,,-0.1636701516438514,-0.34906009262609505,0.7564779520465246,,-0.0038039414958285734,0.13979149237745384,0.06673878286977153,-0.2066541849267216,,0.8354599712762779,0.529323169602395,0.7893362089574409,0.018065280836560484,,0.24666175187258305,0.5904491520405983,0.0023885033785554077
2023-12-01,-1.1435491021785575,,-2.990331334434309,1.5112546936894402,-0.21262704840889926,0.006699248107611529,,-0.06326138345474086,0.8517502633469736,0.10379469723901208,-0.14060369707096088,-0.3490578640366596,,1.3099551641073846,0.020373161250295493,0.7971710517548765,1.6493993338319606,-2.037047015184024,-0.8709861692130003,0.3619369331577512,,-0.036693377038136826,0.8312813180968621,1.7111781452036234,,0.01631618093225209,0.37066694941713785,0.31640225845734465,3.2754995651971983,,-0.902685685115632,-0.11727368744560888,1.0958352959308162,1.2877836578460913,,-0.42309797035377117,-0.390816560991896,0.3852217168901588
2023-12-08,-0.008342705339459543,,-1.3339620386516746,-1.4914949791109886,-0.19763534561461893,-0.5010446776436706,,0.02084075353029979,-0.020902063474790344,0.0034954993391501216,0.013619715543901349,0.27963891187819684,,-0.44395151405046757,-0.099218437604034,-0.02692427798231745,0.019340915171471698,0.006003548605476795,1.858157136130998,0.2243987721875283,,-0.1321793870549366,1.6389757804058287,-0.06449921499474741,,0.007759949604821861,-0.7218210637047465,0.46618197139053996,-2.1074064533211656,,0.3293373534891788,0.6502379956825475,0.17620187026023812,0.8956849248922091,,-3.9639200729349247,0.0023411729501240644,-0.015479340901728943
2023-12-15,-0.13591808319289803,,-0.08166404583288515,0.8230226655216368,-0.4288233685765259,-0.09432944424112223,,-0.31822711228368217,0.12192475084309257,0.2959432391502983,-0.0009689133540653571,-0.00954627273938281,,-0.2882590354083677,0.07185857307926971,-0.017016130899008997,-0.7549816487596226,0.11189659868308309,-0.25323636315490883,0.009940295716767193,,0.9637795740420466,2.174500209369329,0.888444144572987,,0.01556525045213439,0.20527151958880158,0.4908829310993992,-0.220760248716816,,-0.6786773157810887,-0.6681593967095995,0.08922217094968955,-0.4469315663457564,,0.021732267016606827,-0.09244376697785989,0.019655700718392833
2023-12-22,0.26430202801053554,,-1.5066049007136488,0.012426872613866654,0.3522047805812818,0.007598618498084867,,0.0906670569783794,-1.6641952714159385,-0.010492363813747435,-0.025862470960684086,-0.3963368110337124,,-0.7347388764637204,0.007640708601580067,-0.7213096763911927,0.033780634629795275,-0.018730597660855903,0.7544604600001338,0.15888351907769782,,0.04256377036263587,-0.05172641457789583,-0.5014656867192958,,0.05424895086716674,-0.5025998019858643,0.47028368661866604,3.0275979675777593,,-0.035344507812084314,0.23563808585696155,2.660470152432717,0.22706207275575757,,-1.5263642537669673,-0.02423067400313361,0.0010624344159672855
2023-12-31,-0.5560667241869469,,-2.3878113127241445,-4.106021995866531,0.0012110670776404216,-0.26763674389533315,,0.010089617643099846,2.2061316144343524,0.9196663092503604,0.0003155534620228667,-0.25084252708285687,,-0.5635785217067919,1.2665644552372854,-0.07179915692630637,-0.6264146216905278,-0.025556378821009886,0.12412510159381915,0.3920761552811397,,0.4958318212110939,0.29468018170926535,-1.623564429449783,,0.03696724174624145,0.08799883137655908,-1.362490062996071,-1.5445391048339443,,-0.45080509408201686,-1.1782139753750924,0.12533399619007218,-0.0003613775411736348,,0.015760276497890895,-0.06468256976262292,0.5259948789771816
2024-01-05,-1.2665634515842563,,3.943226573826567,0.0725900908677654,-0.007132584712855296,0.0008565446985311434,,0.20313478703512725,-1.9025818441058209,0.01504141547710003,-0.0009082745509028621,-0.8070997746326857,,-0.7804131405185536,0.06430109471079436,-0.1042799452710842,-0.03274721432856535,-0.3965226915890705,0.4336059247057198,-2.766970080736847,,0.25395800840011773,0.055168313860947456,1.0605899040329403,,-0.00029646741955282295,0.14261737684956585,-1.8511551529049532,-0.30698294998772463,,-0.32105663164561193,0.9771146346841942,-3.0699310129162356,0.00747638489028693,,1.4063729133315592,-0.06246138491783834,3.3493189916985675
2024-01-12,-0.1235166479201731,,0.36932783180455164,2.543400311872181,0.08259437213294556,0.0007217323456148884,,-0.06064115248030452,-0.4460673803068782,0.001012807965666238,-0.0013216087297660123,0.14436335767305278,,0.7792881459461529,0.11169803479268449,-1.125014362219193,0.9341217575924697,-0.01257202153100307,0.24324581776777965,-2.958093393663021,,0.01925352577076891,0.09250998291012648,-0.7168657195865018,,-0.2385553873379729,0.020488519384455263,0.5997933627503083,-0.023802638150970938,,3.3156713925697647,-0.31113506700979776,0.5480972488677662,0.004117273462443809,,-0.14933684874834183,-0.46199714584908,0.005477621564384779
2024-01-19,-0.01539100301694004,,-5.286298896419632,4.059226781939384,-0.036121520851041734,-0.003803127768066776,,-0.9545972150442159,-0.16449877460228854,0.11846610276555036,2.101114583819197,-0.5142104416421197,,0.00615840000068927,0.030196941166290334,-0.8488635310603748,0.11013050845375061,-0.3080155974585765,-4.1732847870072565,-0.1240789691586022,,0.033841083579226,-0.2959995737024437,-0.010920218372926989,,0.13354495035293484,0.21486064917712486,1.7256331362414323,-0.7114808174309928,,2.469395668472181,0.33390915467353516,0.21632729347031027,0.0016357504059147255,,-0.8656218473392439,0.26169276613331294,-0.33540338628460203
2024-01-26,1.3779142572847507,,1.362713295811968,2.1148008078240492,-0.037903618459325814,-0.008945798167188847,,-0.54814326241801,0.2484431697935776,0.012410370991746099,-0.007538785498506297,0.04003534329949756,,0.6413205096249498,0.03358132237806276,-0.005781388560316399,0.00956818564360754,-0.01894514716825471,-0.6863112793065296,0.0076409483461794825,,0.0230439463751741,4.0201391223875,-0.2190396533870146,,-0.005468622337381483,-0.15108888019268882,1.2641300044299333,-5.746554719010434,,-0.48988548169727986,2.142518452402193,1.7202209858186703,0.028194765252472574,,0.5404308950172918,0.3726987411116719,0.0018518767251881048
2024-02-02,0.5060582828963138,,-2.0662642274784764,-1.0066965565071038,-0.17357954856058713,0.022225487810722127,,1.68597435934725,-0.013546253034913068,0.01319154566299941,-0.10951993476842461,2.723501629445354,,1.224425216617772,0.10310985903094413,-0.046460581609064786,0.4413196886071664,0.06947273424251527,0.35232043958308673,1.1480213764446976,,0.07044487262111898,-0.14139380485191316,1.0439875438959416,,0.01263775936090625,0.23010337560999566,0.22162650231558642,-0.16997872274955855,,0.3774668431040371,-0.11151777126669074,-0.4596640903827893,-0.0017331732868987105,,0.30510811757215656,0.0016801266515014811,0.11719623604557337
2024-02-08,0.032904410525958584,,1.313023638330839,0.1960084431580092,1.0238699956828596,-0.00041699492073235273,,-0.02454004807962385,-0.1425302683860889,0.026660048422257,-0.007793823709240829,0.4207722290882959,,-0.1719241998878519,0.4232039286864942,-0.3639077026394597,-0.0607417599004753,0.14633112946204652,1.7462269254489406,3.357132220619429,,0.008222241399806665,-1.0234602913692432,0.010923703697928056,,0.00012779488586687075,-0.17019335541702296,-1.1462217855536765,-0.4015034658637399,,0.08571001787890899,-0.8768002081648414,0.3314223256877882,-0.00046220960374852843,,2.52484770249732,-0.25657732773434166,-0.05343291250937938
2024-02-23,-0.5292216146919965,,-0.12025539219676645,-0.3370649949067109,-0.3298493588236261,0.0965264119809684,,-0.37550707692743407,-2.967164251274526,0.002249398038598532,-1.6495707154762957,0.013323109559512249,,-0.07033935437125764,0.22401275949716842,0.04736867688184884,-0.529244471131744,-0.05081530358770012,2.9246434257607916,0.40287140054604964,,0.005932129522543565,-2.7113271018296676,-0.08537651750605997,,0.00025082960757924304,0.2103585328508513,0.10455064324558686,0.2917929163342197,,-0.6715856592640848,-0.28968290107405664,0.016629794382971352,-0.0014101709418962581,,6.17459238567641,0.1705160936798053,0.052910057133724236
2024-03-01,0.7042265473207352,,0.7384973313122974,0.16656521860334625,-0.1759266250062062,0.007566273552552158,,0.1273238449530281,-0.11181041895239838,0.00459244181747646,-0.001383573818513444,-0.16644766943542652,,-0.7699731598374823,0.13513731153410088,0.6543369454908994,0.06378456122578577,-0.02625941083251202,0.34927488681395036,-0.3484626780397774,,-0.5509379508962446,-0.010978436709583752,0.31446260152366906,,-0.0032854370083699983,-0.20231603274639948,0.10421084855727347,0.11545848765112887,,0.5332464135441797,-0.2825026208387221,1.2737178849833288,0.0013184683358179465,,0.17178403897604505,1.6065878139832144,-0.7614417838444261
2024-03-08,0.2601838441431565,,0.09022024709152804,1.0779493067075518,0.9040603422040073,0.007064350513296936,,-0.0034387691292416906,-0.019491554504567712,0.2701291989437391,-0.0019748241994645382,0.021320971029785293,,0.6395964666888304,0.04881612198228427,-1.6295487814441068,0.017488434591421964,-0.19379058797656246,0.49421067403278973,0.9417614107686307,,0.43041452037734135,-3.902957788442882,0.3033480098061802,,0.00041288440400065365,0.1294587442739844,0.5504871279784962,-3.3681565615338345,,-0.23708679154049428,0.6582451983177053,0.7288534995344882,-0.0009115389934587413,,-0.38397235355490056,-0.07860541852521999,2.8004671830789617e-05
2024-03-15,-0.5552886153466001,,-0.25462709112219095,-0.6073361131014586,-0.014808780815314575,0.0004530386995992986,,-0.9187606743399661,-0.03976304203450521,0.000348955700853572,0.0471628258283251,0.16882198216832855,,1.1275217284651529,0.038283198804423435,0.14639644020479153,-0.9531388813149357,-0.6006622614452927,0.328451861631768,-0.6611042136918642,,0.7424776608806963,0.07220486646116447,-0.2569543627493577,,0.0001702368973518199,0.48253170200123346,-0.3421034001498035,0.05387027979259904,,1.2204871638323114,3.3035362538461244,0.12213843902630517,-0.0012874720605909288,,-0.08867415901819536,-0.05853329247796128,0.04725462382236422
2024-03-22,0.9726993200834808,,0.034791286130760934,2.86557983673938,-0.1116961810861026,-0.4402709207513896,,0.21390117519123758,1.8564198232596572,0.1255551715349962,-0.0007167360615693598,-0.10235281762437096,,2.5812379874812397,0.03864910348041036,0.785985741256185,0.1391716420774967,-1.3231548451209796,0.08923694504891949,-0.10061673660801679,,0.05169884613657438,-0.4140951842411298,-0.48284595157152854,,-0.180073317479608,-0.08289286528381441,-0.2330006045039601,0.3441797287427799,,0.3771905750677812,-1.3625082822473726,0.018015984237407637,-0.019584532385507333,,-0.03350651299766635,-0.8494395939263647,6.268130888283252e-05
2024-03-31,0.1696122305933418,,,-2.07499052087551,0.0030338104717161068,-0.049234225356908086,,0.046158131669978154,-0.3330283941267606,0.03074619056017873,-0.06536273164345166,-0.06649935362347287,,0.1983457169483948,0.34454612692673814,-0.17974261211572073,-0.1500585611191488,-0.6082212285360215,-0.4114462869729327,-2.702382012785481,,,-0.07124640549198342,-0.775140863709506,,0.002066899791142614,-0.8594057276803616,0.5763134023289668,0.5300398486403561,,0.18300893094447981,0.013958982941273203,0.2562499424197867,0.13263833824522714,,0.28894937210219274,-0.04925838854827766,
2024-04-03,0.07881376313452143,,,-0.24433214943697312,0.005756070370941815,0.3747918557389877,,0.10376192420167274,0.0323948923843978,0.39864523972255317,0.5228164480318878,0.014304951351126301,,0.3004929539516128,-0.01123651328491894,-0.07837074402006414,-0.022988149660167045,-0.3562638418546801,1.6639479547293101,-1.4414059178056666,,,-2.4376162193456765,-0.044921365443416114,,-0.6187994434284134,-0.05256492994106671,0.2618285813789186,-1.4208227407247775,,0.652953677548037,-1.0882950290120417,-0.21205742264713626,-0.02302149638787434,,0.30275170866198814,-0.0009871177420045219,
2024-04-12,2.7145026968617456,,,1.1918584751206671,-0.1758768891743773,0.0777050010940808,,-0.35458501771748846,0.8739991378534223,0.039669786503401985,-0.048975734156060366,-0.5436944352552772,,0.09850784153682879,9.223136447502153e-05,-0.09399786157731727,-0.002755240684109551,-0.006457466203441742,-1.0893744293253405,-0.10057775771696614,,,0.0864488316993477,-0.07831732955712531,,0.07875241851725003,0.47133592212409364,-1.2991555394403518,0.030267044055992273,,0.044393155151797634,-0.030091838519098434,0.012634521952653905,-0.10997251349198961,,0.7024472399280894,-0.001742599605191896,
2024-04-19,-1.2568225438901572,,,0.9884446745396467,0.07154253669863563,-0.008365877850455077,,-0.13394892720598395,0.02606800285689928,0.004257864818344246,0.001028283349311426,-0.0012852113349428916,,1.2543704159528701,0.005092363797532234,0.18905566369899032,-0.0020542608125953448,-0.009991771257199002,0.0995575169854349,-0.34629916641135294,,,-0.7057708982979346,0.1904145295813804,,0.007716773350499224,-0.037032529631308514,1.0839344011350895,-0.750058927557908,,-0.00451971443463994,-0.0044261190964662855,0.12446647567395075,0.012281064982813783,,1.867758518888511,0.2655236183777003,
2024-04-26,1.4288551711959567,,,1.7103155418079836,2.7600298417152988e-05,0.08360289660794246,,0.008974051665994014,-0.016468360267541313,-0.024304186764735745,0.0009008180435878892,1.2411723520296858,,0.35886094710955646,0.03248270796457469,-1.6859821029215643,-0.011773002597706077,-0.017826588055486193,3.900265782100469,0.07418295760832551,,,-1.5014533926352693,0.4023158354043321,,0.11565772857965267,-0.0032435571604032126,1.422922222454702,-0.18390482634140784,,0.1784795212073458,1.1336669731443567,0.035181390071838015,0.02753017148980625,,0.718245520816699,0.00523150417453892,
2024-04-30,0.0653272959287807,,,-0.2670668534019722,-0.28089306457649205,0.0007899967321216233,,-0.1920085754778598,-0.22916457988801314,-0.017577447747908266,-0.002958058874999892,0.01027849796787855,,-0.5263014646787345,-0.00239612113983496,-0.22771281549870775,-0.2142753856796326,0.042419769449650646,0.15713710587666116,-1.3491470510899757,,,0.9555475953155589,0.6901974738075892,,-0.008902139186829248,0.0891307200620639,0.4184447092636827,-1.4617523275101914,,0.14582675748559892,2.309500561259066,-0.10313533101720432,-0.0016235525158101109,,0.707938172372044,0.05728083833726678,
2024-05-10,0.010453081950671732,,,0.16765019059769126,-0.26341018321764414,0.0005031719266579164,,-0.07533957858266505,-2.289797406229563,0.05996767404832218,-0.0852746659871636,-1.9196447247566952,,-0.06899624180228882,0.007443649156860278,-0.18347255938998214,-0.011129798575200332,0.019559954992431672,3.3132007392192113,0.9788602082664583,,,1.8952587806005228,-0.05772586584418961,,0.2920200232226823,0.6113774877766287,-0.4510610003004196,-1.8340052486619363,,0.41184562349895465,0.12760404135098785,0.084356945958677,-0.5560085653553544,,-0.3540469724983745,0.014740134025531712,
2024-05-17,-1.0129851303688866,,,-0.28217890272362495,0.1290768147531689,0.8841051557907396,,2.0492458999105194,1.4134386619499997,0.029567232318069778,-0.008670147997820033,0.02020934710205425,,-0.2788854028535391,-0.09905019638233542,0.0011628645603687948,0.09917038958149688,-0.06940017565623796,-4.024762383607214,3.0197104279183793,,,-0.7545160728320455,-0.01686199184891101,,0.05486978952786945,0.8634197410948682,0.5777045611100259,0.27709158730327677,,-0.5425237219252834,0.4826994369639411,-0.06631774780369719,-0.030285563581467306,,-0.02316257917243487,-0.20989567692830816,
2024-05-24,-0.02014679923627623,,,-0.007001055137740301,-0.10460984131366297,0.0004020241637566902,,1.9575805174700207,0.09855419892545542,0.005791300810535425,0.0004516123227063087,-0.04176738123272783,,0.11259306758890289,0.0199746137251607,0.029351565332275408,-0.8943979820024421,-0.01265788534601627,-0.1157831001015613,0.2603555879047195,,,-1.023153248772646,1.014798826786491,,0.1805823401924137,0.15196645214361384,-0.17630542162303317,0.2788937113034864,,-0.2412799965726855,-0.9056352588816112,0.016385050609062212,-0.015614868952877848,,-0.2857552462826356,-0.0629518473164598,
2024-05-31,0.5892032286784371,,,-6.459934717174015,-0.6707057568729599,0.04588262341186785,,-0.6038588297728559,0.23391495168034285,0.27439027423621415,0.008828720814445874,0.357009545482195,-0.005091754994361165,0.5609849347596584,-0.11190721122892301,0.11232484094826031,-0.005600310396093468,-0.8836476651227836,-2.763803221288082,-1.2656350640946874,,,0.18029676453734553,0.041225957373698836,0.03938892232060624,0.11403275884440782,-0.358950565343112,-1.17951515220245,0.8767363056476902,0.044566742578454964,-2.5428260750448817,-0.14721636439724523,0.0758831454101134,-0.18920377355596102,,-0.10894435201991008,-0.38315055075264337,0.0018618546114201068
2024-06-07,-0.07648607029394205,,,0.6252676261033736,-0.11134170851726394,-0.1693432924965121,,0.04955760370621362,3.877725968667518,0.164718942653481,0.0006393398739268343,0.03088442891391182,0.00014625316077044307,-0.09698451826132003,0.08785171502148006,-0.2149355738481486,-0.0022935614341212268,-0.02445642426911486,-0.18666082630524244,0.05458687308218502,,,1.5380427583682006,-1.1414690617377041,-0.0048824359215017335,1.0309553388327015,0.4240377849754845,-1.4249068237274938,0.6974338018527053,-0.018700417754138304,1.0198884128882029,0.40796455412314014,0.3822526666936327,-0.0019157124016294215,,-1.137776450981103,0.015546422834984346,-0.0266201291534446
2024-06-14,1.3815417258213505,,,0.5423593081543866,0.06036947288846156,0.0007747975893673717,,-1.9004324234466117,-0.09600426760493529,-0.25339901470611076,0.00040654347953151046,0.07511697052755766,0.003948732466794723,-0.5232237606892409,-1.134835672637819,0.08063976073136021,-0.6504117136579376,1.1128864143207444,-0.19739685644036267,-0.01613224873708876,,,0.9185798480152875,-0.2645515683923461,0.25441538717352574,0.01253345017662376,0.25567107904173414,0.05822749165806465,1.027834234999176,-0.0011381372148812333,-0.01631807128368672,0.35158343452444996,1.6798717656858642,-0.00039045958896882224,,-2.041737971687863,-0.010485645873969548,0.04438302285851651
2024-06-21,-0.26686814037294154,,,-0.3962343204675759,-0.1012005264479004,-0.011618563554192659,,0.18679930397480587,0.17545567168254161,0.08321456849071361,0.0007071540981497222,-0.009540397507731923,-0.011984607093900881,-0.6134257538195818,0.018497702626999294,0.28911529320286933,0.23200856554605803,-0.7678356825843253,-1.162869667741528,-0.29739769308487135,,,2.3016757031162944,-3.0605161331189823,-0.23721536019654413,0.0005234431451859788,-0.08520521750621968,-0.030183552871252406,0.2199913156588583,-0.00046048079019725673,-0.05523692594483178,-4.492910020862622,0.9274827361284385,0.019216632363325083,,3.475487299323792,0.027968094375855648,0.3283079363865315
2024-06-30,-0.11658434035018873,,,-0.6495235248947352,-0.003283758658155944,0.0002492841187933836,,-0.13914365032967171,-0.2150851915512779,0.19279521436488803,-0.3544828117561911,0.004267772444133474,0.02949544134568171,-0.5070934486686178,0.013452683329167289,0.12359954469749204,-0.23691456027664787,-0.12984423774968323,0.47312285878824567,0.301437592231785,,,0.758914236106436,1.7916586918710813,0.019609869668896978,0.00019422479674557986,0.20568439022431323,-0.36601215539331144,-0.4399476212031698,0.37905143588191165,-0.6219255205476958,-5.244312215779191,1.2715599178421926,0.06419265679765823,,-0.19630778817836256,1.492186946739682,0.03386286307019359
2024-07-05,0.4041399841516985,,,0.2760187663710199,-0.055724121217964356,0.00042349652258878907,,0.12587295788934455,-0.0154253792745685,0.010149160849264083,-0.051936733457793205,-0.029271887265911414,0.029377112027103296,-0.04690161376371221,0.3262622767137596,-1.0140005329739614,0.2263306466275476,2.739626623811393,0.8061754454441169,0.05928976491286405,,,-0.32236816713266975,-1.0188338141065918,0.07087475159985986,0.014495506657748063,-0.332023114053258,-0.300248270595292,-2.251887255364178,-0.3856373821868737,1.4797684457508922,-0.05753574406799755,9.202004807218113,0.006275122874103589,,0.8367539006408341,-0.001886110407431046,0.0027069289076227902
2024-07-12,-2.9732780703197164,,,-2.5923410154487807,0.17934689975479395,0.019132056616160874,,-0.729568093438878,-0.055854671681673934,-1.2954405173933499,-0.0005745675461700864,0.008275337877437254,0.0003554547300032779,-0.043524823526257035,-0.13697265370651143,-3.312029248131589,-0.02845072315402272,0.22174139935567722,-1.1471804037441622,0.04059330322928384,,,0.015873148786213157,-1.5702591841200997,-0.014786046228883845,-0.04858057317865007,-0.1335062795972018,0.1559624775770576,-0.5724565428597929,0.11653514948522324,-1.5184922359160238,0.24326715199242324,5.207097710416777,0.0272579375851646,,1.7742571196101453,0.111854731427323,0.001877245132374824
2024-07-19,-1.781828380235317,,,-0.2636224021666218,1.8263760281992747,0.0005235326237470084,,0.08960746542050899,-0.020441813868348587,0.26274010990066954,-0.021453271347388,0.37148831133193416,0.011378287984754537,0.026039287559832307,0.047550186160640884,-0.9466748279355048,-0.21262157252036065,0.152063842307045,-0.040483770533347646,-0.08349727018307462,,,-1.1910103596760928,-0.9721264494577354,-0.02336026301883619,0.18744064766119978,-0.053074177761898725,0.5201430293051801,-3.0381824988292774,0.024921959569056108,-0.5214164892063257,-0.011651102698503567,0.7063576515344006,-0.0008146313907601404,,0.09776411445496667,-0.08572812940166705,0.02048119686554559
2024-07-26,1.700046562496734,,,-2.7675023690450633,-0.8707836315098608,0.0004004616607994549,,-0.006452774062488387,-0.12779676427278625,0.06578595529716223,-0.632280567827691,-0.029696885854435473,0.015604470199265414,0.01161518667296664,0.03515623657222688,0.06214024582708563,0.6205942410071977,0.015249986874757464,-0.9561766531227966,-0.08875148523532335,,,1.4913707231409161,-0.44400796120101693,-0.0057679199852318196,0.0002073364357630808,0.052533752313672785,-0.12863755492179865,0.5634016410598834,0.00860541144746542,0.24812532307424423,-5.083825993891083,0.8074987561681077,-0.1092398590043839,,-0.46570290341880133,-0.07698923041612306,0.0146767333853835
2024-08-02,0.19457148869222674,,,-0.4095358518113214,-0.02170406048939189,0.0005562026420275203,,-1.254854803633859,-0.03025733779524209,0.007841730507121399,0.001385739503966236,0.6897122894443047,0.3239439371484181,0.1362593661519031,-0.06773090884062949,-0.19573887587058963,-0.1414035535058764,0.21471618612767834,2.1566677656079665,1.8741096853363404,,,0.10360011400629499,-0.3255714877744921,-1.0675824682597557,0.000523437513102206,0.513548171190008,-1.4364966978344142,-0.8879751152836223,0.0031847244181009682,-0.20665774211540916,0.5521955597234216,2.794004771885605,-0.0008641997008499362,,-0.32227954254444746,-0.2523529436955001,0.010013213750951051
2024-08-09,0.10426031094543069,,,-0.2597904319724029,0.24900117382039677,-0.01678192696001424,,-2.1828248802491266,-0.48553708415602914,-0.0027952655908962953,-0.032090155169251885,-0.0003128764346103192,-0.03207071468013009,-1.7446693891218032,-0.03502710335751978,-0.14296821061435067,2.0675185591873078,2.1343222961991017,-1.6014229255170158,3.420466071397909,,,-0.026318652781678862,0.7999104247394927,-0.11836620600439596,-0.04276554231688644,1.7465623717670549,-1.2888093611452878,-3.110280065188734,0.08857717138895319,-0.320974746201279,22.05345934571718,3.5254346790313815,0.14710831446345324,,-0.09517613307075051,-0.48172037270956336,0.0015334603743224846
2024-08-16,1.4849265433339998,,,-0.04010146761307704,0.03980242841513108,-0.005798338714812815,,0.0531759210932224,-1.6231178268192352,0.06754441286509189,-0.03470897050497004,0.006539503240584442,6.069161620399155e-05,-1.726867228234827,-0.5077497401697306,0.12847905573432747,-0.02402720912998008,0.18058072050221716,3.083437473676473,1.1903418675983495,,,-0.12236609597019386,1.1532075170627338,-0.0903862672136011,0.0002414941412777392,0.5685679653897111,0.05418506018065663,0.7248273738623686,-0.01729090267028636,-0.37774465347739533,-0.8838729634419837,0.6374808793950586,0.03772324421635061,,0.32050905052263395,0.01656085448686701,0.006487087060993574
2024-08-23,0.5422735864427993,,,1.1376073883068232,-0.27786710709756895,0.00011983636282788866,,0.016277060083594745,-0.7095803295657429,-1.292035105384787,-0.007072787493707005,-0.0067004965120158674,-0.04272816877015922,0.3968146113574152,-0.12832041462752078,-0.5372727959848962,0.6690874269926033,0.005467828562954209,0.37289365834378074,0.7222904451129754,,,-1.4945495470064023,-0.20917287061408404,-1.2179140668430315,0.0003632021117438474,1.0710266408863878,-0.3937482004900107,-0.26464549357100936,0.19532584090864974,0.0799293742553913,0.004159516064409747,-14.159821171540155,0.026529162398819583,,-0.5197296055667846,-0.3176414089452992,0.02247185735348841
2024-08-30,1.0857898809026694,,,-0.09275487662417711,0.007951767315263206,,,-0.4097483730146613,-0.06576945299613789,0.046956041825549466,0.0006499462181892739,-0.005026268096404192,,-0.7223844885017421,-0.08198643089983332,0.0032061107409720345,0.052452261073329426,-0.044966671293718036,-0.11421214034403114,0.13827301540044978,,,0.12215079753025102,-3.0035222329512457,-0.22279994815632267,,-0.003952156287433249,-0.007866434285425942,-0.03705295586941326,-0.18923905971534788,-0.2988050369592293,-0.980246667728003,0.1139266714404766,-0.597343920385606,,-0.007369100268026261,0.09007704521553746,1.3770954631165704
2024-09-06,-0.7964332823764604,,,-0.4265055708421568,1.6110389458043752,,,0.06631136205500889,-0.0014963769755575384,0.0006338473807588401,-0.004937951413363277,-0.010072507817347733,,-3.641466376850915,0.2735556891039427,2.903637039321035,0.029396785505032573,1.5515790927550832,1.5717112176059913,0.9461718608627487,,,-9.63022230105085,1.0233041889854229,-0.08004985043054555,,0.15270205954596466,-3.570477309466923,-0.05607847751007983,-0.9895384040264548,0.026233860813303388,0.3207377147110534,-0.09172113906161242,-0.0013494392010043315,,-0.004732581442305797,0.001364673987398988,-0.03901919988770075
2024-09-13,-0.024888849509375553,,,0.17968577035299968,-0.3554432350829357,,,0.22132792203623933,-0.0026871278907099356,-0.005298485034503295,0.0011947604743499792,-0.006754010799282144,,-0.18451933744729165,0.009603175220773218,2.635506641778098,-0.1185102712983686,0.03107559033886611,0.26547833275969407,-0.06376737329273904,,,11.134024112849486,-1.993240530322322,-0.4531319941575058,,-0.010042231925883023,-0.012034260011562836,0.2518985715386714,-0.020275022028931007,-0.46276221349704805,0.16508263938355514,1.0350702623268913,-0.17538770292003134,,-0.120741038324696,0.0018207131772987422,-0.006555065131240939
2024-09-20,0.07244705707146812,,,-0.5368117649340535,-0.07430436212656526,,,-0.26415107245791264,-0.011077272877942326,-0.050818261701522906,0.0001645895891761895,-0.27208476199378917,,-0.17701308133009197,-0.1452473766244631,0.04923376804271961,-0.04929408599991492,0.036722710252845625,0.3226238447138002,0.11633323773289109,,,-1.6098576670305726,0.3992322820040026,1.1970255767293614,,-1.3478149648162097,-1.4544647735670468,0.04556193630856038,-0.013491165986467171,-0.09964143920031054,1.6715337335535674,1.3552939364165317,-0.0209220891362948,,0.16129974288456175,0.0519241428337283,0.02766299852606954
2024-09-27,0.01221647035211984,,,-3.6038145614755672,-0.0040646509233817725,,,0.020652783437099198,-0.021289547558646597,0.4455273814775339,0.0004419337122617867,-0.020094094713405557,,-0.3997796909359265,0.725068836112356,-0.018538149412935738,-0.117874075314199,0.036492415576945526,-0.3667268535071775,0.34178176715316294,,,-2.2296613663032763,-1.749896142686203,-0.2845279314442548,,-0.013465135674913477,-0.35517399051421616,0.018948373313633957,-0.42383966166363485,-0.36689290306795136,0.7135188332856304,-0.03249766720593758,-0.0007136824438398566,,-0.0149216275936872,0.01851902241404102,0.2207364964718507
2024-09-30,-0.03525192809989614,,,2.396114476116833,-0.10616264842922196,,,0.003993827974314209,2.6184856140513504,0.21482842353253903,-0.005109670739432243,-0.13484844777643265,,-0.8043340543841506,0.5058170102672903,-0.6021794081019894,-0.13635241674142265,0.33745018724355774,-0.19775643905411666,-0.5501019516437686,,,0.5476117498199937,1.1157914888742433,1.1632437243965779,,-0.2335193342688533,-0.04869767725827264,2.3661086133485374,-0.013817299162147478,-0.2618292283291561,0.01656006093153517,-0.20209764795826496,0.027442586937260607,,-0.4608600755771362,0.0177906037406339,-0.007332489633374224
2024-10-11,-0.1966219285279411,,,-0.4063202597172956,-0.0203211692094249,,,-0.0629078409582217,-0.017946279291261143,0.004361757836273532,0.0007751882913280989,-0.010018328184405317,,-0.026514190260272037,0.06784714513929904,0.10577589921393458,0.01160980889447387,0.5412253466734722,0.17067100358419965,-0.5324199773183292,,,0.45496094357877187,2.256636714408247,-0.3930309746887309,,0.07403420745125142,3.8148187496367862,1.4682901130830097,-0.8612659251457426,0.3326096685804429,-0.5688628430063283,0.45921772294358987,-0.5368653409279752,,-0.2979251064477944,0.5001879770209334,-0.8658260143090218
2024-10-18,0.3817262582355136,,,0.4953920022177577,0.03038903432418837,,,0.6783114103183779,-0.11643450860697654,0.0013167885001610347,0.04385399942140211,-0.01952253361114764,,0.02817654262185197,-0.3641832521552764,0.24113430748098194,0.04903460615792081,0.010529208562225573,1.7826172898967214,0.04656772036559494,,,0.08985063489572152,-0.229479873361857,-0.2764559705948664,,-0.04433989078549841,4.415115212998534,0.2065011749787814,0.41947136584410877,-0.020131572019346646,-2.0457402400633127,0.12343506924873866,-0.004335808987551102,,-0.018095324820976574,-0.01471238868324349,-0.1449702544116538
2024-10-25,-0.11735439534988362,,,-0.04252988630917928,-0.008639308698209296,,,-0.03412213303952843,-0.29303722697734425,-0.3308944790629617,0.0017153100436653316,-0.17897959951931158,,-0.2218082244385287,0.2015705756043913,-0.014461586449136954,-0.01346062462112435,-3.2721136186739264,0.2889053651875117,-5.6342301798884815,,,1.7657907415836365,-1.4165177002131313,-1.4362023799636814,,0.6625556548280258,-1.0416092731783697,-0.009222540976820454,-0.11093507184118086,0.04263138368958713,0.031975812787349296,0.09463580550995074,-0.8806591652329001,,-0.4110301022035865,0.0016390871801052127,0.06033734763592895
2024-11-01,0.05540504074021861,,,-1.0543841993838157,-0.07813746860794507,,-0.015281849521808567,0.005663529989671125,-0.022782180129941113,-0.0023057756084315026,0.0031187778365404538,-1.1292045988397497,,-0.3784521627953392,0.5340889218770217,0.08611109656081986,0.048959703907742645,0.05602769790492334,0.21229830227373472,0.478775121510103,,0.02772241292664073,-5.085245714756042,1.2316979388658904,0.3471273676687504,,0.02790889925713545,0.6120631568465591,0.2691729551628628,0.022948802974133944,-0.23454304687671915,0.3514140239051862,-3.256314241382597,-0.00041092736126720274,,-0.16699069573603584,0.12024225618372376,-0.0855442941692875
2024-11-08,-1.4089437806109901,,,-0.046307468642194816,-0.009932465803068934,,0.01296156471539055,-0.11365953630701058,0.0334764026184462,0.001703304908663832,0.0017180138468208103,0.05272437850626866,,-0.6000730001620116,-0.009186128435063414,-0.7236037273689949,-0.011878536978547325,0.18178626950149632,-0.15009709048355302,-3.7352455731331133,,-21.768191430209107,-0.6118961530880582,11.003671460917337,-0.521056839388403,,-0.02258236495555227,0.4275142316500945,0.35571209555226385,-0.017744241170559026,-0.08627458492844742,-0.13545917957212905,-1.1873423797099432,-0.024286121612750313,,-0.5729443150061052,0.028661632167168057,-0.04121529896187698
2024-11-15,0.04539763595709817,,,0.0467712740652436,-0.028561038935418573,,0.16963576958002985,0.03182742410829782,0.006861758243115759,0.8956010819943068,0.001134291234405293,0.08203708259252572,,0.2229449312226104,0.05296014927922679,0.005225639982511762,-0.13913272491649353,0.0426150845876567,-0.03053882596370399,0.06562439805932778,,0.6277525674162153,-2.0911270092385945,1.0255112221286555,0.060141517576960374,,-0.41433920119009116,-0.05877263601160798,-0.004953139158981229,-3.6761009841887615,-0.645793081665645,0.2753785965579268,0.12109020752345832,-0.0012868659897072707,,0.07792549678460803,0.006539320374036907,0.005391628394972149
2024-11-22,-2.368990016765369,,,-0.6029427787268504,-0.13598960893907952,,0.09722968509118485,1.669820920804481,-0.06574235840309268,-0.01139113178316363,0.1684026024192567,1.24616108385242,,-0.048723507548258244,0.22537988953934138,-0.17849841257768312,-0.07820431343855724,0.2631849014649229,-0.5474834521356201,0.1595450280102994,,0.04251953247681636,-0.8293891723508633,-0.4168655079931076,-0.01790984678803248,,0.12818547793488802,-0.015245118873554744,0.04838696837471587,0.0006650972708489335,-0.09076308750363726,0.2467965182845801,1.4411694430149276,-0.11565913822608842,,0.02793527259451556,-0.013964368210693353,0.3528866568795779
2024-11-29,1.0631354122247252,,,-0.02377472802932909,-0.01900456192759681,,1.0433921638713115,0.31324161887791446,-0.045767058959400524,0.0035555126164402372,-0.007670892634575905,-0.4084619851775271,,-0.670744788661223,-0.03682773469805272,1.1179927797582336,0.14495347530048205,-0.12920979160004042,0.12880792813779243,0.8147378852303969,,1.5163504584905594,-0.8785592499814626,1.5049320612208437,-0.005261149295140198,,0.47047079993995333,-0.3910876978830152,-0.0052957393614713804,-0.0682585942880731,-0.029326104118195168,-0.17530311085225064,-0.045343229118771436,-0.016099518377668334,,0.45318320492205016,-0.2590894065210797,0.0038153477707171426
2024-12-06,-0.6478892154709991,,,0.019982055687539257,0.19804371819875455,,0.017555804168463647,-0.029819041378016244,-0.1814709602466118,-0.03357313912547702,0.000658612408444798,-0.07051348807530411,,-0.7761118757938271,0.006054328438061205,-0.0037854272229270666,-0.00950330621678646,-0.029426486886889064,0.3963566477985891,0.7145812831946675,,0.1021805227733952,1.1821492241582663,1.9789146975966507,0.13976012248991038,,-0.008934119544332795,-1.758977850899106,-4.395214860955634,-0.2365028126626035,1.9667542954184185,3.061957695550695,-0.20663870350289149,0.23493358952790622,,0.027884970633541895,-0.009786809595535295,-0.6091932000345339
2024-12-13,0.32959468477485326,,,-1.0174997152827245,0.022884410550078692,,0.013087471816220263,-0.12097163981612105,-0.002466698591948072,0.1824064818382547,0.4067891848171374,-0.009304182206419076,,0.4863688967615053,0.0013670547002971308,-0.005852658785789148,0.17418054040403838,-0.24466819345397042,-0.9000406398494731,0.016855669223853856,,0.025733262599038215,-3.351589253012563,0.04412336201486322,-0.24162313316330644,,-0.3292755795194168,4.27233345237281,0.007591631868829033,0.36408778672635667,0.894202233976691,-0.19788137307144776,-1.044830630703648,-0.0008978397887886977,,0.06417627502294779,0.02346804247948152,-1.6282906242200883
2024-12-20,-0.9718524687710549,,,3.05532786581078,-2.518603925647949,,0.03778761634807272,0.3366994582708568,-0.02306089325395533,0.012600816227001255,0.0021922848549536344,-0.03572235812875503,,0.30020190906558136,-0.11473757128446496,-0.984072868520108,-0.005579774267144973,0.3082546979459511,0.37308691768520463,-1.1387994077210675,,1.1262664276214485,0.8453200712630479,2.3247101583044767,-0.10001042454496173,,0.0165819628396544,0.1271009560306636,-0.049959270107590846,0.017801529607254975,1.1191594311463227,0.8042440116559952,4.014798990260528,-0.18331085644337108,,0.03445601941007065,0.0025910167712897545,-1.156228822053395
2024-12-27,-1.3125723847968707,,,-0.41094173345958845,0.016028402738213536,,0.09959684248077719,0.01038276254675468,-0.12733561772181307,0.0034815169038474605,0.0004912118852953603,-1.1505445899570053,,1.1880102635332734,-0.028356557247492697,-0.2878904159847437,-0.1958226036509735,0.6283410519515376,0.49662737607991025,-0.11093539174276518,,4.485093885138553,1.2152612585593505,0.05702194077890069,-0.08370078170853988,,-0.1764613967215471,0.7975019684250293,-0.216300884670442,-0.3707961474188318,0.04638862336514042,-8.05564994911096,0.5013486048958276,-0.0008910266345249864,,-0.009631026151193194,0.007762269657171836,0.14605911711629235
